pair_id,pair_type,state_i,state_j,coarse_i,coarse_j,fine_i,fine_j,same_param_group,ego_speed_diff,d0_mean,d1_mean,d1_validonly,feasibility_agree,n_valid_actions
block_cont_r7__block_nec_r10,same_matched,block_cont_r7,block_nec_r10,block_or_occupancy,block_or_occupancy,block_cont,block_nec,0,1.0,0.352595,0.264747,0.264747,1.0,8
block_nec_r3__temp_opt_r11,same_matched,block_nec_r3,temp_opt_r11,block_or_occupancy,block_or_occupancy,block_nec,temp_opt,0,0.0,0.126456,0.125109,0.125109,1.0,8
lead_cont_r12__lead_opt_r10,same_matched,lead_cont_r12,lead_opt_r10,lead,lead,lead_cont,lead_opt,0,0.0,0.371988,0.286442,0.286442,1.0,8
cross_clear_r9__cross_stall_r10,same_matched,cross_clear_r9,cross_stall_r10,cross,cross,cross_clear,cross_stall,0,1.0,0.228355,0.199908,0.199908,1.0,8
lead_cont_r4__lead_nec_r8,same_matched,lead_cont_r4,lead_nec_r8,lead,lead,lead_cont,lead_nec,0,2.0,0.312355,0.267965,0.267965,1.0,8
block_cont_r1__temp_opt_r5,same_matched,block_cont_r1,temp_opt_r5,block_or_occupancy,block_or_occupancy,block_cont,temp_opt,0,1.0,0.397989,0.321495,0.321495,1.0,8
lead_cont_r2__lead_nec_r3,same_matched,lead_cont_r2,lead_nec_r3,lead,lead,lead_cont,lead_nec,0,1.0,0.355347,0.28459,0.28459,1.0,8
block_cont_r1__block_nec_r3,same_matched,block_cont_r1,block_nec_r3,block_or_occupancy,block_or_occupancy,block_cont,block_nec,0,1.0,0.315958,0.221705,0.221705,1.0,8
cross_clear_r9__cross_stall_r1,same_matched,cross_clear_r9,cross_stall_r1,cross,cross,cross_clear,cross_stall,0,2.0,0.223719,0.198009,0.198009,1.0,8
block_cont_r10__temp_opt_r3,same_matched,block_cont_r10,temp_opt_r3,block_or_occupancy,block_or_occupancy,block_cont,temp_opt,0,1.0,0.371215,0.305713,0.305713,1.0,8
cross_clear_r5__cross_stall_occ_r7,same_matched,cross_clear_r5,cross_stall_occ_r7,cross,cross,cross_clear,cross_stall_occ,0,1.0,0.305561,0.204383,0.204383,1.0,8
cross_stall_occ_r4__cross_stall_r4,same_matched,cross_stall_occ_r4,cross_stall_r4,cross,cross,cross_stall_occ,cross_stall,0,0.0,0.291448,0.258151,0.258151,1.0,8
lead_cont_r10__lead_cont_r7,same_matched,lead_cont_r10,lead_cont_r7,lead,lead,lead_cont,lead_cont,0,1.0,0.054001,0.033834,0.033834,1.0,8
cross_clear_r7__cross_stall_r3,same_matched,cross_clear_r7,cross_stall_r3,cross,cross,cross_clear,cross_stall,0,0.0,0.101055,0.0552,0.0552,1.0,8
block_cont_r1__block_cont_r7,same_matched,block_cont_r1,block_cont_r7,block_or_occupancy,block_or_occupancy,block_cont,block_cont,0,2.0,0.038336,0.013969,0.013969,1.0,8
block_nec_r11__block_nec_r3,same_matched,block_nec_r11,block_nec_r3,block_or_occupancy,block_or_occupancy,block_nec,block_nec,0,1.0,0.06748,0.071548,0.071548,1.0,8
lead_cont_r11__lead_cont_r6,same_matched,lead_cont_r11,lead_cont_r6,lead,lead,lead_cont,lead_cont,0,1.0,0.067834,0.035769,0.035769,1.0,8
cross_clear_r7__cross_stall_r4,same_matched,cross_clear_r7,cross_stall_r4,cross,cross,cross_clear,cross_stall,0,0.0,0.089496,0.044319,0.044319,1.0,8
cross_clear_r2__cross_clear_r6,same_matched,cross_clear_r2,cross_clear_r6,cross,cross,cross_clear,cross_clear,0,1.0,0.119695,0.098816,0.098816,1.0,8
cross_stall_occ_r10__cross_stall_occ_r8,same_matched,cross_stall_occ_r10,cross_stall_occ_r8,cross,cross,cross_stall_occ,cross_stall_occ,0,1.0,0.056998,0.02575,0.02575,1.0,8
cross_stall_occ_r3__cross_stall_occ_r8,same_matched,cross_stall_occ_r3,cross_stall_occ_r8,cross,cross,cross_stall_occ,cross_stall_occ,0,1.0,0.068504,0.032454,0.032454,1.0,8
block_nec_r5__block_nec_r9,same_matched,block_nec_r5,block_nec_r9,block_or_occupancy,block_or_occupancy,block_nec,block_nec,0,1.0,0.05801,0.027351,0.027351,1.0,8
cross_stall_occ_r2__cross_stall_occ_r6,same_matched,cross_stall_occ_r2,cross_stall_occ_r6,cross,cross,cross_stall_occ,cross_stall_occ,0,2.0,0.064357,0.039027,0.039027,1.0,8
block_nec_r6__temp_opt_r5,same_matched,block_nec_r6,temp_opt_r5,block_or_occupancy,block_or_occupancy,block_nec,temp_opt,0,1.0,0.073855,0.092271,0.092271,1.0,8
lead_cont_r7__lead_nec_r3,same_matched,lead_cont_r7,lead_nec_r3,lead,lead,lead_cont,lead_nec,0,1.0,0.365795,0.284767,0.284767,1.0,8
block_cont_r10__temp_opt_r6,same_matched,block_cont_r10,temp_opt_r6,block_or_occupancy,block_or_occupancy,block_cont,temp_opt,0,0.0,0.361418,0.302266,0.302266,1.0,8
lead_cont_r11__lead_nec_r2,same_matched,lead_cont_r11,lead_nec_r2,lead,lead,lead_cont,lead_nec,0,1.0,0.335212,0.280931,0.280931,1.0,8
block_cont_r12__block_nec_r3,same_matched,block_cont_r12,block_nec_r3,block_or_occupancy,block_or_occupancy,block_cont,block_nec,0,1.0,0.354625,0.239969,0.239969,1.0,8
block_cont_r6__block_nec_r12,same_matched,block_cont_r6,block_nec_r12,block_or_occupancy,block_or_occupancy,block_cont,block_nec,0,2.0,0.375955,0.290638,0.290638,1.0,8
cross_stall_occ_r1__cross_stall_r3,same_matched,cross_stall_occ_r1,cross_stall_r3,cross,cross,cross_stall_occ,cross_stall,0,1.0,0.351776,0.278403,0.278403,1.0,8
lead_cont_r1__lead_opt_r12,same_matched,lead_cont_r1,lead_opt_r12,lead,lead,lead_cont,lead_opt,0,1.0,0.365059,0.29029,0.29029,1.0,8
block_cont_r3__block_nec_r9,same_matched,block_cont_r3,block_nec_r9,block_or_occupancy,block_or_occupancy,block_cont,block_nec,0,2.0,0.325545,0.20393,0.20393,1.0,8
cross_stall_occ_r7__cross_stall_r11,same_matched,cross_stall_occ_r7,cross_stall_r11,cross,cross,cross_stall_occ,cross_stall,0,2.0,0.358575,0.263827,0.263827,1.0,8
lead_cont_r2__lead_opt_r10,same_matched,lead_cont_r2,lead_opt_r10,lead,lead,lead_cont,lead_opt,0,2.0,0.361712,0.28629,0.28629,1.0,8
lead_cont_r7__lead_opt_r7,same_matched,lead_cont_r7,lead_opt_r7,lead,lead,lead_cont,lead_opt,0,1.0,0.37231,0.28205,0.28205,1.0,8
lead_cont_r6__lead_nec_r8,same_matched,lead_cont_r6,lead_nec_r8,lead,lead,lead_cont,lead_nec,0,1.0,0.349829,0.278999,0.278999,1.0,8
temp_opt_r10__temp_opt_r12,same_matched,temp_opt_r10,temp_opt_r12,block_or_occupancy,block_or_occupancy,temp_opt,temp_opt,0,2.0,0.066734,0.069162,0.069162,1.0,8
block_nec_r6__temp_opt_r10,same_matched,block_nec_r6,temp_opt_r10,block_or_occupancy,block_or_occupancy,block_nec,temp_opt,0,2.0,0.11593,0.109332,0.109332,1.0,8
cross_clear_r7__cross_stall_r11,same_matched,cross_clear_r7,cross_stall_r11,cross,cross,cross_clear,cross_stall,0,1.0,0.118495,0.08068,0.08068,1.0,8
cross_clear_r7__cross_stall_r3,same_matched,cross_clear_r7,cross_stall_r3,cross,cross,cross_clear,cross_stall,0,0.0,0.101055,0.0552,0.0552,1.0,8
cross_clear_r7__cross_stall_r1,same_matched,cross_clear_r7,cross_stall_r1,cross,cross,cross_clear,cross_stall,0,1.0,0.090856,0.044084,0.044084,1.0,8
cross_clear_r2__cross_clear_r6,same_matched,cross_clear_r2,cross_clear_r6,cross,cross,cross_clear,cross_clear,0,1.0,0.119695,0.098816,0.098816,1.0,8
cross_clear_r11__cross_stall_r12,same_matched,cross_clear_r11,cross_stall_r12,cross,cross,cross_clear,cross_stall,0,0.0,0.142029,0.112638,0.112638,1.0,8
block_nec_r8__temp_opt_r12,same_matched,block_nec_r8,temp_opt_r12,block_or_occupancy,block_or_occupancy,block_nec,temp_opt,0,1.0,0.099543,0.093723,0.093723,1.0,8
block_nec_r6__temp_opt_r10,same_matched,block_nec_r6,temp_opt_r10,block_or_occupancy,block_or_occupancy,block_nec,temp_opt,0,2.0,0.11593,0.109332,0.109332,1.0,8
cross_clear_r7__cross_stall_r3,same_matched,cross_clear_r7,cross_stall_r3,cross,cross,cross_clear,cross_stall,0,0.0,0.101055,0.0552,0.0552,1.0,8
block_nec_r6__temp_opt_r10,same_matched,block_nec_r6,temp_opt_r10,block_or_occupancy,block_or_occupancy,block_nec,temp_opt,0,2.0,0.11593,0.109332,0.109332,1.0,8
block_nec_r1__temp_opt_r2,same_matched,block_nec_r1,temp_opt_r2,block_or_occupancy,block_or_occupancy,block_nec,temp_opt,0,0.0,0.110548,0.100163,0.100163,1.0,8
lead_cont_r7__lead_opt_r8,same_matched,lead_cont_r7,lead_opt_r8,lead,lead,lead_cont,lead_opt,0,1.0,0.383724,0.28392,0.28392,1.0,8
block_cont_r2__temp_opt_r6,same_matched,block_cont_r2,temp_opt_r6,block_or_occupancy,block_or_occupancy,block_cont,temp_opt,0,1.0,0.392251,0.311069,0.311069,1.0,8
block_cont_r4__temp_opt_r10,same_matched,block_cont_r4,temp_opt_r10,block_or_occupancy,block_or_occupancy,block_cont,temp_opt,0,1.0,0.388017,0.315637,0.315637,1.0,8
block_cont_r9__temp_opt_r10,same_matched,block_cont_r9,temp_opt_r10,block_or_occupancy,block_or_occupancy,block_cont,temp_opt,0,3.0,0.405467,0.337325,0.337325,1.0,8
block_cont_r11__temp_opt_r7,same_matched,block_cont_r11,temp_opt_r7,block_or_occupancy,block_or_occupancy,block_cont,temp_opt,0,0.0,0.407802,0.292635,0.292635,1.0,8
block_cont_r10__temp_opt_r2,same_matched,block_cont_r10,temp_opt_r2,block_or_occupancy,block_or_occupancy,block_cont,temp_opt,0,1.0,0.391344,0.315037,0.315037,1.0,8
block_cont_r3__temp_opt_r5,same_matched,block_cont_r3,temp_opt_r5,block_or_occupancy,block_or_occupancy,block_cont,temp_opt,0,0.0,0.403661,0.322486,0.322486,1.0,8
block_cont_r4__temp_opt_r10,same_matched,block_cont_r4,temp_opt_r10,block_or_occupancy,block_or_occupancy,block_cont,temp_opt,0,1.0,0.388017,0.315637,0.315637,1.0,8
block_cont_r12__temp_opt_r2,same_matched,block_cont_r12,temp_opt_r2,block_or_occupancy,block_or_occupancy,block_cont,temp_opt,0,0.0,0.409041,0.315872,0.315872,1.0,8
block_cont_r9__temp_opt_r10,same_matched,block_cont_r9,temp_opt_r10,block_or_occupancy,block_or_occupancy,block_cont,temp_opt,0,3.0,0.405467,0.337325,0.337325,1.0,8
block_cont_r10__temp_opt_r2,same_matched,block_cont_r10,temp_opt_r2,block_or_occupancy,block_or_occupancy,block_cont,temp_opt,0,1.0,0.391344,0.315037,0.315037,1.0,8
block_cont_r9__temp_opt_r11,same_matched,block_cont_r9,temp_opt_r11,block_or_occupancy,block_or_occupancy,block_cont,temp_opt,0,2.0,0.396517,0.334059,0.334059,1.0,8
block_cont_r1__temp_opt_r6,same_matched,block_cont_r1,temp_opt_r6,block_or_occupancy,block_or_occupancy,block_cont,temp_opt,0,1.0,0.397414,0.321557,0.321557,1.0,8
lead_cont_r7__lead_opt_r8,same_matched,lead_cont_r7,lead_opt_r8,lead,lead,lead_cont,lead_opt,0,1.0,0.383724,0.28392,0.28392,1.0,8
block_cont_r5__temp_opt_r3,same_matched,block_cont_r5,temp_opt_r3,block_or_occupancy,block_or_occupancy,block_cont,temp_opt,0,2.0,0.422555,0.338092,0.338092,1.0,8
block_cont_r5__temp_opt_r7,same_matched,block_cont_r5,temp_opt_r7,block_or_occupancy,block_or_occupancy,block_cont,temp_opt,0,0.0,0.412135,0.280274,0.280274,1.0,8
block_cont_r5__temp_opt_r5,same_matched,block_cont_r5,temp_opt_r5,block_or_occupancy,block_or_occupancy,block_cont,temp_opt,0,1.0,0.413332,0.334583,0.334583,1.0,8
block_cont_r4__temp_opt_r10,same_matched,block_cont_r4,temp_opt_r10,block_or_occupancy,block_or_occupancy,block_cont,temp_opt,0,1.0,0.388017,0.315637,0.315637,1.0,8
block_cont_r5__temp_opt_r7,same_matched,block_cont_r5,temp_opt_r7,block_or_occupancy,block_or_occupancy,block_cont,temp_opt,0,0.0,0.412135,0.280274,0.280274,1.0,8
block_cont_r8__temp_opt_r9,same_matched,block_cont_r8,temp_opt_r9,block_or_occupancy,block_or_occupancy,block_cont,temp_opt,0,1.0,0.381542,0.313833,0.313833,1.0,8
block_cont_r6__temp_opt_r12,same_matched,block_cont_r6,temp_opt_r12,block_or_occupancy,block_or_occupancy,block_cont,temp_opt,0,0.0,0.393452,0.27372,0.27372,1.0,8
lead_cont_r7__lead_opt_r8,same_matched,lead_cont_r7,lead_opt_r8,lead,lead,lead_cont,lead_opt,0,1.0,0.383724,0.28392,0.28392,1.0,8
lead_cont_r7__lead_opt_r10,same_matched,lead_cont_r7,lead_opt_r10,lead,lead,lead_cont,lead_opt,0,0.0,0.372161,0.286467,0.286467,1.0,8
block_cont_r8__temp_opt_r9,same_matched,block_cont_r8,temp_opt_r9,block_or_occupancy,block_or_occupancy,block_cont,temp_opt,0,1.0,0.381542,0.313833,0.313833,1.0,8
lead_cont_r10__lead_nec_r11,same_matched,lead_cont_r10,lead_nec_r11,lead,lead,lead_cont,lead_nec,0,2.0,0.314841,0.262729,0.262729,1.0,8
cross_clear_r3__cross_clear_r5,same_matched,cross_clear_r3,cross_clear_r5,cross,cross,cross_clear,cross_clear,0,1.0,0.132301,0.121,0.121,1.0,8
lead_cont_r11__lead_nec_r10,same_matched,lead_cont_r11,lead_nec_r10,lead,lead,lead_cont,lead_nec,0,2.0,0.320519,0.271764,0.271764,1.0,8
block_nec_r11__temp_opt_r4,same_matched,block_nec_r11,temp_opt_r4,block_or_occupancy,block_or_occupancy,block_nec,temp_opt,0,1.0,0.18213,0.183738,0.183738,1.0,8
block_cont_r4__block_nec_r3,same_matched,block_cont_r4,block_nec_r3,block_or_occupancy,block_or_occupancy,block_cont,block_nec,0,0.0,0.282836,0.213412,0.213412,1.0,8
block_cont_r8__block_nec_r2,same_matched,block_cont_r8,block_nec_r2,block_or_occupancy,block_or_occupancy,block_cont,block_nec,0,3.0,0.361879,0.28848,0.28848,1.0,8
cross_stall_occ_r5__cross_stall_r12,same_matched,cross_stall_occ_r5,cross_stall_r12,cross,cross,cross_stall_occ,cross_stall,0,0.0,0.319241,0.259828,0.259828,1.0,8
cross_clear_r5__cross_stall_occ_r6,same_matched,cross_clear_r5,cross_stall_occ_r6,cross,cross,cross_clear,cross_stall_occ,0,1.0,0.278033,0.199854,0.199854,1.0,8
block_nec_r8__temp_opt_r10,same_matched,block_nec_r8,temp_opt_r10,block_or_occupancy,block_or_occupancy,block_nec,temp_opt,0,3.0,0.166277,0.162886,0.162886,1.0,8
lead_cont_r6__lead_nec_r7,same_matched,lead_cont_r6,lead_nec_r7,lead,lead,lead_cont,lead_nec,0,0.0,0.335385,0.270193,0.270193,1.0,8
cross_clear_r8__cross_stall_occ_r5,same_matched,cross_clear_r8,cross_stall_occ_r5,cross,cross,cross_clear,cross_stall_occ,0,1.0,0.269938,0.23786,0.23786,1.0,8
cross_clear_r10__cross_stall_r6,same_matched,cross_clear_r10,cross_stall_r6,cross,cross,cross_clear,cross_stall,0,0.0,0.254676,0.209154,0.209154,1.0,8
block_cont_r4__block_cont_r7,same_matched,block_cont_r4,block_cont_r7,block_or_occupancy,block_or_occupancy,block_cont,block_cont,0,1.0,0.071487,0.032618,0.032618,1.0,8
cross_stall_occ_r11__cross_stall_occ_r9,same_matched,cross_stall_occ_r11,cross_stall_occ_r9,cross,cross,cross_stall_occ,cross_stall_occ,0,1.0,0.035505,0.026772,0.026772,1.0,8
block_cont_r10__block_cont_r7,same_matched,block_cont_r10,block_cont_r7,block_or_occupancy,block_or_occupancy,block_cont,block_cont,0,1.0,0.044876,0.023272,0.023272,1.0,8
cross_stall_occ_r12__cross_stall_occ_r4,same_matched,cross_stall_occ_r12,cross_stall_occ_r4,cross,cross,cross_stall_occ,cross_stall_occ,0,1.0,0.065298,0.043276,0.043276,1.0,8
cross_clear_r4__cross_stall_r3,same_matched,cross_clear_r4,cross_stall_r3,cross,cross,cross_clear,cross_stall,0,1.0,0.085051,0.047291,0.047291,1.0,8
lead_nec_r7__lead_opt_r9,same_matched,lead_nec_r7,lead_opt_r9,lead,lead,lead_nec,lead_opt,0,1.0,0.024037,0.010931,0.010931,1.0,8
cross_clear_r3__cross_stall_r10,same_matched,cross_clear_r3,cross_stall_r10,cross,cross,cross_clear,cross_stall,0,1.0,0.059787,0.034385,0.034385,1.0,8
lead_cont_r1__lead_cont_r3,same_matched,lead_cont_r1,lead_cont_r3,lead,lead,lead_cont,lead_cont,0,1.0,0.053168,0.021591,0.021591,1.0,8
lead_cont_r2__lead_cont_r3,same_matched,lead_cont_r2,lead_cont_r3,lead,lead,lead_cont,lead_cont,0,1.0,0.064759,0.029262,0.029262,1.0,8
cross_clear_r2__cross_stall_r2,same_matched,cross_clear_r2,cross_stall_r2,cross,cross,cross_clear,cross_stall,0,0.0,0.071361,0.034852,0.034852,1.0,8
cross_clear_r1__cross_clear_r4,same_matched,cross_clear_r1,cross_clear_r4,cross,cross,cross_clear,cross_clear,0,0.0,0.082,0.02952,0.02952,1.0,8
lead_opt_r2__lead_opt_r5,same_matched,lead_opt_r2,lead_opt_r5,lead,lead,lead_opt,lead_opt,0,2.0,0.031768,0.019813,0.019813,1.0,8
cross_stall_occ_r9__cross_stall_r12,same_matched,cross_stall_occ_r9,cross_stall_r12,cross,cross,cross_stall_occ,cross_stall,0,1.0,0.329919,0.263354,0.263354,1.0,8
cross_stall_occ_r10__cross_stall_r7,same_matched,cross_stall_occ_r10,cross_stall_r7,cross,cross,cross_stall_occ,cross_stall,0,1.0,0.325303,0.273191,0.273191,1.0,8
lead_cont_r8__lead_nec_r5,same_matched,lead_cont_r8,lead_nec_r5,lead,lead,lead_cont,lead_nec,0,1.0,0.313354,0.262,0.262,1.0,8
lead_cont_r8__lead_nec_r1,same_matched,lead_cont_r8,lead_nec_r1,lead,lead,lead_cont,lead_nec,0,3.0,0.31863,0.264291,0.264291,1.0,8
lead_cont_r9__lead_nec_r5,same_matched,lead_cont_r9,lead_nec_r5,lead,lead,lead_cont,lead_nec,0,1.0,0.340062,0.278283,0.278283,1.0,8
cross_stall_occ_r6__cross_stall_r3,same_matched,cross_stall_occ_r6,cross_stall_r3,cross,cross,cross_stall_occ,cross_stall,0,1.0,0.315848,0.256142,0.256142,1.0,8
lead_cont_r5__lead_nec_r1,same_matched,lead_cont_r5,lead_nec_r1,lead,lead,lead_cont,lead_nec,0,2.0,0.32914,0.267071,0.267071,1.0,8
cross_stall_occ_r4__cross_stall_r7,same_matched,cross_stall_occ_r4,cross_stall_r7,cross,cross,cross_stall_occ,cross_stall,0,1.0,0.294804,0.259043,0.259043,1.0,8
block_cont_r4__temp_opt_r12,same_matched,block_cont_r4,temp_opt_r12,block_or_occupancy,block_or_occupancy,block_cont,temp_opt,0,1.0,0.32261,0.250134,0.250134,1.0,8
lead_cont_r3__lead_opt_r9,same_matched,lead_cont_r3,lead_opt_r9,lead,lead,lead_cont,lead_opt,0,0.0,0.325694,0.273285,0.273285,1.0,8
lead_cont_r9__lead_nec_r10,same_matched,lead_cont_r9,lead_nec_r10,lead,lead,lead_cont,lead_nec,0,0.0,0.336231,0.277119,0.277119,1.0,8
lead_cont_r8__lead_nec_r3,same_matched,lead_cont_r8,lead_nec_r3,lead,lead,lead_cont,lead_nec,0,2.0,0.313744,0.26281,0.26281,1.0,8
block_nec_r12__temp_opt_r10,same_matched,block_nec_r12,temp_opt_r10,block_or_occupancy,block_or_occupancy,block_nec,temp_opt,0,0.0,0.084231,0.052245,0.052245,1.0,8
block_nec_r12__block_nec_r5,same_matched,block_nec_r12,block_nec_r5,block_or_occupancy,block_or_occupancy,block_nec,block_nec,0,2.0,0.095178,0.113274,0.113274,1.0,8
temp_opt_r12__temp_opt_r7,same_matched,temp_opt_r12,temp_opt_r7,block_or_occupancy,block_or_occupancy,temp_opt,temp_opt,0,0.0,0.052357,0.039834,0.039834,1.0,8
block_nec_r4__temp_opt_r10,same_matched,block_nec_r4,temp_opt_r10,block_or_occupancy,block_or_occupancy,block_nec,temp_opt,0,1.0,0.104363,0.086457,0.086457,1.0,8
block_nec_r6__temp_opt_r1,same_matched,block_nec_r6,temp_opt_r1,block_or_occupancy,block_or_occupancy,block_nec,temp_opt,0,2.0,0.107962,0.106756,0.106756,1.0,8
lead_cont_r2__lead_cont_r5,same_matched,lead_cont_r2,lead_cont_r5,lead,lead,lead_cont,lead_cont,0,2.0,0.054207,0.030984,0.030984,1.0,8
temp_opt_r10__temp_opt_r9,same_matched,temp_opt_r10,temp_opt_r9,block_or_occupancy,block_or_occupancy,temp_opt,temp_opt,0,2.0,0.077676,0.042159,0.042159,1.0,8
cross_clear_r2__cross_stall_r11,same_matched,cross_clear_r2,cross_stall_r11,cross,cross,cross_clear,cross_stall,0,2.0,0.0975,0.067908,0.067908,1.0,8
block_nec_r11__block_nec_r12,same_matched,block_nec_r11,block_nec_r12,block_or_occupancy,block_or_occupancy,block_nec,block_nec,0,2.0,0.118656,0.147678,0.147678,1.0,8
block_nec_r4__temp_opt_r10,same_matched,block_nec_r4,temp_opt_r10,block_or_occupancy,block_or_occupancy,block_nec,temp_opt,0,1.0,0.104363,0.086457,0.086457,1.0,8
cross_clear_r1__cross_stall_r5,same_matched,cross_clear_r1,cross_stall_r5,cross,cross,cross_clear,cross_stall,0,2.0,0.094653,0.057564,0.057564,1.0,8
cross_clear_r4__cross_stall_r3,same_matched,cross_clear_r4,cross_stall_r3,cross,cross,cross_clear,cross_stall,0,1.0,0.085051,0.047291,0.047291,1.0,8
lead_cont_r9__lead_opt_r2,same_matched,lead_cont_r9,lead_opt_r2,lead,lead,lead_cont,lead_opt,0,3.0,0.348197,0.288133,0.288133,1.0,8
lead_cont_r9__lead_opt_r8,same_matched,lead_cont_r9,lead_opt_r8,lead,lead,lead_cont,lead_opt,0,0.0,0.356102,0.276925,0.276925,1.0,8
block_cont_r7__block_nec_r10,same_matched,block_cont_r7,block_nec_r10,block_or_occupancy,block_or_occupancy,block_cont,block_nec,0,1.0,0.352595,0.264747,0.264747,1.0,8
block_cont_r7__temp_opt_r9,same_matched,block_cont_r7,temp_opt_r9,block_or_occupancy,block_or_occupancy,block_cont,temp_opt,0,0.0,0.369377,0.291523,0.291523,1.0,8
lead_cont_r12__lead_opt_r10,same_matched,lead_cont_r12,lead_opt_r10,lead,lead,lead_cont,lead_opt,0,0.0,0.371988,0.286442,0.286442,1.0,8
cross_stall_occ_r1__cross_stall_r12,same_matched,cross_stall_occ_r1,cross_stall_r12,cross,cross,cross_stall_occ,cross_stall,0,2.0,0.354037,0.279754,0.279754,1.0,8
lead_cont_r12__lead_nec_r11,same_matched,lead_cont_r12,lead_nec_r11,lead,lead,lead_cont,lead_nec,0,1.0,0.367468,0.285772,0.285772,1.0,8
cross_clear_r1__cross_stall_occ_r11,same_matched,cross_clear_r1,cross_stall_occ_r11,cross,cross,cross_clear,cross_stall_occ,0,2.0,0.351952,0.293375,0.293375,1.0,8
lead_cont_r2__lead_opt_r8,same_matched,lead_cont_r2,lead_opt_r8,lead,lead,lead_cont,lead_opt,0,3.0,0.373275,0.283743,0.283743,1.0,8
block_cont_r12__temp_opt_r12,same_matched,block_cont_r12,temp_opt_r12,block_or_occupancy,block_or_occupancy,block_cont,temp_opt,0,2.0,0.370182,0.264214,0.264214,1.0,8
block_cont_r12__block_nec_r1,same_matched,block_cont_r12,block_nec_r1,block_or_occupancy,block_or_occupancy,block_cont,block_nec,0,0.0,0.355471,0.252622,0.252622,1.0,8
cross_stall_occ_r2__cross_stall_r7,same_matched,cross_stall_occ_r2,cross_stall_r7,cross,cross,cross_stall_occ,cross_stall,0,0.0,0.360787,0.286497,0.286497,1.0,8
cross_stall_occ_r2__cross_stall_r10,same_matched,cross_stall_occ_r2,cross_stall_r10,cross,cross,cross_stall_occ,cross_stall,0,1.0,0.361131,0.287709,0.287709,1.0,8
cross_stall_occ_r9__cross_stall_r2,same_matched,cross_stall_occ_r9,cross_stall_r2,cross,cross,cross_stall_occ,cross_stall,0,1.0,0.347515,0.281237,0.281237,1.0,8
block_cont_r4__temp_opt_r10,same_matched,block_cont_r4,temp_opt_r10,block_or_occupancy,block_or_occupancy,block_cont,temp_opt,0,1.0,0.388017,0.315637,0.315637,1.0,8
block_cont_r4__temp_opt_r2,same_matched,block_cont_r4,temp_opt_r2,block_or_occupancy,block_or_occupancy,block_cont,temp_opt,0,1.0,0.375294,0.31141,0.31141,1.0,8
block_cont_r5__temp_opt_r9,same_matched,block_cont_r5,temp_opt_r9,block_or_occupancy,block_or_occupancy,block_cont,temp_opt,0,0.0,0.37773,0.309484,0.309484,1.0,8
block_cont_r12__block_nec_r2,same_matched,block_cont_r12,block_nec_r2,block_or_occupancy,block_or_occupancy,block_cont,block_nec,0,0.0,0.350628,0.268523,0.268523,1.0,8
block_cont_r4__temp_opt_r2,same_matched,block_cont_r4,temp_opt_r2,block_or_occupancy,block_or_occupancy,block_cont,temp_opt,0,1.0,0.375294,0.31141,0.31141,1.0,8
lead_cont_r2__lead_opt_r4,same_matched,lead_cont_r2,lead_opt_r4,lead,lead,lead_cont,lead_opt,0,1.0,0.345767,0.279095,0.279095,1.0,8
block_cont_r7__block_nec_r9,same_matched,block_cont_r7,block_nec_r9,block_or_occupancy,block_or_occupancy,block_cont,block_nec,0,1.0,0.357806,0.222736,0.222736,1.0,8
cross_stall_occ_r9__cross_stall_r2,same_matched,cross_stall_occ_r9,cross_stall_r2,cross,cross,cross_stall_occ,cross_stall,0,1.0,0.347515,0.281237,0.281237,1.0,8
lead_cont_r9__lead_nec_r10,same_matched,lead_cont_r9,lead_nec_r10,lead,lead,lead_cont,lead_nec,0,0.0,0.336231,0.277119,0.277119,1.0,8
block_cont_r4__temp_opt_r5,same_matched,block_cont_r4,temp_opt_r5,block_or_occupancy,block_or_occupancy,block_cont,temp_opt,0,0.0,0.345942,0.298576,0.298576,1.0,8
block_cont_r9__temp_opt_r5,same_matched,block_cont_r9,temp_opt_r5,block_or_occupancy,block_or_occupancy,block_cont,temp_opt,0,2.0,0.363392,0.320264,0.320264,1.0,8
block_nec_r3__temp_opt_r2,same_matched,block_nec_r3,temp_opt_r2,block_or_occupancy,block_or_occupancy,block_nec,temp_opt,0,1.0,0.122683,0.124148,0.124148,1.0,8
block_cont_r8__temp_opt_r9,same_matched,block_cont_r8,temp_opt_r9,block_or_occupancy,block_or_occupancy,block_cont,temp_opt,0,1.0,0.381542,0.313833,0.313833,1.0,8
cross_clear_r9__cross_stall_r9,same_matched,cross_clear_r9,cross_stall_r9,cross,cross,cross_clear,cross_stall,0,1.0,0.239944,0.211083,0.211083,1.0,8
lead_cont_r11__lead_opt_r3,same_matched,lead_cont_r11,lead_opt_r3,lead,lead,lead_cont,lead_opt,0,0.0,0.323351,0.273744,0.273744,1.0,8
block_cont_r11__temp_opt_r5,same_matched,block_cont_r11,temp_opt_r5,block_or_occupancy,block_or_occupancy,block_cont,temp_opt,0,1.0,0.408999,0.346944,0.346944,1.0,8
lead_cont_r7__lead_nec_r3,same_matched,lead_cont_r7,lead_nec_r3,lead,lead,lead_cont,lead_nec,0,1.0,0.365795,0.284767,0.284767,1.0,8
cross_clear_r11__cross_stall_occ_r5,same_matched,cross_clear_r11,cross_stall_occ_r5,cross,cross,cross_clear,cross_stall_occ,0,0.0,0.324432,0.23678,0.23678,1.0,8
cross_clear_r10__cross_stall_r11,same_matched,cross_clear_r10,cross_stall_r11,cross,cross,cross_clear,cross_stall,0,0.0,0.233733,0.167744,0.167744,1.0,8
block_cont_r6__temp_opt_r9,same_matched,block_cont_r6,temp_opt_r9,block_or_occupancy,block_or_occupancy,block_cont,temp_opt,0,0.0,0.382509,0.300723,0.300723,1.0,8
cross_clear_r1__cross_stall_occ_r7,same_matched,cross_clear_r1,cross_stall_occ_r7,cross,cross,cross_clear,cross_stall_occ,0,0.0,0.316409,0.272057,0.272057,1.0,8
cross_stall_occ_r5__cross_stall_r5,same_matched,cross_stall_occ_r5,cross_stall_r5,cross,cross,cross_stall_occ,cross_stall,0,0.0,0.301861,0.233426,0.233426,1.0,8
block_cont_r11__block_cont_r4,same_matched,block_cont_r11,block_cont_r4,block_or_occupancy,block_or_occupancy,block_cont,block_cont,0,1.0,0.09044,0.065529,0.065529,1.0,8
cross_clear_r1__cross_clear_r12,same_matched,cross_clear_r1,cross_clear_r12,cross,cross,cross_clear,cross_clear,0,2.0,0.136659,0.099436,0.099436,1.0,8
block_cont_r11__block_cont_r7,same_matched,block_cont_r11,block_cont_r7,block_or_occupancy,block_or_occupancy,block_cont,block_cont,0,0.0,0.073579,0.043025,0.043025,1.0,8
block_nec_r4__temp_opt_r2,same_matched,block_nec_r4,temp_opt_r2,block_or_occupancy,block_or_occupancy,block_nec,temp_opt,0,1.0,0.09164,0.08223,0.08223,1.0,8
block_nec_r4__temp_opt_r10,same_matched,block_nec_r4,temp_opt_r10,block_or_occupancy,block_or_occupancy,block_nec,temp_opt,0,1.0,0.104363,0.086457,0.086457,1.0,8
block_nec_r11__temp_opt_r9,same_matched,block_nec_r11,temp_opt_r9,block_or_occupancy,block_or_occupancy,block_nec,temp_opt,0,0.0,0.12521,0.157763,0.157763,1.0,8
cross_clear_r12__cross_stall_r10,same_matched,cross_clear_r12,cross_stall_r10,cross,cross,cross_clear,cross_stall,0,1.0,0.148383,0.102673,0.102673,1.0,8
cross_clear_r3__cross_stall_r11,same_matched,cross_clear_r3,cross_stall_r11,cross,cross,cross_clear,cross_stall,0,2.0,0.084678,0.073042,0.073042,1.0,8
cross_clear_r1__cross_stall_r5,same_matched,cross_clear_r1,cross_stall_r5,cross,cross,cross_clear,cross_stall,0,2.0,0.094653,0.057564,0.057564,1.0,8
block_cont_r11__block_cont_r4,same_matched,block_cont_r11,block_cont_r4,block_or_occupancy,block_or_occupancy,block_cont,block_cont,0,1.0,0.09044,0.065529,0.065529,1.0,8
block_nec_r9__temp_opt_r4,same_matched,block_nec_r9,temp_opt_r4,block_or_occupancy,block_or_occupancy,block_nec,temp_opt,0,2.0,0.100642,0.121995,0.121995,1.0,8
block_nec_r9__temp_opt_r2,same_matched,block_nec_r9,temp_opt_r2,block_or_occupancy,block_or_occupancy,block_nec,temp_opt,0,3.0,0.108675,0.133952,0.133952,1.0,8
lead_cont_r1__lead_opt_r11,same_matched,lead_cont_r1,lead_opt_r11,lead,lead,lead_cont,lead_opt,0,0.0,0.377087,0.296723,0.296723,1.0,8
lead_cont_r7__lead_opt_r7,same_matched,lead_cont_r7,lead_opt_r7,lead,lead,lead_cont,lead_opt,0,1.0,0.37231,0.28205,0.28205,1.0,8
block_cont_r4__temp_opt_r5,same_matched,block_cont_r4,temp_opt_r5,block_or_occupancy,block_or_occupancy,block_cont,temp_opt,0,0.0,0.345942,0.298576,0.298576,1.0,8
lead_cont_r12__lead_nec_r3,same_matched,lead_cont_r12,lead_nec_r3,lead,lead,lead_cont,lead_nec,0,1.0,0.365622,0.284741,0.284741,1.0,8
block_cont_r4__temp_opt_r10,same_matched,block_cont_r4,temp_opt_r10,block_or_occupancy,block_or_occupancy,block_cont,temp_opt,0,1.0,0.388017,0.315637,0.315637,1.0,8
block_cont_r8__block_nec_r10,same_matched,block_cont_r8,block_nec_r10,block_or_occupancy,block_or_occupancy,block_cont,block_nec,0,2.0,0.362887,0.286699,0.286699,1.0,8
block_cont_r6__block_nec_r12,same_matched,block_cont_r6,block_nec_r12,block_or_occupancy,block_or_occupancy,block_cont,block_nec,0,2.0,0.375955,0.290638,0.290638,1.0,8
lead_cont_r11__lead_nec_r6,same_matched,lead_cont_r11,lead_nec_r6,lead,lead,lead_cont,lead_nec,0,1.0,0.33654,0.280352,0.280352,1.0,8
block_cont_r7__temp_opt_r9,same_matched,block_cont_r7,temp_opt_r9,block_or_occupancy,block_or_occupancy,block_cont,temp_opt,0,0.0,0.369377,0.291523,0.291523,1.0,8
cross_stall_occ_r2__cross_stall_r9,same_matched,cross_stall_occ_r2,cross_stall_r9,cross,cross,cross_stall_occ,cross_stall,0,1.0,0.37272,0.287332,0.287332,1.0,8
block_cont_r10__temp_opt_r4,same_matched,block_cont_r10,temp_opt_r4,block_or_occupancy,block_or_occupancy,block_cont,temp_opt,0,0.0,0.383311,0.30308,0.30308,1.0,8
cross_stall_occ_r2__cross_stall_r7,same_matched,cross_stall_occ_r2,cross_stall_r7,cross,cross,cross_stall_occ,cross_stall,0,0.0,0.360787,0.286497,0.286497,1.0,8
block_nec_r6__temp_opt_r2,same_matched,block_nec_r6,temp_opt_r2,block_or_occupancy,block_or_occupancy,block_nec,temp_opt,0,2.0,0.103207,0.105105,0.105105,1.0,8
cross_clear_r11__cross_stall_r9,same_matched,cross_clear_r11,cross_stall_r9,cross,cross,cross_clear,cross_stall,0,1.0,0.146819,0.116047,0.116047,1.0,8
cross_clear_r5__cross_stall_r1,same_matched,cross_clear_r5,cross_stall_r1,cross,cross,cross_clear,cross_stall,0,1.0,0.153275,0.120894,0.120894,1.0,8
block_nec_r11__temp_opt_r12,same_matched,block_nec_r11,temp_opt_r12,block_or_occupancy,block_or_occupancy,block_nec,temp_opt,0,0.0,0.136152,0.13076,0.13076,1.0,8
block_nec_r3__temp_opt_r1,same_matched,block_nec_r3,temp_opt_r1,block_or_occupancy,block_or_occupancy,block_nec,temp_opt,0,1.0,0.127438,0.1258,0.1258,1.0,8
cross_clear_r5__cross_stall_r9,same_matched,cross_clear_r5,cross_stall_r9,cross,cross,cross_clear,cross_stall,0,0.0,0.155659,0.127852,0.127852,1.0,8
cross_clear_r6__cross_stall_occ_r12,same_matched,cross_clear_r6,cross_stall_occ_r12,cross,cross,cross_clear,cross_stall_occ,0,1.0,0.175721,0.171444,0.171444,1.0,8
cross_clear_r3__cross_clear_r5,same_matched,cross_clear_r3,cross_clear_r5,cross,cross,cross_clear,cross_clear,0,1.0,0.132301,0.121,0.121,1.0,8
cross_clear_r5__cross_stall_r6,same_matched,cross_clear_r5,cross_stall_r6,cross,cross,cross_clear,cross_stall,0,1.0,0.151097,0.120931,0.120931,1.0,8
cross_clear_r1__cross_clear_r12,same_matched,cross_clear_r1,cross_clear_r12,cross,cross,cross_clear,cross_clear,0,2.0,0.136659,0.099436,0.099436,1.0,8
cross_clear_r11__cross_stall_r9,same_matched,cross_clear_r11,cross_stall_r9,cross,cross,cross_clear,cross_stall,0,1.0,0.146819,0.116047,0.116047,1.0,8
cross_clear_r12__cross_stall_r6,same_matched,cross_clear_r12,cross_stall_r6,cross,cross,cross_clear,cross_stall,0,0.0,0.145884,0.099731,0.099731,1.0,8
block_cont_r10__temp_opt_r11,same_matched,block_cont_r10,temp_opt_r11,block_or_occupancy,block_or_occupancy,block_cont,temp_opt,0,0.0,0.395117,0.315998,0.315998,1.0,8
block_cont_r3__temp_opt_r6,same_matched,block_cont_r3,temp_opt_r6,block_or_occupancy,block_or_occupancy,block_cont,temp_opt,0,0.0,0.403087,0.322548,0.322548,1.0,8
block_cont_r1__temp_opt_r5,same_matched,block_cont_r1,temp_opt_r5,block_or_occupancy,block_or_occupancy,block_cont,temp_opt,0,1.0,0.397989,0.321495,0.321495,1.0,8
block_cont_r8__temp_opt_r6,same_matched,block_cont_r8,temp_opt_r6,block_or_occupancy,block_or_occupancy,block_cont,temp_opt,0,2.0,0.416569,0.338993,0.338993,1.0,8
block_cont_r1__temp_opt_r4,same_matched,block_cont_r1,temp_opt_r4,block_or_occupancy,block_or_occupancy,block_cont,temp_opt,0,1.0,0.419308,0.322371,0.322371,1.0,8
block_cont_r2__temp_opt_r3,same_matched,block_cont_r2,temp_opt_r3,block_or_occupancy,block_or_occupancy,block_cont,temp_opt,0,0.0,0.402049,0.314516,0.314516,1.0,8
block_cont_r7__temp_opt_r3,same_matched,block_cont_r7,temp_opt_r3,block_or_occupancy,block_or_occupancy,block_cont,temp_opt,0,2.0,0.414202,0.320131,0.320131,1.0,8
block_cont_r1__temp_opt_r5,same_matched,block_cont_r1,temp_opt_r5,block_or_occupancy,block_or_occupancy,block_cont,temp_opt,0,1.0,0.397989,0.321495,0.321495,1.0,8
block_cont_r1__temp_opt_r4,same_matched,block_cont_r1,temp_opt_r4,block_or_occupancy,block_or_occupancy,block_cont,temp_opt,0,1.0,0.419308,0.322371,0.322371,1.0,8
block_cont_r8__temp_opt_r5,same_matched,block_cont_r8,temp_opt_r5,block_or_occupancy,block_or_occupancy,block_cont,temp_opt,0,2.0,0.417143,0.338931,0.338931,1.0,8
block_cont_r3__temp_opt_r7,same_matched,block_cont_r3,temp_opt_r7,block_or_occupancy,block_or_occupancy,block_cont,temp_opt,0,1.0,0.402464,0.268192,0.268192,1.0,8
block_cont_r11__temp_opt_r7,same_matched,block_cont_r11,temp_opt_r7,block_or_occupancy,block_or_occupancy,block_cont,temp_opt,0,0.0,0.407802,0.292635,0.292635,1.0,8
block_cont_r11__temp_opt_r7,same_matched,block_cont_r11,temp_opt_r7,block_or_occupancy,block_or_occupancy,block_cont,temp_opt,0,0.0,0.407802,0.292635,0.292635,1.0,8
block_cont_r2__temp_opt_r7,same_matched,block_cont_r2,temp_opt_r7,block_or_occupancy,block_or_occupancy,block_cont,temp_opt,0,2.0,0.394652,0.265284,0.265284,1.0,8
block_cont_r7__temp_opt_r2,same_matched,block_cont_r7,temp_opt_r2,block_or_occupancy,block_or_occupancy,block_cont,temp_opt,0,2.0,0.43433,0.329455,0.329455,1.0,8
block_cont_r5__temp_opt_r3,same_matched,block_cont_r5,temp_opt_r3,block_or_occupancy,block_or_occupancy,block_cont,temp_opt,0,2.0,0.422555,0.338092,0.338092,1.0,8
block_cont_r3__temp_opt_r4,same_matched,block_cont_r3,temp_opt_r4,block_or_occupancy,block_or_occupancy,block_cont,temp_opt,0,0.0,0.42498,0.323362,0.323362,1.0,8
block_cont_r1__temp_opt_r7,same_matched,block_cont_r1,temp_opt_r7,block_or_occupancy,block_or_occupancy,block_cont,temp_opt,0,2.0,0.397654,0.269617,0.269617,1.0,8
block_cont_r2__temp_opt_r2,same_matched,block_cont_r2,temp_opt_r2,block_or_occupancy,block_or_occupancy,block_cont,temp_opt,0,0.0,0.422177,0.32384,0.32384,1.0,8
block_cont_r2__temp_opt_r5,same_matched,block_cont_r2,temp_opt_r5,block_or_occupancy,block_or_occupancy,block_cont,temp_opt,0,1.0,0.392826,0.311007,0.311007,1.0,8
cross_clear_r3__cross_stall_occ_r11,same_matched,cross_clear_r3,cross_stall_occ_r11,cross,cross,cross_clear,cross_stall_occ,0,2.0,0.404827,0.308637,0.308637,1.0,8
block_cont_r2__temp_opt_r7,same_matched,block_cont_r2,temp_opt_r7,block_or_occupancy,block_or_occupancy,block_cont,temp_opt,0,2.0,0.394652,0.265284,0.265284,1.0,8
block_cont_r10__temp_opt_r4,same_matched,block_cont_r10,temp_opt_r4,block_or_occupancy,block_or_occupancy,block_cont,temp_opt,0,0.0,0.383311,0.30308,0.30308,1.0,8
block_cont_r2__temp_opt_r5,same_matched,block_cont_r2,temp_opt_r5,block_or_occupancy,block_or_occupancy,block_cont,temp_opt,0,1.0,0.392826,0.311007,0.311007,1.0,8
cross_clear_r7__cross_stall_occ_r3,same_matched,cross_clear_r7,cross_stall_occ_r3,cross,cross,cross_clear,cross_stall_occ,0,0.0,0.327027,0.269015,0.269015,1.0,8
cross_clear_r10__cross_stall_occ_r11,same_matched,cross_clear_r10,cross_stall_occ_r11,cross,cross,cross_clear,cross_stall_occ,0,0.0,0.149925,0.115248,0.115248,1.0,8
cross_stall_occ_r8__cross_stall_r7,same_matched,cross_stall_occ_r8,cross_stall_r7,cross,cross,cross_stall_occ,cross_stall,0,0.0,0.357355,0.284733,0.284733,1.0,8
block_nec_r11__temp_opt_r10,same_matched,block_nec_r11,temp_opt_r10,block_or_occupancy,block_or_occupancy,block_nec,temp_opt,0,2.0,0.202886,0.199923,0.199923,1.0,8
cross_clear_r5__cross_stall_occ_r9,same_matched,cross_clear_r5,cross_stall_occ_r9,cross,cross,cross_clear,cross_stall_occ,0,0.0,0.294338,0.207391,0.207391,1.0,8
block_cont_r12__temp_opt_r5,same_matched,block_cont_r12,temp_opt_r5,block_or_occupancy,block_or_occupancy,block_cont,temp_opt,0,1.0,0.37969,0.303039,0.303039,1.0,8
cross_stall_occ_r5__cross_stall_r8,same_matched,cross_stall_occ_r5,cross_stall_r8,cross,cross,cross_stall_occ,cross_stall,0,2.0,0.336967,0.279462,0.279462,1.0,8
block_cont_r10__block_nec_r9,same_matched,block_cont_r10,block_nec_r9,block_or_occupancy,block_or_occupancy,block_cont,block_nec,0,2.0,0.316247,0.21729,0.21729,1.0,8
cross_clear_r6__cross_stall_occ_r7,same_matched,cross_clear_r6,cross_stall_occ_r7,cross,cross,cross_clear,cross_stall_occ,0,1.0,0.214853,0.185587,0.185587,1.0,8
lead_cont_r6__lead_nec_r5,same_matched,lead_cont_r6,lead_nec_r5,lead,lead,lead_cont,lead_nec,0,0.0,0.353068,0.279946,0.279946,1.0,8
block_cont_r4__block_nec_r9,same_matched,block_cont_r4,block_nec_r9,block_or_occupancy,block_or_occupancy,block_cont,block_nec,0,2.0,0.286361,0.212557,0.212557,1.0,8
block_cont_r5__block_nec_r11,same_matched,block_cont_r5,block_nec_r11,block_or_occupancy,block_or_occupancy,block_cont,block_nec,0,0.0,0.273648,0.182233,0.182233,1.0,8
cross_stall_r4__cross_stall_r9,same_matched,cross_stall_r4,cross_stall_r9,cross,cross,cross_stall,cross_stall,0,0.0,0.01529,0.016842,0.016842,1.0,8
cross_clear_r3__cross_stall_r6,same_matched,cross_clear_r3,cross_stall_r6,cross,cross,cross_clear,cross_stall,0,2.0,0.062552,0.037312,0.037312,1.0,8
block_cont_r12__block_cont_r7,same_matched,block_cont_r12,block_cont_r7,block_or_occupancy,block_or_occupancy,block_cont,block_cont,0,2.0,0.025289,0.016758,0.016758,1.0,8
block_cont_r5__block_cont_r7,same_matched,block_cont_r5,block_cont_r7,block_or_occupancy,block_or_occupancy,block_cont,block_cont,0,0.0,0.048118,0.028689,0.028689,1.0,8
cross_stall_r12__cross_stall_r5,same_matched,cross_stall_r12,cross_stall_r5,cross,cross,cross_stall,cross_stall,0,0.0,0.029076,0.033918,0.033918,1.0,8
lead_opt_r11__lead_opt_r8,same_matched,lead_opt_r11,lead_opt_r8,lead,lead,lead_opt,lead_opt,0,3.0,0.051245,0.044516,0.044516,1.0,8
cross_clear_r7__cross_stall_r1,same_matched,cross_clear_r7,cross_stall_r1,cross,cross,cross_clear,cross_stall,0,1.0,0.090856,0.044084,0.044084,1.0,8
block_cont_r2__block_cont_r8,same_matched,block_cont_r2,block_cont_r8,block_or_occupancy,block_or_occupancy,block_cont,block_cont,0,3.0,0.046006,0.032681,0.032681,1.0,8
temp_opt_r10__temp_opt_r7,same_matched,temp_opt_r10,temp_opt_r7,block_or_occupancy,block_or_occupancy,temp_opt,temp_opt,0,2.0,0.043272,0.07137,0.07137,1.0,8
lead_nec_r7__lead_opt_r3,same_matched,lead_nec_r7,lead_opt_r3,lead,lead,lead_nec,lead_opt,0,1.0,0.019343,0.007756,0.007756,1.0,8
cross_stall_occ_r2__cross_stall_occ_r7,same_matched,cross_stall_occ_r2,cross_stall_occ_r7,cross,cross,cross_stall_occ,cross_stall_occ,0,0.0,0.025626,0.01743,0.01743,1.0,8
cross_stall_r11__cross_stall_r8,same_matched,cross_stall_r11,cross_stall_r8,cross,cross,cross_stall,cross_stall,0,2.0,0.03749,0.056656,0.056656,1.0,8
cross_stall_occ_r9__cross_stall_r2,same_matched,cross_stall_occ_r9,cross_stall_r2,cross,cross,cross_stall_occ,cross_stall,0,1.0,0.347515,0.281237,0.281237,1.0,8
cross_stall_occ_r8__cross_stall_r2,same_matched,cross_stall_occ_r8,cross_stall_r2,cross,cross,cross_stall_occ,cross_stall,0,0.0,0.343016,0.277336,0.277336,1.0,8
block_cont_r7__block_nec_r4,same_matched,block_cont_r7,block_nec_r4,block_or_occupancy,block_or_occupancy,block_cont,block_nec,0,1.0,0.355097,0.253285,0.253285,1.0,8
lead_cont_r9__lead_nec_r2,same_matched,lead_cont_r9,lead_nec_r2,lead,lead,lead_cont,lead_nec,0,3.0,0.342599,0.283237,0.283237,1.0,8
block_cont_r12__block_nec_r6,same_matched,block_cont_r12,block_nec_r6,block_or_occupancy,block_or_occupancy,block_cont,block_nec,0,2.0,0.35773,0.250678,0.250678,1.0,8
block_cont_r8__block_nec_r9,same_matched,block_cont_r8,block_nec_r9,block_or_occupancy,block_or_occupancy,block_cont,block_nec,0,0.0,0.33782,0.217813,0.217813,1.0,8
block_cont_r4__temp_opt_r7,same_matched,block_cont_r4,temp_opt_r7,block_or_occupancy,block_or_occupancy,block_cont,temp_opt,0,1.0,0.346748,0.252439,0.252439,1.0,8
lead_cont_r6__lead_nec_r2,same_matched,lead_cont_r6,lead_nec_r2,lead,lead,lead_cont,lead_nec,0,2.0,0.335512,0.270119,0.270119,1.0,8
cross_clear_r7__cross_stall_occ_r9,same_matched,cross_clear_r7,cross_stall_occ_r9,cross,cross,cross_clear,cross_stall_occ,0,0.0,0.342918,0.270322,0.270322,1.0,8
lead_cont_r5__lead_nec_r2,same_matched,lead_cont_r5,lead_nec_r2,lead,lead,lead_cont,lead_nec,0,2.0,0.343291,0.276832,0.276832,1.0,8
cross_stall_occ_r1__cross_stall_r12,same_matched,cross_stall_occ_r1,cross_stall_r12,cross,cross,cross_stall_occ,cross_stall,0,2.0,0.354037,0.279754,0.279754,1.0,8
cross_stall_occ_r1__cross_stall_r4,same_matched,cross_stall_occ_r1,cross_stall_r4,cross,cross,cross_stall_occ,cross_stall,0,1.0,0.343624,0.275125,0.275125,1.0,8
block_cont_r1__block_cont_r6,same_matched,block_cont_r1,block_cont_r6,block_or_occupancy,block_or_occupancy,block_cont,block_cont,0,2.0,0.028153,0.009355,0.009355,1.0,8
block_nec_r7__temp_opt_r2,same_matched,block_nec_r7,temp_opt_r2,block_or_occupancy,block_or_occupancy,block_nec,temp_opt,0,2.0,0.08433,0.07147,0.07147,1.0,8
cross_clear_r4__cross_stall_r7,same_matched,cross_clear_r4,cross_stall_r7,cross,cross,cross_clear,cross_stall,0,0.0,0.079426,0.044817,0.044817,1.0,8
cross_stall_occ_r6__cross_stall_occ_r9,same_matched,cross_stall_occ_r6,cross_stall_occ_r9,cross,cross,cross_stall_occ,cross_stall_occ,0,1.0,0.062348,0.032325,0.032325,1.0,8
lead_cont_r11__lead_cont_r7,same_matched,lead_cont_r11,lead_cont_r7,lead,lead,lead_cont,lead_cont,0,1.0,0.0521,0.024813,0.024813,1.0,8
block_nec_r1__temp_opt_r5,same_matched,block_nec_r1,temp_opt_r5,block_or_occupancy,block_or_occupancy,block_nec,temp_opt,0,1.0,0.081196,0.08733,0.08733,1.0,8
block_nec_r10__block_nec_r11,same_matched,block_nec_r10,block_nec_r11,block_or_occupancy,block_or_occupancy,block_nec,block_nec,0,1.0,0.106555,0.130629,0.130629,1.0,8
cross_clear_r3__cross_stall_r3,same_matched,cross_clear_r3,cross_stall_r3,cross,cross,cross_clear,cross_stall,0,1.0,0.066861,0.040081,0.040081,1.0,8
cross_clear_r1__cross_stall_r3,same_matched,cross_clear_r1,cross_stall_r3,cross,cross,cross_clear,cross_stall,0,1.0,0.082911,0.038442,0.038442,1.0,8
cross_clear_r3__cross_stall_r6,same_matched,cross_clear_r3,cross_stall_r6,cross,cross,cross_clear,cross_stall,0,2.0,0.062552,0.037312,0.037312,1.0,8
block_cont_r12__block_cont_r4,same_matched,block_cont_r12,block_cont_r4,block_or_occupancy,block_or_occupancy,block_cont,block_cont,0,1.0,0.083961,0.045981,0.045981,1.0,8
cross_stall_occ_r2__cross_stall_occ_r3,same_matched,cross_stall_occ_r2,cross_stall_occ_r3,cross,cross,cross_stall_occ,cross_stall_occ,0,1.0,0.071936,0.034219,0.034219,1.0,8
cross_stall_occ_r2__cross_stall_r3,same_matched,cross_stall_occ_r2,cross_stall_r3,cross,cross,cross_stall_occ,cross_stall,0,1.0,0.365582,0.285778,0.285778,1.0,8
block_cont_r2__temp_opt_r12,same_matched,block_cont_r2,temp_opt_r12,block_or_occupancy,block_or_occupancy,block_cont,temp_opt,0,2.0,0.373799,0.264571,0.264571,1.0,8
block_cont_r12__temp_opt_r12,same_matched,block_cont_r12,temp_opt_r12,block_or_occupancy,block_or_occupancy,block_cont,temp_opt,0,2.0,0.370182,0.264214,0.264214,1.0,8
block_cont_r4__temp_opt_r10,same_matched,block_cont_r4,temp_opt_r10,block_or_occupancy,block_or_occupancy,block_cont,temp_opt,0,1.0,0.388017,0.315637,0.315637,1.0,8
block_cont_r12__temp_opt_r3,same_matched,block_cont_r12,temp_opt_r3,block_or_occupancy,block_or_occupancy,block_cont,temp_opt,0,0.0,0.388913,0.306548,0.306548,1.0,8
lead_cont_r12__lead_nec_r1,same_matched,lead_cont_r12,lead_nec_r1,lead,lead,lead_cont,lead_nec,0,2.0,0.371865,0.287312,0.287312,1.0,8
block_cont_r9__temp_opt_r4,same_matched,block_cont_r9,temp_opt_r4,block_or_occupancy,block_or_occupancy,block_cont,temp_opt,0,2.0,0.384711,0.32114,0.32114,1.0,8
block_cont_r12__temp_opt_r12,same_matched,block_cont_r12,temp_opt_r12,block_or_occupancy,block_or_occupancy,block_cont,temp_opt,0,2.0,0.370182,0.264214,0.264214,1.0,8
block_cont_r10__temp_opt_r2,same_matched,block_cont_r10,temp_opt_r2,block_or_occupancy,block_or_occupancy,block_cont,temp_opt,0,1.0,0.391344,0.315037,0.315037,1.0,8
block_cont_r4__temp_opt_r10,same_matched,block_cont_r4,temp_opt_r10,block_or_occupancy,block_or_occupancy,block_cont,temp_opt,0,1.0,0.388017,0.315637,0.315637,1.0,8
lead_cont_r2__lead_opt_r8,same_matched,lead_cont_r2,lead_opt_r8,lead,lead,lead_cont,lead_opt,0,3.0,0.373275,0.283743,0.283743,1.0,8
cross_clear_r7__cross_stall_occ_r11,same_matched,cross_clear_r7,cross_stall_occ_r11,cross,cross,cross_clear,cross_stall_occ,0,1.0,0.378423,0.288599,0.288599,1.0,8
block_cont_r3__temp_opt_r12,same_matched,block_cont_r3,temp_opt_r12,block_or_occupancy,block_or_occupancy,block_cont,temp_opt,0,1.0,0.379002,0.270384,0.270384,1.0,8
cross_stall_occ_r11__cross_stall_r6,same_matched,cross_stall_occ_r11,cross_stall_r6,cross,cross,cross_stall_occ,cross_stall,0,0.0,0.365571,0.284681,0.284681,1.0,8
block_cont_r7__temp_opt_r5,same_matched,block_cont_r7,temp_opt_r5,block_or_occupancy,block_or_occupancy,block_cont,temp_opt,0,1.0,0.404978,0.316621,0.316621,1.0,8
block_cont_r2__temp_opt_r5,same_matched,block_cont_r2,temp_opt_r5,block_or_occupancy,block_or_occupancy,block_cont,temp_opt,0,1.0,0.392826,0.311007,0.311007,1.0,8
block_cont_r10__temp_opt_r11,same_matched,block_cont_r10,temp_opt_r11,block_or_occupancy,block_or_occupancy,block_cont,temp_opt,0,0.0,0.395117,0.315998,0.315998,1.0,8
cross_stall_occ_r11__cross_stall_r10,same_matched,cross_stall_occ_r11,cross_stall_r10,cross,cross,cross_stall_occ,cross_stall,0,1.0,0.368336,0.28874,0.28874,1.0,8
block_cont_r2__temp_opt_r5,same_matched,block_cont_r2,temp_opt_r5,block_or_occupancy,block_or_occupancy,block_cont,temp_opt,0,1.0,0.392826,0.311007,0.311007,1.0,8
lead_cont_r2__lead_opt_r9,same_matched,lead_cont_r2,lead_opt_r9,lead,lead,lead_cont,lead_opt,0,1.0,0.363589,0.286031,0.286031,1.0,8
block_cont_r4__temp_opt_r2,same_matched,block_cont_r4,temp_opt_r2,block_or_occupancy,block_or_occupancy,block_cont,temp_opt,0,1.0,0.375294,0.31141,0.31141,1.0,8
lead_cont_r1__lead_opt_r2,same_matched,lead_cont_r1,lead_opt_r2,lead,lead,lead_cont,lead_opt,0,0.0,0.367193,0.292058,0.292058,1.0,8
block_cont_r7__block_nec_r9,same_matched,block_cont_r7,block_nec_r9,block_or_occupancy,block_or_occupancy,block_cont,block_nec,0,1.0,0.357806,0.222736,0.222736,1.0,8
lead_cont_r2__lead_opt_r9,same_matched,lead_cont_r2,lead_opt_r9,lead,lead,lead_cont,lead_opt,0,1.0,0.363589,0.286031,0.286031,1.0,8
cross_stall_occ_r7__cross_stall_r3,same_matched,cross_stall_occ_r7,cross_stall_r3,cross,cross,cross_stall_occ,cross_stall,0,1.0,0.339956,0.271448,0.271448,1.0,8
cross_clear_r11__cross_stall_r6,same_matched,cross_clear_r11,cross_stall_r6,cross,cross,cross_clear,cross_stall,0,0.0,0.138969,0.106753,0.106753,1.0,8
block_cont_r11__block_nec_r12,same_matched,block_cont_r11,block_nec_r12,block_or_occupancy,block_or_occupancy,block_cont,block_nec,0,2.0,0.366843,0.311759,0.311759,1.0,8
cross_clear_r8__cross_stall_occ_r4,same_matched,cross_clear_r8,cross_stall_occ_r4,cross,cross,cross_clear,cross_stall_occ,0,0.0,0.213251,0.211799,0.211799,1.0,8
cross_stall_occ_r12__cross_stall_r12,same_matched,cross_stall_occ_r12,cross_stall_r12,cross,cross,cross_stall_occ,cross_stall,0,0.0,0.307344,0.251332,0.251332,1.0,8
block_cont_r9__temp_opt_r2,same_matched,block_cont_r9,temp_opt_r2,block_or_occupancy,block_or_occupancy,block_cont,temp_opt,0,3.0,0.392743,0.333098,0.333098,1.0,8
cross_stall_occ_r2__cross_stall_r8,same_matched,cross_stall_occ_r2,cross_stall_r8,cross,cross,cross_stall_occ,cross_stall,0,0.0,0.350117,0.281205,0.281205,1.0,8
cross_stall_occ_r6__cross_stall_r4,same_matched,cross_stall_occ_r6,cross_stall_r4,cross,cross,cross_stall_occ,cross_stall,0,1.0,0.320267,0.265646,0.265646,1.0,8
cross_clear_r1__cross_clear_r9,same_matched,cross_clear_r1,cross_clear_r9,cross,cross,cross_clear,cross_clear,0,2.0,0.211056,0.198998,0.198998,1.0,8
lead_cont_r7__lead_nec_r3,same_matched,lead_cont_r7,lead_nec_r3,lead,lead,lead_cont,lead_nec,0,1.0,0.365795,0.284767,0.284767,1.0,8
lead_cont_r4__lead_nec_r4,same_matched,lead_cont_r4,lead_nec_r4,lead,lead,lead_cont,lead_nec,0,0.0,0.300478,0.259732,0.259732,1.0,8
block_cont_r4__block_nec_r9,same_matched,block_cont_r4,block_nec_r9,block_or_occupancy,block_or_occupancy,block_cont,block_nec,0,2.0,0.286361,0.212557,0.212557,1.0,8
lead_cont_r3__lead_cont_r4,same_matched,lead_cont_r3,lead_cont_r4,lead,lead,lead_cont,lead_cont,0,0.0,0.028335,0.016945,0.016945,1.0,8
block_nec_r10__temp_opt_r4,same_matched,block_nec_r10,temp_opt_r4,block_or_occupancy,block_or_occupancy,block_nec,temp_opt,0,0.0,0.075576,0.053109,0.053109,1.0,8
block_cont_r2__block_cont_r7,same_matched,block_cont_r2,block_cont_r7,block_or_occupancy,block_or_occupancy,block_cont,block_cont,0,2.0,0.01762,0.009802,0.009802,1.0,8
block_nec_r2__temp_opt_r6,same_matched,block_nec_r2,temp_opt_r6,block_or_occupancy,block_or_occupancy,block_nec,temp_opt,0,1.0,0.054689,0.050514,0.050514,1.0,8
block_nec_r12__temp_opt_r5,same_matched,block_nec_r12,temp_opt_r5,block_or_occupancy,block_or_occupancy,block_nec,temp_opt,0,1.0,0.042156,0.035184,0.035184,1.0,8
cross_stall_occ_r2__cross_stall_occ_r9,same_matched,cross_stall_occ_r2,cross_stall_occ_r9,cross,cross,cross_stall_occ,cross_stall_occ,0,1.0,0.064194,0.038138,0.038138,1.0,8
cross_clear_r12__cross_clear_r2,same_matched,cross_clear_r12,cross_clear_r2,cross,cross,cross_clear,cross_clear,0,2.0,0.10403,0.086268,0.086268,1.0,8
lead_cont_r12__lead_cont_r5,same_matched,lead_cont_r12,lead_cont_r5,lead,lead,lead_cont,lead_cont,0,0.0,0.043934,0.022304,0.022304,1.0,8
lead_cont_r10__lead_cont_r12,same_matched,lead_cont_r10,lead_cont_r12,lead,lead,lead_cont,lead_cont,0,1.0,0.053828,0.033809,0.033809,1.0,8
lead_cont_r11__lead_cont_r9,same_matched,lead_cont_r11,lead_cont_r9,lead,lead,lead_cont,lead_cont,0,2.0,0.032792,0.017039,0.017039,1.0,8
block_cont_r1__block_cont_r12,same_matched,block_cont_r1,block_cont_r12,block_or_occupancy,block_or_occupancy,block_cont,block_cont,0,0.0,0.038678,0.018456,0.018456,1.0,8
block_cont_r5__block_cont_r7,same_matched,block_cont_r5,block_cont_r7,block_or_occupancy,block_or_occupancy,block_cont,block_cont,0,0.0,0.048118,0.028689,0.028689,1.0,8
cross_stall_occ_r2__cross_stall_r7,same_matched,cross_stall_occ_r2,cross_stall_r7,cross,cross,cross_stall_occ,cross_stall,0,0.0,0.360787,0.286497,0.286497,1.0,8
lead_cont_r9__lead_opt_r8,same_matched,lead_cont_r9,lead_opt_r8,lead,lead,lead_cont,lead_opt,0,0.0,0.356102,0.276925,0.276925,1.0,8
cross_clear_r7__cross_stall_occ_r1,same_matched,cross_clear_r7,cross_stall_occ_r1,cross,cross,cross_clear,cross_stall_occ,0,1.0,0.342959,0.267303,0.267303,1.0,8
block_cont_r3__block_nec_r10,same_matched,block_cont_r3,block_nec_r10,block_or_occupancy,block_or_occupancy,block_cont,block_nec,0,0.0,0.349404,0.270253,0.270253,1.0,8
block_cont_r5__block_nec_r12,same_matched,block_cont_r5,block_nec_r12,block_or_occupancy,block_or_occupancy,block_cont,block_nec,0,2.0,0.371176,0.299399,0.299399,1.0,8
block_cont_r11__block_nec_r4,same_matched,block_cont_r11,block_nec_r4,block_or_occupancy,block_or_occupancy,block_cont,block_nec,0,1.0,0.346711,0.277547,0.277547,1.0,8
lead_cont_r1__lead_nec_r7,same_matched,lead_cont_r1,lead_nec_r7,lead,lead,lead_cont,lead_nec,0,2.0,0.359565,0.28451,0.28451,1.0,8
block_cont_r1__block_nec_r9,same_matched,block_cont_r1,block_nec_r9,block_or_occupancy,block_or_occupancy,block_cont,block_nec,0,3.0,0.326574,0.213052,0.213052,1.0,8
cross_clear_r3__cross_stall_occ_r3,same_matched,cross_clear_r3,cross_stall_occ_r3,cross,cross,cross_clear,cross_stall_occ,0,1.0,0.353431,0.289053,0.289053,1.0,8
cross_stall_occ_r2__cross_stall_r1,same_matched,cross_stall_occ_r2,cross_stall_r1,cross,cross,cross_stall_occ,cross_stall,0,0.0,0.356495,0.284499,0.284499,1.0,8
lead_cont_r1__lead_opt_r2,same_matched,lead_cont_r1,lead_opt_r2,lead,lead,lead_cont,lead_opt,0,0.0,0.367193,0.292058,0.292058,1.0,8
block_cont_r2__block_nec_r6,same_matched,block_cont_r2,block_nec_r6,block_or_occupancy,block_or_occupancy,block_cont,block_nec,0,2.0,0.344594,0.24271,0.24271,1.0,8
cross_stall_r11__cross_stall_r2,same_matched,cross_stall_r11,cross_stall_r2,cross,cross,cross_stall,cross_stall,0,2.0,0.041159,0.058761,0.058761,1.0,8
cross_clear_r2__cross_stall_r11,same_matched,cross_clear_r2,cross_stall_r11,cross,cross,cross_clear,cross_stall,0,2.0,0.0975,0.067908,0.067908,1.0,8
block_nec_r9__temp_opt_r7,same_matched,block_nec_r9,temp_opt_r7,block_or_occupancy,block_or_occupancy,block_nec,temp_opt,0,1.0,0.092517,0.068628,0.068628,1.0,8
block_nec_r10__temp_opt_r4,same_matched,block_nec_r10,temp_opt_r4,block_or_occupancy,block_or_occupancy,block_nec,temp_opt,0,0.0,0.075576,0.053109,0.053109,1.0,8
cross_stall_occ_r12__cross_stall_occ_r4,same_matched,cross_stall_occ_r12,cross_stall_occ_r4,cross,cross,cross_stall_occ,cross_stall_occ,0,1.0,0.065298,0.043276,0.043276,1.0,8
cross_clear_r1__cross_stall_r5,same_matched,cross_clear_r1,cross_stall_r5,cross,cross,cross_clear,cross_stall,0,2.0,0.094653,0.057564,0.057564,1.0,8
cross_clear_r2__cross_clear_r6,same_matched,cross_clear_r2,cross_clear_r6,cross,cross,cross_clear,cross_clear,0,1.0,0.119695,0.098816,0.098816,1.0,8
cross_clear_r8__cross_stall_r8,same_matched,cross_clear_r8,cross_stall_r8,cross,cross,cross_clear,cross_stall,0,1.0,0.079892,0.055895,0.055895,1.0,8
cross_clear_r7__cross_stall_r6,same_matched,cross_clear_r7,cross_stall_r6,cross,cross,cross_clear,cross_stall,0,1.0,0.095962,0.050483,0.050483,1.0,8
block_nec_r10__temp_opt_r4,same_matched,block_nec_r10,temp_opt_r4,block_or_occupancy,block_or_occupancy,block_nec,temp_opt,0,0.0,0.075576,0.053109,0.053109,1.0,8
block_nec_r7__temp_opt_r10,same_matched,block_nec_r7,temp_opt_r10,block_or_occupancy,block_or_occupancy,block_nec,temp_opt,0,2.0,0.097053,0.075697,0.075697,1.0,8
cross_clear_r4__cross_stall_r3,same_matched,cross_clear_r4,cross_stall_r3,cross,cross,cross_clear,cross_stall,0,1.0,0.085051,0.047291,0.047291,1.0,8
block_cont_r3__temp_opt_r12,same_matched,block_cont_r3,temp_opt_r12,block_or_occupancy,block_or_occupancy,block_cont,temp_opt,0,1.0,0.379002,0.270384,0.270384,1.0,8
block_cont_r4__temp_opt_r10,same_matched,block_cont_r4,temp_opt_r10,block_or_occupancy,block_or_occupancy,block_cont,temp_opt,0,1.0,0.388017,0.315637,0.315637,1.0,8
cross_stall_occ_r11__cross_stall_r2,same_matched,cross_stall_occ_r11,cross_stall_r2,cross,cross,cross_stall_occ,cross_stall,0,2.0,0.38302,0.299513,0.299513,1.0,8
block_cont_r2__temp_opt_r3,same_matched,block_cont_r2,temp_opt_r3,block_or_occupancy,block_or_occupancy,block_cont,temp_opt,0,0.0,0.402049,0.314516,0.314516,1.0,8
block_cont_r3__temp_opt_r6,same_matched,block_cont_r3,temp_opt_r6,block_or_occupancy,block_or_occupancy,block_cont,temp_opt,0,0.0,0.403087,0.322548,0.322548,1.0,8
block_cont_r9__temp_opt_r4,same_matched,block_cont_r9,temp_opt_r4,block_or_occupancy,block_or_occupancy,block_cont,temp_opt,0,2.0,0.384711,0.32114,0.32114,1.0,8
block_cont_r1__temp_opt_r5,same_matched,block_cont_r1,temp_opt_r5,block_or_occupancy,block_or_occupancy,block_cont,temp_opt,0,1.0,0.397989,0.321495,0.321495,1.0,8
cross_stall_occ_r11__cross_stall_r2,same_matched,cross_stall_occ_r11,cross_stall_r2,cross,cross,cross_stall_occ,cross_stall,0,2.0,0.38302,0.299513,0.299513,1.0,8
block_cont_r10__temp_opt_r10,same_matched,block_cont_r10,temp_opt_r10,block_or_occupancy,block_or_occupancy,block_cont,temp_opt,0,1.0,0.404067,0.319264,0.319264,1.0,8
block_cont_r2__temp_opt_r3,same_matched,block_cont_r2,temp_opt_r3,block_or_occupancy,block_or_occupancy,block_cont,temp_opt,0,0.0,0.402049,0.314516,0.314516,1.0,8
block_cont_r9__temp_opt_r4,same_matched,block_cont_r9,temp_opt_r4,block_or_occupancy,block_or_occupancy,block_cont,temp_opt,0,2.0,0.384711,0.32114,0.32114,1.0,8
block_cont_r10__temp_opt_r2,same_matched,block_cont_r10,temp_opt_r2,block_or_occupancy,block_or_occupancy,block_cont,temp_opt,0,1.0,0.391344,0.315037,0.315037,1.0,8
block_cont_r2__temp_opt_r6,same_matched,block_cont_r2,temp_opt_r6,block_or_occupancy,block_or_occupancy,block_cont,temp_opt,0,1.0,0.392251,0.311069,0.311069,1.0,8
cross_clear_r7__cross_stall_occ_r11,same_matched,cross_clear_r7,cross_stall_occ_r11,cross,cross,cross_clear,cross_stall_occ,0,1.0,0.378423,0.288599,0.288599,1.0,8
block_cont_r11__temp_opt_r3,same_matched,block_cont_r11,temp_opt_r3,block_or_occupancy,block_or_occupancy,block_cont,temp_opt,0,2.0,0.418222,0.350453,0.350453,1.0,8
block_cont_r7__temp_opt_r7,same_matched,block_cont_r7,temp_opt_r7,block_or_occupancy,block_or_occupancy,block_cont,temp_opt,0,0.0,0.406798,0.270766,0.270766,1.0,8
block_cont_r11__temp_opt_r6,same_matched,block_cont_r11,temp_opt_r6,block_or_occupancy,block_or_occupancy,block_cont,temp_opt,0,1.0,0.408424,0.347006,0.347006,1.0,8
block_cont_r6__temp_opt_r8,same_matched,block_cont_r6,temp_opt_r8,block_or_occupancy,block_or_occupancy,block_cont,temp_opt,0,0.0,0.381362,0.284722,0.284722,1.0,8
block_cont_r9__temp_opt_r10,same_matched,block_cont_r9,temp_opt_r10,block_or_occupancy,block_or_occupancy,block_cont,temp_opt,0,3.0,0.405467,0.337325,0.337325,1.0,8
block_cont_r5__temp_opt_r8,same_matched,block_cont_r5,temp_opt_r8,block_or_occupancy,block_or_occupancy,block_cont,temp_opt,0,0.0,0.376583,0.293483,0.293483,1.0,8
block_cont_r5__temp_opt_r12,same_matched,block_cont_r5,temp_opt_r12,block_or_occupancy,block_or_occupancy,block_cont,temp_opt,0,0.0,0.388673,0.282481,0.282481,1.0,8
cross_clear_r7__cross_stall_occ_r11,same_matched,cross_clear_r7,cross_stall_occ_r11,cross,cross,cross_clear,cross_stall_occ,0,1.0,0.378423,0.288599,0.288599,1.0,8
lead_cont_r1__lead_opt_r2,same_matched,lead_cont_r1,lead_opt_r2,lead,lead,lead_cont,lead_opt,0,0.0,0.367193,0.292058,0.292058,1.0,8
block_cont_r5__temp_opt_r8,same_matched,block_cont_r5,temp_opt_r8,block_or_occupancy,block_or_occupancy,block_cont,temp_opt,0,0.0,0.376583,0.293483,0.293483,1.0,8
block_cont_r12__block_nec_r2,same_matched,block_cont_r12,block_nec_r2,block_or_occupancy,block_or_occupancy,block_cont,block_nec,0,0.0,0.350628,0.268523,0.268523,1.0,8
block_nec_r6__temp_opt_r10,same_matched,block_nec_r6,temp_opt_r10,block_or_occupancy,block_or_occupancy,block_nec,temp_opt,0,2.0,0.11593,0.109332,0.109332,1.0,8
cross_stall_occ_r8__cross_stall_r6,same_matched,cross_stall_occ_r8,cross_stall_r6,cross,cross,cross_stall_occ,cross_stall,0,2.0,0.360465,0.287356,0.287356,1.0,8
cross_clear_r9__cross_stall_r1,same_matched,cross_clear_r9,cross_stall_r1,cross,cross,cross_clear,cross_stall,0,2.0,0.223719,0.198009,0.198009,1.0,8
cross_stall_occ_r10__cross_stall_r8,same_matched,cross_stall_occ_r10,cross_stall_r8,cross,cross,cross_stall_occ,cross_stall,0,1.0,0.318053,0.27147,0.27147,1.0,8
block_cont_r3__temp_opt_r5,same_matched,block_cont_r3,temp_opt_r5,block_or_occupancy,block_or_occupancy,block_cont,temp_opt,0,0.0,0.403661,0.322486,0.322486,1.0,8
cross_stall_occ_r2__cross_stall_r7,same_matched,cross_stall_occ_r2,cross_stall_r7,cross,cross,cross_stall_occ,cross_stall,0,0.0,0.360787,0.286497,0.286497,1.0,8
cross_clear_r5__cross_stall_occ_r8,same_matched,cross_clear_r5,cross_stall_occ_r8,cross,cross,cross_clear,cross_stall_occ,0,1.0,0.310253,0.211669,0.211669,1.0,8
cross_clear_r10__cross_clear_r2,same_matched,cross_clear_r10,cross_clear_r2,cross,cross,cross_clear,cross_clear,0,2.0,0.208267,0.203574,0.203574,1.0,8
lead_cont_r1__lead_opt_r11,same_matched,lead_cont_r1,lead_opt_r11,lead,lead,lead_cont,lead_opt,0,0.0,0.377087,0.296723,0.296723,1.0,8
block_cont_r6__block_nec_r5,same_matched,block_cont_r6,block_nec_r5,block_or_occupancy,block_or_occupancy,block_cont,block_nec,0,0.0,0.310984,0.205613,0.205613,1.0,8
cross_stall_occ_r4__cross_stall_r10,same_matched,cross_stall_occ_r4,cross_stall_r10,cross,cross,cross_stall_occ,cross_stall,0,0.0,0.295149,0.260255,0.260255,1.0,8
block_nec_r2__temp_opt_r2,same_matched,block_nec_r2,temp_opt_r2,block_or_occupancy,block_or_occupancy,block_nec,temp_opt,0,0.0,0.084616,0.063286,0.063286,1.0,8
block_nec_r4__temp_opt_r6,same_matched,block_nec_r4,temp_opt_r6,block_or_occupancy,block_or_occupancy,block_nec,temp_opt,0,0.0,0.061713,0.069458,0.069458,1.0,8
block_cont_r3__block_cont_r7,same_matched,block_cont_r3,block_cont_r7,block_or_occupancy,block_or_occupancy,block_cont,block_cont,0,1.0,0.043968,0.029402,0.029402,1.0,8
block_nec_r11__block_nec_r4,same_matched,block_nec_r11,block_nec_r4,block_or_occupancy,block_or_occupancy,block_nec,block_nec,0,1.0,0.098523,0.113466,0.113466,1.0,8
block_nec_r11__block_nec_r4,same_matched,block_nec_r11,block_nec_r4,block_or_occupancy,block_or_occupancy,block_nec,block_nec,0,1.0,0.098523,0.113466,0.113466,1.0,8
lead_cont_r12__lead_cont_r3,same_matched,lead_cont_r12,lead_cont_r3,lead,lead,lead_cont,lead_cont,0,1.0,0.050088,0.023758,0.023758,1.0,8
block_nec_r11__block_nec_r4,same_matched,block_nec_r11,block_nec_r4,block_or_occupancy,block_or_occupancy,block_nec,block_nec,0,1.0,0.098523,0.113466,0.113466,1.0,8
block_cont_r12__block_cont_r9,same_matched,block_cont_r12,block_cont_r9,block_or_occupancy,block_or_occupancy,block_cont,block_cont,0,3.0,0.086316,0.043211,0.043211,1.0,8
cross_clear_r7__cross_stall_r6,same_matched,cross_clear_r7,cross_stall_r6,cross,cross,cross_clear,cross_stall,0,1.0,0.095962,0.050483,0.050483,1.0,8
block_nec_r9__temp_opt_r3,same_matched,block_nec_r9,temp_opt_r3,block_or_occupancy,block_or_occupancy,block_nec,temp_opt,0,3.0,0.088547,0.124628,0.124628,1.0,8
cross_clear_r8__cross_stall_r5,same_matched,cross_clear_r8,cross_stall_r5,cross,cross,cross_clear,cross_stall,0,1.0,0.094976,0.073397,0.073397,1.0,8
temp_opt_r1__temp_opt_r5,same_matched,temp_opt_r1,temp_opt_r5,block_or_occupancy,block_or_occupancy,temp_opt,temp_opt,0,1.0,0.034107,0.014485,0.014485,1.0,8
lead_cont_r12__lead_nec_r1,same_matched,lead_cont_r12,lead_nec_r1,lead,lead,lead_cont,lead_nec,0,2.0,0.371865,0.287312,0.287312,1.0,8
block_cont_r3__temp_opt_r8,same_matched,block_cont_r3,temp_opt_r8,block_or_occupancy,block_or_occupancy,block_cont,temp_opt,0,1.0,0.366912,0.281386,0.281386,1.0,8
lead_cont_r9__lead_nec_r7,same_matched,lead_cont_r9,lead_nec_r7,lead,lead,lead_cont,lead_nec,0,1.0,0.340569,0.280584,0.280584,1.0,8
cross_clear_r3__cross_stall_occ_r7,same_matched,cross_clear_r3,cross_stall_occ_r7,cross,cross,cross_clear,cross_stall_occ,0,0.0,0.360249,0.282309,0.282309,1.0,8
block_cont_r8__temp_opt_r9,same_matched,block_cont_r8,temp_opt_r9,block_or_occupancy,block_or_occupancy,block_cont,temp_opt,0,1.0,0.381542,0.313833,0.313833,1.0,8
lead_cont_r6__lead_opt_r10,same_matched,lead_cont_r6,lead_opt_r10,lead,lead,lead_cont,lead_opt,0,0.0,0.357546,0.279658,0.279658,1.0,8
cross_stall_occ_r1__cross_stall_r11,same_matched,cross_stall_occ_r1,cross_stall_r11,cross,cross,cross_stall_occ,cross_stall,0,2.0,0.370395,0.269523,0.269523,1.0,8
cross_stall_occ_r6__cross_stall_r2,same_matched,cross_stall_occ_r6,cross_stall_r2,cross,cross,cross_stall_occ,cross_stall,0,2.0,0.331249,0.273756,0.273756,1.0,8
lead_cont_r12__lead_nec_r8,same_matched,lead_cont_r12,lead_nec_r8,lead,lead,lead_cont,lead_nec,0,1.0,0.364271,0.285783,0.285783,1.0,8
block_cont_r4__temp_opt_r4,same_matched,block_cont_r4,temp_opt_r4,block_or_occupancy,block_or_occupancy,block_cont,temp_opt,0,0.0,0.367261,0.299452,0.299452,1.0,8
block_cont_r5__temp_opt_r9,same_matched,block_cont_r5,temp_opt_r9,block_or_occupancy,block_or_occupancy,block_cont,temp_opt,0,0.0,0.37773,0.309484,0.309484,1.0,8
lead_cont_r1__lead_opt_r8,same_matched,lead_cont_r1,lead_opt_r8,lead,lead,lead_cont,lead_opt,0,3.0,0.355417,0.273164,0.273164,1.0,8
block_nec_r2__temp_opt_r10,same_matched,block_nec_r2,temp_opt_r10,block_or_occupancy,block_or_occupancy,block_nec,temp_opt,0,0.0,0.097339,0.067512,0.067512,1.0,8
block_nec_r1__temp_opt_r2,same_matched,block_nec_r1,temp_opt_r2,block_or_occupancy,block_or_occupancy,block_nec,temp_opt,0,0.0,0.110548,0.100163,0.100163,1.0,8
lead_cont_r1__lead_cont_r4,same_matched,lead_cont_r1,lead_cont_r4,lead,lead,lead_cont,lead_cont,0,1.0,0.078333,0.038359,0.038359,1.0,8
block_nec_r10__block_nec_r11,same_matched,block_nec_r10,block_nec_r11,block_or_occupancy,block_or_occupancy,block_nec,block_nec,0,1.0,0.106555,0.130629,0.130629,1.0,8
block_nec_r9__temp_opt_r10,same_matched,block_nec_r9,temp_opt_r10,block_or_occupancy,block_or_occupancy,block_nec,temp_opt,0,3.0,0.121398,0.138179,0.138179,1.0,8
block_cont_r10__block_cont_r5,same_matched,block_cont_r10,block_cont_r5,block_or_occupancy,block_or_occupancy,block_cont,block_cont,0,1.0,0.080268,0.049016,0.049016,1.0,8
block_nec_r9__temp_opt_r2,same_matched,block_nec_r9,temp_opt_r2,block_or_occupancy,block_or_occupancy,block_nec,temp_opt,0,3.0,0.108675,0.133952,0.133952,1.0,8
block_nec_r6__temp_opt_r10,same_matched,block_nec_r6,temp_opt_r10,block_or_occupancy,block_or_occupancy,block_nec,temp_opt,0,2.0,0.11593,0.109332,0.109332,1.0,8
cross_clear_r1__cross_clear_r5,same_matched,cross_clear_r1,cross_clear_r5,cross,cross,cross_clear,cross_clear,0,1.0,0.128256,0.111418,0.111418,1.0,8
block_nec_r6__temp_opt_r11,same_matched,block_nec_r6,temp_opt_r11,block_or_occupancy,block_or_occupancy,block_nec,temp_opt,0,1.0,0.10698,0.106066,0.106066,1.0,8
block_nec_r1__temp_opt_r2,same_matched,block_nec_r1,temp_opt_r2,block_or_occupancy,block_or_occupancy,block_nec,temp_opt,0,0.0,0.110548,0.100163,0.100163,1.0,8
cross_clear_r1__cross_stall_r5,same_matched,cross_clear_r1,cross_stall_r5,cross,cross,cross_clear,cross_stall,0,2.0,0.094653,0.057564,0.057564,1.0,8
block_cont_r12__temp_opt_r3,same_matched,block_cont_r12,temp_opt_r3,block_or_occupancy,block_or_occupancy,block_cont,temp_opt,0,0.0,0.388913,0.306548,0.306548,1.0,8
block_cont_r1__temp_opt_r7,same_matched,block_cont_r1,temp_opt_r7,block_or_occupancy,block_or_occupancy,block_cont,temp_opt,0,2.0,0.397654,0.269617,0.269617,1.0,8
block_cont_r6__temp_opt_r12,same_matched,block_cont_r6,temp_opt_r12,block_or_occupancy,block_or_occupancy,block_cont,temp_opt,0,0.0,0.393452,0.27372,0.27372,1.0,8
block_cont_r5__temp_opt_r7,same_matched,block_cont_r5,temp_opt_r7,block_or_occupancy,block_or_occupancy,block_cont,temp_opt,0,0.0,0.412135,0.280274,0.280274,1.0,8
block_cont_r12__temp_opt_r1,same_matched,block_cont_r12,temp_opt_r1,block_or_occupancy,block_or_occupancy,block_cont,temp_opt,0,0.0,0.413797,0.317524,0.317524,1.0,8
block_cont_r10__temp_opt_r1,same_matched,block_cont_r10,temp_opt_r1,block_or_occupancy,block_or_occupancy,block_cont,temp_opt,0,1.0,0.396099,0.316689,0.316689,1.0,8
block_cont_r12__temp_opt_r2,same_matched,block_cont_r12,temp_opt_r2,block_or_occupancy,block_or_occupancy,block_cont,temp_opt,0,0.0,0.409041,0.315872,0.315872,1.0,8
block_cont_r6__temp_opt_r12,same_matched,block_cont_r6,temp_opt_r12,block_or_occupancy,block_or_occupancy,block_cont,temp_opt,0,0.0,0.393452,0.27372,0.27372,1.0,8
block_cont_r7__temp_opt_r3,same_matched,block_cont_r7,temp_opt_r3,block_or_occupancy,block_or_occupancy,block_cont,temp_opt,0,2.0,0.414202,0.320131,0.320131,1.0,8
block_cont_r5__temp_opt_r7,same_matched,block_cont_r5,temp_opt_r7,block_or_occupancy,block_or_occupancy,block_cont,temp_opt,0,0.0,0.412135,0.280274,0.280274,1.0,8
block_cont_r1__temp_opt_r6,same_matched,block_cont_r1,temp_opt_r6,block_or_occupancy,block_or_occupancy,block_cont,temp_opt,0,1.0,0.397414,0.321557,0.321557,1.0,8
block_cont_r3__temp_opt_r7,same_matched,block_cont_r3,temp_opt_r7,block_or_occupancy,block_or_occupancy,block_cont,temp_opt,0,1.0,0.402464,0.268192,0.268192,1.0,8
block_cont_r3__temp_opt_r7,same_matched,block_cont_r3,temp_opt_r7,block_or_occupancy,block_or_occupancy,block_cont,temp_opt,0,1.0,0.402464,0.268192,0.268192,1.0,8
block_cont_r12__temp_opt_r3,same_matched,block_cont_r12,temp_opt_r3,block_or_occupancy,block_or_occupancy,block_cont,temp_opt,0,0.0,0.388913,0.306548,0.306548,1.0,8
block_cont_r11__temp_opt_r4,same_matched,block_cont_r11,temp_opt_r4,block_or_occupancy,block_or_occupancy,block_cont,temp_opt,0,1.0,0.430318,0.34782,0.34782,1.0,8
block_cont_r8__temp_opt_r5,same_matched,block_cont_r8,temp_opt_r5,block_or_occupancy,block_or_occupancy,block_cont,temp_opt,0,2.0,0.417143,0.338931,0.338931,1.0,8
block_cont_r1__temp_opt_r4,same_matched,block_cont_r1,temp_opt_r4,block_or_occupancy,block_or_occupancy,block_cont,temp_opt,0,1.0,0.419308,0.322371,0.322371,1.0,8
block_cont_r2__temp_opt_r6,same_matched,block_cont_r2,temp_opt_r6,block_or_occupancy,block_or_occupancy,block_cont,temp_opt,0,1.0,0.392251,0.311069,0.311069,1.0,8
block_cont_r8__temp_opt_r5,same_matched,block_cont_r8,temp_opt_r5,block_or_occupancy,block_or_occupancy,block_cont,temp_opt,0,2.0,0.417143,0.338931,0.338931,1.0,8
block_cont_r4__temp_opt_r10,same_matched,block_cont_r4,temp_opt_r10,block_or_occupancy,block_or_occupancy,block_cont,temp_opt,0,1.0,0.388017,0.315637,0.315637,1.0,8
block_cont_r1__temp_opt_r5,same_matched,block_cont_r1,temp_opt_r5,block_or_occupancy,block_or_occupancy,block_cont,temp_opt,0,1.0,0.397989,0.321495,0.321495,1.0,8
block_cont_r12__temp_opt_r3,same_matched,block_cont_r12,temp_opt_r3,block_or_occupancy,block_or_occupancy,block_cont,temp_opt,0,0.0,0.388913,0.306548,0.306548,1.0,8
block_cont_r5__temp_opt_r9,same_matched,block_cont_r5,temp_opt_r9,block_or_occupancy,block_or_occupancy,block_cont,temp_opt,0,0.0,0.37773,0.309484,0.309484,1.0,8
block_cont_r4__temp_opt_r10,same_matched,block_cont_r4,temp_opt_r10,block_or_occupancy,block_or_occupancy,block_cont,temp_opt,0,1.0,0.388017,0.315637,0.315637,1.0,8
cross_stall_occ_r4__cross_stall_r5,same_matched,cross_stall_occ_r4,cross_stall_r5,cross,cross,cross_stall_occ,cross_stall,0,1.0,0.298667,0.251648,0.251648,1.0,8
block_nec_r10__block_nec_r11,same_matched,block_nec_r10,block_nec_r11,block_or_occupancy,block_or_occupancy,block_nec,block_nec,0,1.0,0.106555,0.130629,0.130629,1.0,8
cross_clear_r5__cross_stall_occ_r7,same_matched,cross_clear_r5,cross_stall_occ_r7,cross,cross,cross_clear,cross_stall_occ,0,1.0,0.305561,0.204383,0.204383,1.0,8
cross_clear_r5__cross_stall_r5,same_matched,cross_clear_r5,cross_stall_r5,cross,cross,cross_clear,cross_stall,0,1.0,0.168547,0.121274,0.121274,1.0,8
cross_clear_r2__cross_stall_occ_r10,same_matched,cross_clear_r2,cross_stall_occ_r10,cross,cross,cross_clear,cross_stall_occ,0,1.0,0.266947,0.255038,0.255038,1.0,8
lead_cont_r2__lead_opt_r4,same_matched,lead_cont_r2,lead_opt_r4,lead,lead,lead_cont,lead_opt,0,1.0,0.345767,0.279095,0.279095,1.0,8
lead_cont_r4__lead_nec_r7,same_matched,lead_cont_r4,lead_nec_r7,lead,lead,lead_cont,lead_nec,0,1.0,0.303261,0.26087,0.26087,1.0,8
cross_clear_r8__cross_stall_occ_r12,same_matched,cross_clear_r8,cross_stall_occ_r12,cross,cross,cross_clear,cross_stall_occ,0,1.0,0.257635,0.229926,0.229926,1.0,8
cross_clear_r10__cross_stall_occ_r11,same_matched,cross_clear_r10,cross_stall_occ_r11,cross,cross,cross_clear,cross_stall_occ,0,0.0,0.149925,0.115248,0.115248,1.0,8
lead_cont_r3__lead_nec_r8,same_matched,lead_cont_r3,lead_nec_r8,lead,lead,lead_cont,lead_nec,0,2.0,0.319389,0.271837,0.271837,1.0,8
cross_clear_r9__cross_stall_occ_r7,same_matched,cross_clear_r9,cross_stall_occ_r7,cross,cross,cross_clear,cross_stall_occ,0,2.0,0.253946,0.171248,0.171248,1.0,8
cross_clear_r9__cross_stall_r9,same_matched,cross_clear_r9,cross_stall_r9,cross,cross,cross_clear,cross_stall,0,1.0,0.239944,0.211083,0.211083,1.0,8
block_nec_r8__temp_opt_r12,same_matched,block_nec_r8,temp_opt_r12,block_or_occupancy,block_or_occupancy,block_nec,temp_opt,0,1.0,0.099543,0.093723,0.093723,1.0,8
cross_stall_occ_r12__cross_stall_occ_r4,same_matched,cross_stall_occ_r12,cross_stall_occ_r4,cross,cross,cross_stall_occ,cross_stall_occ,0,1.0,0.065298,0.043276,0.043276,1.0,8
block_cont_r4__block_cont_r7,same_matched,block_cont_r4,block_cont_r7,block_or_occupancy,block_or_occupancy,block_cont,block_cont,0,1.0,0.071487,0.032618,0.032618,1.0,8
cross_stall_occ_r8__cross_stall_occ_r9,same_matched,cross_stall_occ_r8,cross_stall_occ_r9,cross,cross,cross_stall_occ,cross_stall_occ,0,1.0,0.060763,0.036374,0.036374,1.0,8
block_nec_r9__temp_opt_r1,same_matched,block_nec_r9,temp_opt_r1,block_or_occupancy,block_or_occupancy,block_nec,temp_opt,0,3.0,0.11343,0.135603,0.135603,1.0,8
lead_cont_r10__lead_cont_r7,same_matched,lead_cont_r10,lead_cont_r7,lead,lead,lead_cont,lead_cont,0,1.0,0.054001,0.033834,0.033834,1.0,8
temp_opt_r2__temp_opt_r8,same_matched,temp_opt_r2,temp_opt_r8,block_or_occupancy,block_or_occupancy,temp_opt,temp_opt,0,2.0,0.066101,0.053934,0.053934,1.0,8
temp_opt_r12__temp_opt_r2,same_matched,temp_opt_r12,temp_opt_r2,block_or_occupancy,block_or_occupancy,temp_opt,temp_opt,0,2.0,0.054011,0.064935,0.064935,1.0,8
lead_cont_r3__lead_cont_r6,same_matched,lead_cont_r3,lead_cont_r6,lead,lead,lead_cont,lead_cont,0,1.0,0.065996,0.034739,0.034739,1.0,8
cross_clear_r8__cross_stall_r6,same_matched,cross_clear_r8,cross_stall_r6,cross,cross,cross_clear,cross_stall,0,1.0,0.093447,0.063333,0.063333,1.0,8
block_nec_r1__temp_opt_r2,same_matched,block_nec_r1,temp_opt_r2,block_or_occupancy,block_or_occupancy,block_nec,temp_opt,0,0.0,0.110548,0.100163,0.100163,1.0,8
block_nec_r4__temp_opt_r6,same_matched,block_nec_r4,temp_opt_r6,block_or_occupancy,block_or_occupancy,block_nec,temp_opt,0,0.0,0.061713,0.069458,0.069458,1.0,8
block_cont_r2__block_nec_r8,same_matched,block_cont_r2,block_nec_r8,block_or_occupancy,block_or_occupancy,block_cont,block_nec,0,3.0,0.313928,0.214109,0.214109,1.0,8
block_cont_r4__temp_opt_r8,same_matched,block_cont_r4,temp_opt_r8,block_or_occupancy,block_or_occupancy,block_cont,temp_opt,0,1.0,0.309233,0.257504,0.257504,1.0,8
block_cont_r1__block_nec_r5,same_matched,block_cont_r1,block_nec_r5,block_or_occupancy,block_or_occupancy,block_cont,block_nec,0,2.0,0.285781,0.206757,0.206757,1.0,8
lead_cont_r4__lead_nec_r12,same_matched,lead_cont_r4,lead_nec_r12,lead,lead,lead_cont,lead_nec,0,1.0,0.303088,0.260844,0.260844,1.0,8
cross_clear_r1__cross_stall_occ_r1,same_matched,cross_clear_r1,cross_stall_occ_r1,cross,cross,cross_clear,cross_stall_occ,0,0.0,0.324065,0.275873,0.275873,1.0,8
cross_stall_occ_r4__cross_stall_r3,same_matched,cross_stall_occ_r4,cross_stall_r3,cross,cross,cross_stall_occ,cross_stall,0,0.0,0.299599,0.261835,0.261835,1.0,8
block_cont_r10__block_nec_r3,same_matched,block_cont_r10,block_nec_r3,block_or_occupancy,block_or_occupancy,block_cont,block_nec,0,0.0,0.312723,0.226596,0.226596,1.0,8
block_cont_r5__block_nec_r11,same_matched,block_cont_r5,block_nec_r11,block_or_occupancy,block_or_occupancy,block_cont,block_nec,0,0.0,0.273648,0.182233,0.182233,1.0,8
cross_clear_r1__cross_stall_occ_r10,same_matched,cross_clear_r1,cross_stall_occ_r10,cross,cross,cross_clear,cross_stall_occ,0,1.0,0.306386,0.272241,0.272241,1.0,8
cross_clear_r1__cross_stall_occ_r5,same_matched,cross_clear_r1,cross_stall_occ_r5,cross,cross,cross_clear,cross_stall_occ,0,2.0,0.309567,0.275428,0.275428,1.0,8
cross_stall_occ_r6__cross_stall_r4,same_matched,cross_stall_occ_r6,cross_stall_r4,cross,cross,cross_stall_occ,cross_stall,0,1.0,0.320267,0.265646,0.265646,1.0,8
cross_stall_occ_r4__cross_stall_r6,same_matched,cross_stall_occ_r4,cross_stall_r6,cross,cross,cross_stall_occ,cross_stall,0,1.0,0.297914,0.261667,0.261667,1.0,8
block_nec_r9__temp_opt_r11,same_matched,block_nec_r9,temp_opt_r11,block_or_occupancy,block_or_occupancy,block_nec,temp_opt,0,2.0,0.112448,0.134913,0.134913,1.0,8
block_nec_r1__temp_opt_r2,same_matched,block_nec_r1,temp_opt_r2,block_or_occupancy,block_or_occupancy,block_nec,temp_opt,0,0.0,0.110548,0.100163,0.100163,1.0,8
cross_clear_r1__cross_stall_r12,same_matched,cross_clear_r1,cross_stall_r12,cross,cross,cross_clear,cross_stall,0,2.0,0.082263,0.039726,0.039726,1.0,8
cross_clear_r5__cross_clear_r8,same_matched,cross_clear_r5,cross_clear_r8,cross,cross,cross_clear,cross_clear,0,0.0,0.134165,0.095791,0.095791,1.0,8
cross_clear_r11__cross_stall_r4,same_matched,cross_clear_r11,cross_stall_r4,cross,cross,cross_clear,cross_stall,0,1.0,0.136098,0.103219,0.103219,1.0,8
block_nec_r12__temp_opt_r10,same_matched,block_nec_r12,temp_opt_r10,block_or_occupancy,block_or_occupancy,block_nec,temp_opt,0,0.0,0.084231,0.052245,0.052245,1.0,8
block_nec_r5__temp_opt_r9,same_matched,block_nec_r5,temp_opt_r9,block_or_occupancy,block_or_occupancy,block_nec,temp_opt,0,0.0,0.101732,0.12336,0.12336,1.0,8
block_nec_r3__temp_opt_r4,same_matched,block_nec_r3,temp_opt_r4,block_or_occupancy,block_or_occupancy,block_nec,temp_opt,0,0.0,0.11465,0.112191,0.112191,1.0,8
cross_clear_r12__cross_stall_r5,same_matched,cross_clear_r12,cross_stall_r5,cross,cross,cross_clear,cross_stall,0,0.0,0.140785,0.08938,0.08938,1.0,8
cross_clear_r5__cross_clear_r8,same_matched,cross_clear_r5,cross_clear_r8,cross,cross,cross_clear,cross_clear,0,0.0,0.134165,0.095791,0.095791,1.0,8
block_nec_r1__temp_opt_r2,same_matched,block_nec_r1,temp_opt_r2,block_or_occupancy,block_or_occupancy,block_nec,temp_opt,0,0.0,0.110548,0.100163,0.100163,1.0,8
cross_clear_r1__cross_clear_r11,same_matched,cross_clear_r1,cross_clear_r11,cross,cross,cross_clear,cross_clear,0,2.0,0.11486,0.093017,0.093017,1.0,8
lead_cont_r8__lead_opt_r2,same_matched,lead_cont_r8,lead_opt_r2,lead,lead,lead_cont,lead_opt,0,3.0,0.33197,0.276825,0.276825,1.0,8
lead_cont_r9__lead_nec_r5,same_matched,lead_cont_r9,lead_nec_r5,lead,lead,lead_cont,lead_nec,0,1.0,0.340062,0.278283,0.278283,1.0,8
lead_cont_r9__lead_nec_r10,same_matched,lead_cont_r9,lead_nec_r10,lead,lead,lead_cont,lead_nec,0,0.0,0.336231,0.277119,0.277119,1.0,8
block_cont_r11__block_nec_r2,same_matched,block_cont_r11,block_nec_r2,block_or_occupancy,block_or_occupancy,block_cont,block_nec,0,2.0,0.353735,0.296492,0.296492,1.0,8
block_cont_r1__block_nec_r12,same_matched,block_cont_r1,block_nec_r12,block_or_occupancy,block_or_occupancy,block_cont,block_nec,0,0.0,0.355833,0.286311,0.286311,1.0,8
block_cont_r8__block_nec_r1,same_matched,block_cont_r8,block_nec_r1,block_or_occupancy,block_or_occupancy,block_cont,block_nec,0,3.0,0.338085,0.251875,0.251875,1.0,8
lead_cont_r1__lead_opt_r6,same_matched,lead_cont_r1,lead_opt_r6,lead,lead,lead_cont,lead_opt,0,2.0,0.351441,0.28221,0.28221,1.0,8
lead_cont_r9__lead_nec_r10,same_matched,lead_cont_r9,lead_nec_r10,lead,lead,lead_cont,lead_nec,0,0.0,0.336231,0.277119,0.277119,1.0,8
lead_cont_r2__lead_nec_r5,same_matched,lead_cont_r2,lead_nec_r5,lead,lead,lead_cont,lead_nec,0,2.0,0.357235,0.286578,0.286578,1.0,8
cross_clear_r3__cross_stall_occ_r8,same_matched,cross_clear_r3,cross_stall_occ_r8,cross,cross,cross_clear,cross_stall_occ,0,0.0,0.353845,0.280136,0.280136,1.0,8
block_cont_r5__block_nec_r6,same_matched,block_cont_r5,block_nec_r6,block_or_occupancy,block_or_occupancy,block_cont,block_nec,0,0.0,0.339477,0.242312,0.242312,1.0,8
lead_cont_r9__lead_nec_r1,same_matched,lead_cont_r9,lead_nec_r1,lead,lead,lead_cont,lead_nec,0,3.0,0.344712,0.279544,0.279544,1.0,8
block_cont_r2__block_nec_r9,same_matched,block_cont_r2,block_nec_r9,block_or_occupancy,block_or_occupancy,block_cont,block_nec,0,3.0,0.345015,0.222695,0.222695,1.0,8
lead_cont_r4__lead_opt_r8,same_matched,lead_cont_r4,lead_opt_r8,lead,lead,lead_cont,lead_opt,0,2.0,0.331634,0.27059,0.27059,1.0,8
block_cont_r10__temp_opt_r3,same_matched,block_cont_r10,temp_opt_r3,block_or_occupancy,block_or_occupancy,block_cont,temp_opt,0,1.0,0.371215,0.305713,0.305713,1.0,8
lead_cont_r1__lead_nec_r12,same_matched,lead_cont_r1,lead_nec_r12,lead,lead,lead_cont,lead_nec,0,2.0,0.359392,0.284484,0.284484,1.0,8
block_cont_r3__block_nec_r12,same_matched,block_cont_r3,block_nec_r12,block_or_occupancy,block_or_occupancy,block_cont,block_nec,0,1.0,0.361505,0.287302,0.287302,1.0,8
lead_cont_r5__lead_opt_r5,same_matched,lead_cont_r5,lead_opt_r5,lead,lead,lead_cont,lead_opt,0,0.0,0.334523,0.268567,0.268567,1.0,8
lead_cont_r12__lead_opt_r1,same_matched,lead_cont_r12,lead_opt_r1,lead,lead,lead_cont,lead_opt,0,2.0,0.359329,0.280763,0.280763,1.0,8
lead_cont_r8__lead_opt_r4,same_matched,lead_cont_r8,lead_opt_r4,lead,lead,lead_cont,lead_opt,0,2.0,0.329704,0.275391,0.275391,1.0,8
lead_cont_r8__lead_opt_r11,same_matched,lead_cont_r8,lead_opt_r11,lead,lead,lead_cont,lead_opt,0,3.0,0.341864,0.281489,0.281489,1.0,8
lead_cont_r4__lead_opt_r8,same_matched,lead_cont_r4,lead_opt_r8,lead,lead,lead_cont,lead_opt,0,2.0,0.331634,0.27059,0.27059,1.0,8
cross_stall_occ_r10__cross_stall_r2,same_matched,cross_stall_occ_r10,cross_stall_r2,cross,cross,cross_stall_occ,cross_stall,0,1.0,0.320127,0.273229,0.273229,1.0,8
lead_cont_r8__lead_opt_r12,same_matched,lead_cont_r8,lead_opt_r12,lead,lead,lead_cont,lead_opt,0,2.0,0.329836,0.275057,0.275057,1.0,8
cross_clear_r3__cross_stall_occ_r7,same_matched,cross_clear_r3,cross_stall_occ_r7,cross,cross,cross_clear,cross_stall_occ,0,0.0,0.360249,0.282309,0.282309,1.0,8
cross_clear_r2__cross_clear_r6,same_matched,cross_clear_r2,cross_clear_r6,cross,cross,cross_clear,cross_clear,0,1.0,0.119695,0.098816,0.098816,1.0,8
lead_cont_r7__lead_opt_r5,same_matched,lead_cont_r7,lead_opt_r5,lead,lead,lead_cont,lead_opt,0,0.0,0.37414,0.28581,0.28581,1.0,8
cross_clear_r10__cross_clear_r9,same_matched,cross_clear_r10,cross_clear_r9,cross,cross,cross_clear,cross_clear,0,0.0,0.23362,0.165751,0.165751,1.0,8
lead_cont_r8__lead_nec_r6,same_matched,lead_cont_r8,lead_nec_r6,lead,lead,lead_cont,lead_nec,0,1.0,0.327701,0.27135,0.27135,1.0,8
block_cont_r5__temp_opt_r5,same_matched,block_cont_r5,temp_opt_r5,block_or_occupancy,block_or_occupancy,block_cont,temp_opt,0,1.0,0.413332,0.334583,0.334583,1.0,8
cross_stall_occ_r1__cross_stall_r11,same_matched,cross_stall_occ_r1,cross_stall_r11,cross,cross,cross_stall_occ,cross_stall,0,2.0,0.370395,0.269523,0.269523,1.0,8
block_cont_r10__block_nec_r12,same_matched,block_cont_r10,block_nec_r12,block_or_occupancy,block_or_occupancy,block_cont,block_nec,0,1.0,0.319836,0.267019,0.267019,1.0,8
cross_clear_r12__cross_stall_occ_r8,same_matched,cross_clear_r12,cross_stall_occ_r8,cross,cross,cross_clear,cross_stall_occ,0,2.0,0.221077,0.19323,0.19323,1.0,8
block_cont_r4__temp_opt_r10,same_matched,block_cont_r4,temp_opt_r10,block_or_occupancy,block_or_occupancy,block_cont,temp_opt,0,1.0,0.388017,0.315637,0.315637,1.0,8
cross_stall_occ_r3__cross_stall_r4,same_matched,cross_stall_occ_r3,cross_stall_r4,cross,cross,cross_stall_occ,cross_stall,0,0.0,0.320641,0.271815,0.271815,1.0,8
cross_clear_r5__cross_stall_occ_r7,same_matched,cross_clear_r5,cross_stall_occ_r7,cross,cross,cross_clear,cross_stall_occ,0,1.0,0.305561,0.204383,0.204383,1.0,8
block_nec_r6__temp_opt_r5,same_matched,block_nec_r6,temp_opt_r5,block_or_occupancy,block_or_occupancy,block_nec,temp_opt,0,1.0,0.073855,0.092271,0.092271,1.0,8
block_nec_r1__temp_opt_r2,same_matched,block_nec_r1,temp_opt_r2,block_or_occupancy,block_or_occupancy,block_nec,temp_opt,0,0.0,0.110548,0.100163,0.100163,1.0,8
block_cont_r5__block_cont_r7,same_matched,block_cont_r5,block_cont_r7,block_or_occupancy,block_or_occupancy,block_cont,block_cont,0,0.0,0.048118,0.028689,0.028689,1.0,8
block_nec_r1__block_nec_r11,same_matched,block_nec_r1,block_nec_r11,block_or_occupancy,block_or_occupancy,block_nec,block_nec,0,2.0,0.079615,0.095532,0.095532,1.0,8
block_nec_r2__temp_opt_r7,same_matched,block_nec_r2,temp_opt_r7,block_or_occupancy,block_or_occupancy,block_nec,temp_opt,0,2.0,0.087572,0.068437,0.068437,1.0,8
block_nec_r8__temp_opt_r12,same_matched,block_nec_r8,temp_opt_r12,block_or_occupancy,block_or_occupancy,block_nec,temp_opt,0,1.0,0.099543,0.093723,0.093723,1.0,8
cross_clear_r11__cross_stall_r8,same_matched,cross_clear_r11,cross_stall_r8,cross,cross,cross_clear,cross_stall,0,2.0,0.132424,0.100555,0.100555,1.0,8
temp_opt_r1__temp_opt_r8,same_matched,temp_opt_r1,temp_opt_r8,block_or_occupancy,block_or_occupancy,temp_opt,temp_opt,0,2.0,0.070856,0.055585,0.055585,1.0,8
block_nec_r1__temp_opt_r6,same_matched,block_nec_r1,temp_opt_r6,block_or_occupancy,block_or_occupancy,block_nec,temp_opt,0,1.0,0.080622,0.087392,0.087392,1.0,8
block_nec_r6__temp_opt_r5,same_matched,block_nec_r6,temp_opt_r5,block_or_occupancy,block_or_occupancy,block_nec,temp_opt,0,1.0,0.073855,0.092271,0.092271,1.0,8
block_nec_r7__temp_opt_r2,same_matched,block_nec_r7,temp_opt_r2,block_or_occupancy,block_or_occupancy,block_nec,temp_opt,0,2.0,0.08433,0.07147,0.07147,1.0,8
block_nec_r10__temp_opt_r2,same_matched,block_nec_r10,temp_opt_r2,block_or_occupancy,block_or_occupancy,block_nec,temp_opt,0,1.0,0.083608,0.065066,0.065066,1.0,8
block_cont_r6__temp_opt_r8,same_matched,block_cont_r6,temp_opt_r8,block_or_occupancy,block_or_occupancy,block_cont,temp_opt,0,0.0,0.381362,0.284722,0.284722,1.0,8
block_cont_r5__temp_opt_r8,same_matched,block_cont_r5,temp_opt_r8,block_or_occupancy,block_or_occupancy,block_cont,temp_opt,0,0.0,0.376583,0.293483,0.293483,1.0,8
lead_cont_r12__lead_nec_r7,same_matched,lead_cont_r12,lead_nec_r7,lead,lead,lead_cont,lead_nec,0,0.0,0.350173,0.277027,0.277027,1.0,8
block_cont_r12__temp_opt_r12,same_matched,block_cont_r12,temp_opt_r12,block_or_occupancy,block_or_occupancy,block_cont,temp_opt,0,2.0,0.370182,0.264214,0.264214,1.0,8
block_cont_r10__temp_opt_r2,same_matched,block_cont_r10,temp_opt_r2,block_or_occupancy,block_or_occupancy,block_cont,temp_opt,0,1.0,0.391344,0.315037,0.315037,1.0,8
lead_cont_r1__lead_opt_r2,same_matched,lead_cont_r1,lead_opt_r2,lead,lead,lead_cont,lead_opt,0,0.0,0.367193,0.292058,0.292058,1.0,8
block_cont_r8__temp_opt_r8,same_matched,block_cont_r8,temp_opt_r8,block_or_occupancy,block_or_occupancy,block_cont,temp_opt,0,1.0,0.380394,0.297831,0.297831,1.0,8
lead_cont_r2__lead_nec_r12,same_matched,lead_cont_r2,lead_nec_r12,lead,lead,lead_cont,lead_nec,0,2.0,0.340858,0.27716,0.27716,1.0,8
lead_cont_r12__lead_opt_r5,same_matched,lead_cont_r12,lead_opt_r5,lead,lead,lead_cont,lead_opt,0,0.0,0.373967,0.285784,0.285784,1.0,8
lead_cont_r1__lead_opt_r11,same_matched,lead_cont_r1,lead_opt_r11,lead,lead,lead_cont,lead_opt,0,0.0,0.377087,0.296723,0.296723,1.0,8
block_cont_r4__temp_opt_r10,same_matched,block_cont_r4,temp_opt_r10,block_or_occupancy,block_or_occupancy,block_cont,temp_opt,0,1.0,0.388017,0.315637,0.315637,1.0,8
lead_cont_r1__lead_opt_r12,same_matched,lead_cont_r1,lead_opt_r12,lead,lead,lead_cont,lead_opt,0,1.0,0.365059,0.29029,0.29029,1.0,8
block_nec_r10__temp_opt_r7,same_matched,block_nec_r10,temp_opt_r7,block_or_occupancy,block_or_occupancy,block_nec,temp_opt,0,1.0,0.086795,0.069767,0.069767,1.0,8
cross_clear_r1__cross_clear_r5,same_matched,cross_clear_r1,cross_clear_r5,cross,cross,cross_clear,cross_clear,0,1.0,0.128256,0.111418,0.111418,1.0,8
cross_clear_r11__cross_clear_r8,same_matched,cross_clear_r11,cross_clear_r8,cross,cross,cross_clear,cross_clear,0,1.0,0.127515,0.082171,0.082171,1.0,8
block_nec_r1__temp_opt_r2,same_matched,block_nec_r1,temp_opt_r2,block_or_occupancy,block_or_occupancy,block_nec,temp_opt,0,0.0,0.110548,0.100163,0.100163,1.0,8
block_nec_r1__temp_opt_r2,same_matched,block_nec_r1,temp_opt_r2,block_or_occupancy,block_or_occupancy,block_nec,temp_opt,0,0.0,0.110548,0.100163,0.100163,1.0,8
cross_clear_r11__cross_stall_r2,same_matched,cross_clear_r11,cross_stall_r2,cross,cross,cross_clear,cross_stall,0,2.0,0.12999,0.099444,0.099444,1.0,8
block_nec_r8__temp_opt_r2,same_matched,block_nec_r8,temp_opt_r2,block_or_occupancy,block_or_occupancy,block_nec,temp_opt,0,3.0,0.153553,0.158659,0.158659,1.0,8
block_nec_r5__temp_opt_r12,same_matched,block_nec_r5,temp_opt_r12,block_or_occupancy,block_or_occupancy,block_nec,temp_opt,0,0.0,0.112675,0.096357,0.096357,1.0,8
cross_clear_r3__cross_clear_r5,same_matched,cross_clear_r3,cross_clear_r5,cross,cross,cross_clear,cross_clear,0,1.0,0.132301,0.121,0.121,1.0,8
block_nec_r1__temp_opt_r2,same_matched,block_nec_r1,temp_opt_r2,block_or_occupancy,block_or_occupancy,block_nec,temp_opt,0,0.0,0.110548,0.100163,0.100163,1.0,8
cross_clear_r1__cross_clear_r5,same_matched,cross_clear_r1,cross_clear_r5,cross,cross,cross_clear,cross_clear,0,1.0,0.128256,0.111418,0.111418,1.0,8
cross_clear_r2__cross_clear_r6,same_matched,cross_clear_r2,cross_clear_r6,cross,cross,cross_clear,cross_clear,0,1.0,0.119695,0.098816,0.098816,1.0,8
block_cont_r1__temp_opt_r5,same_matched,block_cont_r1,temp_opt_r5,block_or_occupancy,block_or_occupancy,block_cont,temp_opt,0,1.0,0.397989,0.321495,0.321495,1.0,8
block_cont_r1__temp_opt_r3,same_matched,block_cont_r1,temp_opt_r3,block_or_occupancy,block_or_occupancy,block_cont,temp_opt,0,0.0,0.407212,0.325005,0.325005,1.0,8
block_cont_r3__temp_opt_r5,same_matched,block_cont_r3,temp_opt_r5,block_or_occupancy,block_or_occupancy,block_cont,temp_opt,0,0.0,0.403661,0.322486,0.322486,1.0,8
block_cont_r12__temp_opt_r10,same_matched,block_cont_r12,temp_opt_r10,block_or_occupancy,block_or_occupancy,block_cont,temp_opt,0,0.0,0.421764,0.320099,0.320099,1.0,8
block_cont_r5__temp_opt_r3,same_matched,block_cont_r5,temp_opt_r3,block_or_occupancy,block_or_occupancy,block_cont,temp_opt,0,2.0,0.422555,0.338092,0.338092,1.0,8
block_cont_r9__temp_opt_r10,same_matched,block_cont_r9,temp_opt_r10,block_or_occupancy,block_or_occupancy,block_cont,temp_opt,0,3.0,0.405467,0.337325,0.337325,1.0,8
block_cont_r11__temp_opt_r3,same_matched,block_cont_r11,temp_opt_r3,block_or_occupancy,block_or_occupancy,block_cont,temp_opt,0,2.0,0.418222,0.350453,0.350453,1.0,8
block_cont_r3__temp_opt_r5,same_matched,block_cont_r3,temp_opt_r5,block_or_occupancy,block_or_occupancy,block_cont,temp_opt,0,0.0,0.403661,0.322486,0.322486,1.0,8
block_cont_r3__temp_opt_r4,same_matched,block_cont_r3,temp_opt_r4,block_or_occupancy,block_or_occupancy,block_cont,temp_opt,0,0.0,0.42498,0.323362,0.323362,1.0,8
block_cont_r12__temp_opt_r10,same_matched,block_cont_r12,temp_opt_r10,block_or_occupancy,block_or_occupancy,block_cont,temp_opt,0,0.0,0.421764,0.320099,0.320099,1.0,8
block_cont_r7__temp_opt_r7,same_matched,block_cont_r7,temp_opt_r7,block_or_occupancy,block_or_occupancy,block_cont,temp_opt,0,0.0,0.406798,0.270766,0.270766,1.0,8
block_cont_r5__temp_opt_r7,same_matched,block_cont_r5,temp_opt_r7,block_or_occupancy,block_or_occupancy,block_cont,temp_opt,0,0.0,0.412135,0.280274,0.280274,1.0,8
block_cont_r5__temp_opt_r7,same_matched,block_cont_r5,temp_opt_r7,block_or_occupancy,block_or_occupancy,block_cont,temp_opt,0,0.0,0.412135,0.280274,0.280274,1.0,8
block_cont_r1__temp_opt_r5,same_matched,block_cont_r1,temp_opt_r5,block_or_occupancy,block_or_occupancy,block_cont,temp_opt,0,1.0,0.397989,0.321495,0.321495,1.0,8
block_cont_r7__temp_opt_r1,same_matched,block_cont_r7,temp_opt_r1,block_or_occupancy,block_or_occupancy,block_cont,temp_opt,0,2.0,0.439085,0.331106,0.331106,1.0,8
block_cont_r2__temp_opt_r1,same_matched,block_cont_r2,temp_opt_r1,block_or_occupancy,block_or_occupancy,block_cont,temp_opt,0,0.0,0.426933,0.325492,0.325492,1.0,8
block_cont_r11__temp_opt_r4,same_matched,block_cont_r11,temp_opt_r4,block_or_occupancy,block_or_occupancy,block_cont,temp_opt,0,1.0,0.430318,0.34782,0.34782,1.0,8
block_cont_r2__temp_opt_r3,same_matched,block_cont_r2,temp_opt_r3,block_or_occupancy,block_or_occupancy,block_cont,temp_opt,0,0.0,0.402049,0.314516,0.314516,1.0,8
block_cont_r8__temp_opt_r3,same_matched,block_cont_r8,temp_opt_r3,block_or_occupancy,block_or_occupancy,block_cont,temp_opt,0,3.0,0.426367,0.342441,0.342441,1.0,8
block_cont_r1__temp_opt_r6,same_matched,block_cont_r1,temp_opt_r6,block_or_occupancy,block_or_occupancy,block_cont,temp_opt,0,1.0,0.397414,0.321557,0.321557,1.0,8
block_cont_r12__temp_opt_r2,same_matched,block_cont_r12,temp_opt_r2,block_or_occupancy,block_or_occupancy,block_cont,temp_opt,0,0.0,0.409041,0.315872,0.315872,1.0,8
block_cont_r1__temp_opt_r5,same_matched,block_cont_r1,temp_opt_r5,block_or_occupancy,block_or_occupancy,block_cont,temp_opt,0,1.0,0.397989,0.321495,0.321495,1.0,8
block_cont_r4__temp_opt_r10,same_matched,block_cont_r4,temp_opt_r10,block_or_occupancy,block_or_occupancy,block_cont,temp_opt,0,1.0,0.388017,0.315637,0.315637,1.0,8
block_cont_r1__temp_opt_r6,same_matched,block_cont_r1,temp_opt_r6,block_or_occupancy,block_or_occupancy,block_cont,temp_opt,0,1.0,0.397414,0.321557,0.321557,1.0,8
lead_cont_r1__lead_opt_r12,same_matched,lead_cont_r1,lead_opt_r12,lead,lead,lead_cont,lead_opt,0,1.0,0.365059,0.29029,0.29029,1.0,8
cross_clear_r11__cross_stall_r7,same_matched,cross_clear_r11,cross_stall_r7,cross,cross,cross_clear,cross_stall,0,2.0,0.139736,0.104853,0.104853,1.0,8
block_cont_r8__block_nec_r12,same_matched,block_cont_r8,block_nec_r12,block_or_occupancy,block_or_occupancy,block_cont,block_nec,0,3.0,0.374988,0.303747,0.303747,1.0,8
cross_clear_r9__cross_stall_r3,same_matched,cross_clear_r9,cross_stall_r3,cross,cross,cross_clear,cross_stall,0,1.0,0.23784,0.208314,0.208314,1.0,8
lead_cont_r5__lead_opt_r9,same_matched,lead_cont_r5,lead_opt_r9,lead,lead,lead_cont,lead_opt,0,1.0,0.332478,0.268068,0.268068,1.0,8
block_cont_r6__temp_opt_r7,same_matched,block_cont_r6,temp_opt_r7,block_or_occupancy,block_or_occupancy,block_cont,temp_opt,0,0.0,0.417997,0.274438,0.274438,1.0,8
block_cont_r4__temp_opt_r2,same_matched,block_cont_r4,temp_opt_r2,block_or_occupancy,block_or_occupancy,block_cont,temp_opt,0,1.0,0.375294,0.31141,0.31141,1.0,8
cross_stall_occ_r12__cross_stall_r8,same_matched,cross_stall_occ_r12,cross_stall_r8,cross,cross,cross_stall_occ,cross_stall,0,2.0,0.324664,0.270766,0.270766,1.0,8
cross_clear_r10__cross_stall_r5,same_matched,cross_clear_r10,cross_stall_r5,cross,cross,cross_clear,cross_stall,0,0.0,0.22353,0.170168,0.170168,1.0,8
block_cont_r10__temp_opt_r2,same_matched,block_cont_r10,temp_opt_r2,block_or_occupancy,block_or_occupancy,block_cont,temp_opt,0,1.0,0.391344,0.315037,0.315037,1.0,8
lead_cont_r5__lead_nec_r11,same_matched,lead_cont_r5,lead_nec_r11,lead,lead,lead_cont,lead_nec,0,1.0,0.325447,0.265857,0.265857,1.0,8
cross_clear_r4__cross_stall_occ_r6,same_matched,cross_clear_r4,cross_stall_occ_r6,cross,cross,cross_clear,cross_stall_occ,0,2.0,0.310494,0.270575,0.270575,1.0,8
block_cont_r8__block_cont_r9,same_matched,block_cont_r8,block_cont_r9,block_or_occupancy,block_or_occupancy,block_cont,block_cont,0,0.0,0.053752,0.018667,0.018667,1.0,8
cross_stall_occ_r1__cross_stall_occ_r4,same_matched,cross_stall_occ_r1,cross_stall_occ_r4,cross,cross,cross_stall_occ,cross_stall_occ,0,1.0,0.076041,0.034327,0.034327,1.0,8
block_nec_r5__block_nec_r8,same_matched,block_nec_r5,block_nec_r8,block_or_occupancy,block_or_occupancy,block_nec,block_nec,0,1.0,0.013132,0.00751,0.00751,1.0,8
lead_cont_r11__lead_cont_r6,same_matched,lead_cont_r11,lead_cont_r6,lead,lead,lead_cont,lead_cont,0,1.0,0.067834,0.035769,0.035769,1.0,8
cross_stall_occ_r4__cross_stall_occ_r5,same_matched,cross_stall_occ_r4,cross_stall_occ_r5,cross,cross,cross_stall_occ,cross_stall_occ,0,1.0,0.067608,0.049772,0.049772,1.0,8
block_nec_r2__temp_opt_r3,same_matched,block_nec_r2,temp_opt_r3,block_or_occupancy,block_or_occupancy,block_nec,temp_opt,0,0.0,0.064487,0.053961,0.053961,1.0,8
block_nec_r9__temp_opt_r1,same_matched,block_nec_r9,temp_opt_r1,block_or_occupancy,block_or_occupancy,block_nec,temp_opt,0,3.0,0.11343,0.135603,0.135603,1.0,8
block_nec_r2__temp_opt_r5,same_matched,block_nec_r2,temp_opt_r5,block_or_occupancy,block_or_occupancy,block_nec,temp_opt,0,1.0,0.055264,0.050452,0.050452,1.0,8
block_nec_r12__temp_opt_r4,same_matched,block_nec_r12,temp_opt_r4,block_or_occupancy,block_or_occupancy,block_nec,temp_opt,0,1.0,0.064867,0.037471,0.037471,1.0,8
block_cont_r3__block_cont_r4,same_matched,block_cont_r3,block_cont_r4,block_or_occupancy,block_or_occupancy,block_cont,block_cont,0,0.0,0.057719,0.02391,0.02391,1.0,8
lead_cont_r10__lead_cont_r2,same_matched,lead_cont_r10,lead_cont_r2,lead,lead,lead_cont,lead_cont,0,3.0,0.0641,0.036841,0.036841,1.0,8
cross_stall_occ_r12__cross_stall_occ_r7,same_matched,cross_stall_occ_r12,cross_stall_occ_r7,cross,cross,cross_stall_occ,cross_stall_occ,0,2.0,0.048639,0.03146,0.03146,1.0,8
block_cont_r9__temp_opt_r4,same_matched,block_cont_r9,temp_opt_r4,block_or_occupancy,block_or_occupancy,block_cont,temp_opt,0,2.0,0.384711,0.32114,0.32114,1.0,8
block_cont_r8__temp_opt_r9,same_matched,block_cont_r8,temp_opt_r9,block_or_occupancy,block_or_occupancy,block_cont,temp_opt,0,1.0,0.381542,0.313833,0.313833,1.0,8
lead_cont_r1__lead_opt_r7,same_matched,lead_cont_r1,lead_opt_r7,lead,lead,lead_cont,lead_opt,0,3.0,0.355033,0.277383,0.277383,1.0,8
block_cont_r8__block_nec_r12,same_matched,block_cont_r8,block_nec_r12,block_or_occupancy,block_or_occupancy,block_cont,block_nec,0,3.0,0.374988,0.303747,0.303747,1.0,8
block_cont_r10__temp_opt_r1,same_matched,block_cont_r10,temp_opt_r1,block_or_occupancy,block_or_occupancy,block_cont,temp_opt,0,1.0,0.396099,0.316689,0.316689,1.0,8
lead_cont_r12__lead_opt_r10,same_matched,lead_cont_r12,lead_opt_r10,lead,lead,lead_cont,lead_opt,0,0.0,0.371988,0.286442,0.286442,1.0,8
block_cont_r9__temp_opt_r4,same_matched,block_cont_r9,temp_opt_r4,block_or_occupancy,block_or_occupancy,block_cont,temp_opt,0,2.0,0.384711,0.32114,0.32114,1.0,8
block_cont_r12__temp_opt_r9,same_matched,block_cont_r12,temp_opt_r9,block_or_occupancy,block_or_occupancy,block_cont,temp_opt,0,2.0,0.345756,0.280251,0.280251,1.0,8
cross_clear_r7__cross_stall_occ_r11,same_matched,cross_clear_r7,cross_stall_occ_r11,cross,cross,cross_clear,cross_stall_occ,0,1.0,0.378423,0.288599,0.288599,1.0,8
block_cont_r8__temp_opt_r9,same_matched,block_cont_r8,temp_opt_r9,block_or_occupancy,block_or_occupancy,block_cont,temp_opt,0,1.0,0.381542,0.313833,0.313833,1.0,8
block_cont_r8__temp_opt_r12,same_matched,block_cont_r8,temp_opt_r12,block_or_occupancy,block_or_occupancy,block_cont,temp_opt,0,1.0,0.392484,0.28683,0.28683,1.0,8
block_cont_r12__temp_opt_r12,same_matched,block_cont_r12,temp_opt_r12,block_or_occupancy,block_or_occupancy,block_cont,temp_opt,0,2.0,0.370182,0.264214,0.264214,1.0,8
cross_clear_r3__cross_stall_r12,same_matched,cross_clear_r3,cross_stall_r12,cross,cross,cross_clear,cross_stall,0,2.0,0.066498,0.04209,0.04209,1.0,8
cross_clear_r8__cross_stall_r9,same_matched,cross_clear_r8,cross_stall_r9,cross,cross,cross_clear,cross_stall,0,0.0,0.10227,0.06677,0.06677,1.0,8
block_nec_r3__temp_opt_r6,same_matched,block_nec_r3,temp_opt_r6,block_or_occupancy,block_or_occupancy,block_nec,temp_opt,0,0.0,0.092757,0.111377,0.111377,1.0,8
cross_stall_occ_r1__cross_stall_occ_r4,same_matched,cross_stall_occ_r1,cross_stall_occ_r4,cross,cross,cross_stall_occ,cross_stall_occ,0,1.0,0.076041,0.034327,0.034327,1.0,8
block_cont_r11__block_cont_r4,same_matched,block_cont_r11,block_cont_r4,block_or_occupancy,block_or_occupancy,block_cont,block_cont,0,1.0,0.09044,0.065529,0.065529,1.0,8
cross_clear_r1__cross_stall_r5,same_matched,cross_clear_r1,cross_stall_r5,cross,cross,cross_clear,cross_stall,0,2.0,0.094653,0.057564,0.057564,1.0,8
block_nec_r8__temp_opt_r7,same_matched,block_nec_r8,temp_opt_r7,block_or_occupancy,block_or_occupancy,block_nec,temp_opt,0,1.0,0.123005,0.091791,0.091791,1.0,8
cross_clear_r3__cross_stall_r11,same_matched,cross_clear_r3,cross_stall_r11,cross,cross,cross_clear,cross_stall,0,2.0,0.084678,0.073042,0.073042,1.0,8
cross_clear_r8__cross_stall_r12,same_matched,cross_clear_r8,cross_stall_r12,cross,cross,cross_clear,cross_stall,0,1.0,0.097393,0.066568,0.066568,1.0,8
cross_stall_occ_r1__cross_stall_occ_r4,same_matched,cross_stall_occ_r1,cross_stall_occ_r4,cross,cross,cross_stall_occ,cross_stall_occ,0,1.0,0.076041,0.034327,0.034327,1.0,8
block_nec_r5__temp_opt_r9,same_matched,block_nec_r5,temp_opt_r9,block_or_occupancy,block_or_occupancy,block_nec,temp_opt,0,0.0,0.101732,0.12336,0.12336,1.0,8
cross_clear_r4__cross_clear_r7,same_matched,cross_clear_r4,cross_clear_r7,cross,cross,cross_clear,cross_clear,0,1.0,0.085702,0.038236,0.038236,1.0,8
block_cont_r10__temp_opt_r10,same_matched,block_cont_r10,temp_opt_r10,block_or_occupancy,block_or_occupancy,block_cont,temp_opt,0,1.0,0.404067,0.319264,0.319264,1.0,8
block_cont_r5__temp_opt_r7,same_matched,block_cont_r5,temp_opt_r7,block_or_occupancy,block_or_occupancy,block_cont,temp_opt,0,0.0,0.412135,0.280274,0.280274,1.0,8
block_cont_r11__temp_opt_r6,same_matched,block_cont_r11,temp_opt_r6,block_or_occupancy,block_or_occupancy,block_cont,temp_opt,0,1.0,0.408424,0.347006,0.347006,1.0,8
block_cont_r2__temp_opt_r11,same_matched,block_cont_r2,temp_opt_r11,block_or_occupancy,block_or_occupancy,block_cont,temp_opt,0,1.0,0.425951,0.324801,0.324801,1.0,8
block_cont_r1__temp_opt_r2,same_matched,block_cont_r1,temp_opt_r2,block_or_occupancy,block_or_occupancy,block_cont,temp_opt,0,0.0,0.42734,0.334329,0.334329,1.0,8
block_cont_r12__temp_opt_r2,same_matched,block_cont_r12,temp_opt_r2,block_or_occupancy,block_or_occupancy,block_cont,temp_opt,0,0.0,0.409041,0.315872,0.315872,1.0,8
block_cont_r5__temp_opt_r3,same_matched,block_cont_r5,temp_opt_r3,block_or_occupancy,block_or_occupancy,block_cont,temp_opt,0,2.0,0.422555,0.338092,0.338092,1.0,8
block_cont_r11__temp_opt_r6,same_matched,block_cont_r11,temp_opt_r6,block_or_occupancy,block_or_occupancy,block_cont,temp_opt,0,1.0,0.408424,0.347006,0.347006,1.0,8
block_cont_r11__temp_opt_r4,same_matched,block_cont_r11,temp_opt_r4,block_or_occupancy,block_or_occupancy,block_cont,temp_opt,0,1.0,0.430318,0.34782,0.34782,1.0,8
block_cont_r2__temp_opt_r11,same_matched,block_cont_r2,temp_opt_r11,block_or_occupancy,block_or_occupancy,block_cont,temp_opt,0,1.0,0.425951,0.324801,0.324801,1.0,8
block_cont_r5__temp_opt_r7,same_matched,block_cont_r5,temp_opt_r7,block_or_occupancy,block_or_occupancy,block_cont,temp_opt,0,0.0,0.412135,0.280274,0.280274,1.0,8
block_cont_r8__temp_opt_r5,same_matched,block_cont_r8,temp_opt_r5,block_or_occupancy,block_or_occupancy,block_cont,temp_opt,0,2.0,0.417143,0.338931,0.338931,1.0,8
block_cont_r8__temp_opt_r5,same_matched,block_cont_r8,temp_opt_r5,block_or_occupancy,block_or_occupancy,block_cont,temp_opt,0,2.0,0.417143,0.338931,0.338931,1.0,8
block_cont_r10__temp_opt_r10,same_matched,block_cont_r10,temp_opt_r10,block_or_occupancy,block_or_occupancy,block_cont,temp_opt,0,1.0,0.404067,0.319264,0.319264,1.0,8
block_cont_r11__temp_opt_r1,same_matched,block_cont_r11,temp_opt_r1,block_or_occupancy,block_or_occupancy,block_cont,temp_opt,0,2.0,0.443106,0.361429,0.361429,1.0,8
block_cont_r1__temp_opt_r11,same_matched,block_cont_r1,temp_opt_r11,block_or_occupancy,block_or_occupancy,block_cont,temp_opt,0,1.0,0.431113,0.33529,0.33529,1.0,8
block_cont_r7__temp_opt_r2,same_matched,block_cont_r7,temp_opt_r2,block_or_occupancy,block_or_occupancy,block_cont,temp_opt,0,2.0,0.43433,0.329455,0.329455,1.0,8
block_cont_r7__temp_opt_r7,same_matched,block_cont_r7,temp_opt_r7,block_or_occupancy,block_or_occupancy,block_cont,temp_opt,0,0.0,0.406798,0.270766,0.270766,1.0,8
block_cont_r1__temp_opt_r11,same_matched,block_cont_r1,temp_opt_r11,block_or_occupancy,block_or_occupancy,block_cont,temp_opt,0,1.0,0.431113,0.33529,0.33529,1.0,8
block_cont_r2__temp_opt_r3,same_matched,block_cont_r2,temp_opt_r3,block_or_occupancy,block_or_occupancy,block_cont,temp_opt,0,0.0,0.402049,0.314516,0.314516,1.0,8
block_cont_r12__temp_opt_r1,same_matched,block_cont_r12,temp_opt_r1,block_or_occupancy,block_or_occupancy,block_cont,temp_opt,0,0.0,0.413797,0.317524,0.317524,1.0,8
block_cont_r10__temp_opt_r10,same_matched,block_cont_r10,temp_opt_r10,block_or_occupancy,block_or_occupancy,block_cont,temp_opt,0,1.0,0.404067,0.319264,0.319264,1.0,8
block_cont_r2__temp_opt_r6,same_matched,block_cont_r2,temp_opt_r6,block_or_occupancy,block_or_occupancy,block_cont,temp_opt,0,1.0,0.392251,0.311069,0.311069,1.0,8
block_cont_r2__temp_opt_r3,same_matched,block_cont_r2,temp_opt_r3,block_or_occupancy,block_or_occupancy,block_cont,temp_opt,0,0.0,0.402049,0.314516,0.314516,1.0,8
cross_clear_r1__cross_stall_occ_r11,same_matched,cross_clear_r1,cross_stall_occ_r11,cross,cross,cross_clear,cross_stall_occ,0,2.0,0.351952,0.293375,0.293375,1.0,8
cross_clear_r10__cross_stall_occ_r11,same_matched,cross_clear_r10,cross_stall_occ_r11,cross,cross,cross_clear,cross_stall_occ,0,0.0,0.149925,0.115248,0.115248,1.0,8
cross_clear_r11__cross_stall_occ_r11,same_matched,cross_clear_r11,cross_stall_occ_r11,cross,cross,cross_clear,cross_stall_occ,0,0.0,0.36197,0.253386,0.253386,1.0,8
cross_clear_r12__cross_stall_occ_r11,same_matched,cross_clear_r12,cross_stall_occ_r11,cross,cross,cross_clear,cross_stall_occ,0,0.0,0.225024,0.193939,0.193939,1.0,8
cross_clear_r2__cross_stall_occ_r11,same_matched,cross_clear_r2,cross_stall_occ_r11,cross,cross,cross_clear,cross_stall_occ,0,2.0,0.319351,0.280207,0.280207,1.0,8
cross_clear_r3__cross_stall_occ_r11,same_matched,cross_clear_r3,cross_stall_occ_r11,cross,cross,cross_clear,cross_stall_occ,0,2.0,0.404827,0.308637,0.308637,1.0,8
cross_clear_r4__cross_stall_occ_r11,same_matched,cross_clear_r4,cross_stall_occ_r11,cross,cross,cross_clear,cross_stall_occ,0,2.0,0.362265,0.294746,0.294746,1.0,8
cross_clear_r5__cross_stall_occ_r11,same_matched,cross_clear_r5,cross_stall_occ_r11,cross,cross,cross_clear,cross_stall_occ,0,1.0,0.318832,0.213965,0.213965,1.0,8
cross_clear_r6__cross_stall_occ_r11,same_matched,cross_clear_r6,cross_stall_occ_r11,cross,cross,cross_clear,cross_stall_occ,0,1.0,0.209989,0.181623,0.181623,1.0,8
cross_clear_r7__cross_stall_occ_r11,same_matched,cross_clear_r7,cross_stall_occ_r11,cross,cross,cross_clear,cross_stall_occ,0,1.0,0.378423,0.288599,0.288599,1.0,8
cross_clear_r8__cross_stall_occ_r11,same_matched,cross_clear_r8,cross_stall_occ_r11,cross,cross,cross_clear,cross_stall_occ,0,1.0,0.312322,0.254952,0.254952,1.0,8
cross_clear_r9__cross_stall_occ_r11,same_matched,cross_clear_r9,cross_stall_occ_r11,cross,cross,cross_clear,cross_stall_occ,0,0.0,0.297415,0.18306,0.18306,1.0,8
cross_stall_occ_r1__cross_stall_occ_r11,same_matched,cross_stall_occ_r1,cross_stall_occ_r11,cross,cross,cross_stall_occ,cross_stall_occ,0,2.0,0.040608,0.028506,0.028506,1.0,8
cross_stall_occ_r10__cross_stall_occ_r11,same_matched,cross_stall_occ_r10,cross_stall_occ_r11,cross,cross,cross_stall_occ,cross_stall_occ,0,1.0,0.062902,0.034784,0.034784,1.0,8
lead_cont_r10__lead_cont_r8,same_matched,lead_cont_r10,lead_cont_r8,lead,lead,lead_cont,lead_cont,0,0.0,0.000546,1.7e-05,1.7e-05,1.0,8
cross_stall_occ_r11__cross_stall_occ_r12,same_matched,cross_stall_occ_r11,cross_stall_occ_r12,cross,cross,cross_stall_occ,cross_stall_occ,0,0.0,0.054687,0.026643,0.026643,1.0,8
cross_stall_occ_r11__cross_stall_occ_r2,same_matched,cross_stall_occ_r11,cross_stall_occ_r2,cross,cross,cross_stall_occ,cross_stall_occ,0,2.0,0.054414,0.033441,0.033441,1.0,8
cross_stall_occ_r11__cross_stall_occ_r3,same_matched,cross_stall_occ_r11,cross_stall_occ_r3,cross,cross,cross_stall_occ,cross_stall_occ,0,1.0,0.051396,0.02808,0.02808,1.0,8
cross_stall_occ_r11__cross_stall_occ_r4,same_matched,cross_stall_occ_r11,cross_stall_occ_r4,cross,cross,cross_stall_occ,cross_stall_occ,0,1.0,0.100152,0.052893,0.052893,1.0,8
block_nec_r9__temp_opt_r8,same_matched,block_nec_r9,temp_opt_r8,block_or_occupancy,block_or_occupancy,block_nec,temp_opt,0,1.0,0.042574,0.080018,0.080018,1.0,8
cross_stall_occ_r11__cross_stall_occ_r6,same_matched,cross_stall_occ_r11,cross_stall_occ_r6,cross,cross,cross_stall_occ,cross_stall_occ,0,0.0,0.051771,0.025757,0.025757,1.0,8
cross_stall_occ_r11__cross_stall_occ_r7,same_matched,cross_stall_occ_r11,cross_stall_occ_r7,cross,cross,cross_stall_occ,cross_stall_occ,0,2.0,0.044578,0.030583,0.030583,1.0,8
cross_stall_occ_r11__cross_stall_occ_r8,same_matched,cross_stall_occ_r11,cross_stall_occ_r8,cross,cross,cross_stall_occ,cross_stall_occ,0,2.0,0.050982,0.031676,0.031676,1.0,8
cross_stall_occ_r11__cross_stall_occ_r9,same_matched,cross_stall_occ_r11,cross_stall_occ_r9,cross,cross,cross_stall_occ,cross_stall_occ,0,1.0,0.035505,0.026772,0.026772,1.0,8
cross_stall_occ_r11__cross_stall_r1,same_matched,cross_stall_occ_r11,cross_stall_r1,cross,cross,cross_stall_occ,cross_stall,0,2.0,0.372972,0.293184,0.293184,1.0,8
cross_stall_occ_r11__cross_stall_r10,same_matched,cross_stall_occ_r11,cross_stall_r10,cross,cross,cross_stall_occ,cross_stall,0,1.0,0.368336,0.28874,0.28874,1.0,8
cross_stall_occ_r11__cross_stall_r11,same_matched,cross_stall_occ_r11,cross_stall_r11,cross,cross,cross_stall_occ,cross_stall,0,0.0,0.354734,0.249847,0.249847,1.0,8
cross_stall_occ_r11__cross_stall_r12,same_matched,cross_stall_occ_r11,cross_stall_r12,cross,cross,cross_stall_occ,cross_stall,0,0.0,0.361625,0.277775,0.277775,1.0,8
cross_stall_occ_r11__cross_stall_r2,same_matched,cross_stall_occ_r11,cross_stall_r2,cross,cross,cross_stall_occ,cross_stall,0,2.0,0.38302,0.299513,0.299513,1.0,8
cross_stall_occ_r11__cross_stall_r3,same_matched,cross_stall_occ_r11,cross_stall_r3,cross,cross,cross_stall_occ,cross_stall,0,1.0,0.358851,0.278609,0.278609,1.0,8
cross_stall_occ_r11__cross_stall_r4,same_matched,cross_stall_occ_r11,cross_stall_r4,cross,cross,cross_stall_occ,cross_stall,0,1.0,0.372037,0.291399,0.291399,1.0,8
cross_stall_occ_r11__cross_stall_r5,same_matched,cross_stall_occ_r11,cross_stall_r5,cross,cross,cross_stall_occ,cross_stall,0,0.0,0.335182,0.245328,0.245328,1.0,8
cross_stall_occ_r11__cross_stall_r6,same_matched,cross_stall_occ_r11,cross_stall_r6,cross,cross,cross_stall_occ,cross_stall,0,0.0,0.365571,0.284681,0.284681,1.0,8
cross_stall_occ_r11__cross_stall_r7,same_matched,cross_stall_occ_r11,cross_stall_r7,cross,cross,cross_stall_occ,cross_stall,0,2.0,0.368681,0.290385,0.290385,1.0,8
cross_stall_occ_r11__cross_stall_r8,same_matched,cross_stall_occ_r11,cross_stall_r8,cross,cross,cross_stall_occ,cross_stall,0,2.0,0.379351,0.297409,0.297409,1.0,8
cross_stall_occ_r11__cross_stall_r9,same_matched,cross_stall_occ_r11,cross_stall_r9,cross,cross,cross_stall_occ,cross_stall,0,1.0,0.356747,0.274557,0.274557,1.0,8
lead_cont_r1__lead_cont_r3,same_matched,lead_cont_r1,lead_cont_r3,lead,lead,lead_cont,lead_cont,0,1.0,0.053168,0.021591,0.021591,1.0,8
block_nec_r7__temp_opt_r1,same_matched,block_nec_r7,temp_opt_r1,block_or_occupancy,block_or_occupancy,block_nec,temp_opt,0,2.0,0.089085,0.073121,0.073121,1.0,8
cross_clear_r4__cross_stall_r10,same_matched,cross_clear_r4,cross_stall_r10,cross,cross,cross_clear,cross_stall,0,1.0,0.079771,0.046029,0.046029,1.0,8
cross_clear_r3__cross_clear_r7,same_matched,cross_clear_r3,cross_clear_r7,cross,cross,cross_clear,cross_clear,0,1.0,0.062649,0.035887,0.035887,1.0,8
cross_clear_r1__cross_stall_r10,same_matched,cross_clear_r1,cross_stall_r10,cross,cross,cross_clear,cross_stall,0,1.0,0.077598,0.035864,0.035864,1.0,8
block_nec_r11__block_nec_r9,same_matched,block_nec_r11,block_nec_r9,block_or_occupancy,block_or_occupancy,block_nec,block_nec,0,1.0,0.081488,0.061744,0.061744,1.0,8
block_nec_r1__temp_opt_r2,same_matched,block_nec_r1,temp_opt_r2,block_or_occupancy,block_or_occupancy,block_nec,temp_opt,0,0.0,0.110548,0.100163,0.100163,1.0,8
cross_stall_occ_r4__cross_stall_occ_r7,same_matched,cross_stall_occ_r4,cross_stall_occ_r7,cross,cross,cross_stall_occ,cross_stall_occ,0,1.0,0.071679,0.032398,0.032398,1.0,8
block_nec_r12__temp_opt_r10,same_matched,block_nec_r12,temp_opt_r10,block_or_occupancy,block_or_occupancy,block_nec,temp_opt,0,0.0,0.084231,0.052245,0.052245,1.0,8
cross_stall_occ_r10__cross_stall_occ_r11,same_matched,cross_stall_occ_r10,cross_stall_occ_r11,cross,cross,cross_stall_occ,cross_stall_occ,0,1.0,0.062902,0.034784,0.034784,1.0,8
block_nec_r9__temp_opt_r3,same_matched,block_nec_r9,temp_opt_r3,block_or_occupancy,block_or_occupancy,block_nec,temp_opt,0,3.0,0.088547,0.124628,0.124628,1.0,8
block_cont_r4__block_cont_r6,same_matched,block_cont_r4,block_cont_r6,block_or_occupancy,block_or_occupancy,block_cont,block_cont,0,1.0,0.072168,0.03586,0.03586,1.0,8
block_cont_r10__temp_opt_r2,same_matched,block_cont_r10,temp_opt_r2,block_or_occupancy,block_or_occupancy,block_cont,temp_opt,0,1.0,0.391344,0.315037,0.315037,1.0,8
block_cont_r1__temp_opt_r5,same_matched,block_cont_r1,temp_opt_r5,block_or_occupancy,block_or_occupancy,block_cont,temp_opt,0,1.0,0.397989,0.321495,0.321495,1.0,8
block_cont_r10__temp_opt_r11,same_matched,block_cont_r10,temp_opt_r11,block_or_occupancy,block_or_occupancy,block_cont,temp_opt,0,0.0,0.395117,0.315998,0.315998,1.0,8
block_cont_r5__temp_opt_r6,same_matched,block_cont_r5,temp_opt_r6,block_or_occupancy,block_or_occupancy,block_cont,temp_opt,0,1.0,0.412757,0.334645,0.334645,1.0,8
block_cont_r7__temp_opt_r3,same_matched,block_cont_r7,temp_opt_r3,block_or_occupancy,block_or_occupancy,block_cont,temp_opt,0,2.0,0.414202,0.320131,0.320131,1.0,8
block_cont_r1__temp_opt_r6,same_matched,block_cont_r1,temp_opt_r6,block_or_occupancy,block_or_occupancy,block_cont,temp_opt,0,1.0,0.397414,0.321557,0.321557,1.0,8
block_cont_r12__temp_opt_r2,same_matched,block_cont_r12,temp_opt_r2,block_or_occupancy,block_or_occupancy,block_cont,temp_opt,0,0.0,0.409041,0.315872,0.315872,1.0,8
block_cont_r10__temp_opt_r11,same_matched,block_cont_r10,temp_opt_r11,block_or_occupancy,block_or_occupancy,block_cont,temp_opt,0,0.0,0.395117,0.315998,0.315998,1.0,8
block_cont_r8__temp_opt_r6,same_matched,block_cont_r8,temp_opt_r6,block_or_occupancy,block_or_occupancy,block_cont,temp_opt,0,2.0,0.416569,0.338993,0.338993,1.0,8
block_cont_r3__temp_opt_r3,same_matched,block_cont_r3,temp_opt_r3,block_or_occupancy,block_or_occupancy,block_cont,temp_opt,0,1.0,0.412884,0.325995,0.325995,1.0,8
block_cont_r1__temp_opt_r5,same_matched,block_cont_r1,temp_opt_r5,block_or_occupancy,block_or_occupancy,block_cont,temp_opt,0,1.0,0.397989,0.321495,0.321495,1.0,8
block_cont_r3__temp_opt_r5,same_matched,block_cont_r3,temp_opt_r5,block_or_occupancy,block_or_occupancy,block_cont,temp_opt,0,0.0,0.403661,0.322486,0.322486,1.0,8
block_cont_r10__temp_opt_r10,same_matched,block_cont_r10,temp_opt_r10,block_or_occupancy,block_or_occupancy,block_cont,temp_opt,0,1.0,0.404067,0.319264,0.319264,1.0,8
block_cont_r10__temp_opt_r2,same_matched,block_cont_r10,temp_opt_r2,block_or_occupancy,block_or_occupancy,block_cont,temp_opt,0,1.0,0.391344,0.315037,0.315037,1.0,8
block_cont_r11__temp_opt_r4,same_matched,block_cont_r11,temp_opt_r4,block_or_occupancy,block_or_occupancy,block_cont,temp_opt,0,1.0,0.430318,0.34782,0.34782,1.0,8
block_cont_r11__temp_opt_r3,same_matched,block_cont_r11,temp_opt_r3,block_or_occupancy,block_or_occupancy,block_cont,temp_opt,0,2.0,0.418222,0.350453,0.350453,1.0,8
block_cont_r12__temp_opt_r10,same_matched,block_cont_r12,temp_opt_r10,block_or_occupancy,block_or_occupancy,block_cont,temp_opt,0,0.0,0.421764,0.320099,0.320099,1.0,8
block_cont_r6__temp_opt_r12,same_matched,block_cont_r6,temp_opt_r12,block_or_occupancy,block_or_occupancy,block_cont,temp_opt,0,0.0,0.393452,0.27372,0.27372,1.0,8
block_cont_r11__temp_opt_r3,same_matched,block_cont_r11,temp_opt_r3,block_or_occupancy,block_or_occupancy,block_cont,temp_opt,0,2.0,0.418222,0.350453,0.350453,1.0,8
block_cont_r5__temp_opt_r12,same_matched,block_cont_r5,temp_opt_r12,block_or_occupancy,block_or_occupancy,block_cont,temp_opt,0,0.0,0.388673,0.282481,0.282481,1.0,8
block_cont_r2__temp_opt_r3,same_matched,block_cont_r2,temp_opt_r3,block_or_occupancy,block_or_occupancy,block_cont,temp_opt,0,0.0,0.402049,0.314516,0.314516,1.0,8
block_cont_r10__temp_opt_r2,same_matched,block_cont_r10,temp_opt_r2,block_or_occupancy,block_or_occupancy,block_cont,temp_opt,0,1.0,0.391344,0.315037,0.315037,1.0,8
block_cont_r12__temp_opt_r6,same_matched,block_cont_r12,temp_opt_r6,block_or_occupancy,block_or_occupancy,block_cont,temp_opt,0,1.0,0.379115,0.303101,0.303101,1.0,8
block_cont_r12__temp_opt_r3,same_matched,block_cont_r12,temp_opt_r3,block_or_occupancy,block_or_occupancy,block_cont,temp_opt,0,0.0,0.388913,0.306548,0.306548,1.0,8
block_cont_r10__temp_opt_r7,same_matched,block_cont_r10,temp_opt_r7,block_or_occupancy,block_or_occupancy,block_cont,temp_opt,0,1.0,0.364048,0.259427,0.259427,1.0,8
cross_clear_r11__cross_clear_r8,same_matched,cross_clear_r11,cross_clear_r8,cross,cross,cross_clear,cross_clear,0,1.0,0.127515,0.082171,0.082171,1.0,8
lead_cont_r12__lead_opt_r9,same_matched,lead_cont_r12,lead_opt_r9,lead,lead,lead_cont,lead_opt,0,1.0,0.373864,0.286183,0.286183,1.0,8
cross_clear_r6__cross_stall_occ_r2,same_matched,cross_clear_r6,cross_stall_occ_r2,cross,cross,cross_clear,cross_stall_occ,0,1.0,0.237572,0.191563,0.191563,1.0,8
lead_cont_r9__lead_nec_r9,same_matched,lead_cont_r9,lead_nec_r9,lead,lead,lead_cont,lead_nec,0,0.0,0.331474,0.274474,0.274474,1.0,8
block_cont_r8__temp_opt_r5,same_matched,block_cont_r8,temp_opt_r5,block_or_occupancy,block_or_occupancy,block_cont,temp_opt,0,2.0,0.417143,0.338931,0.338931,1.0,8
lead_cont_r7__lead_opt_r5,same_matched,lead_cont_r7,lead_opt_r5,lead,lead,lead_cont,lead_opt,0,0.0,0.37414,0.28581,0.28581,1.0,8
lead_cont_r10__lead_nec_r12,same_matched,lead_cont_r10,lead_nec_r12,lead,lead,lead_cont,lead_nec,0,1.0,0.323624,0.269234,0.269234,1.0,8
cross_clear_r12__cross_stall_occ_r8,same_matched,cross_clear_r12,cross_stall_occ_r8,cross,cross,cross_clear,cross_stall_occ,0,2.0,0.221077,0.19323,0.19323,1.0,8
block_cont_r10__temp_opt_r2,same_matched,block_cont_r10,temp_opt_r2,block_or_occupancy,block_or_occupancy,block_cont,temp_opt,0,1.0,0.391344,0.315037,0.315037,1.0,8
lead_cont_r3__lead_opt_r1,same_matched,lead_cont_r3,lead_opt_r1,lead,lead,lead_cont,lead_opt,0,1.0,0.324515,0.276721,0.276721,1.0,8
cross_clear_r1__cross_stall_occ_r5,same_matched,cross_clear_r1,cross_stall_occ_r5,cross,cross,cross_clear,cross_stall_occ,0,2.0,0.309567,0.275428,0.275428,1.0,8
cross_clear_r2__cross_stall_r10,same_matched,cross_clear_r2,cross_stall_r10,cross,cross,cross_clear,cross_stall,0,1.0,0.07443,0.038862,0.038862,1.0,8
block_nec_r4__block_nec_r5,same_matched,block_nec_r4,block_nec_r5,block_or_occupancy,block_or_occupancy,block_nec,block_nec,0,1.0,0.075046,0.079062,0.079062,1.0,8
block_cont_r7__block_cont_r8,same_matched,block_cont_r7,block_cont_r8,block_or_occupancy,block_or_occupancy,block_cont,block_cont,0,1.0,0.033854,0.027067,0.027067,1.0,8
block_nec_r9__temp_opt_r3,same_matched,block_nec_r9,temp_opt_r3,block_or_occupancy,block_or_occupancy,block_nec,temp_opt,0,3.0,0.088547,0.124628,0.124628,1.0,8
block_nec_r10__temp_opt_r1,same_matched,block_nec_r10,temp_opt_r1,block_or_occupancy,block_or_occupancy,block_nec,temp_opt,0,1.0,0.088364,0.066718,0.066718,1.0,8
cross_clear_r11__cross_clear_r7,same_matched,cross_clear_r11,cross_clear_r7,cross,cross,cross_clear,cross_clear,0,1.0,0.063577,0.074004,0.074004,1.0,8
block_nec_r9__temp_opt_r11,same_matched,block_nec_r9,temp_opt_r11,block_or_occupancy,block_or_occupancy,block_nec,temp_opt,0,2.0,0.112448,0.134913,0.134913,1.0,8
block_nec_r12__temp_opt_r1,same_matched,block_nec_r12,temp_opt_r1,block_or_occupancy,block_or_occupancy,block_nec,temp_opt,0,0.0,0.076263,0.049669,0.049669,1.0,8
cross_clear_r4__cross_clear_r7,same_matched,cross_clear_r4,cross_clear_r7,cross,cross,cross_clear,cross_clear,0,1.0,0.085702,0.038236,0.038236,1.0,8
lead_cont_r1__lead_cont_r4,same_matched,lead_cont_r1,lead_cont_r4,lead,lead,lead_cont,lead_cont,0,1.0,0.078333,0.038359,0.038359,1.0,8
cross_clear_r3__cross_stall_r11,same_matched,cross_clear_r3,cross_stall_r11,cross,cross,cross_clear,cross_stall,0,2.0,0.084678,0.073042,0.073042,1.0,8
block_cont_r5__block_cont_r7,same_matched,block_cont_r5,block_cont_r7,block_or_occupancy,block_or_occupancy,block_cont,block_cont,0,0.0,0.048118,0.028689,0.028689,1.0,8
block_cont_r9__temp_opt_r4,same_matched,block_cont_r9,temp_opt_r4,block_or_occupancy,block_or_occupancy,block_cont,temp_opt,0,2.0,0.384711,0.32114,0.32114,1.0,8
block_cont_r8__temp_opt_r8,same_matched,block_cont_r8,temp_opt_r8,block_or_occupancy,block_or_occupancy,block_cont,temp_opt,0,1.0,0.380394,0.297831,0.297831,1.0,8
block_cont_r11__block_nec_r7,same_matched,block_cont_r11,block_nec_r7,block_or_occupancy,block_or_occupancy,block_cont,block_nec,0,0.0,0.354021,0.288307,0.288307,1.0,8
block_cont_r2__temp_opt_r12,same_matched,block_cont_r2,temp_opt_r12,block_or_occupancy,block_or_occupancy,block_cont,temp_opt,0,2.0,0.373799,0.264571,0.264571,1.0,8
block_cont_r10__temp_opt_r11,same_matched,block_cont_r10,temp_opt_r11,block_or_occupancy,block_or_occupancy,block_cont,temp_opt,0,0.0,0.395117,0.315998,0.315998,1.0,8
block_cont_r5__block_nec_r12,same_matched,block_cont_r5,block_nec_r12,block_or_occupancy,block_or_occupancy,block_cont,block_nec,0,2.0,0.371176,0.299399,0.299399,1.0,8
cross_stall_occ_r2__cross_stall_r11,same_matched,cross_stall_occ_r2,cross_stall_r11,cross,cross,cross_stall_occ,cross_stall,0,2.0,0.384201,0.274457,0.274457,1.0,8
lead_cont_r9__lead_nec_r1,same_matched,lead_cont_r9,lead_nec_r1,lead,lead,lead_cont,lead_nec,0,3.0,0.344712,0.279544,0.279544,1.0,8
block_cont_r5__temp_opt_r9,same_matched,block_cont_r5,temp_opt_r9,block_or_occupancy,block_or_occupancy,block_cont,temp_opt,0,0.0,0.37773,0.309484,0.309484,1.0,8
cross_stall_occ_r8__cross_stall_r11,same_matched,cross_stall_occ_r8,cross_stall_r11,cross,cross,cross_stall_occ,cross_stall,0,2.0,0.38077,0.272693,0.272693,1.0,8
block_cont_r10__temp_opt_r2,same_matched,block_cont_r10,temp_opt_r2,block_or_occupancy,block_or_occupancy,block_cont,temp_opt,0,1.0,0.391344,0.315037,0.315037,1.0,8
lead_cont_r6__lead_opt_r8,same_matched,lead_cont_r6,lead_opt_r8,lead,lead,lead_cont,lead_opt,0,1.0,0.369108,0.281271,0.281271,1.0,8
block_nec_r7__temp_opt_r7,same_matched,block_nec_r7,temp_opt_r7,block_or_occupancy,block_or_occupancy,block_nec,temp_opt,0,0.0,0.08728,0.068927,0.068927,1.0,8
cross_clear_r7__cross_stall_r3,same_matched,cross_clear_r7,cross_stall_r3,cross,cross,cross_clear,cross_stall,0,0.0,0.101055,0.0552,0.0552,1.0,8
block_nec_r4__temp_opt_r2,same_matched,block_nec_r4,temp_opt_r2,block_or_occupancy,block_or_occupancy,block_nec,temp_opt,0,1.0,0.09164,0.08223,0.08223,1.0,8
block_nec_r4__temp_opt_r1,same_matched,block_nec_r4,temp_opt_r1,block_or_occupancy,block_or_occupancy,block_nec,temp_opt,0,1.0,0.096395,0.083881,0.083881,1.0,8
block_nec_r1__temp_opt_r2,same_matched,block_nec_r1,temp_opt_r2,block_or_occupancy,block_or_occupancy,block_nec,temp_opt,0,0.0,0.110548,0.100163,0.100163,1.0,8
cross_clear_r8__cross_stall_r6,same_matched,cross_clear_r8,cross_stall_r6,cross,cross,cross_clear,cross_stall,0,1.0,0.093447,0.063333,0.063333,1.0,8
block_nec_r3__temp_opt_r2,same_matched,block_nec_r3,temp_opt_r2,block_or_occupancy,block_or_occupancy,block_nec,temp_opt,0,1.0,0.122683,0.124148,0.124148,1.0,8
block_nec_r11__block_nec_r2,same_matched,block_nec_r11,block_nec_r2,block_or_occupancy,block_or_occupancy,block_nec,block_nec,0,2.0,0.105547,0.13241,0.13241,1.0,8
cross_clear_r7__cross_stall_r11,same_matched,cross_clear_r7,cross_stall_r11,cross,cross,cross_clear,cross_stall,0,1.0,0.118495,0.08068,0.08068,1.0,8
block_nec_r7__temp_opt_r10,same_matched,block_nec_r7,temp_opt_r10,block_or_occupancy,block_or_occupancy,block_nec,temp_opt,0,2.0,0.097053,0.075697,0.075697,1.0,8
block_nec_r9__temp_opt_r4,same_matched,block_nec_r9,temp_opt_r4,block_or_occupancy,block_or_occupancy,block_nec,temp_opt,0,2.0,0.100642,0.121995,0.121995,1.0,8
block_nec_r2__temp_opt_r2,same_matched,block_nec_r2,temp_opt_r2,block_or_occupancy,block_or_occupancy,block_nec,temp_opt,0,0.0,0.084616,0.063286,0.063286,1.0,8
block_cont_r3__temp_opt_r6,same_matched,block_cont_r3,temp_opt_r6,block_or_occupancy,block_or_occupancy,block_cont,temp_opt,0,0.0,0.403087,0.322548,0.322548,1.0,8
block_cont_r5__temp_opt_r7,same_matched,block_cont_r5,temp_opt_r7,block_or_occupancy,block_or_occupancy,block_cont,temp_opt,0,0.0,0.412135,0.280274,0.280274,1.0,8
block_cont_r1__temp_opt_r3,same_matched,block_cont_r1,temp_opt_r3,block_or_occupancy,block_or_occupancy,block_cont,temp_opt,0,0.0,0.407212,0.325005,0.325005,1.0,8
block_cont_r3__temp_opt_r4,same_matched,block_cont_r3,temp_opt_r4,block_or_occupancy,block_or_occupancy,block_cont,temp_opt,0,0.0,0.42498,0.323362,0.323362,1.0,8
block_cont_r2__temp_opt_r1,same_matched,block_cont_r2,temp_opt_r1,block_or_occupancy,block_or_occupancy,block_cont,temp_opt,0,0.0,0.426933,0.325492,0.325492,1.0,8
block_cont_r12__temp_opt_r2,same_matched,block_cont_r12,temp_opt_r2,block_or_occupancy,block_or_occupancy,block_cont,temp_opt,0,0.0,0.409041,0.315872,0.315872,1.0,8
block_cont_r5__temp_opt_r3,same_matched,block_cont_r5,temp_opt_r3,block_or_occupancy,block_or_occupancy,block_cont,temp_opt,0,2.0,0.422555,0.338092,0.338092,1.0,8
block_cont_r1__temp_opt_r3,same_matched,block_cont_r1,temp_opt_r3,block_or_occupancy,block_or_occupancy,block_cont,temp_opt,0,0.0,0.407212,0.325005,0.325005,1.0,8
block_cont_r1__temp_opt_r2,same_matched,block_cont_r1,temp_opt_r2,block_or_occupancy,block_or_occupancy,block_cont,temp_opt,0,0.0,0.42734,0.334329,0.334329,1.0,8
block_cont_r3__temp_opt_r4,same_matched,block_cont_r3,temp_opt_r4,block_or_occupancy,block_or_occupancy,block_cont,temp_opt,0,0.0,0.42498,0.323362,0.323362,1.0,8
block_cont_r5__temp_opt_r7,same_matched,block_cont_r5,temp_opt_r7,block_or_occupancy,block_or_occupancy,block_cont,temp_opt,0,0.0,0.412135,0.280274,0.280274,1.0,8
block_cont_r8__temp_opt_r7,same_matched,block_cont_r8,temp_opt_r7,block_or_occupancy,block_or_occupancy,block_cont,temp_opt,0,1.0,0.415947,0.284897,0.284897,1.0,8
block_cont_r8__temp_opt_r7,same_matched,block_cont_r8,temp_opt_r7,block_or_occupancy,block_or_occupancy,block_cont,temp_opt,0,1.0,0.415947,0.284897,0.284897,1.0,8
block_cont_r3__temp_opt_r6,same_matched,block_cont_r3,temp_opt_r6,block_or_occupancy,block_or_occupancy,block_cont,temp_opt,0,0.0,0.403087,0.322548,0.322548,1.0,8
block_cont_r5__temp_opt_r2,same_matched,block_cont_r5,temp_opt_r2,block_or_occupancy,block_or_occupancy,block_cont,temp_opt,0,2.0,0.442683,0.347416,0.347416,1.0,8
block_cont_r11__temp_opt_r4,same_matched,block_cont_r11,temp_opt_r4,block_or_occupancy,block_or_occupancy,block_cont,temp_opt,0,1.0,0.430318,0.34782,0.34782,1.0,8
block_cont_r3__temp_opt_r2,same_matched,block_cont_r3,temp_opt_r2,block_or_occupancy,block_or_occupancy,block_cont,temp_opt,0,1.0,0.433013,0.33532,0.33532,1.0,8
block_cont_r9__temp_opt_r10,same_matched,block_cont_r9,temp_opt_r10,block_or_occupancy,block_or_occupancy,block_cont,temp_opt,0,3.0,0.405467,0.337325,0.337325,1.0,8
block_cont_r11__temp_opt_r4,same_matched,block_cont_r11,temp_opt_r4,block_or_occupancy,block_or_occupancy,block_cont,temp_opt,0,1.0,0.430318,0.34782,0.34782,1.0,8
block_cont_r2__temp_opt_r3,same_matched,block_cont_r2,temp_opt_r3,block_or_occupancy,block_or_occupancy,block_cont,temp_opt,0,0.0,0.402049,0.314516,0.314516,1.0,8
block_cont_r3__temp_opt_r3,same_matched,block_cont_r3,temp_opt_r3,block_or_occupancy,block_or_occupancy,block_cont,temp_opt,0,1.0,0.412884,0.325995,0.325995,1.0,8
block_cont_r3__temp_opt_r6,same_matched,block_cont_r3,temp_opt_r6,block_or_occupancy,block_or_occupancy,block_cont,temp_opt,0,0.0,0.403087,0.322548,0.322548,1.0,8
block_cont_r10__temp_opt_r2,same_matched,block_cont_r10,temp_opt_r2,block_or_occupancy,block_or_occupancy,block_cont,temp_opt,0,1.0,0.391344,0.315037,0.315037,1.0,8
block_cont_r2__temp_opt_r3,same_matched,block_cont_r2,temp_opt_r3,block_or_occupancy,block_or_occupancy,block_cont,temp_opt,0,0.0,0.402049,0.314516,0.314516,1.0,8
cross_stall_occ_r10__cross_stall_r7,same_matched,cross_stall_occ_r10,cross_stall_r7,cross,cross,cross_stall_occ,cross_stall,0,1.0,0.325303,0.273191,0.273191,1.0,8
cross_clear_r10__cross_clear_r6,same_matched,cross_clear_r10,cross_clear_r6,cross,cross,cross_clear,cross_clear,0,1.0,0.115017,0.111768,0.111768,1.0,8
lead_cont_r3__lead_nec_r9,same_matched,lead_cont_r3,lead_nec_r9,lead,lead,lead_cont,lead_nec,0,2.0,0.322698,0.272205,0.272205,1.0,8
block_nec_r11__temp_opt_r11,same_matched,block_nec_r11,temp_opt_r11,block_or_occupancy,block_or_occupancy,block_nec,temp_opt,0,1.0,0.193936,0.196657,0.196657,1.0,8
block_cont_r4__block_nec_r9,same_matched,block_cont_r4,block_nec_r9,block_or_occupancy,block_or_occupancy,block_cont,block_nec,0,2.0,0.286361,0.212557,0.212557,1.0,8
block_cont_r6__block_nec_r7,same_matched,block_cont_r6,block_nec_r7,block_or_occupancy,block_or_occupancy,block_cont,block_nec,0,0.0,0.363132,0.267186,0.267186,1.0,8
cross_stall_occ_r3__cross_stall_r4,same_matched,cross_stall_occ_r3,cross_stall_r4,cross,cross,cross_stall_occ,cross_stall,0,0.0,0.320641,0.271815,0.271815,1.0,8
block_cont_r5__block_nec_r11,same_matched,block_cont_r5,block_nec_r11,block_or_occupancy,block_or_occupancy,block_cont,block_nec,0,0.0,0.273648,0.182233,0.182233,1.0,8
cross_clear_r6__cross_stall_occ_r12,same_matched,cross_clear_r6,cross_stall_occ_r12,cross,cross,cross_clear,cross_stall_occ,0,1.0,0.175721,0.171444,0.171444,1.0,8
lead_cont_r3__lead_opt_r12,same_matched,lead_cont_r3,lead_opt_r12,lead,lead,lead_cont,lead_opt,0,0.0,0.336837,0.283028,0.283028,1.0,8
cross_clear_r8__cross_stall_occ_r8,same_matched,cross_clear_r8,cross_stall_occ_r8,cross,cross,cross_clear,cross_stall_occ,0,1.0,0.270186,0.231807,0.231807,1.0,8
cross_clear_r10__cross_stall_r10,same_matched,cross_clear_r10,cross_stall_r10,cross,cross,cross_clear,cross_stall,0,1.0,0.257393,0.213034,0.213034,1.0,8
block_nec_r5__temp_opt_r9,same_matched,block_nec_r5,temp_opt_r9,block_or_occupancy,block_or_occupancy,block_nec,temp_opt,0,0.0,0.101732,0.12336,0.12336,1.0,8
cross_clear_r3__cross_clear_r8,same_matched,cross_clear_r3,cross_clear_r8,cross,cross,cross_clear,cross_clear,0,1.0,0.092505,0.056387,0.056387,1.0,8
block_cont_r7__block_cont_r9,same_matched,block_cont_r7,block_cont_r9,block_or_occupancy,block_or_occupancy,block_cont,block_cont,0,1.0,0.073802,0.032101,0.032101,1.0,8
cross_clear_r4__cross_stall_r2,same_matched,cross_clear_r4,cross_stall_r2,cross,cross,cross_clear,cross_stall,0,0.0,0.065087,0.03742,0.03742,1.0,8
block_nec_r1__temp_opt_r1,same_matched,block_nec_r1,temp_opt_r1,block_or_occupancy,block_or_occupancy,block_nec,temp_opt,0,0.0,0.115303,0.101815,0.101815,1.0,8
block_nec_r1__temp_opt_r6,same_matched,block_nec_r1,temp_opt_r6,block_or_occupancy,block_or_occupancy,block_nec,temp_opt,0,1.0,0.080622,0.087392,0.087392,1.0,8
block_nec_r3__temp_opt_r7,same_matched,block_nec_r3,temp_opt_r7,block_or_occupancy,block_or_occupancy,block_nec,temp_opt,0,1.0,0.095317,0.057476,0.057476,1.0,8
cross_stall_occ_r3__cross_stall_occ_r6,same_matched,cross_stall_occ_r3,cross_stall_occ_r6,cross,cross,cross_stall_occ,cross_stall_occ,0,1.0,0.060275,0.033874,0.033874,1.0,8
cross_stall_occ_r2__cross_stall_occ_r3,same_matched,cross_stall_occ_r2,cross_stall_occ_r3,cross,cross,cross_stall_occ,cross_stall_occ,0,1.0,0.071936,0.034219,0.034219,1.0,8
cross_clear_r2__cross_stall_r11,same_matched,cross_clear_r2,cross_stall_r11,cross,cross,cross_clear,cross_stall,0,2.0,0.0975,0.067908,0.067908,1.0,8
block_nec_r9__temp_opt_r11,same_matched,block_nec_r9,temp_opt_r11,block_or_occupancy,block_or_occupancy,block_nec,temp_opt,0,2.0,0.112448,0.134913,0.134913,1.0,8
block_nec_r2__temp_opt_r7,same_matched,block_nec_r2,temp_opt_r7,block_or_occupancy,block_or_occupancy,block_nec,temp_opt,0,2.0,0.087572,0.068437,0.068437,1.0,8
lead_cont_r3__lead_opt_r7,same_matched,lead_cont_r3,lead_opt_r7,lead,lead,lead_cont,lead_opt,0,2.0,0.331368,0.272083,0.272083,1.0,8
cross_clear_r4__cross_stall_occ_r9,same_matched,cross_clear_r4,cross_stall_occ_r9,cross,cross,cross_clear,cross_stall_occ,0,1.0,0.32676,0.27647,0.27647,1.0,8
lead_cont_r4__lead_nec_r4,same_matched,lead_cont_r4,lead_nec_r4,lead,lead,lead_cont,lead_nec,0,0.0,0.300478,0.259732,0.259732,1.0,8
lead_cont_r11__lead_nec_r8,same_matched,lead_cont_r11,lead_nec_r8,lead,lead,lead_cont,lead_nec,0,2.0,0.320028,0.271749,0.271749,1.0,8
block_cont_r2__block_nec_r3,same_matched,block_cont_r2,block_nec_r3,block_or_occupancy,block_or_occupancy,block_cont,block_nec,0,1.0,0.341489,0.232001,0.232001,1.0,8
lead_cont_r4__lead_opt_r3,same_matched,lead_cont_r4,lead_opt_r3,lead,lead,lead_cont,lead_opt,0,0.0,0.317254,0.266584,0.266584,1.0,8
cross_stall_occ_r5__cross_stall_r1,same_matched,cross_stall_occ_r5,cross_stall_r1,cross,cross,cross_stall_occ,cross_stall,0,2.0,0.330588,0.275237,0.275237,1.0,8
block_cont_r4__block_nec_r7,same_matched,block_cont_r4,block_nec_r7,block_or_occupancy,block_or_occupancy,block_cont,block_nec,0,1.0,0.291004,0.240159,0.240159,1.0,8
cross_clear_r1__cross_stall_occ_r1,same_matched,cross_clear_r1,cross_stall_occ_r1,cross,cross,cross_clear,cross_stall_occ,0,0.0,0.324065,0.275873,0.275873,1.0,8
block_cont_r1__block_nec_r6,same_matched,block_cont_r1,block_nec_r6,block_or_occupancy,block_or_occupancy,block_cont,block_nec,0,2.0,0.327082,0.234074,0.234074,1.0,8
block_cont_r8__block_nec_r9,same_matched,block_cont_r8,block_nec_r9,block_or_occupancy,block_or_occupancy,block_cont,block_nec,0,0.0,0.33782,0.217813,0.217813,1.0,8
lead_cont_r8__lead_nec_r9,same_matched,lead_cont_r8,lead_nec_r9,lead,lead,lead_cont,lead_nec,0,0.0,0.315248,0.263166,0.263166,1.0,8
block_nec_r1__temp_opt_r11,same_matched,block_nec_r1,temp_opt_r11,block_or_occupancy,block_or_occupancy,block_nec,temp_opt,0,1.0,0.114321,0.101124,0.101124,1.0,8
cross_clear_r8__cross_stall_r11,same_matched,cross_clear_r8,cross_stall_r11,cross,cross,cross_clear,cross_stall,0,1.0,0.113751,0.075384,0.075384,1.0,8
block_nec_r9__temp_opt_r2,same_matched,block_nec_r9,temp_opt_r2,block_or_occupancy,block_or_occupancy,block_nec,temp_opt,0,3.0,0.108675,0.133952,0.133952,1.0,8
cross_clear_r1__cross_clear_r12,same_matched,cross_clear_r1,cross_clear_r12,cross,cross,cross_clear,cross_clear,0,2.0,0.136659,0.099436,0.099436,1.0,8
cross_clear_r11__cross_stall_r10,same_matched,cross_clear_r11,cross_stall_r10,cross,cross,cross_clear,cross_stall,0,1.0,0.138658,0.104791,0.104791,1.0,8
block_nec_r1__temp_opt_r2,same_matched,block_nec_r1,temp_opt_r2,block_or_occupancy,block_or_occupancy,block_nec,temp_opt,0,0.0,0.110548,0.100163,0.100163,1.0,8
cross_clear_r1__cross_clear_r5,same_matched,cross_clear_r1,cross_clear_r5,cross,cross,cross_clear,cross_clear,0,1.0,0.128256,0.111418,0.111418,1.0,8
cross_clear_r7__cross_stall_r11,same_matched,cross_clear_r7,cross_stall_r11,cross,cross,cross_clear,cross_stall,0,1.0,0.118495,0.08068,0.08068,1.0,8
cross_clear_r10__cross_stall_occ_r12,same_matched,cross_clear_r10,cross_stall_occ_r12,cross,cross,cross_clear,cross_stall_occ,0,0.0,0.143755,0.125402,0.125402,1.0,8
block_nec_r5__temp_opt_r6,same_matched,block_nec_r5,temp_opt_r6,block_or_occupancy,block_or_occupancy,block_nec,temp_opt,0,1.0,0.136759,0.14852,0.14852,1.0,8
block_nec_r9__temp_opt_r1,same_matched,block_nec_r9,temp_opt_r1,block_or_occupancy,block_or_occupancy,block_nec,temp_opt,0,3.0,0.11343,0.135603,0.135603,1.0,8
cross_clear_r7__cross_stall_r11,same_matched,cross_clear_r7,cross_stall_r11,cross,cross,cross_clear,cross_stall,0,1.0,0.118495,0.08068,0.08068,1.0,8
lead_cont_r6__lead_nec_r10,same_matched,lead_cont_r6,lead_nec_r10,lead,lead,lead_cont,lead_nec,0,1.0,0.349237,0.278948,0.278948,1.0,8
lead_cont_r6__lead_opt_r7,same_matched,lead_cont_r6,lead_opt_r7,lead,lead,lead_cont,lead_opt,0,1.0,0.357508,0.277064,0.277064,1.0,8
block_cont_r11__block_nec_r2,same_matched,block_cont_r11,block_nec_r2,block_or_occupancy,block_or_occupancy,block_cont,block_nec,0,2.0,0.353735,0.296492,0.296492,1.0,8
block_cont_r5__block_nec_r12,same_matched,block_cont_r5,block_nec_r12,block_or_occupancy,block_or_occupancy,block_cont,block_nec,0,2.0,0.371176,0.299399,0.299399,1.0,8
block_cont_r11__temp_opt_r9,same_matched,block_cont_r11,temp_opt_r9,block_or_occupancy,block_or_occupancy,block_cont,temp_opt,0,0.0,0.373397,0.321845,0.321845,1.0,8
block_cont_r12__block_nec_r1,same_matched,block_cont_r12,block_nec_r1,block_or_occupancy,block_or_occupancy,block_cont,block_nec,0,0.0,0.355471,0.252622,0.252622,1.0,8
cross_stall_occ_r11__cross_stall_r7,same_matched,cross_stall_occ_r11,cross_stall_r7,cross,cross,cross_stall_occ,cross_stall,0,2.0,0.368681,0.290385,0.290385,1.0,8
block_cont_r11__block_nec_r2,same_matched,block_cont_r11,block_nec_r2,block_or_occupancy,block_or_occupancy,block_cont,block_nec,0,2.0,0.353735,0.296492,0.296492,1.0,8
block_cont_r8__block_nec_r12,same_matched,block_cont_r8,block_nec_r12,block_or_occupancy,block_or_occupancy,block_cont,block_nec,0,3.0,0.374988,0.303747,0.303747,1.0,8
block_cont_r10__temp_opt_r3,same_matched,block_cont_r10,temp_opt_r3,block_or_occupancy,block_or_occupancy,block_cont,temp_opt,0,1.0,0.371215,0.305713,0.305713,1.0,8
cross_stall_occ_r11__cross_stall_r9,same_matched,cross_stall_occ_r11,cross_stall_r9,cross,cross,cross_stall_occ,cross_stall,0,1.0,0.356747,0.274557,0.274557,1.0,8
lead_cont_r2__lead_opt_r7,same_matched,lead_cont_r2,lead_opt_r7,lead,lead,lead_cont,lead_opt,0,3.0,0.362223,0.281702,0.281702,1.0,8
cross_clear_r3__cross_stall_occ_r5,same_matched,cross_clear_r3,cross_stall_occ_r5,cross,cross,cross_clear,cross_stall_occ,0,2.0,0.362443,0.29069,0.29069,1.0,8
lead_cont_r6__lead_nec_r10,same_matched,lead_cont_r6,lead_nec_r10,lead,lead,lead_cont,lead_nec,0,1.0,0.349237,0.278948,0.278948,1.0,8
block_cont_r12__temp_opt_r3,same_matched,block_cont_r12,temp_opt_r3,block_or_occupancy,block_or_occupancy,block_cont,temp_opt,0,0.0,0.388913,0.306548,0.306548,1.0,8
block_cont_r5__temp_opt_r8,same_matched,block_cont_r5,temp_opt_r8,block_or_occupancy,block_or_occupancy,block_cont,temp_opt,0,0.0,0.376583,0.293483,0.293483,1.0,8
block_cont_r3__temp_opt_r12,same_matched,block_cont_r3,temp_opt_r12,block_or_occupancy,block_or_occupancy,block_cont,temp_opt,0,1.0,0.379002,0.270384,0.270384,1.0,8
cross_clear_r1__cross_stall_occ_r11,same_matched,cross_clear_r1,cross_stall_occ_r11,cross,cross,cross_clear,cross_stall_occ,0,2.0,0.351952,0.293375,0.293375,1.0,8
block_cont_r5__temp_opt_r8,same_matched,block_cont_r5,temp_opt_r8,block_or_occupancy,block_or_occupancy,block_cont,temp_opt,0,0.0,0.376583,0.293483,0.293483,1.0,8
cross_stall_occ_r7__cross_stall_r9,same_matched,cross_stall_occ_r7,cross_stall_r9,cross,cross,cross_stall_occ,cross_stall,0,1.0,0.347094,0.273001,0.273001,1.0,8
lead_cont_r12__lead_opt_r1,same_matched,lead_cont_r12,lead_opt_r1,lead,lead,lead_cont,lead_opt,0,2.0,0.359329,0.280763,0.280763,1.0,8
lead_cont_r6__lead_nec_r10,same_matched,lead_cont_r6,lead_nec_r10,lead,lead,lead_cont,lead_nec,0,1.0,0.349237,0.278948,0.278948,1.0,8
block_cont_r2__block_nec_r2,same_matched,block_cont_r2,block_nec_r2,block_or_occupancy,block_or_occupancy,block_cont,block_nec,0,0.0,0.337562,0.260555,0.260555,1.0,8
lead_cont_r9__lead_opt_r7,same_matched,lead_cont_r9,lead_opt_r7,lead,lead,lead_cont,lead_opt,0,0.0,0.347301,0.276709,0.276709,1.0,8
block_nec_r1__temp_opt_r2,same_matched,block_nec_r1,temp_opt_r2,block_or_occupancy,block_or_occupancy,block_nec,temp_opt,0,0.0,0.110548,0.100163,0.100163,1.0,8
cross_clear_r12__cross_stall_occ_r8,same_matched,cross_clear_r12,cross_stall_occ_r8,cross,cross,cross_clear,cross_stall_occ,0,2.0,0.221077,0.19323,0.19323,1.0,8
cross_clear_r10__cross_stall_occ_r8,same_matched,cross_clear_r10,cross_stall_occ_r8,cross,cross,cross_clear,cross_stall_occ,0,2.0,0.175041,0.143615,0.143615,1.0,8
block_nec_r11__temp_opt_r5,same_matched,block_nec_r11,temp_opt_r5,block_or_occupancy,block_or_occupancy,block_nec,temp_opt,0,1.0,0.160812,0.182862,0.182862,1.0,8
cross_clear_r2__cross_stall_r11,same_matched,cross_clear_r2,cross_stall_r11,cross,cross,cross_clear,cross_stall,0,2.0,0.0975,0.067908,0.067908,1.0,8
cross_clear_r7__cross_stall_r6,same_matched,cross_clear_r7,cross_stall_r6,cross,cross,cross_clear,cross_stall,0,1.0,0.095962,0.050483,0.050483,1.0,8
block_nec_r6__temp_opt_r1,same_matched,block_nec_r6,temp_opt_r1,block_or_occupancy,block_or_occupancy,block_nec,temp_opt,0,2.0,0.107962,0.106756,0.106756,1.0,8
cross_clear_r6__cross_stall_occ_r5,same_matched,cross_clear_r6,cross_stall_occ_r5,cross,cross,cross_clear,cross_stall_occ,0,1.0,0.173309,0.167814,0.167814,1.0,8
cross_clear_r11__cross_clear_r6,same_matched,cross_clear_r11,cross_clear_r6,cross,cross,cross_clear,cross_clear,0,1.0,0.159762,0.080835,0.080835,1.0,8
cross_clear_r3__cross_clear_r5,same_matched,cross_clear_r3,cross_clear_r5,cross,cross,cross_clear,cross_clear,0,1.0,0.132301,0.121,0.121,1.0,8
block_nec_r1__temp_opt_r11,same_matched,block_nec_r1,temp_opt_r11,block_or_occupancy,block_or_occupancy,block_nec,temp_opt,0,1.0,0.114321,0.101124,0.101124,1.0,8
cross_clear_r5__cross_stall_occ_r12,same_matched,cross_clear_r5,cross_stall_occ_r12,cross,cross,cross_clear,cross_stall_occ,0,1.0,0.272693,0.19739,0.19739,1.0,8
block_cont_r5__block_nec_r12,same_matched,block_cont_r5,block_nec_r12,block_or_occupancy,block_or_occupancy,block_cont,block_nec,0,2.0,0.371176,0.299399,0.299399,1.0,8
lead_cont_r6__lead_nec_r10,same_matched,lead_cont_r6,lead_nec_r10,lead,lead,lead_cont,lead_nec,0,1.0,0.349237,0.278948,0.278948,1.0,8
block_cont_r7__block_nec_r1,same_matched,block_cont_r7,block_nec_r1,block_or_occupancy,block_or_occupancy,block_cont,block_nec,0,2.0,0.355128,0.244959,0.244959,1.0,8
block_cont_r7__block_nec_r5,same_matched,block_cont_r7,block_nec_r5,block_or_occupancy,block_or_occupancy,block_cont,block_nec,0,0.0,0.324117,0.214814,0.214814,1.0,8
block_cont_r7__temp_opt_r12,same_matched,block_cont_r7,temp_opt_r12,block_or_occupancy,block_or_occupancy,block_cont,temp_opt,0,0.0,0.384576,0.269042,0.269042,1.0,8
block_cont_r2__block_nec_r2,same_matched,block_cont_r2,block_nec_r2,block_or_occupancy,block_or_occupancy,block_cont,block_nec,0,0.0,0.337562,0.260555,0.260555,1.0,8
lead_cont_r8__lead_nec_r1,same_matched,lead_cont_r8,lead_nec_r1,lead,lead,lead_cont,lead_nec,0,3.0,0.31863,0.264291,0.264291,1.0,8
lead_cont_r8__lead_nec_r4,same_matched,lead_cont_r8,lead_nec_r4,lead,lead,lead_cont,lead_nec,0,2.0,0.321812,0.268706,0.268706,1.0,8
lead_cont_r5__lead_opt_r5,same_matched,lead_cont_r5,lead_opt_r5,lead,lead,lead_cont,lead_opt,0,0.0,0.334523,0.268567,0.268567,1.0,8
lead_cont_r12__lead_opt_r2,same_matched,lead_cont_r12,lead_opt_r2,lead,lead,lead_cont,lead_opt,0,2.0,0.358973,0.284733,0.284733,1.0,8
block_cont_r6__temp_opt_r8,same_matched,block_cont_r6,temp_opt_r8,block_or_occupancy,block_or_occupancy,block_cont,temp_opt,0,0.0,0.381362,0.284722,0.284722,1.0,8
block_cont_r4__temp_opt_r6,same_matched,block_cont_r4,temp_opt_r6,block_or_occupancy,block_or_occupancy,block_cont,temp_opt,0,0.0,0.345368,0.298638,0.298638,1.0,8
block_nec_r6__temp_opt_r12,same_matched,block_nec_r6,temp_opt_r12,block_or_occupancy,block_or_occupancy,block_nec,temp_opt,0,0.0,0.049196,0.040169,0.040169,1.0,8
lead_cont_r4__lead_cont_r8,same_matched,lead_cont_r4,lead_cont_r8,lead,lead,lead_cont,lead_cont,0,2.0,0.044556,0.028228,0.028228,1.0,8
lead_nec_r11__lead_opt_r8,same_matched,lead_nec_r11,lead_opt_r8,lead,lead,lead_nec,lead_opt,0,2.0,0.018298,0.02469,0.02469,1.0,8
lead_cont_r5__lead_cont_r6,same_matched,lead_cont_r5,lead_cont_r6,lead,lead,lead_cont,lead_cont,0,0.0,0.037923,0.020344,0.020344,1.0,8
cross_stall_occ_r10__cross_stall_occ_r7,same_matched,cross_stall_occ_r10,cross_stall_occ_r7,cross,cross,cross_stall_occ,cross_stall_occ,0,1.0,0.059273,0.028165,0.028165,1.0,8
temp_opt_r6__temp_opt_r9,same_matched,temp_opt_r6,temp_opt_r9,block_or_occupancy,block_or_occupancy,temp_opt,temp_opt,0,1.0,0.035027,0.025161,0.025161,1.0,8
block_cont_r5__block_cont_r7,same_matched,block_cont_r5,block_cont_r7,block_or_occupancy,block_or_occupancy,block_cont,block_cont,0,0.0,0.048118,0.028689,0.028689,1.0,8
lead_nec_r10__lead_opt_r8,same_matched,lead_nec_r10,lead_opt_r8,lead,lead,lead_nec,lead_opt,0,0.0,0.019947,0.024174,0.024174,1.0,8
block_cont_r10__block_cont_r3,same_matched,block_cont_r10,block_cont_r3,block_or_occupancy,block_or_occupancy,block_cont,block_cont,0,0.0,0.041669,0.020282,0.020282,1.0,8
block_nec_r8__block_nec_r9,same_matched,block_nec_r8,block_nec_r9,block_or_occupancy,block_or_occupancy,block_nec,block_nec,0,0.0,0.044878,0.024707,0.024707,1.0,8
block_cont_r5__block_cont_r9,same_matched,block_cont_r5,block_cont_r9,block_or_occupancy,block_or_occupancy,block_cont,block_cont,0,1.0,0.055858,0.023565,0.023565,1.0,8
lead_cont_r2__lead_cont_r6,same_matched,lead_cont_r2,lead_cont_r6,lead,lead,lead_cont,lead_cont,0,2.0,0.032956,0.016887,0.016887,1.0,8
lead_cont_r12__lead_opt_r8,same_matched,lead_cont_r12,lead_opt_r8,lead,lead,lead_cont,lead_opt,0,1.0,0.383551,0.283894,0.283894,1.0,8
block_cont_r10__temp_opt_r7,same_matched,block_cont_r10,temp_opt_r7,block_or_occupancy,block_or_occupancy,block_cont,temp_opt,0,1.0,0.364048,0.259427,0.259427,1.0,8
lead_cont_r7__lead_nec_r3,same_matched,lead_cont_r7,lead_nec_r3,lead,lead,lead_cont,lead_nec,0,1.0,0.365795,0.284767,0.284767,1.0,8
block_cont_r6__temp_opt_r7,same_matched,block_cont_r6,temp_opt_r7,block_or_occupancy,block_or_occupancy,block_cont,temp_opt,0,0.0,0.417997,0.274438,0.274438,1.0,8
block_cont_r11__temp_opt_r7,same_matched,block_cont_r11,temp_opt_r7,block_or_occupancy,block_or_occupancy,block_cont,temp_opt,0,0.0,0.407802,0.292635,0.292635,1.0,8
cross_stall_occ_r2__cross_stall_r12,same_matched,cross_stall_occ_r2,cross_stall_r12,cross,cross,cross_stall_occ,cross_stall,0,2.0,0.367842,0.28713,0.28713,1.0,8
lead_cont_r7__lead_nec_r3,same_matched,lead_cont_r7,lead_nec_r3,lead,lead,lead_cont,lead_nec,0,1.0,0.365795,0.284767,0.284767,1.0,8
lead_cont_r12__lead_opt_r5,same_matched,lead_cont_r12,lead_opt_r5,lead,lead,lead_cont,lead_opt,0,0.0,0.373967,0.285784,0.285784,1.0,8
block_cont_r3__temp_opt_r5,same_matched,block_cont_r3,temp_opt_r5,block_or_occupancy,block_or_occupancy,block_cont,temp_opt,0,0.0,0.403661,0.322486,0.322486,1.0,8
block_cont_r6__temp_opt_r7,same_matched,block_cont_r6,temp_opt_r7,block_or_occupancy,block_or_occupancy,block_cont,temp_opt,0,0.0,0.417997,0.274438,0.274438,1.0,8
lead_cont_r2__lead_opt_r9,same_matched,lead_cont_r2,lead_opt_r9,lead,lead,lead_cont,lead_opt,0,1.0,0.363589,0.286031,0.286031,1.0,8
block_cont_r10__temp_opt_r2,same_matched,block_cont_r10,temp_opt_r2,block_or_occupancy,block_or_occupancy,block_cont,temp_opt,0,1.0,0.391344,0.315037,0.315037,1.0,8
cross_stall_occ_r12__cross_stall_occ_r3,same_matched,cross_stall_occ_r12,cross_stall_occ_r3,cross,cross,cross_stall_occ,cross_stall_occ,0,1.0,0.067223,0.039267,0.039267,1.0,8
block_nec_r12__temp_opt_r11,same_matched,block_nec_r12,temp_opt_r11,block_or_occupancy,block_or_occupancy,block_nec,temp_opt,0,1.0,0.075281,0.048979,0.048979,1.0,8
block_cont_r4__block_cont_r7,same_matched,block_cont_r4,block_cont_r7,block_or_occupancy,block_or_occupancy,block_cont,block_cont,0,1.0,0.071487,0.032618,0.032618,1.0,8
block_nec_r7__temp_opt_r1,same_matched,block_nec_r7,temp_opt_r1,block_or_occupancy,block_or_occupancy,block_nec,temp_opt,0,2.0,0.089085,0.073121,0.073121,1.0,8
block_nec_r4__temp_opt_r7,same_matched,block_nec_r4,temp_opt_r7,block_or_occupancy,block_or_occupancy,block_nec,temp_opt,0,1.0,0.091308,0.062905,0.062905,1.0,8
block_nec_r6__temp_opt_r6,same_matched,block_nec_r6,temp_opt_r6,block_or_occupancy,block_or_occupancy,block_nec,temp_opt,0,1.0,0.07328,0.092333,0.092333,1.0,8
cross_clear_r4__cross_stall_r12,same_matched,cross_clear_r4,cross_stall_r12,cross,cross,cross_clear,cross_stall,0,2.0,0.086482,0.048623,0.048623,1.0,8
block_cont_r4__block_cont_r7,same_matched,block_cont_r4,block_cont_r7,block_or_occupancy,block_or_occupancy,block_cont,block_cont,0,1.0,0.071487,0.032618,0.032618,1.0,8
cross_clear_r3__cross_clear_r8,same_matched,cross_clear_r3,cross_clear_r8,cross,cross,cross_clear,cross_clear,0,1.0,0.092505,0.056387,0.056387,1.0,8
block_nec_r7__temp_opt_r1,same_matched,block_nec_r7,temp_opt_r1,block_or_occupancy,block_or_occupancy,block_nec,temp_opt,0,2.0,0.089085,0.073121,0.073121,1.0,8
block_cont_r11__block_cont_r3,same_matched,block_cont_r11,block_cont_r3,block_or_occupancy,block_or_occupancy,block_cont,block_cont,0,1.0,0.074896,0.045657,0.045657,1.0,8
cross_clear_r8__cross_stall_r8,same_matched,cross_clear_r8,cross_stall_r8,cross,cross,cross_clear,cross_stall,0,1.0,0.079892,0.055895,0.055895,1.0,8
block_cont_r10__block_cont_r5,same_matched,block_cont_r10,block_cont_r5,block_or_occupancy,block_or_occupancy,block_cont,block_cont,0,1.0,0.080268,0.049016,0.049016,1.0,8
cross_clear_r3__cross_stall_r3,same_matched,cross_clear_r3,cross_stall_r3,cross,cross,cross_clear,cross_stall,0,1.0,0.066861,0.040081,0.040081,1.0,8
block_nec_r10__block_nec_r11,same_matched,block_nec_r10,block_nec_r11,block_or_occupancy,block_or_occupancy,block_nec,block_nec,0,1.0,0.106555,0.130629,0.130629,1.0,8
cross_clear_r1__cross_stall_r5,same_matched,cross_clear_r1,cross_stall_r5,cross,cross,cross_clear,cross_stall,0,2.0,0.094653,0.057564,0.057564,1.0,8
block_nec_r7__temp_opt_r10,same_matched,block_nec_r7,temp_opt_r10,block_or_occupancy,block_or_occupancy,block_nec,temp_opt,0,2.0,0.097053,0.075697,0.075697,1.0,8
cross_clear_r2__cross_stall_r1,same_matched,cross_clear_r2,cross_stall_r1,cross,cross,cross_clear,cross_stall,0,0.0,0.069794,0.035652,0.035652,1.0,8
cross_clear_r1__cross_stall_r5,same_matched,cross_clear_r1,cross_stall_r5,cross,cross,cross_clear,cross_stall,0,2.0,0.094653,0.057564,0.057564,1.0,8
temp_opt_r2__temp_opt_r9,same_matched,temp_opt_r2,temp_opt_r9,block_or_occupancy,block_or_occupancy,temp_opt,temp_opt,0,2.0,0.064953,0.037932,0.037932,1.0,8
block_nec_r12__temp_opt_r7,same_matched,block_nec_r12,temp_opt_r7,block_or_occupancy,block_or_occupancy,block_nec,temp_opt,0,2.0,0.077113,0.072098,0.072098,1.0,8
cross_clear_r3__cross_stall_r3,same_matched,cross_clear_r3,cross_stall_r3,cross,cross,cross_clear,cross_stall,0,1.0,0.066861,0.040081,0.040081,1.0,8
block_nec_r2__temp_opt_r5,same_matched,block_nec_r2,temp_opt_r5,block_or_occupancy,block_or_occupancy,block_nec,temp_opt,0,1.0,0.055264,0.050452,0.050452,1.0,8
cross_clear_r4__cross_stall_r2,same_matched,cross_clear_r4,cross_stall_r2,cross,cross,cross_clear,cross_stall,0,0.0,0.065087,0.03742,0.03742,1.0,8
cross_clear_r7__cross_stall_r7,same_matched,cross_clear_r7,cross_stall_r7,cross,cross,cross_clear,cross_stall,0,1.0,0.093121,0.045564,0.045564,1.0,8
cross_clear_r1__cross_clear_r10,same_matched,cross_clear_r1,cross_clear_r10,cross,cross,cross_clear,cross_clear,0,2.0,0.240868,0.216741,0.216741,1.0,8
cross_clear_r5__cross_stall_r6,same_matched,cross_clear_r5,cross_stall_r6,cross,cross,cross_clear,cross_stall,0,1.0,0.151097,0.120931,0.120931,1.0,8
cross_clear_r10__cross_stall_occ_r3,same_matched,cross_clear_r10,cross_stall_occ_r3,cross,cross,cross_clear,cross_stall_occ,0,1.0,0.154413,0.118006,0.118006,1.0,8
block_nec_r4__temp_opt_r2,same_matched,block_nec_r4,temp_opt_r2,block_or_occupancy,block_or_occupancy,block_nec,temp_opt,0,1.0,0.09164,0.08223,0.08223,1.0,8
cross_clear_r5__cross_clear_r7,same_matched,cross_clear_r5,cross_clear_r7,cross,cross,cross_clear,cross_clear,0,0.0,0.077208,0.090195,0.090195,1.0,8
cross_clear_r8__cross_stall_r12,same_matched,cross_clear_r8,cross_stall_r12,cross,cross,cross_clear,cross_stall,0,1.0,0.097393,0.066568,0.066568,1.0,8
cross_clear_r2__cross_clear_r5,same_matched,cross_clear_r2,cross_clear_r5,cross,cross,cross_clear,cross_clear,0,1.0,0.157467,0.111335,0.111335,1.0,8
cross_clear_r5__cross_stall_r7,same_matched,cross_clear_r5,cross_stall_r7,cross,cross,cross_clear,cross_stall,0,1.0,0.154259,0.121308,0.121308,1.0,8
block_nec_r1__temp_opt_r2,same_matched,block_nec_r1,temp_opt_r2,block_or_occupancy,block_or_occupancy,block_nec,temp_opt,0,0.0,0.110548,0.100163,0.100163,1.0,8
block_nec_r6__temp_opt_r1,same_matched,block_nec_r6,temp_opt_r1,block_or_occupancy,block_or_occupancy,block_nec,temp_opt,0,2.0,0.107962,0.106756,0.106756,1.0,8
cross_clear_r9__cross_stall_occ_r3,same_matched,cross_clear_r9,cross_stall_occ_r3,cross,cross,cross_clear,cross_stall_occ,0,1.0,0.246019,0.160952,0.160952,1.0,8
lead_cont_r1__lead_opt_r4,same_matched,lead_cont_r1,lead_opt_r4,lead,lead,lead_cont,lead_opt,0,1.0,0.364927,0.290625,0.290625,1.0,8
block_cont_r8__block_nec_r6,same_matched,block_cont_r8,block_nec_r6,block_or_occupancy,block_or_occupancy,block_cont,block_nec,0,1.0,0.343288,0.246759,0.246759,1.0,8
block_cont_r7__block_nec_r10,same_matched,block_cont_r7,block_nec_r10,block_or_occupancy,block_or_occupancy,block_cont,block_nec,0,1.0,0.352595,0.264747,0.264747,1.0,8
cross_stall_occ_r4__cross_stall_r11,same_matched,cross_stall_occ_r4,cross_stall_r11,cross,cross,cross_stall_occ,cross_stall,0,1.0,0.318219,0.259245,0.259245,1.0,8
block_cont_r3__temp_opt_r12,same_matched,block_cont_r3,temp_opt_r12,block_or_occupancy,block_or_occupancy,block_cont,temp_opt,0,1.0,0.379002,0.270384,0.270384,1.0,8
lead_cont_r4__lead_opt_r8,same_matched,lead_cont_r4,lead_opt_r8,lead,lead,lead_cont,lead_opt,0,2.0,0.331634,0.27059,0.27059,1.0,8
block_cont_r10__block_nec_r3,same_matched,block_cont_r10,block_nec_r3,block_or_occupancy,block_or_occupancy,block_cont,block_nec,0,0.0,0.312723,0.226596,0.226596,1.0,8
block_cont_r10__block_nec_r9,same_matched,block_cont_r10,block_nec_r9,block_or_occupancy,block_or_occupancy,block_cont,block_nec,0,2.0,0.316247,0.21729,0.21729,1.0,8
lead_cont_r3__lead_nec_r4,same_matched,lead_cont_r3,lead_nec_r4,lead,lead,lead_cont,lead_nec,0,0.0,0.328813,0.276677,0.276677,1.0,8
lead_cont_r6__lead_nec_r5,same_matched,lead_cont_r6,lead_nec_r5,lead,lead,lead_cont,lead_nec,0,0.0,0.353068,0.279946,0.279946,1.0,8
block_cont_r4__temp_opt_r2,same_matched,block_cont_r4,temp_opt_r2,block_or_occupancy,block_or_occupancy,block_cont,temp_opt,0,1.0,0.375294,0.31141,0.31141,1.0,8
cross_clear_r11__cross_stall_occ_r8,same_matched,cross_clear_r11,cross_stall_occ_r8,cross,cross,cross_clear,cross_stall_occ,0,2.0,0.339508,0.237552,0.237552,1.0,8
cross_stall_occ_r7__cross_stall_occ_r8,same_matched,cross_stall_occ_r7,cross_stall_occ_r8,cross,cross,cross_stall_occ,cross_stall_occ,0,0.0,0.022194,0.015666,0.015666,1.0,8
block_cont_r2__block_cont_r7,same_matched,block_cont_r2,block_cont_r7,block_or_occupancy,block_or_occupancy,block_cont,block_cont,0,2.0,0.01762,0.009802,0.009802,1.0,8
cross_stall_r6__cross_stall_r9,same_matched,cross_stall_r6,cross_stall_r9,cross,cross,cross_stall,cross_stall,0,1.0,0.008824,0.010136,0.010136,1.0,8
lead_nec_r10__lead_opt_r9,same_matched,lead_nec_r10,lead_opt_r9,lead,lead,lead_nec,lead_opt,0,2.0,0.0109,0.005607,0.005607,1.0,8
lead_nec_r8__lead_opt_r11,same_matched,lead_nec_r8,lead_opt_r11,lead,lead,lead_nec,lead_opt,0,3.0,0.031966,0.021019,0.021019,1.0,8
lead_nec_r9__lead_opt_r10,same_matched,lead_nec_r9,lead_opt_r10,lead,lead,lead_nec,lead_opt,0,1.0,0.013163,0.005653,0.005653,1.0,8
lead_nec_r3__lead_opt_r12,same_matched,lead_nec_r3,lead_opt_r12,lead,lead,lead_nec,lead_opt,0,0.0,0.021289,0.013545,0.013545,1.0,8
lead_nec_r12__lead_opt_r3,same_matched,lead_nec_r12,lead_opt_r3,lead,lead,lead_nec,lead_opt,0,1.0,0.01917,0.007731,0.007731,1.0,8
cross_stall_r11__cross_stall_r9,same_matched,cross_stall_r11,cross_stall_r9,cross,cross,cross_stall,cross_stall,0,1.0,0.014887,0.033805,0.033805,1.0,8
lead_nec_r1__lead_opt_r8,same_matched,lead_nec_r1,lead_opt_r8,lead,lead,lead_nec,lead_opt,0,3.0,0.01789,0.024375,0.024375,1.0,8
lead_cont_r3__lead_cont_r4,same_matched,lead_cont_r3,lead_cont_r4,lead,lead,lead_cont,lead_cont,0,0.0,0.028335,0.016945,0.016945,1.0,8
lead_nec_r4__lead_nec_r6,same_matched,lead_nec_r4,lead_nec_r6,lead,lead,lead_nec,lead_nec,0,1.0,0.005889,0.002659,0.002659,1.0,8
block_cont_r5__temp_opt_r9,same_matched,block_cont_r5,temp_opt_r9,block_or_occupancy,block_or_occupancy,block_cont,temp_opt,0,0.0,0.37773,0.309484,0.309484,1.0,8
block_cont_r12__block_nec_r9,same_matched,block_cont_r12,block_nec_r9,block_or_occupancy,block_or_occupancy,block_cont,block_nec,0,3.0,0.358149,0.230663,0.230663,1.0,8
cross_clear_r3__cross_stall_occ_r7,same_matched,cross_clear_r3,cross_stall_occ_r7,cross,cross,cross_clear,cross_stall_occ,0,0.0,0.360249,0.282309,0.282309,1.0,8
block_cont_r5__temp_opt_r7,same_matched,block_cont_r5,temp_opt_r7,block_or_occupancy,block_or_occupancy,block_cont,temp_opt,0,0.0,0.412135,0.280274,0.280274,1.0,8
block_cont_r2__temp_opt_r3,same_matched,block_cont_r2,temp_opt_r3,block_or_occupancy,block_or_occupancy,block_cont,temp_opt,0,0.0,0.402049,0.314516,0.314516,1.0,8
cross_clear_r11__cross_stall_occ_r11,same_matched,cross_clear_r11,cross_stall_occ_r11,cross,cross,cross_clear,cross_stall_occ,0,0.0,0.36197,0.253386,0.253386,1.0,8
cross_clear_r3__cross_stall_occ_r7,same_matched,cross_clear_r3,cross_stall_occ_r7,cross,cross,cross_clear,cross_stall_occ,0,0.0,0.360249,0.282309,0.282309,1.0,8
block_cont_r3__temp_opt_r9,same_matched,block_cont_r3,temp_opt_r9,block_or_occupancy,block_or_occupancy,block_cont,temp_opt,0,1.0,0.36806,0.297387,0.297387,1.0,8
block_cont_r1__temp_opt_r7,same_matched,block_cont_r1,temp_opt_r7,block_or_occupancy,block_or_occupancy,block_cont,temp_opt,0,2.0,0.397654,0.269617,0.269617,1.0,8
block_cont_r5__temp_opt_r7,same_matched,block_cont_r5,temp_opt_r7,block_or_occupancy,block_or_occupancy,block_cont,temp_opt,0,0.0,0.412135,0.280274,0.280274,1.0,8
lead_cont_r12__lead_opt_r12,same_matched,lead_cont_r12,lead_opt_r12,lead,lead,lead_cont,lead_opt,0,1.0,0.357639,0.28317,0.28317,1.0,8
block_cont_r7__temp_opt_r12,same_matched,block_cont_r7,temp_opt_r12,block_or_occupancy,block_or_occupancy,block_cont,temp_opt,0,0.0,0.384576,0.269042,0.269042,1.0,8
block_nec_r4__temp_opt_r12,same_matched,block_nec_r4,temp_opt_r12,block_or_occupancy,block_or_occupancy,block_nec,temp_opt,0,1.0,0.040093,0.028092,0.028092,1.0,8
lead_cont_r4__lead_cont_r6,same_matched,lead_cont_r4,lead_cont_r6,lead,lead,lead_cont,lead_cont,0,1.0,0.048484,0.023413,0.023413,1.0,8
lead_cont_r4__lead_cont_r8,same_matched,lead_cont_r4,lead_cont_r8,lead,lead,lead_cont,lead_cont,0,2.0,0.044556,0.028228,0.028228,1.0,8
block_cont_r11__block_cont_r2,same_matched,block_cont_r11,block_cont_r2,block_or_occupancy,block_or_occupancy,block_cont,block_cont,0,2.0,0.062001,0.051815,0.051815,1.0,8
block_nec_r7__temp_opt_r3,same_matched,block_nec_r7,temp_opt_r3,block_or_occupancy,block_or_occupancy,block_nec,temp_opt,0,2.0,0.064202,0.062146,0.062146,1.0,8
block_cont_r10__block_cont_r2,same_matched,block_cont_r10,block_cont_r2,block_or_occupancy,block_or_occupancy,block_cont,block_cont,0,1.0,0.046763,0.025551,0.025551,1.0,8
cross_clear_r3__cross_stall_r10,same_matched,cross_clear_r3,cross_stall_r10,cross,cross,cross_clear,cross_stall,0,1.0,0.059787,0.034385,0.034385,1.0,8
cross_clear_r2__cross_clear_r8,same_matched,cross_clear_r2,cross_clear_r8,cross,cross,cross_clear,cross_clear,0,1.0,0.0445,0.030982,0.030982,1.0,8
cross_stall_occ_r12__cross_stall_occ_r4,same_matched,cross_stall_occ_r12,cross_stall_occ_r4,cross,cross,cross_stall_occ,cross_stall_occ,0,1.0,0.065298,0.043276,0.043276,1.0,8
cross_stall_occ_r3__cross_stall_occ_r7,same_matched,cross_stall_occ_r3,cross_stall_occ_r7,cross,cross,cross_stall_occ,cross_stall_occ,0,1.0,0.0621,0.031384,0.031384,1.0,8
block_cont_r5__block_cont_r7,same_matched,block_cont_r5,block_cont_r7,block_or_occupancy,block_or_occupancy,block_cont,block_cont,0,0.0,0.048118,0.028689,0.028689,1.0,8
lead_cont_r1__lead_cont_r3,same_matched,lead_cont_r1,lead_cont_r3,lead,lead,lead_cont,lead_cont,0,1.0,0.053168,0.021591,0.021591,1.0,8
lead_cont_r1__lead_cont_r3,same_matched,lead_cont_r1,lead_cont_r3,lead,lead,lead_cont,lead_cont,0,1.0,0.053168,0.021591,0.021591,1.0,8
lead_cont_r1__lead_cont_r5,same_matched,lead_cont_r1,lead_cont_r5,lead,lead,lead_cont,lead_cont,0,2.0,0.040062,0.021224,0.021224,1.0,8
cross_clear_r4__cross_stall_r10,same_matched,cross_clear_r4,cross_stall_r10,cross,cross,cross_clear,cross_stall,0,1.0,0.079771,0.046029,0.046029,1.0,8
cross_stall_occ_r4__cross_stall_occ_r5,same_matched,cross_stall_occ_r4,cross_stall_occ_r5,cross,cross,cross_stall_occ,cross_stall_occ,0,1.0,0.067608,0.049772,0.049772,1.0,8
cross_clear_r2__cross_stall_r1,same_matched,cross_clear_r2,cross_stall_r1,cross,cross,cross_clear,cross_stall,0,0.0,0.069794,0.035652,0.035652,1.0,8
block_cont_r1__block_cont_r8,same_matched,block_cont_r1,block_cont_r8,block_or_occupancy,block_or_occupancy,block_cont,block_cont,0,3.0,0.042981,0.022466,0.022466,1.0,8
cross_stall_occ_r4__cross_stall_occ_r5,same_matched,cross_stall_occ_r4,cross_stall_occ_r5,cross,cross,cross_stall_occ,cross_stall_occ,0,1.0,0.067608,0.049772,0.049772,1.0,8
block_nec_r2__block_nec_r3,same_matched,block_nec_r2,block_nec_r3,block_or_occupancy,block_or_occupancy,block_nec,block_nec,0,1.0,0.038067,0.060863,0.060863,1.0,8
lead_cont_r11__lead_cont_r8,same_matched,lead_cont_r11,lead_cont_r8,lead,lead,lead_cont,lead_cont,0,2.0,0.050127,0.03006,0.03006,1.0,8
lead_cont_r1__lead_cont_r5,same_matched,lead_cont_r1,lead_cont_r5,lead,lead,lead_cont,lead_cont,0,2.0,0.040062,0.021224,0.021224,1.0,8
lead_cont_r3__lead_cont_r4,same_matched,lead_cont_r3,lead_cont_r4,lead,lead,lead_cont,lead_cont,0,0.0,0.028335,0.016945,0.016945,1.0,8
block_nec_r2__block_nec_r3,same_matched,block_nec_r2,block_nec_r3,block_or_occupancy,block_or_occupancy,block_nec,block_nec,0,1.0,0.038067,0.060863,0.060863,1.0,8
cross_clear_r5__cross_stall_r2,same_matched,cross_clear_r5,cross_stall_r2,cross,cross,cross_clear,cross_stall,0,1.0,0.151041,0.12038,0.12038,1.0,8
cross_clear_r6__cross_stall_occ_r5,same_matched,cross_clear_r6,cross_stall_occ_r5,cross,cross,cross_clear,cross_stall_occ,0,1.0,0.173309,0.167814,0.167814,1.0,8
cross_clear_r9__cross_stall_occ_r12,same_matched,cross_clear_r9,cross_stall_occ_r12,cross,cross,cross_clear,cross_stall_occ,0,0.0,0.242729,0.167232,0.167232,1.0,8
cross_clear_r6__cross_clear_r7,same_matched,cross_clear_r6,cross_clear_r7,cross,cross,cross_clear,cross_clear,0,0.0,0.169186,0.107245,0.107245,1.0,8
cross_clear_r1__cross_clear_r5,same_matched,cross_clear_r1,cross_clear_r5,cross,cross,cross_clear,cross_clear,0,1.0,0.128256,0.111418,0.111418,1.0,8
cross_clear_r6__cross_stall_occ_r5,same_matched,cross_clear_r6,cross_stall_occ_r5,cross,cross,cross_clear,cross_stall_occ,0,1.0,0.173309,0.167814,0.167814,1.0,8
cross_clear_r12__cross_stall_r11,same_matched,cross_clear_r12,cross_stall_r11,cross,cross,cross_clear,cross_stall,0,0.0,0.160337,0.094007,0.094007,1.0,8
cross_clear_r6__cross_stall_occ_r1,same_matched,cross_clear_r6,cross_stall_occ_r1,cross,cross,cross_clear,cross_stall_occ,0,1.0,0.225585,0.186444,0.186444,1.0,8
cross_clear_r6__cross_stall_r10,same_matched,cross_clear_r6,cross_stall_r10,cross,cross,cross_clear,cross_stall,0,0.0,0.163791,0.113966,0.113966,1.0,8
block_nec_r11__temp_opt_r1,same_matched,block_nec_r11,temp_opt_r1,block_or_occupancy,block_or_occupancy,block_nec,temp_opt,0,2.0,0.194918,0.197347,0.197347,1.0,8
cross_clear_r12__cross_stall_r5,same_matched,cross_clear_r12,cross_stall_r5,cross,cross,cross_clear,cross_stall,0,0.0,0.140785,0.08938,0.08938,1.0,8
block_cont_r5__block_nec_r4,same_matched,block_cont_r5,block_nec_r4,block_or_occupancy,block_or_occupancy,block_cont,block_nec,0,1.0,0.351044,0.265186,0.265186,1.0,8
cross_stall_occ_r9__cross_stall_r1,same_matched,cross_stall_occ_r9,cross_stall_r1,cross,cross,cross_stall_occ,cross_stall,0,1.0,0.337467,0.274908,0.274908,1.0,8
block_cont_r5__block_nec_r6,same_matched,block_cont_r5,block_nec_r6,block_or_occupancy,block_or_occupancy,block_cont,block_nec,0,0.0,0.339477,0.242312,0.242312,1.0,8
block_cont_r7__block_nec_r11,same_matched,block_cont_r7,block_nec_r11,block_or_occupancy,block_or_occupancy,block_cont,block_nec,0,0.0,0.321766,0.207106,0.207106,1.0,8
cross_clear_r4__cross_stall_occ_r3,same_matched,cross_clear_r4,cross_stall_occ_r3,cross,cross,cross_clear,cross_stall_occ,0,1.0,0.310869,0.275162,0.275162,1.0,8
lead_cont_r6__lead_nec_r3,same_matched,lead_cont_r6,lead_nec_r3,lead,lead,lead_cont,lead_nec,0,1.0,0.35118,0.277958,0.277958,1.0,8
block_cont_r11__block_nec_r1,same_matched,block_cont_r11,block_nec_r1,block_or_occupancy,block_or_occupancy,block_cont,block_nec,0,2.0,0.327803,0.259614,0.259614,1.0,8
cross_stall_occ_r3__cross_stall_r7,same_matched,cross_stall_occ_r3,cross_stall_r7,cross,cross,cross_stall_occ,cross_stall,0,1.0,0.318347,0.270984,0.270984,1.0,8
block_cont_r9__block_nec_r2,same_matched,block_cont_r9,block_nec_r2,block_or_occupancy,block_or_occupancy,block_cont,block_nec,0,3.0,0.30813,0.269812,0.269812,1.0,8
lead_cont_r10__lead_opt_r3,same_matched,lead_cont_r10,lead_opt_r3,lead,lead,lead_cont,lead_opt,0,2.0,0.317973,0.264885,0.264885,1.0,8
lead_cont_r3__lead_opt_r10,same_matched,lead_cont_r3,lead_opt_r10,lead,lead,lead_cont,lead_opt,0,1.0,0.325618,0.274261,0.274261,1.0,8
cross_stall_occ_r9__cross_stall_r2,same_matched,cross_stall_occ_r9,cross_stall_r2,cross,cross,cross_stall_occ,cross_stall,0,1.0,0.347515,0.281237,0.281237,1.0,8
lead_cont_r4__lead_opt_r6,same_matched,lead_cont_r4,lead_opt_r6,lead,lead,lead_cont,lead_opt,0,1.0,0.312022,0.265013,0.265013,1.0,8
cross_clear_r1__cross_clear_r5,same_matched,cross_clear_r1,cross_clear_r5,cross,cross,cross_clear,cross_clear,0,1.0,0.128256,0.111418,0.111418,1.0,8
block_nec_r8__temp_opt_r5,same_matched,block_nec_r8,temp_opt_r5,block_or_occupancy,block_or_occupancy,block_nec,temp_opt,0,2.0,0.124202,0.145825,0.145825,1.0,8
cross_clear_r2__cross_stall_r11,same_matched,cross_clear_r2,cross_stall_r11,cross,cross,cross_clear,cross_stall,0,2.0,0.0975,0.067908,0.067908,1.0,8
cross_clear_r7__cross_stall_r11,same_matched,cross_clear_r7,cross_stall_r11,cross,cross,cross_clear,cross_stall,0,1.0,0.118495,0.08068,0.08068,1.0,8
cross_clear_r10__cross_stall_occ_r9,same_matched,cross_clear_r10,cross_stall_occ_r9,cross,cross,cross_clear,cross_stall_occ,0,1.0,0.1388,0.117098,0.117098,1.0,8
block_nec_r3__temp_opt_r4,same_matched,block_nec_r3,temp_opt_r4,block_or_occupancy,block_or_occupancy,block_nec,temp_opt,0,0.0,0.11465,0.112191,0.112191,1.0,8
cross_clear_r11__cross_clear_r8,same_matched,cross_clear_r11,cross_clear_r8,cross,cross,cross_clear,cross_clear,0,1.0,0.127515,0.082171,0.082171,1.0,8
block_nec_r2__temp_opt_r11,same_matched,block_nec_r2,temp_opt_r11,block_or_occupancy,block_or_occupancy,block_nec,temp_opt,0,1.0,0.088389,0.064247,0.064247,1.0,8
block_nec_r9__temp_opt_r10,same_matched,block_nec_r9,temp_opt_r10,block_or_occupancy,block_or_occupancy,block_nec,temp_opt,0,3.0,0.121398,0.138179,0.138179,1.0,8
block_nec_r8__temp_opt_r5,same_matched,block_nec_r8,temp_opt_r5,block_or_occupancy,block_or_occupancy,block_nec,temp_opt,0,2.0,0.124202,0.145825,0.145825,1.0,8
block_nec_r3__temp_opt_r10,same_matched,block_nec_r3,temp_opt_r10,block_or_occupancy,block_or_occupancy,block_nec,temp_opt,0,1.0,0.135406,0.128375,0.128375,1.0,8
block_nec_r5__temp_opt_r12,same_matched,block_nec_r5,temp_opt_r12,block_or_occupancy,block_or_occupancy,block_nec,temp_opt,0,0.0,0.112675,0.096357,0.096357,1.0,8
lead_cont_r12__lead_nec_r7,same_matched,lead_cont_r12,lead_nec_r7,lead,lead,lead_cont,lead_nec,0,0.0,0.350173,0.277027,0.277027,1.0,8
lead_cont_r5__lead_opt_r4,same_matched,lead_cont_r5,lead_opt_r4,lead,lead,lead_cont,lead_opt,0,1.0,0.346622,0.280294,0.280294,1.0,8
lead_cont_r9__lead_opt_r8,same_matched,lead_cont_r9,lead_opt_r8,lead,lead,lead_cont,lead_opt,0,0.0,0.356102,0.276925,0.276925,1.0,8
block_cont_r7__temp_opt_r12,same_matched,block_cont_r7,temp_opt_r12,block_or_occupancy,block_or_occupancy,block_cont,temp_opt,0,0.0,0.384576,0.269042,0.269042,1.0,8
lead_cont_r7__lead_opt_r5,same_matched,lead_cont_r7,lead_opt_r5,lead,lead,lead_cont,lead_opt,0,0.0,0.37414,0.28581,0.28581,1.0,8
block_cont_r5__block_nec_r2,same_matched,block_cont_r5,block_nec_r2,block_or_occupancy,block_or_occupancy,block_cont,block_nec,0,2.0,0.358068,0.284131,0.284131,1.0,8
lead_cont_r1__lead_nec_r6,same_matched,lead_cont_r1,lead_nec_r6,lead,lead,lead_cont,lead_nec,0,2.0,0.362924,0.286583,0.286583,1.0,8
lead_cont_r6__lead_opt_r10,same_matched,lead_cont_r6,lead_opt_r10,lead,lead,lead_cont,lead_opt,0,0.0,0.357546,0.279658,0.279658,1.0,8
block_cont_r9__temp_opt_r4,same_matched,block_cont_r9,temp_opt_r4,block_or_occupancy,block_or_occupancy,block_cont,temp_opt,0,2.0,0.384711,0.32114,0.32114,1.0,8
block_cont_r9__temp_opt_r4,same_matched,block_cont_r9,temp_opt_r4,block_or_occupancy,block_or_occupancy,block_cont,temp_opt,0,2.0,0.384711,0.32114,0.32114,1.0,8
block_cont_r4__temp_opt_r5,same_matched,block_cont_r4,temp_opt_r5,block_or_occupancy,block_or_occupancy,block_cont,temp_opt,0,0.0,0.345942,0.298576,0.298576,1.0,8
lead_cont_r7__lead_opt_r7,same_matched,lead_cont_r7,lead_opt_r7,lead,lead,lead_cont,lead_opt,0,1.0,0.37231,0.28205,0.28205,1.0,8
cross_clear_r11__cross_stall_r9,same_matched,cross_clear_r11,cross_stall_r9,cross,cross,cross_clear,cross_stall,0,1.0,0.146819,0.116047,0.116047,1.0,8
cross_clear_r10__cross_stall_occ_r3,same_matched,cross_clear_r10,cross_stall_occ_r3,cross,cross,cross_clear,cross_stall_occ,0,1.0,0.154413,0.118006,0.118006,1.0,8
cross_clear_r5__cross_stall_r6,same_matched,cross_clear_r5,cross_stall_r6,cross,cross,cross_clear,cross_stall,0,1.0,0.151097,0.120931,0.120931,1.0,8
cross_clear_r5__cross_stall_r5,same_matched,cross_clear_r5,cross_stall_r5,cross,cross,cross_clear,cross_stall,0,1.0,0.168547,0.121274,0.121274,1.0,8
block_nec_r5__temp_opt_r11,same_matched,block_nec_r5,temp_opt_r11,block_or_occupancy,block_or_occupancy,block_nec,temp_opt,0,1.0,0.170458,0.162253,0.162253,1.0,8
cross_clear_r4__cross_clear_r6,same_matched,cross_clear_r4,cross_clear_r6,cross,cross,cross_clear,cross_clear,0,1.0,0.152996,0.113341,0.113341,1.0,8
block_nec_r8__temp_opt_r10,same_matched,block_nec_r8,temp_opt_r10,block_or_occupancy,block_or_occupancy,block_nec,temp_opt,0,3.0,0.166277,0.162886,0.162886,1.0,8
cross_clear_r5__cross_stall_r2,same_matched,cross_clear_r5,cross_stall_r2,cross,cross,cross_clear,cross_stall,0,1.0,0.151041,0.12038,0.12038,1.0,8
cross_clear_r6__cross_stall_r8,same_matched,cross_clear_r6,cross_stall_r8,cross,cross,cross_clear,cross_stall,0,1.0,0.172372,0.120024,0.120024,1.0,8
cross_clear_r5__cross_stall_r5,same_matched,cross_clear_r5,cross_stall_r5,cross,cross,cross_clear,cross_stall,0,1.0,0.168547,0.121274,0.121274,1.0,8
cross_clear_r5__cross_stall_r7,same_matched,cross_clear_r5,cross_stall_r7,cross,cross,cross_clear,cross_stall,0,1.0,0.154259,0.121308,0.121308,1.0,8
block_nec_r11__temp_opt_r7,same_matched,block_nec_r11,temp_opt_r7,block_or_occupancy,block_or_occupancy,block_nec,temp_opt,0,0.0,0.159615,0.128553,0.128553,1.0,8
cross_clear_r11__cross_clear_r6,same_matched,cross_clear_r11,cross_clear_r6,cross,cross,cross_clear,cross_clear,0,1.0,0.159762,0.080835,0.080835,1.0,8
block_nec_r5__temp_opt_r3,same_matched,block_nec_r5,temp_opt_r3,block_or_occupancy,block_or_occupancy,block_nec,temp_opt,0,2.0,0.146557,0.151968,0.151968,1.0,8
cross_clear_r12__cross_stall_occ_r5,same_matched,cross_clear_r12,cross_stall_occ_r5,cross,cross,cross_clear,cross_stall_occ,0,0.0,0.186433,0.178962,0.178962,1.0,8
cross_clear_r10__cross_stall_occ_r8,same_matched,cross_clear_r10,cross_stall_occ_r8,cross,cross,cross_clear,cross_stall_occ,0,2.0,0.175041,0.143615,0.143615,1.0,8
cross_clear_r6__cross_stall_occ_r12,same_matched,cross_clear_r6,cross_stall_occ_r12,cross,cross,cross_clear,cross_stall_occ,0,1.0,0.175721,0.171444,0.171444,1.0,8
cross_clear_r12__cross_stall_r7,same_matched,cross_clear_r12,cross_stall_r7,cross,cross,cross_clear,cross_stall,0,2.0,0.149704,0.104149,0.104149,1.0,8
cross_clear_r6__cross_stall_occ_r5,same_matched,cross_clear_r6,cross_stall_occ_r5,cross,cross,cross_clear,cross_stall_occ,0,1.0,0.173309,0.167814,0.167814,1.0,8
cross_clear_r12__cross_stall_r12,same_matched,cross_clear_r12,cross_stall_r12,cross,cross,cross_clear,cross_stall,0,0.0,0.143978,0.094744,0.094744,1.0,8
cross_clear_r6__cross_stall_r9,same_matched,cross_clear_r6,cross_stall_r9,cross,cross,cross_clear,cross_stall,0,0.0,0.15661,0.103345,0.103345,1.0,8
block_nec_r5__temp_opt_r3,same_matched,block_nec_r5,temp_opt_r3,block_or_occupancy,block_or_occupancy,block_nec,temp_opt,0,2.0,0.146557,0.151968,0.151968,1.0,8
block_nec_r3__temp_opt_r10,same_matched,block_nec_r3,temp_opt_r10,block_or_occupancy,block_or_occupancy,block_nec,temp_opt,0,1.0,0.135406,0.128375,0.128375,1.0,8
cross_clear_r12__cross_stall_r12,same_matched,cross_clear_r12,cross_stall_r12,cross,cross,cross_clear,cross_stall,0,0.0,0.143978,0.094744,0.094744,1.0,8
block_nec_r11__block_nec_r9,same_matched,block_nec_r11,block_nec_r9,block_or_occupancy,block_or_occupancy,block_nec,block_nec,0,1.0,0.081488,0.061744,0.061744,1.0,8
cross_clear_r10__cross_clear_r4,same_matched,cross_clear_r10,cross_clear_r4,cross,cross,cross_clear,cross_clear,0,2.0,0.251182,0.218112,0.218112,1.0,8
cross_clear_r12__cross_stall_r3,same_matched,cross_clear_r12,cross_stall_r3,cross,cross,cross_clear,cross_stall,0,1.0,0.143756,0.09554,0.09554,1.0,8
cross_clear_r12__cross_stall_r10,same_matched,cross_clear_r12,cross_stall_r10,cross,cross,cross_clear,cross_stall,0,1.0,0.148383,0.102673,0.102673,1.0,8
cross_clear_r8__cross_stall_r8,same_matched,cross_clear_r8,cross_stall_r8,cross,cross,cross_clear,cross_stall,0,1.0,0.079892,0.055895,0.055895,1.0,8
cross_stall_occ_r12__cross_stall_occ_r4,same_matched,cross_stall_occ_r12,cross_stall_occ_r4,cross,cross,cross_stall_occ,cross_stall_occ,0,1.0,0.065298,0.043276,0.043276,1.0,8
cross_clear_r4__cross_stall_r3,same_matched,cross_clear_r4,cross_stall_r3,cross,cross,cross_clear,cross_stall,0,1.0,0.085051,0.047291,0.047291,1.0,8
cross_clear_r5__cross_stall_r9,same_matched,cross_clear_r5,cross_stall_r9,cross,cross,cross_clear,cross_stall,0,0.0,0.155659,0.127852,0.127852,1.0,8
block_nec_r11__temp_opt_r5,same_matched,block_nec_r11,temp_opt_r5,block_or_occupancy,block_or_occupancy,block_nec,temp_opt,0,1.0,0.160812,0.182862,0.182862,1.0,8
block_nec_r11__block_nec_r4,same_matched,block_nec_r11,block_nec_r4,block_or_occupancy,block_or_occupancy,block_nec,block_nec,0,1.0,0.098523,0.113466,0.113466,1.0,8
block_nec_r10__temp_opt_r10,same_matched,block_nec_r10,temp_opt_r10,block_or_occupancy,block_or_occupancy,block_nec,temp_opt,0,1.0,0.096332,0.069293,0.069293,1.0,8
cross_clear_r10__cross_stall_r11,same_matched,cross_clear_r10,cross_stall_r11,cross,cross,cross_clear,cross_stall,0,0.0,0.233733,0.167744,0.167744,1.0,8
lead_cont_r7__lead_nec_r4,same_matched,lead_cont_r7,lead_nec_r4,lead,lead,lead_cont,lead_nec,0,1.0,0.352809,0.278142,0.278142,1.0,8
lead_cont_r3__lead_nec_r12,same_matched,lead_cont_r3,lead_nec_r12,lead,lead,lead_cont,lead_nec,0,1.0,0.33117,0.277222,0.277222,1.0,8
block_cont_r7__block_nec_r12,same_matched,block_cont_r7,block_nec_r12,block_or_occupancy,block_or_occupancy,block_cont,block_nec,0,2.0,0.362822,0.281437,0.281437,1.0,8
lead_cont_r4__lead_opt_r6,same_matched,lead_cont_r4,lead_opt_r6,lead,lead,lead_cont,lead_opt,0,1.0,0.312022,0.265013,0.265013,1.0,8
block_cont_r11__block_nec_r12,same_matched,block_cont_r11,block_nec_r12,block_or_occupancy,block_or_occupancy,block_cont,block_nec,0,2.0,0.366843,0.311759,0.311759,1.0,8
block_cont_r10__block_nec_r12,same_matched,block_cont_r10,block_nec_r12,block_or_occupancy,block_or_occupancy,block_cont,block_nec,0,1.0,0.319836,0.267019,0.267019,1.0,8
cross_clear_r1__cross_stall_occ_r6,same_matched,cross_clear_r1,cross_stall_occ_r6,cross,cross,cross_clear,cross_stall_occ,0,2.0,0.300688,0.267674,0.267674,1.0,8
cross_stall_occ_r3__cross_stall_r4,same_matched,cross_stall_occ_r3,cross_stall_r4,cross,cross,cross_stall_occ,cross_stall,0,0.0,0.320641,0.271815,0.271815,1.0,8
lead_cont_r10__lead_nec_r1,same_matched,lead_cont_r10,lead_nec_r1,lead,lead,lead_cont,lead_nec,0,3.0,0.319175,0.264307,0.264307,1.0,8
lead_cont_r2__lead_nec_r6,same_matched,lead_cont_r2,lead_nec_r6,lead,lead,lead_cont,lead_nec,0,2.0,0.341018,0.276175,0.276175,1.0,8
block_cont_r6__block_nec_r7,same_matched,block_cont_r6,block_nec_r7,block_or_occupancy,block_or_occupancy,block_cont,block_nec,0,0.0,0.363132,0.267186,0.267186,1.0,8
lead_cont_r8__lead_opt_r12,same_matched,lead_cont_r8,lead_opt_r12,lead,lead,lead_cont,lead_opt,0,2.0,0.329836,0.275057,0.275057,1.0,8
lead_nec_r3__lead_opt_r9,same_matched,lead_nec_r3,lead_opt_r9,lead,lead,lead_nec,lead_opt,0,0.0,0.010146,0.00553,0.00553,1.0,8
lead_nec_r1__lead_nec_r5,same_matched,lead_nec_r1,lead_nec_r5,lead,lead,lead_nec,lead_nec,0,2.0,0.005563,0.002645,0.002645,1.0,8
lead_nec_r11__lead_nec_r6,same_matched,lead_nec_r11,lead_nec_r6,lead,lead,lead_nec,lead_nec,0,1.0,0.020999,0.010869,0.010869,1.0,8
lead_nec_r10__lead_nec_r11,same_matched,lead_nec_r10,lead_nec_r11,lead,lead,lead_nec,lead_nec,0,2.0,0.004978,0.002281,0.002281,1.0,8
block_nec_r12__block_nec_r4,same_matched,block_nec_r12,block_nec_r4,block_or_occupancy,block_or_occupancy,block_nec,block_nec,0,1.0,0.020132,0.034212,0.034212,1.0,8
cross_stall_r6__cross_stall_r7,same_matched,cross_stall_r6,cross_stall_r7,cross,cross,cross_stall,cross_stall,0,2.0,0.00534,0.00609,0.00609,1.0,8
lead_nec_r1__lead_opt_r3,same_matched,lead_nec_r1,lead_opt_r3,lead,lead,lead_nec,lead_opt,0,1.0,0.009238,0.00533,0.00533,1.0,8
cross_stall_r11__cross_stall_r4,same_matched,cross_stall_r11,cross_stall_r4,cross,cross,cross_stall,cross_stall,0,1.0,0.030177,0.050647,0.050647,1.0,8
lead_nec_r8__lead_nec_r9,same_matched,lead_nec_r8,lead_nec_r9,lead,lead,lead_nec,lead_nec,0,0.0,0.005349,0.002696,0.002696,1.0,8
lead_nec_r4__lead_nec_r6,same_matched,lead_nec_r4,lead_nec_r6,lead,lead,lead_nec,lead_nec,0,1.0,0.005889,0.002659,0.002659,1.0,8
lead_nec_r2__lead_nec_r8,same_matched,lead_nec_r2,lead_nec_r8,lead,lead,lead_nec,lead_nec,0,3.0,0.016475,0.011459,0.011459,1.0,8
lead_nec_r1__lead_nec_r3,same_matched,lead_nec_r1,lead_nec_r3,lead,lead,lead_nec,lead_nec,0,1.0,0.006243,0.002745,0.002745,1.0,8
cross_stall_occ_r2__cross_stall_r3,same_matched,cross_stall_occ_r2,cross_stall_r3,cross,cross,cross_stall_occ,cross_stall,0,1.0,0.365582,0.285778,0.285778,1.0,8
lead_cont_r6__lead_opt_r11,same_matched,lead_cont_r6,lead_opt_r11,lead,lead,lead_cont,lead_opt,0,2.0,0.346189,0.278259,0.278259,1.0,8
lead_cont_r9__lead_opt_r2,same_matched,lead_cont_r9,lead_opt_r2,lead,lead,lead_cont,lead_opt,0,3.0,0.348197,0.288133,0.288133,1.0,8
block_cont_r1__temp_opt_r5,same_matched,block_cont_r1,temp_opt_r5,block_or_occupancy,block_or_occupancy,block_cont,temp_opt,0,1.0,0.397989,0.321495,0.321495,1.0,8
block_cont_r12__temp_opt_r3,same_matched,block_cont_r12,temp_opt_r3,block_or_occupancy,block_or_occupancy,block_cont,temp_opt,0,0.0,0.388913,0.306548,0.306548,1.0,8
lead_cont_r6__lead_nec_r8,same_matched,lead_cont_r6,lead_nec_r8,lead,lead,lead_cont,lead_nec,0,1.0,0.349829,0.278999,0.278999,1.0,8
lead_cont_r9__lead_opt_r2,same_matched,lead_cont_r9,lead_opt_r2,lead,lead,lead_cont,lead_opt,0,3.0,0.348197,0.288133,0.288133,1.0,8
lead_cont_r9__lead_opt_r8,same_matched,lead_cont_r9,lead_opt_r8,lead,lead,lead_cont,lead_opt,0,0.0,0.356102,0.276925,0.276925,1.0,8
block_cont_r9__temp_opt_r4,same_matched,block_cont_r9,temp_opt_r4,block_or_occupancy,block_or_occupancy,block_cont,temp_opt,0,2.0,0.384711,0.32114,0.32114,1.0,8
block_cont_r2__temp_opt_r3,same_matched,block_cont_r2,temp_opt_r3,block_or_occupancy,block_or_occupancy,block_cont,temp_opt,0,0.0,0.402049,0.314516,0.314516,1.0,8
block_cont_r4__temp_opt_r6,same_matched,block_cont_r4,temp_opt_r6,block_or_occupancy,block_or_occupancy,block_cont,temp_opt,0,0.0,0.345368,0.298638,0.298638,1.0,8
block_cont_r9__temp_opt_r3,same_matched,block_cont_r9,temp_opt_r3,block_or_occupancy,block_or_occupancy,block_cont,temp_opt,0,3.0,0.372615,0.323773,0.323773,1.0,8
block_cont_r1__block_cont_r6,same_matched,block_cont_r1,block_cont_r6,block_or_occupancy,block_or_occupancy,block_cont,block_cont,0,2.0,0.028153,0.009355,0.009355,1.0,8
temp_opt_r6__temp_opt_r8,same_matched,temp_opt_r6,temp_opt_r8,block_or_occupancy,block_or_occupancy,temp_opt,temp_opt,0,1.0,0.036174,0.041162,0.041162,1.0,8
lead_cont_r11__lead_cont_r9,same_matched,lead_cont_r11,lead_cont_r9,lead,lead,lead_cont,lead_cont,0,2.0,0.032792,0.017039,0.017039,1.0,8
lead_cont_r10__lead_cont_r3,same_matched,lead_cont_r10,lead_cont_r3,lead,lead,lead_cont,lead_cont,0,2.0,0.049808,0.030144,0.030144,1.0,8
lead_cont_r11__lead_cont_r7,same_matched,lead_cont_r11,lead_cont_r7,lead,lead,lead_cont,lead_cont,0,1.0,0.0521,0.024813,0.024813,1.0,8
temp_opt_r11__temp_opt_r7,same_matched,temp_opt_r11,temp_opt_r7,block_or_occupancy,block_or_occupancy,temp_opt,temp_opt,0,1.0,0.034322,0.068104,0.068104,1.0,8
block_cont_r5__block_cont_r7,same_matched,block_cont_r5,block_cont_r7,block_or_occupancy,block_or_occupancy,block_cont,block_cont,0,0.0,0.048118,0.028689,0.028689,1.0,8
lead_cont_r11__lead_cont_r9,same_matched,lead_cont_r11,lead_cont_r9,lead,lead,lead_cont,lead_cont,0,2.0,0.032792,0.017039,0.017039,1.0,8
block_nec_r10__temp_opt_r6,same_matched,block_nec_r10,temp_opt_r6,block_or_occupancy,block_or_occupancy,block_nec,temp_opt,0,0.0,0.053682,0.052295,0.052295,1.0,8
lead_cont_r12__lead_cont_r3,same_matched,lead_cont_r12,lead_cont_r3,lead,lead,lead_cont,lead_cont,0,1.0,0.050088,0.023758,0.023758,1.0,8
temp_opt_r5__temp_opt_r9,same_matched,temp_opt_r5,temp_opt_r9,block_or_occupancy,block_or_occupancy,temp_opt,temp_opt,0,1.0,0.035602,0.025099,0.025099,1.0,8
cross_stall_r11__cross_stall_r2,same_matched,cross_stall_r11,cross_stall_r2,cross,cross,cross_stall,cross_stall,0,2.0,0.041159,0.058761,0.058761,1.0,8
cross_stall_r11__cross_stall_r2,same_matched,cross_stall_r11,cross_stall_r2,cross,cross,cross_stall,cross_stall,0,2.0,0.041159,0.058761,0.058761,1.0,8
block_cont_r1__block_cont_r6,same_matched,block_cont_r1,block_cont_r6,block_or_occupancy,block_or_occupancy,block_cont,block_cont,0,2.0,0.028153,0.009355,0.009355,1.0,8
cross_stall_occ_r4__cross_stall_occ_r5,same_matched,cross_stall_occ_r4,cross_stall_occ_r5,cross,cross,cross_stall_occ,cross_stall_occ,0,1.0,0.067608,0.049772,0.049772,1.0,8
block_cont_r5__block_cont_r9,same_matched,block_cont_r5,block_cont_r9,block_or_occupancy,block_or_occupancy,block_cont,block_cont,0,1.0,0.055858,0.023565,0.023565,1.0,8
block_cont_r3__block_cont_r4,same_matched,block_cont_r3,block_cont_r4,block_or_occupancy,block_or_occupancy,block_cont,block_cont,0,0.0,0.057719,0.02391,0.02391,1.0,8
block_cont_r3__block_cont_r6,same_matched,block_cont_r3,block_cont_r6,block_or_occupancy,block_or_occupancy,block_cont,block_cont,0,1.0,0.030836,0.020225,0.020225,1.0,8
block_nec_r2__temp_opt_r5,same_matched,block_nec_r2,temp_opt_r5,block_or_occupancy,block_or_occupancy,block_nec,temp_opt,0,1.0,0.055264,0.050452,0.050452,1.0,8
lead_nec_r2__lead_opt_r9,same_matched,lead_nec_r2,lead_opt_r9,lead,lead,lead_nec,lead_opt,0,1.0,0.026068,0.013584,0.013584,1.0,8
block_nec_r7__temp_opt_r12,same_matched,block_nec_r7,temp_opt_r12,block_or_occupancy,block_or_occupancy,block_nec,temp_opt,0,0.0,0.037982,0.036428,0.036428,1.0,8
lead_opt_r12__lead_opt_r5,same_matched,lead_opt_r12,lead_opt_r5,lead,lead,lead_opt,lead_opt,0,1.0,0.029634,0.018045,0.018045,1.0,8
lead_cont_r5__lead_cont_r8,same_matched,lead_cont_r5,lead_cont_r8,lead,lead,lead_cont,lead_cont,0,1.0,0.020424,0.014783,0.014783,1.0,8
lead_nec_r2__lead_opt_r9,same_matched,lead_nec_r2,lead_opt_r9,lead,lead,lead_nec,lead_opt,0,1.0,0.026068,0.013584,0.013584,1.0,8
cross_clear_r1__cross_stall_r5,same_matched,cross_clear_r1,cross_stall_r5,cross,cross,cross_clear,cross_stall,0,2.0,0.094653,0.057564,0.057564,1.0,8
cross_clear_r1__cross_clear_r10,same_matched,cross_clear_r1,cross_clear_r10,cross,cross,cross_clear,cross_clear,0,2.0,0.240868,0.216741,0.216741,1.0,8
cross_clear_r5__cross_stall_r1,same_matched,cross_clear_r5,cross_stall_r1,cross,cross,cross_clear,cross_stall,0,1.0,0.153275,0.120894,0.120894,1.0,8
cross_clear_r5__cross_stall_r9,same_matched,cross_clear_r5,cross_stall_r9,cross,cross,cross_clear,cross_stall,0,0.0,0.155659,0.127852,0.127852,1.0,8
cross_clear_r7__cross_stall_r7,same_matched,cross_clear_r7,cross_stall_r7,cross,cross,cross_clear,cross_stall,0,1.0,0.093121,0.045564,0.045564,1.0,8
lead_cont_r1__lead_cont_r4,same_matched,lead_cont_r1,lead_cont_r4,lead,lead,lead_cont,lead_cont,0,1.0,0.078333,0.038359,0.038359,1.0,8
block_nec_r11__block_nec_r4,same_matched,block_nec_r11,block_nec_r4,block_or_occupancy,block_or_occupancy,block_nec,block_nec,0,1.0,0.098523,0.113466,0.113466,1.0,8
cross_clear_r11__cross_clear_r6,same_matched,cross_clear_r11,cross_clear_r6,cross,cross,cross_clear,cross_clear,0,1.0,0.159762,0.080835,0.080835,1.0,8
cross_clear_r6__cross_stall_r3,same_matched,cross_clear_r6,cross_stall_r3,cross,cross,cross_clear,cross_stall,0,0.0,0.156771,0.105859,0.105859,1.0,8
block_nec_r9__temp_opt_r11,same_matched,block_nec_r9,temp_opt_r11,block_or_occupancy,block_or_occupancy,block_nec,temp_opt,0,2.0,0.112448,0.134913,0.134913,1.0,8
block_nec_r9__temp_opt_r2,same_matched,block_nec_r9,temp_opt_r2,block_or_occupancy,block_or_occupancy,block_nec,temp_opt,0,3.0,0.108675,0.133952,0.133952,1.0,8
cross_clear_r10__cross_stall_r9,same_matched,cross_clear_r10,cross_stall_r9,cross,cross,cross_clear,cross_stall,0,1.0,0.246811,0.199889,0.199889,1.0,8
lead_cont_r7__lead_nec_r3,same_matched,lead_cont_r7,lead_nec_r3,lead,lead,lead_cont,lead_nec,0,1.0,0.365795,0.284767,0.284767,1.0,8
block_cont_r6__block_nec_r6,same_matched,block_cont_r6,block_nec_r6,block_or_occupancy,block_or_occupancy,block_cont,block_nec,0,0.0,0.344256,0.233551,0.233551,1.0,8
block_cont_r7__block_nec_r2,same_matched,block_cont_r7,block_nec_r2,block_or_occupancy,block_or_occupancy,block_cont,block_nec,0,2.0,0.355162,0.267181,0.267181,1.0,8
cross_stall_occ_r5__cross_stall_r12,same_matched,cross_stall_occ_r5,cross_stall_r12,cross,cross,cross_stall_occ,cross_stall,0,0.0,0.319241,0.259828,0.259828,1.0,8
block_cont_r12__temp_opt_r5,same_matched,block_cont_r12,temp_opt_r5,block_or_occupancy,block_or_occupancy,block_cont,temp_opt,0,1.0,0.37969,0.303039,0.303039,1.0,8
cross_stall_occ_r7__cross_stall_r4,same_matched,cross_stall_occ_r7,cross_stall_r4,cross,cross,cross_stall_occ,cross_stall,0,1.0,0.332722,0.268489,0.268489,1.0,8
lead_cont_r8__lead_nec_r3,same_matched,lead_cont_r8,lead_nec_r3,lead,lead,lead_cont,lead_nec,0,2.0,0.313744,0.26281,0.26281,1.0,8
cross_stall_occ_r3__cross_stall_r3,same_matched,cross_stall_occ_r3,cross_stall_r3,cross,cross,cross_stall_occ,cross_stall,0,0.0,0.318593,0.265711,0.265711,1.0,8
cross_stall_occ_r5__cross_stall_r4,same_matched,cross_stall_occ_r5,cross_stall_r4,cross,cross,cross_stall_occ,cross_stall,0,1.0,0.329653,0.273452,0.273452,1.0,8
cross_stall_occ_r1__cross_stall_r12,same_matched,cross_stall_occ_r1,cross_stall_r12,cross,cross,cross_stall_occ,cross_stall,0,2.0,0.354037,0.279754,0.279754,1.0,8
block_cont_r5__temp_opt_r8,same_matched,block_cont_r5,temp_opt_r8,block_or_occupancy,block_or_occupancy,block_cont,temp_opt,0,0.0,0.376583,0.293483,0.293483,1.0,8
lead_cont_r9__lead_nec_r7,same_matched,lead_cont_r9,lead_nec_r7,lead,lead,lead_cont,lead_nec,0,1.0,0.340569,0.280584,0.280584,1.0,8
lead_nec_r5__lead_opt_r12,same_matched,lead_nec_r5,lead_opt_r12,lead,lead,lead_nec,lead_opt,0,1.0,0.023178,0.015534,0.015534,1.0,8
cross_stall_r11__cross_stall_r3,same_matched,cross_stall_r11,cross_stall_r3,cross,cross,cross_stall,cross_stall,0,1.0,0.018619,0.037857,0.037857,1.0,8
lead_nec_r12__lead_opt_r4,same_matched,lead_nec_r12,lead_opt_r4,lead,lead,lead_nec,lead_opt,0,1.0,0.008901,0.006781,0.006781,1.0,8
lead_nec_r4__lead_nec_r8,same_matched,lead_nec_r4,lead_nec_r8,lead,lead,lead_nec,lead_nec,0,2.0,0.011914,0.008236,0.008236,1.0,8
lead_nec_r3__lead_opt_r11,same_matched,lead_nec_r3,lead_opt_r11,lead,lead,lead_nec,lead_opt,0,1.0,0.033317,0.019978,0.019978,1.0,8
lead_nec_r6__lead_opt_r11,same_matched,lead_nec_r6,lead_opt_r11,lead,lead,lead_nec,lead_opt,0,2.0,0.014163,0.010139,0.010139,1.0,8
lead_nec_r7__lead_opt_r7,same_matched,lead_nec_r7,lead_opt_r7,lead,lead,lead_nec,lead_opt,0,1.0,0.02231,0.019169,0.019169,1.0,8
lead_nec_r2__lead_opt_r3,same_matched,lead_nec_r2,lead_opt_r3,lead,lead,lead_nec,lead_opt,0,1.0,0.021374,0.010409,0.010409,1.0,8
cross_stall_occ_r5__cross_stall_occ_r6,same_matched,cross_stall_occ_r5,cross_stall_occ_r6,cross,cross,cross_stall_occ,cross_stall_occ,0,0.0,0.015833,0.014629,0.014629,1.0,8
block_nec_r1__block_nec_r4,same_matched,block_nec_r1,block_nec_r4,block_or_occupancy,block_or_occupancy,block_nec,block_nec,0,1.0,0.018908,0.01803,0.01803,1.0,8
lead_opt_r12__lead_opt_r5,same_matched,lead_opt_r12,lead_opt_r5,lead,lead,lead_opt,lead_opt,0,1.0,0.029634,0.018045,0.018045,1.0,8
block_nec_r2__block_nec_r4,same_matched,block_nec_r2,block_nec_r4,block_or_occupancy,block_or_occupancy,block_nec,block_nec,0,1.0,0.007025,0.018944,0.018944,1.0,8
cross_clear_r7__cross_stall_occ_r11,same_matched,cross_clear_r7,cross_stall_occ_r11,cross,cross,cross_clear,cross_stall_occ,0,1.0,0.378423,0.288599,0.288599,1.0,8
lead_cont_r7__lead_opt_r2,same_matched,lead_cont_r7,lead_opt_r2,lead,lead,lead_cont,lead_opt,0,2.0,0.359133,0.284756,0.284756,1.0,8
cross_stall_occ_r2__cross_stall_r10,same_matched,cross_stall_occ_r2,cross_stall_r10,cross,cross,cross_stall_occ,cross_stall,0,1.0,0.361131,0.287709,0.287709,1.0,8
block_cont_r3__temp_opt_r3,same_matched,block_cont_r3,temp_opt_r3,block_or_occupancy,block_or_occupancy,block_cont,temp_opt,0,1.0,0.412884,0.325995,0.325995,1.0,8
block_cont_r3__temp_opt_r7,same_matched,block_cont_r3,temp_opt_r7,block_or_occupancy,block_or_occupancy,block_cont,temp_opt,0,1.0,0.402464,0.268192,0.268192,1.0,8
lead_cont_r1__lead_nec_r6,same_matched,lead_cont_r1,lead_nec_r6,lead,lead,lead_cont,lead_nec,0,2.0,0.362924,0.286583,0.286583,1.0,8
cross_stall_occ_r2__cross_stall_r10,same_matched,cross_stall_occ_r2,cross_stall_r10,cross,cross,cross_stall_occ,cross_stall,0,1.0,0.361131,0.287709,0.287709,1.0,8
lead_cont_r6__lead_opt_r8,same_matched,lead_cont_r6,lead_opt_r8,lead,lead,lead_cont,lead_opt,0,1.0,0.369108,0.281271,0.281271,1.0,8
block_cont_r1__temp_opt_r5,same_matched,block_cont_r1,temp_opt_r5,block_or_occupancy,block_or_occupancy,block_cont,temp_opt,0,1.0,0.397989,0.321495,0.321495,1.0,8
block_cont_r5__temp_opt_r5,same_matched,block_cont_r5,temp_opt_r5,block_or_occupancy,block_or_occupancy,block_cont,temp_opt,0,1.0,0.413332,0.334583,0.334583,1.0,8
cross_stall_occ_r7__cross_stall_r11,same_matched,cross_stall_occ_r7,cross_stall_r11,cross,cross,cross_stall_occ,cross_stall,0,2.0,0.358575,0.263827,0.263827,1.0,8
block_cont_r9__temp_opt_r4,same_matched,block_cont_r9,temp_opt_r4,block_or_occupancy,block_or_occupancy,block_cont,temp_opt,0,2.0,0.384711,0.32114,0.32114,1.0,8
cross_stall_r11__cross_stall_r2,same_matched,cross_stall_r11,cross_stall_r2,cross,cross,cross_stall,cross_stall,0,2.0,0.041159,0.058761,0.058761,1.0,8
cross_stall_occ_r1__cross_stall_occ_r10,same_matched,cross_stall_occ_r1,cross_stall_occ_r10,cross,cross,cross_stall_occ,cross_stall_occ,0,1.0,0.049348,0.023337,0.023337,1.0,8
block_nec_r1__temp_opt_r9,same_matched,block_nec_r1,temp_opt_r9,block_or_occupancy,block_or_occupancy,block_nec,temp_opt,0,2.0,0.045595,0.062231,0.062231,1.0,8
cross_stall_occ_r10__cross_stall_occ_r11,same_matched,cross_stall_occ_r10,cross_stall_occ_r11,cross,cross,cross_stall_occ,cross_stall_occ,0,1.0,0.062902,0.034784,0.034784,1.0,8
cross_stall_occ_r12__cross_stall_occ_r4,same_matched,cross_stall_occ_r12,cross_stall_occ_r4,cross,cross,cross_stall_occ,cross_stall_occ,0,1.0,0.065298,0.043276,0.043276,1.0,8
cross_stall_r5__cross_stall_r8,same_matched,cross_stall_r5,cross_stall_r8,cross,cross,cross_stall,cross_stall,0,2.0,0.046802,0.053552,0.053552,1.0,8
cross_clear_r1__cross_clear_r2,same_matched,cross_clear_r1,cross_clear_r2,cross,cross,cross_clear,cross_clear,0,0.0,0.060762,0.024057,0.024057,1.0,8
block_cont_r2__block_cont_r5,same_matched,block_cont_r2,block_cont_r5,block_or_occupancy,block_or_occupancy,block_cont,block_cont,0,2.0,0.045471,0.037479,0.037479,1.0,8
lead_cont_r11__lead_cont_r2,same_matched,lead_cont_r11,lead_cont_r2,lead,lead,lead_cont,lead_cont,0,1.0,0.066598,0.030292,0.030292,1.0,8
block_cont_r11__block_cont_r9,same_matched,block_cont_r11,block_cont_r9,block_or_occupancy,block_or_occupancy,block_cont,block_cont,0,1.0,0.063304,0.036872,0.036872,1.0,8
cross_clear_r3__cross_stall_r8,same_matched,cross_clear_r3,cross_stall_r8,cross,cross,cross_clear,cross_stall,0,0.0,0.048772,0.026966,0.026966,1.0,8
lead_cont_r3__lead_cont_r5,same_matched,lead_cont_r3,lead_cont_r5,lead,lead,lead_cont,lead_cont,0,1.0,0.054145,0.030617,0.030617,1.0,8
cross_stall_occ_r7__cross_stall_occ_r9,same_matched,cross_stall_occ_r7,cross_stall_occ_r9,cross,cross,cross_stall_occ,cross_stall_occ,0,1.0,0.054359,0.03528,0.03528,1.0,8
cross_stall_r11__cross_stall_r2,same_matched,cross_stall_r11,cross_stall_r2,cross,cross,cross_stall,cross_stall,0,2.0,0.041159,0.058761,0.058761,1.0,8
block_nec_r1__temp_opt_r6,same_matched,block_nec_r1,temp_opt_r6,block_or_occupancy,block_or_occupancy,block_nec,temp_opt,0,1.0,0.080622,0.087392,0.087392,1.0,8
block_nec_r3__temp_opt_r12,same_matched,block_nec_r3,temp_opt_r12,block_or_occupancy,block_or_occupancy,block_nec,temp_opt,0,1.0,0.068672,0.059213,0.059213,1.0,8
block_cont_r2__block_cont_r4,same_matched,block_cont_r2,block_cont_r4,block_or_occupancy,block_or_occupancy,block_cont,block_cont,0,1.0,0.070826,0.038013,0.038013,1.0,8
lead_cont_r12__lead_cont_r5,same_matched,lead_cont_r12,lead_cont_r5,lead,lead,lead_cont,lead_cont,0,0.0,0.043934,0.022304,0.022304,1.0,8
cross_stall_occ_r3__cross_stall_occ_r8,same_matched,cross_stall_occ_r3,cross_stall_occ_r8,cross,cross,cross_stall_occ,cross_stall_occ,0,1.0,0.068504,0.032454,0.032454,1.0,8
block_nec_r10__block_nec_r3,same_matched,block_nec_r10,block_nec_r3,block_or_occupancy,block_or_occupancy,block_nec,block_nec,0,0.0,0.039074,0.059082,0.059082,1.0,8
block_nec_r12__block_nec_r3,same_matched,block_nec_r12,block_nec_r3,block_or_occupancy,block_or_occupancy,block_nec,block_nec,0,1.0,0.051175,0.076131,0.076131,1.0,8
cross_stall_r11__cross_stall_r2,same_matched,cross_stall_r11,cross_stall_r2,cross,cross,cross_stall,cross_stall,0,2.0,0.041159,0.058761,0.058761,1.0,8
lead_opt_r4__lead_opt_r5,same_matched,lead_opt_r4,lead_opt_r5,lead,lead,lead_opt,lead_opt,0,1.0,0.029502,0.01838,0.01838,1.0,8
lead_opt_r12__lead_opt_r8,same_matched,lead_opt_r12,lead_opt_r8,lead,lead,lead_opt,lead_opt,0,2.0,0.039218,0.038083,0.038083,1.0,8
block_nec_r9__temp_opt_r11,same_matched,block_nec_r9,temp_opt_r11,block_or_occupancy,block_or_occupancy,block_nec,temp_opt,0,2.0,0.112448,0.134913,0.134913,1.0,8
cross_clear_r8__cross_stall_occ_r4,same_matched,cross_clear_r8,cross_stall_occ_r4,cross,cross,cross_clear,cross_stall_occ,0,0.0,0.213251,0.211799,0.211799,1.0,8
cross_clear_r12__cross_stall_occ_r5,same_matched,cross_clear_r12,cross_stall_occ_r5,cross,cross,cross_clear,cross_stall_occ,0,0.0,0.186433,0.178962,0.178962,1.0,8
cross_clear_r11__cross_clear_r6,same_matched,cross_clear_r11,cross_clear_r6,cross,cross,cross_clear,cross_clear,0,1.0,0.159762,0.080835,0.080835,1.0,8
cross_clear_r2__cross_stall_r11,same_matched,cross_clear_r2,cross_stall_r11,cross,cross,cross_clear,cross_stall,0,2.0,0.0975,0.067908,0.067908,1.0,8
block_nec_r6__temp_opt_r11,same_matched,block_nec_r6,temp_opt_r11,block_or_occupancy,block_or_occupancy,block_nec,temp_opt,0,1.0,0.10698,0.106066,0.106066,1.0,8
block_nec_r1__temp_opt_r2,same_matched,block_nec_r1,temp_opt_r2,block_or_occupancy,block_or_occupancy,block_nec,temp_opt,0,0.0,0.110548,0.100163,0.100163,1.0,8
block_nec_r11__temp_opt_r4,same_matched,block_nec_r11,temp_opt_r4,block_or_occupancy,block_or_occupancy,block_nec,temp_opt,0,1.0,0.18213,0.183738,0.183738,1.0,8
cross_clear_r5__cross_stall_r11,same_matched,cross_clear_r5,cross_stall_r11,cross,cross,cross_clear,cross_stall,0,1.0,0.159068,0.130287,0.130287,1.0,8
cross_clear_r10__cross_stall_occ_r9,same_matched,cross_clear_r10,cross_stall_occ_r9,cross,cross,cross_clear,cross_stall_occ,0,1.0,0.1388,0.117098,0.117098,1.0,8
block_nec_r3__temp_opt_r4,same_matched,block_nec_r3,temp_opt_r4,block_or_occupancy,block_or_occupancy,block_nec,temp_opt,0,0.0,0.11465,0.112191,0.112191,1.0,8
cross_stall_occ_r4__cross_stall_r8,same_matched,cross_stall_occ_r4,cross_stall_r8,cross,cross,cross_stall_occ,cross_stall,0,1.0,0.284955,0.254851,0.254851,1.0,8
block_cont_r12__temp_opt_r12,same_matched,block_cont_r12,temp_opt_r12,block_or_occupancy,block_or_occupancy,block_cont,temp_opt,0,2.0,0.370182,0.264214,0.264214,1.0,8
lead_cont_r9__lead_opt_r2,same_matched,lead_cont_r9,lead_opt_r2,lead,lead,lead_cont,lead_opt,0,3.0,0.348197,0.288133,0.288133,1.0,8
block_cont_r7__block_nec_r3,same_matched,block_cont_r7,block_nec_r3,block_or_occupancy,block_or_occupancy,block_cont,block_nec,0,1.0,0.354283,0.232042,0.232042,1.0,8
cross_stall_occ_r5__cross_stall_r6,same_matched,cross_stall_occ_r5,cross_stall_r6,cross,cross,cross_stall_occ,cross_stall,0,0.0,0.323187,0.266734,0.266734,1.0,8
lead_cont_r7__lead_opt_r8,same_matched,lead_cont_r7,lead_opt_r8,lead,lead,lead_cont,lead_opt,0,1.0,0.383724,0.28392,0.28392,1.0,8
lead_cont_r3__lead_opt_r4,same_matched,lead_cont_r3,lead_opt_r4,lead,lead,lead_cont,lead_opt,0,0.0,0.336705,0.283363,0.283363,1.0,8
cross_stall_occ_r6__cross_stall_r12,same_matched,cross_stall_occ_r6,cross_stall_r12,cross,cross,cross_stall_occ,cross_stall,0,0.0,0.317746,0.256933,0.256933,1.0,8
cross_stall_occ_r10__cross_stall_r1,same_matched,cross_stall_occ_r10,cross_stall_r1,cross,cross,cross_stall_occ,cross_stall,0,1.0,0.321051,0.271514,0.271514,1.0,8
lead_cont_r5__lead_opt_r1,same_matched,lead_cont_r5,lead_opt_r1,lead,lead,lead_cont,lead_opt,0,2.0,0.333731,0.273465,0.273465,1.0,8
block_cont_r12__block_nec_r9,same_matched,block_cont_r12,block_nec_r9,block_or_occupancy,block_or_occupancy,block_cont,block_nec,0,3.0,0.358149,0.230663,0.230663,1.0,8
block_cont_r8__temp_opt_r8,same_matched,block_cont_r8,temp_opt_r8,block_or_occupancy,block_or_occupancy,block_cont,temp_opt,0,1.0,0.380394,0.297831,0.297831,1.0,8
lead_cont_r2__lead_opt_r12,same_matched,lead_cont_r2,lead_opt_r12,lead,lead,lead_cont,lead_opt,0,1.0,0.344492,0.278446,0.278446,1.0,8
block_cont_r11__block_cont_r8,same_matched,block_cont_r11,block_cont_r8,block_or_occupancy,block_or_occupancy,block_cont,block_cont,0,1.0,0.061414,0.029214,0.029214,1.0,8
block_nec_r3__temp_opt_r8,same_matched,block_nec_r3,temp_opt_r8,block_or_occupancy,block_or_occupancy,block_nec,temp_opt,0,1.0,0.056582,0.070215,0.070215,1.0,8
cross_stall_r11__cross_stall_r4,same_matched,cross_stall_r11,cross_stall_r4,cross,cross,cross_stall,cross_stall,0,1.0,0.030177,0.050647,0.050647,1.0,8
lead_cont_r12__lead_cont_r3,same_matched,lead_cont_r12,lead_cont_r3,lead,lead,lead_cont,lead_cont,0,1.0,0.050088,0.023758,0.023758,1.0,8
cross_clear_r3__cross_stall_r9,same_matched,cross_clear_r3,cross_stall_r9,cross,cross,cross_clear,cross_stall,0,1.0,0.071376,0.044305,0.044305,1.0,8
cross_stall_r5__cross_stall_r8,same_matched,cross_stall_r5,cross_stall_r8,cross,cross,cross_stall,cross_stall,0,2.0,0.046802,0.053552,0.053552,1.0,8
cross_clear_r11__cross_clear_r5,same_matched,cross_clear_r11,cross_clear_r5,cross,cross,cross_clear,cross_clear,0,1.0,0.060376,0.057078,0.057078,1.0,8
lead_nec_r11__lead_opt_r4,same_matched,lead_nec_r11,lead_opt_r4,lead,lead,lead_nec,lead_opt,0,0.0,0.023002,0.014911,0.014911,1.0,8
lead_cont_r10__lead_cont_r7,same_matched,lead_cont_r10,lead_cont_r7,lead,lead,lead_cont,lead_cont,0,1.0,0.054001,0.033834,0.033834,1.0,8
cross_stall_occ_r10__cross_stall_occ_r8,same_matched,cross_stall_occ_r10,cross_stall_occ_r8,cross,cross,cross_stall_occ,cross_stall_occ,0,1.0,0.056998,0.02575,0.02575,1.0,8
cross_stall_occ_r4__cross_stall_occ_r5,same_matched,cross_stall_occ_r4,cross_stall_occ_r5,cross,cross,cross_stall_occ,cross_stall_occ,0,1.0,0.067608,0.049772,0.049772,1.0,8
cross_clear_r3__cross_stall_r2,same_matched,cross_clear_r3,cross_stall_r2,cross,cross,cross_clear,cross_stall,0,0.0,0.045103,0.024862,0.024862,1.0,8
block_cont_r6__temp_opt_r9,same_matched,block_cont_r6,temp_opt_r9,block_or_occupancy,block_or_occupancy,block_cont,temp_opt,0,0.0,0.382509,0.300723,0.300723,1.0,8
block_cont_r6__block_nec_r7,same_matched,block_cont_r6,block_nec_r7,block_or_occupancy,block_or_occupancy,block_cont,block_nec,0,0.0,0.363132,0.267186,0.267186,1.0,8
lead_cont_r1__lead_opt_r12,same_matched,lead_cont_r1,lead_opt_r12,lead,lead,lead_cont,lead_opt,0,1.0,0.365059,0.29029,0.29029,1.0,8
block_cont_r8__temp_opt_r5,same_matched,block_cont_r8,temp_opt_r5,block_or_occupancy,block_or_occupancy,block_cont,temp_opt,0,2.0,0.417143,0.338931,0.338931,1.0,8
block_cont_r7__temp_opt_r7,same_matched,block_cont_r7,temp_opt_r7,block_or_occupancy,block_or_occupancy,block_cont,temp_opt,0,0.0,0.406798,0.270766,0.270766,1.0,8
block_cont_r3__temp_opt_r8,same_matched,block_cont_r3,temp_opt_r8,block_or_occupancy,block_or_occupancy,block_cont,temp_opt,0,1.0,0.366912,0.281386,0.281386,1.0,8
lead_cont_r1__lead_opt_r12,same_matched,lead_cont_r1,lead_opt_r12,lead,lead,lead_cont,lead_opt,0,1.0,0.365059,0.29029,0.29029,1.0,8
cross_stall_occ_r11__cross_stall_r1,same_matched,cross_stall_occ_r11,cross_stall_r1,cross,cross,cross_stall_occ,cross_stall,0,2.0,0.372972,0.293184,0.293184,1.0,8
block_cont_r3__temp_opt_r7,same_matched,block_cont_r3,temp_opt_r7,block_or_occupancy,block_or_occupancy,block_cont,temp_opt,0,1.0,0.402464,0.268192,0.268192,1.0,8
block_cont_r8__temp_opt_r5,same_matched,block_cont_r8,temp_opt_r5,block_or_occupancy,block_or_occupancy,block_cont,temp_opt,0,2.0,0.417143,0.338931,0.338931,1.0,8
block_cont_r9__temp_opt_r7,same_matched,block_cont_r9,temp_opt_r7,block_or_occupancy,block_or_occupancy,block_cont,temp_opt,0,1.0,0.362641,0.266404,0.266404,1.0,8
block_cont_r12__temp_opt_r3,same_matched,block_cont_r12,temp_opt_r3,block_or_occupancy,block_or_occupancy,block_cont,temp_opt,0,0.0,0.388913,0.306548,0.306548,1.0,8
block_nec_r9__temp_opt_r5,same_matched,block_nec_r9,temp_opt_r5,block_or_occupancy,block_or_occupancy,block_nec,temp_opt,0,2.0,0.079323,0.121118,0.121118,1.0,8
block_nec_r10__temp_opt_r11,same_matched,block_nec_r10,temp_opt_r11,block_or_occupancy,block_or_occupancy,block_nec,temp_opt,0,0.0,0.087382,0.066027,0.066027,1.0,8
block_nec_r10__temp_opt_r2,same_matched,block_nec_r10,temp_opt_r2,block_or_occupancy,block_or_occupancy,block_nec,temp_opt,0,1.0,0.083608,0.065066,0.065066,1.0,8
cross_clear_r7__cross_stall_r3,same_matched,cross_clear_r7,cross_stall_r3,cross,cross,cross_clear,cross_stall,0,0.0,0.101055,0.0552,0.0552,1.0,8
cross_clear_r11__cross_clear_r3,same_matched,cross_clear_r11,cross_clear_r3,cross,cross,cross_clear,cross_clear,0,2.0,0.103294,0.09386,0.09386,1.0,8
cross_clear_r4__cross_clear_r7,same_matched,cross_clear_r4,cross_clear_r7,cross,cross,cross_clear,cross_clear,0,1.0,0.085702,0.038236,0.038236,1.0,8
block_nec_r11__block_nec_r4,same_matched,block_nec_r11,block_nec_r4,block_or_occupancy,block_or_occupancy,block_nec,block_nec,0,1.0,0.098523,0.113466,0.113466,1.0,8
block_nec_r4__temp_opt_r4,same_matched,block_nec_r4,temp_opt_r4,block_or_occupancy,block_or_occupancy,block_nec,temp_opt,0,0.0,0.083607,0.070272,0.070272,1.0,8
cross_clear_r7__cross_stall_r9,same_matched,cross_clear_r7,cross_stall_r9,cross,cross,cross_clear,cross_stall,0,0.0,0.104786,0.058182,0.058182,1.0,8
cross_clear_r7__cross_stall_r3,same_matched,cross_clear_r7,cross_stall_r3,cross,cross,cross_clear,cross_stall,0,0.0,0.101055,0.0552,0.0552,1.0,8
cross_clear_r7__cross_stall_r2,same_matched,cross_clear_r7,cross_stall_r2,cross,cross,cross_clear,cross_stall,0,1.0,0.086819,0.042157,0.042157,1.0,8
cross_clear_r3__cross_clear_r8,same_matched,cross_clear_r3,cross_clear_r8,cross,cross,cross_clear,cross_clear,0,1.0,0.092505,0.056387,0.056387,1.0,8
cross_clear_r3__cross_clear_r8,same_matched,cross_clear_r3,cross_clear_r8,cross,cross,cross_clear,cross_clear,0,1.0,0.092505,0.056387,0.056387,1.0,8
cross_clear_r1__cross_stall_r7,same_matched,cross_clear_r1,cross_stall_r7,cross,cross,cross_clear,cross_stall,0,0.0,0.079014,0.03613,0.03613,1.0,8
block_nec_r11__block_nec_r12,same_matched,block_nec_r11,block_nec_r12,block_or_occupancy,block_or_occupancy,block_nec,block_nec,0,2.0,0.118656,0.147678,0.147678,1.0,8
block_nec_r10__block_nec_r11,same_matched,block_nec_r10,block_nec_r11,block_or_occupancy,block_or_occupancy,block_nec,block_nec,0,1.0,0.106555,0.130629,0.130629,1.0,8
block_nec_r9__temp_opt_r2,same_matched,block_nec_r9,temp_opt_r2,block_or_occupancy,block_or_occupancy,block_nec,temp_opt,0,3.0,0.108675,0.133952,0.133952,1.0,8
cross_clear_r1__cross_clear_r4,same_matched,cross_clear_r1,cross_clear_r4,cross,cross,cross_clear,cross_clear,0,0.0,0.082,0.02952,0.02952,1.0,8
block_nec_r10__block_nec_r11,same_matched,block_nec_r10,block_nec_r11,block_or_occupancy,block_or_occupancy,block_nec,block_nec,0,1.0,0.106555,0.130629,0.130629,1.0,8
block_nec_r12__temp_opt_r7,same_matched,block_nec_r12,temp_opt_r7,block_or_occupancy,block_or_occupancy,block_nec,temp_opt,0,2.0,0.077113,0.072098,0.072098,1.0,8
block_nec_r7__temp_opt_r1,same_matched,block_nec_r7,temp_opt_r1,block_or_occupancy,block_or_occupancy,block_nec,temp_opt,0,2.0,0.089085,0.073121,0.073121,1.0,8
cross_clear_r1__cross_stall_r7,same_matched,cross_clear_r1,cross_stall_r7,cross,cross,cross_clear,cross_stall,0,0.0,0.079014,0.03613,0.03613,1.0,8
cross_stall_occ_r4__cross_stall_occ_r5,same_matched,cross_stall_occ_r4,cross_stall_occ_r5,cross,cross,cross_stall_occ,cross_stall_occ,0,1.0,0.067608,0.049772,0.049772,1.0,8
cross_clear_r5__cross_clear_r7,same_matched,cross_clear_r5,cross_clear_r7,cross,cross,cross_clear,cross_clear,0,0.0,0.077208,0.090195,0.090195,1.0,8
cross_stall_occ_r11__cross_stall_occ_r4,same_matched,cross_stall_occ_r11,cross_stall_occ_r4,cross,cross,cross_stall_occ,cross_stall_occ,0,1.0,0.100152,0.052893,0.052893,1.0,8
cross_clear_r9__cross_stall_r12,same_matched,cross_clear_r9,cross_stall_r12,cross,cross,cross_clear,cross_stall,0,0.0,0.235066,0.20785,0.20785,1.0,8
cross_clear_r7__cross_clear_r9,same_matched,cross_clear_r7,cross_clear_r9,cross,cross,cross_clear,cross_clear,0,1.0,0.157323,0.188096,0.188096,1.0,8
block_nec_r11__temp_opt_r5,same_matched,block_nec_r11,temp_opt_r5,block_or_occupancy,block_or_occupancy,block_nec,temp_opt,0,1.0,0.160812,0.182862,0.182862,1.0,8
cross_clear_r2__cross_stall_r11,same_matched,cross_clear_r2,cross_stall_r11,cross,cross,cross_clear,cross_stall,0,2.0,0.0975,0.067908,0.067908,1.0,8
block_nec_r7__temp_opt_r2,same_matched,block_nec_r7,temp_opt_r2,block_or_occupancy,block_or_occupancy,block_nec,temp_opt,0,2.0,0.08433,0.07147,0.07147,1.0,8
cross_clear_r4__cross_stall_r11,same_matched,cross_clear_r4,cross_stall_r11,cross,cross,cross_clear,cross_stall,0,2.0,0.103413,0.073513,0.073513,1.0,8
block_nec_r11__temp_opt_r5,same_matched,block_nec_r11,temp_opt_r5,block_or_occupancy,block_or_occupancy,block_nec,temp_opt,0,1.0,0.160812,0.182862,0.182862,1.0,8
cross_clear_r11__cross_clear_r6,same_matched,cross_clear_r11,cross_clear_r6,cross,cross,cross_clear,cross_clear,0,1.0,0.159762,0.080835,0.080835,1.0,8
cross_clear_r7__cross_stall_r11,same_matched,cross_clear_r7,cross_stall_r11,cross,cross,cross_clear,cross_stall,0,1.0,0.118495,0.08068,0.08068,1.0,8
block_nec_r1__temp_opt_r11,same_matched,block_nec_r1,temp_opt_r11,block_or_occupancy,block_or_occupancy,block_nec,temp_opt,0,1.0,0.114321,0.101124,0.101124,1.0,8
cross_clear_r9__cross_stall_occ_r7,same_matched,cross_clear_r9,cross_stall_occ_r7,cross,cross,cross_clear,cross_stall_occ,0,2.0,0.253946,0.171248,0.171248,1.0,8
cross_stall_occ_r1__cross_stall_r11,same_matched,cross_stall_occ_r1,cross_stall_r11,cross,cross,cross_stall_occ,cross_stall,0,2.0,0.370395,0.269523,0.269523,1.0,8
lead_cont_r5__lead_opt_r2,same_matched,lead_cont_r5,lead_opt_r2,lead,lead,lead_cont,lead_opt,0,2.0,0.348888,0.281727,0.281727,1.0,8
block_cont_r7__block_nec_r4,same_matched,block_cont_r7,block_nec_r4,block_or_occupancy,block_or_occupancy,block_cont,block_nec,0,1.0,0.355097,0.253285,0.253285,1.0,8
cross_clear_r1__cross_stall_occ_r1,same_matched,cross_clear_r1,cross_stall_occ_r1,cross,cross,cross_clear,cross_stall_occ,0,0.0,0.324065,0.275873,0.275873,1.0,8
block_cont_r7__temp_opt_r12,same_matched,block_cont_r7,temp_opt_r12,block_or_occupancy,block_or_occupancy,block_cont,temp_opt,0,0.0,0.384576,0.269042,0.269042,1.0,8
lead_cont_r1__lead_nec_r1,same_matched,lead_cont_r1,lead_nec_r1,lead,lead,lead_cont,lead_nec,0,0.0,0.337527,0.274175,0.274175,1.0,8
cross_stall_occ_r3__cross_stall_r3,same_matched,cross_stall_occ_r3,cross_stall_r3,cross,cross,cross_stall_occ,cross_stall,0,0.0,0.318593,0.265711,0.265711,1.0,8
block_cont_r7__block_nec_r11,same_matched,block_cont_r7,block_nec_r11,block_or_occupancy,block_or_occupancy,block_cont,block_nec,0,0.0,0.321766,0.207106,0.207106,1.0,8
lead_cont_r5__lead_opt_r5,same_matched,lead_cont_r5,lead_opt_r5,lead,lead,lead_cont,lead_opt,0,0.0,0.334523,0.268567,0.268567,1.0,8
lead_cont_r2__lead_opt_r3,same_matched,lead_cont_r2,lead_opt_r3,lead,lead,lead_cont,lead_opt,0,1.0,0.358895,0.284249,0.284249,1.0,8
block_cont_r6__temp_opt_r8,same_matched,block_cont_r6,temp_opt_r8,block_or_occupancy,block_or_occupancy,block_cont,temp_opt,0,0.0,0.381362,0.284722,0.284722,1.0,8
block_cont_r4__temp_opt_r6,same_matched,block_cont_r4,temp_opt_r6,block_or_occupancy,block_or_occupancy,block_cont,temp_opt,0,0.0,0.345368,0.298638,0.298638,1.0,8
cross_stall_r11__cross_stall_r4,same_matched,cross_stall_r11,cross_stall_r4,cross,cross,cross_stall,cross_stall,0,1.0,0.030177,0.050647,0.050647,1.0,8
cross_stall_occ_r2__cross_stall_occ_r7,same_matched,cross_stall_occ_r2,cross_stall_occ_r7,cross,cross,cross_stall_occ,cross_stall_occ,0,0.0,0.025626,0.01743,0.01743,1.0,8
cross_stall_r10__cross_stall_r6,same_matched,cross_stall_r10,cross_stall_r6,cross,cross,cross_stall,cross_stall,0,1.0,0.003192,0.004119,0.004119,1.0,8
block_nec_r1__block_nec_r4,same_matched,block_nec_r1,block_nec_r4,block_or_occupancy,block_or_occupancy,block_nec,block_nec,0,1.0,0.018908,0.01803,0.01803,1.0,8
block_cont_r1__block_cont_r5,same_matched,block_cont_r1,block_cont_r5,block_or_occupancy,block_or_occupancy,block_cont,block_cont,0,2.0,0.040308,0.026991,0.026991,1.0,8
block_nec_r1__block_nec_r4,same_matched,block_nec_r1,block_nec_r4,block_or_occupancy,block_or_occupancy,block_nec,block_nec,0,1.0,0.018908,0.01803,0.01803,1.0,8
temp_opt_r2__temp_opt_r5,same_matched,temp_opt_r2,temp_opt_r5,block_or_occupancy,block_or_occupancy,temp_opt,temp_opt,0,1.0,0.029352,0.012834,0.012834,1.0,8
lead_nec_r8__lead_opt_r12,same_matched,lead_nec_r8,lead_opt_r12,lead,lead,lead_nec,lead_opt,0,2.0,0.019938,0.014587,0.014587,1.0,8
lead_nec_r11__lead_opt_r4,same_matched,lead_nec_r11,lead_opt_r4,lead,lead,lead_nec,lead_opt,0,0.0,0.023002,0.014911,0.014911,1.0,8
lead_nec_r2__lead_opt_r9,same_matched,lead_nec_r2,lead_opt_r9,lead,lead,lead_nec,lead_opt,0,1.0,0.026068,0.013584,0.013584,1.0,8
block_cont_r1__block_cont_r11,same_matched,block_cont_r1,block_cont_r11,block_or_occupancy,block_or_occupancy,block_cont,block_cont,0,2.0,0.036692,0.041327,0.041327,1.0,8
cross_stall_r1__cross_stall_r3,same_matched,cross_stall_r1,cross_stall_r3,cross,cross,cross_stall,cross_stall,0,1.0,0.014122,0.014575,0.014575,1.0,8
lead_cont_r12__lead_opt_r8,same_matched,lead_cont_r12,lead_opt_r8,lead,lead,lead_cont,lead_opt,0,1.0,0.383551,0.283894,0.283894,1.0,8
cross_stall_occ_r2__cross_stall_r6,same_matched,cross_stall_occ_r2,cross_stall_r6,cross,cross,cross_stall_occ,cross_stall,0,2.0,0.363897,0.289121,0.289121,1.0,8
lead_cont_r7__lead_nec_r3,same_matched,lead_cont_r7,lead_nec_r3,lead,lead,lead_cont,lead_nec,0,1.0,0.365795,0.284767,0.284767,1.0,8
block_cont_r6__temp_opt_r7,same_matched,block_cont_r6,temp_opt_r7,block_or_occupancy,block_or_occupancy,block_cont,temp_opt,0,0.0,0.417997,0.274438,0.274438,1.0,8
block_cont_r11__temp_opt_r7,same_matched,block_cont_r11,temp_opt_r7,block_or_occupancy,block_or_occupancy,block_cont,temp_opt,0,0.0,0.407802,0.292635,0.292635,1.0,8
lead_cont_r12__lead_opt_r11,same_matched,lead_cont_r12,lead_opt_r11,lead,lead,lead_cont,lead_opt,0,2.0,0.367695,0.28924,0.28924,1.0,8
lead_cont_r7__lead_nec_r3,same_matched,lead_cont_r7,lead_nec_r3,lead,lead,lead_cont,lead_nec,0,1.0,0.365795,0.284767,0.284767,1.0,8
lead_cont_r12__lead_opt_r9,same_matched,lead_cont_r12,lead_opt_r9,lead,lead,lead_cont,lead_opt,0,1.0,0.373864,0.286183,0.286183,1.0,8
block_cont_r3__temp_opt_r6,same_matched,block_cont_r3,temp_opt_r6,block_or_occupancy,block_or_occupancy,block_cont,temp_opt,0,0.0,0.403087,0.322548,0.322548,1.0,8
block_cont_r6__temp_opt_r7,same_matched,block_cont_r6,temp_opt_r7,block_or_occupancy,block_or_occupancy,block_cont,temp_opt,0,0.0,0.417997,0.274438,0.274438,1.0,8
block_cont_r9__temp_opt_r5,same_matched,block_cont_r9,temp_opt_r5,block_or_occupancy,block_or_occupancy,block_cont,temp_opt,0,2.0,0.363392,0.320264,0.320264,1.0,8
block_cont_r10__temp_opt_r2,same_matched,block_cont_r10,temp_opt_r2,block_or_occupancy,block_or_occupancy,block_cont,temp_opt,0,1.0,0.391344,0.315037,0.315037,1.0,8
block_cont_r5__block_cont_r7,same_matched,block_cont_r5,block_cont_r7,block_or_occupancy,block_or_occupancy,block_cont,block_cont,0,0.0,0.048118,0.028689,0.028689,1.0,8
block_nec_r3__temp_opt_r8,same_matched,block_nec_r3,temp_opt_r8,block_or_occupancy,block_or_occupancy,block_nec,temp_opt,0,1.0,0.056582,0.070215,0.070215,1.0,8
cross_clear_r3__cross_clear_r4,same_matched,cross_clear_r3,cross_clear_r4,cross,cross,cross_clear,cross_clear,0,0.0,0.052438,0.018371,0.018371,1.0,8
block_nec_r10__block_nec_r8,same_matched,block_nec_r10,block_nec_r8,block_or_occupancy,block_or_occupancy,block_nec,block_nec,0,2.0,0.069945,0.093592,0.093592,1.0,8
block_cont_r4__block_cont_r6,same_matched,block_cont_r4,block_cont_r6,block_or_occupancy,block_or_occupancy,block_cont,block_cont,0,1.0,0.072168,0.03586,0.03586,1.0,8
cross_stall_occ_r11__cross_stall_occ_r2,same_matched,cross_stall_occ_r11,cross_stall_occ_r2,cross,cross,cross_stall_occ,cross_stall_occ,0,2.0,0.054414,0.033441,0.033441,1.0,8
cross_stall_occ_r4__cross_stall_occ_r5,same_matched,cross_stall_occ_r4,cross_stall_occ_r5,cross,cross,cross_stall_occ,cross_stall_occ,0,1.0,0.067608,0.049772,0.049772,1.0,8
cross_clear_r3__cross_clear_r4,same_matched,cross_clear_r3,cross_clear_r4,cross,cross,cross_clear,cross_clear,0,0.0,0.052438,0.018371,0.018371,1.0,8
block_cont_r11__block_cont_r7,same_matched,block_cont_r11,block_cont_r7,block_or_occupancy,block_or_occupancy,block_cont,block_cont,0,0.0,0.073579,0.043025,0.043025,1.0,8
block_nec_r10__block_nec_r8,same_matched,block_nec_r10,block_nec_r8,block_or_occupancy,block_or_occupancy,block_nec,block_nec,0,2.0,0.069945,0.093592,0.093592,1.0,8
block_cont_r5__block_cont_r9,same_matched,block_cont_r5,block_cont_r9,block_or_occupancy,block_or_occupancy,block_cont,block_cont,0,1.0,0.055858,0.023565,0.023565,1.0,8
cross_stall_occ_r1__cross_stall_occ_r5,same_matched,cross_stall_occ_r1,cross_stall_occ_r5,cross,cross,cross_stall_occ,cross_stall_occ,0,2.0,0.061154,0.038198,0.038198,1.0,8
block_cont_r11__block_cont_r8,same_matched,block_cont_r11,block_cont_r8,block_or_occupancy,block_or_occupancy,block_cont,block_cont,0,1.0,0.061414,0.029214,0.029214,1.0,8
block_cont_r5__block_cont_r7,same_matched,block_cont_r5,block_cont_r7,block_or_occupancy,block_or_occupancy,block_cont,block_cont,0,0.0,0.048118,0.028689,0.028689,1.0,8
block_nec_r2__temp_opt_r7,same_matched,block_nec_r2,temp_opt_r7,block_or_occupancy,block_or_occupancy,block_nec,temp_opt,0,2.0,0.087572,0.068437,0.068437,1.0,8
block_nec_r10__temp_opt_r4,same_matched,block_nec_r10,temp_opt_r4,block_or_occupancy,block_or_occupancy,block_nec,temp_opt,0,0.0,0.075576,0.053109,0.053109,1.0,8
cross_clear_r8__cross_stall_r2,same_matched,cross_clear_r8,cross_stall_r2,cross,cross,cross_clear,cross_stall,0,1.0,0.078018,0.055079,0.055079,1.0,8
cross_stall_occ_r5__cross_stall_occ_r7,same_matched,cross_stall_occ_r5,cross_stall_occ_r7,cross,cross,cross_stall_occ,cross_stall_occ,0,2.0,0.050915,0.03569,0.03569,1.0,8
block_nec_r10__temp_opt_r4,same_matched,block_nec_r10,temp_opt_r4,block_or_occupancy,block_or_occupancy,block_nec,temp_opt,0,0.0,0.075576,0.053109,0.053109,1.0,8
block_cont_r2__block_cont_r8,same_matched,block_cont_r2,block_cont_r8,block_or_occupancy,block_or_occupancy,block_cont,block_cont,0,3.0,0.046006,0.032681,0.032681,1.0,8
cross_stall_occ_r1__cross_stall_occ_r3,same_matched,cross_stall_occ_r1,cross_stall_occ_r3,cross,cross,cross_stall_occ,cross_stall_occ,0,1.0,0.05813,0.029284,0.029284,1.0,8
block_cont_r5__block_cont_r7,same_matched,block_cont_r5,block_cont_r7,block_or_occupancy,block_or_occupancy,block_cont,block_cont,0,0.0,0.048118,0.028689,0.028689,1.0,8
block_nec_r11__block_nec_r8,same_matched,block_nec_r11,block_nec_r8,block_or_occupancy,block_or_occupancy,block_nec,block_nec,0,1.0,0.03661,0.037039,0.037039,1.0,8
block_cont_r2__block_cont_r8,same_matched,block_cont_r2,block_cont_r8,block_or_occupancy,block_or_occupancy,block_cont,block_cont,0,3.0,0.046006,0.032681,0.032681,1.0,8
cross_clear_r5__cross_clear_r6,same_matched,cross_clear_r5,cross_clear_r6,cross,cross,cross_clear,cross_clear,0,0.0,0.130267,0.079313,0.079313,1.0,8
cross_clear_r6__cross_stall_occ_r12,same_matched,cross_clear_r6,cross_stall_occ_r12,cross,cross,cross_clear,cross_stall_occ,0,1.0,0.175721,0.171444,0.171444,1.0,8
cross_clear_r6__cross_stall_occ_r1,same_matched,cross_clear_r6,cross_stall_occ_r1,cross,cross,cross_clear,cross_stall_occ,0,1.0,0.225585,0.186444,0.186444,1.0,8
block_nec_r11__temp_opt_r3,same_matched,block_nec_r11,temp_opt_r3,block_or_occupancy,block_or_occupancy,block_nec,temp_opt,0,2.0,0.170035,0.186372,0.186372,1.0,8
cross_clear_r1__cross_clear_r11,same_matched,cross_clear_r1,cross_clear_r11,cross,cross,cross_clear,cross_clear,0,2.0,0.11486,0.093017,0.093017,1.0,8
cross_clear_r12__cross_stall_r4,same_matched,cross_clear_r12,cross_stall_r4,cross,cross,cross_clear,cross_stall,0,1.0,0.150564,0.104011,0.104011,1.0,8
cross_clear_r12__cross_clear_r4,same_matched,cross_clear_r12,cross_clear_r4,cross,cross,cross_clear,cross_clear,0,2.0,0.137403,0.102118,0.102118,1.0,8
cross_clear_r9__cross_stall_r8,same_matched,cross_clear_r9,cross_stall_r8,cross,cross,cross_clear,cross_stall,0,2.0,0.21734,0.195407,0.195407,1.0,8
cross_clear_r10__cross_stall_occ_r10,same_matched,cross_clear_r10,cross_stall_occ_r10,cross,cross,cross_clear,cross_stall_occ,0,1.0,0.165711,0.124063,0.124063,1.0,8
cross_clear_r10__cross_stall_occ_r8,same_matched,cross_clear_r10,cross_stall_occ_r8,cross,cross,cross_clear,cross_stall_occ,0,2.0,0.175041,0.143615,0.143615,1.0,8
cross_clear_r11__cross_stall_r2,same_matched,cross_clear_r11,cross_stall_r2,cross,cross,cross_clear,cross_stall,0,2.0,0.12999,0.099444,0.099444,1.0,8
lead_cont_r3__lead_nec_r4,same_matched,lead_cont_r3,lead_nec_r4,lead,lead,lead_cont,lead_nec,0,0.0,0.328813,0.276677,0.276677,1.0,8
cross_stall_occ_r7__cross_stall_r3,same_matched,cross_stall_occ_r7,cross_stall_r3,cross,cross,cross_stall_occ,cross_stall,0,1.0,0.339956,0.271448,0.271448,1.0,8
lead_cont_r8__lead_opt_r11,same_matched,lead_cont_r8,lead_opt_r11,lead,lead,lead_cont,lead_opt,0,3.0,0.341864,0.281489,0.281489,1.0,8
block_cont_r7__block_nec_r5,same_matched,block_cont_r7,block_nec_r5,block_or_occupancy,block_or_occupancy,block_cont,block_nec,0,0.0,0.324117,0.214814,0.214814,1.0,8
block_cont_r10__block_nec_r3,same_matched,block_cont_r10,block_nec_r3,block_or_occupancy,block_or_occupancy,block_cont,block_nec,0,0.0,0.312723,0.226596,0.226596,1.0,8
lead_cont_r12__lead_nec_r6,same_matched,lead_cont_r12,lead_nec_r6,lead,lead,lead_cont,lead_nec,0,0.0,0.353532,0.279101,0.279101,1.0,8
cross_stall_occ_r10__cross_stall_r3,same_matched,cross_stall_occ_r10,cross_stall_r3,cross,cross,cross_stall_occ,cross_stall,0,0.0,0.330098,0.272415,0.272415,1.0,8
cross_stall_occ_r6__cross_stall_r4,same_matched,cross_stall_occ_r6,cross_stall_r4,cross,cross,cross_stall_occ,cross_stall,0,1.0,0.320267,0.265646,0.265646,1.0,8
lead_cont_r8__lead_nec_r10,same_matched,lead_cont_r8,lead_nec_r10,lead,lead,lead_cont,lead_nec,0,0.0,0.31049,0.260521,0.260521,1.0,8
cross_stall_occ_r6__cross_stall_r4,same_matched,cross_stall_occ_r6,cross_stall_r4,cross,cross,cross_stall_occ,cross_stall,0,1.0,0.320267,0.265646,0.265646,1.0,8
cross_stall_occ_r3__cross_stall_r8,same_matched,cross_stall_occ_r3,cross_stall_r8,cross,cross,cross_stall_occ,cross_stall,0,1.0,0.327955,0.277825,0.277825,1.0,8
cross_clear_r3__cross_stall_occ_r12,same_matched,cross_clear_r3,cross_stall_occ_r12,cross,cross,cross_clear,cross_stall_occ,0,2.0,0.350141,0.28307,0.28307,1.0,8
cross_clear_r11__cross_stall_occ_r12,same_matched,cross_clear_r11,cross_stall_occ_r12,cross,cross,cross_clear,cross_stall_occ,0,0.0,0.314302,0.230121,0.230121,1.0,8
block_nec_r11__block_nec_r2,same_matched,block_nec_r11,block_nec_r2,block_or_occupancy,block_or_occupancy,block_nec,block_nec,0,2.0,0.105547,0.13241,0.13241,1.0,8
block_nec_r9__temp_opt_r4,same_matched,block_nec_r9,temp_opt_r4,block_or_occupancy,block_or_occupancy,block_nec,temp_opt,0,2.0,0.100642,0.121995,0.121995,1.0,8
cross_clear_r2__cross_stall_r7,same_matched,cross_clear_r2,cross_stall_r7,cross,cross,cross_clear,cross_stall,0,0.0,0.074086,0.03765,0.03765,1.0,8
cross_clear_r8__cross_stall_r6,same_matched,cross_clear_r8,cross_stall_r6,cross,cross,cross_clear,cross_stall,0,1.0,0.093447,0.063333,0.063333,1.0,8
block_nec_r1__temp_opt_r1,same_matched,block_nec_r1,temp_opt_r1,block_or_occupancy,block_or_occupancy,block_nec,temp_opt,0,0.0,0.115303,0.101815,0.101815,1.0,8
block_nec_r4__temp_opt_r7,same_matched,block_nec_r4,temp_opt_r7,block_or_occupancy,block_or_occupancy,block_nec,temp_opt,0,1.0,0.091308,0.062905,0.062905,1.0,8
block_nec_r4__temp_opt_r10,same_matched,block_nec_r4,temp_opt_r10,block_or_occupancy,block_or_occupancy,block_nec,temp_opt,0,1.0,0.104363,0.086457,0.086457,1.0,8
block_nec_r12__temp_opt_r4,same_matched,block_nec_r12,temp_opt_r4,block_or_occupancy,block_or_occupancy,block_nec,temp_opt,0,1.0,0.064867,0.037471,0.037471,1.0,8
cross_clear_r2__cross_stall_r11,same_matched,cross_clear_r2,cross_stall_r11,cross,cross,cross_clear,cross_stall,0,2.0,0.0975,0.067908,0.067908,1.0,8
cross_clear_r7__cross_stall_r3,same_matched,cross_clear_r7,cross_stall_r3,cross,cross,cross_clear,cross_stall,0,0.0,0.101055,0.0552,0.0552,1.0,8
block_nec_r9__temp_opt_r11,same_matched,block_nec_r9,temp_opt_r11,block_or_occupancy,block_or_occupancy,block_nec,temp_opt,0,2.0,0.112448,0.134913,0.134913,1.0,8
block_nec_r7__temp_opt_r1,same_matched,block_nec_r7,temp_opt_r1,block_or_occupancy,block_or_occupancy,block_nec,temp_opt,0,2.0,0.089085,0.073121,0.073121,1.0,8
block_cont_r7__block_nec_r10,same_matched,block_cont_r7,block_nec_r10,block_or_occupancy,block_or_occupancy,block_cont,block_nec,0,1.0,0.352595,0.264747,0.264747,1.0,8
lead_cont_r1__lead_opt_r10,same_matched,lead_cont_r1,lead_opt_r10,lead,lead,lead_cont,lead_opt,0,2.0,0.348392,0.279679,0.279679,1.0,8
cross_stall_occ_r7__cross_stall_r11,same_matched,cross_stall_occ_r7,cross_stall_r11,cross,cross,cross_stall_occ,cross_stall,0,2.0,0.358575,0.263827,0.263827,1.0,8
block_cont_r4__temp_opt_r10,same_matched,block_cont_r4,temp_opt_r10,block_or_occupancy,block_or_occupancy,block_cont,temp_opt,0,1.0,0.388017,0.315637,0.315637,1.0,8
block_cont_r5__temp_opt_r8,same_matched,block_cont_r5,temp_opt_r8,block_or_occupancy,block_or_occupancy,block_cont,temp_opt,0,0.0,0.376583,0.293483,0.293483,1.0,8
cross_stall_occ_r8__cross_stall_r6,same_matched,cross_stall_occ_r8,cross_stall_r6,cross,cross,cross_stall_occ,cross_stall,0,2.0,0.360465,0.287356,0.287356,1.0,8
lead_cont_r1__lead_opt_r12,same_matched,lead_cont_r1,lead_opt_r12,lead,lead,lead_cont,lead_opt,0,1.0,0.365059,0.29029,0.29029,1.0,8
lead_cont_r1__lead_nec_r7,same_matched,lead_cont_r1,lead_nec_r7,lead,lead,lead_cont,lead_nec,0,2.0,0.359565,0.28451,0.28451,1.0,8
block_cont_r9__temp_opt_r4,same_matched,block_cont_r9,temp_opt_r4,block_or_occupancy,block_or_occupancy,block_cont,temp_opt,0,2.0,0.384711,0.32114,0.32114,1.0,8
block_cont_r4__temp_opt_r10,same_matched,block_cont_r4,temp_opt_r10,block_or_occupancy,block_or_occupancy,block_cont,temp_opt,0,1.0,0.388017,0.315637,0.315637,1.0,8
cross_stall_occ_r9__cross_stall_r2,same_matched,cross_stall_occ_r9,cross_stall_r2,cross,cross,cross_stall_occ,cross_stall,0,1.0,0.347515,0.281237,0.281237,1.0,8
block_cont_r8__block_nec_r12,same_matched,block_cont_r8,block_nec_r12,block_or_occupancy,block_or_occupancy,block_cont,block_nec,0,3.0,0.374988,0.303747,0.303747,1.0,8
block_nec_r1__temp_opt_r10,same_matched,block_nec_r1,temp_opt_r10,block_or_occupancy,block_or_occupancy,block_nec,temp_opt,0,0.0,0.123271,0.10439,0.10439,1.0,8
cross_clear_r3__cross_clear_r5,same_matched,cross_clear_r3,cross_clear_r5,cross,cross,cross_clear,cross_clear,0,1.0,0.132301,0.121,0.121,1.0,8
cross_clear_r11__cross_clear_r8,same_matched,cross_clear_r11,cross_clear_r8,cross,cross,cross_clear,cross_clear,0,1.0,0.127515,0.082171,0.082171,1.0,8
cross_clear_r11__cross_stall_r3,same_matched,cross_clear_r11,cross_stall_r3,cross,cross,cross_clear,cross_stall,0,1.0,0.145447,0.112692,0.112692,1.0,8
cross_clear_r11__cross_stall_r9,same_matched,cross_clear_r11,cross_stall_r9,cross,cross,cross_clear,cross_stall,0,1.0,0.146819,0.116047,0.116047,1.0,8
cross_clear_r11__cross_stall_r2,same_matched,cross_clear_r11,cross_stall_r2,cross,cross,cross_clear,cross_stall,0,2.0,0.12999,0.099444,0.099444,1.0,8
cross_clear_r11__cross_stall_r12,same_matched,cross_clear_r11,cross_stall_r12,cross,cross,cross_clear,cross_stall,0,0.0,0.142029,0.112638,0.112638,1.0,8
cross_clear_r11__cross_clear_r8,same_matched,cross_clear_r11,cross_clear_r8,cross,cross,cross_clear,cross_clear,0,1.0,0.127515,0.082171,0.082171,1.0,8
cross_clear_r10__cross_stall_occ_r6,same_matched,cross_clear_r10,cross_stall_occ_r6,cross,cross,cross_clear,cross_stall_occ,0,0.0,0.148719,0.125648,0.125648,1.0,8
cross_clear_r11__cross_stall_r3,same_matched,cross_clear_r11,cross_stall_r3,cross,cross,cross_clear,cross_stall,0,1.0,0.145447,0.112692,0.112692,1.0,8
cross_clear_r5__cross_clear_r6,same_matched,cross_clear_r5,cross_clear_r6,cross,cross,cross_clear,cross_clear,0,0.0,0.130267,0.079313,0.079313,1.0,8
block_nec_r11__temp_opt_r12,same_matched,block_nec_r11,temp_opt_r12,block_or_occupancy,block_or_occupancy,block_nec,temp_opt,0,0.0,0.136152,0.13076,0.13076,1.0,8
block_nec_r11__temp_opt_r12,same_matched,block_nec_r11,temp_opt_r12,block_or_occupancy,block_or_occupancy,block_nec,temp_opt,0,0.0,0.136152,0.13076,0.13076,1.0,8
block_nec_r8__temp_opt_r7,same_matched,block_nec_r8,temp_opt_r7,block_or_occupancy,block_or_occupancy,block_nec,temp_opt,0,1.0,0.123005,0.091791,0.091791,1.0,8
cross_clear_r6__cross_stall_r10,same_matched,cross_clear_r6,cross_stall_r10,cross,cross,cross_clear,cross_stall,0,0.0,0.163791,0.113966,0.113966,1.0,8
cross_clear_r12__cross_stall_r4,same_matched,cross_clear_r12,cross_stall_r4,cross,cross,cross_clear,cross_stall,0,1.0,0.150564,0.104011,0.104011,1.0,8
cross_clear_r4__cross_clear_r6,same_matched,cross_clear_r4,cross_clear_r6,cross,cross,cross_clear,cross_clear,0,1.0,0.152996,0.113341,0.113341,1.0,8
block_nec_r3__temp_opt_r11,same_matched,block_nec_r3,temp_opt_r11,block_or_occupancy,block_or_occupancy,block_nec,temp_opt,0,0.0,0.126456,0.125109,0.125109,1.0,8
cross_clear_r12__cross_stall_r4,same_matched,cross_clear_r12,cross_stall_r4,cross,cross,cross_clear,cross_stall,0,1.0,0.150564,0.104011,0.104011,1.0,8
block_nec_r9__temp_opt_r10,same_matched,block_nec_r9,temp_opt_r10,block_or_occupancy,block_or_occupancy,block_nec,temp_opt,0,3.0,0.121398,0.138179,0.138179,1.0,8
cross_clear_r11__cross_clear_r9,same_matched,cross_clear_r11,cross_clear_r9,cross,cross,cross_clear,cross_clear,0,0.0,0.133381,0.147211,0.147211,1.0,8
block_nec_r1__temp_opt_r10,same_matched,block_nec_r1,temp_opt_r10,block_or_occupancy,block_or_occupancy,block_nec,temp_opt,0,0.0,0.123271,0.10439,0.10439,1.0,8
block_nec_r9__temp_opt_r11,same_matched,block_nec_r9,temp_opt_r11,block_or_occupancy,block_or_occupancy,block_nec,temp_opt,0,2.0,0.112448,0.134913,0.134913,1.0,8
block_nec_r9__temp_opt_r10,same_matched,block_nec_r9,temp_opt_r10,block_or_occupancy,block_or_occupancy,block_nec,temp_opt,0,3.0,0.121398,0.138179,0.138179,1.0,8
block_nec_r6__temp_opt_r11,same_matched,block_nec_r6,temp_opt_r11,block_or_occupancy,block_or_occupancy,block_nec,temp_opt,0,1.0,0.10698,0.106066,0.106066,1.0,8
cross_clear_r9__cross_stall_r4,same_matched,cross_clear_r9,cross_stall_r4,cross,cross,cross_clear,cross_stall,0,1.0,0.224654,0.19833,0.19833,1.0,8
cross_clear_r6__cross_stall_r1,same_matched,cross_clear_r6,cross_stall_r1,cross,cross,cross_clear,cross_stall,0,1.0,0.167558,0.117364,0.117364,1.0,8
cross_clear_r6__cross_stall_r10,same_matched,cross_clear_r6,cross_stall_r10,cross,cross,cross_clear,cross_stall,0,0.0,0.163791,0.113966,0.113966,1.0,8
cross_stall_occ_r11__cross_stall_occ_r4,same_matched,cross_stall_occ_r11,cross_stall_occ_r4,cross,cross,cross_stall_occ,cross_stall_occ,0,1.0,0.100152,0.052893,0.052893,1.0,8
block_nec_r4__temp_opt_r2,same_matched,block_nec_r4,temp_opt_r2,block_or_occupancy,block_or_occupancy,block_nec,temp_opt,0,1.0,0.09164,0.08223,0.08223,1.0,8
block_nec_r6__temp_opt_r1,same_matched,block_nec_r6,temp_opt_r1,block_or_occupancy,block_or_occupancy,block_nec,temp_opt,0,2.0,0.107962,0.106756,0.106756,1.0,8
cross_clear_r10__cross_stall_occ_r10,same_matched,cross_clear_r10,cross_stall_occ_r10,cross,cross,cross_clear,cross_stall_occ,0,1.0,0.165711,0.124063,0.124063,1.0,8
cross_clear_r6__cross_stall_r6,same_matched,cross_clear_r6,cross_stall_r6,cross,cross,cross_clear,cross_stall,0,1.0,0.161378,0.110707,0.110707,1.0,8
block_nec_r3__temp_opt_r11,same_matched,block_nec_r3,temp_opt_r11,block_or_occupancy,block_or_occupancy,block_nec,temp_opt,0,0.0,0.126456,0.125109,0.125109,1.0,8
block_nec_r6__temp_opt_r10,same_matched,block_nec_r6,temp_opt_r10,block_or_occupancy,block_or_occupancy,block_nec,temp_opt,0,2.0,0.11593,0.109332,0.109332,1.0,8
cross_clear_r10__cross_clear_r11,same_matched,cross_clear_r10,cross_clear_r11,cross,cross,cross_clear,cross_clear,0,0.0,0.265395,0.17649,0.17649,1.0,8
cross_stall_occ_r11__cross_stall_r1,same_matched,cross_stall_occ_r11,cross_stall_r1,cross,cross,cross_stall_occ,cross_stall,0,2.0,0.372972,0.293184,0.293184,1.0,8
lead_cont_r1__lead_opt_r6,same_matched,lead_cont_r1,lead_opt_r6,lead,lead,lead_cont,lead_opt,0,2.0,0.351441,0.28221,0.28221,1.0,8
block_cont_r7__block_nec_r6,same_matched,block_cont_r7,block_nec_r6,block_or_occupancy,block_or_occupancy,block_cont,block_nec,0,0.0,0.357388,0.242751,0.242751,1.0,8
lead_cont_r8__lead_nec_r2,same_matched,lead_cont_r8,lead_nec_r2,lead,lead,lead_cont,lead_nec,0,3.0,0.326373,0.271929,0.271929,1.0,8
block_cont_r4__temp_opt_r10,same_matched,block_cont_r4,temp_opt_r10,block_or_occupancy,block_or_occupancy,block_cont,temp_opt,0,1.0,0.388017,0.315637,0.315637,1.0,8
cross_stall_occ_r7__cross_stall_r3,same_matched,cross_stall_occ_r7,cross_stall_r3,cross,cross,cross_stall_occ,cross_stall,0,1.0,0.339956,0.271448,0.271448,1.0,8
cross_stall_occ_r3__cross_stall_r12,same_matched,cross_stall_occ_r3,cross_stall_r12,cross,cross,cross_stall_occ,cross_stall,0,1.0,0.320853,0.267062,0.267062,1.0,8
cross_clear_r1__cross_stall_occ_r1,same_matched,cross_clear_r1,cross_stall_occ_r1,cross,cross,cross_clear,cross_stall_occ,0,0.0,0.324065,0.275873,0.275873,1.0,8
lead_cont_r3__lead_opt_r4,same_matched,lead_cont_r3,lead_opt_r4,lead,lead,lead_cont,lead_opt,0,0.0,0.336705,0.283363,0.283363,1.0,8
block_cont_r1__temp_opt_r8,same_matched,block_cont_r1,temp_opt_r8,block_or_occupancy,block_or_occupancy,block_cont,temp_opt,0,2.0,0.36124,0.280395,0.280395,1.0,8
block_cont_r10__temp_opt_r4,same_matched,block_cont_r10,temp_opt_r4,block_or_occupancy,block_or_occupancy,block_cont,temp_opt,0,0.0,0.383311,0.30308,0.30308,1.0,8
cross_stall_occ_r9__cross_stall_r2,same_matched,cross_stall_occ_r9,cross_stall_r2,cross,cross,cross_stall_occ,cross_stall,0,1.0,0.347515,0.281237,0.281237,1.0,8
block_cont_r10__block_cont_r3,same_matched,block_cont_r10,block_cont_r3,block_or_occupancy,block_or_occupancy,block_cont,block_cont,0,0.0,0.041669,0.020282,0.020282,1.0,8
block_nec_r12__block_nec_r9,same_matched,block_nec_r12,block_nec_r9,block_or_occupancy,block_or_occupancy,block_nec,block_nec,0,3.0,0.037168,0.085934,0.085934,1.0,8
lead_nec_r4__lead_opt_r2,same_matched,lead_nec_r4,lead_opt_r2,lead,lead,lead_nec,lead_opt,0,1.0,0.010763,0.008205,0.008205,1.0,8
temp_opt_r2__temp_opt_r7,same_matched,temp_opt_r2,temp_opt_r7,block_or_occupancy,block_or_occupancy,temp_opt,temp_opt,0,2.0,0.030548,0.067143,0.067143,1.0,8
lead_cont_r11__lead_cont_r12,same_matched,lead_cont_r11,lead_cont_r12,lead,lead,lead_cont,lead_cont,0,1.0,0.051927,0.024788,0.024788,1.0,8
lead_opt_r10__lead_opt_r12,same_matched,lead_opt_r10,lead_opt_r12,lead,lead,lead_opt,lead_opt,0,1.0,0.027655,0.016055,0.016055,1.0,8
temp_opt_r6__temp_opt_r7,same_matched,temp_opt_r6,temp_opt_r7,block_or_occupancy,block_or_occupancy,temp_opt,temp_opt,0,1.0,0.040725,0.062222,0.062222,1.0,8
cross_stall_occ_r7__cross_stall_occ_r8,same_matched,cross_stall_occ_r7,cross_stall_occ_r8,cross,cross,cross_stall_occ,cross_stall_occ,0,0.0,0.022194,0.015666,0.015666,1.0,8
lead_cont_r1__lead_cont_r7,same_matched,lead_cont_r1,lead_cont_r7,lead,lead,lead_cont,lead_cont,0,2.0,0.034512,0.016339,0.016339,1.0,8
cross_stall_r11__cross_stall_r8,same_matched,cross_stall_r11,cross_stall_r8,cross,cross,cross_stall,cross_stall,0,2.0,0.03749,0.056656,0.056656,1.0,8
block_cont_r5__block_cont_r7,same_matched,block_cont_r5,block_cont_r7,block_or_occupancy,block_or_occupancy,block_cont,block_cont,0,0.0,0.048118,0.028689,0.028689,1.0,8
cross_stall_occ_r2__cross_stall_occ_r7,same_matched,cross_stall_occ_r2,cross_stall_occ_r7,cross,cross,cross_stall_occ,cross_stall_occ,0,0.0,0.025626,0.01743,0.01743,1.0,8
block_cont_r9__temp_opt_r4,same_matched,block_cont_r9,temp_opt_r4,block_or_occupancy,block_or_occupancy,block_cont,temp_opt,0,2.0,0.384711,0.32114,0.32114,1.0,8
lead_cont_r7__lead_nec_r3,same_matched,lead_cont_r7,lead_nec_r3,lead,lead,lead_cont,lead_nec,0,1.0,0.365795,0.284767,0.284767,1.0,8
block_cont_r7__temp_opt_r8,same_matched,block_cont_r7,temp_opt_r8,block_or_occupancy,block_or_occupancy,block_cont,temp_opt,0,0.0,0.368229,0.275521,0.275521,1.0,8
block_cont_r1__temp_opt_r4,same_matched,block_cont_r1,temp_opt_r4,block_or_occupancy,block_or_occupancy,block_cont,temp_opt,0,1.0,0.419308,0.322371,0.322371,1.0,8
block_cont_r12__temp_opt_r2,same_matched,block_cont_r12,temp_opt_r2,block_or_occupancy,block_or_occupancy,block_cont,temp_opt,0,0.0,0.409041,0.315872,0.315872,1.0,8
block_cont_r12__temp_opt_r12,same_matched,block_cont_r12,temp_opt_r12,block_or_occupancy,block_or_occupancy,block_cont,temp_opt,0,2.0,0.370182,0.264214,0.264214,1.0,8
block_cont_r7__temp_opt_r8,same_matched,block_cont_r7,temp_opt_r8,block_or_occupancy,block_or_occupancy,block_cont,temp_opt,0,0.0,0.368229,0.275521,0.275521,1.0,8
block_cont_r6__block_nec_r12,same_matched,block_cont_r6,block_nec_r12,block_or_occupancy,block_or_occupancy,block_cont,block_nec,0,2.0,0.375955,0.290638,0.290638,1.0,8
block_cont_r9__temp_opt_r10,same_matched,block_cont_r9,temp_opt_r10,block_or_occupancy,block_or_occupancy,block_cont,temp_opt,0,3.0,0.405467,0.337325,0.337325,1.0,8
block_cont_r1__temp_opt_r4,same_matched,block_cont_r1,temp_opt_r4,block_or_occupancy,block_or_occupancy,block_cont,temp_opt,0,1.0,0.419308,0.322371,0.322371,1.0,8
lead_cont_r7__lead_nec_r3,same_matched,lead_cont_r7,lead_nec_r3,lead,lead,lead_cont,lead_nec,0,1.0,0.365795,0.284767,0.284767,1.0,8
block_cont_r9__temp_opt_r2,same_matched,block_cont_r9,temp_opt_r2,block_or_occupancy,block_or_occupancy,block_cont,temp_opt,0,3.0,0.392743,0.333098,0.333098,1.0,8
cross_clear_r3__cross_stall_r10,same_matched,cross_clear_r3,cross_stall_r10,cross,cross,cross_clear,cross_stall,0,1.0,0.059787,0.034385,0.034385,1.0,8
cross_stall_occ_r12__cross_stall_occ_r9,same_matched,cross_stall_occ_r12,cross_stall_occ_r9,cross,cross,cross_stall_occ,cross_stall_occ,0,1.0,0.068032,0.035954,0.035954,1.0,8
cross_stall_occ_r2__cross_stall_occ_r9,same_matched,cross_stall_occ_r2,cross_stall_occ_r9,cross,cross,cross_stall_occ,cross_stall_occ,0,1.0,0.064194,0.038138,0.038138,1.0,8
block_nec_r11__block_nec_r9,same_matched,block_nec_r11,block_nec_r9,block_or_occupancy,block_or_occupancy,block_nec,block_nec,0,1.0,0.081488,0.061744,0.061744,1.0,8
block_cont_r12__block_cont_r4,same_matched,block_cont_r12,block_cont_r4,block_or_occupancy,block_or_occupancy,block_cont,block_cont,0,1.0,0.083961,0.045981,0.045981,1.0,8
lead_cont_r3__lead_cont_r6,same_matched,lead_cont_r3,lead_cont_r6,lead,lead,lead_cont,lead_cont,0,1.0,0.065996,0.034739,0.034739,1.0,8
block_nec_r9__temp_opt_r5,same_matched,block_nec_r9,temp_opt_r5,block_or_occupancy,block_or_occupancy,block_nec,temp_opt,0,2.0,0.079323,0.121118,0.121118,1.0,8
lead_cont_r10__lead_cont_r2,same_matched,lead_cont_r10,lead_cont_r2,lead,lead,lead_cont,lead_cont,0,3.0,0.0641,0.036841,0.036841,1.0,8
cross_clear_r4__cross_stall_r3,same_matched,cross_clear_r4,cross_stall_r3,cross,cross,cross_clear,cross_stall,0,1.0,0.085051,0.047291,0.047291,1.0,8
cross_clear_r1__cross_clear_r4,same_matched,cross_clear_r1,cross_clear_r4,cross,cross,cross_clear,cross_clear,0,0.0,0.082,0.02952,0.02952,1.0,8
cross_stall_occ_r12__cross_stall_occ_r3,same_matched,cross_stall_occ_r12,cross_stall_occ_r3,cross,cross,cross_stall_occ,cross_stall_occ,0,1.0,0.067223,0.039267,0.039267,1.0,8
cross_stall_occ_r12__cross_stall_occ_r2,same_matched,cross_stall_occ_r12,cross_stall_occ_r2,cross,cross,cross_stall_occ,cross_stall_occ,0,2.0,0.07267,0.044628,0.044628,1.0,8
cross_stall_occ_r12__cross_stall_occ_r2,same_matched,cross_stall_occ_r12,cross_stall_occ_r2,cross,cross,cross_stall_occ,cross_stall_occ,0,2.0,0.07267,0.044628,0.044628,1.0,8
cross_clear_r3__cross_stall_r10,same_matched,cross_clear_r3,cross_stall_r10,cross,cross,cross_clear,cross_stall,0,1.0,0.059787,0.034385,0.034385,1.0,8
block_nec_r8__temp_opt_r12,same_matched,block_nec_r8,temp_opt_r12,block_or_occupancy,block_or_occupancy,block_nec,temp_opt,0,1.0,0.099543,0.093723,0.093723,1.0,8
block_nec_r7__temp_opt_r7,same_matched,block_nec_r7,temp_opt_r7,block_or_occupancy,block_or_occupancy,block_nec,temp_opt,0,0.0,0.08728,0.068927,0.068927,1.0,8
block_nec_r2__temp_opt_r1,same_matched,block_nec_r2,temp_opt_r1,block_or_occupancy,block_or_occupancy,block_nec,temp_opt,0,0.0,0.089371,0.064937,0.064937,1.0,8
cross_clear_r1__cross_clear_r7,same_matched,cross_clear_r1,cross_clear_r7,cross,cross,cross_clear,cross_clear,0,1.0,0.062548,0.024374,0.024374,1.0,8
cross_clear_r1__cross_stall_r9,same_matched,cross_clear_r1,cross_stall_r9,cross,cross,cross_clear,cross_stall,0,1.0,0.087123,0.040131,0.040131,1.0,8
block_cont_r1__block_cont_r9,same_matched,block_cont_r1,block_cont_r9,block_or_occupancy,block_or_occupancy,block_cont,block_cont,0,3.0,0.057642,0.025596,0.025596,1.0,8
temp_opt_r1__temp_opt_r9,same_matched,temp_opt_r1,temp_opt_r9,block_or_occupancy,block_or_occupancy,temp_opt,temp_opt,0,2.0,0.069708,0.039584,0.039584,1.0,8
cross_clear_r3__cross_stall_r10,same_matched,cross_clear_r3,cross_stall_r10,cross,cross,cross_clear,cross_stall,0,1.0,0.059787,0.034385,0.034385,1.0,8
block_cont_r5__block_cont_r7,same_matched,block_cont_r5,block_cont_r7,block_or_occupancy,block_or_occupancy,block_cont,block_cont,0,0.0,0.048118,0.028689,0.028689,1.0,8
block_nec_r3__temp_opt_r9,same_matched,block_nec_r3,temp_opt_r9,block_or_occupancy,block_or_occupancy,block_nec,temp_opt,0,1.0,0.05773,0.086216,0.086216,1.0,8
cross_clear_r8__cross_stall_r6,same_matched,cross_clear_r8,cross_stall_r6,cross,cross,cross_clear,cross_stall,0,1.0,0.093447,0.063333,0.063333,1.0,8
cross_clear_r1__cross_clear_r10,same_matched,cross_clear_r1,cross_clear_r10,cross,cross,cross_clear,cross_clear,0,2.0,0.240868,0.216741,0.216741,1.0,8
cross_clear_r12__cross_stall_r4,same_matched,cross_clear_r12,cross_stall_r4,cross,cross,cross_clear,cross_stall,0,1.0,0.150564,0.104011,0.104011,1.0,8
cross_clear_r5__cross_stall_r9,same_matched,cross_clear_r5,cross_stall_r9,cross,cross,cross_clear,cross_stall,0,0.0,0.155659,0.127852,0.127852,1.0,8
block_nec_r3__temp_opt_r6,same_matched,block_nec_r3,temp_opt_r6,block_or_occupancy,block_or_occupancy,block_nec,temp_opt,0,0.0,0.092757,0.111377,0.111377,1.0,8
cross_clear_r8__cross_stall_r2,same_matched,cross_clear_r8,cross_stall_r2,cross,cross,cross_clear,cross_stall,0,1.0,0.078018,0.055079,0.055079,1.0,8
block_nec_r11__block_nec_r4,same_matched,block_nec_r11,block_nec_r4,block_or_occupancy,block_or_occupancy,block_nec,block_nec,0,1.0,0.098523,0.113466,0.113466,1.0,8
cross_clear_r5__cross_stall_r9,same_matched,cross_clear_r5,cross_stall_r9,cross,cross,cross_clear,cross_stall,0,0.0,0.155659,0.127852,0.127852,1.0,8
cross_clear_r5__cross_stall_r9,same_matched,cross_clear_r5,cross_stall_r9,cross,cross,cross_clear,cross_stall,0,0.0,0.155659,0.127852,0.127852,1.0,8
block_nec_r9__temp_opt_r11,same_matched,block_nec_r9,temp_opt_r11,block_or_occupancy,block_or_occupancy,block_nec,temp_opt,0,2.0,0.112448,0.134913,0.134913,1.0,8
block_nec_r9__temp_opt_r2,same_matched,block_nec_r9,temp_opt_r2,block_or_occupancy,block_or_occupancy,block_nec,temp_opt,0,3.0,0.108675,0.133952,0.133952,1.0,8
cross_clear_r10__cross_stall_r9,same_matched,cross_clear_r10,cross_stall_r9,cross,cross,cross_clear,cross_stall,0,1.0,0.246811,0.199889,0.199889,1.0,8
lead_cont_r12__lead_nec_r3,same_matched,lead_cont_r12,lead_nec_r3,lead,lead,lead_cont,lead_nec,0,1.0,0.365622,0.284741,0.284741,1.0,8
lead_cont_r9__lead_nec_r6,same_matched,lead_cont_r9,lead_nec_r6,lead,lead,lead_cont,lead_nec,0,1.0,0.343928,0.282658,0.282658,1.0,8
block_cont_r7__block_nec_r7,same_matched,block_cont_r7,block_nec_r7,block_or_occupancy,block_or_occupancy,block_cont,block_nec,0,0.0,0.35,0.257985,0.257985,1.0,8
cross_clear_r7__cross_stall_occ_r10,same_matched,cross_clear_r7,cross_stall_occ_r10,cross,cross,cross_clear,cross_stall_occ,0,0.0,0.318971,0.264529,0.264529,1.0,8
cross_stall_occ_r11__cross_stall_r8,same_matched,cross_stall_occ_r11,cross_stall_r8,cross,cross,cross_stall_occ,cross_stall,0,2.0,0.379351,0.297409,0.297409,1.0,8
lead_cont_r5__lead_opt_r9,same_matched,lead_cont_r5,lead_opt_r9,lead,lead,lead_cont,lead_opt,0,1.0,0.332478,0.268068,0.268068,1.0,8
block_cont_r10__block_nec_r4,same_matched,block_cont_r10,block_nec_r4,block_or_occupancy,block_or_occupancy,block_cont,block_nec,0,0.0,0.313482,0.242455,0.242455,1.0,8
block_cont_r1__block_nec_r1,same_matched,block_cont_r1,block_nec_r1,block_or_occupancy,block_or_occupancy,block_cont,block_nec,0,0.0,0.316792,0.234165,0.234165,1.0,8
lead_cont_r10__lead_opt_r12,same_matched,lead_cont_r10,lead_opt_r12,lead,lead,lead_cont,lead_opt,0,2.0,0.329291,0.27504,0.27504,1.0,8
cross_clear_r3__cross_stall_occ_r8,same_matched,cross_clear_r3,cross_stall_occ_r8,cross,cross,cross_clear,cross_stall_occ,0,0.0,0.353845,0.280136,0.280136,1.0,8
block_cont_r6__block_nec_r12,same_matched,block_cont_r6,block_nec_r12,block_or_occupancy,block_or_occupancy,block_cont,block_nec,0,2.0,0.375955,0.290638,0.290638,1.0,8
lead_cont_r9__lead_nec_r11,same_matched,lead_cont_r9,lead_nec_r11,lead,lead,lead_cont,lead_nec,0,2.0,0.340202,0.277724,0.277724,1.0,8
lead_nec_r11__lead_opt_r4,same_matched,lead_nec_r11,lead_opt_r4,lead,lead,lead_nec,lead_opt,0,0.0,0.023002,0.014911,0.014911,1.0,8
lead_nec_r11__lead_opt_r8,same_matched,lead_nec_r11,lead_opt_r8,lead,lead,lead_nec,lead_opt,0,2.0,0.018298,0.02469,0.02469,1.0,8
lead_nec_r10__lead_opt_r3,same_matched,lead_nec_r10,lead_opt_r3,lead,lead,lead_nec,lead_opt,0,2.0,0.008069,0.004737,0.004737,1.0,8
cross_stall_r10__cross_stall_r9,same_matched,cross_stall_r10,cross_stall_r9,cross,cross,cross_stall,cross_stall,0,0.0,0.011589,0.014183,0.014183,1.0,8
cross_stall_r5__cross_stall_r6,same_matched,cross_stall_r5,cross_stall_r6,cross,cross,cross_stall,cross_stall,0,0.0,0.033022,0.040824,0.040824,1.0,8
lead_nec_r1__lead_opt_r6,same_matched,lead_nec_r1,lead_opt_r6,lead,lead,lead_nec,lead_opt,0,2.0,0.013914,0.008307,0.008307,1.0,8
lead_nec_r1__lead_nec_r7,same_matched,lead_nec_r1,lead_nec_r7,lead,lead,lead_nec,lead_nec,0,2.0,0.022038,0.010335,0.010335,1.0,8
cross_stall_r2__cross_stall_r6,same_matched,cross_stall_r2,cross_stall_r6,cross,cross,cross_stall,cross_stall,0,2.0,0.017449,0.014832,0.014832,1.0,8
lead_nec_r12__lead_nec_r3,same_matched,lead_nec_r12,lead_nec_r3,lead,lead,lead_nec,lead_nec,0,1.0,0.015622,0.00774,0.00774,1.0,8
block_nec_r10__temp_opt_r9,same_matched,block_nec_r10,temp_opt_r9,block_or_occupancy,block_or_occupancy,block_nec,temp_opt,0,1.0,0.018655,0.027134,0.027134,1.0,8
temp_opt_r2__temp_opt_r5,same_matched,temp_opt_r2,temp_opt_r5,block_or_occupancy,block_or_occupancy,temp_opt,temp_opt,0,1.0,0.029352,0.012834,0.012834,1.0,8
cross_stall_r10__cross_stall_r12,same_matched,cross_stall_r10,cross_stall_r12,cross,cross,cross_stall,cross_stall,0,1.0,0.006711,0.010965,0.010965,1.0,8
cross_clear_r7__cross_stall_occ_r11,same_matched,cross_clear_r7,cross_stall_occ_r11,cross,cross,cross_clear,cross_stall_occ,0,1.0,0.378423,0.288599,0.288599,1.0,8
cross_stall_occ_r1__cross_stall_r9,same_matched,cross_stall_occ_r1,cross_stall_r9,cross,cross,cross_stall_occ,cross_stall,0,1.0,0.358914,0.279956,0.279956,1.0,8
cross_stall_occ_r2__cross_stall_r7,same_matched,cross_stall_occ_r2,cross_stall_r7,cross,cross,cross_stall_occ,cross_stall,0,0.0,0.360787,0.286497,0.286497,1.0,8
block_cont_r5__temp_opt_r6,same_matched,block_cont_r5,temp_opt_r6,block_or_occupancy,block_or_occupancy,block_cont,temp_opt,0,1.0,0.412757,0.334645,0.334645,1.0,8
block_cont_r3__temp_opt_r7,same_matched,block_cont_r3,temp_opt_r7,block_or_occupancy,block_or_occupancy,block_cont,temp_opt,0,1.0,0.402464,0.268192,0.268192,1.0,8
block_cont_r9__temp_opt_r7,same_matched,block_cont_r9,temp_opt_r7,block_or_occupancy,block_or_occupancy,block_cont,temp_opt,0,1.0,0.362641,0.266404,0.266404,1.0,8
cross_stall_occ_r2__cross_stall_r7,same_matched,cross_stall_occ_r2,cross_stall_r7,cross,cross,cross_stall_occ,cross_stall,0,0.0,0.360787,0.286497,0.286497,1.0,8
cross_stall_occ_r11__cross_stall_r7,same_matched,cross_stall_occ_r11,cross_stall_r7,cross,cross,cross_stall_occ,cross_stall,0,2.0,0.368681,0.290385,0.290385,1.0,8
block_cont_r1__temp_opt_r5,same_matched,block_cont_r1,temp_opt_r5,block_or_occupancy,block_or_occupancy,block_cont,temp_opt,0,1.0,0.397989,0.321495,0.321495,1.0,8
block_cont_r3__temp_opt_r3,same_matched,block_cont_r3,temp_opt_r3,block_or_occupancy,block_or_occupancy,block_cont,temp_opt,0,1.0,0.412884,0.325995,0.325995,1.0,8
block_cont_r5__block_nec_r7,same_matched,block_cont_r5,block_nec_r7,block_or_occupancy,block_or_occupancy,block_cont,block_nec,0,0.0,0.358353,0.275947,0.275947,1.0,8
block_cont_r9__temp_opt_r4,same_matched,block_cont_r9,temp_opt_r4,block_or_occupancy,block_or_occupancy,block_cont,temp_opt,0,2.0,0.384711,0.32114,0.32114,1.0,8
temp_opt_r6__temp_opt_r7,same_matched,temp_opt_r6,temp_opt_r7,block_or_occupancy,block_or_occupancy,temp_opt,temp_opt,0,1.0,0.040725,0.062222,0.062222,1.0,8
block_nec_r6__temp_opt_r12,same_matched,block_nec_r6,temp_opt_r12,block_or_occupancy,block_or_occupancy,block_nec,temp_opt,0,0.0,0.049196,0.040169,0.040169,1.0,8
block_nec_r1__block_nec_r8,same_matched,block_nec_r1,block_nec_r8,block_or_occupancy,block_or_occupancy,block_nec,block_nec,0,3.0,0.045183,0.058769,0.058769,1.0,8
cross_clear_r3__cross_clear_r7,same_matched,cross_clear_r3,cross_clear_r7,cross,cross,cross_clear,cross_clear,0,1.0,0.062649,0.035887,0.035887,1.0,8
temp_opt_r2__temp_opt_r9,same_matched,temp_opt_r2,temp_opt_r9,block_or_occupancy,block_or_occupancy,temp_opt,temp_opt,0,2.0,0.064953,0.037932,0.037932,1.0,8
cross_stall_r5__cross_stall_r8,same_matched,cross_stall_r5,cross_stall_r8,cross,cross,cross_stall,cross_stall,0,2.0,0.046802,0.053552,0.053552,1.0,8
cross_clear_r11__cross_clear_r5,same_matched,cross_clear_r11,cross_clear_r5,cross,cross,cross_clear,cross_clear,0,1.0,0.060376,0.057078,0.057078,1.0,8
block_nec_r1__block_nec_r8,same_matched,block_nec_r1,block_nec_r8,block_or_occupancy,block_or_occupancy,block_nec,block_nec,0,3.0,0.045183,0.058769,0.058769,1.0,8
temp_opt_r2__temp_opt_r8,same_matched,temp_opt_r2,temp_opt_r8,block_or_occupancy,block_or_occupancy,temp_opt,temp_opt,0,2.0,0.066101,0.053934,0.053934,1.0,8
cross_stall_occ_r10__cross_stall_occ_r11,same_matched,cross_stall_occ_r10,cross_stall_occ_r11,cross,cross,cross_stall_occ,cross_stall_occ,0,1.0,0.062902,0.034784,0.034784,1.0,8
lead_cont_r4__lead_cont_r6,same_matched,lead_cont_r4,lead_cont_r6,lead,lead,lead_cont,lead_cont,0,1.0,0.048484,0.023413,0.023413,1.0,8
lead_cont_r10__lead_cont_r12,same_matched,lead_cont_r10,lead_cont_r12,lead,lead,lead_cont,lead_cont,0,1.0,0.053828,0.033809,0.033809,1.0,8
temp_opt_r12__temp_opt_r2,same_matched,temp_opt_r12,temp_opt_r2,block_or_occupancy,block_or_occupancy,temp_opt,temp_opt,0,2.0,0.054011,0.064935,0.064935,1.0,8
temp_opt_r6__temp_opt_r7,same_matched,temp_opt_r6,temp_opt_r7,block_or_occupancy,block_or_occupancy,temp_opt,temp_opt,0,1.0,0.040725,0.062222,0.062222,1.0,8
block_cont_r10__block_cont_r5,same_matched,block_cont_r10,block_cont_r5,block_or_occupancy,block_or_occupancy,block_cont,block_cont,0,1.0,0.080268,0.049016,0.049016,1.0,8
cross_stall_occ_r3__cross_stall_occ_r8,same_matched,cross_stall_occ_r3,cross_stall_occ_r8,cross,cross,cross_stall_occ,cross_stall_occ,0,1.0,0.068504,0.032454,0.032454,1.0,8
cross_stall_occ_r10__cross_stall_occ_r6,same_matched,cross_stall_occ_r10,cross_stall_occ_r6,cross,cross,cross_stall_occ,cross_stall_occ,0,1.0,0.070581,0.04037,0.04037,1.0,8
block_nec_r9__temp_opt_r9,same_matched,block_nec_r9,temp_opt_r9,block_or_occupancy,block_or_occupancy,block_nec,temp_opt,0,1.0,0.043722,0.09602,0.09602,1.0,8
cross_stall_occ_r3__cross_stall_occ_r8,same_matched,cross_stall_occ_r3,cross_stall_occ_r8,cross,cross,cross_stall_occ,cross_stall_occ,0,1.0,0.068504,0.032454,0.032454,1.0,8
block_cont_r1__block_cont_r12,same_matched,block_cont_r1,block_cont_r12,block_or_occupancy,block_or_occupancy,block_cont,block_cont,0,0.0,0.038678,0.018456,0.018456,1.0,8
cross_stall_occ_r5__cross_stall_occ_r7,same_matched,cross_stall_occ_r5,cross_stall_occ_r7,cross,cross,cross_stall_occ,cross_stall_occ,0,2.0,0.050915,0.03569,0.03569,1.0,8
temp_opt_r6__temp_opt_r7,same_matched,temp_opt_r6,temp_opt_r7,block_or_occupancy,block_or_occupancy,temp_opt,temp_opt,0,1.0,0.040725,0.062222,0.062222,1.0,8
cross_stall_r12__cross_stall_r5,same_matched,cross_stall_r12,cross_stall_r5,cross,cross,cross_stall,cross_stall,0,0.0,0.029076,0.033918,0.033918,1.0,8
block_nec_r1__block_nec_r12,same_matched,block_nec_r1,block_nec_r12,block_or_occupancy,block_or_occupancy,block_nec,block_nec,0,0.0,0.03904,0.052146,0.052146,1.0,8
cross_clear_r11__cross_stall_r2,same_matched,cross_clear_r11,cross_stall_r2,cross,cross,cross_clear,cross_stall,0,2.0,0.12999,0.099444,0.099444,1.0,8
cross_clear_r6__cross_stall_occ_r3,same_matched,cross_clear_r6,cross_stall_occ_r3,cross,cross,cross_clear,cross_stall_occ,0,0.0,0.182784,0.17641,0.17641,1.0,8
cross_clear_r6__cross_stall_occ_r7,same_matched,cross_clear_r6,cross_stall_occ_r7,cross,cross,cross_clear,cross_stall_occ,0,1.0,0.214853,0.185587,0.185587,1.0,8
cross_clear_r6__cross_stall_r8,same_matched,cross_clear_r6,cross_stall_r8,cross,cross,cross_clear,cross_stall,0,1.0,0.172372,0.120024,0.120024,1.0,8
block_nec_r9__temp_opt_r11,same_matched,block_nec_r9,temp_opt_r11,block_or_occupancy,block_or_occupancy,block_nec,temp_opt,0,2.0,0.112448,0.134913,0.134913,1.0,8
block_nec_r5__temp_opt_r5,same_matched,block_nec_r5,temp_opt_r5,block_or_occupancy,block_or_occupancy,block_nec,temp_opt,0,1.0,0.137334,0.148458,0.148458,1.0,8
cross_clear_r3__cross_clear_r5,same_matched,cross_clear_r3,cross_clear_r5,cross,cross,cross_clear,cross_clear,0,1.0,0.132301,0.121,0.121,1.0,8
cross_clear_r10__cross_clear_r2,same_matched,cross_clear_r10,cross_clear_r2,cross,cross,cross_clear,cross_clear,0,2.0,0.208267,0.203574,0.203574,1.0,8
cross_clear_r5__cross_stall_r5,same_matched,cross_clear_r5,cross_stall_r5,cross,cross,cross_clear,cross_stall,0,1.0,0.168547,0.121274,0.121274,1.0,8
cross_clear_r6__cross_stall_occ_r4,same_matched,cross_clear_r6,cross_stall_occ_r4,cross,cross,cross_clear,cross_stall_occ,0,0.0,0.167334,0.177678,0.177678,1.0,8
cross_clear_r1__cross_clear_r5,same_matched,cross_clear_r1,cross_clear_r5,cross,cross,cross_clear,cross_clear,0,1.0,0.128256,0.111418,0.111418,1.0,8
block_cont_r1__block_nec_r3,same_matched,block_cont_r1,block_nec_r3,block_or_occupancy,block_or_occupancy,block_cont,block_nec,0,1.0,0.315958,0.221705,0.221705,1.0,8
cross_stall_occ_r1__cross_stall_r2,same_matched,cross_stall_occ_r1,cross_stall_r2,cross,cross,cross_stall_occ,cross_stall,0,0.0,0.342412,0.274182,0.274182,1.0,8
block_cont_r6__block_nec_r6,same_matched,block_cont_r6,block_nec_r6,block_or_occupancy,block_or_occupancy,block_cont,block_nec,0,0.0,0.344256,0.233551,0.233551,1.0,8
block_cont_r7__block_nec_r8,same_matched,block_cont_r7,block_nec_r8,block_or_occupancy,block_or_occupancy,block_cont,block_nec,0,1.0,0.326722,0.211678,0.211678,1.0,8
lead_cont_r11__lead_nec_r11,same_matched,lead_cont_r11,lead_nec_r11,lead,lead,lead_cont,lead_nec,0,0.0,0.315541,0.269482,0.269482,1.0,8
lead_cont_r9__lead_opt_r8,same_matched,lead_cont_r9,lead_opt_r8,lead,lead,lead_cont,lead_opt,0,0.0,0.356102,0.276925,0.276925,1.0,8
cross_stall_occ_r9__cross_stall_r10,same_matched,cross_stall_occ_r9,cross_stall_r10,cross,cross,cross_stall_occ,cross_stall,0,0.0,0.332831,0.270464,0.270464,1.0,8
cross_stall_occ_r5__cross_stall_r6,same_matched,cross_stall_occ_r5,cross_stall_r6,cross,cross,cross_stall_occ,cross_stall,0,0.0,0.323187,0.266734,0.266734,1.0,8
lead_cont_r8__lead_nec_r5,same_matched,lead_cont_r8,lead_nec_r5,lead,lead,lead_cont,lead_nec,0,1.0,0.313354,0.262,0.262,1.0,8
lead_cont_r3__lead_nec_r9,same_matched,lead_cont_r3,lead_nec_r9,lead,lead,lead_cont,lead_nec,0,2.0,0.322698,0.272205,0.272205,1.0,8
cross_stall_occ_r5__cross_stall_r1,same_matched,cross_stall_occ_r5,cross_stall_r1,cross,cross,cross_stall_occ,cross_stall,0,2.0,0.330588,0.275237,0.275237,1.0,8
lead_cont_r7__lead_nec_r4,same_matched,lead_cont_r7,lead_nec_r4,lead,lead,lead_cont,lead_nec,0,1.0,0.352809,0.278142,0.278142,1.0,8
cross_stall_occ_r3__cross_stall_r10,same_matched,cross_stall_occ_r3,cross_stall_r10,cross,cross,cross_stall_occ,cross_stall,0,0.0,0.31694,0.269156,0.269156,1.0,8
cross_clear_r3__cross_clear_r8,same_matched,cross_clear_r3,cross_clear_r8,cross,cross,cross_clear,cross_clear,0,1.0,0.092505,0.056387,0.056387,1.0,8
block_nec_r2__temp_opt_r7,same_matched,block_nec_r2,temp_opt_r7,block_or_occupancy,block_or_occupancy,block_nec,temp_opt,0,2.0,0.087572,0.068437,0.068437,1.0,8
cross_stall_occ_r1__cross_stall_occ_r5,same_matched,cross_stall_occ_r1,cross_stall_occ_r5,cross,cross,cross_stall_occ,cross_stall_occ,0,2.0,0.061154,0.038198,0.038198,1.0,8
cross_stall_occ_r10__cross_stall_occ_r5,same_matched,cross_stall_occ_r10,cross_stall_occ_r5,cross,cross,cross_stall_occ,cross_stall_occ,0,1.0,0.081019,0.046686,0.046686,1.0,8
cross_clear_r8__cross_stall_r9,same_matched,cross_clear_r8,cross_stall_r9,cross,cross,cross_clear,cross_stall,0,0.0,0.10227,0.06677,0.06677,1.0,8
cross_clear_r8__cross_stall_r2,same_matched,cross_clear_r8,cross_stall_r2,cross,cross,cross_clear,cross_stall,0,1.0,0.078018,0.055079,0.055079,1.0,8
block_nec_r4__temp_opt_r7,same_matched,block_nec_r4,temp_opt_r7,block_or_occupancy,block_or_occupancy,block_nec,temp_opt,0,1.0,0.091308,0.062905,0.062905,1.0,8
cross_stall_occ_r11__cross_stall_occ_r6,same_matched,cross_stall_occ_r11,cross_stall_occ_r6,cross,cross,cross_stall_occ,cross_stall_occ,0,0.0,0.051771,0.025757,0.025757,1.0,8
cross_clear_r3__cross_stall_r11,same_matched,cross_clear_r3,cross_stall_r11,cross,cross,cross_clear,cross_stall,0,2.0,0.084678,0.073042,0.073042,1.0,8
block_nec_r7__temp_opt_r11,same_matched,block_nec_r7,temp_opt_r11,block_or_occupancy,block_or_occupancy,block_nec,temp_opt,0,1.0,0.088103,0.072431,0.072431,1.0,8
block_nec_r11__block_nec_r4,same_matched,block_nec_r11,block_nec_r4,block_or_occupancy,block_or_occupancy,block_nec,block_nec,0,1.0,0.098523,0.113466,0.113466,1.0,8
cross_stall_occ_r1__cross_stall_occ_r4,same_matched,cross_stall_occ_r1,cross_stall_occ_r4,cross,cross,cross_stall_occ,cross_stall_occ,0,1.0,0.076041,0.034327,0.034327,1.0,8
block_cont_r7__block_nec_r1,same_matched,block_cont_r7,block_nec_r1,block_or_occupancy,block_or_occupancy,block_cont,block_nec,0,2.0,0.355128,0.244959,0.244959,1.0,8
block_cont_r5__block_nec_r4,same_matched,block_cont_r5,block_nec_r4,block_or_occupancy,block_or_occupancy,block_cont,block_nec,0,1.0,0.351044,0.265186,0.265186,1.0,8
cross_stall_occ_r2__cross_stall_r10,same_matched,cross_stall_occ_r2,cross_stall_r10,cross,cross,cross_stall_occ,cross_stall,0,1.0,0.361131,0.287709,0.287709,1.0,8
block_cont_r12__temp_opt_r3,same_matched,block_cont_r12,temp_opt_r3,block_or_occupancy,block_or_occupancy,block_cont,temp_opt,0,0.0,0.388913,0.306548,0.306548,1.0,8
block_cont_r12__temp_opt_r6,same_matched,block_cont_r12,temp_opt_r6,block_or_occupancy,block_or_occupancy,block_cont,temp_opt,0,1.0,0.379115,0.303101,0.303101,1.0,8
lead_cont_r1__lead_nec_r6,same_matched,lead_cont_r1,lead_nec_r6,lead,lead,lead_cont,lead_nec,0,2.0,0.362924,0.286583,0.286583,1.0,8
cross_stall_occ_r2__cross_stall_r12,same_matched,cross_stall_occ_r2,cross_stall_r12,cross,cross,cross_stall_occ,cross_stall,0,2.0,0.367842,0.28713,0.28713,1.0,8
cross_clear_r3__cross_stall_occ_r5,same_matched,cross_clear_r3,cross_stall_occ_r5,cross,cross,cross_clear,cross_stall_occ,0,2.0,0.362443,0.29069,0.29069,1.0,8
block_cont_r12__temp_opt_r3,same_matched,block_cont_r12,temp_opt_r3,block_or_occupancy,block_or_occupancy,block_cont,temp_opt,0,0.0,0.388913,0.306548,0.306548,1.0,8
block_cont_r12__temp_opt_r3,same_matched,block_cont_r12,temp_opt_r3,block_or_occupancy,block_or_occupancy,block_cont,temp_opt,0,0.0,0.388913,0.306548,0.306548,1.0,8
cross_clear_r3__cross_stall_occ_r2,same_matched,cross_clear_r3,cross_stall_occ_r2,cross,cross,cross_clear,cross_stall_occ,0,0.0,0.350413,0.278371,0.278371,1.0,8
lead_cont_r1__lead_opt_r11,same_matched,lead_cont_r1,lead_opt_r11,lead,lead,lead_cont,lead_opt,0,0.0,0.377087,0.296723,0.296723,1.0,8
block_nec_r1__temp_opt_r2,same_matched,block_nec_r1,temp_opt_r2,block_or_occupancy,block_or_occupancy,block_nec,temp_opt,0,0.0,0.110548,0.100163,0.100163,1.0,8
cross_clear_r7__cross_stall_r11,same_matched,cross_clear_r7,cross_stall_r11,cross,cross,cross_clear,cross_stall,0,1.0,0.118495,0.08068,0.08068,1.0,8
block_nec_r3__temp_opt_r4,same_matched,block_nec_r3,temp_opt_r4,block_or_occupancy,block_or_occupancy,block_nec,temp_opt,0,0.0,0.11465,0.112191,0.112191,1.0,8
cross_clear_r3__cross_clear_r5,same_matched,cross_clear_r3,cross_clear_r5,cross,cross,cross_clear,cross_clear,0,1.0,0.132301,0.121,0.121,1.0,8
cross_clear_r5__cross_clear_r8,same_matched,cross_clear_r5,cross_clear_r8,cross,cross,cross_clear,cross_clear,0,0.0,0.134165,0.095791,0.095791,1.0,8
block_nec_r6__temp_opt_r10,same_matched,block_nec_r6,temp_opt_r10,block_or_occupancy,block_or_occupancy,block_nec,temp_opt,0,2.0,0.11593,0.109332,0.109332,1.0,8
cross_clear_r11__cross_stall_r2,same_matched,cross_clear_r11,cross_stall_r2,cross,cross,cross_clear,cross_stall,0,2.0,0.12999,0.099444,0.099444,1.0,8
block_nec_r1__temp_opt_r11,same_matched,block_nec_r1,temp_opt_r11,block_or_occupancy,block_or_occupancy,block_nec,temp_opt,0,1.0,0.114321,0.101124,0.101124,1.0,8
block_nec_r3__temp_opt_r10,same_matched,block_nec_r3,temp_opt_r10,block_or_occupancy,block_or_occupancy,block_nec,temp_opt,0,1.0,0.135406,0.128375,0.128375,1.0,8
cross_clear_r3__cross_clear_r5,same_matched,cross_clear_r3,cross_clear_r5,cross,cross,cross_clear,cross_clear,0,1.0,0.132301,0.121,0.121,1.0,8
cross_clear_r7__cross_stall_r11,same_matched,cross_clear_r7,cross_stall_r11,cross,cross,cross_clear,cross_stall,0,1.0,0.118495,0.08068,0.08068,1.0,8
block_nec_r8__temp_opt_r7,same_matched,block_nec_r8,temp_opt_r7,block_or_occupancy,block_or_occupancy,block_nec,temp_opt,0,1.0,0.123005,0.091791,0.091791,1.0,8
block_nec_r1__temp_opt_r10,same_matched,block_nec_r1,temp_opt_r10,block_or_occupancy,block_or_occupancy,block_nec,temp_opt,0,0.0,0.123271,0.10439,0.10439,1.0,8
block_nec_r1__temp_opt_r2,same_matched,block_nec_r1,temp_opt_r2,block_or_occupancy,block_or_occupancy,block_nec,temp_opt,0,0.0,0.110548,0.100163,0.100163,1.0,8
cross_clear_r12__cross_stall_r7,same_matched,cross_clear_r12,cross_stall_r7,cross,cross,cross_clear,cross_stall,0,2.0,0.149704,0.104149,0.104149,1.0,8
cross_clear_r12__cross_clear_r4,same_matched,cross_clear_r12,cross_clear_r4,cross,cross,cross_clear,cross_clear,0,2.0,0.137403,0.102118,0.102118,1.0,8
cross_clear_r11__cross_stall_r7,same_matched,cross_clear_r11,cross_stall_r7,cross,cross,cross_clear,cross_stall,0,2.0,0.139736,0.104853,0.104853,1.0,8
block_nec_r5__temp_opt_r12,same_matched,block_nec_r5,temp_opt_r12,block_or_occupancy,block_or_occupancy,block_nec,temp_opt,0,0.0,0.112675,0.096357,0.096357,1.0,8
cross_clear_r12__cross_clear_r4,same_matched,cross_clear_r12,cross_clear_r4,cross,cross,cross_clear,cross_clear,0,2.0,0.137403,0.102118,0.102118,1.0,8
block_nec_r6__temp_opt_r1,same_matched,block_nec_r6,temp_opt_r1,block_or_occupancy,block_or_occupancy,block_nec,temp_opt,0,2.0,0.107962,0.106756,0.106756,1.0,8
cross_clear_r2__cross_clear_r6,same_matched,cross_clear_r2,cross_clear_r6,cross,cross,cross_clear,cross_clear,0,1.0,0.119695,0.098816,0.098816,1.0,8
block_nec_r1__temp_opt_r2,same_matched,block_nec_r1,temp_opt_r2,block_or_occupancy,block_or_occupancy,block_nec,temp_opt,0,0.0,0.110548,0.100163,0.100163,1.0,8
block_nec_r11__block_nec_r4,same_matched,block_nec_r11,block_nec_r4,block_or_occupancy,block_or_occupancy,block_nec,block_nec,0,1.0,0.098523,0.113466,0.113466,1.0,8
block_nec_r6__temp_opt_r1,same_matched,block_nec_r6,temp_opt_r1,block_or_occupancy,block_or_occupancy,block_nec,temp_opt,0,2.0,0.107962,0.106756,0.106756,1.0,8
block_nec_r6__temp_opt_r1,same_matched,block_nec_r6,temp_opt_r1,block_or_occupancy,block_or_occupancy,block_nec,temp_opt,0,2.0,0.107962,0.106756,0.106756,1.0,8
cross_clear_r12__cross_stall_occ_r8,same_matched,cross_clear_r12,cross_stall_occ_r8,cross,cross,cross_clear,cross_stall_occ,0,2.0,0.221077,0.19323,0.19323,1.0,8
cross_clear_r6__cross_stall_r8,same_matched,cross_clear_r6,cross_stall_r8,cross,cross,cross_clear,cross_stall,0,1.0,0.172372,0.120024,0.120024,1.0,8
cross_clear_r6__cross_stall_r10,same_matched,cross_clear_r6,cross_stall_r10,cross,cross,cross_clear,cross_stall,0,0.0,0.163791,0.113966,0.113966,1.0,8
block_nec_r9__temp_opt_r4,same_matched,block_nec_r9,temp_opt_r4,block_or_occupancy,block_or_occupancy,block_nec,temp_opt,0,2.0,0.100642,0.121995,0.121995,1.0,8
block_nec_r7__temp_opt_r10,same_matched,block_nec_r7,temp_opt_r10,block_or_occupancy,block_or_occupancy,block_nec,temp_opt,0,2.0,0.097053,0.075697,0.075697,1.0,8
block_nec_r1__temp_opt_r2,same_matched,block_nec_r1,temp_opt_r2,block_or_occupancy,block_or_occupancy,block_nec,temp_opt,0,0.0,0.110548,0.100163,0.100163,1.0,8
block_nec_r11__temp_opt_r3,same_matched,block_nec_r11,temp_opt_r3,block_or_occupancy,block_or_occupancy,block_nec,temp_opt,0,2.0,0.170035,0.186372,0.186372,1.0,8
cross_clear_r6__cross_stall_r10,same_matched,cross_clear_r6,cross_stall_r10,cross,cross,cross_clear,cross_stall,0,0.0,0.163791,0.113966,0.113966,1.0,8
cross_clear_r11__cross_stall_r2,same_matched,cross_clear_r11,cross_stall_r2,cross,cross,cross_clear,cross_stall,0,2.0,0.12999,0.099444,0.099444,1.0,8
cross_clear_r7__cross_stall_r11,same_matched,cross_clear_r7,cross_stall_r11,cross,cross,cross_clear,cross_stall,0,1.0,0.118495,0.08068,0.08068,1.0,8
block_cont_r11__block_nec_r5,same_matched,block_cont_r11,block_nec_r5,block_or_occupancy,block_or_occupancy,block_cont,block_nec,0,0.0,0.271665,0.198485,0.198485,1.0,8
block_cont_r11__temp_opt_r9,same_matched,block_cont_r11,temp_opt_r9,block_or_occupancy,block_or_occupancy,block_cont,temp_opt,0,0.0,0.373397,0.321845,0.321845,1.0,8
cross_stall_occ_r1__cross_stall_r3,same_matched,cross_stall_occ_r1,cross_stall_r3,cross,cross,cross_stall_occ,cross_stall,0,1.0,0.351776,0.278403,0.278403,1.0,8
block_cont_r7__block_nec_r9,same_matched,block_cont_r7,block_nec_r9,block_or_occupancy,block_or_occupancy,block_cont,block_nec,0,1.0,0.357806,0.222736,0.222736,1.0,8
cross_clear_r4__cross_stall_occ_r9,same_matched,cross_clear_r4,cross_stall_occ_r9,cross,cross,cross_clear,cross_stall_occ,0,1.0,0.32676,0.27647,0.27647,1.0,8
block_cont_r4__temp_opt_r10,same_matched,block_cont_r4,temp_opt_r10,block_or_occupancy,block_or_occupancy,block_cont,temp_opt,0,1.0,0.388017,0.315637,0.315637,1.0,8
block_cont_r2__block_nec_r10,same_matched,block_cont_r2,block_nec_r10,block_or_occupancy,block_or_occupancy,block_cont,block_nec,0,1.0,0.340237,0.261346,0.261346,1.0,8
lead_cont_r8__lead_opt_r5,same_matched,lead_cont_r8,lead_opt_r5,lead,lead,lead_cont,lead_opt,0,1.0,0.32128,0.264569,0.264569,1.0,8
block_cont_r12__block_nec_r5,same_matched,block_cont_r12,block_nec_r5,block_or_occupancy,block_or_occupancy,block_cont,block_nec,0,2.0,0.324459,0.225213,0.225213,1.0,8
cross_stall_occ_r3__cross_stall_r11,same_matched,cross_stall_occ_r3,cross_stall_r11,cross,cross,cross_stall_occ,cross_stall,0,1.0,0.337212,0.25439,0.25439,1.0,8
cross_stall_occ_r11__cross_stall_r12,same_matched,cross_stall_occ_r11,cross_stall_r12,cross,cross,cross_stall_occ,cross_stall,0,0.0,0.361625,0.277775,0.277775,1.0,8
lead_cont_r7__lead_opt_r8,same_matched,lead_cont_r7,lead_opt_r8,lead,lead,lead_cont,lead_opt,0,1.0,0.383724,0.28392,0.28392,1.0,8
lead_cont_r9__lead_opt_r2,same_matched,lead_cont_r9,lead_opt_r2,lead,lead,lead_cont,lead_opt,0,3.0,0.348197,0.288133,0.288133,1.0,8
cross_stall_r5__cross_stall_r8,same_matched,cross_stall_r5,cross_stall_r8,cross,cross,cross_stall,cross_stall,0,2.0,0.046802,0.053552,0.053552,1.0,8
temp_opt_r10__temp_opt_r6,same_matched,temp_opt_r10,temp_opt_r6,block_or_occupancy,block_or_occupancy,temp_opt,temp_opt,0,1.0,0.042649,0.016999,0.016999,1.0,8
cross_stall_r1__cross_stall_r9,same_matched,cross_stall_r1,cross_stall_r9,cross,cross,cross_stall,cross_stall,0,1.0,0.016225,0.018627,0.018627,1.0,8
block_cont_r5__block_cont_r8,same_matched,block_cont_r5,block_cont_r8,block_or_occupancy,block_or_occupancy,block_cont,block_cont,0,1.0,0.035953,0.015559,0.015559,1.0,8
cross_clear_r1__cross_clear_r3,same_matched,cross_clear_r1,cross_clear_r3,cross,cross,cross_clear,cross_clear,0,0.0,0.057383,0.022373,0.022373,1.0,8
block_cont_r4__block_cont_r9,same_matched,block_cont_r4,block_cont_r9,block_or_occupancy,block_or_occupancy,block_cont,block_cont,0,2.0,0.033218,0.035246,0.035246,1.0,8
block_cont_r2__block_cont_r8,same_matched,block_cont_r2,block_cont_r8,block_or_occupancy,block_or_occupancy,block_cont,block_cont,0,3.0,0.046006,0.032681,0.032681,1.0,8
cross_stall_r8__cross_stall_r9,same_matched,cross_stall_r8,cross_stall_r9,cross,cross,cross_stall,cross_stall,0,1.0,0.022604,0.022852,0.022852,1.0,8
lead_cont_r5__lead_cont_r9,same_matched,lead_cont_r5,lead_cont_r9,lead,lead,lead_cont,lead_cont,0,1.0,0.039902,0.023121,0.023121,1.0,8
block_cont_r1__block_cont_r8,same_matched,block_cont_r1,block_cont_r8,block_or_occupancy,block_or_occupancy,block_cont,block_cont,0,3.0,0.042981,0.022466,0.022466,1.0,8
block_nec_r10__temp_opt_r6,same_matched,block_nec_r10,temp_opt_r6,block_or_occupancy,block_or_occupancy,block_nec,temp_opt,0,0.0,0.053682,0.052295,0.052295,1.0,8
cross_stall_r1__cross_stall_r11,same_matched,cross_stall_r1,cross_stall_r11,cross,cross,cross_stall,cross_stall,0,2.0,0.031112,0.052432,0.052432,1.0,8
block_cont_r9__temp_opt_r4,same_matched,block_cont_r9,temp_opt_r4,block_or_occupancy,block_or_occupancy,block_cont,temp_opt,0,2.0,0.384711,0.32114,0.32114,1.0,8
block_cont_r11__block_nec_r12,same_matched,block_cont_r11,block_nec_r12,block_or_occupancy,block_or_occupancy,block_cont,block_nec,0,2.0,0.366843,0.311759,0.311759,1.0,8
cross_stall_occ_r11__cross_stall_r7,same_matched,cross_stall_occ_r11,cross_stall_r7,cross,cross,cross_stall_occ,cross_stall,0,2.0,0.368681,0.290385,0.290385,1.0,8
block_cont_r12__temp_opt_r10,same_matched,block_cont_r12,temp_opt_r10,block_or_occupancy,block_or_occupancy,block_cont,temp_opt,0,0.0,0.421764,0.320099,0.320099,1.0,8
block_cont_r12__temp_opt_r2,same_matched,block_cont_r12,temp_opt_r2,block_or_occupancy,block_or_occupancy,block_cont,temp_opt,0,0.0,0.409041,0.315872,0.315872,1.0,8
cross_stall_occ_r1__cross_stall_r11,same_matched,cross_stall_occ_r1,cross_stall_r11,cross,cross,cross_stall_occ,cross_stall,0,2.0,0.370395,0.269523,0.269523,1.0,8
cross_stall_occ_r11__cross_stall_r7,same_matched,cross_stall_occ_r11,cross_stall_r7,cross,cross,cross_stall_occ,cross_stall,0,2.0,0.368681,0.290385,0.290385,1.0,8
block_cont_r5__temp_opt_r8,same_matched,block_cont_r5,temp_opt_r8,block_or_occupancy,block_or_occupancy,block_cont,temp_opt,0,0.0,0.376583,0.293483,0.293483,1.0,8
block_cont_r9__temp_opt_r10,same_matched,block_cont_r9,temp_opt_r10,block_or_occupancy,block_or_occupancy,block_cont,temp_opt,0,3.0,0.405467,0.337325,0.337325,1.0,8
block_cont_r12__temp_opt_r10,same_matched,block_cont_r12,temp_opt_r10,block_or_occupancy,block_or_occupancy,block_cont,temp_opt,0,0.0,0.421764,0.320099,0.320099,1.0,8
lead_cont_r7__lead_nec_r3,same_matched,lead_cont_r7,lead_nec_r3,lead,lead,lead_cont,lead_nec,0,1.0,0.365795,0.284767,0.284767,1.0,8
block_cont_r2__temp_opt_r5,same_matched,block_cont_r2,temp_opt_r5,block_or_occupancy,block_or_occupancy,block_cont,temp_opt,0,1.0,0.392826,0.311007,0.311007,1.0,8
cross_stall_occ_r12__cross_stall_occ_r4,same_matched,cross_stall_occ_r12,cross_stall_occ_r4,cross,cross,cross_stall_occ,cross_stall_occ,0,1.0,0.065298,0.043276,0.043276,1.0,8
block_nec_r6__temp_opt_r6,same_matched,block_nec_r6,temp_opt_r6,block_or_occupancy,block_or_occupancy,block_nec,temp_opt,0,1.0,0.07328,0.092333,0.092333,1.0,8
temp_opt_r1__temp_opt_r9,same_matched,temp_opt_r1,temp_opt_r9,block_or_occupancy,block_or_occupancy,temp_opt,temp_opt,0,2.0,0.069708,0.039584,0.039584,1.0,8
cross_clear_r1__cross_stall_r9,same_matched,cross_clear_r1,cross_stall_r9,cross,cross,cross_clear,cross_stall,0,1.0,0.087123,0.040131,0.040131,1.0,8
block_nec_r2__temp_opt_r1,same_matched,block_nec_r2,temp_opt_r1,block_or_occupancy,block_or_occupancy,block_nec,temp_opt,0,0.0,0.089371,0.064937,0.064937,1.0,8
block_cont_r4__block_cont_r7,same_matched,block_cont_r4,block_cont_r7,block_or_occupancy,block_or_occupancy,block_cont,block_cont,0,1.0,0.071487,0.032618,0.032618,1.0,8
cross_clear_r3__cross_stall_r11,same_matched,cross_clear_r3,cross_stall_r11,cross,cross,cross_clear,cross_stall,0,2.0,0.084678,0.073042,0.073042,1.0,8
cross_stall_occ_r3__cross_stall_occ_r5,same_matched,cross_stall_occ_r3,cross_stall_occ_r5,cross,cross,cross_stall_occ,cross_stall_occ,0,1.0,0.069513,0.039982,0.039982,1.0,8
cross_clear_r8__cross_stall_r10,same_matched,cross_clear_r8,cross_stall_r10,cross,cross,cross_clear,cross_stall,0,0.0,0.090681,0.061921,0.061921,1.0,8
block_nec_r7__temp_opt_r7,same_matched,block_nec_r7,temp_opt_r7,block_or_occupancy,block_or_occupancy,block_nec,temp_opt,0,0.0,0.08728,0.068927,0.068927,1.0,8
cross_stall_occ_r12__cross_stall_occ_r2,same_matched,cross_stall_occ_r12,cross_stall_occ_r2,cross,cross,cross_stall_occ,cross_stall_occ,0,2.0,0.07267,0.044628,0.044628,1.0,8
cross_clear_r2__cross_stall_r5,same_matched,cross_clear_r2,cross_stall_r5,cross,cross,cross_clear,cross_stall,0,2.0,0.078267,0.059694,0.059694,1.0,8
lead_cont_r1__lead_cont_r4,same_matched,lead_cont_r1,lead_cont_r4,lead,lead,lead_cont,lead_cont,0,1.0,0.078333,0.038359,0.038359,1.0,8
cross_clear_r4__cross_stall_r2,same_matched,cross_clear_r4,cross_stall_r2,cross,cross,cross_clear,cross_stall,0,0.0,0.065087,0.03742,0.03742,1.0,8
cross_clear_r7__cross_stall_r9,same_matched,cross_clear_r7,cross_stall_r9,cross,cross,cross_clear,cross_stall,0,0.0,0.104786,0.058182,0.058182,1.0,8
block_nec_r3__temp_opt_r6,same_matched,block_nec_r3,temp_opt_r6,block_or_occupancy,block_or_occupancy,block_nec,temp_opt,0,0.0,0.092757,0.111377,0.111377,1.0,8
cross_clear_r8__cross_stall_r5,same_matched,cross_clear_r8,cross_stall_r5,cross,cross,cross_clear,cross_stall,0,1.0,0.094976,0.073397,0.073397,1.0,8
lead_cont_r11__lead_cont_r6,same_matched,lead_cont_r11,lead_cont_r6,lead,lead,lead_cont,lead_cont,0,1.0,0.067834,0.035769,0.035769,1.0,8
block_nec_r9__temp_opt_r7,same_matched,block_nec_r9,temp_opt_r7,block_or_occupancy,block_or_occupancy,block_nec,temp_opt,0,1.0,0.092517,0.068628,0.068628,1.0,8
block_cont_r11__block_cont_r9,same_matched,block_cont_r11,block_cont_r9,block_or_occupancy,block_or_occupancy,block_cont,block_cont,0,1.0,0.063304,0.036872,0.036872,1.0,8
block_cont_r11__block_cont_r12,same_matched,block_cont_r11,block_cont_r12,block_or_occupancy,block_or_occupancy,block_cont,block_cont,0,2.0,0.075137,0.059783,0.059783,1.0,8
cross_clear_r4__cross_stall_r2,same_matched,cross_clear_r4,cross_stall_r2,cross,cross,cross_clear,cross_stall,0,0.0,0.065087,0.03742,0.03742,1.0,8
block_nec_r10__temp_opt_r6,same_matched,block_nec_r10,temp_opt_r6,block_or_occupancy,block_or_occupancy,block_nec,temp_opt,0,0.0,0.053682,0.052295,0.052295,1.0,8
block_cont_r11__block_cont_r9,same_matched,block_cont_r11,block_cont_r9,block_or_occupancy,block_or_occupancy,block_cont,block_cont,0,1.0,0.063304,0.036872,0.036872,1.0,8
lead_cont_r11__lead_opt_r9,same_matched,lead_cont_r11,lead_opt_r9,lead,lead,lead_cont,lead_opt,0,0.0,0.324972,0.273196,0.273196,1.0,8
cross_stall_occ_r4__cross_stall_r10,same_matched,cross_stall_occ_r4,cross_stall_r10,cross,cross,cross_stall_occ,cross_stall,0,0.0,0.295149,0.260255,0.260255,1.0,8
block_cont_r9__block_nec_r2,same_matched,block_cont_r9,block_nec_r2,block_or_occupancy,block_or_occupancy,block_cont,block_nec,0,3.0,0.30813,0.269812,0.269812,1.0,8
lead_cont_r10__lead_opt_r11,same_matched,lead_cont_r10,lead_opt_r11,lead,lead,lead_cont,lead_opt,0,3.0,0.341318,0.281472,0.281472,1.0,8
lead_cont_r4__lead_opt_r8,same_matched,lead_cont_r4,lead_opt_r8,lead,lead,lead_cont,lead_opt,0,2.0,0.331634,0.27059,0.27059,1.0,8
block_cont_r10__block_nec_r8,same_matched,block_cont_r10,block_nec_r8,block_or_occupancy,block_or_occupancy,block_cont,block_nec,0,2.0,0.308825,0.209092,0.209092,1.0,8
cross_clear_r9__cross_stall_occ_r11,same_matched,cross_clear_r9,cross_stall_occ_r11,cross,cross,cross_clear,cross_stall_occ,0,0.0,0.297415,0.18306,0.18306,1.0,8
block_cont_r4__temp_opt_r8,same_matched,block_cont_r4,temp_opt_r8,block_or_occupancy,block_or_occupancy,block_cont,temp_opt,0,1.0,0.309233,0.257504,0.257504,1.0,8
lead_cont_r11__lead_opt_r9,same_matched,lead_cont_r11,lead_opt_r9,lead,lead,lead_cont,lead_opt,0,0.0,0.324972,0.273196,0.273196,1.0,8
block_cont_r6__block_nec_r3,same_matched,block_cont_r6,block_nec_r3,block_or_occupancy,block_or_occupancy,block_cont,block_nec,0,1.0,0.341151,0.222864,0.222864,1.0,8
cross_stall_occ_r4__cross_stall_r10,same_matched,cross_stall_occ_r4,cross_stall_r10,cross,cross,cross_stall_occ,cross_stall,0,0.0,0.295149,0.260255,0.260255,1.0,8
cross_stall_occ_r3__cross_stall_r7,same_matched,cross_stall_occ_r3,cross_stall_r7,cross,cross,cross_stall_occ,cross_stall,0,1.0,0.318347,0.270984,0.270984,1.0,8
cross_clear_r4__cross_stall_r7,same_matched,cross_clear_r4,cross_stall_r7,cross,cross,cross_clear,cross_stall,0,0.0,0.079426,0.044817,0.044817,1.0,8
cross_clear_r2__cross_stall_r6,same_matched,cross_clear_r2,cross_stall_r6,cross,cross,cross_clear,cross_stall,0,2.0,0.077196,0.040274,0.040274,1.0,8
cross_clear_r1__cross_stall_r2,same_matched,cross_clear_r1,cross_stall_r2,cross,cross,cross_clear,cross_stall,0,0.0,0.078675,0.034923,0.034923,1.0,8
block_nec_r6__temp_opt_r3,same_matched,block_nec_r6,temp_opt_r3,block_or_occupancy,block_or_occupancy,block_nec,temp_opt,0,2.0,0.083078,0.09578,0.09578,1.0,8
cross_clear_r8__cross_stall_r1,same_matched,cross_clear_r8,cross_stall_r1,cross,cross,cross_clear,cross_stall,0,1.0,0.086045,0.058769,0.058769,1.0,8
block_nec_r9__temp_opt_r5,same_matched,block_nec_r9,temp_opt_r5,block_or_occupancy,block_or_occupancy,block_nec,temp_opt,0,2.0,0.079323,0.121118,0.121118,1.0,8
block_nec_r6__temp_opt_r3,same_matched,block_nec_r6,temp_opt_r3,block_or_occupancy,block_or_occupancy,block_nec,temp_opt,0,2.0,0.083078,0.09578,0.09578,1.0,8
cross_clear_r1__cross_stall_r10,same_matched,cross_clear_r1,cross_stall_r10,cross,cross,cross_clear,cross_stall,0,1.0,0.077598,0.035864,0.035864,1.0,8
cross_clear_r3__cross_stall_r11,same_matched,cross_clear_r3,cross_stall_r11,cross,cross,cross_clear,cross_stall,0,2.0,0.084678,0.073042,0.073042,1.0,8
block_nec_r10__block_nec_r5,same_matched,block_nec_r10,block_nec_r5,block_or_occupancy,block_or_occupancy,block_nec,block_nec,0,1.0,0.083077,0.096226,0.096226,1.0,8
temp_opt_r10__temp_opt_r9,same_matched,temp_opt_r10,temp_opt_r9,block_or_occupancy,block_or_occupancy,temp_opt,temp_opt,0,2.0,0.077676,0.042159,0.042159,1.0,8
temp_opt_r10__temp_opt_r8,same_matched,temp_opt_r10,temp_opt_r8,block_or_occupancy,block_or_occupancy,temp_opt,temp_opt,0,2.0,0.078824,0.058161,0.058161,1.0,8
block_nec_r10__block_nec_r5,same_matched,block_nec_r10,block_nec_r5,block_or_occupancy,block_or_occupancy,block_nec,block_nec,0,1.0,0.083077,0.096226,0.096226,1.0,8
block_cont_r11__block_cont_r12,same_matched,block_cont_r11,block_cont_r12,block_or_occupancy,block_or_occupancy,block_cont,block_cont,0,2.0,0.075137,0.059783,0.059783,1.0,8
block_nec_r3__temp_opt_r5,same_matched,block_nec_r3,temp_opt_r5,block_or_occupancy,block_or_occupancy,block_nec,temp_opt,0,0.0,0.093331,0.111315,0.111315,1.0,8
cross_clear_r7__cross_stall_r8,same_matched,cross_clear_r7,cross_stall_r8,cross,cross,cross_clear,cross_stall,0,1.0,0.088155,0.042625,0.042625,1.0,8
block_nec_r1__temp_opt_r7,same_matched,block_nec_r1,temp_opt_r7,block_or_occupancy,block_or_occupancy,block_nec,temp_opt,0,2.0,0.090299,0.06011,0.06011,1.0,8
cross_clear_r8__cross_stall_r2,same_matched,cross_clear_r8,cross_stall_r2,cross,cross,cross_clear,cross_stall,0,1.0,0.078018,0.055079,0.055079,1.0,8
block_nec_r8__temp_opt_r9,same_matched,block_nec_r8,temp_opt_r9,block_or_occupancy,block_or_occupancy,block_nec,temp_opt,0,1.0,0.0886,0.120726,0.120726,1.0,8
block_cont_r11__block_cont_r3,same_matched,block_cont_r11,block_cont_r3,block_or_occupancy,block_or_occupancy,block_cont,block_cont,0,1.0,0.074896,0.045657,0.045657,1.0,8
cross_clear_r8__cross_stall_r8,same_matched,cross_clear_r8,cross_stall_r8,cross,cross,cross_clear,cross_stall,0,1.0,0.079892,0.055895,0.055895,1.0,8
cross_stall_occ_r1__cross_stall_occ_r4,same_matched,cross_stall_occ_r1,cross_stall_occ_r4,cross,cross,cross_stall_occ,cross_stall_occ,0,1.0,0.076041,0.034327,0.034327,1.0,8
block_cont_r7__block_cont_r9,same_matched,block_cont_r7,block_cont_r9,block_or_occupancy,block_or_occupancy,block_cont,block_cont,0,1.0,0.073802,0.032101,0.032101,1.0,8
block_nec_r7__temp_opt_r4,same_matched,block_nec_r7,temp_opt_r4,block_or_occupancy,block_or_occupancy,block_nec,temp_opt,0,1.0,0.076297,0.05968,0.05968,1.0,8
cross_clear_r2__cross_stall_r11,same_matched,cross_clear_r2,cross_stall_r11,cross,cross,cross_clear,cross_stall,0,2.0,0.0975,0.067908,0.067908,1.0,8
cross_clear_r8__cross_stall_r3,same_matched,cross_clear_r8,cross_stall_r3,cross,cross,cross_clear,cross_stall,0,0.0,0.095132,0.065217,0.065217,1.0,8
block_nec_r10__temp_opt_r10,same_matched,block_nec_r10,temp_opt_r10,block_or_occupancy,block_or_occupancy,block_nec,temp_opt,0,1.0,0.096332,0.069293,0.069293,1.0,8
cross_clear_r12__cross_clear_r8,same_matched,cross_clear_r12,cross_clear_r8,cross,cross,cross_clear,cross_clear,0,1.0,0.087298,0.063257,0.063257,1.0,8
block_nec_r7__temp_opt_r10,same_matched,block_nec_r7,temp_opt_r10,block_or_occupancy,block_or_occupancy,block_nec,temp_opt,0,2.0,0.097053,0.075697,0.075697,1.0,8
block_nec_r9__temp_opt_r3,same_matched,block_nec_r9,temp_opt_r3,block_or_occupancy,block_or_occupancy,block_nec,temp_opt,0,3.0,0.088547,0.124628,0.124628,1.0,8
block_nec_r7__temp_opt_r10,same_matched,block_nec_r7,temp_opt_r10,block_or_occupancy,block_or_occupancy,block_nec,temp_opt,0,2.0,0.097053,0.075697,0.075697,1.0,8
cross_clear_r8__cross_stall_r10,same_matched,cross_clear_r8,cross_stall_r10,cross,cross,cross_clear,cross_stall,0,0.0,0.090681,0.061921,0.061921,1.0,8
cross_clear_r7__cross_stall_r2,same_matched,cross_clear_r7,cross_stall_r2,cross,cross,cross_clear,cross_stall,0,1.0,0.086819,0.042157,0.042157,1.0,8
block_nec_r12__block_nec_r5,same_matched,block_nec_r12,block_nec_r5,block_or_occupancy,block_or_occupancy,block_nec,block_nec,0,2.0,0.095178,0.113274,0.113274,1.0,8
block_nec_r1__temp_opt_r6,same_matched,block_nec_r1,temp_opt_r6,block_or_occupancy,block_or_occupancy,block_nec,temp_opt,0,1.0,0.080622,0.087392,0.087392,1.0,8
block_nec_r12__temp_opt_r11,same_matched,block_nec_r12,temp_opt_r11,block_or_occupancy,block_or_occupancy,block_nec,temp_opt,0,1.0,0.075281,0.048979,0.048979,1.0,8
cross_clear_r12__cross_stall_occ_r12,same_matched,cross_clear_r12,cross_stall_occ_r12,cross,cross,cross_clear,cross_stall_occ,0,0.0,0.177808,0.17326,0.17326,1.0,8
cross_clear_r12__cross_clear_r3,same_matched,cross_clear_r12,cross_clear_r3,cross,cross,cross_clear,cross_clear,0,2.0,0.179803,0.114996,0.114996,1.0,8
cross_clear_r12__cross_stall_occ_r3,same_matched,cross_clear_r12,cross_stall_occ_r3,cross,cross,cross_clear,cross_stall_occ,0,1.0,0.182532,0.180601,0.180601,1.0,8
cross_clear_r1__cross_clear_r9,same_matched,cross_clear_r1,cross_clear_r9,cross,cross,cross_clear,cross_clear,0,2.0,0.211056,0.198998,0.198998,1.0,8
cross_clear_r10__cross_clear_r8,same_matched,cross_clear_r10,cross_clear_r8,cross,cross,cross_clear,cross_clear,0,1.0,0.201238,0.178319,0.178319,1.0,8
cross_clear_r6__cross_stall_occ_r3,same_matched,cross_clear_r6,cross_stall_occ_r3,cross,cross,cross_clear,cross_stall_occ,0,0.0,0.182784,0.17641,0.17641,1.0,8
cross_clear_r12__cross_stall_occ_r9,same_matched,cross_clear_r12,cross_stall_occ_r9,cross,cross,cross_clear,cross_stall_occ,0,1.0,0.193008,0.179572,0.179572,1.0,8
block_nec_r11__temp_opt_r2,same_matched,block_nec_r11,temp_opt_r2,block_or_occupancy,block_or_occupancy,block_nec,temp_opt,0,2.0,0.190163,0.195696,0.195696,1.0,8
cross_clear_r9__cross_stall_r8,same_matched,cross_clear_r9,cross_stall_r8,cross,cross,cross_clear,cross_stall,0,2.0,0.21734,0.195407,0.195407,1.0,8
cross_clear_r1__cross_clear_r9,same_matched,cross_clear_r1,cross_clear_r9,cross,cross,cross_clear,cross_clear,0,2.0,0.211056,0.198998,0.198998,1.0,8
cross_clear_r12__cross_clear_r3,same_matched,cross_clear_r12,cross_clear_r3,cross,cross,cross_clear,cross_clear,0,2.0,0.179803,0.114996,0.114996,1.0,8
cross_clear_r9__cross_stall_occ_r4,same_matched,cross_clear_r9,cross_stall_occ_r4,cross,cross,cross_clear,cross_stall_occ,0,1.0,0.197393,0.144639,0.144639,1.0,8
cross_clear_r5__cross_stall_occ_r5,same_matched,cross_clear_r5,cross_stall_occ_r5,cross,cross,cross_clear,cross_stall_occ,0,1.0,0.27977,0.201353,0.201353,1.0,8
block_cont_r8__block_nec_r11,same_matched,block_cont_r8,block_nec_r11,block_or_occupancy,block_or_occupancy,block_cont,block_nec,0,1.0,0.287913,0.188538,0.188538,1.0,8
cross_stall_occ_r4__cross_stall_r2,same_matched,cross_stall_occ_r4,cross_stall_r2,cross,cross,cross_stall_occ,cross_stall,0,1.0,0.284205,0.255363,0.255363,1.0,8
cross_stall_occ_r4__cross_stall_r12,same_matched,cross_stall_occ_r4,cross_stall_r12,cross,cross,cross_stall_occ,cross_stall,0,1.0,0.30186,0.263187,0.263187,1.0,8
block_cont_r10__block_nec_r11,same_matched,block_cont_r10,block_nec_r11,block_or_occupancy,block_or_occupancy,block_cont,block_nec,0,1.0,0.303869,0.206483,0.206483,1.0,8
block_cont_r3__block_nec_r8,same_matched,block_cont_r3,block_nec_r8,block_or_occupancy,block_or_occupancy,block_cont,block_nec,0,2.0,0.286131,0.191302,0.191302,1.0,8
cross_clear_r4__cross_stall_occ_r10,same_matched,cross_clear_r4,cross_stall_occ_r10,cross,cross,cross_clear,cross_stall_occ,0,1.0,0.299363,0.268458,0.268458,1.0,8
cross_stall_occ_r4__cross_stall_r2,same_matched,cross_stall_occ_r4,cross_stall_r2,cross,cross,cross_stall_occ,cross_stall,0,1.0,0.284205,0.255363,0.255363,1.0,8
lead_cont_r4__lead_nec_r2,same_matched,lead_cont_r4,lead_nec_r2,lead,lead,lead_cont,lead_nec,0,1.0,0.305038,0.262964,0.262964,1.0,8
cross_stall_occ_r4__cross_stall_r12,same_matched,cross_stall_occ_r4,cross_stall_r12,cross,cross,cross_stall_occ,cross_stall,0,1.0,0.30186,0.263187,0.263187,1.0,8
block_cont_r8__block_nec_r11,same_matched,block_cont_r8,block_nec_r11,block_or_occupancy,block_or_occupancy,block_cont,block_nec,0,1.0,0.287913,0.188538,0.188538,1.0,8
block_cont_r8__block_nec_r8,same_matched,block_cont_r8,block_nec_r8,block_or_occupancy,block_or_occupancy,block_cont,block_nec,0,0.0,0.292942,0.19312,0.19312,1.0,8
block_cont_r8__block_nec_r8,same_matched,block_cont_r8,block_nec_r8,block_or_occupancy,block_or_occupancy,block_cont,block_nec,0,0.0,0.292942,0.19312,0.19312,1.0,8
cross_clear_r5__cross_stall_occ_r5,same_matched,cross_clear_r5,cross_stall_occ_r5,cross,cross,cross_clear,cross_stall_occ,0,1.0,0.27977,0.201353,0.201353,1.0,8
cross_clear_r2__cross_stall_occ_r11,same_matched,cross_clear_r2,cross_stall_occ_r11,cross,cross,cross_clear,cross_stall_occ,0,2.0,0.319351,0.280207,0.280207,1.0,8
cross_stall_occ_r12__cross_stall_r12,same_matched,cross_stall_occ_r12,cross_stall_r12,cross,cross,cross_stall_occ,cross_stall,0,0.0,0.307344,0.251332,0.251332,1.0,8
lead_cont_r4__lead_opt_r12,same_matched,lead_cont_r4,lead_opt_r12,lead,lead,lead_cont,lead_opt,0,0.0,0.309515,0.266302,0.266302,1.0,8
block_cont_r4__block_nec_r3,same_matched,block_cont_r4,block_nec_r3,block_or_occupancy,block_or_occupancy,block_cont,block_nec,0,0.0,0.282836,0.213412,0.213412,1.0,8
cross_stall_occ_r12__cross_stall_r3,same_matched,cross_stall_occ_r12,cross_stall_r3,cross,cross,cross_stall_occ,cross_stall,0,1.0,0.307048,0.252612,0.252612,1.0,8
block_cont_r3__block_nec_r11,same_matched,block_cont_r3,block_nec_r11,block_or_occupancy,block_or_occupancy,block_cont,block_nec,0,1.0,0.277798,0.186201,0.186201,1.0,8
block_cont_r9__block_nec_r6,same_matched,block_cont_r9,block_nec_r6,block_or_occupancy,block_or_occupancy,block_cont,block_nec,0,1.0,0.289864,0.228316,0.228316,1.0,8
cross_clear_r5__cross_stall_occ_r5,same_matched,cross_clear_r5,cross_stall_occ_r5,cross,cross,cross_clear,cross_stall_occ,0,1.0,0.27977,0.201353,0.201353,1.0,8
cross_clear_r10__cross_stall_r8,same_matched,cross_clear_r10,cross_stall_r8,cross,cross,cross_clear,cross_stall,0,2.0,0.268267,0.221179,0.221179,1.0,8
block_cont_r3__block_nec_r11,same_matched,block_cont_r3,block_nec_r11,block_or_occupancy,block_or_occupancy,block_cont,block_nec,0,1.0,0.277798,0.186201,0.186201,1.0,8
lead_cont_r3__lead_opt_r5,same_matched,lead_cont_r3,lead_opt_r5,lead,lead,lead_cont,lead_opt,0,1.0,0.328018,0.274246,0.274246,1.0,8
cross_clear_r7__cross_stall_occ_r5,same_matched,cross_clear_r7,cross_stall_occ_r5,cross,cross,cross_clear,cross_stall_occ,0,1.0,0.336039,0.270652,0.270652,1.0,8
cross_clear_r7__cross_stall_occ_r3,same_matched,cross_clear_r7,cross_stall_occ_r3,cross,cross,cross_clear,cross_stall_occ,0,0.0,0.327027,0.269015,0.269015,1.0,8
cross_clear_r8__cross_stall_occ_r5,same_matched,cross_clear_r8,cross_stall_occ_r5,cross,cross,cross_clear,cross_stall_occ,0,1.0,0.269938,0.23786,0.23786,1.0,8
cross_stall_occ_r5__cross_stall_r6,same_matched,cross_stall_occ_r5,cross_stall_r6,cross,cross,cross_stall_occ,cross_stall,0,0.0,0.323187,0.266734,0.266734,1.0,8
lead_cont_r4__lead_nec_r12,same_matched,lead_cont_r4,lead_nec_r12,lead,lead,lead_cont,lead_nec,0,1.0,0.303088,0.260844,0.260844,1.0,8
lead_cont_r8__lead_nec_r9,same_matched,lead_cont_r8,lead_nec_r9,lead,lead,lead_cont,lead_nec,0,0.0,0.315248,0.263166,0.263166,1.0,8
cross_clear_r10__cross_clear_r3,same_matched,cross_clear_r10,cross_clear_r3,cross,cross,cross_clear,cross_clear,0,2.0,0.293744,0.232003,0.232003,1.0,8
block_cont_r8__block_nec_r8,same_matched,block_cont_r8,block_nec_r8,block_or_occupancy,block_or_occupancy,block_cont,block_nec,0,0.0,0.292942,0.19312,0.19312,1.0,8
block_cont_r8__block_nec_r8,same_matched,block_cont_r8,block_nec_r8,block_or_occupancy,block_or_occupancy,block_cont,block_nec,0,0.0,0.292942,0.19312,0.19312,1.0,8
cross_clear_r10__cross_stall_r10,same_matched,cross_clear_r10,cross_stall_r10,cross,cross,cross_clear,cross_stall,0,1.0,0.257393,0.213034,0.213034,1.0,8
cross_clear_r9__cross_stall_occ_r1,same_matched,cross_clear_r9,cross_stall_occ_r1,cross,cross,cross_clear,cross_stall_occ,0,2.0,0.257916,0.173496,0.173496,1.0,8
cross_clear_r7__cross_stall_occ_r2,same_matched,cross_clear_r7,cross_stall_occ_r2,cross,cross,cross_clear,cross_stall_occ,0,1.0,0.338219,0.268223,0.268223,1.0,8
block_cont_r8__block_nec_r11,same_matched,block_cont_r8,block_nec_r11,block_or_occupancy,block_or_occupancy,block_cont,block_nec,0,1.0,0.287913,0.188538,0.188538,1.0,8
cross_stall_occ_r4__cross_stall_r6,same_matched,cross_stall_occ_r4,cross_stall_r6,cross,cross,cross_stall_occ,cross_stall,0,1.0,0.297914,0.261667,0.261667,1.0,8
cross_stall_occ_r3__cross_stall_r4,same_matched,cross_stall_occ_r3,cross_stall_r4,cross,cross,cross_stall_occ,cross_stall,0,0.0,0.320641,0.271815,0.271815,1.0,8
cross_stall_occ_r5__cross_stall_r6,same_matched,cross_stall_occ_r5,cross_stall_r6,cross,cross,cross_stall_occ,cross_stall,0,0.0,0.323187,0.266734,0.266734,1.0,8
cross_clear_r1__cross_stall_occ_r12,same_matched,cross_clear_r1,cross_stall_occ_r12,cross,cross,cross_clear,cross_stall_occ,0,2.0,0.297289,0.266751,0.266751,1.0,8
block_cont_r5__block_nec_r11,same_matched,block_cont_r5,block_nec_r11,block_or_occupancy,block_or_occupancy,block_cont,block_nec,0,0.0,0.273648,0.182233,0.182233,1.0,8
cross_clear_r3__cross_stall_occ_r4,same_matched,cross_clear_r3,cross_stall_occ_r4,cross,cross,cross_clear,cross_stall_occ,0,1.0,0.304675,0.265101,0.265101,1.0,8
cross_clear_r1__cross_stall_occ_r6,same_matched,cross_clear_r1,cross_stall_occ_r6,cross,cross,cross_clear,cross_stall_occ,0,2.0,0.300688,0.267674,0.267674,1.0,8
lead_cont_r11__lead_nec_r10,same_matched,lead_cont_r11,lead_nec_r10,lead,lead,lead_cont,lead_nec,0,2.0,0.320519,0.271764,0.271764,1.0,8
cross_clear_r2__cross_stall_occ_r8,same_matched,cross_clear_r2,cross_stall_occ_r8,cross,cross,cross_clear,cross_stall_occ,0,0.0,0.288201,0.259577,0.259577,1.0,8
block_cont_r10__block_nec_r5,same_matched,block_cont_r10,block_nec_r5,block_or_occupancy,block_or_occupancy,block_cont,block_nec,0,1.0,0.306219,0.209626,0.209626,1.0,8
block_nec_r11__temp_opt_r9,same_matched,block_nec_r11,temp_opt_r9,block_or_occupancy,block_or_occupancy,block_nec,temp_opt,0,0.0,0.12521,0.157763,0.157763,1.0,8
block_nec_r6__temp_opt_r10,same_matched,block_nec_r6,temp_opt_r10,block_or_occupancy,block_or_occupancy,block_nec,temp_opt,0,2.0,0.11593,0.109332,0.109332,1.0,8
block_nec_r9__temp_opt_r10,same_matched,block_nec_r9,temp_opt_r10,block_or_occupancy,block_or_occupancy,block_nec,temp_opt,0,3.0,0.121398,0.138179,0.138179,1.0,8
block_nec_r9__temp_opt_r2,same_matched,block_nec_r9,temp_opt_r2,block_or_occupancy,block_or_occupancy,block_nec,temp_opt,0,3.0,0.108675,0.133952,0.133952,1.0,8
block_nec_r1__temp_opt_r2,same_matched,block_nec_r1,temp_opt_r2,block_or_occupancy,block_or_occupancy,block_nec,temp_opt,0,0.0,0.110548,0.100163,0.100163,1.0,8
cross_clear_r7__cross_stall_r5,same_matched,cross_clear_r7,cross_stall_r5,cross,cross,cross_clear,cross_stall,0,1.0,0.119172,0.072921,0.072921,1.0,8
block_nec_r1__temp_opt_r2,same_matched,block_nec_r1,temp_opt_r2,block_or_occupancy,block_or_occupancy,block_nec,temp_opt,0,0.0,0.110548,0.100163,0.100163,1.0,8
cross_clear_r2__cross_clear_r6,same_matched,cross_clear_r2,cross_clear_r6,cross,cross,cross_clear,cross_clear,0,1.0,0.119695,0.098816,0.098816,1.0,8
block_nec_r6__temp_opt_r11,same_matched,block_nec_r6,temp_opt_r11,block_or_occupancy,block_or_occupancy,block_nec,temp_opt,0,1.0,0.10698,0.106066,0.106066,1.0,8
block_nec_r9__temp_opt_r2,same_matched,block_nec_r9,temp_opt_r2,block_or_occupancy,block_or_occupancy,block_nec,temp_opt,0,3.0,0.108675,0.133952,0.133952,1.0,8
block_nec_r6__temp_opt_r10,same_matched,block_nec_r6,temp_opt_r10,block_or_occupancy,block_or_occupancy,block_nec,temp_opt,0,2.0,0.11593,0.109332,0.109332,1.0,8
block_nec_r5__temp_opt_r12,same_matched,block_nec_r5,temp_opt_r12,block_or_occupancy,block_or_occupancy,block_nec,temp_opt,0,0.0,0.112675,0.096357,0.096357,1.0,8
cross_clear_r7__cross_stall_r11,same_matched,cross_clear_r7,cross_stall_r11,cross,cross,cross_clear,cross_stall,0,1.0,0.118495,0.08068,0.08068,1.0,8
block_nec_r8__temp_opt_r6,same_matched,block_nec_r8,temp_opt_r6,block_or_occupancy,block_or_occupancy,block_nec,temp_opt,0,2.0,0.123627,0.145887,0.145887,1.0,8
cross_stall_occ_r11__cross_stall_occ_r4,same_matched,cross_stall_occ_r11,cross_stall_occ_r4,cross,cross,cross_stall_occ,cross_stall_occ,0,1.0,0.100152,0.052893,0.052893,1.0,8
block_nec_r6__temp_opt_r1,same_matched,block_nec_r6,temp_opt_r1,block_or_occupancy,block_or_occupancy,block_nec,temp_opt,0,2.0,0.107962,0.106756,0.106756,1.0,8
block_nec_r6__temp_opt_r1,same_matched,block_nec_r6,temp_opt_r1,block_or_occupancy,block_or_occupancy,block_nec,temp_opt,0,2.0,0.107962,0.106756,0.106756,1.0,8
block_nec_r1__temp_opt_r10,same_matched,block_nec_r1,temp_opt_r10,block_or_occupancy,block_or_occupancy,block_nec,temp_opt,0,0.0,0.123271,0.10439,0.10439,1.0,8
block_nec_r9__temp_opt_r2,same_matched,block_nec_r9,temp_opt_r2,block_or_occupancy,block_or_occupancy,block_nec,temp_opt,0,3.0,0.108675,0.133952,0.133952,1.0,8
block_nec_r11__temp_opt_r9,same_matched,block_nec_r11,temp_opt_r9,block_or_occupancy,block_or_occupancy,block_nec,temp_opt,0,0.0,0.12521,0.157763,0.157763,1.0,8
cross_clear_r7__cross_stall_r11,same_matched,cross_clear_r7,cross_stall_r11,cross,cross,cross_clear,cross_stall,0,1.0,0.118495,0.08068,0.08068,1.0,8
block_nec_r1__temp_opt_r10,same_matched,block_nec_r1,temp_opt_r10,block_or_occupancy,block_or_occupancy,block_nec,temp_opt,0,0.0,0.123271,0.10439,0.10439,1.0,8
cross_clear_r1__cross_clear_r5,same_matched,cross_clear_r1,cross_clear_r5,cross,cross,cross_clear,cross_clear,0,1.0,0.128256,0.111418,0.111418,1.0,8
block_nec_r3__temp_opt_r11,same_matched,block_nec_r3,temp_opt_r11,block_or_occupancy,block_or_occupancy,block_nec,temp_opt,0,0.0,0.126456,0.125109,0.125109,1.0,8
block_nec_r3__temp_opt_r5,same_matched,block_nec_r3,temp_opt_r5,block_or_occupancy,block_or_occupancy,block_nec,temp_opt,0,0.0,0.093331,0.111315,0.111315,1.0,8
cross_clear_r4__cross_stall_r3,same_matched,cross_clear_r4,cross_stall_r3,cross,cross,cross_clear,cross_stall,0,1.0,0.085051,0.047291,0.047291,1.0,8
cross_clear_r1__cross_stall_r5,same_matched,cross_clear_r1,cross_stall_r5,cross,cross,cross_clear,cross_stall,0,2.0,0.094653,0.057564,0.057564,1.0,8
cross_clear_r11__cross_stall_r6,same_matched,cross_clear_r11,cross_stall_r6,cross,cross,cross_clear,cross_stall,0,0.0,0.138969,0.106753,0.106753,1.0,8
block_nec_r11__block_nec_r4,same_matched,block_nec_r11,block_nec_r4,block_or_occupancy,block_or_occupancy,block_nec,block_nec,0,1.0,0.098523,0.113466,0.113466,1.0,8
cross_clear_r8__cross_stall_r11,same_matched,cross_clear_r8,cross_stall_r11,cross,cross,cross_clear,cross_stall,0,1.0,0.113751,0.075384,0.075384,1.0,8
block_nec_r11__block_nec_r7,same_matched,block_nec_r11,block_nec_r7,block_or_occupancy,block_or_occupancy,block_nec,block_nec,0,0.0,0.105833,0.124226,0.124226,1.0,8
block_nec_r8__temp_opt_r6,same_matched,block_nec_r8,temp_opt_r6,block_or_occupancy,block_or_occupancy,block_nec,temp_opt,0,2.0,0.123627,0.145887,0.145887,1.0,8
block_nec_r8__temp_opt_r6,same_matched,block_nec_r8,temp_opt_r6,block_or_occupancy,block_or_occupancy,block_nec,temp_opt,0,2.0,0.123627,0.145887,0.145887,1.0,8
block_nec_r11__temp_opt_r8,same_matched,block_nec_r11,temp_opt_r8,block_or_occupancy,block_or_occupancy,block_nec,temp_opt,0,0.0,0.124063,0.141762,0.141762,1.0,8
cross_clear_r12__cross_clear_r4,same_matched,cross_clear_r12,cross_clear_r4,cross,cross,cross_clear,cross_clear,0,2.0,0.137403,0.102118,0.102118,1.0,8
cross_clear_r11__cross_stall_r4,same_matched,cross_clear_r11,cross_stall_r4,cross,cross,cross_clear,cross_stall,0,1.0,0.136098,0.103219,0.103219,1.0,8
cross_clear_r10__cross_stall_r5,same_matched,cross_clear_r10,cross_stall_r5,cross,cross,cross_clear,cross_stall,0,0.0,0.22353,0.170168,0.170168,1.0,8
cross_clear_r1__cross_clear_r9,same_matched,cross_clear_r1,cross_clear_r9,cross,cross,cross_clear,cross_clear,0,2.0,0.211056,0.198998,0.198998,1.0,8
block_nec_r11__temp_opt_r10,same_matched,block_nec_r11,temp_opt_r10,block_or_occupancy,block_or_occupancy,block_nec,temp_opt,0,2.0,0.202886,0.199923,0.199923,1.0,8
cross_clear_r10__cross_stall_r10,same_matched,cross_clear_r10,cross_stall_r10,cross,cross,cross_clear,cross_stall,0,1.0,0.257393,0.213034,0.213034,1.0,8
cross_clear_r10__cross_stall_r9,same_matched,cross_clear_r10,cross_stall_r9,cross,cross,cross_clear,cross_stall,0,1.0,0.246811,0.199889,0.199889,1.0,8
cross_clear_r10__cross_clear_r2,same_matched,cross_clear_r10,cross_clear_r2,cross,cross,cross_clear,cross_clear,0,2.0,0.208267,0.203574,0.203574,1.0,8
cross_clear_r6__cross_stall_occ_r11,same_matched,cross_clear_r6,cross_stall_occ_r11,cross,cross,cross_clear,cross_stall_occ,0,1.0,0.209989,0.181623,0.181623,1.0,8
cross_clear_r9__cross_stall_r8,same_matched,cross_clear_r9,cross_stall_r8,cross,cross,cross_clear,cross_stall,0,2.0,0.21734,0.195407,0.195407,1.0,8
cross_clear_r10__cross_stall_r12,same_matched,cross_clear_r10,cross_stall_r12,cross,cross,cross_clear,cross_stall,0,0.0,0.25092,0.202619,0.202619,1.0,8
cross_clear_r10__cross_stall_r10,same_matched,cross_clear_r10,cross_stall_r10,cross,cross,cross_clear,cross_stall,0,1.0,0.257393,0.213034,0.213034,1.0,8
cross_clear_r1__cross_clear_r9,same_matched,cross_clear_r1,cross_clear_r9,cross,cross,cross_clear,cross_clear,0,2.0,0.211056,0.198998,0.198998,1.0,8
cross_clear_r9__cross_stall_r6,same_matched,cross_clear_r9,cross_stall_r6,cross,cross,cross_clear,cross_stall,0,0.0,0.23112,0.202103,0.202103,1.0,8
cross_clear_r6__cross_stall_r4,same_matched,cross_clear_r6,cross_stall_r4,cross,cross,cross_clear,cross_stall,0,0.0,0.166383,0.115633,0.115633,1.0,8
cross_clear_r6__cross_stall_occ_r5,same_matched,cross_clear_r6,cross_stall_occ_r5,cross,cross,cross_clear,cross_stall_occ,0,1.0,0.173309,0.167814,0.167814,1.0,8
block_nec_r5__temp_opt_r11,same_matched,block_nec_r5,temp_opt_r11,block_or_occupancy,block_or_occupancy,block_nec,temp_opt,0,1.0,0.170458,0.162253,0.162253,1.0,8
cross_clear_r12__cross_stall_occ_r5,same_matched,cross_clear_r12,cross_stall_occ_r5,cross,cross,cross_clear,cross_stall_occ,0,0.0,0.186433,0.178962,0.178962,1.0,8
block_nec_r11__temp_opt_r2,same_matched,block_nec_r11,temp_opt_r2,block_or_occupancy,block_or_occupancy,block_nec,temp_opt,0,2.0,0.190163,0.195696,0.195696,1.0,8
cross_clear_r6__cross_stall_r8,same_matched,cross_clear_r6,cross_stall_r8,cross,cross,cross_clear,cross_stall,0,1.0,0.172372,0.120024,0.120024,1.0,8
cross_clear_r12__cross_stall_occ_r5,same_matched,cross_clear_r12,cross_stall_occ_r5,cross,cross,cross_clear,cross_stall_occ,0,0.0,0.186433,0.178962,0.178962,1.0,8
block_nec_r5__temp_opt_r11,same_matched,block_nec_r5,temp_opt_r11,block_or_occupancy,block_or_occupancy,block_nec,temp_opt,0,1.0,0.170458,0.162253,0.162253,1.0,8
cross_clear_r6__cross_stall_occ_r10,same_matched,cross_clear_r6,cross_stall_occ_r10,cross,cross,cross_clear,cross_stall_occ,0,0.0,0.191505,0.180348,0.180348,1.0,8
cross_clear_r12__cross_stall_occ_r5,same_matched,cross_clear_r12,cross_stall_occ_r5,cross,cross,cross_clear,cross_stall_occ,0,0.0,0.186433,0.178962,0.178962,1.0,8
cross_clear_r6__cross_stall_occ_r5,same_matched,cross_clear_r6,cross_stall_occ_r5,cross,cross,cross_clear,cross_stall_occ,0,1.0,0.173309,0.167814,0.167814,1.0,8
cross_clear_r3__cross_clear_r9,same_matched,cross_clear_r3,cross_clear_r9,cross,cross,cross_clear,cross_clear,0,2.0,0.17865,0.191924,0.191924,1.0,8
cross_clear_r3__cross_clear_r9,same_matched,cross_clear_r3,cross_clear_r9,cross,cross,cross_clear,cross_clear,0,2.0,0.17865,0.191924,0.191924,1.0,8
cross_clear_r10__cross_stall_occ_r10,same_matched,cross_clear_r10,cross_stall_occ_r10,cross,cross,cross_clear,cross_stall_occ,0,1.0,0.165711,0.124063,0.124063,1.0,8
block_nec_r11__temp_opt_r10,same_matched,block_nec_r11,temp_opt_r10,block_or_occupancy,block_or_occupancy,block_nec,temp_opt,0,2.0,0.202886,0.199923,0.199923,1.0,8
cross_clear_r12__cross_stall_occ_r9,same_matched,cross_clear_r12,cross_stall_occ_r9,cross,cross,cross_clear,cross_stall_occ,0,1.0,0.193008,0.179572,0.179572,1.0,8
cross_clear_r3__cross_clear_r6,same_matched,cross_clear_r3,cross_clear_r6,cross,cross,cross_clear,cross_clear,0,1.0,0.195558,0.127231,0.127231,1.0,8
cross_clear_r5__cross_stall_r5,same_matched,cross_clear_r5,cross_stall_r5,cross,cross,cross_clear,cross_stall,0,1.0,0.168547,0.121274,0.121274,1.0,8
cross_clear_r12__cross_stall_occ_r9,same_matched,cross_clear_r12,cross_stall_occ_r9,cross,cross,cross_clear,cross_stall_occ,0,1.0,0.193008,0.179572,0.179572,1.0,8
cross_clear_r6__cross_stall_r10,same_matched,cross_clear_r6,cross_stall_r10,cross,cross,cross_clear,cross_stall,0,0.0,0.163791,0.113966,0.113966,1.0,8
cross_clear_r6__cross_stall_occ_r12,same_matched,cross_clear_r6,cross_stall_occ_r12,cross,cross,cross_clear,cross_stall_occ,0,1.0,0.175721,0.171444,0.171444,1.0,8
block_nec_r5__temp_opt_r2,same_matched,block_nec_r5,temp_opt_r2,block_or_occupancy,block_or_occupancy,block_nec,temp_opt,0,2.0,0.166685,0.161292,0.161292,1.0,8
cross_clear_r5__cross_stall_r9,same_matched,cross_clear_r5,cross_stall_r9,cross,cross,cross_clear,cross_stall,0,0.0,0.155659,0.127852,0.127852,1.0,8
cross_clear_r6__cross_stall_r10,same_matched,cross_clear_r6,cross_stall_r10,cross,cross,cross_clear,cross_stall,0,0.0,0.163791,0.113966,0.113966,1.0,8
cross_clear_r9__cross_stall_r2,same_matched,cross_clear_r9,cross_stall_r2,cross,cross,cross_clear,cross_stall,0,2.0,0.213671,0.194255,0.194255,1.0,8
cross_clear_r12__cross_stall_occ_r8,same_matched,cross_clear_r12,cross_stall_occ_r8,cross,cross,cross_clear,cross_stall_occ,0,2.0,0.221077,0.19323,0.19323,1.0,8
cross_clear_r8__cross_stall_occ_r4,same_matched,cross_clear_r8,cross_stall_occ_r4,cross,cross,cross_clear,cross_stall_occ,0,0.0,0.213251,0.211799,0.211799,1.0,8
cross_clear_r6__cross_stall_r1,same_matched,cross_clear_r6,cross_stall_r1,cross,cross,cross_clear,cross_stall,0,1.0,0.167558,0.117364,0.117364,1.0,8
cross_clear_r10__cross_clear_r5,same_matched,cross_clear_r10,cross_clear_r5,cross,cross,cross_clear,cross_clear,0,1.0,0.209466,0.132432,0.132432,1.0,8
block_nec_r11__temp_opt_r2,same_matched,block_nec_r11,temp_opt_r2,block_or_occupancy,block_or_occupancy,block_nec,temp_opt,0,2.0,0.190163,0.195696,0.195696,1.0,8
cross_clear_r12__cross_stall_occ_r7,same_matched,cross_clear_r12,cross_stall_occ_r7,cross,cross,cross_clear,cross_stall_occ,0,2.0,0.202752,0.18432,0.18432,1.0,8
cross_clear_r12__cross_clear_r3,same_matched,cross_clear_r12,cross_clear_r3,cross,cross,cross_clear,cross_clear,0,2.0,0.179803,0.114996,0.114996,1.0,8
block_nec_r5__temp_opt_r10,same_matched,block_nec_r5,temp_opt_r10,block_or_occupancy,block_or_occupancy,block_nec,temp_opt,0,2.0,0.179408,0.165519,0.165519,1.0,8
cross_clear_r6__cross_stall_occ_r3,same_matched,cross_clear_r6,cross_stall_occ_r3,cross,cross,cross_clear,cross_stall_occ,0,0.0,0.182784,0.17641,0.17641,1.0,8
cross_clear_r10__cross_stall_occ_r3,same_matched,cross_clear_r10,cross_stall_occ_r3,cross,cross,cross_clear,cross_stall_occ,0,1.0,0.154413,0.118006,0.118006,1.0,8
cross_clear_r12__cross_stall_r6,same_matched,cross_clear_r12,cross_stall_r6,cross,cross,cross_clear,cross_stall,0,0.0,0.145884,0.099731,0.099731,1.0,8
block_cont_r9__block_nec_r6,same_matched,block_cont_r9,block_nec_r6,block_or_occupancy,block_or_occupancy,block_cont,block_nec,0,1.0,0.289864,0.228316,0.228316,1.0,8
cross_clear_r8__cross_stall_occ_r5,same_matched,cross_clear_r8,cross_stall_occ_r5,cross,cross,cross_clear,cross_stall_occ,0,1.0,0.269938,0.23786,0.23786,1.0,8
block_cont_r4__block_nec_r5,same_matched,block_cont_r4,block_nec_r5,block_or_occupancy,block_or_occupancy,block_cont,block_nec,0,1.0,0.276332,0.204703,0.204703,1.0,8
lead_cont_r11__lead_nec_r1,same_matched,lead_cont_r11,lead_nec_r1,lead,lead,lead_cont,lead_nec,0,1.0,0.320051,0.271354,0.271354,1.0,8
cross_clear_r5__cross_stall_occ_r2,same_matched,cross_clear_r5,cross_stall_occ_r2,cross,cross,cross_clear,cross_stall_occ,0,1.0,0.309818,0.211797,0.211797,1.0,8
block_cont_r3__block_nec_r11,same_matched,block_cont_r3,block_nec_r11,block_or_occupancy,block_or_occupancy,block_cont,block_nec,0,1.0,0.277798,0.186201,0.186201,1.0,8
block_cont_r9__block_nec_r11,same_matched,block_cont_r9,block_nec_r11,block_or_occupancy,block_or_occupancy,block_cont,block_nec,0,1.0,0.274262,0.192304,0.192304,1.0,8
block_cont_r4__block_nec_r8,same_matched,block_cont_r4,block_nec_r8,block_or_occupancy,block_or_occupancy,block_cont,block_nec,0,2.0,0.278938,0.204147,0.204147,1.0,8
block_cont_r10__block_nec_r8,same_matched,block_cont_r10,block_nec_r8,block_or_occupancy,block_or_occupancy,block_cont,block_nec,0,2.0,0.308825,0.209092,0.209092,1.0,8
lead_cont_r8__lead_opt_r9,same_matched,lead_cont_r8,lead_opt_r9,lead,lead,lead_cont,lead_opt,0,2.0,0.320245,0.264336,0.264336,1.0,8
cross_clear_r10__cross_stall_r8,same_matched,cross_clear_r10,cross_stall_r8,cross,cross,cross_clear,cross_stall,0,2.0,0.268267,0.221179,0.221179,1.0,8
block_cont_r8__block_nec_r8,same_matched,block_cont_r8,block_nec_r8,block_or_occupancy,block_or_occupancy,block_cont,block_nec,0,0.0,0.292942,0.19312,0.19312,1.0,8
block_nec_r10__temp_opt_r4,same_matched,block_nec_r10,temp_opt_r4,block_or_occupancy,block_or_occupancy,block_nec,temp_opt,0,0.0,0.075576,0.053109,0.053109,1.0,8
cross_clear_r2__cross_stall_r12,same_matched,cross_clear_r2,cross_stall_r12,cross,cross,cross_clear,cross_stall,0,2.0,0.081142,0.043883,0.043883,1.0,8
cross_clear_r2__cross_stall_r5,same_matched,cross_clear_r2,cross_stall_r5,cross,cross,cross_clear,cross_stall,0,2.0,0.078267,0.059694,0.059694,1.0,8
cross_clear_r8__cross_stall_r6,same_matched,cross_clear_r8,cross_stall_r6,cross,cross,cross_clear,cross_stall,0,1.0,0.093447,0.063333,0.063333,1.0,8
block_nec_r4__temp_opt_r11,same_matched,block_nec_r4,temp_opt_r11,block_or_occupancy,block_or_occupancy,block_nec,temp_opt,0,0.0,0.095413,0.083191,0.083191,1.0,8
cross_clear_r4__cross_stall_r10,same_matched,cross_clear_r4,cross_stall_r10,cross,cross,cross_clear,cross_stall,0,1.0,0.079771,0.046029,0.046029,1.0,8
block_nec_r4__temp_opt_r7,same_matched,block_nec_r4,temp_opt_r7,block_or_occupancy,block_or_occupancy,block_nec,temp_opt,0,1.0,0.091308,0.062905,0.062905,1.0,8
cross_clear_r2__cross_stall_r5,same_matched,cross_clear_r2,cross_stall_r5,cross,cross,cross_clear,cross_stall,0,2.0,0.078267,0.059694,0.059694,1.0,8
block_nec_r7__temp_opt_r10,same_matched,block_nec_r7,temp_opt_r10,block_or_occupancy,block_or_occupancy,block_nec,temp_opt,0,2.0,0.097053,0.075697,0.075697,1.0,8
cross_clear_r8__cross_stall_r6,same_matched,cross_clear_r8,cross_stall_r6,cross,cross,cross_clear,cross_stall,0,1.0,0.093447,0.063333,0.063333,1.0,8
block_nec_r1__temp_opt_r6,same_matched,block_nec_r1,temp_opt_r6,block_or_occupancy,block_or_occupancy,block_nec,temp_opt,0,1.0,0.080622,0.087392,0.087392,1.0,8
cross_clear_r4__cross_stall_r3,same_matched,cross_clear_r4,cross_stall_r3,cross,cross,cross_clear,cross_stall,0,1.0,0.085051,0.047291,0.047291,1.0,8
cross_clear_r3__cross_stall_r11,same_matched,cross_clear_r3,cross_stall_r11,cross,cross,cross_clear,cross_stall,0,2.0,0.084678,0.073042,0.073042,1.0,8
cross_stall_occ_r12__cross_stall_occ_r2,same_matched,cross_stall_occ_r12,cross_stall_occ_r2,cross,cross,cross_stall_occ,cross_stall_occ,0,2.0,0.07267,0.044628,0.044628,1.0,8
block_nec_r1__temp_opt_r2,same_matched,block_nec_r1,temp_opt_r2,block_or_occupancy,block_or_occupancy,block_nec,temp_opt,0,0.0,0.110548,0.100163,0.100163,1.0,8
block_nec_r8__temp_opt_r12,same_matched,block_nec_r8,temp_opt_r12,block_or_occupancy,block_or_occupancy,block_nec,temp_opt,0,1.0,0.099543,0.093723,0.093723,1.0,8
cross_clear_r7__cross_stall_r3,same_matched,cross_clear_r7,cross_stall_r3,cross,cross,cross_clear,cross_stall,0,0.0,0.101055,0.0552,0.0552,1.0,8
block_cont_r11__block_cont_r3,same_matched,block_cont_r11,block_cont_r3,block_or_occupancy,block_or_occupancy,block_cont,block_cont,0,1.0,0.074896,0.045657,0.045657,1.0,8
block_nec_r11__block_nec_r4,same_matched,block_nec_r11,block_nec_r4,block_or_occupancy,block_or_occupancy,block_nec,block_nec,0,1.0,0.098523,0.113466,0.113466,1.0,8
cross_stall_occ_r12__cross_stall_occ_r2,same_matched,cross_stall_occ_r12,cross_stall_occ_r2,cross,cross,cross_stall_occ,cross_stall_occ,0,2.0,0.07267,0.044628,0.044628,1.0,8
block_nec_r11__block_nec_r9,same_matched,block_nec_r11,block_nec_r9,block_or_occupancy,block_or_occupancy,block_nec,block_nec,0,1.0,0.081488,0.061744,0.061744,1.0,8
cross_clear_r5__cross_clear_r7,same_matched,cross_clear_r5,cross_clear_r7,cross,cross,cross_clear,cross_clear,0,0.0,0.077208,0.090195,0.090195,1.0,8
block_cont_r1__block_cont_r4,same_matched,block_cont_r1,block_cont_r4,block_or_occupancy,block_or_occupancy,block_cont,block_cont,0,1.0,0.073744,0.037167,0.037167,1.0,8
cross_clear_r2__cross_stall_r2,same_matched,cross_clear_r2,cross_stall_r2,cross,cross,cross_clear,cross_stall,0,0.0,0.071361,0.034852,0.034852,1.0,8
cross_clear_r2__cross_clear_r6,same_matched,cross_clear_r2,cross_clear_r6,cross,cross,cross_clear,cross_clear,0,1.0,0.119695,0.098816,0.098816,1.0,8
cross_clear_r11__cross_clear_r8,same_matched,cross_clear_r11,cross_clear_r8,cross,cross,cross_clear,cross_clear,0,1.0,0.127515,0.082171,0.082171,1.0,8
block_nec_r11__block_nec_r12,same_matched,block_nec_r11,block_nec_r12,block_or_occupancy,block_or_occupancy,block_nec,block_nec,0,2.0,0.118656,0.147678,0.147678,1.0,8
cross_clear_r2__cross_clear_r3,same_matched,cross_clear_r2,cross_clear_r3,cross,cross,cross_clear,cross_clear,0,0.0,0.085733,0.031267,0.031267,1.0,8
cross_clear_r10__cross_clear_r6,same_matched,cross_clear_r10,cross_clear_r6,cross,cross,cross_clear,cross_clear,0,1.0,0.115017,0.111768,0.111768,1.0,8
cross_clear_r8__cross_stall_r5,same_matched,cross_clear_r8,cross_stall_r5,cross,cross,cross_clear,cross_stall,0,1.0,0.094976,0.073397,0.073397,1.0,8
block_nec_r1__temp_opt_r2,same_matched,block_nec_r1,temp_opt_r2,block_or_occupancy,block_or_occupancy,block_nec,temp_opt,0,0.0,0.110548,0.100163,0.100163,1.0,8
block_nec_r10__temp_opt_r7,same_matched,block_nec_r10,temp_opt_r7,block_or_occupancy,block_or_occupancy,block_nec,temp_opt,0,1.0,0.086795,0.069767,0.069767,1.0,8
cross_clear_r4__cross_stall_r3,same_matched,cross_clear_r4,cross_stall_r3,cross,cross,cross_clear,cross_stall,0,1.0,0.085051,0.047291,0.047291,1.0,8
cross_clear_r8__cross_stall_r6,same_matched,cross_clear_r8,cross_stall_r6,cross,cross,cross_clear,cross_stall,0,1.0,0.093447,0.063333,0.063333,1.0,8
cross_clear_r1__cross_stall_r7,same_matched,cross_clear_r1,cross_stall_r7,cross,cross,cross_clear,cross_stall,0,0.0,0.079014,0.03613,0.03613,1.0,8
block_nec_r6__temp_opt_r6,same_matched,block_nec_r6,temp_opt_r6,block_or_occupancy,block_or_occupancy,block_nec,temp_opt,0,1.0,0.07328,0.092333,0.092333,1.0,8
lead_cont_r1__lead_opt_r6,same_matched,lead_cont_r1,lead_opt_r6,lead,lead,lead_cont,lead_opt,0,2.0,0.351441,0.28221,0.28221,1.0,8
cross_clear_r5__cross_stall_occ_r11,same_matched,cross_clear_r5,cross_stall_occ_r11,cross,cross,cross_clear,cross_stall_occ,0,1.0,0.318832,0.213965,0.213965,1.0,8
cross_stall_occ_r9__cross_stall_r3,same_matched,cross_stall_occ_r9,cross_stall_r3,cross,cross,cross_stall_occ,cross_stall,0,0.0,0.326334,0.261795,0.261795,1.0,8
lead_cont_r7__lead_opt_r4,same_matched,lead_cont_r7,lead_opt_r4,lead,lead,lead_cont,lead_opt,0,1.0,0.359059,0.283806,0.283806,1.0,8
block_cont_r3__block_nec_r7,same_matched,block_cont_r3,block_nec_r7,block_or_occupancy,block_or_occupancy,block_cont,block_nec,0,1.0,0.348683,0.26385,0.26385,1.0,8
lead_cont_r10__lead_nec_r2,same_matched,lead_cont_r10,lead_nec_r2,lead,lead,lead_cont,lead_nec,0,3.0,0.325827,0.271912,0.271912,1.0,8
cross_clear_r5__cross_stall_occ_r2,same_matched,cross_clear_r5,cross_stall_occ_r2,cross,cross,cross_clear,cross_stall_occ,0,1.0,0.309818,0.211797,0.211797,1.0,8
lead_cont_r5__lead_opt_r5,same_matched,lead_cont_r5,lead_opt_r5,lead,lead,lead_cont,lead_opt,0,0.0,0.334523,0.268567,0.268567,1.0,8
lead_cont_r8__lead_opt_r11,same_matched,lead_cont_r8,lead_opt_r11,lead,lead,lead_cont,lead_opt,0,3.0,0.341864,0.281489,0.281489,1.0,8
lead_cont_r2__lead_opt_r3,same_matched,lead_cont_r2,lead_opt_r3,lead,lead,lead_cont,lead_opt,0,1.0,0.358895,0.284249,0.284249,1.0,8
cross_clear_r2__cross_stall_occ_r11,same_matched,cross_clear_r2,cross_stall_occ_r11,cross,cross,cross_clear,cross_stall_occ,0,2.0,0.319351,0.280207,0.280207,1.0,8
block_cont_r5__block_nec_r6,same_matched,block_cont_r5,block_nec_r6,block_or_occupancy,block_or_occupancy,block_cont,block_nec,0,0.0,0.339477,0.242312,0.242312,1.0,8
block_nec_r12__block_nec_r9,same_matched,block_nec_r12,block_nec_r9,block_or_occupancy,block_or_occupancy,block_nec,block_nec,0,3.0,0.037168,0.085934,0.085934,1.0,8
lead_nec_r8__lead_opt_r11,same_matched,lead_nec_r8,lead_opt_r11,lead,lead,lead_nec,lead_opt,0,3.0,0.031966,0.021019,0.021019,1.0,8
temp_opt_r1__temp_opt_r5,same_matched,temp_opt_r1,temp_opt_r5,block_or_occupancy,block_or_occupancy,temp_opt,temp_opt,0,1.0,0.034107,0.014485,0.014485,1.0,8
lead_nec_r8__lead_opt_r11,same_matched,lead_nec_r8,lead_opt_r11,lead,lead,lead_nec,lead_opt,0,3.0,0.031966,0.021019,0.021019,1.0,8
lead_cont_r1__lead_cont_r7,same_matched,lead_cont_r1,lead_cont_r7,lead,lead,lead_cont,lead_cont,0,2.0,0.034512,0.016339,0.016339,1.0,8
lead_nec_r12__lead_opt_r8,same_matched,lead_nec_r12,lead_opt_r8,lead,lead,lead_nec,lead_opt,0,1.0,0.033551,0.032278,0.032278,1.0,8
lead_cont_r11__lead_cont_r9,same_matched,lead_cont_r11,lead_cont_r9,lead,lead,lead_cont,lead_cont,0,2.0,0.032792,0.017039,0.017039,1.0,8
temp_opt_r1__temp_opt_r5,same_matched,temp_opt_r1,temp_opt_r5,block_or_occupancy,block_or_occupancy,temp_opt,temp_opt,0,1.0,0.034107,0.014485,0.014485,1.0,8
temp_opt_r11__temp_opt_r5,same_matched,temp_opt_r11,temp_opt_r5,block_or_occupancy,block_or_occupancy,temp_opt,temp_opt,0,0.0,0.033125,0.013795,0.013795,1.0,8
lead_nec_r8__lead_opt_r11,same_matched,lead_nec_r8,lead_opt_r11,lead,lead,lead_nec,lead_opt,0,3.0,0.031966,0.021019,0.021019,1.0,8
lead_cont_r11__lead_cont_r9,same_matched,lead_cont_r11,lead_cont_r9,lead,lead,lead_cont,lead_cont,0,2.0,0.032792,0.017039,0.017039,1.0,8
lead_cont_r3__lead_cont_r9,same_matched,lead_cont_r3,lead_cont_r9,lead,lead,lead_cont,lead_cont,0,2.0,0.031221,0.016511,0.016511,1.0,8
lead_nec_r8__lead_opt_r11,same_matched,lead_nec_r8,lead_opt_r11,lead,lead,lead_nec,lead_opt,0,3.0,0.031966,0.021019,0.021019,1.0,8
lead_cont_r5__lead_cont_r6,same_matched,lead_cont_r5,lead_cont_r6,lead,lead,lead_cont,lead_cont,0,0.0,0.037923,0.020344,0.020344,1.0,8
cross_stall_r1__cross_stall_r5,same_matched,cross_stall_r1,cross_stall_r5,cross,cross,cross_stall,cross_stall,0,2.0,0.040423,0.049327,0.049327,1.0,8
temp_opt_r1__temp_opt_r7,same_matched,temp_opt_r1,temp_opt_r7,block_or_occupancy,block_or_occupancy,temp_opt,temp_opt,0,2.0,0.035304,0.068795,0.068795,1.0,8
block_nec_r12__block_nec_r9,same_matched,block_nec_r12,block_nec_r9,block_or_occupancy,block_or_occupancy,block_nec,block_nec,0,3.0,0.037168,0.085934,0.085934,1.0,8
temp_opt_r6__temp_opt_r9,same_matched,temp_opt_r6,temp_opt_r9,block_or_occupancy,block_or_occupancy,temp_opt,temp_opt,0,1.0,0.035027,0.025161,0.025161,1.0,8
lead_nec_r2__lead_opt_r8,same_matched,lead_nec_r2,lead_opt_r8,lead,lead,lead_nec,lead_opt,0,3.0,0.035754,0.034956,0.034956,1.0,8
lead_opt_r10__lead_opt_r11,same_matched,lead_opt_r10,lead_opt_r11,lead,lead,lead_opt,lead_opt,0,2.0,0.039682,0.022487,0.022487,1.0,8
lead_nec_r8__lead_opt_r11,same_matched,lead_nec_r8,lead_opt_r11,lead,lead,lead_nec,lead_opt,0,3.0,0.031966,0.021019,0.021019,1.0,8
lead_opt_r12__lead_opt_r8,same_matched,lead_opt_r12,lead_opt_r8,lead,lead,lead_opt,lead_opt,0,2.0,0.039218,0.038083,0.038083,1.0,8
cross_clear_r3__cross_stall_r8,same_matched,cross_clear_r3,cross_stall_r8,cross,cross,cross_clear,cross_stall,0,0.0,0.048772,0.026966,0.026966,1.0,8
lead_opt_r12__lead_opt_r8,same_matched,lead_opt_r12,lead_opt_r8,lead,lead,lead_opt,lead_opt,0,2.0,0.039218,0.038083,0.038083,1.0,8
cross_stall_occ_r11__cross_stall_occ_r7,same_matched,cross_stall_occ_r11,cross_stall_occ_r7,cross,cross,cross_stall_occ,cross_stall_occ,0,2.0,0.044578,0.030583,0.030583,1.0,8
block_nec_r12__temp_opt_r5,same_matched,block_nec_r12,temp_opt_r5,block_or_occupancy,block_or_occupancy,block_nec,temp_opt,0,1.0,0.042156,0.035184,0.035184,1.0,8
temp_opt_r10__temp_opt_r7,same_matched,temp_opt_r10,temp_opt_r7,block_or_occupancy,block_or_occupancy,temp_opt,temp_opt,0,2.0,0.043272,0.07137,0.07137,1.0,8
cross_stall_occ_r11__cross_stall_occ_r6,same_matched,cross_stall_occ_r11,cross_stall_occ_r6,cross,cross,cross_stall_occ,cross_stall_occ,0,0.0,0.051771,0.025757,0.025757,1.0,8
lead_cont_r5__lead_cont_r7,same_matched,lead_cont_r5,lead_cont_r7,lead,lead,lead_cont,lead_cont,0,0.0,0.044107,0.022329,0.022329,1.0,8
temp_opt_r5__temp_opt_r9,same_matched,temp_opt_r5,temp_opt_r9,block_or_occupancy,block_or_occupancy,temp_opt,temp_opt,0,1.0,0.035602,0.025099,0.025099,1.0,8
lead_cont_r6__lead_cont_r8,same_matched,lead_cont_r6,lead_cont_r8,lead,lead,lead_cont,lead_cont,0,1.0,0.045121,0.030337,0.030337,1.0,8
temp_opt_r3__temp_opt_r9,same_matched,temp_opt_r3,temp_opt_r9,block_or_occupancy,block_or_occupancy,temp_opt,temp_opt,0,2.0,0.044825,0.028608,0.028608,1.0,8
block_nec_r12__block_nec_r9,same_matched,block_nec_r12,block_nec_r9,block_or_occupancy,block_or_occupancy,block_nec,block_nec,0,3.0,0.037168,0.085934,0.085934,1.0,8
lead_opt_r11__lead_opt_r8,same_matched,lead_opt_r11,lead_opt_r8,lead,lead,lead_opt,lead_opt,0,3.0,0.051245,0.044516,0.044516,1.0,8
cross_clear_r3__cross_stall_r10,same_matched,cross_clear_r3,cross_stall_r10,cross,cross,cross_clear,cross_stall,0,1.0,0.059787,0.034385,0.034385,1.0,8
temp_opt_r1__temp_opt_r12,same_matched,temp_opt_r1,temp_opt_r12,block_or_occupancy,block_or_occupancy,temp_opt,temp_opt,0,2.0,0.058766,0.066587,0.066587,1.0,8
cross_clear_r11__cross_stall_occ_r10,same_matched,cross_clear_r11,cross_stall_occ_r10,cross,cross,cross_clear,cross_stall_occ,0,1.0,0.308925,0.235463,0.235463,1.0,8
cross_clear_r2__cross_stall_occ_r7,same_matched,cross_clear_r2,cross_stall_occ_r7,cross,cross,cross_clear,cross_stall_occ,0,0.0,0.274772,0.2528,0.2528,1.0,8
block_cont_r4__block_nec_r3,same_matched,block_cont_r4,block_nec_r3,block_or_occupancy,block_or_occupancy,block_cont,block_nec,0,0.0,0.282836,0.213412,0.213412,1.0,8
block_cont_r1__block_nec_r1,same_matched,block_cont_r1,block_nec_r1,block_or_occupancy,block_or_occupancy,block_cont,block_nec,0,0.0,0.316792,0.234165,0.234165,1.0,8
cross_clear_r5__cross_stall_occ_r7,same_matched,cross_clear_r5,cross_stall_occ_r7,cross,cross,cross_clear,cross_stall_occ,0,1.0,0.305561,0.204383,0.204383,1.0,8
block_cont_r3__block_nec_r5,same_matched,block_cont_r3,block_nec_r5,block_or_occupancy,block_or_occupancy,block_cont,block_nec,0,1.0,0.280148,0.194073,0.194073,1.0,8
cross_clear_r10__cross_clear_r11,same_matched,cross_clear_r10,cross_clear_r11,cross,cross,cross_clear,cross_clear,0,0.0,0.265395,0.17649,0.17649,1.0,8
block_cont_r4__block_nec_r2,same_matched,block_cont_r4,block_nec_r2,block_or_occupancy,block_or_occupancy,block_cont,block_nec,0,1.0,0.29068,0.248124,0.248124,1.0,8
cross_stall_occ_r5__cross_stall_r5,same_matched,cross_stall_occ_r5,cross_stall_r5,cross,cross,cross_stall_occ,cross_stall,0,0.0,0.301861,0.233426,0.233426,1.0,8
cross_stall_occ_r6__cross_stall_r10,same_matched,cross_stall_occ_r6,cross_stall_r10,cross,cross,cross_stall_occ,cross_stall,0,1.0,0.316993,0.263043,0.263043,1.0,8
block_cont_r5__block_nec_r5,same_matched,block_cont_r5,block_nec_r5,block_or_occupancy,block_or_occupancy,block_cont,block_nec,0,0.0,0.275998,0.186124,0.186124,1.0,8
cross_stall_occ_r4__cross_stall_r10,same_matched,cross_stall_occ_r4,cross_stall_r10,cross,cross,cross_stall_occ,cross_stall,0,0.0,0.295149,0.260255,0.260255,1.0,8
cross_clear_r1__cross_clear_r3,same_matched,cross_clear_r1,cross_clear_r3,cross,cross,cross_clear,cross_clear,0,0.0,0.057383,0.022373,0.022373,1.0,8
cross_stall_occ_r11__cross_stall_occ_r8,same_matched,cross_stall_occ_r11,cross_stall_occ_r8,cross,cross,cross_stall_occ,cross_stall_occ,0,2.0,0.050982,0.031676,0.031676,1.0,8
lead_cont_r1__lead_cont_r3,same_matched,lead_cont_r1,lead_cont_r3,lead,lead,lead_cont,lead_cont,0,1.0,0.053168,0.021591,0.021591,1.0,8
cross_clear_r3__cross_clear_r4,same_matched,cross_clear_r3,cross_clear_r4,cross,cross,cross_clear,cross_clear,0,0.0,0.052438,0.018371,0.018371,1.0,8
temp_opt_r12__temp_opt_r2,same_matched,temp_opt_r12,temp_opt_r2,block_or_occupancy,block_or_occupancy,temp_opt,temp_opt,0,2.0,0.054011,0.064935,0.064935,1.0,8
cross_stall_occ_r11__cross_stall_occ_r8,same_matched,cross_stall_occ_r11,cross_stall_occ_r8,cross,cross,cross_stall_occ,cross_stall_occ,0,2.0,0.050982,0.031676,0.031676,1.0,8
block_cont_r1__block_cont_r3,same_matched,block_cont_r1,block_cont_r3,block_or_occupancy,block_or_occupancy,block_cont,block_cont,0,1.0,0.050969,0.02472,0.02472,1.0,8
lead_cont_r1__lead_cont_r3,same_matched,lead_cont_r1,lead_cont_r3,lead,lead,lead_cont,lead_cont,0,1.0,0.053168,0.021591,0.021591,1.0,8
block_nec_r2__temp_opt_r5,same_matched,block_nec_r2,temp_opt_r5,block_or_occupancy,block_or_occupancy,block_nec,temp_opt,0,1.0,0.055264,0.050452,0.050452,1.0,8
lead_cont_r1__lead_cont_r3,same_matched,lead_cont_r1,lead_cont_r3,lead,lead,lead_cont,lead_cont,0,1.0,0.053168,0.021591,0.021591,1.0,8
lead_opt_r11__lead_opt_r8,same_matched,lead_opt_r11,lead_opt_r8,lead,lead,lead_opt,lead_opt,0,3.0,0.051245,0.044516,0.044516,1.0,8
lead_cont_r12__lead_cont_r3,same_matched,lead_cont_r12,lead_cont_r3,lead,lead,lead_cont,lead_cont,0,1.0,0.050088,0.023758,0.023758,1.0,8
block_cont_r5__block_cont_r7,same_matched,block_cont_r5,block_cont_r7,block_or_occupancy,block_or_occupancy,block_cont,block_cont,0,0.0,0.048118,0.028689,0.028689,1.0,8
cross_clear_r1__cross_clear_r3,same_matched,cross_clear_r1,cross_clear_r3,cross,cross,cross_clear,cross_clear,0,0.0,0.057383,0.022373,0.022373,1.0,8
cross_stall_occ_r12__cross_stall_occ_r9,same_matched,cross_stall_occ_r12,cross_stall_occ_r9,cross,cross,cross_stall_occ,cross_stall_occ,0,1.0,0.068032,0.035954,0.035954,1.0,8
block_nec_r1__block_nec_r5,same_matched,block_nec_r1,block_nec_r5,block_or_occupancy,block_or_occupancy,block_nec,block_nec,0,2.0,0.056138,0.061129,0.061129,1.0,8
cross_stall_occ_r1__cross_stall_occ_r3,same_matched,cross_stall_occ_r1,cross_stall_occ_r3,cross,cross,cross_stall_occ,cross_stall_occ,0,1.0,0.05813,0.029284,0.029284,1.0,8
lead_cont_r7__lead_cont_r8,same_matched,lead_cont_r7,lead_cont_r8,lead,lead,lead_cont,lead_cont,0,1.0,0.054546,0.033851,0.033851,1.0,8
block_nec_r3__temp_opt_r8,same_matched,block_nec_r3,temp_opt_r8,block_or_occupancy,block_or_occupancy,block_nec,temp_opt,0,1.0,0.056582,0.070215,0.070215,1.0,8
cross_stall_occ_r10__cross_stall_occ_r7,same_matched,cross_stall_occ_r10,cross_stall_occ_r7,cross,cross,cross_stall_occ,cross_stall_occ,0,1.0,0.059273,0.028165,0.028165,1.0,8
lead_cont_r11__lead_cont_r12,same_matched,lead_cont_r11,lead_cont_r12,lead,lead,lead_cont,lead_cont,0,1.0,0.051927,0.024788,0.024788,1.0,8
cross_clear_r3__cross_stall_r10,same_matched,cross_clear_r3,cross_stall_r10,cross,cross,cross_clear,cross_stall,0,1.0,0.059787,0.034385,0.034385,1.0,8
block_nec_r2__block_nec_r8,same_matched,block_nec_r2,block_nec_r8,block_or_occupancy,block_or_occupancy,block_nec,block_nec,0,3.0,0.068938,0.095373,0.095373,1.0,8
cross_stall_occ_r10__cross_stall_occ_r7,same_matched,cross_stall_occ_r10,cross_stall_occ_r7,cross,cross,cross_stall_occ,cross_stall_occ,0,1.0,0.059273,0.028165,0.028165,1.0,8
block_nec_r2__temp_opt_r4,same_matched,block_nec_r2,temp_opt_r4,block_or_occupancy,block_or_occupancy,block_nec,temp_opt,0,1.0,0.076632,0.051337,0.051337,1.0,8
cross_clear_r3__cross_stall_r11,same_matched,cross_clear_r3,cross_stall_r11,cross,cross,cross_clear,cross_stall,0,2.0,0.084678,0.073042,0.073042,1.0,8
cross_stall_occ_r1__cross_stall_occ_r4,same_matched,cross_stall_occ_r1,cross_stall_occ_r4,cross,cross,cross_stall_occ,cross_stall_occ,0,1.0,0.076041,0.034327,0.034327,1.0,8
block_cont_r2__block_cont_r4,same_matched,block_cont_r2,block_cont_r4,block_or_occupancy,block_or_occupancy,block_cont,block_cont,0,1.0,0.070826,0.038013,0.038013,1.0,8
cross_stall_occ_r12__cross_stall_occ_r2,same_matched,cross_stall_occ_r12,cross_stall_occ_r2,cross,cross,cross_stall_occ,cross_stall_occ,0,2.0,0.07267,0.044628,0.044628,1.0,8
cross_clear_r4__cross_clear_r8,same_matched,cross_clear_r4,cross_clear_r8,cross,cross,cross_clear,cross_clear,0,1.0,0.051943,0.045364,0.045364,1.0,8
cross_stall_occ_r2__cross_stall_occ_r3,same_matched,cross_stall_occ_r2,cross_stall_occ_r3,cross,cross,cross_stall_occ,cross_stall_occ,0,1.0,0.071936,0.034219,0.034219,1.0,8
block_nec_r4__block_nec_r8,same_matched,block_nec_r4,block_nec_r8,block_or_occupancy,block_or_occupancy,block_nec,block_nec,0,2.0,0.061914,0.076429,0.076429,1.0,8
block_nec_r2__temp_opt_r5,same_matched,block_nec_r2,temp_opt_r5,block_or_occupancy,block_or_occupancy,block_nec,temp_opt,0,1.0,0.055264,0.050452,0.050452,1.0,8
cross_clear_r3__cross_stall_r12,same_matched,cross_clear_r3,cross_stall_r12,cross,cross,cross_clear,cross_stall,0,2.0,0.066498,0.04209,0.04209,1.0,8
cross_clear_r8__cross_stall_r8,same_matched,cross_clear_r8,cross_stall_r8,cross,cross,cross_clear,cross_stall,0,1.0,0.079892,0.055895,0.055895,1.0,8
cross_stall_occ_r10__cross_stall_occ_r12,same_matched,cross_stall_occ_r10,cross_stall_occ_r12,cross,cross,cross_stall_occ,cross_stall_occ,0,1.0,0.078729,0.045971,0.045971,1.0,8
lead_cont_r10__lead_nec_r10,same_matched,lead_cont_r10,lead_nec_r10,lead,lead,lead_cont,lead_nec,0,0.0,0.309945,0.260504,0.260504,1.0,8
cross_clear_r2__cross_stall_occ_r10,same_matched,cross_clear_r2,cross_stall_occ_r10,cross,cross,cross_clear,cross_stall_occ,0,1.0,0.266947,0.255038,0.255038,1.0,8
block_cont_r5__block_nec_r5,same_matched,block_cont_r5,block_nec_r5,block_or_occupancy,block_or_occupancy,block_cont,block_nec,0,0.0,0.275998,0.186124,0.186124,1.0,8
cross_stall_occ_r4__cross_stall_r9,same_matched,cross_stall_occ_r4,cross_stall_r9,cross,cross,cross_stall_occ,cross_stall,0,0.0,0.306738,0.263389,0.263389,1.0,8
cross_clear_r1__cross_stall_occ_r10,same_matched,cross_clear_r1,cross_stall_occ_r10,cross,cross,cross_clear,cross_stall_occ,0,1.0,0.306386,0.272241,0.272241,1.0,8
block_cont_r5__block_nec_r5,same_matched,block_cont_r5,block_nec_r5,block_or_occupancy,block_or_occupancy,block_cont,block_nec,0,0.0,0.275998,0.186124,0.186124,1.0,8
cross_clear_r9__cross_stall_occ_r1,same_matched,cross_clear_r9,cross_stall_occ_r1,cross,cross,cross_clear,cross_stall_occ,0,2.0,0.257916,0.173496,0.173496,1.0,8
block_cont_r4__block_nec_r3,same_matched,block_cont_r4,block_nec_r3,block_or_occupancy,block_or_occupancy,block_cont,block_nec,0,0.0,0.282836,0.213412,0.213412,1.0,8
cross_clear_r2__cross_stall_occ_r8,same_matched,cross_clear_r2,cross_stall_occ_r8,cross,cross,cross_clear,cross_stall_occ,0,0.0,0.288201,0.259577,0.259577,1.0,8
cross_clear_r1__cross_stall_occ_r10,same_matched,cross_clear_r1,cross_stall_occ_r10,cross,cross,cross_clear,cross_stall_occ,0,1.0,0.306386,0.272241,0.272241,1.0,8
cross_clear_r2__cross_stall_occ_r10,same_matched,cross_clear_r2,cross_stall_occ_r10,cross,cross,cross_clear,cross_stall_occ,0,1.0,0.266947,0.255038,0.255038,1.0,8
block_cont_r8__block_nec_r11,same_matched,block_cont_r8,block_nec_r11,block_or_occupancy,block_or_occupancy,block_cont,block_nec,0,1.0,0.287913,0.188538,0.188538,1.0,8
cross_clear_r12__cross_stall_r7,same_matched,cross_clear_r12,cross_stall_r7,cross,cross,cross_clear,cross_stall,0,2.0,0.149704,0.104149,0.104149,1.0,8
cross_clear_r10__cross_stall_occ_r12,same_matched,cross_clear_r10,cross_stall_occ_r12,cross,cross,cross_clear,cross_stall_occ,0,0.0,0.143755,0.125402,0.125402,1.0,8
cross_clear_r11__cross_stall_r9,same_matched,cross_clear_r11,cross_stall_r9,cross,cross,cross_clear,cross_stall,0,1.0,0.146819,0.116047,0.116047,1.0,8
cross_clear_r10__cross_stall_occ_r12,same_matched,cross_clear_r10,cross_stall_occ_r12,cross,cross,cross_clear,cross_stall_occ,0,0.0,0.143755,0.125402,0.125402,1.0,8
cross_clear_r12__cross_clear_r5,same_matched,cross_clear_r12,cross_clear_r5,cross,cross,cross_clear,cross_clear,0,1.0,0.146171,0.090052,0.090052,1.0,8
cross_clear_r11__cross_stall_r9,same_matched,cross_clear_r11,cross_stall_r9,cross,cross,cross_clear,cross_stall,0,1.0,0.146819,0.116047,0.116047,1.0,8
cross_clear_r11__cross_stall_r3,same_matched,cross_clear_r11,cross_stall_r3,cross,cross,cross_clear,cross_stall,0,1.0,0.145447,0.112692,0.112692,1.0,8
block_nec_r8__temp_opt_r4,same_matched,block_nec_r8,temp_opt_r4,block_or_occupancy,block_or_occupancy,block_nec,temp_opt,0,2.0,0.145521,0.146701,0.146701,1.0,8
cross_clear_r10__cross_stall_occ_r12,same_matched,cross_clear_r10,cross_stall_occ_r12,cross,cross,cross_clear,cross_stall_occ,0,0.0,0.143755,0.125402,0.125402,1.0,8
cross_clear_r10__cross_stall_occ_r12,same_matched,cross_clear_r10,cross_stall_occ_r12,cross,cross,cross_clear,cross_stall_occ,0,0.0,0.143755,0.125402,0.125402,1.0,8
cross_clear_r12__cross_stall_r12,same_matched,cross_clear_r12,cross_stall_r12,cross,cross,cross_clear,cross_stall,0,0.0,0.143978,0.094744,0.094744,1.0,8
cross_clear_r10__cross_stall_occ_r12,same_matched,cross_clear_r10,cross_stall_occ_r12,cross,cross,cross_clear,cross_stall_occ,0,0.0,0.143755,0.125402,0.125402,1.0,8
cross_clear_r10__cross_stall_occ_r11,same_matched,cross_clear_r10,cross_stall_occ_r11,cross,cross,cross_clear,cross_stall_occ,0,0.0,0.149925,0.115248,0.115248,1.0,8
cross_clear_r11__cross_stall_r9,same_matched,cross_clear_r11,cross_stall_r9,cross,cross,cross_clear,cross_stall,0,1.0,0.146819,0.116047,0.116047,1.0,8
cross_clear_r11__cross_stall_r3,same_matched,cross_clear_r11,cross_stall_r3,cross,cross,cross_clear,cross_stall,0,1.0,0.145447,0.112692,0.112692,1.0,8
block_nec_r5__temp_opt_r3,same_matched,block_nec_r5,temp_opt_r3,block_or_occupancy,block_or_occupancy,block_nec,temp_opt,0,2.0,0.146557,0.151968,0.151968,1.0,8
cross_clear_r12__cross_stall_r10,same_matched,cross_clear_r12,cross_stall_r10,cross,cross,cross_clear,cross_stall,0,1.0,0.148383,0.102673,0.102673,1.0,8
cross_clear_r12__cross_stall_r7,same_matched,cross_clear_r12,cross_stall_r7,cross,cross,cross_clear,cross_stall,0,2.0,0.149704,0.104149,0.104149,1.0,8
cross_clear_r11__cross_stall_r9,same_matched,cross_clear_r11,cross_stall_r9,cross,cross,cross_clear,cross_stall,0,1.0,0.146819,0.116047,0.116047,1.0,8
cross_clear_r12__cross_stall_r10,same_matched,cross_clear_r12,cross_stall_r10,cross,cross,cross_clear,cross_stall,0,1.0,0.148383,0.102673,0.102673,1.0,8
cross_clear_r11__cross_stall_r9,same_matched,cross_clear_r11,cross_stall_r9,cross,cross,cross_clear,cross_stall,0,1.0,0.146819,0.116047,0.116047,1.0,8
cross_clear_r11__cross_stall_r9,same_matched,cross_clear_r11,cross_stall_r9,cross,cross,cross_clear,cross_stall,0,1.0,0.146819,0.116047,0.116047,1.0,8
cross_clear_r11__cross_stall_r9,same_matched,cross_clear_r11,cross_stall_r9,cross,cross,cross_clear,cross_stall,0,1.0,0.146819,0.116047,0.116047,1.0,8
cross_clear_r10__cross_stall_occ_r11,same_matched,cross_clear_r10,cross_stall_occ_r11,cross,cross,cross_clear,cross_stall_occ,0,0.0,0.149925,0.115248,0.115248,1.0,8
cross_clear_r11__cross_stall_r12,same_matched,cross_clear_r11,cross_stall_r12,cross,cross,cross_clear,cross_stall,0,0.0,0.142029,0.112638,0.112638,1.0,8
block_nec_r3__temp_opt_r10,same_matched,block_nec_r3,temp_opt_r10,block_or_occupancy,block_or_occupancy,block_nec,temp_opt,0,1.0,0.135406,0.128375,0.128375,1.0,8
cross_clear_r10__cross_stall_occ_r12,same_matched,cross_clear_r10,cross_stall_occ_r12,cross,cross,cross_clear,cross_stall_occ,0,0.0,0.143755,0.125402,0.125402,1.0,8
cross_clear_r11__cross_stall_r11,same_matched,cross_clear_r11,cross_stall_r11,cross,cross,cross_clear,cross_stall,0,0.0,0.157743,0.132169,0.132169,1.0,8
cross_clear_r12__cross_stall_r6,same_matched,cross_clear_r12,cross_stall_r6,cross,cross,cross_clear,cross_stall,0,0.0,0.145884,0.099731,0.099731,1.0,8
cross_clear_r5__cross_stall_r2,same_matched,cross_clear_r5,cross_stall_r2,cross,cross,cross_clear,cross_stall,0,1.0,0.151041,0.12038,0.12038,1.0,8
cross_clear_r5__cross_stall_r6,same_matched,cross_clear_r5,cross_stall_r6,cross,cross,cross_clear,cross_stall,0,1.0,0.151097,0.120931,0.120931,1.0,8
cross_clear_r5__cross_stall_r9,same_matched,cross_clear_r5,cross_stall_r9,cross,cross,cross_clear,cross_stall,0,0.0,0.155659,0.127852,0.127852,1.0,8
cross_clear_r6__cross_stall_r3,same_matched,cross_clear_r6,cross_stall_r3,cross,cross,cross_clear,cross_stall,0,0.0,0.156771,0.105859,0.105859,1.0,8
cross_clear_r10__cross_stall_occ_r1,same_matched,cross_clear_r10,cross_stall_occ_r1,cross,cross,cross_clear,cross_stall_occ,0,2.0,0.164666,0.140705,0.140705,1.0,8
cross_clear_r1__cross_clear_r6,same_matched,cross_clear_r1,cross_clear_r6,cross,cross,cross_clear,cross_clear,0,1.0,0.152295,0.11197,0.11197,1.0,8
cross_clear_r12__cross_stall_r9,same_matched,cross_clear_r12,cross_stall_r9,cross,cross,cross_clear,cross_stall,0,1.0,0.148924,0.095249,0.095249,1.0,8
cross_clear_r6__cross_stall_occ_r2,same_matched,cross_clear_r6,cross_stall_occ_r2,cross,cross,cross_clear,cross_stall_occ,0,1.0,0.237572,0.191563,0.191563,1.0,8
cross_clear_r12__cross_stall_occ_r1,same_matched,cross_clear_r12,cross_stall_occ_r1,cross,cross,cross_clear,cross_stall_occ,0,2.0,0.212464,0.189908,0.189908,1.0,8
cross_clear_r10__cross_clear_r2,same_matched,cross_clear_r10,cross_clear_r2,cross,cross,cross_clear,cross_clear,0,2.0,0.208267,0.203574,0.203574,1.0,8
cross_clear_r9__cross_stall_occ_r1,same_matched,cross_clear_r9,cross_stall_occ_r1,cross,cross,cross_clear,cross_stall_occ,0,2.0,0.257916,0.173496,0.173496,1.0,8
cross_clear_r8__cross_stall_occ_r6,same_matched,cross_clear_r8,cross_stall_occ_r6,cross,cross,cross_clear,cross_stall_occ,0,1.0,0.260551,0.230811,0.230811,1.0,8
cross_clear_r10__cross_clear_r2,same_matched,cross_clear_r10,cross_clear_r2,cross,cross,cross_clear,cross_clear,0,2.0,0.208267,0.203574,0.203574,1.0,8
cross_clear_r6__cross_stall_occ_r11,same_matched,cross_clear_r6,cross_stall_occ_r11,cross,cross,cross_clear,cross_stall_occ,0,1.0,0.209989,0.181623,0.181623,1.0,8
cross_clear_r12__cross_stall_occ_r8,same_matched,cross_clear_r12,cross_stall_occ_r8,cross,cross,cross_clear,cross_stall_occ,0,2.0,0.221077,0.19323,0.19323,1.0,8
cross_clear_r9__cross_stall_occ_r7,same_matched,cross_clear_r9,cross_stall_occ_r7,cross,cross,cross_clear,cross_stall_occ,0,2.0,0.253946,0.171248,0.171248,1.0,8
cross_clear_r9__cross_stall_occ_r1,same_matched,cross_clear_r9,cross_stall_occ_r1,cross,cross,cross_clear,cross_stall_occ,0,2.0,0.257916,0.173496,0.173496,1.0,8
cross_clear_r1__cross_clear_r9,same_matched,cross_clear_r1,cross_clear_r9,cross,cross,cross_clear,cross_clear,0,2.0,0.211056,0.198998,0.198998,1.0,8
cross_clear_r12__cross_clear_r9,same_matched,cross_clear_r12,cross_clear_r9,cross,cross,cross_clear,cross_clear,0,0.0,0.231288,0.190544,0.190544,1.0,8
cross_clear_r12__cross_stall_occ_r3,same_matched,cross_clear_r12,cross_stall_occ_r3,cross,cross,cross_clear,cross_stall_occ,0,1.0,0.182532,0.180601,0.180601,1.0,8
block_nec_r11__temp_opt_r2,same_matched,block_nec_r11,temp_opt_r2,block_or_occupancy,block_or_occupancy,block_nec,temp_opt,0,2.0,0.190163,0.195696,0.195696,1.0,8
cross_clear_r12__cross_stall_occ_r5,same_matched,cross_clear_r12,cross_stall_occ_r5,cross,cross,cross_clear,cross_stall_occ,0,0.0,0.186433,0.178962,0.178962,1.0,8
block_nec_r11__temp_opt_r10,same_matched,block_nec_r11,temp_opt_r10,block_or_occupancy,block_or_occupancy,block_nec,temp_opt,0,2.0,0.202886,0.199923,0.199923,1.0,8
cross_clear_r10__cross_clear_r2,same_matched,cross_clear_r10,cross_clear_r2,cross,cross,cross_clear,cross_clear,0,2.0,0.208267,0.203574,0.203574,1.0,8
cross_clear_r12__cross_stall_occ_r5,same_matched,cross_clear_r12,cross_stall_occ_r5,cross,cross,cross_clear,cross_stall_occ,0,0.0,0.186433,0.178962,0.178962,1.0,8
cross_clear_r10__cross_clear_r8,same_matched,cross_clear_r10,cross_clear_r8,cross,cross,cross_clear,cross_clear,0,1.0,0.201238,0.178319,0.178319,1.0,8
cross_clear_r12__cross_stall_occ_r5,same_matched,cross_clear_r12,cross_stall_occ_r5,cross,cross,cross_clear,cross_stall_occ,0,0.0,0.186433,0.178962,0.178962,1.0,8
cross_clear_r10__cross_clear_r2,same_matched,cross_clear_r10,cross_clear_r2,cross,cross,cross_clear,cross_clear,0,2.0,0.208267,0.203574,0.203574,1.0,8
block_nec_r11__temp_opt_r10,same_matched,block_nec_r11,temp_opt_r10,block_or_occupancy,block_or_occupancy,block_nec,temp_opt,0,2.0,0.202886,0.199923,0.199923,1.0,8
block_nec_r11__temp_opt_r2,same_matched,block_nec_r11,temp_opt_r2,block_or_occupancy,block_or_occupancy,block_nec,temp_opt,0,2.0,0.190163,0.195696,0.195696,1.0,8
block_nec_r11__temp_opt_r1,same_matched,block_nec_r11,temp_opt_r1,block_or_occupancy,block_or_occupancy,block_nec,temp_opt,0,2.0,0.194918,0.197347,0.197347,1.0,8
block_nec_r11__temp_opt_r1,same_matched,block_nec_r11,temp_opt_r1,block_or_occupancy,block_or_occupancy,block_nec,temp_opt,0,2.0,0.194918,0.197347,0.197347,1.0,8
block_nec_r11__temp_opt_r4,same_matched,block_nec_r11,temp_opt_r4,block_or_occupancy,block_or_occupancy,block_nec,temp_opt,0,1.0,0.18213,0.183738,0.183738,1.0,8
cross_clear_r12__cross_stall_occ_r8,same_matched,cross_clear_r12,cross_stall_occ_r8,cross,cross,cross_clear,cross_stall_occ,0,2.0,0.221077,0.19323,0.19323,1.0,8
cross_clear_r10__cross_clear_r5,same_matched,cross_clear_r10,cross_clear_r5,cross,cross,cross_clear,cross_clear,0,1.0,0.209466,0.132432,0.132432,1.0,8
cross_clear_r1__cross_clear_r9,same_matched,cross_clear_r1,cross_clear_r9,cross,cross,cross_clear,cross_clear,0,2.0,0.211056,0.198998,0.198998,1.0,8
cross_clear_r6__cross_stall_occ_r3,same_matched,cross_clear_r6,cross_stall_occ_r3,cross,cross,cross_clear,cross_stall_occ,0,0.0,0.182784,0.17641,0.17641,1.0,8
cross_clear_r10__cross_clear_r5,same_matched,cross_clear_r10,cross_clear_r5,cross,cross,cross_clear,cross_clear,0,1.0,0.209466,0.132432,0.132432,1.0,8
block_nec_r5__temp_opt_r10,same_matched,block_nec_r5,temp_opt_r10,block_or_occupancy,block_or_occupancy,block_nec,temp_opt,0,2.0,0.179408,0.165519,0.165519,1.0,8
cross_clear_r6__cross_stall_occ_r10,same_matched,cross_clear_r6,cross_stall_occ_r10,cross,cross,cross_clear,cross_stall_occ,0,0.0,0.191505,0.180348,0.180348,1.0,8
block_nec_r11__temp_opt_r4,same_matched,block_nec_r11,temp_opt_r4,block_or_occupancy,block_or_occupancy,block_nec,temp_opt,0,1.0,0.18213,0.183738,0.183738,1.0,8
block_nec_r5__temp_opt_r11,same_matched,block_nec_r5,temp_opt_r11,block_or_occupancy,block_or_occupancy,block_nec,temp_opt,0,1.0,0.170458,0.162253,0.162253,1.0,8
cross_clear_r12__cross_clear_r3,same_matched,cross_clear_r12,cross_clear_r3,cross,cross,cross_clear,cross_clear,0,2.0,0.179803,0.114996,0.114996,1.0,8
cross_clear_r9__cross_stall_r6,same_matched,cross_clear_r9,cross_stall_r6,cross,cross,cross_clear,cross_stall,0,0.0,0.23112,0.202103,0.202103,1.0,8
cross_clear_r9__cross_stall_r3,same_matched,cross_clear_r9,cross_stall_r3,cross,cross,cross_clear,cross_stall,0,1.0,0.23784,0.208314,0.208314,1.0,8
cross_clear_r9__cross_stall_r10,same_matched,cross_clear_r9,cross_stall_r10,cross,cross,cross_clear,cross_stall,0,1.0,0.228355,0.199908,0.199908,1.0,8
cross_clear_r6__cross_stall_occ_r12,same_matched,cross_clear_r6,cross_stall_occ_r12,cross,cross,cross_clear,cross_stall_occ,0,1.0,0.175721,0.171444,0.171444,1.0,8
cross_clear_r12__cross_stall_occ_r11,same_matched,cross_clear_r12,cross_stall_occ_r11,cross,cross,cross_clear,cross_stall_occ,0,0.0,0.225024,0.193939,0.193939,1.0,8
block_nec_r11__temp_opt_r10,same_matched,block_nec_r11,temp_opt_r10,block_or_occupancy,block_or_occupancy,block_nec,temp_opt,0,2.0,0.202886,0.199923,0.199923,1.0,8
cross_clear_r8__cross_clear_r9,same_matched,cross_clear_r8,cross_clear_r9,cross,cross,cross_clear,cross_clear,0,1.0,0.216733,0.198227,0.198227,1.0,8
cross_clear_r3__cross_clear_r6,same_matched,cross_clear_r3,cross_clear_r6,cross,cross,cross_clear,cross_clear,0,1.0,0.195558,0.127231,0.127231,1.0,8
block_nec_r11__temp_opt_r1,same_matched,block_nec_r11,temp_opt_r1,block_or_occupancy,block_or_occupancy,block_nec,temp_opt,0,2.0,0.194918,0.197347,0.197347,1.0,8
cross_clear_r9__cross_stall_occ_r4,same_matched,cross_clear_r9,cross_stall_occ_r4,cross,cross,cross_clear,cross_stall_occ,0,1.0,0.197393,0.144639,0.144639,1.0,8
cross_clear_r6__cross_stall_r6,same_matched,cross_clear_r6,cross_stall_r6,cross,cross,cross_clear,cross_stall,0,1.0,0.161378,0.110707,0.110707,1.0,8
cross_clear_r6__cross_stall_r6,same_matched,cross_clear_r6,cross_stall_r6,cross,cross,cross_clear,cross_stall,0,1.0,0.161378,0.110707,0.110707,1.0,8
lead_cont_r11__lead_opt_r4,same_matched,lead_cont_r11,lead_opt_r4,lead,lead,lead_cont,lead_opt,0,0.0,0.338543,0.284393,0.284393,1.0,8
block_cont_r4__block_nec_r12,same_matched,block_cont_r4,block_nec_r12,block_or_occupancy,block_or_occupancy,block_cont,block_nec,0,1.0,0.303787,0.263392,0.263392,1.0,8
block_cont_r10__block_nec_r4,same_matched,block_cont_r10,block_nec_r4,block_or_occupancy,block_or_occupancy,block_cont,block_nec,0,0.0,0.313482,0.242455,0.242455,1.0,8
cross_stall_occ_r1__cross_stall_r4,same_matched,cross_stall_occ_r1,cross_stall_r4,cross,cross,cross_stall_occ,cross_stall,0,1.0,0.343624,0.275125,0.275125,1.0,8
cross_stall_occ_r9__cross_stall_r9,same_matched,cross_stall_occ_r9,cross_stall_r9,cross,cross,cross_stall_occ,cross_stall,0,0.0,0.333472,0.263345,0.263345,1.0,8
lead_cont_r8__lead_nec_r5,same_matched,lead_cont_r8,lead_nec_r5,lead,lead,lead_cont,lead_nec,0,1.0,0.313354,0.262,0.262,1.0,8
cross_stall_occ_r4__cross_stall_r10,same_matched,cross_stall_occ_r4,cross_stall_r10,cross,cross,cross_stall_occ,cross_stall,0,0.0,0.295149,0.260255,0.260255,1.0,8
cross_clear_r4__cross_stall_occ_r5,same_matched,cross_clear_r4,cross_stall_occ_r5,cross,cross,cross_clear,cross_stall_occ,0,2.0,0.319881,0.276799,0.276799,1.0,8
cross_clear_r1__cross_stall_occ_r2,same_matched,cross_clear_r1,cross_stall_occ_r2,cross,cross,cross_clear,cross_stall_occ,0,0.0,0.325088,0.275994,0.275994,1.0,8
lead_cont_r5__lead_nec_r2,same_matched,lead_cont_r5,lead_nec_r2,lead,lead,lead_cont,lead_nec,0,2.0,0.343291,0.276832,0.276832,1.0,8
cross_stall_occ_r12__cross_stall_r5,same_matched,cross_stall_occ_r12,cross_stall_r5,cross,cross,cross_stall_occ,cross_stall,0,0.0,0.304151,0.240108,0.240108,1.0,8
cross_clear_r1__cross_stall_occ_r8,same_matched,cross_clear_r1,cross_stall_occ_r8,cross,cross,cross_clear,cross_stall_occ,0,0.0,0.32452,0.276221,0.276221,1.0,8
block_nec_r12__temp_opt_r10,same_matched,block_nec_r12,temp_opt_r10,block_or_occupancy,block_or_occupancy,block_nec,temp_opt,0,0.0,0.084231,0.052245,0.052245,1.0,8
block_nec_r12__temp_opt_r7,same_matched,block_nec_r12,temp_opt_r7,block_or_occupancy,block_or_occupancy,block_nec,temp_opt,0,2.0,0.077113,0.072098,0.072098,1.0,8
cross_stall_occ_r10__cross_stall_occ_r5,same_matched,cross_stall_occ_r10,cross_stall_occ_r5,cross,cross,cross_stall_occ,cross_stall_occ,0,1.0,0.081019,0.046686,0.046686,1.0,8
block_nec_r2__temp_opt_r4,same_matched,block_nec_r2,temp_opt_r4,block_or_occupancy,block_or_occupancy,block_nec,temp_opt,0,1.0,0.076632,0.051337,0.051337,1.0,8
cross_clear_r1__cross_stall_r7,same_matched,cross_clear_r1,cross_stall_r7,cross,cross,cross_clear,cross_stall,0,0.0,0.079014,0.03613,0.03613,1.0,8
block_nec_r1__temp_opt_r6,same_matched,block_nec_r1,temp_opt_r6,block_or_occupancy,block_or_occupancy,block_nec,temp_opt,0,1.0,0.080622,0.087392,0.087392,1.0,8
lead_cont_r1__lead_cont_r4,same_matched,lead_cont_r1,lead_cont_r4,lead,lead,lead_cont,lead_cont,0,1.0,0.078333,0.038359,0.038359,1.0,8
cross_clear_r4__cross_stall_r7,same_matched,cross_clear_r4,cross_stall_r7,cross,cross,cross_clear,cross_stall,0,0.0,0.079426,0.044817,0.044817,1.0,8
cross_clear_r4__cross_stall_r4,same_matched,cross_clear_r4,cross_stall_r4,cross,cross,cross_clear,cross_stall,0,1.0,0.07607,0.043925,0.043925,1.0,8
block_cont_r4__block_cont_r5,same_matched,block_cont_r4,block_cont_r5,block_or_occupancy,block_or_occupancy,block_cont,block_cont,0,1.0,0.076512,0.047944,0.047944,1.0,8
cross_clear_r1__cross_stall_r10,same_matched,cross_clear_r1,cross_stall_r10,cross,cross,cross_clear,cross_stall,0,1.0,0.077598,0.035864,0.035864,1.0,8
cross_clear_r4__cross_stall_r4,same_matched,cross_clear_r4,cross_stall_r4,cross,cross,cross_clear,cross_stall,0,1.0,0.07607,0.043925,0.043925,1.0,8
block_nec_r6__temp_opt_r3,same_matched,block_nec_r6,temp_opt_r3,block_or_occupancy,block_or_occupancy,block_nec,temp_opt,0,2.0,0.083078,0.09578,0.09578,1.0,8
block_nec_r1__temp_opt_r6,same_matched,block_nec_r1,temp_opt_r6,block_or_occupancy,block_or_occupancy,block_nec,temp_opt,0,1.0,0.080622,0.087392,0.087392,1.0,8
cross_clear_r8__cross_stall_r2,same_matched,cross_clear_r8,cross_stall_r2,cross,cross,cross_clear,cross_stall,0,1.0,0.078018,0.055079,0.055079,1.0,8
block_nec_r1__block_nec_r11,same_matched,block_nec_r1,block_nec_r11,block_or_occupancy,block_or_occupancy,block_nec,block_nec,0,2.0,0.079615,0.095532,0.095532,1.0,8
block_nec_r1__temp_opt_r6,same_matched,block_nec_r1,temp_opt_r6,block_or_occupancy,block_or_occupancy,block_nec,temp_opt,0,1.0,0.080622,0.087392,0.087392,1.0,8
cross_clear_r4__cross_stall_r6,same_matched,cross_clear_r4,cross_stall_r6,cross,cross,cross_clear,cross_stall,0,2.0,0.082536,0.04744,0.04744,1.0,8
block_cont_r10__block_cont_r5,same_matched,block_cont_r10,block_cont_r5,block_or_occupancy,block_or_occupancy,block_cont,block_cont,0,1.0,0.080268,0.049016,0.049016,1.0,8
block_nec_r1__temp_opt_r5,same_matched,block_nec_r1,temp_opt_r5,block_or_occupancy,block_or_occupancy,block_nec,temp_opt,0,1.0,0.081196,0.08733,0.08733,1.0,8
block_nec_r1__temp_opt_r6,same_matched,block_nec_r1,temp_opt_r6,block_or_occupancy,block_or_occupancy,block_nec,temp_opt,0,1.0,0.080622,0.087392,0.087392,1.0,8
block_nec_r11__block_nec_r9,same_matched,block_nec_r11,block_nec_r9,block_or_occupancy,block_or_occupancy,block_nec,block_nec,0,1.0,0.081488,0.061744,0.061744,1.0,8
block_nec_r2__temp_opt_r2,same_matched,block_nec_r2,temp_opt_r2,block_or_occupancy,block_or_occupancy,block_nec,temp_opt,0,0.0,0.084616,0.063286,0.063286,1.0,8
block_nec_r6__temp_opt_r3,same_matched,block_nec_r6,temp_opt_r3,block_or_occupancy,block_or_occupancy,block_nec,temp_opt,0,2.0,0.083078,0.09578,0.09578,1.0,8
block_nec_r12__temp_opt_r11,same_matched,block_nec_r12,temp_opt_r11,block_or_occupancy,block_or_occupancy,block_nec,temp_opt,0,1.0,0.075281,0.048979,0.048979,1.0,8
block_nec_r3__temp_opt_r12,same_matched,block_nec_r3,temp_opt_r12,block_or_occupancy,block_or_occupancy,block_nec,temp_opt,0,1.0,0.068672,0.059213,0.059213,1.0,8
block_nec_r2__temp_opt_r4,same_matched,block_nec_r2,temp_opt_r4,block_or_occupancy,block_or_occupancy,block_nec,temp_opt,0,1.0,0.076632,0.051337,0.051337,1.0,8
cross_clear_r2__cross_stall_r11,same_matched,cross_clear_r2,cross_stall_r11,cross,cross,cross_clear,cross_stall,0,2.0,0.0975,0.067908,0.067908,1.0,8
cross_clear_r1__cross_stall_r7,same_matched,cross_clear_r1,cross_stall_r7,cross,cross,cross_clear,cross_stall,0,0.0,0.079014,0.03613,0.03613,1.0,8
block_cont_r12__block_cont_r4,same_matched,block_cont_r12,block_cont_r4,block_or_occupancy,block_or_occupancy,block_cont,block_cont,0,1.0,0.083961,0.045981,0.045981,1.0,8
block_nec_r7__temp_opt_r2,same_matched,block_nec_r7,temp_opt_r2,block_or_occupancy,block_or_occupancy,block_nec,temp_opt,0,2.0,0.08433,0.07147,0.07147,1.0,8
block_nec_r8__temp_opt_r9,same_matched,block_nec_r8,temp_opt_r9,block_or_occupancy,block_or_occupancy,block_nec,temp_opt,0,1.0,0.0886,0.120726,0.120726,1.0,8
block_nec_r1__temp_opt_r7,same_matched,block_nec_r1,temp_opt_r7,block_or_occupancy,block_or_occupancy,block_nec,temp_opt,0,2.0,0.090299,0.06011,0.06011,1.0,8
block_nec_r4__temp_opt_r2,same_matched,block_nec_r4,temp_opt_r2,block_or_occupancy,block_or_occupancy,block_nec,temp_opt,0,1.0,0.09164,0.08223,0.08223,1.0,8
block_nec_r7__temp_opt_r10,same_matched,block_nec_r7,temp_opt_r10,block_or_occupancy,block_or_occupancy,block_nec,temp_opt,0,2.0,0.097053,0.075697,0.075697,1.0,8
cross_clear_r3__cross_clear_r8,same_matched,cross_clear_r3,cross_clear_r8,cross,cross,cross_clear,cross_clear,0,1.0,0.092505,0.056387,0.056387,1.0,8
block_cont_r11__block_nec_r5,same_matched,block_cont_r11,block_nec_r5,block_or_occupancy,block_or_occupancy,block_cont,block_nec,0,0.0,0.271665,0.198485,0.198485,1.0,8
cross_clear_r10__cross_stall_r12,same_matched,cross_clear_r10,cross_stall_r12,cross,cross,cross_clear,cross_stall,0,0.0,0.25092,0.202619,0.202619,1.0,8
cross_clear_r10__cross_clear_r4,same_matched,cross_clear_r10,cross_clear_r4,cross,cross,cross_clear,cross_clear,0,2.0,0.251182,0.218112,0.218112,1.0,8
block_cont_r4__block_nec_r12,same_matched,block_cont_r4,block_nec_r12,block_or_occupancy,block_or_occupancy,block_cont,block_nec,0,1.0,0.303787,0.263392,0.263392,1.0,8
cross_clear_r10__cross_clear_r3,same_matched,cross_clear_r10,cross_clear_r3,cross,cross,cross_clear,cross_clear,0,2.0,0.293744,0.232003,0.232003,1.0,8
cross_clear_r9__cross_stall_occ_r7,same_matched,cross_clear_r9,cross_stall_occ_r7,cross,cross,cross_clear,cross_stall_occ,0,2.0,0.253946,0.171248,0.171248,1.0,8
cross_clear_r10__cross_clear_r4,same_matched,cross_clear_r10,cross_clear_r4,cross,cross,cross_clear,cross_clear,0,2.0,0.251182,0.218112,0.218112,1.0,8
cross_clear_r8__cross_stall_occ_r6,same_matched,cross_clear_r8,cross_stall_occ_r6,cross,cross,cross_clear,cross_stall_occ,0,1.0,0.260551,0.230811,0.230811,1.0,8
block_cont_r8__block_nec_r5,same_matched,block_cont_r8,block_nec_r5,block_or_occupancy,block_or_occupancy,block_cont,block_nec,0,1.0,0.290263,0.196927,0.196927,1.0,8
block_cont_r10__block_nec_r11,same_matched,block_cont_r10,block_nec_r11,block_or_occupancy,block_or_occupancy,block_cont,block_nec,0,1.0,0.303869,0.206483,0.206483,1.0,8
cross_clear_r8__cross_stall_occ_r10,same_matched,cross_clear_r8,cross_stall_occ_r10,cross,cross,cross_clear,cross_stall_occ,0,0.0,0.24942,0.228665,0.228665,1.0,8
cross_clear_r8__cross_stall_occ_r9,same_matched,cross_clear_r8,cross_stall_occ_r9,cross,cross,cross_clear,cross_stall_occ,0,0.0,0.276817,0.236676,0.236676,1.0,8
cross_stall_occ_r10__cross_stall_occ_r5,same_matched,cross_stall_occ_r10,cross_stall_occ_r5,cross,cross,cross_stall_occ,cross_stall_occ,0,1.0,0.081019,0.046686,0.046686,1.0,8
block_nec_r11__block_nec_r6,same_matched,block_nec_r11,block_nec_r6,block_or_occupancy,block_or_occupancy,block_nec,block_nec,0,0.0,0.086957,0.090591,0.090591,1.0,8
block_nec_r10__temp_opt_r2,same_matched,block_nec_r10,temp_opt_r2,block_or_occupancy,block_or_occupancy,block_nec,temp_opt,0,1.0,0.083608,0.065066,0.065066,1.0,8
cross_clear_r1__cross_stall_r11,same_matched,cross_clear_r1,cross_stall_r11,cross,cross,cross_clear,cross_stall,0,2.0,0.100522,0.063645,0.063645,1.0,8
block_nec_r3__temp_opt_r3,same_matched,block_nec_r3,temp_opt_r3,block_or_occupancy,block_or_occupancy,block_nec,temp_opt,0,1.0,0.102554,0.114824,0.114824,1.0,8
cross_clear_r4__cross_stall_r3,same_matched,cross_clear_r4,cross_stall_r3,cross,cross,cross_clear,cross_stall,0,1.0,0.085051,0.047291,0.047291,1.0,8
block_nec_r11__block_nec_r4,same_matched,block_nec_r11,block_nec_r4,block_or_occupancy,block_or_occupancy,block_nec,block_nec,0,1.0,0.098523,0.113466,0.113466,1.0,8
block_nec_r4__temp_opt_r4,same_matched,block_nec_r4,temp_opt_r4,block_or_occupancy,block_or_occupancy,block_nec,temp_opt,0,0.0,0.083607,0.070272,0.070272,1.0,8
cross_clear_r12__cross_clear_r2,same_matched,cross_clear_r12,cross_clear_r2,cross,cross,cross_clear,cross_clear,0,2.0,0.10403,0.086268,0.086268,1.0,8
block_nec_r5__temp_opt_r8,same_matched,block_nec_r5,temp_opt_r8,block_or_occupancy,block_or_occupancy,block_nec,temp_opt,0,0.0,0.100585,0.107358,0.107358,1.0,8
block_cont_r12__block_cont_r9,same_matched,block_cont_r12,block_cont_r9,block_or_occupancy,block_or_occupancy,block_cont,block_cont,0,3.0,0.086316,0.043211,0.043211,1.0,8
cross_clear_r4__cross_stall_r5,same_matched,cross_clear_r4,cross_stall_r5,cross,cross,cross_clear,cross_stall,0,2.0,0.091446,0.065912,0.065912,1.0,8
block_nec_r4__temp_opt_r2,same_matched,block_nec_r4,temp_opt_r2,block_or_occupancy,block_or_occupancy,block_nec,temp_opt,0,1.0,0.09164,0.08223,0.08223,1.0,8
cross_clear_r1__cross_clear_r4,same_matched,cross_clear_r1,cross_clear_r4,cross,cross,cross_clear,cross_clear,0,0.0,0.082,0.02952,0.02952,1.0,8
cross_clear_r7__cross_stall_r11,same_matched,cross_clear_r7,cross_stall_r11,cross,cross,cross_clear,cross_stall,0,1.0,0.118495,0.08068,0.08068,1.0,8
block_nec_r11__block_nec_r7,same_matched,block_nec_r11,block_nec_r7,block_or_occupancy,block_or_occupancy,block_nec,block_nec,0,0.0,0.105833,0.124226,0.124226,1.0,8
block_nec_r6__temp_opt_r1,same_matched,block_nec_r6,temp_opt_r1,block_or_occupancy,block_or_occupancy,block_nec,temp_opt,0,2.0,0.107962,0.106756,0.106756,1.0,8
cross_clear_r4__cross_stall_r6,same_matched,cross_clear_r4,cross_stall_r6,cross,cross,cross_clear,cross_stall,0,2.0,0.082536,0.04744,0.04744,1.0,8
block_nec_r11__block_nec_r7,same_matched,block_nec_r11,block_nec_r7,block_or_occupancy,block_or_occupancy,block_nec,block_nec,0,0.0,0.105833,0.124226,0.124226,1.0,8
cross_clear_r1__cross_stall_r3,same_matched,cross_clear_r1,cross_stall_r3,cross,cross,cross_clear,cross_stall,0,1.0,0.082911,0.038442,0.038442,1.0,8
block_nec_r2__temp_opt_r1,same_matched,block_nec_r2,temp_opt_r1,block_or_occupancy,block_or_occupancy,block_nec,temp_opt,0,0.0,0.089371,0.064937,0.064937,1.0,8
cross_clear_r7__cross_stall_r8,same_matched,cross_clear_r7,cross_stall_r8,cross,cross,cross_clear,cross_stall,0,1.0,0.088155,0.042625,0.042625,1.0,8
cross_clear_r4__cross_clear_r7,same_matched,cross_clear_r4,cross_clear_r7,cross,cross,cross_clear,cross_clear,0,1.0,0.085702,0.038236,0.038236,1.0,8
block_nec_r1__temp_opt_r6,same_matched,block_nec_r1,temp_opt_r6,block_or_occupancy,block_or_occupancy,block_nec,temp_opt,0,1.0,0.080622,0.087392,0.087392,1.0,8
block_nec_r3__temp_opt_r11,same_matched,block_nec_r3,temp_opt_r11,block_or_occupancy,block_or_occupancy,block_nec,temp_opt,0,0.0,0.126456,0.125109,0.125109,1.0,8
cross_clear_r5__cross_clear_r8,same_matched,cross_clear_r5,cross_clear_r8,cross,cross,cross_clear,cross_clear,0,0.0,0.134165,0.095791,0.095791,1.0,8
block_nec_r11__temp_opt_r9,same_matched,block_nec_r11,temp_opt_r9,block_or_occupancy,block_or_occupancy,block_nec,temp_opt,0,0.0,0.12521,0.157763,0.157763,1.0,8
cross_stall_occ_r11__cross_stall_occ_r4,same_matched,cross_stall_occ_r11,cross_stall_occ_r4,cross,cross,cross_stall_occ,cross_stall_occ,0,1.0,0.100152,0.052893,0.052893,1.0,8
block_nec_r9__temp_opt_r10,same_matched,block_nec_r9,temp_opt_r10,block_or_occupancy,block_or_occupancy,block_nec,temp_opt,0,3.0,0.121398,0.138179,0.138179,1.0,8
block_nec_r5__temp_opt_r9,same_matched,block_nec_r5,temp_opt_r9,block_or_occupancy,block_or_occupancy,block_nec,temp_opt,0,0.0,0.101732,0.12336,0.12336,1.0,8
cross_clear_r7__cross_stall_r11,same_matched,cross_clear_r7,cross_stall_r11,cross,cross,cross_clear,cross_stall,0,1.0,0.118495,0.08068,0.08068,1.0,8
block_nec_r11__block_nec_r4,same_matched,block_nec_r11,block_nec_r4,block_or_occupancy,block_or_occupancy,block_nec,block_nec,0,1.0,0.098523,0.113466,0.113466,1.0,8
cross_clear_r3__cross_clear_r8,same_matched,cross_clear_r3,cross_clear_r8,cross,cross,cross_clear,cross_clear,0,1.0,0.092505,0.056387,0.056387,1.0,8
cross_clear_r8__cross_stall_r9,same_matched,cross_clear_r8,cross_stall_r9,cross,cross,cross_clear,cross_stall,0,0.0,0.10227,0.06677,0.06677,1.0,8
block_nec_r4__temp_opt_r1,same_matched,block_nec_r4,temp_opt_r1,block_or_occupancy,block_or_occupancy,block_nec,temp_opt,0,1.0,0.096395,0.083881,0.083881,1.0,8
cross_clear_r7__cross_stall_r4,same_matched,cross_clear_r7,cross_stall_r4,cross,cross,cross_clear,cross_stall,0,0.0,0.089496,0.044319,0.044319,1.0,8
cross_clear_r9__cross_stall_occ_r6,same_matched,cross_clear_r9,cross_stall_occ_r6,cross,cross,cross_clear,cross_stall_occ,0,0.0,0.245645,0.167655,0.167655,1.0,8
cross_clear_r10__cross_clear_r2,same_matched,cross_clear_r10,cross_clear_r2,cross,cross,cross_clear,cross_clear,0,2.0,0.208267,0.203574,0.203574,1.0,8
cross_clear_r9__cross_stall_r8,same_matched,cross_clear_r9,cross_stall_r8,cross,cross,cross_clear,cross_stall,0,2.0,0.21734,0.195407,0.195407,1.0,8
cross_clear_r9__cross_stall_occ_r10,same_matched,cross_clear_r9,cross_stall_occ_r10,cross,cross,cross_clear,cross_stall_occ,0,1.0,0.234513,0.157151,0.157151,1.0,8
cross_clear_r12__cross_stall_occ_r8,same_matched,cross_clear_r12,cross_stall_occ_r8,cross,cross,cross_clear,cross_stall_occ,0,2.0,0.221077,0.19323,0.19323,1.0,8
cross_clear_r8__cross_clear_r9,same_matched,cross_clear_r8,cross_clear_r9,cross,cross,cross_clear,cross_clear,0,1.0,0.216733,0.198227,0.198227,1.0,8
cross_clear_r12__cross_stall_occ_r5,same_matched,cross_clear_r12,cross_stall_occ_r5,cross,cross,cross_clear,cross_stall_occ,0,0.0,0.186433,0.178962,0.178962,1.0,8
cross_clear_r6__cross_stall_occ_r1,same_matched,cross_clear_r6,cross_stall_occ_r1,cross,cross,cross_clear,cross_stall_occ,0,1.0,0.225585,0.186444,0.186444,1.0,8
cross_clear_r8__cross_stall_occ_r4,same_matched,cross_clear_r8,cross_stall_occ_r4,cross,cross,cross_clear,cross_stall_occ,0,0.0,0.213251,0.211799,0.211799,1.0,8
cross_clear_r9__cross_stall_occ_r10,same_matched,cross_clear_r9,cross_stall_occ_r10,cross,cross,cross_clear,cross_stall_occ,0,1.0,0.234513,0.157151,0.157151,1.0,8
cross_clear_r10__cross_clear_r2,same_matched,cross_clear_r10,cross_clear_r2,cross,cross,cross_clear,cross_clear,0,2.0,0.208267,0.203574,0.203574,1.0,8
cross_clear_r12__cross_stall_occ_r11,same_matched,cross_clear_r12,cross_stall_occ_r11,cross,cross,cross_clear,cross_stall_occ,0,0.0,0.225024,0.193939,0.193939,1.0,8
cross_clear_r10__cross_clear_r2,same_matched,cross_clear_r10,cross_clear_r2,cross,cross,cross_clear,cross_clear,0,2.0,0.208267,0.203574,0.203574,1.0,8
cross_clear_r9__cross_stall_occ_r4,same_matched,cross_clear_r9,cross_stall_occ_r4,cross,cross,cross_clear,cross_stall_occ,0,1.0,0.197393,0.144639,0.144639,1.0,8
cross_clear_r10__cross_clear_r8,same_matched,cross_clear_r10,cross_clear_r8,cross,cross,cross_clear,cross_clear,0,1.0,0.201238,0.178319,0.178319,1.0,8
cross_clear_r6__cross_stall_occ_r3,same_matched,cross_clear_r6,cross_stall_occ_r3,cross,cross,cross_clear,cross_stall_occ,0,0.0,0.182784,0.17641,0.17641,1.0,8
block_nec_r11__temp_opt_r4,same_matched,block_nec_r11,temp_opt_r4,block_or_occupancy,block_or_occupancy,block_nec,temp_opt,0,1.0,0.18213,0.183738,0.183738,1.0,8
cross_clear_r10__cross_clear_r8,same_matched,cross_clear_r10,cross_clear_r8,cross,cross,cross_clear,cross_clear,0,1.0,0.201238,0.178319,0.178319,1.0,8
cross_clear_r12__cross_stall_occ_r5,same_matched,cross_clear_r12,cross_stall_occ_r5,cross,cross,cross_clear,cross_stall_occ,0,0.0,0.186433,0.178962,0.178962,1.0,8
cross_clear_r10__cross_clear_r8,same_matched,cross_clear_r10,cross_clear_r8,cross,cross,cross_clear,cross_clear,0,1.0,0.201238,0.178319,0.178319,1.0,8
cross_clear_r6__cross_stall_occ_r6,same_matched,cross_clear_r6,cross_stall_occ_r6,cross,cross,cross_clear,cross_stall_occ,0,1.0,0.180901,0.174183,0.174183,1.0,8
cross_clear_r6__cross_stall_occ_r3,same_matched,cross_clear_r6,cross_stall_occ_r3,cross,cross,cross_clear,cross_stall_occ,0,0.0,0.182784,0.17641,0.17641,1.0,8
cross_clear_r9__cross_stall_occ_r4,same_matched,cross_clear_r9,cross_stall_occ_r4,cross,cross,cross_clear,cross_stall_occ,0,1.0,0.197393,0.144639,0.144639,1.0,8
cross_clear_r12__cross_stall_occ_r9,same_matched,cross_clear_r12,cross_stall_occ_r9,cross,cross,cross_clear,cross_stall_occ,0,1.0,0.193008,0.179572,0.179572,1.0,8
cross_clear_r12__cross_stall_occ_r9,same_matched,cross_clear_r12,cross_stall_occ_r9,cross,cross,cross_clear,cross_stall_occ,0,1.0,0.193008,0.179572,0.179572,1.0,8
cross_clear_r10__cross_clear_r2,same_matched,cross_clear_r10,cross_clear_r2,cross,cross,cross_clear,cross_clear,0,2.0,0.208267,0.203574,0.203574,1.0,8
block_nec_r8__temp_opt_r10,same_matched,block_nec_r8,temp_opt_r10,block_or_occupancy,block_or_occupancy,block_nec,temp_opt,0,3.0,0.166277,0.162886,0.162886,1.0,8
cross_clear_r10__cross_stall_occ_r2,same_matched,cross_clear_r10,cross_stall_occ_r2,cross,cross,cross_clear,cross_stall_occ,0,2.0,0.178472,0.145335,0.145335,1.0,8
cross_clear_r6__cross_stall_occ_r12,same_matched,cross_clear_r6,cross_stall_occ_r12,cross,cross,cross_clear,cross_stall_occ,0,1.0,0.175721,0.171444,0.171444,1.0,8
block_nec_r11__temp_opt_r10,same_matched,block_nec_r11,temp_opt_r10,block_or_occupancy,block_or_occupancy,block_nec,temp_opt,0,2.0,0.202886,0.199923,0.199923,1.0,8
cross_clear_r10__cross_stall_occ_r2,same_matched,cross_clear_r10,cross_stall_occ_r2,cross,cross,cross_clear,cross_stall_occ,0,2.0,0.178472,0.145335,0.145335,1.0,8
cross_clear_r10__cross_clear_r2,same_matched,cross_clear_r10,cross_clear_r2,cross,cross,cross_clear,cross_clear,0,2.0,0.208267,0.203574,0.203574,1.0,8
cross_clear_r3__cross_clear_r6,same_matched,cross_clear_r3,cross_clear_r6,cross,cross,cross_clear,cross_clear,0,1.0,0.195558,0.127231,0.127231,1.0,8
cross_clear_r10__cross_clear_r2,same_matched,cross_clear_r10,cross_clear_r2,cross,cross,cross_clear,cross_clear,0,2.0,0.208267,0.203574,0.203574,1.0,8
cross_clear_r9__cross_stall_r8,same_matched,cross_clear_r9,cross_stall_r8,cross,cross,cross_clear,cross_stall,0,2.0,0.21734,0.195407,0.195407,1.0,8
cross_clear_r10__cross_clear_r2,same_matched,cross_clear_r10,cross_clear_r2,cross,cross,cross_clear,cross_clear,0,2.0,0.208267,0.203574,0.203574,1.0,8
cross_clear_r11__cross_stall_r11,same_matched,cross_clear_r11,cross_stall_r11,cross,cross,cross_clear,cross_stall,0,0.0,0.157743,0.132169,0.132169,1.0,8
cross_clear_r12__cross_stall_r7,same_matched,cross_clear_r12,cross_stall_r7,cross,cross,cross_clear,cross_stall,0,2.0,0.149704,0.104149,0.104149,1.0,8
block_nec_r5__temp_opt_r4,same_matched,block_nec_r5,temp_opt_r4,block_or_occupancy,block_or_occupancy,block_nec,temp_opt,0,1.0,0.158653,0.149335,0.149335,1.0,8
cross_clear_r8__cross_clear_r9,same_matched,cross_clear_r8,cross_clear_r9,cross,cross,cross_clear,cross_clear,0,1.0,0.216733,0.198227,0.198227,1.0,8
cross_clear_r6__cross_stall_r6,same_matched,cross_clear_r6,cross_stall_r6,cross,cross,cross_clear,cross_stall,0,1.0,0.161378,0.110707,0.110707,1.0,8
cross_clear_r12__cross_stall_occ_r3,same_matched,cross_clear_r12,cross_stall_occ_r3,cross,cross,cross_clear,cross_stall_occ,0,1.0,0.182532,0.180601,0.180601,1.0,8
block_nec_r5__temp_opt_r11,same_matched,block_nec_r5,temp_opt_r11,block_or_occupancy,block_or_occupancy,block_nec,temp_opt,0,1.0,0.170458,0.162253,0.162253,1.0,8
cross_clear_r6__cross_stall_occ_r10,same_matched,cross_clear_r6,cross_stall_occ_r10,cross,cross,cross_clear,cross_stall_occ,0,0.0,0.191505,0.180348,0.180348,1.0,8
cross_clear_r6__cross_stall_occ_r9,same_matched,cross_clear_r6,cross_stall_occ_r9,cross,cross,cross_clear,cross_stall_occ,0,0.0,0.191996,0.173851,0.173851,1.0,8
cross_clear_r12__cross_stall_occ_r9,same_matched,cross_clear_r12,cross_stall_occ_r9,cross,cross,cross_clear,cross_stall_occ,0,1.0,0.193008,0.179572,0.179572,1.0,8
cross_clear_r9__cross_stall_r10,same_matched,cross_clear_r9,cross_stall_r10,cross,cross,cross_clear,cross_stall,0,1.0,0.228355,0.199908,0.199908,1.0,8
cross_clear_r9__cross_stall_r7,same_matched,cross_clear_r9,cross_stall_r7,cross,cross,cross_clear,cross_stall,0,2.0,0.22801,0.199695,0.199695,1.0,8
lead_nec_r1__lead_opt_r5,same_matched,lead_nec_r1,lead_opt_r5,lead,lead,lead_nec,lead_opt,0,2.0,0.012752,0.008819,0.008819,1.0,8
temp_opt_r7__temp_opt_r8,same_matched,temp_opt_r7,temp_opt_r8,block_or_occupancy,block_or_occupancy,temp_opt,temp_opt,0,0.0,0.069051,0.052678,0.052678,1.0,8
lead_cont_r10__lead_cont_r2,same_matched,lead_cont_r10,lead_cont_r2,lead,lead,lead_cont,lead_cont,0,3.0,0.0641,0.036841,0.036841,1.0,8
cross_stall_r5__cross_stall_r8,same_matched,cross_stall_r5,cross_stall_r8,cross,cross,cross_stall,cross_stall,0,2.0,0.046802,0.053552,0.053552,1.0,8
temp_opt_r5__temp_opt_r8,same_matched,temp_opt_r5,temp_opt_r8,block_or_occupancy,block_or_occupancy,temp_opt,temp_opt,0,1.0,0.036749,0.0411,0.0411,1.0,8
lead_cont_r3__lead_cont_r6,same_matched,lead_cont_r3,lead_cont_r6,lead,lead,lead_cont,lead_cont,0,1.0,0.065996,0.034739,0.034739,1.0,8
cross_clear_r7__cross_stall_r1,same_matched,cross_clear_r7,cross_stall_r1,cross,cross,cross_clear,cross_stall,0,1.0,0.090856,0.044084,0.044084,1.0,8
lead_cont_r1__lead_cont_r11,same_matched,lead_cont_r1,lead_cont_r11,lead,lead,lead_cont,lead_cont,0,1.0,0.051443,0.020717,0.020717,1.0,8
cross_stall_occ_r4__cross_stall_occ_r5,same_matched,cross_stall_occ_r4,cross_stall_occ_r5,cross,cross,cross_stall_occ,cross_stall_occ,0,1.0,0.067608,0.049772,0.049772,1.0,8
cross_stall_r5__cross_stall_r8,same_matched,cross_stall_r5,cross_stall_r8,cross,cross,cross_stall,cross_stall,0,2.0,0.046802,0.053552,0.053552,1.0,8
cross_stall_occ_r3__cross_stall_occ_r8,same_matched,cross_stall_occ_r3,cross_stall_occ_r8,cross,cross,cross_stall_occ,cross_stall_occ,0,1.0,0.068504,0.032454,0.032454,1.0,8
block_nec_r3__temp_opt_r8,same_matched,block_nec_r3,temp_opt_r8,block_or_occupancy,block_or_occupancy,block_nec,temp_opt,0,1.0,0.056582,0.070215,0.070215,1.0,8
lead_cont_r1__lead_opt_r5,same_matched,lead_cont_r1,lead_opt_r5,lead,lead,lead_cont,lead_opt,0,2.0,0.350279,0.279537,0.279537,1.0,8
block_cont_r5__block_nec_r7,same_matched,block_cont_r5,block_nec_r7,block_or_occupancy,block_or_occupancy,block_cont,block_nec,0,0.0,0.358353,0.275947,0.275947,1.0,8
block_cont_r12__block_nec_r3,same_matched,block_cont_r12,block_nec_r3,block_or_occupancy,block_or_occupancy,block_cont,block_nec,0,1.0,0.354625,0.239969,0.239969,1.0,8
lead_cont_r12__lead_opt_r7,same_matched,lead_cont_r12,lead_opt_r7,lead,lead,lead_cont,lead_opt,0,1.0,0.372137,0.282025,0.282025,1.0,8
lead_cont_r7__lead_opt_r5,same_matched,lead_cont_r7,lead_opt_r5,lead,lead,lead_cont,lead_opt,0,0.0,0.37414,0.28581,0.28581,1.0,8
cross_stall_occ_r2__cross_stall_r1,same_matched,cross_stall_occ_r2,cross_stall_r1,cross,cross,cross_stall_occ,cross_stall,0,0.0,0.356495,0.284499,0.284499,1.0,8
block_cont_r7__temp_opt_r9,same_matched,block_cont_r7,temp_opt_r9,block_or_occupancy,block_or_occupancy,block_cont,temp_opt,0,0.0,0.369377,0.291523,0.291523,1.0,8
block_cont_r12__block_nec_r3,same_matched,block_cont_r12,block_nec_r3,block_or_occupancy,block_or_occupancy,block_cont,block_nec,0,1.0,0.354625,0.239969,0.239969,1.0,8
block_cont_r6__block_nec_r12,same_matched,block_cont_r6,block_nec_r12,block_or_occupancy,block_or_occupancy,block_cont,block_nec,0,2.0,0.375955,0.290638,0.290638,1.0,8
lead_cont_r7__lead_opt_r7,same_matched,lead_cont_r7,lead_opt_r7,lead,lead,lead_cont,lead_opt,0,1.0,0.37231,0.28205,0.28205,1.0,8
block_cont_r7__block_nec_r9,same_matched,block_cont_r7,block_nec_r9,block_or_occupancy,block_or_occupancy,block_cont,block_nec,0,1.0,0.357806,0.222736,0.222736,1.0,8
block_cont_r6__block_nec_r7,same_matched,block_cont_r6,block_nec_r7,block_or_occupancy,block_or_occupancy,block_cont,block_nec,0,0.0,0.363132,0.267186,0.267186,1.0,8
block_cont_r9__temp_opt_r5,same_matched,block_cont_r9,temp_opt_r5,block_or_occupancy,block_or_occupancy,block_cont,temp_opt,0,2.0,0.363392,0.320264,0.320264,1.0,8
cross_clear_r1__cross_stall_occ_r11,same_matched,cross_clear_r1,cross_stall_occ_r11,cross,cross,cross_clear,cross_stall_occ,0,2.0,0.351952,0.293375,0.293375,1.0,8
block_cont_r12__temp_opt_r3,same_matched,block_cont_r12,temp_opt_r3,block_or_occupancy,block_or_occupancy,block_cont,temp_opt,0,0.0,0.388913,0.306548,0.306548,1.0,8
block_cont_r5__temp_opt_r9,same_matched,block_cont_r5,temp_opt_r9,block_or_occupancy,block_or_occupancy,block_cont,temp_opt,0,0.0,0.37773,0.309484,0.309484,1.0,8
block_cont_r4__temp_opt_r1,same_matched,block_cont_r4,temp_opt_r1,block_or_occupancy,block_or_occupancy,block_cont,temp_opt,0,1.0,0.380049,0.313061,0.313061,1.0,8
lead_cont_r7__lead_nec_r2,same_matched,lead_cont_r7,lead_nec_r2,lead,lead,lead_cont,lead_nec,0,2.0,0.353285,0.279976,0.279976,1.0,8
block_cont_r5__temp_opt_r9,same_matched,block_cont_r5,temp_opt_r9,block_or_occupancy,block_or_occupancy,block_cont,temp_opt,0,0.0,0.37773,0.309484,0.309484,1.0,8
lead_cont_r7__lead_nec_r4,same_matched,lead_cont_r7,lead_nec_r4,lead,lead,lead_cont,lead_nec,0,1.0,0.352809,0.278142,0.278142,1.0,8
cross_stall_occ_r8__cross_stall_r6,same_matched,cross_stall_occ_r8,cross_stall_r6,cross,cross,cross_stall_occ,cross_stall,0,2.0,0.360465,0.287356,0.287356,1.0,8
block_cont_r12__block_nec_r9,same_matched,block_cont_r12,block_nec_r9,block_or_occupancy,block_or_occupancy,block_cont,block_nec,0,3.0,0.358149,0.230663,0.230663,1.0,8
cross_clear_r3__cross_stall_occ_r8,same_matched,cross_clear_r3,cross_stall_occ_r8,cross,cross,cross_clear,cross_stall_occ,0,0.0,0.353845,0.280136,0.280136,1.0,8
block_cont_r12__block_nec_r2,same_matched,block_cont_r12,block_nec_r2,block_or_occupancy,block_or_occupancy,block_cont,block_nec,0,0.0,0.350628,0.268523,0.268523,1.0,8
block_cont_r1__temp_opt_r5,same_matched,block_cont_r1,temp_opt_r5,block_or_occupancy,block_or_occupancy,block_cont,temp_opt,0,1.0,0.397989,0.321495,0.321495,1.0,8
block_cont_r7__temp_opt_r7,same_matched,block_cont_r7,temp_opt_r7,block_or_occupancy,block_or_occupancy,block_cont,temp_opt,0,0.0,0.406798,0.270766,0.270766,1.0,8
block_cont_r9__temp_opt_r1,same_matched,block_cont_r9,temp_opt_r1,block_or_occupancy,block_or_occupancy,block_cont,temp_opt,0,3.0,0.397499,0.334749,0.334749,1.0,8
block_cont_r3__temp_opt_r9,same_matched,block_cont_r3,temp_opt_r9,block_or_occupancy,block_or_occupancy,block_cont,temp_opt,0,1.0,0.36806,0.297387,0.297387,1.0,8
block_cont_r6__temp_opt_r12,same_matched,block_cont_r6,temp_opt_r12,block_or_occupancy,block_or_occupancy,block_cont,temp_opt,0,0.0,0.393452,0.27372,0.27372,1.0,8
block_cont_r1__temp_opt_r12,same_matched,block_cont_r1,temp_opt_r12,block_or_occupancy,block_or_occupancy,block_cont,temp_opt,0,2.0,0.373598,0.269472,0.269472,1.0,8
block_cont_r12__temp_opt_r3,same_matched,block_cont_r12,temp_opt_r3,block_or_occupancy,block_or_occupancy,block_cont,temp_opt,0,0.0,0.388913,0.306548,0.306548,1.0,8
lead_cont_r12__lead_nec_r11,same_matched,lead_cont_r12,lead_nec_r11,lead,lead,lead_cont,lead_nec,0,1.0,0.367468,0.285772,0.285772,1.0,8
lead_cont_r7__lead_nec_r10,same_matched,lead_cont_r7,lead_nec_r10,lead,lead,lead_cont,lead_nec,0,1.0,0.363852,0.285757,0.285757,1.0,8
lead_cont_r7__lead_nec_r1,same_matched,lead_cont_r7,lead_nec_r1,lead,lead,lead_cont,lead_nec,0,2.0,0.372038,0.287337,0.287337,1.0,8
lead_cont_r12__lead_opt_r6,same_matched,lead_cont_r12,lead_opt_r6,lead,lead,lead_cont,lead_opt,0,0.0,0.362496,0.282076,0.282076,1.0,8
lead_cont_r2__lead_opt_r1,same_matched,lead_cont_r2,lead_opt_r1,lead,lead,lead_cont,lead_opt,0,0.0,0.348418,0.278106,0.278106,1.0,8
cross_clear_r3__cross_stall_r7,same_matched,cross_clear_r3,cross_stall_r7,cross,cross,cross_clear,cross_stall,0,0.0,0.059442,0.033084,0.033084,1.0,8
temp_opt_r2__temp_opt_r8,same_matched,temp_opt_r2,temp_opt_r8,block_or_occupancy,block_or_occupancy,temp_opt,temp_opt,0,2.0,0.066101,0.053934,0.053934,1.0,8
lead_nec_r4__lead_opt_r3,same_matched,lead_nec_r4,lead_opt_r3,lead,lead,lead_nec,lead_opt,0,0.0,0.016813,0.007186,0.007186,1.0,8
cross_clear_r4__cross_stall_r8,same_matched,cross_clear_r4,cross_stall_r8,cross,cross,cross_clear,cross_stall,0,0.0,0.068756,0.039525,0.039525,1.0,8
block_nec_r4__temp_opt_r4,same_matched,block_nec_r4,temp_opt_r4,block_or_occupancy,block_or_occupancy,block_nec,temp_opt,0,0.0,0.083607,0.070272,0.070272,1.0,8
block_nec_r10__temp_opt_r9,same_matched,block_nec_r10,temp_opt_r9,block_or_occupancy,block_or_occupancy,block_nec,temp_opt,0,1.0,0.018655,0.027134,0.027134,1.0,8
cross_stall_r5__cross_stall_r8,same_matched,cross_stall_r5,cross_stall_r8,cross,cross,cross_stall,cross_stall,0,2.0,0.046802,0.053552,0.053552,1.0,8
block_nec_r3__temp_opt_r12,same_matched,block_nec_r3,temp_opt_r12,block_or_occupancy,block_or_occupancy,block_nec,temp_opt,0,1.0,0.068672,0.059213,0.059213,1.0,8
cross_clear_r3__cross_stall_r11,same_matched,cross_clear_r3,cross_stall_r11,cross,cross,cross_clear,cross_stall,0,2.0,0.084678,0.073042,0.073042,1.0,8
block_nec_r2__block_nec_r8,same_matched,block_nec_r2,block_nec_r8,block_or_occupancy,block_or_occupancy,block_nec,block_nec,0,3.0,0.068938,0.095373,0.095373,1.0,8
lead_cont_r3__lead_cont_r6,same_matched,lead_cont_r3,lead_cont_r6,lead,lead,lead_cont,lead_cont,0,1.0,0.065996,0.034739,0.034739,1.0,8
block_cont_r3__block_cont_r5,same_matched,block_cont_r3,block_cont_r5,block_or_occupancy,block_or_occupancy,block_cont,block_cont,0,1.0,0.049436,0.031486,0.031486,1.0,8
cross_stall_occ_r3__cross_stall_r8,same_matched,cross_stall_occ_r3,cross_stall_r8,cross,cross,cross_stall_occ,cross_stall,0,1.0,0.327955,0.277825,0.277825,1.0,8
lead_cont_r9__lead_nec_r10,same_matched,lead_cont_r9,lead_nec_r10,lead,lead,lead_cont,lead_nec,0,0.0,0.336231,0.277119,0.277119,1.0,8
cross_stall_occ_r10__cross_stall_r12,same_matched,cross_stall_occ_r10,cross_stall_r12,cross,cross,cross_stall_occ,cross_stall,0,1.0,0.332359,0.273766,0.273766,1.0,8
lead_cont_r6__lead_nec_r8,same_matched,lead_cont_r6,lead_nec_r8,lead,lead,lead_cont,lead_nec,0,1.0,0.349829,0.278999,0.278999,1.0,8
cross_clear_r1__cross_stall_occ_r11,same_matched,cross_clear_r1,cross_stall_occ_r11,cross,cross,cross_clear,cross_stall_occ,0,2.0,0.351952,0.293375,0.293375,1.0,8
cross_stall_occ_r6__cross_stall_r11,same_matched,cross_stall_occ_r6,cross_stall_r11,cross,cross,cross_stall_occ,cross_stall,0,0.0,0.334105,0.252454,0.252454,1.0,8
lead_cont_r6__lead_opt_r6,same_matched,lead_cont_r6,lead_opt_r6,lead,lead,lead_cont,lead_opt,0,0.0,0.347457,0.274208,0.274208,1.0,8
cross_stall_occ_r10__cross_stall_r12,same_matched,cross_stall_occ_r10,cross_stall_r12,cross,cross,cross_stall_occ,cross_stall,0,1.0,0.332359,0.273766,0.273766,1.0,8
lead_cont_r7__lead_nec_r6,same_matched,lead_cont_r7,lead_nec_r6,lead,lead,lead_cont,lead_nec,0,0.0,0.353359,0.279076,0.279076,1.0,8
block_cont_r7__block_nec_r7,same_matched,block_cont_r7,block_nec_r7,block_or_occupancy,block_or_occupancy,block_cont,block_nec,0,0.0,0.35,0.257985,0.257985,1.0,8
lead_cont_r6__lead_nec_r12,same_matched,lead_cont_r6,lead_nec_r12,lead,lead,lead_cont,lead_nec,0,0.0,0.335558,0.270218,0.270218,1.0,8
lead_cont_r2__lead_nec_r12,same_matched,lead_cont_r2,lead_nec_r12,lead,lead,lead_cont,lead_nec,0,2.0,0.340858,0.27716,0.27716,1.0,8
block_cont_r6__block_nec_r3,same_matched,block_cont_r6,block_nec_r3,block_or_occupancy,block_or_occupancy,block_cont,block_nec,0,1.0,0.341151,0.222864,0.222864,1.0,8
lead_cont_r5__lead_nec_r1,same_matched,lead_cont_r5,lead_nec_r1,lead,lead,lead_cont,lead_nec,0,2.0,0.32914,0.267071,0.267071,1.0,8
lead_cont_r7__lead_opt_r11,same_matched,lead_cont_r7,lead_opt_r11,lead,lead,lead_cont,lead_opt,0,2.0,0.367522,0.289215,0.289215,1.0,8
block_cont_r12__block_nec_r1,same_matched,block_cont_r12,block_nec_r1,block_or_occupancy,block_or_occupancy,block_cont,block_nec,0,0.0,0.355471,0.252622,0.252622,1.0,8
lead_cont_r12__lead_opt_r12,same_matched,lead_cont_r12,lead_opt_r12,lead,lead,lead_cont,lead_opt,0,1.0,0.357639,0.28317,0.28317,1.0,8
cross_stall_occ_r9__cross_stall_r6,same_matched,cross_stall_occ_r9,cross_stall_r6,cross,cross,cross_stall_occ,cross_stall,0,1.0,0.330862,0.267348,0.267348,1.0,8
block_cont_r12__block_nec_r4,same_matched,block_cont_r12,block_nec_r4,block_or_occupancy,block_or_occupancy,block_cont,block_nec,0,1.0,0.355384,0.260993,0.260993,1.0,8
lead_cont_r10__lead_opt_r4,same_matched,lead_cont_r10,lead_opt_r4,lead,lead,lead_cont,lead_opt,0,2.0,0.329534,0.275374,0.275374,1.0,8
lead_cont_r5__lead_opt_r7,same_matched,lead_cont_r5,lead_opt_r7,lead,lead,lead_cont,lead_opt,0,1.0,0.338145,0.269256,0.269256,1.0,8
cross_stall_occ_r7__cross_stall_r8,same_matched,cross_stall_occ_r7,cross_stall_r8,cross,cross,cross_stall_occ,cross_stall,0,0.0,0.334773,0.270001,0.270001,1.0,8
cross_stall_occ_r9__cross_stall_r12,same_matched,cross_stall_occ_r9,cross_stall_r12,cross,cross,cross_stall_occ,cross_stall,0,1.0,0.329919,0.263354,0.263354,1.0,8
block_cont_r11__block_nec_r1,same_matched,block_cont_r11,block_nec_r1,block_or_occupancy,block_or_occupancy,block_cont,block_nec,0,2.0,0.327803,0.259614,0.259614,1.0,8
block_cont_r6__block_nec_r12,same_matched,block_cont_r6,block_nec_r12,block_or_occupancy,block_or_occupancy,block_cont,block_nec,0,2.0,0.375955,0.290638,0.290638,1.0,8
block_cont_r12__temp_opt_r7,same_matched,block_cont_r12,temp_opt_r7,block_or_occupancy,block_or_occupancy,block_cont,temp_opt,0,2.0,0.384165,0.262033,0.262033,1.0,8
block_cont_r4__temp_opt_r2,same_matched,block_cont_r4,temp_opt_r2,block_or_occupancy,block_or_occupancy,block_cont,temp_opt,0,1.0,0.375294,0.31141,0.31141,1.0,8
block_cont_r4__temp_opt_r6,same_matched,block_cont_r4,temp_opt_r6,block_or_occupancy,block_or_occupancy,block_cont,temp_opt,0,0.0,0.345368,0.298638,0.298638,1.0,8
block_cont_r10__temp_opt_r3,same_matched,block_cont_r10,temp_opt_r3,block_or_occupancy,block_or_occupancy,block_cont,temp_opt,0,1.0,0.371215,0.305713,0.305713,1.0,8
lead_cont_r6__lead_nec_r3,same_matched,lead_cont_r6,lead_nec_r3,lead,lead,lead_cont,lead_nec,0,1.0,0.35118,0.277958,0.277958,1.0,8
block_cont_r11__block_nec_r12,same_matched,block_cont_r11,block_nec_r12,block_or_occupancy,block_or_occupancy,block_cont,block_nec,0,2.0,0.366843,0.311759,0.311759,1.0,8
block_cont_r6__block_nec_r1,same_matched,block_cont_r6,block_nec_r1,block_or_occupancy,block_or_occupancy,block_cont,block_nec,0,2.0,0.344945,0.240345,0.240345,1.0,8
block_cont_r2__block_nec_r3,same_matched,block_cont_r2,block_nec_r3,block_or_occupancy,block_or_occupancy,block_cont,block_nec,0,1.0,0.341489,0.232001,0.232001,1.0,8
block_cont_r12__block_nec_r10,same_matched,block_cont_r12,block_nec_r10,block_or_occupancy,block_or_occupancy,block_cont,block_nec,0,1.0,0.349621,0.268486,0.268486,1.0,8
block_cont_r5__block_nec_r6,same_matched,block_cont_r5,block_nec_r6,block_or_occupancy,block_or_occupancy,block_cont,block_nec,0,0.0,0.339477,0.242312,0.242312,1.0,8
lead_cont_r5__lead_nec_r3,same_matched,lead_cont_r5,lead_nec_r3,lead,lead,lead_cont,lead_nec,0,1.0,0.325835,0.266451,0.266451,1.0,8
lead_cont_r1__lead_cont_r3,same_matched,lead_cont_r1,lead_cont_r3,lead,lead,lead_cont,lead_cont,0,1.0,0.053168,0.021591,0.021591,1.0,8
block_nec_r7__temp_opt_r1,same_matched,block_nec_r7,temp_opt_r1,block_or_occupancy,block_or_occupancy,block_nec,temp_opt,0,2.0,0.089085,0.073121,0.073121,1.0,8
cross_clear_r4__cross_stall_r10,same_matched,cross_clear_r4,cross_stall_r10,cross,cross,cross_clear,cross_stall,0,1.0,0.079771,0.046029,0.046029,1.0,8
cross_clear_r3__cross_clear_r7,same_matched,cross_clear_r3,cross_clear_r7,cross,cross,cross_clear,cross_clear,0,1.0,0.062649,0.035887,0.035887,1.0,8
cross_clear_r1__cross_stall_r10,same_matched,cross_clear_r1,cross_stall_r10,cross,cross,cross_clear,cross_stall,0,1.0,0.077598,0.035864,0.035864,1.0,8
block_nec_r11__block_nec_r9,same_matched,block_nec_r11,block_nec_r9,block_or_occupancy,block_or_occupancy,block_nec,block_nec,0,1.0,0.081488,0.061744,0.061744,1.0,8
block_nec_r1__temp_opt_r2,same_matched,block_nec_r1,temp_opt_r2,block_or_occupancy,block_or_occupancy,block_nec,temp_opt,0,0.0,0.110548,0.100163,0.100163,1.0,8
cross_stall_occ_r4__cross_stall_occ_r7,same_matched,cross_stall_occ_r4,cross_stall_occ_r7,cross,cross,cross_stall_occ,cross_stall_occ,0,1.0,0.071679,0.032398,0.032398,1.0,8
block_nec_r12__temp_opt_r10,same_matched,block_nec_r12,temp_opt_r10,block_or_occupancy,block_or_occupancy,block_nec,temp_opt,0,0.0,0.084231,0.052245,0.052245,1.0,8
cross_stall_occ_r10__cross_stall_occ_r11,same_matched,cross_stall_occ_r10,cross_stall_occ_r11,cross,cross,cross_stall_occ,cross_stall_occ,0,1.0,0.062902,0.034784,0.034784,1.0,8
block_nec_r9__temp_opt_r3,same_matched,block_nec_r9,temp_opt_r3,block_or_occupancy,block_or_occupancy,block_nec,temp_opt,0,3.0,0.088547,0.124628,0.124628,1.0,8
block_cont_r4__block_cont_r6,same_matched,block_cont_r4,block_cont_r6,block_or_occupancy,block_or_occupancy,block_cont,block_cont,0,1.0,0.072168,0.03586,0.03586,1.0,8
block_cont_r10__temp_opt_r2,same_matched,block_cont_r10,temp_opt_r2,block_or_occupancy,block_or_occupancy,block_cont,temp_opt,0,1.0,0.391344,0.315037,0.315037,1.0,8
block_cont_r1__temp_opt_r5,same_matched,block_cont_r1,temp_opt_r5,block_or_occupancy,block_or_occupancy,block_cont,temp_opt,0,1.0,0.397989,0.321495,0.321495,1.0,8
block_cont_r10__temp_opt_r11,same_matched,block_cont_r10,temp_opt_r11,block_or_occupancy,block_or_occupancy,block_cont,temp_opt,0,0.0,0.395117,0.315998,0.315998,1.0,8
block_cont_r5__temp_opt_r6,same_matched,block_cont_r5,temp_opt_r6,block_or_occupancy,block_or_occupancy,block_cont,temp_opt,0,1.0,0.412757,0.334645,0.334645,1.0,8
block_cont_r7__temp_opt_r3,same_matched,block_cont_r7,temp_opt_r3,block_or_occupancy,block_or_occupancy,block_cont,temp_opt,0,2.0,0.414202,0.320131,0.320131,1.0,8
block_cont_r1__temp_opt_r6,same_matched,block_cont_r1,temp_opt_r6,block_or_occupancy,block_or_occupancy,block_cont,temp_opt,0,1.0,0.397414,0.321557,0.321557,1.0,8
block_cont_r12__temp_opt_r2,same_matched,block_cont_r12,temp_opt_r2,block_or_occupancy,block_or_occupancy,block_cont,temp_opt,0,0.0,0.409041,0.315872,0.315872,1.0,8
block_cont_r10__temp_opt_r11,same_matched,block_cont_r10,temp_opt_r11,block_or_occupancy,block_or_occupancy,block_cont,temp_opt,0,0.0,0.395117,0.315998,0.315998,1.0,8
block_cont_r8__temp_opt_r6,same_matched,block_cont_r8,temp_opt_r6,block_or_occupancy,block_or_occupancy,block_cont,temp_opt,0,2.0,0.416569,0.338993,0.338993,1.0,8
block_cont_r3__temp_opt_r3,same_matched,block_cont_r3,temp_opt_r3,block_or_occupancy,block_or_occupancy,block_cont,temp_opt,0,1.0,0.412884,0.325995,0.325995,1.0,8
block_cont_r1__temp_opt_r5,same_matched,block_cont_r1,temp_opt_r5,block_or_occupancy,block_or_occupancy,block_cont,temp_opt,0,1.0,0.397989,0.321495,0.321495,1.0,8
block_cont_r3__temp_opt_r5,same_matched,block_cont_r3,temp_opt_r5,block_or_occupancy,block_or_occupancy,block_cont,temp_opt,0,0.0,0.403661,0.322486,0.322486,1.0,8
block_cont_r10__temp_opt_r10,same_matched,block_cont_r10,temp_opt_r10,block_or_occupancy,block_or_occupancy,block_cont,temp_opt,0,1.0,0.404067,0.319264,0.319264,1.0,8
block_cont_r10__temp_opt_r2,same_matched,block_cont_r10,temp_opt_r2,block_or_occupancy,block_or_occupancy,block_cont,temp_opt,0,1.0,0.391344,0.315037,0.315037,1.0,8
block_cont_r11__temp_opt_r4,same_matched,block_cont_r11,temp_opt_r4,block_or_occupancy,block_or_occupancy,block_cont,temp_opt,0,1.0,0.430318,0.34782,0.34782,1.0,8
block_cont_r11__temp_opt_r3,same_matched,block_cont_r11,temp_opt_r3,block_or_occupancy,block_or_occupancy,block_cont,temp_opt,0,2.0,0.418222,0.350453,0.350453,1.0,8
block_cont_r12__temp_opt_r10,same_matched,block_cont_r12,temp_opt_r10,block_or_occupancy,block_or_occupancy,block_cont,temp_opt,0,0.0,0.421764,0.320099,0.320099,1.0,8
block_cont_r6__temp_opt_r12,same_matched,block_cont_r6,temp_opt_r12,block_or_occupancy,block_or_occupancy,block_cont,temp_opt,0,0.0,0.393452,0.27372,0.27372,1.0,8
block_cont_r11__temp_opt_r3,same_matched,block_cont_r11,temp_opt_r3,block_or_occupancy,block_or_occupancy,block_cont,temp_opt,0,2.0,0.418222,0.350453,0.350453,1.0,8
block_cont_r5__temp_opt_r12,same_matched,block_cont_r5,temp_opt_r12,block_or_occupancy,block_or_occupancy,block_cont,temp_opt,0,0.0,0.388673,0.282481,0.282481,1.0,8
block_cont_r2__temp_opt_r3,same_matched,block_cont_r2,temp_opt_r3,block_or_occupancy,block_or_occupancy,block_cont,temp_opt,0,0.0,0.402049,0.314516,0.314516,1.0,8
block_cont_r10__temp_opt_r2,same_matched,block_cont_r10,temp_opt_r2,block_or_occupancy,block_or_occupancy,block_cont,temp_opt,0,1.0,0.391344,0.315037,0.315037,1.0,8
block_cont_r12__temp_opt_r6,same_matched,block_cont_r12,temp_opt_r6,block_or_occupancy,block_or_occupancy,block_cont,temp_opt,0,1.0,0.379115,0.303101,0.303101,1.0,8
block_cont_r12__temp_opt_r3,same_matched,block_cont_r12,temp_opt_r3,block_or_occupancy,block_or_occupancy,block_cont,temp_opt,0,0.0,0.388913,0.306548,0.306548,1.0,8
block_cont_r7__temp_opt_r1,same_matched,block_cont_r7,temp_opt_r1,block_or_occupancy,block_or_occupancy,block_cont,temp_opt,0,2.0,0.439085,0.331106,0.331106,1.0,8
block_cont_r7__temp_opt_r10,same_matched,block_cont_r7,temp_opt_r10,block_or_occupancy,block_or_occupancy,block_cont,temp_opt,0,2.0,0.447053,0.333682,0.333682,1.0,8
block_cont_r7__temp_opt_r11,same_matched,block_cont_r7,temp_opt_r11,block_or_occupancy,block_or_occupancy,block_cont,temp_opt,0,1.0,0.438103,0.330416,0.330416,1.0,8
block_cont_r7__temp_opt_r12,same_matched,block_cont_r7,temp_opt_r12,block_or_occupancy,block_or_occupancy,block_cont,temp_opt,0,0.0,0.384576,0.269042,0.269042,1.0,8
block_cont_r7__temp_opt_r2,same_matched,block_cont_r7,temp_opt_r2,block_or_occupancy,block_or_occupancy,block_cont,temp_opt,0,2.0,0.43433,0.329455,0.329455,1.0,8
block_cont_r7__temp_opt_r3,same_matched,block_cont_r7,temp_opt_r3,block_or_occupancy,block_or_occupancy,block_cont,temp_opt,0,2.0,0.414202,0.320131,0.320131,1.0,8
block_cont_r7__temp_opt_r4,same_matched,block_cont_r7,temp_opt_r4,block_or_occupancy,block_or_occupancy,block_cont,temp_opt,0,1.0,0.426297,0.317665,0.317665,1.0,8
block_cont_r7__temp_opt_r5,same_matched,block_cont_r7,temp_opt_r5,block_or_occupancy,block_or_occupancy,block_cont,temp_opt,0,1.0,0.404978,0.316621,0.316621,1.0,8
block_cont_r7__temp_opt_r6,same_matched,block_cont_r7,temp_opt_r6,block_or_occupancy,block_or_occupancy,block_cont,temp_opt,0,1.0,0.404404,0.316683,0.316683,1.0,8
block_cont_r7__temp_opt_r7,same_matched,block_cont_r7,temp_opt_r7,block_or_occupancy,block_or_occupancy,block_cont,temp_opt,0,0.0,0.406798,0.270766,0.270766,1.0,8
block_cont_r7__temp_opt_r8,same_matched,block_cont_r7,temp_opt_r8,block_or_occupancy,block_or_occupancy,block_cont,temp_opt,0,0.0,0.368229,0.275521,0.275521,1.0,8
block_cont_r7__temp_opt_r9,same_matched,block_cont_r7,temp_opt_r9,block_or_occupancy,block_or_occupancy,block_cont,temp_opt,0,0.0,0.369377,0.291523,0.291523,1.0,8
cross_stall_occ_r4__cross_stall_occ_r7,same_matched,cross_stall_occ_r4,cross_stall_occ_r7,cross,cross,cross_stall_occ,cross_stall_occ,0,1.0,0.071679,0.032398,0.032398,1.0,8
block_nec_r4__temp_opt_r4,same_matched,block_nec_r4,temp_opt_r4,block_or_occupancy,block_or_occupancy,block_nec,temp_opt,0,0.0,0.083607,0.070272,0.070272,1.0,8
block_nec_r4__temp_opt_r11,same_matched,block_nec_r4,temp_opt_r11,block_or_occupancy,block_or_occupancy,block_nec,temp_opt,0,0.0,0.095413,0.083191,0.083191,1.0,8
cross_clear_r8__cross_stall_r6,same_matched,cross_clear_r8,cross_stall_r6,cross,cross,cross_clear,cross_stall,0,1.0,0.093447,0.063333,0.063333,1.0,8
block_nec_r4__temp_opt_r11,same_matched,block_nec_r4,temp_opt_r11,block_or_occupancy,block_or_occupancy,block_nec,temp_opt,0,0.0,0.095413,0.083191,0.083191,1.0,8
cross_clear_r8__cross_stall_r12,same_matched,cross_clear_r8,cross_stall_r12,cross,cross,cross_clear,cross_stall,0,1.0,0.097393,0.066568,0.066568,1.0,8
block_nec_r1__temp_opt_r2,same_matched,block_nec_r1,temp_opt_r2,block_or_occupancy,block_or_occupancy,block_nec,temp_opt,0,0.0,0.110548,0.100163,0.100163,1.0,8
temp_opt_r2__temp_opt_r8,same_matched,temp_opt_r2,temp_opt_r8,block_or_occupancy,block_or_occupancy,temp_opt,temp_opt,0,2.0,0.066101,0.053934,0.053934,1.0,8
block_nec_r10__temp_opt_r10,same_matched,block_nec_r10,temp_opt_r10,block_or_occupancy,block_or_occupancy,block_nec,temp_opt,0,1.0,0.096332,0.069293,0.069293,1.0,8
cross_clear_r8__cross_stall_r6,same_matched,cross_clear_r8,cross_stall_r6,cross,cross,cross_clear,cross_stall,0,1.0,0.093447,0.063333,0.063333,1.0,8
cross_clear_r1__cross_stall_r3,same_matched,cross_clear_r1,cross_stall_r3,cross,cross,cross_clear,cross_stall,0,1.0,0.082911,0.038442,0.038442,1.0,8
cross_clear_r8__cross_stall_r6,same_matched,cross_clear_r8,cross_stall_r6,cross,cross,cross_clear,cross_stall,0,1.0,0.093447,0.063333,0.063333,1.0,8
lead_cont_r9__lead_nec_r10,same_matched,lead_cont_r9,lead_nec_r10,lead,lead,lead_cont,lead_nec,0,0.0,0.336231,0.277119,0.277119,1.0,8
lead_cont_r6__lead_nec_r9,same_matched,lead_cont_r6,lead_nec_r9,lead,lead,lead_cont,lead_nec,0,1.0,0.34448,0.276303,0.276303,1.0,8
lead_cont_r9__lead_nec_r7,same_matched,lead_cont_r9,lead_nec_r7,lead,lead,lead_cont,lead_nec,0,1.0,0.340569,0.280584,0.280584,1.0,8
block_cont_r5__block_nec_r2,same_matched,block_cont_r5,block_nec_r2,block_or_occupancy,block_or_occupancy,block_cont,block_nec,0,2.0,0.358068,0.284131,0.284131,1.0,8
cross_clear_r3__cross_stall_occ_r7,same_matched,cross_clear_r3,cross_stall_occ_r7,cross,cross,cross_clear,cross_stall_occ,0,0.0,0.360249,0.282309,0.282309,1.0,8
cross_stall_occ_r1__cross_stall_r2,same_matched,cross_stall_occ_r1,cross_stall_r2,cross,cross,cross_stall_occ,cross_stall,0,0.0,0.342412,0.274182,0.274182,1.0,8
block_cont_r6__block_nec_r4,same_matched,block_cont_r6,block_nec_r4,block_or_occupancy,block_or_occupancy,block_cont,block_nec,0,1.0,0.355823,0.256544,0.256544,1.0,8
lead_cont_r9__lead_nec_r7,same_matched,lead_cont_r9,lead_nec_r7,lead,lead,lead_cont,lead_nec,0,1.0,0.340569,0.280584,0.280584,1.0,8
lead_cont_r2__lead_nec_r1,same_matched,lead_cont_r2,lead_nec_r1,lead,lead,lead_cont,lead_nec,0,0.0,0.36159,0.287161,0.287161,1.0,8
block_cont_r12__block_nec_r9,same_matched,block_cont_r12,block_nec_r9,block_or_occupancy,block_or_occupancy,block_cont,block_nec,0,3.0,0.358149,0.230663,0.230663,1.0,8
lead_cont_r1__lead_nec_r3,same_matched,lead_cont_r1,lead_nec_r3,lead,lead,lead_cont,lead_nec,0,1.0,0.34377,0.276919,0.276919,1.0,8
lead_cont_r6__lead_nec_r10,same_matched,lead_cont_r6,lead_nec_r10,lead,lead,lead_cont,lead_nec,0,1.0,0.349237,0.278948,0.278948,1.0,8
block_cont_r3__block_nec_r10,same_matched,block_cont_r3,block_nec_r10,block_or_occupancy,block_or_occupancy,block_cont,block_nec,0,0.0,0.349404,0.270253,0.270253,1.0,8
cross_clear_r7__cross_stall_occ_r5,same_matched,cross_clear_r7,cross_stall_occ_r5,cross,cross,cross_clear,cross_stall_occ,0,1.0,0.336039,0.270652,0.270652,1.0,8
block_cont_r6__block_nec_r12,same_matched,block_cont_r6,block_nec_r12,block_or_occupancy,block_or_occupancy,block_cont,block_nec,0,2.0,0.375955,0.290638,0.290638,1.0,8
lead_cont_r2__lead_opt_r5,same_matched,lead_cont_r2,lead_opt_r5,lead,lead,lead_cont,lead_opt,0,2.0,0.363692,0.285639,0.285639,1.0,8
lead_cont_r7__lead_nec_r3,same_matched,lead_cont_r7,lead_nec_r3,lead,lead,lead_cont,lead_nec,0,1.0,0.365795,0.284767,0.284767,1.0,8
lead_cont_r3__lead_opt_r2,same_matched,lead_cont_r3,lead_opt_r2,lead,lead,lead_cont,lead_opt,0,1.0,0.338971,0.284796,0.284796,1.0,8
lead_cont_r2__lead_opt_r9,same_matched,lead_cont_r2,lead_opt_r9,lead,lead,lead_cont,lead_opt,0,1.0,0.363589,0.286031,0.286031,1.0,8
cross_stall_occ_r6__cross_stall_r11,same_matched,cross_stall_occ_r6,cross_stall_r11,cross,cross,cross_stall_occ,cross_stall,0,0.0,0.334105,0.252454,0.252454,1.0,8
lead_cont_r6__lead_opt_r11,same_matched,lead_cont_r6,lead_opt_r11,lead,lead,lead_cont,lead_opt,0,2.0,0.346189,0.278259,0.278259,1.0,8
cross_stall_occ_r5__cross_stall_r8,same_matched,cross_stall_occ_r5,cross_stall_r8,cross,cross,cross_stall_occ,cross_stall,0,2.0,0.336967,0.279462,0.279462,1.0,8
cross_stall_occ_r5__cross_stall_r10,same_matched,cross_stall_occ_r5,cross_stall_r10,cross,cross,cross_stall_occ,cross_stall,0,1.0,0.325952,0.270793,0.270793,1.0,8
cross_stall_occ_r6__cross_stall_r11,same_matched,cross_stall_occ_r6,cross_stall_r11,cross,cross,cross_stall_occ,cross_stall,0,0.0,0.334105,0.252454,0.252454,1.0,8
block_cont_r11__temp_opt_r12,same_matched,block_cont_r11,temp_opt_r12,block_or_occupancy,block_or_occupancy,block_cont,temp_opt,0,0.0,0.38434,0.294842,0.294842,1.0,8
block_cont_r2__temp_opt_r6,same_matched,block_cont_r2,temp_opt_r6,block_or_occupancy,block_or_occupancy,block_cont,temp_opt,0,1.0,0.392251,0.311069,0.311069,1.0,8
block_cont_r10__temp_opt_r4,same_matched,block_cont_r10,temp_opt_r4,block_or_occupancy,block_or_occupancy,block_cont,temp_opt,0,0.0,0.383311,0.30308,0.30308,1.0,8
cross_clear_r7__cross_stall_occ_r2,same_matched,cross_clear_r7,cross_stall_occ_r2,cross,cross,cross_clear,cross_stall_occ,0,1.0,0.338219,0.268223,0.268223,1.0,8
block_cont_r12__temp_opt_r5,same_matched,block_cont_r12,temp_opt_r5,block_or_occupancy,block_or_occupancy,block_cont,temp_opt,0,1.0,0.37969,0.303039,0.303039,1.0,8
lead_cont_r6__lead_opt_r5,same_matched,lead_cont_r6,lead_opt_r5,lead,lead,lead_cont,lead_opt,0,0.0,0.359525,0.279001,0.279001,1.0,8
block_cont_r9__temp_opt_r3,same_matched,block_cont_r9,temp_opt_r3,block_or_occupancy,block_or_occupancy,block_cont,temp_opt,0,3.0,0.372615,0.323773,0.323773,1.0,8
lead_cont_r1__lead_opt_r5,same_matched,lead_cont_r1,lead_opt_r5,lead,lead,lead_cont,lead_opt,0,2.0,0.350279,0.279537,0.279537,1.0,8
block_cont_r12__block_nec_r10,same_matched,block_cont_r12,block_nec_r10,block_or_occupancy,block_or_occupancy,block_cont,block_nec,0,1.0,0.349621,0.268486,0.268486,1.0,8
cross_stall_occ_r1__cross_stall_r12,same_matched,cross_stall_occ_r1,cross_stall_r12,cross,cross,cross_stall_occ,cross_stall,0,2.0,0.354037,0.279754,0.279754,1.0,8
block_cont_r3__block_nec_r9,same_matched,block_cont_r3,block_nec_r9,block_or_occupancy,block_or_occupancy,block_cont,block_nec,0,2.0,0.325545,0.20393,0.20393,1.0,8
lead_cont_r10__lead_nec_r9,same_matched,lead_cont_r10,lead_nec_r9,lead,lead,lead_cont,lead_nec,0,0.0,0.314702,0.263149,0.263149,1.0,8
lead_opt_r12__lead_opt_r4,same_matched,lead_opt_r12,lead_opt_r4,lead,lead,lead_opt,lead_opt,0,0.0,0.001274,0.000654,0.000654,1.0,8
block_nec_r1__temp_opt_r12,same_matched,block_nec_r1,temp_opt_r12,block_or_occupancy,block_or_occupancy,block_nec,temp_opt,0,2.0,0.056806,0.035306,0.035306,1.0,8
lead_cont_r10__lead_cont_r11,same_matched,lead_cont_r10,lead_cont_r11,lead,lead,lead_cont,lead_cont,0,2.0,0.050582,0.030069,0.030069,1.0,8
lead_nec_r3__lead_opt_r11,same_matched,lead_nec_r3,lead_opt_r11,lead,lead,lead_nec,lead_opt,0,1.0,0.033317,0.019978,0.019978,1.0,8
lead_nec_r11__lead_opt_r4,same_matched,lead_nec_r11,lead_opt_r4,lead,lead,lead_nec,lead_opt,0,0.0,0.023002,0.014911,0.014911,1.0,8
lead_cont_r11__lead_cont_r7,same_matched,lead_cont_r11,lead_cont_r7,lead,lead,lead_cont,lead_cont,0,1.0,0.0521,0.024813,0.024813,1.0,8
cross_clear_r5__cross_clear_r7,same_matched,cross_clear_r5,cross_clear_r7,cross,cross,cross_clear,cross_clear,0,0.0,0.077208,0.090195,0.090195,1.0,8
cross_stall_r4__cross_stall_r5,same_matched,cross_stall_r4,cross_stall_r5,cross,cross,cross_stall,cross_stall,0,1.0,0.039488,0.047542,0.047542,1.0,8
lead_cont_r10__lead_cont_r12,same_matched,lead_cont_r10,lead_cont_r12,lead,lead,lead_cont,lead_cont,0,1.0,0.053828,0.033809,0.033809,1.0,8
lead_nec_r12__lead_opt_r8,same_matched,lead_nec_r12,lead_opt_r8,lead,lead,lead_nec,lead_opt,0,1.0,0.033551,0.032278,0.032278,1.0,8
block_cont_r10__block_cont_r12,same_matched,block_cont_r10,block_cont_r12,block_or_occupancy,block_or_occupancy,block_cont,block_cont,0,1.0,0.056163,0.03269,0.03269,1.0,8
temp_opt_r10__temp_opt_r7,same_matched,temp_opt_r10,temp_opt_r7,block_or_occupancy,block_or_occupancy,temp_opt,temp_opt,0,2.0,0.043272,0.07137,0.07137,1.0,8
lead_cont_r9__lead_nec_r3,same_matched,lead_cont_r9,lead_nec_r3,lead,lead,lead_cont,lead_nec,0,2.0,0.338623,0.277199,0.277199,1.0,8
lead_cont_r6__lead_opt_r11,same_matched,lead_cont_r6,lead_opt_r11,lead,lead,lead_cont,lead_opt,0,2.0,0.346189,0.278259,0.278259,1.0,8
block_cont_r6__block_nec_r3,same_matched,block_cont_r6,block_nec_r3,block_or_occupancy,block_or_occupancy,block_cont,block_nec,0,1.0,0.341151,0.222864,0.222864,1.0,8
block_cont_r5__block_nec_r7,same_matched,block_cont_r5,block_nec_r7,block_or_occupancy,block_or_occupancy,block_cont,block_nec,0,0.0,0.358353,0.275947,0.275947,1.0,8
cross_stall_occ_r8__cross_stall_r6,same_matched,cross_stall_occ_r8,cross_stall_r6,cross,cross,cross_stall_occ,cross_stall,0,2.0,0.360465,0.287356,0.287356,1.0,8
block_cont_r1__block_nec_r2,same_matched,block_cont_r1,block_nec_r2,block_or_occupancy,block_or_occupancy,block_cont,block_nec,0,0.0,0.342725,0.271043,0.271043,1.0,8
lead_cont_r9__lead_opt_r8,same_matched,lead_cont_r9,lead_opt_r8,lead,lead,lead_cont,lead_opt,0,0.0,0.356102,0.276925,0.276925,1.0,8
lead_cont_r9__lead_nec_r2,same_matched,lead_cont_r9,lead_nec_r2,lead,lead,lead_cont,lead_nec,0,3.0,0.342599,0.283237,0.283237,1.0,8
block_cont_r8__block_nec_r2,same_matched,block_cont_r8,block_nec_r2,block_or_occupancy,block_or_occupancy,block_cont,block_nec,0,3.0,0.361879,0.28848,0.28848,1.0,8
cross_stall_occ_r7__cross_stall_r11,same_matched,cross_stall_occ_r7,cross_stall_r11,cross,cross,cross_stall_occ,cross_stall,0,2.0,0.358575,0.263827,0.263827,1.0,8
block_cont_r4__temp_opt_r6,same_matched,block_cont_r4,temp_opt_r6,block_or_occupancy,block_or_occupancy,block_cont,temp_opt,0,0.0,0.345368,0.298638,0.298638,1.0,8
lead_cont_r6__lead_nec_r8,same_matched,lead_cont_r6,lead_nec_r8,lead,lead,lead_cont,lead_nec,0,1.0,0.349829,0.278999,0.278999,1.0,8
cross_clear_r3__cross_stall_occ_r12,same_matched,cross_clear_r3,cross_stall_occ_r12,cross,cross,cross_clear,cross_stall_occ,0,2.0,0.350141,0.28307,0.28307,1.0,8
lead_cont_r1__lead_opt_r10,same_matched,lead_cont_r1,lead_opt_r10,lead,lead,lead_cont,lead_opt,0,2.0,0.348392,0.279679,0.279679,1.0,8
block_cont_r6__block_nec_r12,same_matched,block_cont_r6,block_nec_r12,block_or_occupancy,block_or_occupancy,block_cont,block_nec,0,2.0,0.375955,0.290638,0.290638,1.0,8
block_cont_r10__temp_opt_r7,same_matched,block_cont_r10,temp_opt_r7,block_or_occupancy,block_or_occupancy,block_cont,temp_opt,0,1.0,0.364048,0.259427,0.259427,1.0,8
lead_cont_r7__lead_nec_r3,same_matched,lead_cont_r7,lead_nec_r3,lead,lead,lead_cont,lead_nec,0,1.0,0.365795,0.284767,0.284767,1.0,8
lead_cont_r5__lead_opt_r4,same_matched,lead_cont_r5,lead_opt_r4,lead,lead,lead_cont,lead_opt,0,1.0,0.346622,0.280294,0.280294,1.0,8
block_cont_r6__block_nec_r10,same_matched,block_cont_r6,block_nec_r10,block_or_occupancy,block_or_occupancy,block_cont,block_nec,0,1.0,0.363854,0.273589,0.273589,1.0,8
cross_clear_r3__cross_stall_occ_r2,same_matched,cross_clear_r3,cross_stall_occ_r2,cross,cross,cross_clear,cross_stall_occ,0,0.0,0.350413,0.278371,0.278371,1.0,8
block_cont_r5__block_nec_r4,same_matched,block_cont_r5,block_nec_r4,block_or_occupancy,block_or_occupancy,block_cont,block_nec,0,1.0,0.351044,0.265186,0.265186,1.0,8
lead_cont_r1__lead_opt_r7,same_matched,lead_cont_r1,lead_opt_r7,lead,lead,lead_cont,lead_opt,0,3.0,0.355033,0.277383,0.277383,1.0,8
block_cont_r6__block_nec_r4,same_matched,block_cont_r6,block_nec_r4,block_or_occupancy,block_or_occupancy,block_cont,block_nec,0,1.0,0.355823,0.256544,0.256544,1.0,8
cross_stall_occ_r9__cross_stall_r2,same_matched,cross_stall_occ_r9,cross_stall_r2,cross,cross,cross_stall_occ,cross_stall,0,1.0,0.347515,0.281237,0.281237,1.0,8
block_cont_r9__temp_opt_r4,same_matched,block_cont_r9,temp_opt_r4,block_or_occupancy,block_or_occupancy,block_cont,temp_opt,0,2.0,0.384711,0.32114,0.32114,1.0,8
block_cont_r9__temp_opt_r2,same_matched,block_cont_r9,temp_opt_r2,block_or_occupancy,block_or_occupancy,block_cont,temp_opt,0,3.0,0.392743,0.333098,0.333098,1.0,8
lead_cont_r7__lead_opt_r8,same_matched,lead_cont_r7,lead_opt_r8,lead,lead,lead_cont,lead_opt,0,1.0,0.383724,0.28392,0.28392,1.0,8
block_cont_r7__temp_opt_r8,same_matched,block_cont_r7,temp_opt_r8,block_or_occupancy,block_or_occupancy,block_cont,temp_opt,0,0.0,0.368229,0.275521,0.275521,1.0,8
block_cont_r4__temp_opt_r1,same_matched,block_cont_r4,temp_opt_r1,block_or_occupancy,block_or_occupancy,block_cont,temp_opt,0,1.0,0.380049,0.313061,0.313061,1.0,8
lead_cont_r1__lead_nec_r7,same_matched,lead_cont_r1,lead_nec_r7,lead,lead,lead_cont,lead_nec,0,2.0,0.359565,0.28451,0.28451,1.0,8
block_cont_r5__temp_opt_r9,same_matched,block_cont_r5,temp_opt_r9,block_or_occupancy,block_or_occupancy,block_cont,temp_opt,0,0.0,0.37773,0.309484,0.309484,1.0,8
block_cont_r6__block_nec_r2,same_matched,block_cont_r6,block_nec_r2,block_or_occupancy,block_or_occupancy,block_cont,block_nec,0,2.0,0.362847,0.27537,0.27537,1.0,8
block_cont_r7__block_nec_r3,same_matched,block_cont_r7,block_nec_r3,block_or_occupancy,block_or_occupancy,block_cont,block_nec,0,1.0,0.354283,0.232042,0.232042,1.0,8
cross_stall_occ_r8__cross_stall_r3,same_matched,cross_stall_occ_r8,cross_stall_r3,cross,cross,cross_stall_occ,cross_stall,0,1.0,0.36215,0.284014,0.284014,1.0,8
block_cont_r7__temp_opt_r8,same_matched,block_cont_r7,temp_opt_r8,block_or_occupancy,block_or_occupancy,block_cont,temp_opt,0,0.0,0.368229,0.275521,0.275521,1.0,8
cross_clear_r3__cross_stall_occ_r7,same_matched,cross_clear_r3,cross_stall_occ_r7,cross,cross,cross_clear,cross_stall_occ,0,0.0,0.360249,0.282309,0.282309,1.0,8
temp_opt_r1__temp_opt_r8,same_matched,temp_opt_r1,temp_opt_r8,block_or_occupancy,block_or_occupancy,temp_opt,temp_opt,0,2.0,0.070856,0.055585,0.055585,1.0,8
temp_opt_r10__temp_opt_r9,same_matched,temp_opt_r10,temp_opt_r9,block_or_occupancy,block_or_occupancy,temp_opt,temp_opt,0,2.0,0.077676,0.042159,0.042159,1.0,8
lead_cont_r3__lead_cont_r4,same_matched,lead_cont_r3,lead_cont_r4,lead,lead,lead_cont,lead_cont,0,0.0,0.028335,0.016945,0.016945,1.0,8
block_cont_r10__block_cont_r5,same_matched,block_cont_r10,block_cont_r5,block_or_occupancy,block_or_occupancy,block_cont,block_cont,0,1.0,0.080268,0.049016,0.049016,1.0,8
cross_clear_r8__cross_stall_r5,same_matched,cross_clear_r8,cross_stall_r5,cross,cross,cross_clear,cross_stall,0,1.0,0.094976,0.073397,0.073397,1.0,8
cross_stall_r11__cross_stall_r4,same_matched,cross_stall_r11,cross_stall_r4,cross,cross,cross_stall,cross_stall,0,1.0,0.030177,0.050647,0.050647,1.0,8
block_cont_r12__block_cont_r5,same_matched,block_cont_r12,block_cont_r5,block_or_occupancy,block_or_occupancy,block_cont,block_cont,0,2.0,0.058607,0.045447,0.045447,1.0,8
block_cont_r10__block_cont_r5,same_matched,block_cont_r10,block_cont_r5,block_or_occupancy,block_or_occupancy,block_cont,block_cont,0,1.0,0.080268,0.049016,0.049016,1.0,8
block_nec_r10__temp_opt_r10,same_matched,block_nec_r10,temp_opt_r10,block_or_occupancy,block_or_occupancy,block_nec,temp_opt,0,1.0,0.096332,0.069293,0.069293,1.0,8
block_cont_r10__block_cont_r5,same_matched,block_cont_r10,block_cont_r5,block_or_occupancy,block_or_occupancy,block_cont,block_cont,0,1.0,0.080268,0.049016,0.049016,1.0,8
cross_clear_r2__cross_stall_r6,same_matched,cross_clear_r2,cross_stall_r6,cross,cross,cross_clear,cross_stall,0,2.0,0.077196,0.040274,0.040274,1.0,8
cross_stall_occ_r6__cross_stall_occ_r8,same_matched,cross_stall_occ_r6,cross_stall_occ_r8,cross,cross,cross_stall_occ,cross_stall_occ,0,2.0,0.060926,0.037263,0.037263,1.0,8
block_cont_r5__block_nec_r6,same_matched,block_cont_r5,block_nec_r6,block_or_occupancy,block_or_occupancy,block_cont,block_nec,0,0.0,0.339477,0.242312,0.242312,1.0,8
cross_stall_occ_r9__cross_stall_r2,same_matched,cross_stall_occ_r9,cross_stall_r2,cross,cross,cross_stall_occ,cross_stall,0,1.0,0.347515,0.281237,0.281237,1.0,8
cross_stall_occ_r9__cross_stall_r8,same_matched,cross_stall_occ_r9,cross_stall_r8,cross,cross,cross_stall_occ,cross_stall,0,1.0,0.343846,0.279132,0.279132,1.0,8
block_cont_r10__temp_opt_r6,same_matched,block_cont_r10,temp_opt_r6,block_or_occupancy,block_or_occupancy,block_cont,temp_opt,0,0.0,0.361418,0.302266,0.302266,1.0,8
lead_cont_r2__lead_opt_r9,same_matched,lead_cont_r2,lead_opt_r9,lead,lead,lead_cont,lead_opt,0,1.0,0.363589,0.286031,0.286031,1.0,8
block_cont_r12__temp_opt_r9,same_matched,block_cont_r12,temp_opt_r9,block_or_occupancy,block_or_occupancy,block_cont,temp_opt,0,2.0,0.345756,0.280251,0.280251,1.0,8
lead_cont_r12__lead_opt_r2,same_matched,lead_cont_r12,lead_opt_r2,lead,lead,lead_cont,lead_opt,0,2.0,0.358973,0.284733,0.284733,1.0,8
cross_stall_occ_r9__cross_stall_r8,same_matched,cross_stall_occ_r9,cross_stall_r8,cross,cross,cross_stall_occ,cross_stall,0,1.0,0.343846,0.279132,0.279132,1.0,8
lead_cont_r1__lead_opt_r4,same_matched,lead_cont_r1,lead_opt_r4,lead,lead,lead_cont,lead_opt,0,1.0,0.364927,0.290625,0.290625,1.0,8
block_cont_r3__block_nec_r12,same_matched,block_cont_r3,block_nec_r12,block_or_occupancy,block_or_occupancy,block_cont,block_nec,0,1.0,0.361505,0.287302,0.287302,1.0,8
cross_stall_occ_r7__cross_stall_r9,same_matched,cross_stall_occ_r7,cross_stall_r9,cross,cross,cross_stall_occ,cross_stall,0,1.0,0.347094,0.273001,0.273001,1.0,8
block_cont_r7__block_nec_r10,same_matched,block_cont_r7,block_nec_r10,block_or_occupancy,block_or_occupancy,block_cont,block_nec,0,1.0,0.352595,0.264747,0.264747,1.0,8
lead_cont_r12__lead_nec_r4,same_matched,lead_cont_r12,lead_nec_r4,lead,lead,lead_cont,lead_nec,0,1.0,0.352636,0.278117,0.278117,1.0,8
block_cont_r5__block_nec_r6,same_matched,block_cont_r5,block_nec_r6,block_or_occupancy,block_or_occupancy,block_cont,block_nec,0,0.0,0.339477,0.242312,0.242312,1.0,8
block_cont_r4__temp_opt_r11,same_matched,block_cont_r4,temp_opt_r11,block_or_occupancy,block_or_occupancy,block_cont,temp_opt,0,0.0,0.379067,0.312371,0.312371,1.0,8
block_cont_r3__temp_opt_r8,same_matched,block_cont_r3,temp_opt_r8,block_or_occupancy,block_or_occupancy,block_cont,temp_opt,0,1.0,0.366912,0.281386,0.281386,1.0,8
lead_cont_r12__lead_opt_r3,same_matched,lead_cont_r12,lead_opt_r3,lead,lead,lead_cont,lead_opt,0,1.0,0.36917,0.284401,0.284401,1.0,8
lead_cont_r9__lead_opt_r3,same_matched,lead_cont_r9,lead_opt_r3,lead,lead,lead_cont,lead_opt,0,2.0,0.34217,0.278683,0.278683,1.0,8
block_cont_r3__temp_opt_r8,same_matched,block_cont_r3,temp_opt_r8,block_or_occupancy,block_or_occupancy,block_cont,temp_opt,0,1.0,0.366912,0.281386,0.281386,1.0,8
block_cont_r2__block_nec_r2,same_matched,block_cont_r2,block_nec_r2,block_or_occupancy,block_or_occupancy,block_cont,block_nec,0,0.0,0.337562,0.260555,0.260555,1.0,8
block_cont_r3__block_nec_r10,same_matched,block_cont_r3,block_nec_r10,block_or_occupancy,block_or_occupancy,block_cont,block_nec,0,0.0,0.349404,0.270253,0.270253,1.0,8
cross_clear_r11__cross_stall_occ_r7,same_matched,cross_clear_r11,cross_stall_occ_r7,cross,cross,cross_clear,cross_stall_occ,0,2.0,0.341553,0.234855,0.234855,1.0,8
lead_cont_r5__lead_opt_r9,same_matched,lead_cont_r5,lead_opt_r9,lead,lead,lead_cont,lead_opt,0,1.0,0.332478,0.268068,0.268068,1.0,8
cross_clear_r11__cross_stall_occ_r2,same_matched,cross_clear_r11,cross_stall_occ_r2,cross,cross,cross_clear,cross_stall_occ,0,2.0,0.337489,0.236604,0.236604,1.0,8
block_cont_r4__temp_opt_r10,same_matched,block_cont_r4,temp_opt_r10,block_or_occupancy,block_or_occupancy,block_cont,temp_opt,0,1.0,0.388017,0.315637,0.315637,1.0,8
block_cont_r10__temp_opt_r1,same_matched,block_cont_r10,temp_opt_r1,block_or_occupancy,block_or_occupancy,block_cont,temp_opt,0,1.0,0.396099,0.316689,0.316689,1.0,8
block_cont_r4__temp_opt_r10,same_matched,block_cont_r4,temp_opt_r10,block_or_occupancy,block_or_occupancy,block_cont,temp_opt,0,1.0,0.388017,0.315637,0.315637,1.0,8
cross_stall_occ_r2__cross_stall_r2,same_matched,cross_stall_occ_r2,cross_stall_r2,cross,cross,cross_stall_occ,cross_stall,0,0.0,0.346448,0.279101,0.279101,1.0,8
cross_stall_occ_r11__cross_stall_r2,same_matched,cross_stall_occ_r11,cross_stall_r2,cross,cross,cross_stall_occ,cross_stall,0,2.0,0.38302,0.299513,0.299513,1.0,8
block_cont_r9__temp_opt_r6,same_matched,block_cont_r9,temp_opt_r6,block_or_occupancy,block_or_occupancy,block_cont,temp_opt,0,2.0,0.362817,0.320326,0.320326,1.0,8
block_cont_r5__temp_opt_r8,same_matched,block_cont_r5,temp_opt_r8,block_or_occupancy,block_or_occupancy,block_cont,temp_opt,0,0.0,0.376583,0.293483,0.293483,1.0,8
lead_cont_r12__lead_nec_r6,same_matched,lead_cont_r12,lead_nec_r6,lead,lead,lead_cont,lead_nec,0,0.0,0.353532,0.279101,0.279101,1.0,8
lead_cont_r2__lead_opt_r11,same_matched,lead_cont_r2,lead_opt_r11,lead,lead,lead_cont,lead_opt,0,0.0,0.353024,0.283736,0.283736,1.0,8
cross_stall_occ_r7__cross_stall_r11,same_matched,cross_stall_occ_r7,cross_stall_r11,cross,cross,cross_stall_occ,cross_stall,0,2.0,0.358575,0.263827,0.263827,1.0,8
cross_clear_r7__cross_stall_occ_r5,same_matched,cross_clear_r7,cross_stall_occ_r5,cross,cross,cross_clear,cross_stall_occ,0,1.0,0.336039,0.270652,0.270652,1.0,8
cross_stall_occ_r10__cross_stall_r2,same_matched,cross_stall_occ_r10,cross_stall_r2,cross,cross,cross_stall_occ,cross_stall,0,1.0,0.320127,0.273229,0.273229,1.0,8
cross_stall_occ_r10__cross_stall_occ_r5,same_matched,cross_stall_occ_r10,cross_stall_occ_r5,cross,cross,cross_stall_occ,cross_stall_occ,0,1.0,0.081019,0.046686,0.046686,1.0,8
block_nec_r5__block_nec_r9,same_matched,block_nec_r5,block_nec_r9,block_or_occupancy,block_or_occupancy,block_nec,block_nec,0,1.0,0.05801,0.027351,0.027351,1.0,8
cross_stall_r5__cross_stall_r8,same_matched,cross_stall_r5,cross_stall_r8,cross,cross,cross_stall,cross_stall,0,2.0,0.046802,0.053552,0.053552,1.0,8
block_nec_r8__temp_opt_r12,same_matched,block_nec_r8,temp_opt_r12,block_or_occupancy,block_or_occupancy,block_nec,temp_opt,0,1.0,0.099543,0.093723,0.093723,1.0,8
cross_clear_r7__cross_stall_r9,same_matched,cross_clear_r7,cross_stall_r9,cross,cross,cross_clear,cross_stall,0,0.0,0.104786,0.058182,0.058182,1.0,8
block_nec_r6__temp_opt_r12,same_matched,block_nec_r6,temp_opt_r12,block_or_occupancy,block_or_occupancy,block_nec,temp_opt,0,0.0,0.049196,0.040169,0.040169,1.0,8
cross_stall_occ_r10__cross_stall_occ_r8,same_matched,cross_stall_occ_r10,cross_stall_occ_r8,cross,cross,cross_stall_occ,cross_stall_occ,0,1.0,0.056998,0.02575,0.02575,1.0,8
cross_clear_r3__cross_stall_r6,same_matched,cross_clear_r3,cross_stall_r6,cross,cross,cross_clear,cross_stall,0,2.0,0.062552,0.037312,0.037312,1.0,8
block_nec_r2__temp_opt_r10,same_matched,block_nec_r2,temp_opt_r10,block_or_occupancy,block_or_occupancy,block_nec,temp_opt,0,0.0,0.097339,0.067512,0.067512,1.0,8
block_nec_r8__temp_opt_r12,same_matched,block_nec_r8,temp_opt_r12,block_or_occupancy,block_or_occupancy,block_nec,temp_opt,0,1.0,0.099543,0.093723,0.093723,1.0,8
lead_cont_r1__lead_cont_r10,same_matched,lead_cont_r1,lead_cont_r10,lead,lead,lead_cont,lead_cont,0,3.0,0.057454,0.029237,0.029237,1.0,8
block_nec_r10__temp_opt_r4,same_matched,block_nec_r10,temp_opt_r4,block_or_occupancy,block_or_occupancy,block_nec,temp_opt,0,0.0,0.075576,0.053109,0.053109,1.0,8
block_cont_r4__block_nec_r2,same_matched,block_cont_r4,block_nec_r2,block_or_occupancy,block_or_occupancy,block_cont,block_nec,0,1.0,0.29068,0.248124,0.248124,1.0,8
cross_stall_occ_r4__cross_stall_r5,same_matched,cross_stall_occ_r4,cross_stall_r5,cross,cross,cross_stall_occ,cross_stall,0,1.0,0.298667,0.251648,0.251648,1.0,8
cross_stall_occ_r4__cross_stall_r10,same_matched,cross_stall_occ_r4,cross_stall_r10,cross,cross,cross_stall_occ,cross_stall,0,0.0,0.295149,0.260255,0.260255,1.0,8
block_cont_r10__block_nec_r3,same_matched,block_cont_r10,block_nec_r3,block_or_occupancy,block_or_occupancy,block_cont,block_nec,0,0.0,0.312723,0.226596,0.226596,1.0,8
lead_cont_r10__lead_nec_r11,same_matched,lead_cont_r10,lead_nec_r11,lead,lead,lead_cont,lead_nec,0,2.0,0.314841,0.262729,0.262729,1.0,8
cross_clear_r1__cross_stall_occ_r12,same_matched,cross_clear_r1,cross_stall_occ_r12,cross,cross,cross_clear,cross_stall_occ,0,2.0,0.297289,0.266751,0.266751,1.0,8
cross_clear_r5__cross_stall_occ_r8,same_matched,cross_clear_r5,cross_stall_occ_r8,cross,cross,cross_clear,cross_stall_occ,0,1.0,0.310253,0.211669,0.211669,1.0,8
cross_stall_occ_r4__cross_stall_r10,same_matched,cross_stall_occ_r4,cross_stall_r10,cross,cross,cross_stall_occ,cross_stall,0,0.0,0.295149,0.260255,0.260255,1.0,8
block_cont_r10__block_nec_r9,same_matched,block_cont_r10,block_nec_r9,block_or_occupancy,block_or_occupancy,block_cont,block_nec,0,2.0,0.316247,0.21729,0.21729,1.0,8
block_cont_r10__block_nec_r3,same_matched,block_cont_r10,block_nec_r3,block_or_occupancy,block_or_occupancy,block_cont,block_nec,0,0.0,0.312723,0.226596,0.226596,1.0,8
cross_stall_occ_r4__cross_stall_r5,same_matched,cross_stall_occ_r4,cross_stall_r5,cross,cross,cross_stall_occ,cross_stall,0,1.0,0.298667,0.251648,0.251648,1.0,8
block_cont_r4__block_nec_r12,same_matched,block_cont_r4,block_nec_r12,block_or_occupancy,block_or_occupancy,block_cont,block_nec,0,1.0,0.303787,0.263392,0.263392,1.0,8
block_cont_r10__block_nec_r11,same_matched,block_cont_r10,block_nec_r11,block_or_occupancy,block_or_occupancy,block_cont,block_nec,0,1.0,0.303869,0.206483,0.206483,1.0,8
cross_clear_r10__cross_clear_r3,same_matched,cross_clear_r10,cross_clear_r3,cross,cross,cross_clear,cross_clear,0,2.0,0.293744,0.232003,0.232003,1.0,8
cross_stall_occ_r10__cross_stall_r3,same_matched,cross_stall_occ_r10,cross_stall_r3,cross,cross,cross_stall_occ,cross_stall,0,0.0,0.330098,0.272415,0.272415,1.0,8
cross_stall_occ_r12__cross_stall_r1,same_matched,cross_stall_occ_r12,cross_stall_r1,cross,cross,cross_stall_occ,cross_stall,0,2.0,0.318286,0.266541,0.266541,1.0,8
cross_stall_occ_r6__cross_stall_r4,same_matched,cross_stall_occ_r6,cross_stall_r4,cross,cross,cross_stall_occ,cross_stall,0,1.0,0.320267,0.265646,0.265646,1.0,8
cross_clear_r5__cross_stall_occ_r9,same_matched,cross_clear_r5,cross_stall_occ_r9,cross,cross,cross_clear,cross_stall_occ,0,0.0,0.294338,0.207391,0.207391,1.0,8
cross_stall_occ_r3__cross_stall_r6,same_matched,cross_stall_occ_r3,cross_stall_r6,cross,cross,cross_stall_occ,cross_stall,0,1.0,0.318107,0.269262,0.269262,1.0,8
cross_clear_r5__cross_stall_occ_r9,same_matched,cross_clear_r5,cross_stall_occ_r9,cross,cross,cross_clear,cross_stall_occ,0,0.0,0.294338,0.207391,0.207391,1.0,8
block_cont_r9__block_nec_r4,same_matched,block_cont_r9,block_nec_r4,block_or_occupancy,block_or_occupancy,block_cont,block_nec,0,2.0,0.301105,0.251127,0.251127,1.0,8
cross_clear_r4__cross_stall_occ_r10,same_matched,cross_clear_r4,cross_stall_occ_r10,cross,cross,cross_clear,cross_stall_occ,0,1.0,0.299363,0.268458,0.268458,1.0,8
cross_stall_occ_r4__cross_stall_r10,same_matched,cross_stall_occ_r4,cross_stall_r10,cross,cross,cross_stall_occ,cross_stall,0,0.0,0.295149,0.260255,0.260255,1.0,8
block_cont_r4__block_nec_r10,same_matched,block_cont_r4,block_nec_r10,block_or_occupancy,block_or_occupancy,block_cont,block_nec,0,0.0,0.291686,0.246343,0.246343,1.0,8
lead_cont_r3__lead_opt_r2,same_matched,lead_cont_r3,lead_opt_r2,lead,lead,lead_cont,lead_opt,0,1.0,0.338971,0.284796,0.284796,1.0,8
lead_cont_r1__lead_nec_r10,same_matched,lead_cont_r1,lead_nec_r10,lead,lead,lead_cont,lead_nec,0,3.0,0.346845,0.278038,0.278038,1.0,8
lead_cont_r6__lead_nec_r4,same_matched,lead_cont_r6,lead_nec_r4,lead,lead,lead_cont,lead_nec,0,1.0,0.337915,0.270778,0.270778,1.0,8
cross_clear_r4__cross_stall_occ_r8,same_matched,cross_clear_r4,cross_stall_occ_r8,cross,cross,cross_clear,cross_stall_occ,0,0.0,0.311283,0.266245,0.266245,1.0,8
cross_stall_occ_r6__cross_stall_r11,same_matched,cross_stall_occ_r6,cross_stall_r11,cross,cross,cross_stall_occ,cross_stall,0,0.0,0.334105,0.252454,0.252454,1.0,8
lead_cont_r10__lead_nec_r3,same_matched,lead_cont_r10,lead_nec_r3,lead,lead,lead_cont,lead_nec,0,2.0,0.314065,0.262807,0.262807,1.0,8
cross_stall_occ_r10__cross_stall_r3,same_matched,cross_stall_occ_r10,cross_stall_r3,cross,cross,cross_stall_occ,cross_stall,0,0.0,0.330098,0.272415,0.272415,1.0,8
cross_clear_r5__cross_stall_occ_r2,same_matched,cross_clear_r5,cross_stall_occ_r2,cross,cross,cross_clear,cross_stall_occ,0,1.0,0.309818,0.211797,0.211797,1.0,8
cross_stall_occ_r12__cross_stall_r5,same_matched,cross_stall_occ_r12,cross_stall_r5,cross,cross,cross_stall_occ,cross_stall,0,0.0,0.304151,0.240108,0.240108,1.0,8
lead_cont_r8__lead_nec_r5,same_matched,lead_cont_r8,lead_nec_r5,lead,lead,lead_cont,lead_nec,0,1.0,0.313354,0.262,0.262,1.0,8
cross_stall_occ_r4__cross_stall_r9,same_matched,cross_stall_occ_r4,cross_stall_r9,cross,cross,cross_stall_occ,cross_stall,0,0.0,0.306738,0.263389,0.263389,1.0,8
cross_stall_occ_r4__cross_stall_r7,same_matched,cross_stall_occ_r4,cross_stall_r7,cross,cross,cross_stall_occ,cross_stall,0,1.0,0.294804,0.259043,0.259043,1.0,8
block_nec_r6__temp_opt_r5,same_matched,block_nec_r6,temp_opt_r5,block_or_occupancy,block_or_occupancy,block_nec,temp_opt,0,1.0,0.073855,0.092271,0.092271,1.0,8
cross_clear_r2__cross_clear_r3,same_matched,cross_clear_r2,cross_clear_r3,cross,cross,cross_clear,cross_clear,0,0.0,0.085733,0.031267,0.031267,1.0,8
cross_clear_r2__cross_stall_r11,same_matched,cross_clear_r2,cross_stall_r11,cross,cross,cross_clear,cross_stall,0,2.0,0.0975,0.067908,0.067908,1.0,8
cross_clear_r7__cross_stall_r6,same_matched,cross_clear_r7,cross_stall_r6,cross,cross,cross_clear,cross_stall,0,1.0,0.095962,0.050483,0.050483,1.0,8
cross_clear_r2__cross_stall_r11,same_matched,cross_clear_r2,cross_stall_r11,cross,cross,cross_clear,cross_stall,0,2.0,0.0975,0.067908,0.067908,1.0,8
block_nec_r8__temp_opt_r12,same_matched,block_nec_r8,temp_opt_r12,block_or_occupancy,block_or_occupancy,block_nec,temp_opt,0,1.0,0.099543,0.093723,0.093723,1.0,8
block_nec_r5__temp_opt_r12,same_matched,block_nec_r5,temp_opt_r12,block_or_occupancy,block_or_occupancy,block_nec,temp_opt,0,0.0,0.112675,0.096357,0.096357,1.0,8
cross_stall_occ_r3__cross_stall_occ_r8,same_matched,cross_stall_occ_r3,cross_stall_occ_r8,cross,cross,cross_stall_occ,cross_stall_occ,0,1.0,0.068504,0.032454,0.032454,1.0,8
block_nec_r11__block_nec_r4,same_matched,block_nec_r11,block_nec_r4,block_or_occupancy,block_or_occupancy,block_nec,block_nec,0,1.0,0.098523,0.113466,0.113466,1.0,8
block_nec_r10__temp_opt_r10,same_matched,block_nec_r10,temp_opt_r10,block_or_occupancy,block_or_occupancy,block_nec,temp_opt,0,1.0,0.096332,0.069293,0.069293,1.0,8
cross_clear_r4__cross_stall_r3,same_matched,cross_clear_r4,cross_stall_r3,cross,cross,cross_clear,cross_stall,0,1.0,0.085051,0.047291,0.047291,1.0,8
block_nec_r10__temp_opt_r10,same_matched,block_nec_r10,temp_opt_r10,block_or_occupancy,block_or_occupancy,block_nec,temp_opt,0,1.0,0.096332,0.069293,0.069293,1.0,8
lead_cont_r2__lead_opt_r1,same_matched,lead_cont_r2,lead_opt_r1,lead,lead,lead_cont,lead_opt,0,0.0,0.348418,0.278106,0.278106,1.0,8
cross_stall_occ_r11__cross_stall_r9,same_matched,cross_stall_occ_r11,cross_stall_r9,cross,cross,cross_stall_occ,cross_stall,0,1.0,0.356747,0.274557,0.274557,1.0,8
lead_cont_r7__lead_nec_r4,same_matched,lead_cont_r7,lead_nec_r4,lead,lead,lead_cont,lead_nec,0,1.0,0.352809,0.278142,0.278142,1.0,8
cross_stall_occ_r1__cross_stall_r11,same_matched,cross_stall_occ_r1,cross_stall_r11,cross,cross,cross_stall_occ,cross_stall,0,2.0,0.370395,0.269523,0.269523,1.0,8
block_cont_r9__temp_opt_r3,same_matched,block_cont_r9,temp_opt_r3,block_or_occupancy,block_or_occupancy,block_cont,temp_opt,0,3.0,0.372615,0.323773,0.323773,1.0,8
cross_stall_occ_r11__cross_stall_r11,same_matched,cross_stall_occ_r11,cross_stall_r11,cross,cross,cross_stall_occ,cross_stall,0,0.0,0.354734,0.249847,0.249847,1.0,8
block_cont_r3__temp_opt_r9,same_matched,block_cont_r3,temp_opt_r9,block_or_occupancy,block_or_occupancy,block_cont,temp_opt,0,1.0,0.36806,0.297387,0.297387,1.0,8
lead_cont_r7__lead_nec_r4,same_matched,lead_cont_r7,lead_nec_r4,lead,lead,lead_cont,lead_nec,0,1.0,0.352809,0.278142,0.278142,1.0,8
lead_cont_r12__lead_opt_r9,same_matched,lead_cont_r12,lead_opt_r9,lead,lead,lead_cont,lead_opt,0,1.0,0.373864,0.286183,0.286183,1.0,8
cross_stall_occ_r1__cross_stall_r11,same_matched,cross_stall_occ_r1,cross_stall_r11,cross,cross,cross_stall_occ,cross_stall,0,2.0,0.370395,0.269523,0.269523,1.0,8
lead_cont_r9__lead_opt_r8,same_matched,lead_cont_r9,lead_opt_r8,lead,lead,lead_cont,lead_opt,0,0.0,0.356102,0.276925,0.276925,1.0,8
block_cont_r10__temp_opt_r6,same_matched,block_cont_r10,temp_opt_r6,block_or_occupancy,block_or_occupancy,block_cont,temp_opt,0,0.0,0.361418,0.302266,0.302266,1.0,8
cross_stall_occ_r11__cross_stall_r12,same_matched,cross_stall_occ_r11,cross_stall_r12,cross,cross,cross_stall_occ,cross_stall,0,0.0,0.361625,0.277775,0.277775,1.0,8
lead_cont_r1__lead_opt_r10,same_matched,lead_cont_r1,lead_opt_r10,lead,lead,lead_cont,lead_opt,0,2.0,0.348392,0.279679,0.279679,1.0,8
block_cont_r4__temp_opt_r10,same_matched,block_cont_r4,temp_opt_r10,block_or_occupancy,block_or_occupancy,block_cont,temp_opt,0,1.0,0.388017,0.315637,0.315637,1.0,8
block_cont_r6__block_nec_r12,same_matched,block_cont_r6,block_nec_r12,block_or_occupancy,block_or_occupancy,block_cont,block_nec,0,2.0,0.375955,0.290638,0.290638,1.0,8
cross_clear_r7__cross_stall_occ_r11,same_matched,cross_clear_r7,cross_stall_occ_r11,cross,cross,cross_clear,cross_stall_occ,0,1.0,0.378423,0.288599,0.288599,1.0,8
lead_cont_r6__lead_nec_r3,same_matched,lead_cont_r6,lead_nec_r3,lead,lead,lead_cont,lead_nec,0,1.0,0.35118,0.277958,0.277958,1.0,8
block_cont_r6__block_nec_r12,same_matched,block_cont_r6,block_nec_r12,block_or_occupancy,block_or_occupancy,block_cont,block_nec,0,2.0,0.375955,0.290638,0.290638,1.0,8
cross_stall_occ_r2__cross_stall_r2,same_matched,cross_stall_occ_r2,cross_stall_r2,cross,cross,cross_stall_occ,cross_stall,0,0.0,0.346448,0.279101,0.279101,1.0,8
block_cont_r5__block_nec_r7,same_matched,block_cont_r5,block_nec_r7,block_or_occupancy,block_or_occupancy,block_cont,block_nec,0,0.0,0.358353,0.275947,0.275947,1.0,8
lead_cont_r2__lead_opt_r1,same_matched,lead_cont_r2,lead_opt_r1,lead,lead,lead_cont,lead_opt,0,0.0,0.348418,0.278106,0.278106,1.0,8
cross_stall_occ_r5__cross_stall_r8,same_matched,cross_stall_occ_r5,cross_stall_r8,cross,cross,cross_stall_occ,cross_stall,0,2.0,0.336967,0.279462,0.279462,1.0,8
lead_cont_r9__lead_opt_r9,same_matched,lead_cont_r9,lead_opt_r9,lead,lead,lead_cont,lead_opt,0,2.0,0.346466,0.278933,0.278933,1.0,8
block_cont_r9__temp_opt_r11,same_matched,block_cont_r9,temp_opt_r11,block_or_occupancy,block_or_occupancy,block_cont,temp_opt,0,2.0,0.396517,0.334059,0.334059,1.0,8
cross_clear_r3__cross_stall_occ_r11,same_matched,cross_clear_r3,cross_stall_occ_r11,cross,cross,cross_clear,cross_stall_occ,0,2.0,0.404827,0.308637,0.308637,1.0,8
block_cont_r10__temp_opt_r1,same_matched,block_cont_r10,temp_opt_r1,block_or_occupancy,block_or_occupancy,block_cont,temp_opt,0,1.0,0.396099,0.316689,0.316689,1.0,8
block_cont_r2__block_nec_r9,same_matched,block_cont_r2,block_nec_r9,block_or_occupancy,block_or_occupancy,block_cont,block_nec,0,3.0,0.345015,0.222695,0.222695,1.0,8
block_cont_r2__temp_opt_r6,same_matched,block_cont_r2,temp_opt_r6,block_or_occupancy,block_or_occupancy,block_cont,temp_opt,0,1.0,0.392251,0.311069,0.311069,1.0,8
lead_cont_r12__lead_nec_r1,same_matched,lead_cont_r12,lead_nec_r1,lead,lead,lead_cont,lead_nec,0,2.0,0.371865,0.287312,0.287312,1.0,8
cross_stall_occ_r2__cross_stall_r11,same_matched,cross_stall_occ_r2,cross_stall_r11,cross,cross,cross_stall_occ,cross_stall,0,2.0,0.384201,0.274457,0.274457,1.0,8
block_cont_r9__temp_opt_r7,same_matched,block_cont_r9,temp_opt_r7,block_or_occupancy,block_or_occupancy,block_cont,temp_opt,0,1.0,0.362641,0.266404,0.266404,1.0,8
block_cont_r10__temp_opt_r5,same_matched,block_cont_r10,temp_opt_r5,block_or_occupancy,block_or_occupancy,block_cont,temp_opt,0,0.0,0.361992,0.302204,0.302204,1.0,8
lead_cont_r1__lead_opt_r12,same_matched,lead_cont_r1,lead_opt_r12,lead,lead,lead_cont,lead_opt,0,1.0,0.365059,0.29029,0.29029,1.0,8
cross_stall_occ_r10__cross_stall_r3,same_matched,cross_stall_occ_r10,cross_stall_r3,cross,cross,cross_stall_occ,cross_stall,0,0.0,0.330098,0.272415,0.272415,1.0,8
cross_clear_r7__cross_stall_occ_r3,same_matched,cross_clear_r7,cross_stall_occ_r3,cross,cross,cross_clear,cross_stall_occ,0,0.0,0.327027,0.269015,0.269015,1.0,8
block_cont_r11__block_cont_r9,same_matched,block_cont_r11,block_cont_r9,block_or_occupancy,block_or_occupancy,block_cont,block_cont,0,1.0,0.063304,0.036872,0.036872,1.0,8
block_cont_r2__block_cont_r9,same_matched,block_cont_r2,block_cont_r9,block_or_occupancy,block_or_occupancy,block_cont,block_cont,0,3.0,0.073182,0.035243,0.035243,1.0,8
block_nec_r10__temp_opt_r11,same_matched,block_nec_r10,temp_opt_r11,block_or_occupancy,block_or_occupancy,block_nec,temp_opt,0,0.0,0.087382,0.066027,0.066027,1.0,8
block_nec_r4__temp_opt_r4,same_matched,block_nec_r4,temp_opt_r4,block_or_occupancy,block_or_occupancy,block_nec,temp_opt,0,0.0,0.083607,0.070272,0.070272,1.0,8
block_nec_r10__temp_opt_r11,same_matched,block_nec_r10,temp_opt_r11,block_or_occupancy,block_or_occupancy,block_nec,temp_opt,0,0.0,0.087382,0.066027,0.066027,1.0,8
block_nec_r2__temp_opt_r1,same_matched,block_nec_r2,temp_opt_r1,block_or_occupancy,block_or_occupancy,block_nec,temp_opt,0,0.0,0.089371,0.064937,0.064937,1.0,8
cross_clear_r8__cross_stall_r9,same_matched,cross_clear_r8,cross_stall_r9,cross,cross,cross_clear,cross_stall,0,0.0,0.10227,0.06677,0.06677,1.0,8
block_cont_r5__block_cont_r9,same_matched,block_cont_r5,block_cont_r9,block_or_occupancy,block_or_occupancy,block_cont,block_cont,0,1.0,0.055858,0.023565,0.023565,1.0,8
cross_clear_r3__cross_stall_r5,same_matched,cross_clear_r3,cross_stall_r5,cross,cross,cross_clear,cross_stall,0,2.0,0.085903,0.068841,0.068841,1.0,8
block_nec_r4__temp_opt_r4,same_matched,block_nec_r4,temp_opt_r4,block_or_occupancy,block_or_occupancy,block_nec,temp_opt,0,0.0,0.083607,0.070272,0.070272,1.0,8
cross_stall_occ_r12__cross_stall_occ_r2,same_matched,cross_stall_occ_r12,cross_stall_occ_r2,cross,cross,cross_stall_occ,cross_stall_occ,0,2.0,0.07267,0.044628,0.044628,1.0,8
block_nec_r4__temp_opt_r4,same_matched,block_nec_r4,temp_opt_r4,block_or_occupancy,block_or_occupancy,block_nec,temp_opt,0,0.0,0.083607,0.070272,0.070272,1.0,8
lead_cont_r6__lead_opt_r4,same_matched,lead_cont_r6,lead_opt_r4,lead,lead,lead_cont,lead_opt,0,1.0,0.339097,0.273415,0.273415,1.0,8
lead_cont_r9__lead_opt_r7,same_matched,lead_cont_r9,lead_opt_r7,lead,lead,lead_cont,lead_opt,0,0.0,0.347301,0.276709,0.276709,1.0,8
cross_stall_occ_r1__cross_stall_r4,same_matched,cross_stall_occ_r1,cross_stall_r4,cross,cross,cross_stall_occ,cross_stall,0,1.0,0.343624,0.275125,0.275125,1.0,8
cross_stall_occ_r2__cross_stall_r10,same_matched,cross_stall_occ_r2,cross_stall_r10,cross,cross,cross_stall_occ,cross_stall,0,1.0,0.361131,0.287709,0.287709,1.0,8
block_cont_r6__block_nec_r7,same_matched,block_cont_r6,block_nec_r7,block_or_occupancy,block_or_occupancy,block_cont,block_nec,0,0.0,0.363132,0.267186,0.267186,1.0,8
block_cont_r4__temp_opt_r6,same_matched,block_cont_r4,temp_opt_r6,block_or_occupancy,block_or_occupancy,block_cont,temp_opt,0,0.0,0.345368,0.298638,0.298638,1.0,8
cross_stall_occ_r7__cross_stall_r11,same_matched,cross_stall_occ_r7,cross_stall_r11,cross,cross,cross_stall_occ,cross_stall,0,2.0,0.358575,0.263827,0.263827,1.0,8
cross_stall_occ_r1__cross_stall_r4,same_matched,cross_stall_occ_r1,cross_stall_r4,cross,cross,cross_stall_occ,cross_stall,0,1.0,0.343624,0.275125,0.275125,1.0,8
lead_cont_r7__lead_nec_r8,same_matched,lead_cont_r7,lead_nec_r8,lead,lead,lead_cont,lead_nec,0,1.0,0.364444,0.285808,0.285808,1.0,8
cross_stall_occ_r2__cross_stall_r10,same_matched,cross_stall_occ_r2,cross_stall_r10,cross,cross,cross_stall_occ,cross_stall,0,1.0,0.361131,0.287709,0.287709,1.0,8
block_cont_r11__block_nec_r4,same_matched,block_cont_r11,block_nec_r4,block_or_occupancy,block_or_occupancy,block_cont,block_nec,0,1.0,0.346711,0.277547,0.277547,1.0,8
cross_clear_r1__cross_stall_occ_r11,same_matched,cross_clear_r1,cross_stall_occ_r11,cross,cross,cross_clear,cross_stall_occ,0,2.0,0.351952,0.293375,0.293375,1.0,8
block_cont_r7__block_nec_r10,same_matched,block_cont_r7,block_nec_r10,block_or_occupancy,block_or_occupancy,block_cont,block_nec,0,1.0,0.352595,0.264747,0.264747,1.0,8
lead_cont_r3__lead_opt_r2,same_matched,lead_cont_r3,lead_opt_r2,lead,lead,lead_cont,lead_opt,0,1.0,0.338971,0.284796,0.284796,1.0,8
cross_clear_r7__cross_stall_occ_r11,same_matched,cross_clear_r7,cross_stall_occ_r11,cross,cross,cross_clear,cross_stall_occ,0,1.0,0.378423,0.288599,0.288599,1.0,8
block_cont_r11__block_nec_r12,same_matched,block_cont_r11,block_nec_r12,block_or_occupancy,block_or_occupancy,block_cont,block_nec,0,2.0,0.366843,0.311759,0.311759,1.0,8
cross_stall_occ_r11__cross_stall_r7,same_matched,cross_stall_occ_r11,cross_stall_r7,cross,cross,cross_stall_occ,cross_stall,0,2.0,0.368681,0.290385,0.290385,1.0,8
lead_cont_r8__lead_opt_r11,same_matched,lead_cont_r8,lead_opt_r11,lead,lead,lead_cont,lead_opt,0,3.0,0.341864,0.281489,0.281489,1.0,8
block_cont_r11__block_nec_r12,same_matched,block_cont_r11,block_nec_r12,block_or_occupancy,block_or_occupancy,block_cont,block_nec,0,2.0,0.366843,0.311759,0.311759,1.0,8
cross_stall_occ_r3__cross_stall_r11,same_matched,cross_stall_occ_r3,cross_stall_r11,cross,cross,cross_stall_occ,cross_stall,0,1.0,0.337212,0.25439,0.25439,1.0,8
lead_cont_r6__lead_nec_r10,same_matched,lead_cont_r6,lead_nec_r10,lead,lead,lead_cont,lead_nec,0,1.0,0.349237,0.278948,0.278948,1.0,8
lead_cont_r9__lead_nec_r7,same_matched,lead_cont_r9,lead_nec_r7,lead,lead,lead_cont,lead_nec,0,1.0,0.340569,0.280584,0.280584,1.0,8
cross_stall_occ_r5__cross_stall_r1,same_matched,cross_stall_occ_r5,cross_stall_r1,cross,cross,cross_stall_occ,cross_stall,0,2.0,0.330588,0.275237,0.275237,1.0,8
cross_stall_occ_r3__cross_stall_r11,same_matched,cross_stall_occ_r3,cross_stall_r11,cross,cross,cross_stall_occ,cross_stall,0,1.0,0.337212,0.25439,0.25439,1.0,8
block_cont_r4__temp_opt_r10,same_matched,block_cont_r4,temp_opt_r10,block_or_occupancy,block_or_occupancy,block_cont,temp_opt,0,1.0,0.388017,0.315637,0.315637,1.0,8
block_cont_r10__temp_opt_r11,same_matched,block_cont_r10,temp_opt_r11,block_or_occupancy,block_or_occupancy,block_cont,temp_opt,0,0.0,0.395117,0.315998,0.315998,1.0,8
block_cont_r9__temp_opt_r4,same_matched,block_cont_r9,temp_opt_r4,block_or_occupancy,block_or_occupancy,block_cont,temp_opt,0,2.0,0.384711,0.32114,0.32114,1.0,8
block_cont_r6__block_nec_r6,same_matched,block_cont_r6,block_nec_r6,block_or_occupancy,block_or_occupancy,block_cont,block_nec,0,0.0,0.344256,0.233551,0.233551,1.0,8
block_cont_r6__temp_opt_r9,same_matched,block_cont_r6,temp_opt_r9,block_or_occupancy,block_or_occupancy,block_cont,temp_opt,0,0.0,0.382509,0.300723,0.300723,1.0,8
cross_clear_r3__cross_stall_occ_r5,same_matched,cross_clear_r3,cross_stall_occ_r5,cross,cross,cross_clear,cross_stall_occ,0,2.0,0.362443,0.29069,0.29069,1.0,8
block_cont_r6__block_nec_r12,same_matched,block_cont_r6,block_nec_r12,block_or_occupancy,block_or_occupancy,block_cont,block_nec,0,2.0,0.375955,0.290638,0.290638,1.0,8
lead_cont_r7__lead_nec_r2,same_matched,lead_cont_r7,lead_nec_r2,lead,lead,lead_cont,lead_nec,0,2.0,0.353285,0.279976,0.279976,1.0,8
lead_cont_r12__lead_nec_r4,same_matched,lead_cont_r12,lead_nec_r4,lead,lead,lead_cont,lead_nec,0,1.0,0.352636,0.278117,0.278117,1.0,8
block_cont_r5__block_nec_r2,same_matched,block_cont_r5,block_nec_r2,block_or_occupancy,block_or_occupancy,block_cont,block_nec,0,2.0,0.358068,0.284131,0.284131,1.0,8
cross_stall_occ_r9__cross_stall_r10,same_matched,cross_stall_occ_r9,cross_stall_r10,cross,cross,cross_stall_occ,cross_stall,0,0.0,0.332831,0.270464,0.270464,1.0,8
cross_stall_occ_r3__cross_stall_r5,same_matched,cross_stall_occ_r3,cross_stall_r5,cross,cross,cross_stall_occ,cross_stall,0,1.0,0.31766,0.249871,0.249871,1.0,8
lead_nec_r9__lead_opt_r8,same_matched,lead_nec_r9,lead_opt_r8,lead,lead,lead_nec,lead_opt,0,0.0,0.024629,0.026284,0.026284,1.0,8
block_cont_r12__block_cont_r3,same_matched,block_cont_r12,block_cont_r3,block_or_occupancy,block_or_occupancy,block_cont,block_cont,0,1.0,0.069257,0.042985,0.042985,1.0,8
cross_stall_occ_r1__cross_stall_occ_r4,same_matched,cross_stall_occ_r1,cross_stall_occ_r4,cross,cross,cross_stall_occ,cross_stall_occ,0,1.0,0.076041,0.034327,0.034327,1.0,8
cross_stall_occ_r1__cross_stall_occ_r12,same_matched,cross_stall_occ_r1,cross_stall_occ_r12,cross,cross,cross_stall_occ,cross_stall_occ,0,2.0,0.058864,0.037479,0.037479,1.0,8
cross_stall_occ_r12__cross_stall_occ_r7,same_matched,cross_stall_occ_r12,cross_stall_occ_r7,cross,cross,cross_stall_occ,cross_stall_occ,0,2.0,0.048639,0.03146,0.03146,1.0,8
temp_opt_r10__temp_opt_r9,same_matched,temp_opt_r10,temp_opt_r9,block_or_occupancy,block_or_occupancy,temp_opt,temp_opt,0,2.0,0.077676,0.042159,0.042159,1.0,8
cross_clear_r2__cross_stall_r11,same_matched,cross_clear_r2,cross_stall_r11,cross,cross,cross_clear,cross_stall,0,2.0,0.0975,0.067908,0.067908,1.0,8
lead_cont_r7__lead_cont_r8,same_matched,lead_cont_r7,lead_cont_r8,lead,lead,lead_cont,lead_cont,0,1.0,0.054546,0.033851,0.033851,1.0,8
cross_clear_r1__cross_stall_r8,same_matched,cross_clear_r1,cross_stall_r8,cross,cross,cross_clear,cross_stall,0,0.0,0.078565,0.035354,0.035354,1.0,8
block_cont_r12__block_cont_r8,same_matched,block_cont_r12,block_cont_r8,block_or_occupancy,block_or_occupancy,block_cont,block_cont,0,3.0,0.059143,0.040649,0.040649,1.0,8
cross_stall_occ_r5__cross_stall_occ_r9,same_matched,cross_stall_occ_r5,cross_stall_occ_r9,cross,cross,cross_stall_occ,cross_stall_occ,0,1.0,0.068826,0.036739,0.036739,1.0,8
cross_stall_occ_r3__cross_stall_occ_r8,same_matched,cross_stall_occ_r3,cross_stall_occ_r8,cross,cross,cross_stall_occ,cross_stall_occ,0,1.0,0.068504,0.032454,0.032454,1.0,8
lead_cont_r1__lead_nec_r8,same_matched,lead_cont_r1,lead_nec_r8,lead,lead,lead_cont,lead_nec,0,3.0,0.346258,0.278011,0.278011,1.0,8
block_cont_r12__block_nec_r3,same_matched,block_cont_r12,block_nec_r3,block_or_occupancy,block_or_occupancy,block_cont,block_nec,0,1.0,0.354625,0.239969,0.239969,1.0,8
lead_cont_r11__lead_opt_r11,same_matched,lead_cont_r11,lead_opt_r11,lead,lead,lead_cont,lead_opt,0,1.0,0.350703,0.290491,0.290491,1.0,8
block_cont_r7__temp_opt_r8,same_matched,block_cont_r7,temp_opt_r8,block_or_occupancy,block_or_occupancy,block_cont,temp_opt,0,0.0,0.368229,0.275521,0.275521,1.0,8
cross_stall_occ_r1__cross_stall_r11,same_matched,cross_stall_occ_r1,cross_stall_r11,cross,cross,cross_stall_occ,cross_stall,0,2.0,0.370395,0.269523,0.269523,1.0,8
block_cont_r7__block_nec_r10,same_matched,block_cont_r7,block_nec_r10,block_or_occupancy,block_or_occupancy,block_cont,block_nec,0,1.0,0.352595,0.264747,0.264747,1.0,8
lead_cont_r7__lead_nec_r3,same_matched,lead_cont_r7,lead_nec_r3,lead,lead,lead_cont,lead_nec,0,1.0,0.365795,0.284767,0.284767,1.0,8
block_cont_r2__block_nec_r12,same_matched,block_cont_r2,block_nec_r12,block_or_occupancy,block_or_occupancy,block_cont,block_nec,0,0.0,0.35067,0.275823,0.275823,1.0,8
lead_cont_r12__lead_nec_r1,same_matched,lead_cont_r12,lead_nec_r1,lead,lead,lead_cont,lead_nec,0,2.0,0.371865,0.287312,0.287312,1.0,8
cross_stall_occ_r11__cross_stall_r10,same_matched,cross_stall_occ_r11,cross_stall_r10,cross,cross,cross_stall_occ,cross_stall,0,1.0,0.368336,0.28874,0.28874,1.0,8
cross_clear_r3__cross_stall_occ_r8,same_matched,cross_clear_r3,cross_stall_occ_r8,cross,cross,cross_clear,cross_stall_occ,0,0.0,0.353845,0.280136,0.280136,1.0,8
lead_cont_r12__lead_opt_r1,same_matched,lead_cont_r12,lead_opt_r1,lead,lead,lead_cont,lead_opt,0,2.0,0.359329,0.280763,0.280763,1.0,8
block_cont_r2__temp_opt_r8,same_matched,block_cont_r2,temp_opt_r8,block_or_occupancy,block_or_occupancy,block_cont,temp_opt,0,2.0,0.359481,0.272884,0.272884,1.0,8
lead_cont_r9__lead_opt_r5,same_matched,lead_cont_r9,lead_opt_r5,lead,lead,lead_cont,lead_opt,0,1.0,0.34676,0.279226,0.279226,1.0,8
block_cont_r9__temp_opt_r4,same_matched,block_cont_r9,temp_opt_r4,block_or_occupancy,block_or_occupancy,block_cont,temp_opt,0,2.0,0.384711,0.32114,0.32114,1.0,8
block_cont_r2__temp_opt_r12,same_matched,block_cont_r2,temp_opt_r12,block_or_occupancy,block_or_occupancy,block_cont,temp_opt,0,2.0,0.373799,0.264571,0.264571,1.0,8
block_cont_r6__block_nec_r12,same_matched,block_cont_r6,block_nec_r12,block_or_occupancy,block_or_occupancy,block_cont,block_nec,0,2.0,0.375955,0.290638,0.290638,1.0,8
lead_cont_r5__lead_opt_r2,same_matched,lead_cont_r5,lead_opt_r2,lead,lead,lead_cont,lead_opt,0,2.0,0.348888,0.281727,0.281727,1.0,8
block_cont_r1__temp_opt_r12,same_matched,block_cont_r1,temp_opt_r12,block_or_occupancy,block_or_occupancy,block_cont,temp_opt,0,2.0,0.373598,0.269472,0.269472,1.0,8
lead_cont_r1__lead_opt_r3,same_matched,lead_cont_r1,lead_opt_r3,lead,lead,lead_cont,lead_opt,0,1.0,0.346765,0.279172,0.279172,1.0,8
lead_cont_r9__lead_opt_r8,same_matched,lead_cont_r9,lead_opt_r8,lead,lead,lead_cont,lead_opt,0,0.0,0.356102,0.276925,0.276925,1.0,8
cross_clear_r1__cross_stall_occ_r11,same_matched,cross_clear_r1,cross_stall_occ_r11,cross,cross,cross_clear,cross_stall_occ,0,2.0,0.351952,0.293375,0.293375,1.0,8
cross_stall_occ_r2__cross_stall_r2,same_matched,cross_stall_occ_r2,cross_stall_r2,cross,cross,cross_stall_occ,cross_stall,0,0.0,0.346448,0.279101,0.279101,1.0,8
block_cont_r6__block_nec_r9,same_matched,block_cont_r6,block_nec_r9,block_or_occupancy,block_or_occupancy,block_cont,block_nec,0,1.0,0.34503,0.213858,0.213858,1.0,8
block_cont_r2__temp_opt_r7,same_matched,block_cont_r2,temp_opt_r7,block_or_occupancy,block_or_occupancy,block_cont,temp_opt,0,2.0,0.394652,0.265284,0.265284,1.0,8
block_cont_r3__temp_opt_r7,same_matched,block_cont_r3,temp_opt_r7,block_or_occupancy,block_or_occupancy,block_cont,temp_opt,0,1.0,0.402464,0.268192,0.268192,1.0,8
block_cont_r6__temp_opt_r12,same_matched,block_cont_r6,temp_opt_r12,block_or_occupancy,block_or_occupancy,block_cont,temp_opt,0,0.0,0.393452,0.27372,0.27372,1.0,8
cross_stall_occ_r8__cross_stall_r6,same_matched,cross_stall_occ_r8,cross_stall_r6,cross,cross,cross_stall_occ,cross_stall,0,2.0,0.360465,0.287356,0.287356,1.0,8
block_cont_r12__temp_opt_r3,same_matched,block_cont_r12,temp_opt_r3,block_or_occupancy,block_or_occupancy,block_cont,temp_opt,0,0.0,0.388913,0.306548,0.306548,1.0,8
block_cont_r7__temp_opt_r9,same_matched,block_cont_r7,temp_opt_r9,block_or_occupancy,block_or_occupancy,block_cont,temp_opt,0,0.0,0.369377,0.291523,0.291523,1.0,8
block_cont_r7__temp_opt_r12,same_matched,block_cont_r7,temp_opt_r12,block_or_occupancy,block_or_occupancy,block_cont,temp_opt,0,0.0,0.384576,0.269042,0.269042,1.0,8
block_cont_r10__temp_opt_r6,same_matched,block_cont_r10,temp_opt_r6,block_or_occupancy,block_or_occupancy,block_cont,temp_opt,0,0.0,0.361418,0.302266,0.302266,1.0,8
lead_cont_r1__lead_nec_r7,same_matched,lead_cont_r1,lead_nec_r7,lead,lead,lead_cont,lead_nec,0,2.0,0.359565,0.28451,0.28451,1.0,8
lead_cont_r1__lead_opt_r2,same_matched,lead_cont_r1,lead_opt_r2,lead,lead,lead_cont,lead_opt,0,0.0,0.367193,0.292058,0.292058,1.0,8
lead_cont_r7__lead_nec_r6,same_matched,lead_cont_r7,lead_nec_r6,lead,lead,lead_cont,lead_nec,0,0.0,0.353359,0.279076,0.279076,1.0,8
cross_clear_r7__cross_stall_occ_r2,same_matched,cross_clear_r7,cross_stall_occ_r2,cross,cross,cross_clear,cross_stall_occ,0,1.0,0.338219,0.268223,0.268223,1.0,8
cross_stall_r10__cross_stall_r7,same_matched,cross_stall_r10,cross_stall_r7,cross,cross,cross_stall,cross_stall,0,1.0,0.002379,0.002111,0.002111,1.0,8
cross_stall_occ_r1__cross_stall_occ_r12,same_matched,cross_stall_occ_r1,cross_stall_occ_r12,cross,cross,cross_stall_occ,cross_stall_occ,0,2.0,0.058864,0.037479,0.037479,1.0,8
block_nec_r10__temp_opt_r6,same_matched,block_nec_r10,temp_opt_r6,block_or_occupancy,block_or_occupancy,block_nec,temp_opt,0,0.0,0.053682,0.052295,0.052295,1.0,8
block_cont_r1__block_cont_r11,same_matched,block_cont_r1,block_cont_r11,block_or_occupancy,block_or_occupancy,block_cont,block_cont,0,2.0,0.036692,0.041327,0.041327,1.0,8
temp_opt_r12__temp_opt_r6,same_matched,temp_opt_r12,temp_opt_r6,block_or_occupancy,block_or_occupancy,temp_opt,temp_opt,0,1.0,0.026473,0.052164,0.052164,1.0,8
block_nec_r2__temp_opt_r5,same_matched,block_nec_r2,temp_opt_r5,block_or_occupancy,block_or_occupancy,block_nec,temp_opt,0,1.0,0.055264,0.050452,0.050452,1.0,8
block_nec_r1__temp_opt_r6,same_matched,block_nec_r1,temp_opt_r6,block_or_occupancy,block_or_occupancy,block_nec,temp_opt,0,1.0,0.080622,0.087392,0.087392,1.0,8
lead_opt_r2__lead_opt_r8,same_matched,lead_opt_r2,lead_opt_r8,lead,lead,lead_opt,lead_opt,0,3.0,0.041352,0.039851,0.039851,1.0,8
cross_clear_r1__cross_clear_r3,same_matched,cross_clear_r1,cross_clear_r3,cross,cross,cross_clear,cross_clear,0,0.0,0.057383,0.022373,0.022373,1.0,8
temp_opt_r5__temp_opt_r7,same_matched,temp_opt_r5,temp_opt_r7,block_or_occupancy,block_or_occupancy,temp_opt,temp_opt,0,1.0,0.036895,0.061344,0.061344,1.0,8
block_cont_r12__block_cont_r5,same_matched,block_cont_r12,block_cont_r5,block_or_occupancy,block_or_occupancy,block_cont,block_cont,0,2.0,0.058607,0.045447,0.045447,1.0,8
block_cont_r2__block_cont_r8,same_matched,block_cont_r2,block_cont_r8,block_or_occupancy,block_or_occupancy,block_cont,block_cont,0,3.0,0.046006,0.032681,0.032681,1.0,8
cross_stall_occ_r7__cross_stall_r3,same_matched,cross_stall_occ_r7,cross_stall_r3,cross,cross,cross_stall_occ,cross_stall,0,1.0,0.339956,0.271448,0.271448,1.0,8
lead_cont_r1__lead_opt_r10,same_matched,lead_cont_r1,lead_opt_r10,lead,lead,lead_cont,lead_opt,0,2.0,0.348392,0.279679,0.279679,1.0,8
block_cont_r6__block_nec_r6,same_matched,block_cont_r6,block_nec_r6,block_or_occupancy,block_or_occupancy,block_cont,block_nec,0,0.0,0.344256,0.233551,0.233551,1.0,8
lead_cont_r2__lead_opt_r10,same_matched,lead_cont_r2,lead_opt_r10,lead,lead,lead_cont,lead_opt,0,2.0,0.361712,0.28629,0.28629,1.0,8
cross_stall_occ_r2__cross_stall_r6,same_matched,cross_stall_occ_r2,cross_stall_r6,cross,cross,cross_stall_occ,cross_stall,0,2.0,0.363897,0.289121,0.289121,1.0,8
lead_cont_r6__lead_opt_r11,same_matched,lead_cont_r6,lead_opt_r11,lead,lead,lead_cont,lead_opt,0,2.0,0.346189,0.278259,0.278259,1.0,8
lead_cont_r1__lead_nec_r12,same_matched,lead_cont_r1,lead_nec_r12,lead,lead,lead_cont,lead_nec,0,2.0,0.359392,0.284484,0.284484,1.0,8
lead_cont_r6__lead_nec_r9,same_matched,lead_cont_r6,lead_nec_r9,lead,lead,lead_cont,lead_nec,0,1.0,0.34448,0.276303,0.276303,1.0,8
lead_cont_r1__lead_opt_r12,same_matched,lead_cont_r1,lead_opt_r12,lead,lead,lead_cont,lead_opt,0,1.0,0.365059,0.29029,0.29029,1.0,8
cross_clear_r11__cross_stall_occ_r11,same_matched,cross_clear_r11,cross_stall_occ_r11,cross,cross,cross_clear,cross_stall_occ,0,0.0,0.36197,0.253386,0.253386,1.0,8
cross_stall_occ_r9__cross_stall_r2,same_matched,cross_stall_occ_r9,cross_stall_r2,cross,cross,cross_stall_occ,cross_stall,0,1.0,0.347515,0.281237,0.281237,1.0,8
lead_cont_r7__lead_nec_r4,same_matched,lead_cont_r7,lead_nec_r4,lead,lead,lead_cont,lead_nec,0,1.0,0.352809,0.278142,0.278142,1.0,8
lead_cont_r6__lead_nec_r5,same_matched,lead_cont_r6,lead_nec_r5,lead,lead,lead_cont,lead_nec,0,0.0,0.353068,0.279946,0.279946,1.0,8
lead_cont_r1__lead_opt_r10,same_matched,lead_cont_r1,lead_opt_r10,lead,lead,lead_cont,lead_opt,0,2.0,0.348392,0.279679,0.279679,1.0,8
cross_stall_occ_r11__cross_stall_r8,same_matched,cross_stall_occ_r11,cross_stall_r8,cross,cross,cross_stall_occ,cross_stall,0,2.0,0.379351,0.297409,0.297409,1.0,8
lead_cont_r12__lead_nec_r11,same_matched,lead_cont_r12,lead_nec_r11,lead,lead,lead_cont,lead_nec,0,1.0,0.367468,0.285772,0.285772,1.0,8
block_cont_r7__temp_opt_r9,same_matched,block_cont_r7,temp_opt_r9,block_or_occupancy,block_or_occupancy,block_cont,temp_opt,0,0.0,0.369377,0.291523,0.291523,1.0,8
cross_stall_occ_r7__cross_stall_r9,same_matched,cross_stall_occ_r7,cross_stall_r9,cross,cross,cross_stall_occ,cross_stall,0,1.0,0.347094,0.273001,0.273001,1.0,8
block_cont_r4__temp_opt_r4,same_matched,block_cont_r4,temp_opt_r4,block_or_occupancy,block_or_occupancy,block_cont,temp_opt,0,0.0,0.367261,0.299452,0.299452,1.0,8
lead_cont_r12__lead_nec_r7,same_matched,lead_cont_r12,lead_nec_r7,lead,lead,lead_cont,lead_nec,0,0.0,0.350173,0.277027,0.277027,1.0,8
lead_cont_r12__lead_nec_r4,same_matched,lead_cont_r12,lead_nec_r4,lead,lead,lead_cont,lead_nec,0,1.0,0.352636,0.278117,0.278117,1.0,8
lead_cont_r1__lead_opt_r7,same_matched,lead_cont_r1,lead_opt_r7,lead,lead,lead_cont,lead_opt,0,3.0,0.355033,0.277383,0.277383,1.0,8
block_cont_r12__block_nec_r3,same_matched,block_cont_r12,block_nec_r3,block_or_occupancy,block_or_occupancy,block_cont,block_nec,0,1.0,0.354625,0.239969,0.239969,1.0,8
cross_stall_occ_r7__cross_stall_r9,same_matched,cross_stall_occ_r7,cross_stall_r9,cross,cross,cross_stall_occ,cross_stall,0,1.0,0.347094,0.273001,0.273001,1.0,8
block_cont_r4__temp_opt_r10,same_matched,block_cont_r4,temp_opt_r10,block_or_occupancy,block_or_occupancy,block_cont,temp_opt,0,1.0,0.388017,0.315637,0.315637,1.0,8
block_cont_r10__temp_opt_r1,same_matched,block_cont_r10,temp_opt_r1,block_or_occupancy,block_or_occupancy,block_cont,temp_opt,0,1.0,0.396099,0.316689,0.316689,1.0,8
block_cont_r4__temp_opt_r10,same_matched,block_cont_r4,temp_opt_r10,block_or_occupancy,block_or_occupancy,block_cont,temp_opt,0,1.0,0.388017,0.315637,0.315637,1.0,8
cross_stall_occ_r2__cross_stall_r12,same_matched,cross_stall_occ_r2,cross_stall_r12,cross,cross,cross_stall_occ,cross_stall,0,2.0,0.367842,0.28713,0.28713,1.0,8
block_cont_r10__temp_opt_r4,same_matched,block_cont_r10,temp_opt_r4,block_or_occupancy,block_or_occupancy,block_cont,temp_opt,0,0.0,0.383311,0.30308,0.30308,1.0,8
block_cont_r6__block_nec_r7,same_matched,block_cont_r6,block_nec_r7,block_or_occupancy,block_or_occupancy,block_cont,block_nec,0,0.0,0.363132,0.267186,0.267186,1.0,8
cross_stall_occ_r8__cross_stall_r11,same_matched,cross_stall_occ_r8,cross_stall_r11,cross,cross,cross_stall_occ,cross_stall,0,2.0,0.38077,0.272693,0.272693,1.0,8
lead_cont_r7__lead_nec_r10,same_matched,lead_cont_r7,lead_nec_r10,lead,lead,lead_cont,lead_nec,0,1.0,0.363852,0.285757,0.285757,1.0,8
lead_cont_r2__lead_nec_r3,same_matched,lead_cont_r2,lead_nec_r3,lead,lead,lead_cont,lead_nec,0,1.0,0.355347,0.28459,0.28459,1.0,8
lead_cont_r7__lead_nec_r8,same_matched,lead_cont_r7,lead_nec_r8,lead,lead,lead_cont,lead_nec,0,1.0,0.364444,0.285808,0.285808,1.0,8
block_cont_r11__block_nec_r12,same_matched,block_cont_r11,block_nec_r12,block_or_occupancy,block_or_occupancy,block_cont,block_nec,0,2.0,0.366843,0.311759,0.311759,1.0,8
cross_stall_occ_r11__cross_stall_r9,same_matched,cross_stall_occ_r11,cross_stall_r9,cross,cross,cross_stall_occ,cross_stall,0,1.0,0.356747,0.274557,0.274557,1.0,8
block_cont_r11__block_cont_r9,same_matched,block_cont_r11,block_cont_r9,block_or_occupancy,block_or_occupancy,block_cont,block_cont,0,1.0,0.063304,0.036872,0.036872,1.0,8
cross_clear_r5__cross_clear_r7,same_matched,cross_clear_r5,cross_clear_r7,cross,cross,cross_clear,cross_clear,0,0.0,0.077208,0.090195,0.090195,1.0,8
lead_cont_r1__lead_cont_r9,same_matched,lead_cont_r1,lead_cont_r9,lead,lead,lead_cont,lead_cont,0,3.0,0.044238,0.01645,0.01645,1.0,8
cross_stall_occ_r12__cross_stall_occ_r2,same_matched,cross_stall_occ_r12,cross_stall_occ_r2,cross,cross,cross_stall_occ,cross_stall_occ,0,2.0,0.07267,0.044628,0.044628,1.0,8
cross_clear_r1__cross_stall_r9,same_matched,cross_clear_r1,cross_stall_r9,cross,cross,cross_clear,cross_stall,0,1.0,0.087123,0.040131,0.040131,1.0,8
block_cont_r2__block_cont_r8,same_matched,block_cont_r2,block_cont_r8,block_or_occupancy,block_or_occupancy,block_cont,block_cont,0,3.0,0.046006,0.032681,0.032681,1.0,8
cross_clear_r2__cross_stall_r10,same_matched,cross_clear_r2,cross_stall_r10,cross,cross,cross_clear,cross_stall,0,1.0,0.07443,0.038862,0.038862,1.0,8
block_nec_r11__block_nec_r9,same_matched,block_nec_r11,block_nec_r9,block_or_occupancy,block_or_occupancy,block_nec,block_nec,0,1.0,0.081488,0.061744,0.061744,1.0,8
cross_clear_r8__cross_stall_r6,same_matched,cross_clear_r8,cross_stall_r6,cross,cross,cross_clear,cross_stall,0,1.0,0.093447,0.063333,0.063333,1.0,8
cross_stall_occ_r12__cross_stall_occ_r2,same_matched,cross_stall_occ_r12,cross_stall_occ_r2,cross,cross,cross_stall_occ,cross_stall_occ,0,2.0,0.07267,0.044628,0.044628,1.0,8
block_nec_r2__temp_opt_r4,same_matched,block_nec_r2,temp_opt_r4,block_or_occupancy,block_or_occupancy,block_nec,temp_opt,0,1.0,0.076632,0.051337,0.051337,1.0,8
block_cont_r11__block_cont_r6,same_matched,block_cont_r11,block_cont_r6,block_or_occupancy,block_or_occupancy,block_cont,block_cont,0,0.0,0.060447,0.033825,0.033825,1.0,8
block_cont_r12__block_nec_r4,same_matched,block_cont_r12,block_nec_r4,block_or_occupancy,block_or_occupancy,block_cont,block_nec,0,1.0,0.355384,0.260993,0.260993,1.0,8
lead_cont_r2__lead_opt_r9,same_matched,lead_cont_r2,lead_opt_r9,lead,lead,lead_cont,lead_opt,0,1.0,0.363589,0.286031,0.286031,1.0,8
lead_cont_r1__lead_nec_r7,same_matched,lead_cont_r1,lead_nec_r7,lead,lead,lead_cont,lead_nec,0,2.0,0.359565,0.28451,0.28451,1.0,8
lead_cont_r1__lead_opt_r11,same_matched,lead_cont_r1,lead_opt_r11,lead,lead,lead_cont,lead_opt,0,0.0,0.377087,0.296723,0.296723,1.0,8
cross_stall_occ_r11__cross_stall_r8,same_matched,cross_stall_occ_r11,cross_stall_r8,cross,cross,cross_stall_occ,cross_stall,0,2.0,0.379351,0.297409,0.297409,1.0,8
cross_stall_occ_r11__cross_stall_r12,same_matched,cross_stall_occ_r11,cross_stall_r12,cross,cross,cross_stall_occ,cross_stall,0,0.0,0.361625,0.277775,0.277775,1.0,8
block_cont_r8__block_nec_r12,same_matched,block_cont_r8,block_nec_r12,block_or_occupancy,block_or_occupancy,block_cont,block_nec,0,3.0,0.374988,0.303747,0.303747,1.0,8
lead_cont_r1__lead_nec_r7,same_matched,lead_cont_r1,lead_nec_r7,lead,lead,lead_cont,lead_nec,0,2.0,0.359565,0.28451,0.28451,1.0,8
cross_stall_occ_r8__cross_stall_r11,same_matched,cross_stall_occ_r8,cross_stall_r11,cross,cross,cross_stall_occ,cross_stall,0,2.0,0.38077,0.272693,0.272693,1.0,8
block_cont_r5__temp_opt_r9,same_matched,block_cont_r5,temp_opt_r9,block_or_occupancy,block_or_occupancy,block_cont,temp_opt,0,0.0,0.37773,0.309484,0.309484,1.0,8
lead_cont_r1__lead_nec_r6,same_matched,lead_cont_r1,lead_nec_r6,lead,lead,lead_cont,lead_nec,0,2.0,0.362924,0.286583,0.286583,1.0,8
cross_stall_occ_r11__cross_stall_r10,same_matched,cross_stall_occ_r11,cross_stall_r10,cross,cross,cross_stall_occ,cross_stall,0,1.0,0.368336,0.28874,0.28874,1.0,8
cross_stall_occ_r11__cross_stall_r7,same_matched,cross_stall_occ_r11,cross_stall_r7,cross,cross,cross_stall_occ,cross_stall,0,2.0,0.368681,0.290385,0.290385,1.0,8
block_cont_r4__temp_opt_r3,same_matched,block_cont_r4,temp_opt_r3,block_or_occupancy,block_or_occupancy,block_cont,temp_opt,0,1.0,0.355166,0.302086,0.302086,1.0,8
block_cont_r10__temp_opt_r11,same_matched,block_cont_r10,temp_opt_r11,block_or_occupancy,block_or_occupancy,block_cont,temp_opt,0,0.0,0.395117,0.315998,0.315998,1.0,8
cross_stall_occ_r11__cross_stall_r2,same_matched,cross_stall_occ_r11,cross_stall_r2,cross,cross,cross_stall_occ,cross_stall,0,2.0,0.38302,0.299513,0.299513,1.0,8
block_cont_r9__temp_opt_r4,same_matched,block_cont_r9,temp_opt_r4,block_or_occupancy,block_or_occupancy,block_cont,temp_opt,0,2.0,0.384711,0.32114,0.32114,1.0,8
block_cont_r5__block_nec_r2,same_matched,block_cont_r5,block_nec_r2,block_or_occupancy,block_or_occupancy,block_cont,block_nec,0,2.0,0.358068,0.284131,0.284131,1.0,8
cross_stall_occ_r11__cross_stall_r2,same_matched,cross_stall_occ_r11,cross_stall_r2,cross,cross,cross_stall_occ,cross_stall,0,2.0,0.38302,0.299513,0.299513,1.0,8
lead_cont_r7__lead_nec_r2,same_matched,lead_cont_r7,lead_nec_r2,lead,lead,lead_cont,lead_nec,0,2.0,0.353285,0.279976,0.279976,1.0,8
cross_stall_occ_r11__cross_stall_r6,same_matched,cross_stall_occ_r11,cross_stall_r6,cross,cross,cross_stall_occ,cross_stall,0,0.0,0.365571,0.284681,0.284681,1.0,8
cross_stall_occ_r2__cross_stall_r1,same_matched,cross_stall_occ_r2,cross_stall_r1,cross,cross,cross_stall_occ,cross_stall,0,0.0,0.356495,0.284499,0.284499,1.0,8
lead_cont_r9__lead_opt_r9,same_matched,lead_cont_r9,lead_opt_r9,lead,lead,lead_cont,lead_opt,0,2.0,0.346466,0.278933,0.278933,1.0,8
lead_cont_r7__lead_nec_r6,same_matched,lead_cont_r7,lead_nec_r6,lead,lead,lead_cont,lead_nec,0,0.0,0.353359,0.279076,0.279076,1.0,8
block_cont_r3__temp_opt_r5,same_matched,block_cont_r3,temp_opt_r5,block_or_occupancy,block_or_occupancy,block_cont,temp_opt,0,0.0,0.403661,0.322486,0.322486,1.0,8
block_cont_r5__temp_opt_r7,same_matched,block_cont_r5,temp_opt_r7,block_or_occupancy,block_or_occupancy,block_cont,temp_opt,0,0.0,0.412135,0.280274,0.280274,1.0,8
block_cont_r3__temp_opt_r7,same_matched,block_cont_r3,temp_opt_r7,block_or_occupancy,block_or_occupancy,block_cont,temp_opt,0,1.0,0.402464,0.268192,0.268192,1.0,8
lead_cont_r7__lead_nec_r9,same_matched,lead_cont_r7,lead_nec_r9,lead,lead,lead_cont,lead_nec,0,1.0,0.359095,0.283112,0.283112,1.0,8
block_cont_r1__temp_opt_r5,same_matched,block_cont_r1,temp_opt_r5,block_or_occupancy,block_or_occupancy,block_cont,temp_opt,0,1.0,0.397989,0.321495,0.321495,1.0,8
cross_clear_r7__cross_stall_occ_r11,same_matched,cross_clear_r7,cross_stall_occ_r11,cross,cross,cross_clear,cross_stall_occ,0,1.0,0.378423,0.288599,0.288599,1.0,8
block_cont_r2__temp_opt_r6,same_matched,block_cont_r2,temp_opt_r6,block_or_occupancy,block_or_occupancy,block_cont,temp_opt,0,1.0,0.392251,0.311069,0.311069,1.0,8
block_cont_r7__temp_opt_r9,same_matched,block_cont_r7,temp_opt_r9,block_or_occupancy,block_or_occupancy,block_cont,temp_opt,0,0.0,0.369377,0.291523,0.291523,1.0,8
lead_cont_r6__lead_opt_r8,same_matched,lead_cont_r6,lead_opt_r8,lead,lead,lead_cont,lead_opt,0,1.0,0.369108,0.281271,0.281271,1.0,8
block_cont_r2__temp_opt_r12,same_matched,block_cont_r2,temp_opt_r12,block_or_occupancy,block_or_occupancy,block_cont,temp_opt,0,2.0,0.373799,0.264571,0.264571,1.0,8
lead_cont_r9__lead_opt_r7,same_matched,lead_cont_r9,lead_opt_r7,lead,lead,lead_cont,lead_opt,0,0.0,0.347301,0.276709,0.276709,1.0,8
block_cont_r5__block_nec_r9,same_matched,block_cont_r5,block_nec_r9,block_or_occupancy,block_or_occupancy,block_cont,block_nec,0,1.0,0.334008,0.213476,0.213476,1.0,8
lead_cont_r1__lead_opt_r8,same_matched,lead_cont_r1,lead_opt_r8,lead,lead,lead_cont,lead_opt,0,3.0,0.355417,0.273164,0.273164,1.0,8
cross_clear_r7__cross_stall_occ_r5,same_matched,cross_clear_r7,cross_stall_occ_r5,cross,cross,cross_clear,cross_stall_occ,0,1.0,0.336039,0.270652,0.270652,1.0,8
lead_cont_r6__lead_opt_r12,same_matched,lead_cont_r6,lead_opt_r12,lead,lead,lead_cont,lead_opt,0,1.0,0.337852,0.272771,0.272771,1.0,8
block_cont_r12__temp_opt_r3,same_matched,block_cont_r12,temp_opt_r3,block_or_occupancy,block_or_occupancy,block_cont,temp_opt,0,0.0,0.388913,0.306548,0.306548,1.0,8
cross_stall_occ_r11__cross_stall_r8,same_matched,cross_stall_occ_r11,cross_stall_r8,cross,cross,cross_stall_occ,cross_stall,0,2.0,0.379351,0.297409,0.297409,1.0,8
cross_clear_r11__cross_stall_occ_r8,same_matched,cross_clear_r11,cross_stall_occ_r8,cross,cross,cross_clear,cross_stall_occ,0,2.0,0.339508,0.237552,0.237552,1.0,8
lead_cont_r6__lead_opt_r12,same_matched,lead_cont_r6,lead_opt_r12,lead,lead,lead_cont,lead_opt,0,1.0,0.337852,0.272771,0.272771,1.0,8
lead_cont_r2__lead_opt_r4,same_matched,lead_cont_r2,lead_opt_r4,lead,lead,lead_cont,lead_opt,0,1.0,0.345767,0.279095,0.279095,1.0,8
block_cont_r4__temp_opt_r2,same_matched,block_cont_r4,temp_opt_r2,block_or_occupancy,block_or_occupancy,block_cont,temp_opt,0,1.0,0.375294,0.31141,0.31141,1.0,8
block_cont_r12__temp_opt_r3,same_matched,block_cont_r12,temp_opt_r3,block_or_occupancy,block_or_occupancy,block_cont,temp_opt,0,0.0,0.388913,0.306548,0.306548,1.0,8
lead_cont_r6__lead_nec_r7,same_matched,lead_cont_r6,lead_nec_r7,lead,lead,lead_cont,lead_nec,0,0.0,0.335385,0.270193,0.270193,1.0,8
cross_clear_r4__cross_stall_occ_r11,same_matched,cross_clear_r4,cross_stall_occ_r11,cross,cross,cross_clear,cross_stall_occ,0,2.0,0.362265,0.294746,0.294746,1.0,8
lead_nec_r1__lead_opt_r8,same_matched,lead_nec_r1,lead_opt_r8,lead,lead,lead_nec,lead_opt,0,3.0,0.01789,0.024375,0.024375,1.0,8
lead_nec_r2__lead_opt_r9,same_matched,lead_nec_r2,lead_opt_r9,lead,lead,lead_nec,lead_opt,0,1.0,0.026068,0.013584,0.013584,1.0,8
lead_nec_r7__lead_opt_r7,same_matched,lead_nec_r7,lead_opt_r7,lead,lead,lead_nec,lead_opt,0,1.0,0.02231,0.019169,0.019169,1.0,8
lead_opt_r10__lead_opt_r11,same_matched,lead_opt_r10,lead_opt_r11,lead,lead,lead_opt,lead_opt,0,2.0,0.039682,0.022487,0.022487,1.0,8
cross_clear_r12__cross_clear_r6,same_matched,cross_clear_r12,cross_clear_r6,cross,cross,cross_clear,cross_clear,0,1.0,0.042067,0.035673,0.035673,1.0,8
lead_nec_r7__lead_opt_r5,same_matched,lead_nec_r7,lead_opt_r5,lead,lead,lead_nec,lead_opt,0,0.0,0.02414,0.012265,0.012265,1.0,8
cross_stall_r11__cross_stall_r8,same_matched,cross_stall_r11,cross_stall_r8,cross,cross,cross_stall,cross_stall,0,2.0,0.03749,0.056656,0.056656,1.0,8
lead_nec_r7__lead_opt_r7,same_matched,lead_nec_r7,lead_opt_r7,lead,lead,lead_nec,lead_opt,0,1.0,0.02231,0.019169,0.019169,1.0,8
temp_opt_r10__temp_opt_r7,same_matched,temp_opt_r10,temp_opt_r7,block_or_occupancy,block_or_occupancy,temp_opt,temp_opt,0,2.0,0.043272,0.07137,0.07137,1.0,8
lead_cont_r5__lead_cont_r9,same_matched,lead_cont_r5,lead_cont_r9,lead,lead,lead_cont,lead_cont,0,1.0,0.039902,0.023121,0.023121,1.0,8
lead_nec_r6__lead_opt_r7,same_matched,lead_nec_r6,lead_opt_r7,lead,lead,lead_nec,lead_opt,0,1.0,0.025482,0.020792,0.020792,1.0,8
block_cont_r3__block_cont_r6,same_matched,block_cont_r3,block_cont_r6,block_or_occupancy,block_or_occupancy,block_cont,block_cont,0,1.0,0.030836,0.020225,0.020225,1.0,8
block_nec_r3__block_nec_r4,same_matched,block_nec_r3,block_nec_r4,block_or_occupancy,block_or_occupancy,block_nec,block_nec,0,0.0,0.031043,0.041918,0.041918,1.0,8
lead_nec_r1__lead_opt_r8,same_matched,lead_nec_r1,lead_opt_r8,lead,lead,lead_nec,lead_opt,0,3.0,0.01789,0.024375,0.024375,1.0,8
lead_cont_r1__lead_cont_r10,same_matched,lead_cont_r1,lead_cont_r10,lead,lead,lead_cont,lead_cont,0,3.0,0.057454,0.029237,0.029237,1.0,8
block_cont_r2__block_cont_r5,same_matched,block_cont_r2,block_cont_r5,block_or_occupancy,block_or_occupancy,block_cont,block_cont,0,2.0,0.045471,0.037479,0.037479,1.0,8
block_cont_r5__block_cont_r7,same_matched,block_cont_r5,block_cont_r7,block_or_occupancy,block_or_occupancy,block_cont,block_cont,0,0.0,0.048118,0.028689,0.028689,1.0,8
cross_stall_r3__cross_stall_r8,same_matched,cross_stall_r3,cross_stall_r8,cross,cross,cross_stall,cross_stall,0,1.0,0.0205,0.018799,0.018799,1.0,8
block_nec_r1__block_nec_r8,same_matched,block_nec_r1,block_nec_r8,block_or_occupancy,block_or_occupancy,block_nec,block_nec,0,3.0,0.045183,0.058769,0.058769,1.0,8
cross_stall_r12__cross_stall_r8,same_matched,cross_stall_r12,cross_stall_r8,cross,cross,cross_stall,cross_stall,0,2.0,0.017726,0.019634,0.019634,1.0,8
lead_opt_r10__lead_opt_r12,same_matched,lead_opt_r10,lead_opt_r12,lead,lead,lead_opt,lead_opt,0,1.0,0.027655,0.016055,0.016055,1.0,8
lead_nec_r11__lead_opt_r12,same_matched,lead_nec_r11,lead_opt_r12,lead,lead,lead_nec,lead_opt,0,0.0,0.023134,0.014576,0.014576,1.0,8
block_nec_r4__block_nec_r9,same_matched,block_nec_r4,block_nec_r9,block_or_occupancy,block_or_occupancy,block_nec,block_nec,0,2.0,0.017037,0.051981,0.051981,1.0,8
lead_nec_r2__lead_nec_r8,same_matched,lead_nec_r2,lead_nec_r8,lead,lead,lead_nec,lead_nec,0,3.0,0.016475,0.011459,0.011459,1.0,8
temp_opt_r2__temp_opt_r8,same_matched,temp_opt_r2,temp_opt_r8,block_or_occupancy,block_or_occupancy,temp_opt,temp_opt,0,2.0,0.066101,0.053934,0.053934,1.0,8
cross_clear_r2__cross_stall_r7,same_matched,cross_clear_r2,cross_stall_r7,cross,cross,cross_clear,cross_stall,0,0.0,0.074086,0.03765,0.03765,1.0,8
cross_clear_r4__cross_stall_r2,same_matched,cross_clear_r4,cross_stall_r2,cross,cross,cross_clear,cross_stall,0,0.0,0.065087,0.03742,0.03742,1.0,8
lead_cont_r1__lead_cont_r7,same_matched,lead_cont_r1,lead_cont_r7,lead,lead,lead_cont,lead_cont,0,2.0,0.034512,0.016339,0.016339,1.0,8
block_cont_r11__block_cont_r8,same_matched,block_cont_r11,block_cont_r8,block_or_occupancy,block_or_occupancy,block_cont,block_cont,0,1.0,0.061414,0.029214,0.029214,1.0,8
cross_stall_r11__cross_stall_r2,same_matched,cross_stall_r11,cross_stall_r2,cross,cross,cross_stall,cross_stall,0,2.0,0.041159,0.058761,0.058761,1.0,8
block_cont_r5__block_cont_r9,same_matched,block_cont_r5,block_cont_r9,block_or_occupancy,block_or_occupancy,block_cont,block_cont,0,1.0,0.055858,0.023565,0.023565,1.0,8
lead_cont_r11__lead_cont_r9,same_matched,lead_cont_r11,lead_cont_r9,lead,lead,lead_cont,lead_cont,0,2.0,0.032792,0.017039,0.017039,1.0,8
lead_nec_r10__lead_opt_r11,same_matched,lead_nec_r10,lead_opt_r11,lead,lead,lead_nec,lead_opt,0,3.0,0.031374,0.020968,0.020968,1.0,8
temp_opt_r7__temp_opt_r8,same_matched,temp_opt_r7,temp_opt_r8,block_or_occupancy,block_or_occupancy,temp_opt,temp_opt,0,0.0,0.069051,0.052678,0.052678,1.0,8
lead_nec_r3__lead_opt_r2,same_matched,lead_nec_r3,lead_opt_r2,lead,lead,lead_nec,lead_opt,0,1.0,0.023423,0.015313,0.015313,1.0,8
lead_nec_r3__lead_opt_r3,same_matched,lead_nec_r3,lead_opt_r3,lead,lead,lead_nec,lead_opt,0,0.0,0.007984,0.004335,0.004335,1.0,8
cross_clear_r3__cross_stall_occ_r7,same_matched,cross_clear_r3,cross_stall_occ_r7,cross,cross,cross_clear,cross_stall_occ,0,0.0,0.360249,0.282309,0.282309,1.0,8
lead_cont_r9__lead_nec_r7,same_matched,lead_cont_r9,lead_nec_r7,lead,lead,lead_cont,lead_nec,0,1.0,0.340569,0.280584,0.280584,1.0,8
cross_stall_occ_r1__cross_stall_r2,same_matched,cross_stall_occ_r1,cross_stall_r2,cross,cross,cross_stall_occ,cross_stall,0,0.0,0.342412,0.274182,0.274182,1.0,8
block_cont_r2__temp_opt_r7,same_matched,block_cont_r2,temp_opt_r7,block_or_occupancy,block_or_occupancy,block_cont,temp_opt,0,2.0,0.394652,0.265284,0.265284,1.0,8
block_cont_r12__temp_opt_r7,same_matched,block_cont_r12,temp_opt_r7,block_or_occupancy,block_or_occupancy,block_cont,temp_opt,0,2.0,0.384165,0.262033,0.262033,1.0,8
block_cont_r6__block_nec_r6,same_matched,block_cont_r6,block_nec_r6,block_or_occupancy,block_or_occupancy,block_cont,block_nec,0,0.0,0.344256,0.233551,0.233551,1.0,8
cross_stall_occ_r1__cross_stall_r2,same_matched,cross_stall_occ_r1,cross_stall_r2,cross,cross,cross_stall_occ,cross_stall,0,0.0,0.342412,0.274182,0.274182,1.0,8
cross_clear_r3__cross_stall_occ_r2,same_matched,cross_clear_r3,cross_stall_occ_r2,cross,cross,cross_clear,cross_stall_occ,0,0.0,0.350413,0.278371,0.278371,1.0,8
block_cont_r4__temp_opt_r1,same_matched,block_cont_r4,temp_opt_r1,block_or_occupancy,block_or_occupancy,block_cont,temp_opt,0,1.0,0.380049,0.313061,0.313061,1.0,8
block_cont_r2__temp_opt_r7,same_matched,block_cont_r2,temp_opt_r7,block_or_occupancy,block_or_occupancy,block_cont,temp_opt,0,2.0,0.394652,0.265284,0.265284,1.0,8
lead_cont_r9__lead_nec_r5,same_matched,lead_cont_r9,lead_nec_r5,lead,lead,lead_cont,lead_nec,0,1.0,0.340062,0.278283,0.278283,1.0,8
block_cont_r3__temp_opt_r8,same_matched,block_cont_r3,temp_opt_r8,block_or_occupancy,block_or_occupancy,block_cont,temp_opt,0,1.0,0.366912,0.281386,0.281386,1.0,8
temp_opt_r4__temp_opt_r7,same_matched,temp_opt_r4,temp_opt_r7,block_or_occupancy,block_or_occupancy,temp_opt,temp_opt,0,1.0,0.022516,0.05521,0.05521,1.0,8
block_cont_r3__block_cont_r6,same_matched,block_cont_r3,block_cont_r6,block_or_occupancy,block_or_occupancy,block_cont,block_cont,0,1.0,0.030836,0.020225,0.020225,1.0,8
block_nec_r1__block_nec_r10,same_matched,block_nec_r1,block_nec_r10,block_or_occupancy,block_or_occupancy,block_nec,block_nec,0,1.0,0.026939,0.035097,0.035097,1.0,8
block_nec_r1__temp_opt_r8,same_matched,block_nec_r1,temp_opt_r8,block_or_occupancy,block_or_occupancy,block_nec,temp_opt,0,2.0,0.044447,0.04623,0.04623,1.0,8
block_cont_r10__block_cont_r2,same_matched,block_cont_r10,block_cont_r2,block_or_occupancy,block_or_occupancy,block_cont,block_cont,0,1.0,0.046763,0.025551,0.025551,1.0,8
cross_stall_r12__cross_stall_r5,same_matched,cross_stall_r12,cross_stall_r5,cross,cross,cross_stall,cross_stall,0,0.0,0.029076,0.033918,0.033918,1.0,8
cross_clear_r12__cross_clear_r6,same_matched,cross_clear_r12,cross_clear_r6,cross,cross,cross_clear,cross_clear,0,1.0,0.042067,0.035673,0.035673,1.0,8
lead_cont_r8__lead_cont_r9,same_matched,lead_cont_r8,lead_cont_r9,lead,lead,lead_cont,lead_cont,0,0.0,0.026929,0.016717,0.016717,1.0,8
block_cont_r5__block_cont_r7,same_matched,block_cont_r5,block_cont_r7,block_or_occupancy,block_or_occupancy,block_cont,block_cont,0,0.0,0.048118,0.028689,0.028689,1.0,8
cross_stall_occ_r11__cross_stall_occ_r7,same_matched,cross_stall_occ_r11,cross_stall_occ_r7,cross,cross,cross_stall_occ,cross_stall_occ,0,2.0,0.044578,0.030583,0.030583,1.0,8
cross_stall_r11__cross_stall_r4,same_matched,cross_stall_r11,cross_stall_r4,cross,cross,cross_stall,cross_stall,0,1.0,0.030177,0.050647,0.050647,1.0,8
cross_stall_occ_r11__cross_stall_occ_r9,same_matched,cross_stall_occ_r11,cross_stall_occ_r9,cross,cross,cross_stall_occ,cross_stall_occ,0,1.0,0.035505,0.026772,0.026772,1.0,8
lead_nec_r2__lead_opt_r8,same_matched,lead_nec_r2,lead_opt_r8,lead,lead,lead_nec,lead_opt,0,3.0,0.035754,0.034956,0.034956,1.0,8
temp_opt_r4__temp_opt_r7,same_matched,temp_opt_r4,temp_opt_r7,block_or_occupancy,block_or_occupancy,temp_opt,temp_opt,0,1.0,0.022516,0.05521,0.05521,1.0,8
cross_stall_occ_r3__cross_stall_occ_r7,same_matched,cross_stall_occ_r3,cross_stall_occ_r7,cross,cross,cross_stall_occ,cross_stall_occ,0,1.0,0.0621,0.031384,0.031384,1.0,8
lead_cont_r12__lead_cont_r3,same_matched,lead_cont_r12,lead_cont_r3,lead,lead,lead_cont,lead_cont,0,1.0,0.050088,0.023758,0.023758,1.0,8
lead_cont_r12__lead_cont_r4,same_matched,lead_cont_r12,lead_cont_r4,lead,lead,lead_cont,lead_cont,0,1.0,0.052169,0.026881,0.026881,1.0,8
lead_nec_r11__lead_opt_r2,same_matched,lead_nec_r11,lead_opt_r2,lead,lead,lead_nec,lead_opt,0,1.0,0.025268,0.016344,0.016344,1.0,8
lead_cont_r10__lead_cont_r3,same_matched,lead_cont_r10,lead_cont_r3,lead,lead,lead_cont,lead_cont,0,2.0,0.049808,0.030144,0.030144,1.0,8
temp_opt_r2__temp_opt_r3,same_matched,temp_opt_r2,temp_opt_r3,block_or_occupancy,block_or_occupancy,temp_opt,temp_opt,0,0.0,0.020895,0.009439,0.009439,1.0,8
lead_cont_r11__lead_cont_r9,same_matched,lead_cont_r11,lead_cont_r9,lead,lead,lead_cont,lead_cont,0,2.0,0.032792,0.017039,0.017039,1.0,8
block_nec_r10__block_nec_r9,same_matched,block_nec_r10,block_nec_r9,block_or_occupancy,block_or_occupancy,block_nec,block_nec,0,2.0,0.025067,0.068886,0.068886,1.0,8
lead_nec_r2__lead_nec_r8,same_matched,lead_nec_r2,lead_nec_r8,lead,lead,lead_nec,lead_nec,0,3.0,0.016475,0.011459,0.011459,1.0,8
cross_stall_r3__cross_stall_r8,same_matched,cross_stall_r3,cross_stall_r8,cross,cross,cross_stall,cross_stall,0,1.0,0.0205,0.018799,0.018799,1.0,8
block_cont_r2__block_cont_r4,same_matched,block_cont_r2,block_cont_r4,block_or_occupancy,block_or_occupancy,block_cont,block_cont,0,1.0,0.070826,0.038013,0.038013,1.0,8
cross_stall_occ_r10__cross_stall_occ_r12,same_matched,cross_stall_occ_r10,cross_stall_occ_r12,cross,cross,cross_stall_occ,cross_stall_occ,0,1.0,0.078729,0.045971,0.045971,1.0,8
cross_clear_r2__cross_stall_r1,same_matched,cross_clear_r2,cross_stall_r1,cross,cross,cross_clear,cross_stall,0,0.0,0.069794,0.035652,0.035652,1.0,8
temp_opt_r1__temp_opt_r5,same_matched,temp_opt_r1,temp_opt_r5,block_or_occupancy,block_or_occupancy,temp_opt,temp_opt,0,1.0,0.034107,0.014485,0.014485,1.0,8
lead_cont_r3__lead_cont_r6,same_matched,lead_cont_r3,lead_cont_r6,lead,lead,lead_cont,lead_cont,0,1.0,0.065996,0.034739,0.034739,1.0,8
temp_opt_r3__temp_opt_r8,same_matched,temp_opt_r3,temp_opt_r8,block_or_occupancy,block_or_occupancy,temp_opt,temp_opt,0,2.0,0.045972,0.044609,0.044609,1.0,8
cross_clear_r3__cross_stall_r10,same_matched,cross_clear_r3,cross_stall_r10,cross,cross,cross_clear,cross_stall,0,1.0,0.059787,0.034385,0.034385,1.0,8
block_nec_r11__block_nec_r8,same_matched,block_nec_r11,block_nec_r8,block_or_occupancy,block_or_occupancy,block_nec,block_nec,0,1.0,0.03661,0.037039,0.037039,1.0,8
block_nec_r12__temp_opt_r12,same_matched,block_nec_r12,temp_opt_r12,block_or_occupancy,block_or_occupancy,block_nec,temp_opt,0,2.0,0.036054,0.047115,0.047115,1.0,8
cross_stall_occ_r12__cross_stall_occ_r2,same_matched,cross_stall_occ_r12,cross_stall_occ_r2,cross,cross,cross_stall_occ,cross_stall_occ,0,2.0,0.07267,0.044628,0.044628,1.0,8
lead_cont_r10__lead_cont_r5,same_matched,lead_cont_r10,lead_cont_r5,lead,lead,lead_cont,lead_cont,0,1.0,0.020899,0.0148,0.0148,1.0,8
cross_stall_r1__cross_stall_r10,same_matched,cross_stall_r1,cross_stall_r10,cross,cross,cross_stall,cross_stall,0,1.0,0.004674,0.004495,0.004495,1.0,8
cross_stall_occ_r11__cross_stall_r2,same_matched,cross_stall_occ_r11,cross_stall_r2,cross,cross,cross_stall_occ,cross_stall,0,2.0,0.38302,0.299513,0.299513,1.0,8
lead_cont_r12__lead_nec_r10,same_matched,lead_cont_r12,lead_nec_r10,lead,lead,lead_cont,lead_nec,0,1.0,0.363679,0.285731,0.285731,1.0,8
cross_stall_occ_r11__cross_stall_r6,same_matched,cross_stall_occ_r11,cross_stall_r6,cross,cross,cross_stall_occ,cross_stall,0,0.0,0.365571,0.284681,0.284681,1.0,8
block_cont_r6__temp_opt_r6,same_matched,block_cont_r6,temp_opt_r6,block_or_occupancy,block_or_occupancy,block_cont,temp_opt,0,1.0,0.417536,0.325884,0.325884,1.0,8
block_cont_r1__temp_opt_r3,same_matched,block_cont_r1,temp_opt_r3,block_or_occupancy,block_or_occupancy,block_cont,temp_opt,0,0.0,0.407212,0.325005,0.325005,1.0,8
lead_cont_r12__lead_nec_r11,same_matched,lead_cont_r12,lead_nec_r11,lead,lead,lead_cont,lead_nec,0,1.0,0.367468,0.285772,0.285772,1.0,8
cross_stall_occ_r11__cross_stall_r6,same_matched,cross_stall_occ_r11,cross_stall_r6,cross,cross,cross_stall_occ,cross_stall,0,0.0,0.365571,0.284681,0.284681,1.0,8
block_cont_r1__temp_opt_r12,same_matched,block_cont_r1,temp_opt_r12,block_or_occupancy,block_or_occupancy,block_cont,temp_opt,0,2.0,0.373598,0.269472,0.269472,1.0,8
block_cont_r3__temp_opt_r6,same_matched,block_cont_r3,temp_opt_r6,block_or_occupancy,block_or_occupancy,block_cont,temp_opt,0,0.0,0.403087,0.322548,0.322548,1.0,8
block_cont_r6__temp_opt_r6,same_matched,block_cont_r6,temp_opt_r6,block_or_occupancy,block_or_occupancy,block_cont,temp_opt,0,1.0,0.417536,0.325884,0.325884,1.0,8
block_cont_r6__block_nec_r7,same_matched,block_cont_r6,block_nec_r7,block_or_occupancy,block_or_occupancy,block_cont,block_nec,0,0.0,0.363132,0.267186,0.267186,1.0,8
block_cont_r12__temp_opt_r3,same_matched,block_cont_r12,temp_opt_r3,block_or_occupancy,block_or_occupancy,block_cont,temp_opt,0,0.0,0.388913,0.306548,0.306548,1.0,8
block_nec_r6__temp_opt_r12,same_matched,block_nec_r6,temp_opt_r12,block_or_occupancy,block_or_occupancy,block_nec,temp_opt,0,0.0,0.049196,0.040169,0.040169,1.0,8
cross_clear_r1__cross_clear_r3,same_matched,cross_clear_r1,cross_clear_r3,cross,cross,cross_clear,cross_clear,0,0.0,0.057383,0.022373,0.022373,1.0,8
lead_cont_r1__lead_cont_r3,same_matched,lead_cont_r1,lead_cont_r3,lead,lead,lead_cont,lead_cont,0,1.0,0.053168,0.021591,0.021591,1.0,8
temp_opt_r1__temp_opt_r8,same_matched,temp_opt_r1,temp_opt_r8,block_or_occupancy,block_or_occupancy,temp_opt,temp_opt,0,2.0,0.070856,0.055585,0.055585,1.0,8
block_cont_r2__block_cont_r9,same_matched,block_cont_r2,block_cont_r9,block_or_occupancy,block_or_occupancy,block_cont,block_cont,0,3.0,0.073182,0.035243,0.035243,1.0,8
block_nec_r2__temp_opt_r5,same_matched,block_nec_r2,temp_opt_r5,block_or_occupancy,block_or_occupancy,block_nec,temp_opt,0,1.0,0.055264,0.050452,0.050452,1.0,8
cross_stall_occ_r3__cross_stall_occ_r8,same_matched,cross_stall_occ_r3,cross_stall_occ_r8,cross,cross,cross_stall_occ,cross_stall_occ,0,1.0,0.068504,0.032454,0.032454,1.0,8
lead_cont_r1__lead_cont_r3,same_matched,lead_cont_r1,lead_cont_r3,lead,lead,lead_cont,lead_cont,0,1.0,0.053168,0.021591,0.021591,1.0,8
cross_clear_r2__cross_stall_r10,same_matched,cross_clear_r2,cross_stall_r10,cross,cross,cross_clear,cross_stall,0,1.0,0.07443,0.038862,0.038862,1.0,8
temp_opt_r7__temp_opt_r9,same_matched,temp_opt_r7,temp_opt_r9,block_or_occupancy,block_or_occupancy,temp_opt,temp_opt,0,0.0,0.071067,0.073986,0.073986,1.0,8
block_nec_r3__temp_opt_r8,same_matched,block_nec_r3,temp_opt_r8,block_or_occupancy,block_or_occupancy,block_nec,temp_opt,0,1.0,0.056582,0.070215,0.070215,1.0,8
block_cont_r11__block_cont_r2,same_matched,block_cont_r11,block_cont_r2,block_or_occupancy,block_or_occupancy,block_cont,block_cont,0,2.0,0.062001,0.051815,0.051815,1.0,8
cross_stall_occ_r3__cross_stall_occ_r7,same_matched,cross_stall_occ_r3,cross_stall_occ_r7,cross,cross,cross_stall_occ,cross_stall_occ,0,1.0,0.0621,0.031384,0.031384,1.0,8
cross_clear_r3__cross_stall_r8,same_matched,cross_clear_r3,cross_stall_r8,cross,cross,cross_clear,cross_stall,0,0.0,0.048772,0.026966,0.026966,1.0,8
block_nec_r8__temp_opt_r9,same_matched,block_nec_r8,temp_opt_r9,block_or_occupancy,block_or_occupancy,block_nec,temp_opt,0,1.0,0.0886,0.120726,0.120726,1.0,8
block_cont_r4__block_cont_r5,same_matched,block_cont_r4,block_cont_r5,block_or_occupancy,block_or_occupancy,block_cont,block_cont,0,1.0,0.076512,0.047944,0.047944,1.0,8
cross_clear_r1__cross_stall_r2,same_matched,cross_clear_r1,cross_stall_r2,cross,cross,cross_clear,cross_stall,0,0.0,0.078675,0.034923,0.034923,1.0,8
cross_stall_occ_r11__cross_stall_occ_r6,same_matched,cross_stall_occ_r11,cross_stall_occ_r6,cross,cross,cross_stall_occ,cross_stall_occ,0,0.0,0.051771,0.025757,0.025757,1.0,8
block_cont_r4__block_cont_r5,same_matched,block_cont_r4,block_cont_r5,block_or_occupancy,block_or_occupancy,block_cont,block_cont,0,1.0,0.076512,0.047944,0.047944,1.0,8
cross_stall_r5__cross_stall_r8,same_matched,cross_stall_r5,cross_stall_r8,cross,cross,cross_stall,cross_stall,0,2.0,0.046802,0.053552,0.053552,1.0,8
cross_stall_occ_r1__cross_stall_occ_r12,same_matched,cross_stall_occ_r1,cross_stall_occ_r12,cross,cross,cross_stall_occ,cross_stall_occ,0,2.0,0.058864,0.037479,0.037479,1.0,8
cross_clear_r3__cross_stall_r8,same_matched,cross_clear_r3,cross_stall_r8,cross,cross,cross_clear,cross_stall,0,0.0,0.048772,0.026966,0.026966,1.0,8
cross_stall_r11__cross_stall_r8,same_matched,cross_stall_r11,cross_stall_r8,cross,cross,cross_stall,cross_stall,0,2.0,0.03749,0.056656,0.056656,1.0,8
cross_stall_r5__cross_stall_r8,same_matched,cross_stall_r5,cross_stall_r8,cross,cross,cross_stall,cross_stall,0,2.0,0.046802,0.053552,0.053552,1.0,8
block_nec_r2__temp_opt_r10,same_matched,block_nec_r2,temp_opt_r10,block_or_occupancy,block_or_occupancy,block_nec,temp_opt,0,0.0,0.097339,0.067512,0.067512,1.0,8
block_nec_r11__block_nec_r2,same_matched,block_nec_r11,block_nec_r2,block_or_occupancy,block_or_occupancy,block_nec,block_nec,0,2.0,0.105547,0.13241,0.13241,1.0,8
block_nec_r10__temp_opt_r10,same_matched,block_nec_r10,temp_opt_r10,block_or_occupancy,block_or_occupancy,block_nec,temp_opt,0,1.0,0.096332,0.069293,0.069293,1.0,8
block_nec_r10__temp_opt_r12,same_matched,block_nec_r10,temp_opt_r12,block_or_occupancy,block_or_occupancy,block_nec,temp_opt,0,1.0,0.038458,0.040159,0.040159,1.0,8
cross_clear_r3__cross_clear_r8,same_matched,cross_clear_r3,cross_clear_r8,cross,cross,cross_clear,cross_clear,0,1.0,0.092505,0.056387,0.056387,1.0,8
block_cont_r4__block_cont_r6,same_matched,block_cont_r4,block_cont_r6,block_or_occupancy,block_or_occupancy,block_cont,block_cont,0,1.0,0.072168,0.03586,0.03586,1.0,8
block_nec_r7__temp_opt_r2,same_matched,block_nec_r7,temp_opt_r2,block_or_occupancy,block_or_occupancy,block_nec,temp_opt,0,2.0,0.08433,0.07147,0.07147,1.0,8
block_cont_r11__block_cont_r9,same_matched,block_cont_r11,block_cont_r9,block_or_occupancy,block_or_occupancy,block_cont,block_cont,0,1.0,0.063304,0.036872,0.036872,1.0,8
cross_clear_r1__cross_clear_r7,same_matched,cross_clear_r1,cross_clear_r7,cross,cross,cross_clear,cross_clear,0,1.0,0.062548,0.024374,0.024374,1.0,8
cross_clear_r7__cross_stall_r1,same_matched,cross_clear_r7,cross_stall_r1,cross,cross,cross_clear,cross_stall,0,1.0,0.090856,0.044084,0.044084,1.0,8
cross_stall_r3__cross_stall_r5,same_matched,cross_stall_r3,cross_stall_r5,cross,cross,cross_stall,cross_stall,0,1.0,0.026301,0.034753,0.034753,1.0,8
lead_opt_r10__lead_opt_r4,same_matched,lead_opt_r10,lead_opt_r4,lead,lead,lead_opt,lead_opt,0,1.0,0.027522,0.01639,0.01639,1.0,8
block_cont_r11__block_nec_r12,same_matched,block_cont_r11,block_nec_r12,block_or_occupancy,block_or_occupancy,block_cont,block_nec,0,2.0,0.366843,0.311759,0.311759,1.0,8
lead_cont_r9__lead_opt_r7,same_matched,lead_cont_r9,lead_opt_r7,lead,lead,lead_cont,lead_opt,0,0.0,0.347301,0.276709,0.276709,1.0,8
lead_cont_r6__lead_nec_r10,same_matched,lead_cont_r6,lead_nec_r10,lead,lead,lead_cont,lead_nec,0,1.0,0.349237,0.278948,0.278948,1.0,8
block_cont_r2__temp_opt_r3,same_matched,block_cont_r2,temp_opt_r3,block_or_occupancy,block_or_occupancy,block_cont,temp_opt,0,0.0,0.402049,0.314516,0.314516,1.0,8
block_cont_r10__temp_opt_r2,same_matched,block_cont_r10,temp_opt_r2,block_or_occupancy,block_or_occupancy,block_cont,temp_opt,0,1.0,0.391344,0.315037,0.315037,1.0,8
block_cont_r5__block_nec_r4,same_matched,block_cont_r5,block_nec_r4,block_or_occupancy,block_or_occupancy,block_cont,block_nec,0,1.0,0.351044,0.265186,0.265186,1.0,8
lead_cont_r6__lead_nec_r10,same_matched,lead_cont_r6,lead_nec_r10,lead,lead,lead_cont,lead_nec,0,1.0,0.349237,0.278948,0.278948,1.0,8
lead_cont_r2__lead_nec_r11,same_matched,lead_cont_r2,lead_nec_r11,lead,lead,lead_cont,lead_nec,0,1.0,0.357192,0.285621,0.285621,1.0,8
block_cont_r4__temp_opt_r10,same_matched,block_cont_r4,temp_opt_r10,block_or_occupancy,block_or_occupancy,block_cont,temp_opt,0,1.0,0.388017,0.315637,0.315637,1.0,8
block_cont_r2__temp_opt_r3,same_matched,block_cont_r2,temp_opt_r3,block_or_occupancy,block_or_occupancy,block_cont,temp_opt,0,0.0,0.402049,0.314516,0.314516,1.0,8
block_cont_r4__temp_opt_r7,same_matched,block_cont_r4,temp_opt_r7,block_or_occupancy,block_or_occupancy,block_cont,temp_opt,0,1.0,0.346748,0.252439,0.252439,1.0,8
block_cont_r1__temp_opt_r12,same_matched,block_cont_r1,temp_opt_r12,block_or_occupancy,block_or_occupancy,block_cont,temp_opt,0,2.0,0.373598,0.269472,0.269472,1.0,8
temp_opt_r2__temp_opt_r5,same_matched,temp_opt_r2,temp_opt_r5,block_or_occupancy,block_or_occupancy,temp_opt,temp_opt,0,1.0,0.029352,0.012834,0.012834,1.0,8
cross_stall_r11__cross_stall_r8,same_matched,cross_stall_r11,cross_stall_r8,cross,cross,cross_stall,cross_stall,0,2.0,0.03749,0.056656,0.056656,1.0,8
lead_nec_r7__lead_opt_r8,same_matched,lead_nec_r7,lead_opt_r8,lead,lead,lead_nec,lead_opt,0,1.0,0.033724,0.032303,0.032303,1.0,8
block_nec_r12__block_nec_r3,same_matched,block_nec_r12,block_nec_r3,block_or_occupancy,block_or_occupancy,block_nec,block_nec,0,1.0,0.051175,0.076131,0.076131,1.0,8
lead_cont_r1__lead_cont_r3,same_matched,lead_cont_r1,lead_cont_r3,lead,lead,lead_cont,lead_cont,0,1.0,0.053168,0.021591,0.021591,1.0,8
cross_stall_occ_r11__cross_stall_occ_r9,same_matched,cross_stall_occ_r11,cross_stall_occ_r9,cross,cross,cross_stall_occ,cross_stall_occ,0,1.0,0.035505,0.026772,0.026772,1.0,8
cross_clear_r3__cross_stall_r8,same_matched,cross_clear_r3,cross_stall_r8,cross,cross,cross_clear,cross_stall,0,0.0,0.048772,0.026966,0.026966,1.0,8
lead_nec_r12__lead_opt_r8,same_matched,lead_nec_r12,lead_opt_r8,lead,lead,lead_nec,lead_opt,0,1.0,0.033551,0.032278,0.032278,1.0,8
block_nec_r9__temp_opt_r12,same_matched,block_nec_r9,temp_opt_r12,block_or_occupancy,block_or_occupancy,block_nec,temp_opt,0,1.0,0.054664,0.069157,0.069157,1.0,8
lead_opt_r11__lead_opt_r8,same_matched,lead_opt_r11,lead_opt_r8,lead,lead,lead_opt,lead_opt,0,3.0,0.051245,0.044516,0.044516,1.0,8
lead_opt_r11__lead_opt_r3,same_matched,lead_opt_r11,lead_opt_r3,lead,lead,lead_opt,lead_opt,0,1.0,0.036865,0.019969,0.019969,1.0,8
block_nec_r12__temp_opt_r5,same_matched,block_nec_r12,temp_opt_r5,block_or_occupancy,block_or_occupancy,block_nec,temp_opt,0,1.0,0.042156,0.035184,0.035184,1.0,8
block_nec_r9__temp_opt_r8,same_matched,block_nec_r9,temp_opt_r8,block_or_occupancy,block_or_occupancy,block_nec,temp_opt,0,1.0,0.042574,0.080018,0.080018,1.0,8
cross_stall_r12__cross_stall_r5,same_matched,cross_stall_r12,cross_stall_r5,cross,cross,cross_stall,cross_stall,0,0.0,0.029076,0.033918,0.033918,1.0,8
cross_stall_occ_r5__cross_stall_occ_r9,same_matched,cross_stall_occ_r5,cross_stall_occ_r9,cross,cross,cross_stall_occ,cross_stall_occ,0,1.0,0.068826,0.036739,0.036739,1.0,8
block_nec_r1__temp_opt_r12,same_matched,block_nec_r1,temp_opt_r12,block_or_occupancy,block_or_occupancy,block_nec,temp_opt,0,2.0,0.056806,0.035306,0.035306,1.0,8
cross_stall_occ_r1__cross_stall_occ_r12,same_matched,cross_stall_occ_r1,cross_stall_occ_r12,cross,cross,cross_stall_occ,cross_stall_occ,0,2.0,0.058864,0.037479,0.037479,1.0,8
lead_nec_r8__lead_opt_r11,same_matched,lead_nec_r8,lead_opt_r11,lead,lead,lead_nec,lead_opt,0,3.0,0.031966,0.021019,0.021019,1.0,8
block_nec_r3__temp_opt_r8,same_matched,block_nec_r3,temp_opt_r8,block_or_occupancy,block_or_occupancy,block_nec,temp_opt,0,1.0,0.056582,0.070215,0.070215,1.0,8
lead_opt_r2__lead_opt_r3,same_matched,lead_opt_r2,lead_opt_r3,lead,lead,lead_opt,lead_opt,0,1.0,0.026971,0.015305,0.015305,1.0,8
lead_opt_r12__lead_opt_r8,same_matched,lead_opt_r12,lead_opt_r8,lead,lead,lead_opt,lead_opt,0,2.0,0.039218,0.038083,0.038083,1.0,8
temp_opt_r2__temp_opt_r6,same_matched,temp_opt_r2,temp_opt_r6,block_or_occupancy,block_or_occupancy,temp_opt,temp_opt,0,1.0,0.029926,0.012772,0.012772,1.0,8
lead_nec_r3__lead_nec_r6,same_matched,lead_nec_r3,lead_nec_r6,lead,lead,lead_nec,lead_nec,0,1.0,0.019154,0.009839,0.009839,1.0,8
lead_nec_r6__lead_opt_r9,same_matched,lead_nec_r6,lead_opt_r9,lead,lead,lead_nec,lead_opt,0,1.0,0.027396,0.013005,0.013005,1.0,8
cross_clear_r1__cross_stall_r10,same_matched,cross_clear_r1,cross_stall_r10,cross,cross,cross_clear,cross_stall,0,1.0,0.077598,0.035864,0.035864,1.0,8
cross_clear_r4__cross_clear_r7,same_matched,cross_clear_r4,cross_clear_r7,cross,cross,cross_clear,cross_clear,0,1.0,0.085702,0.038236,0.038236,1.0,8
block_cont_r4__block_cont_r5,same_matched,block_cont_r4,block_cont_r5,block_or_occupancy,block_or_occupancy,block_cont,block_cont,0,1.0,0.076512,0.047944,0.047944,1.0,8
temp_opt_r1__temp_opt_r6,same_matched,temp_opt_r1,temp_opt_r6,block_or_occupancy,block_or_occupancy,temp_opt,temp_opt,0,1.0,0.034682,0.014423,0.014423,1.0,8
cross_stall_occ_r12__cross_stall_occ_r2,same_matched,cross_stall_occ_r12,cross_stall_occ_r2,cross,cross,cross_stall_occ,cross_stall_occ,0,2.0,0.07267,0.044628,0.044628,1.0,8
cross_clear_r3__cross_clear_r4,same_matched,cross_clear_r3,cross_clear_r4,cross,cross,cross_clear,cross_clear,0,0.0,0.052438,0.018371,0.018371,1.0,8
cross_stall_occ_r12__cross_stall_occ_r4,same_matched,cross_stall_occ_r12,cross_stall_occ_r4,cross,cross,cross_stall_occ,cross_stall_occ,0,1.0,0.065298,0.043276,0.043276,1.0,8
temp_opt_r10__temp_opt_r7,same_matched,temp_opt_r10,temp_opt_r7,block_or_occupancy,block_or_occupancy,temp_opt,temp_opt,0,2.0,0.043272,0.07137,0.07137,1.0,8
temp_opt_r10__temp_opt_r6,same_matched,temp_opt_r10,temp_opt_r6,block_or_occupancy,block_or_occupancy,temp_opt,temp_opt,0,1.0,0.042649,0.016999,0.016999,1.0,8
temp_opt_r10__temp_opt_r9,same_matched,temp_opt_r10,temp_opt_r9,block_or_occupancy,block_or_occupancy,temp_opt,temp_opt,0,2.0,0.077676,0.042159,0.042159,1.0,8
lead_nec_r11__lead_opt_r8,same_matched,lead_nec_r11,lead_opt_r8,lead,lead,lead_nec,lead_opt,0,2.0,0.018298,0.02469,0.02469,1.0,8
lead_nec_r9__lead_opt_r1,same_matched,lead_nec_r9,lead_opt_r1,lead,lead,lead_nec,lead_opt,0,3.0,0.007749,0.006487,0.006487,1.0,8
block_cont_r4__temp_opt_r6,same_matched,block_cont_r4,temp_opt_r6,block_or_occupancy,block_or_occupancy,block_cont,temp_opt,0,0.0,0.345368,0.298638,0.298638,1.0,8
cross_stall_occ_r5__cross_stall_r10,same_matched,cross_stall_occ_r5,cross_stall_r10,cross,cross,cross_stall_occ,cross_stall,0,1.0,0.325952,0.270793,0.270793,1.0,8
block_cont_r9__temp_opt_r9,same_matched,block_cont_r9,temp_opt_r9,block_or_occupancy,block_or_occupancy,block_cont,temp_opt,0,1.0,0.32779,0.295165,0.295165,1.0,8
block_cont_r12__temp_opt_r5,same_matched,block_cont_r12,temp_opt_r5,block_or_occupancy,block_or_occupancy,block_cont,temp_opt,0,1.0,0.37969,0.303039,0.303039,1.0,8
block_cont_r7__temp_opt_r9,same_matched,block_cont_r7,temp_opt_r9,block_or_occupancy,block_or_occupancy,block_cont,temp_opt,0,0.0,0.369377,0.291523,0.291523,1.0,8
cross_stall_occ_r5__cross_stall_r4,same_matched,cross_stall_occ_r5,cross_stall_r4,cross,cross,cross_stall_occ,cross_stall,0,1.0,0.329653,0.273452,0.273452,1.0,8
block_cont_r11__block_nec_r1,same_matched,block_cont_r11,block_nec_r1,block_or_occupancy,block_or_occupancy,block_cont,block_nec,0,2.0,0.327803,0.259614,0.259614,1.0,8
block_cont_r1__block_nec_r4,same_matched,block_cont_r1,block_nec_r4,block_or_occupancy,block_or_occupancy,block_cont,block_nec,0,1.0,0.335701,0.252195,0.252195,1.0,8
lead_cont_r1__lead_opt_r12,same_matched,lead_cont_r1,lead_opt_r12,lead,lead,lead_cont,lead_opt,0,1.0,0.365059,0.29029,0.29029,1.0,8
block_cont_r4__temp_opt_r1,same_matched,block_cont_r4,temp_opt_r1,block_or_occupancy,block_or_occupancy,block_cont,temp_opt,0,1.0,0.380049,0.313061,0.313061,1.0,8
cross_stall_occ_r9__cross_stall_r5,same_matched,cross_stall_occ_r9,cross_stall_r5,cross,cross,cross_stall_occ,cross_stall,0,1.0,0.325401,0.245951,0.245951,1.0,8
block_cont_r7__block_nec_r10,same_matched,block_cont_r7,block_nec_r10,block_or_occupancy,block_or_occupancy,block_cont,block_nec,0,1.0,0.352595,0.264747,0.264747,1.0,8
lead_nec_r11__lead_opt_r3,same_matched,lead_nec_r11,lead_opt_r3,lead,lead,lead_nec,lead_opt,0,0.0,0.00781,0.004594,0.004594,1.0,8
cross_stall_r1__cross_stall_r9,same_matched,cross_stall_r1,cross_stall_r9,cross,cross,cross_stall,cross_stall,0,1.0,0.016225,0.018627,0.018627,1.0,8
lead_nec_r6__lead_opt_r1,same_matched,lead_nec_r6,lead_opt_r1,lead,lead,lead_nec,lead_opt,0,2.0,0.012227,0.004246,0.004246,1.0,8
lead_opt_r2__lead_opt_r7,same_matched,lead_opt_r2,lead_opt_r7,lead,lead,lead_opt,lead_opt,0,3.0,0.029751,0.026201,0.026201,1.0,8
lead_nec_r8__lead_opt_r11,same_matched,lead_nec_r8,lead_opt_r11,lead,lead,lead_nec,lead_opt,0,3.0,0.031966,0.021019,0.021019,1.0,8
cross_stall_r1__cross_stall_r3,same_matched,cross_stall_r1,cross_stall_r3,cross,cross,cross_stall,cross_stall,0,1.0,0.014122,0.014575,0.014575,1.0,8
lead_nec_r6__lead_opt_r9,same_matched,lead_nec_r6,lead_opt_r9,lead,lead,lead_nec,lead_opt,0,1.0,0.027396,0.013005,0.013005,1.0,8
lead_nec_r6__lead_opt_r1,same_matched,lead_nec_r6,lead_opt_r1,lead,lead,lead_nec,lead_opt,0,2.0,0.012227,0.004246,0.004246,1.0,8
block_cont_r4__block_cont_r9,same_matched,block_cont_r4,block_cont_r9,block_or_occupancy,block_or_occupancy,block_cont,block_cont,0,2.0,0.033218,0.035246,0.035246,1.0,8
temp_opt_r2__temp_opt_r6,same_matched,temp_opt_r2,temp_opt_r6,block_or_occupancy,block_or_occupancy,temp_opt,temp_opt,0,1.0,0.029926,0.012772,0.012772,1.0,8
lead_nec_r2__lead_opt_r11,same_matched,lead_nec_r2,lead_opt_r11,lead,lead,lead_nec,lead_opt,0,0.0,0.015491,0.00956,0.00956,1.0,8
temp_opt_r10__temp_opt_r4,same_matched,temp_opt_r10,temp_opt_r4,block_or_occupancy,block_or_occupancy,temp_opt,temp_opt,0,1.0,0.020756,0.016184,0.016184,1.0,8
lead_nec_r5__lead_nec_r6,same_matched,lead_nec_r5,lead_nec_r6,lead,lead,lead_nec,lead_nec,0,0.0,0.021043,0.011827,0.011827,1.0,8
lead_nec_r7__lead_opt_r6,same_matched,lead_nec_r7,lead_opt_r6,lead,lead,lead_nec,lead_opt,0,0.0,0.012669,0.005371,0.005371,1.0,8
cross_stall_r5__cross_stall_r8,same_matched,cross_stall_r5,cross_stall_r8,cross,cross,cross_stall,cross_stall,0,2.0,0.046802,0.053552,0.053552,1.0,8
temp_opt_r1__temp_opt_r7,same_matched,temp_opt_r1,temp_opt_r7,block_or_occupancy,block_or_occupancy,temp_opt,temp_opt,0,2.0,0.035304,0.068795,0.068795,1.0,8
cross_stall_r11__cross_stall_r8,same_matched,cross_stall_r11,cross_stall_r8,cross,cross,cross_stall,cross_stall,0,2.0,0.03749,0.056656,0.056656,1.0,8
cross_stall_occ_r12__cross_stall_occ_r5,same_matched,cross_stall_occ_r12,cross_stall_occ_r5,cross,cross,cross_stall_occ,cross_stall_occ,0,0.0,0.012327,0.011986,0.011986,1.0,8
temp_opt_r1__temp_opt_r7,same_matched,temp_opt_r1,temp_opt_r7,block_or_occupancy,block_or_occupancy,temp_opt,temp_opt,0,2.0,0.035304,0.068795,0.068795,1.0,8
lead_nec_r10__lead_nec_r12,same_matched,lead_nec_r10,lead_nec_r12,lead,lead,lead_nec,lead_nec,0,1.0,0.013679,0.00873,0.00873,1.0,8
block_nec_r1__block_nec_r4,same_matched,block_nec_r1,block_nec_r4,block_or_occupancy,block_or_occupancy,block_nec,block_nec,0,1.0,0.018908,0.01803,0.01803,1.0,8
block_nec_r1__block_nec_r4,same_matched,block_nec_r1,block_nec_r4,block_or_occupancy,block_or_occupancy,block_nec,block_nec,0,1.0,0.018908,0.01803,0.01803,1.0,8
lead_nec_r2__lead_nec_r8,same_matched,lead_nec_r2,lead_nec_r8,lead,lead,lead_nec,lead_nec,0,3.0,0.016475,0.011459,0.011459,1.0,8
lead_nec_r4__lead_opt_r2,same_matched,lead_nec_r4,lead_opt_r2,lead,lead,lead_nec,lead_opt,0,1.0,0.010763,0.008205,0.008205,1.0,8
cross_clear_r3__cross_stall_r4,same_matched,cross_clear_r3,cross_stall_r4,cross,cross,cross_clear,cross_stall,0,1.0,0.056086,0.032334,0.032334,1.0,8
lead_cont_r10__lead_cont_r2,same_matched,lead_cont_r10,lead_cont_r2,lead,lead,lead_cont,lead_cont,0,3.0,0.0641,0.036841,0.036841,1.0,8
block_cont_r10__block_cont_r8,same_matched,block_cont_r10,block_cont_r8,block_or_occupancy,block_or_occupancy,block_cont,block_cont,0,2.0,0.055151,0.036728,0.036728,1.0,8
lead_nec_r7__lead_opt_r8,same_matched,lead_nec_r7,lead_opt_r8,lead,lead,lead_nec,lead_opt,0,1.0,0.033724,0.032303,0.032303,1.0,8
lead_opt_r11__lead_opt_r8,same_matched,lead_opt_r11,lead_opt_r8,lead,lead,lead_opt,lead_opt,0,3.0,0.051245,0.044516,0.044516,1.0,8
temp_opt_r12__temp_opt_r9,same_matched,temp_opt_r12,temp_opt_r9,block_or_occupancy,block_or_occupancy,temp_opt,temp_opt,0,0.0,0.031177,0.048923,0.048923,1.0,8
cross_stall_r5__cross_stall_r8,same_matched,cross_stall_r5,cross_stall_r8,cross,cross,cross_stall,cross_stall,0,2.0,0.046802,0.053552,0.053552,1.0,8
block_cont_r1__block_cont_r6,same_matched,block_cont_r1,block_cont_r6,block_or_occupancy,block_or_occupancy,block_cont,block_cont,0,2.0,0.028153,0.009355,0.009355,1.0,8
lead_nec_r10__lead_opt_r2,same_matched,lead_nec_r10,lead_opt_r2,lead,lead,lead_nec,lead_opt,0,3.0,0.02148,0.016303,0.016303,1.0,8
block_cont_r11__block_cont_r8,same_matched,block_cont_r11,block_cont_r8,block_or_occupancy,block_or_occupancy,block_cont,block_cont,0,1.0,0.061414,0.029214,0.029214,1.0,8
block_nec_r4__temp_opt_r9,same_matched,block_nec_r4,temp_opt_r9,block_or_occupancy,block_or_occupancy,block_nec,temp_opt,0,1.0,0.026687,0.044298,0.044298,1.0,8
lead_nec_r7__lead_nec_r8,same_matched,lead_nec_r7,lead_nec_r8,lead,lead,lead_nec,lead_nec,0,1.0,0.014444,0.008806,0.008806,1.0,8
lead_cont_r7__lead_nec_r8,same_matched,lead_cont_r7,lead_nec_r8,lead,lead,lead_cont,lead_nec,0,1.0,0.364444,0.285808,0.285808,1.0,8
block_cont_r6__block_nec_r9,same_matched,block_cont_r6,block_nec_r9,block_or_occupancy,block_or_occupancy,block_cont,block_nec,0,1.0,0.34503,0.213858,0.213858,1.0,8
cross_stall_occ_r1__cross_stall_r7,same_matched,cross_stall_occ_r1,cross_stall_r7,cross,cross,cross_stall_occ,cross_stall,0,0.0,0.346981,0.276017,0.276017,1.0,8
block_cont_r1__temp_opt_r5,same_matched,block_cont_r1,temp_opt_r5,block_or_occupancy,block_or_occupancy,block_cont,temp_opt,0,1.0,0.397989,0.321495,0.321495,1.0,8
block_cont_r5__temp_opt_r12,same_matched,block_cont_r5,temp_opt_r12,block_or_occupancy,block_or_occupancy,block_cont,temp_opt,0,0.0,0.388673,0.282481,0.282481,1.0,8
cross_stall_occ_r10__cross_stall_r11,same_matched,cross_stall_occ_r10,cross_stall_r11,cross,cross,cross_stall_occ,cross_stall,0,1.0,0.348718,0.261094,0.261094,1.0,8
cross_stall_occ_r1__cross_stall_r7,same_matched,cross_stall_occ_r1,cross_stall_r7,cross,cross,cross_stall_occ,cross_stall,0,0.0,0.346981,0.276017,0.276017,1.0,8
block_cont_r8__block_nec_r4,same_matched,block_cont_r8,block_nec_r4,block_or_occupancy,block_or_occupancy,block_cont,block_nec,0,2.0,0.354855,0.269535,0.269535,1.0,8
block_cont_r11__temp_opt_r12,same_matched,block_cont_r11,temp_opt_r12,block_or_occupancy,block_or_occupancy,block_cont,temp_opt,0,0.0,0.38434,0.294842,0.294842,1.0,8
block_cont_r1__temp_opt_r5,same_matched,block_cont_r1,temp_opt_r5,block_or_occupancy,block_or_occupancy,block_cont,temp_opt,0,1.0,0.397989,0.321495,0.321495,1.0,8
lead_cont_r6__lead_nec_r9,same_matched,lead_cont_r6,lead_nec_r9,lead,lead,lead_cont,lead_nec,0,1.0,0.34448,0.276303,0.276303,1.0,8
block_cont_r10__temp_opt_r3,same_matched,block_cont_r10,temp_opt_r3,block_or_occupancy,block_or_occupancy,block_cont,temp_opt,0,1.0,0.371215,0.305713,0.305713,1.0,8
lead_nec_r8__lead_opt_r11,same_matched,lead_nec_r8,lead_opt_r11,lead,lead,lead_nec,lead_opt,0,3.0,0.031966,0.021019,0.021019,1.0,8
block_cont_r1__block_cont_r5,same_matched,block_cont_r1,block_cont_r5,block_or_occupancy,block_or_occupancy,block_cont,block_cont,0,2.0,0.040308,0.026991,0.026991,1.0,8
block_nec_r11__block_nec_r8,same_matched,block_nec_r11,block_nec_r8,block_or_occupancy,block_or_occupancy,block_nec,block_nec,0,1.0,0.03661,0.037039,0.037039,1.0,8
lead_cont_r10__lead_cont_r12,same_matched,lead_cont_r10,lead_cont_r12,lead,lead,lead_cont,lead_cont,0,1.0,0.053828,0.033809,0.033809,1.0,8
cross_clear_r3__cross_stall_r4,same_matched,cross_clear_r3,cross_stall_r4,cross,cross,cross_clear,cross_stall,0,1.0,0.056086,0.032334,0.032334,1.0,8
block_nec_r6__temp_opt_r9,same_matched,block_nec_r6,temp_opt_r9,block_or_occupancy,block_or_occupancy,block_nec,temp_opt,0,0.0,0.038253,0.067172,0.067172,1.0,8
lead_cont_r1__lead_cont_r11,same_matched,lead_cont_r1,lead_cont_r11,lead,lead,lead_cont,lead_cont,0,1.0,0.051443,0.020717,0.020717,1.0,8
temp_opt_r6__temp_opt_r8,same_matched,temp_opt_r6,temp_opt_r8,block_or_occupancy,block_or_occupancy,temp_opt,temp_opt,0,1.0,0.036174,0.041162,0.041162,1.0,8
lead_cont_r4__lead_cont_r5,same_matched,lead_cont_r4,lead_cont_r5,lead,lead,lead_cont,lead_cont,0,1.0,0.057444,0.03254,0.03254,1.0,8
temp_opt_r12__temp_opt_r2,same_matched,temp_opt_r12,temp_opt_r2,block_or_occupancy,block_or_occupancy,temp_opt,temp_opt,0,2.0,0.054011,0.064935,0.064935,1.0,8
block_nec_r2__temp_opt_r12,same_matched,block_nec_r2,temp_opt_r12,block_or_occupancy,block_or_occupancy,block_nec,temp_opt,0,2.0,0.039643,0.040182,0.040182,1.0,8
block_nec_r8__block_nec_r9,same_matched,block_nec_r8,block_nec_r9,block_or_occupancy,block_or_occupancy,block_nec,block_nec,0,0.0,0.044878,0.024707,0.024707,1.0,8
block_nec_r1__block_nec_r8,same_matched,block_nec_r1,block_nec_r8,block_or_occupancy,block_or_occupancy,block_nec,block_nec,0,3.0,0.045183,0.058769,0.058769,1.0,8
lead_nec_r8__lead_opt_r11,same_matched,lead_nec_r8,lead_opt_r11,lead,lead,lead_nec,lead_opt,0,3.0,0.031966,0.021019,0.021019,1.0,8
cross_stall_occ_r5__cross_stall_occ_r8,same_matched,cross_stall_occ_r5,cross_stall_occ_r8,cross,cross,cross_stall_occ,cross_stall_occ,0,2.0,0.071528,0.043578,0.043578,1.0,8
cross_clear_r3__cross_stall_r7,same_matched,cross_clear_r3,cross_stall_r7,cross,cross,cross_clear,cross_stall,0,0.0,0.059442,0.033084,0.033084,1.0,8
block_nec_r4__temp_opt_r6,same_matched,block_nec_r4,temp_opt_r6,block_or_occupancy,block_or_occupancy,block_nec,temp_opt,0,0.0,0.061713,0.069458,0.069458,1.0,8
temp_opt_r1__temp_opt_r6,same_matched,temp_opt_r1,temp_opt_r6,block_or_occupancy,block_or_occupancy,temp_opt,temp_opt,0,1.0,0.034682,0.014423,0.014423,1.0,8
cross_clear_r3__cross_stall_r7,same_matched,cross_clear_r3,cross_stall_r7,cross,cross,cross_clear,cross_stall,0,0.0,0.059442,0.033084,0.033084,1.0,8
temp_opt_r2__temp_opt_r6,same_matched,temp_opt_r2,temp_opt_r6,block_or_occupancy,block_or_occupancy,temp_opt,temp_opt,0,1.0,0.029926,0.012772,0.012772,1.0,8
cross_clear_r12__cross_clear_r6,same_matched,cross_clear_r12,cross_clear_r6,cross,cross,cross_clear,cross_clear,0,1.0,0.042067,0.035673,0.035673,1.0,8
lead_cont_r2__lead_cont_r6,same_matched,lead_cont_r2,lead_cont_r6,lead,lead,lead_cont,lead_cont,0,2.0,0.032956,0.016887,0.016887,1.0,8
lead_nec_r7__lead_opt_r7,same_matched,lead_nec_r7,lead_opt_r7,lead,lead,lead_nec,lead_opt,0,1.0,0.02231,0.019169,0.019169,1.0,8
temp_opt_r2__temp_opt_r6,same_matched,temp_opt_r2,temp_opt_r6,block_or_occupancy,block_or_occupancy,temp_opt,temp_opt,0,1.0,0.029926,0.012772,0.012772,1.0,8
block_cont_r10__block_cont_r5,same_matched,block_cont_r10,block_cont_r5,block_or_occupancy,block_or_occupancy,block_cont,block_cont,0,1.0,0.080268,0.049016,0.049016,1.0,8
cross_clear_r7__cross_stall_r8,same_matched,cross_clear_r7,cross_stall_r8,cross,cross,cross_clear,cross_stall,0,1.0,0.088155,0.042625,0.042625,1.0,8
block_nec_r9__temp_opt_r5,same_matched,block_nec_r9,temp_opt_r5,block_or_occupancy,block_or_occupancy,block_nec,temp_opt,0,2.0,0.079323,0.121118,0.121118,1.0,8
lead_cont_r1__lead_cont_r12,same_matched,lead_cont_r1,lead_cont_r12,lead,lead,lead_cont,lead_cont,0,2.0,0.034338,0.016314,0.016314,1.0,8
block_nec_r10__temp_opt_r4,same_matched,block_nec_r10,temp_opt_r4,block_or_occupancy,block_or_occupancy,block_nec,temp_opt,0,0.0,0.075576,0.053109,0.053109,1.0,8
block_nec_r2__temp_opt_r5,same_matched,block_nec_r2,temp_opt_r5,block_or_occupancy,block_or_occupancy,block_nec,temp_opt,0,1.0,0.055264,0.050452,0.050452,1.0,8
cross_stall_occ_r3__cross_stall_occ_r8,same_matched,cross_stall_occ_r3,cross_stall_occ_r8,cross,cross,cross_stall_occ,cross_stall_occ,0,1.0,0.068504,0.032454,0.032454,1.0,8
block_cont_r2__block_cont_r8,same_matched,block_cont_r2,block_cont_r8,block_or_occupancy,block_or_occupancy,block_cont,block_cont,0,3.0,0.046006,0.032681,0.032681,1.0,8
block_nec_r1__temp_opt_r9,same_matched,block_nec_r1,temp_opt_r9,block_or_occupancy,block_or_occupancy,block_nec,temp_opt,0,2.0,0.045595,0.062231,0.062231,1.0,8
block_nec_r10__temp_opt_r4,same_matched,block_nec_r10,temp_opt_r4,block_or_occupancy,block_or_occupancy,block_nec,temp_opt,0,0.0,0.075576,0.053109,0.053109,1.0,8
lead_nec_r12__lead_opt_r7,same_matched,lead_nec_r12,lead_opt_r7,lead,lead,lead_nec,lead_opt,0,1.0,0.022137,0.019144,0.019144,1.0,8
lead_opt_r1__lead_opt_r3,same_matched,lead_opt_r1,lead_opt_r3,lead,lead,lead_opt,lead_opt,0,1.0,0.010477,0.006806,0.006806,1.0,8
cross_stall_occ_r2__cross_stall_r1,same_matched,cross_stall_occ_r2,cross_stall_r1,cross,cross,cross_stall_occ,cross_stall,0,0.0,0.356495,0.284499,0.284499,1.0,8
cross_clear_r7__cross_stall_occ_r7,same_matched,cross_clear_r7,cross_stall_occ_r7,cross,cross,cross_clear,cross_stall_occ,0,1.0,0.336883,0.263597,0.263597,1.0,8
cross_stall_occ_r1__cross_stall_r8,same_matched,cross_stall_occ_r1,cross_stall_r8,cross,cross,cross_stall_occ,cross_stall,0,0.0,0.338743,0.272078,0.272078,1.0,8
block_cont_r10__temp_opt_r2,same_matched,block_cont_r10,temp_opt_r2,block_or_occupancy,block_or_occupancy,block_cont,temp_opt,0,1.0,0.391344,0.315037,0.315037,1.0,8
block_cont_r8__temp_opt_r8,same_matched,block_cont_r8,temp_opt_r8,block_or_occupancy,block_or_occupancy,block_cont,temp_opt,0,1.0,0.380394,0.297831,0.297831,1.0,8
cross_stall_occ_r5__cross_stall_r2,same_matched,cross_stall_occ_r5,cross_stall_r2,cross,cross,cross_stall_occ,cross_stall,0,2.0,0.340635,0.281566,0.281566,1.0,8
cross_stall_occ_r1__cross_stall_r8,same_matched,cross_stall_occ_r1,cross_stall_r8,cross,cross,cross_stall_occ,cross_stall,0,0.0,0.338743,0.272078,0.272078,1.0,8
lead_cont_r1__lead_opt_r3,same_matched,lead_cont_r1,lead_opt_r3,lead,lead,lead_cont,lead_opt,0,1.0,0.346765,0.279172,0.279172,1.0,8
block_cont_r6__block_nec_r12,same_matched,block_cont_r6,block_nec_r12,block_or_occupancy,block_or_occupancy,block_cont,block_nec,0,2.0,0.375955,0.290638,0.290638,1.0,8
block_cont_r10__temp_opt_r2,same_matched,block_cont_r10,temp_opt_r2,block_or_occupancy,block_or_occupancy,block_cont,temp_opt,0,1.0,0.391344,0.315037,0.315037,1.0,8
lead_cont_r9__lead_nec_r10,same_matched,lead_cont_r9,lead_nec_r10,lead,lead,lead_cont,lead_nec,0,0.0,0.336231,0.277119,0.277119,1.0,8
block_cont_r6__block_nec_r7,same_matched,block_cont_r6,block_nec_r7,block_or_occupancy,block_or_occupancy,block_cont,block_nec,0,0.0,0.363132,0.267186,0.267186,1.0,8
block_nec_r1__block_nec_r4,same_matched,block_nec_r1,block_nec_r4,block_or_occupancy,block_or_occupancy,block_nec,block_nec,0,1.0,0.018908,0.01803,0.01803,1.0,8
lead_opt_r2__lead_opt_r3,same_matched,lead_opt_r2,lead_opt_r3,lead,lead,lead_opt,lead_opt,0,1.0,0.026971,0.015305,0.015305,1.0,8
lead_nec_r5__lead_opt_r12,same_matched,lead_nec_r5,lead_opt_r12,lead,lead,lead_nec,lead_opt,0,1.0,0.023178,0.015534,0.015534,1.0,8
temp_opt_r6__temp_opt_r7,same_matched,temp_opt_r6,temp_opt_r7,block_or_occupancy,block_or_occupancy,temp_opt,temp_opt,0,1.0,0.040725,0.062222,0.062222,1.0,8
block_cont_r1__block_cont_r8,same_matched,block_cont_r1,block_cont_r8,block_or_occupancy,block_or_occupancy,block_cont,block_cont,0,3.0,0.042981,0.022466,0.022466,1.0,8
block_nec_r10__block_nec_r9,same_matched,block_nec_r10,block_nec_r9,block_or_occupancy,block_or_occupancy,block_nec,block_nec,0,2.0,0.025067,0.068886,0.068886,1.0,8
block_nec_r3__block_nec_r7,same_matched,block_nec_r3,block_nec_r7,block_or_occupancy,block_or_occupancy,block_nec,block_nec,0,1.0,0.038353,0.052679,0.052679,1.0,8
lead_nec_r5__lead_opt_r12,same_matched,lead_nec_r5,lead_opt_r12,lead,lead,lead_nec,lead_opt,0,1.0,0.023178,0.015534,0.015534,1.0,8
lead_cont_r1__lead_cont_r9,same_matched,lead_cont_r1,lead_cont_r9,lead,lead,lead_cont,lead_cont,0,3.0,0.044238,0.01645,0.01645,1.0,8
temp_opt_r6__temp_opt_r7,same_matched,temp_opt_r6,temp_opt_r7,block_or_occupancy,block_or_occupancy,temp_opt,temp_opt,0,1.0,0.040725,0.062222,0.062222,1.0,8
temp_opt_r12__temp_opt_r6,same_matched,temp_opt_r12,temp_opt_r6,block_or_occupancy,block_or_occupancy,temp_opt,temp_opt,0,1.0,0.026473,0.052164,0.052164,1.0,8
lead_opt_r2__lead_opt_r5,same_matched,lead_opt_r2,lead_opt_r5,lead,lead,lead_opt,lead_opt,0,2.0,0.031768,0.019813,0.019813,1.0,8
lead_nec_r8__lead_opt_r11,same_matched,lead_nec_r8,lead_opt_r11,lead,lead,lead_nec,lead_opt,0,3.0,0.031966,0.021019,0.021019,1.0,8
block_nec_r10__temp_opt_r9,same_matched,block_nec_r10,temp_opt_r9,block_or_occupancy,block_or_occupancy,block_nec,temp_opt,0,1.0,0.018655,0.027134,0.027134,1.0,8
block_cont_r12__block_cont_r5,same_matched,block_cont_r12,block_cont_r5,block_or_occupancy,block_or_occupancy,block_cont,block_cont,0,2.0,0.058607,0.045447,0.045447,1.0,8
block_cont_r2__block_cont_r8,same_matched,block_cont_r2,block_cont_r8,block_or_occupancy,block_or_occupancy,block_cont,block_cont,0,3.0,0.046006,0.032681,0.032681,1.0,8
lead_cont_r4__lead_cont_r6,same_matched,lead_cont_r4,lead_cont_r6,lead,lead,lead_cont,lead_cont,0,1.0,0.048484,0.023413,0.023413,1.0,8
lead_nec_r4__lead_opt_r9,same_matched,lead_nec_r4,lead_opt_r9,lead,lead,lead_nec,lead_opt,0,0.0,0.021507,0.010361,0.010361,1.0,8
block_cont_r2__block_cont_r8,same_matched,block_cont_r2,block_cont_r8,block_or_occupancy,block_or_occupancy,block_cont,block_cont,0,3.0,0.046006,0.032681,0.032681,1.0,8
lead_opt_r4__lead_opt_r6,same_matched,lead_opt_r4,lead_opt_r6,lead,lead,lead_opt,lead_opt,0,1.0,0.017434,0.009992,0.009992,1.0,8
cross_stall_r12__cross_stall_r5,same_matched,cross_stall_r12,cross_stall_r5,cross,cross,cross_stall,cross_stall,0,0.0,0.029076,0.033918,0.033918,1.0,8
lead_nec_r12__lead_opt_r7,same_matched,lead_nec_r12,lead_opt_r7,lead,lead,lead_nec,lead_opt,0,1.0,0.022137,0.019144,0.019144,1.0,8
lead_nec_r2__lead_opt_r6,same_matched,lead_nec_r2,lead_opt_r6,lead,lead,lead_nec,lead_opt,0,2.0,0.015085,0.007495,0.007495,1.0,8
lead_nec_r4__lead_opt_r3,same_matched,lead_nec_r4,lead_opt_r3,lead,lead,lead_nec,lead_opt,0,0.0,0.016813,0.007186,0.007186,1.0,8
cross_stall_occ_r12__cross_stall_occ_r3,same_matched,cross_stall_occ_r12,cross_stall_occ_r3,cross,cross,cross_stall_occ,cross_stall_occ,0,1.0,0.067223,0.039267,0.039267,1.0,8
block_nec_r4__block_nec_r5,same_matched,block_nec_r4,block_nec_r5,block_or_occupancy,block_or_occupancy,block_nec,block_nec,0,1.0,0.075046,0.079062,0.079062,1.0,8
temp_opt_r2__temp_opt_r8,same_matched,temp_opt_r2,temp_opt_r8,block_or_occupancy,block_or_occupancy,temp_opt,temp_opt,0,2.0,0.066101,0.053934,0.053934,1.0,8
lead_nec_r3__lead_opt_r11,same_matched,lead_nec_r3,lead_opt_r11,lead,lead,lead_nec,lead_opt,0,1.0,0.033317,0.019978,0.019978,1.0,8
block_nec_r4__temp_opt_r5,same_matched,block_nec_r4,temp_opt_r5,block_or_occupancy,block_or_occupancy,block_nec,temp_opt,0,0.0,0.062288,0.069396,0.069396,1.0,8
block_nec_r12__temp_opt_r5,same_matched,block_nec_r12,temp_opt_r5,block_or_occupancy,block_or_occupancy,block_nec,temp_opt,0,1.0,0.042156,0.035184,0.035184,1.0,8
block_nec_r3__temp_opt_r8,same_matched,block_nec_r3,temp_opt_r8,block_or_occupancy,block_or_occupancy,block_nec,temp_opt,0,1.0,0.056582,0.070215,0.070215,1.0,8
lead_cont_r2__lead_cont_r6,same_matched,lead_cont_r2,lead_cont_r6,lead,lead,lead_cont,lead_cont,0,2.0,0.032956,0.016887,0.016887,1.0,8
lead_nec_r8__lead_opt_r11,same_matched,lead_nec_r8,lead_opt_r11,lead,lead,lead_nec,lead_opt,0,3.0,0.031966,0.021019,0.021019,1.0,8
block_cont_r12__block_cont_r3,same_matched,block_cont_r12,block_cont_r3,block_or_occupancy,block_or_occupancy,block_cont,block_cont,0,1.0,0.069257,0.042985,0.042985,1.0,8
lead_opt_r6__lead_opt_r8,same_matched,lead_opt_r6,lead_opt_r8,lead,lead,lead_opt,lead_opt,0,1.0,0.021651,0.028426,0.028426,1.0,8
lead_nec_r4__lead_nec_r6,same_matched,lead_nec_r4,lead_nec_r6,lead,lead,lead_nec,lead_nec,0,1.0,0.005889,0.002659,0.002659,1.0,8
lead_cont_r2__lead_opt_r9,same_matched,lead_cont_r2,lead_opt_r9,lead,lead,lead_cont,lead_opt,0,1.0,0.363589,0.286031,0.286031,1.0,8
lead_cont_r6__lead_opt_r1,same_matched,lead_cont_r6,lead_opt_r1,lead,lead,lead_cont,lead_opt,0,2.0,0.344253,0.272366,0.272366,1.0,8
block_cont_r4__temp_opt_r5,same_matched,block_cont_r4,temp_opt_r5,block_or_occupancy,block_or_occupancy,block_cont,temp_opt,0,0.0,0.345942,0.298576,0.298576,1.0,8
block_cont_r1__temp_opt_r5,same_matched,block_cont_r1,temp_opt_r5,block_or_occupancy,block_or_occupancy,block_cont,temp_opt,0,1.0,0.397989,0.321495,0.321495,1.0,8
block_cont_r4__temp_opt_r10,same_matched,block_cont_r4,temp_opt_r10,block_or_occupancy,block_or_occupancy,block_cont,temp_opt,0,1.0,0.388017,0.315637,0.315637,1.0,8
cross_stall_occ_r9__cross_stall_r2,same_matched,cross_stall_occ_r9,cross_stall_r2,cross,cross,cross_stall_occ,cross_stall,0,1.0,0.347515,0.281237,0.281237,1.0,8
block_cont_r4__temp_opt_r5,same_matched,block_cont_r4,temp_opt_r5,block_or_occupancy,block_or_occupancy,block_cont,temp_opt,0,0.0,0.345942,0.298576,0.298576,1.0,8
lead_cont_r2__lead_nec_r8,same_matched,lead_cont_r2,lead_nec_r8,lead,lead,lead_cont,lead_nec,0,3.0,0.353996,0.285631,0.285631,1.0,8
lead_cont_r12__lead_opt_r8,same_matched,lead_cont_r12,lead_opt_r8,lead,lead,lead_cont,lead_opt,0,1.0,0.383551,0.283894,0.283894,1.0,8
block_cont_r1__temp_opt_r5,same_matched,block_cont_r1,temp_opt_r5,block_or_occupancy,block_or_occupancy,block_cont,temp_opt,0,1.0,0.397989,0.321495,0.321495,1.0,8
cross_stall_occ_r1__cross_stall_r4,same_matched,cross_stall_occ_r1,cross_stall_r4,cross,cross,cross_stall_occ,cross_stall,0,1.0,0.343624,0.275125,0.275125,1.0,8
cross_stall_occ_r1__cross_stall_r11,same_matched,cross_stall_occ_r1,cross_stall_r11,cross,cross,cross_stall_occ,cross_stall,0,2.0,0.370395,0.269523,0.269523,1.0,8
cross_stall_occ_r1__cross_stall_occ_r3,same_matched,cross_stall_occ_r1,cross_stall_occ_r3,cross,cross,cross_stall_occ,cross_stall_occ,0,1.0,0.05813,0.029284,0.029284,1.0,8
cross_clear_r3__cross_stall_r12,same_matched,cross_clear_r3,cross_stall_r12,cross,cross,cross_clear,cross_stall,0,2.0,0.066498,0.04209,0.04209,1.0,8
cross_clear_r3__cross_clear_r7,same_matched,cross_clear_r3,cross_clear_r7,cross,cross,cross_clear,cross_clear,0,1.0,0.062649,0.035887,0.035887,1.0,8
block_cont_r10__block_cont_r5,same_matched,block_cont_r10,block_cont_r5,block_or_occupancy,block_or_occupancy,block_cont,block_cont,0,1.0,0.080268,0.049016,0.049016,1.0,8
block_nec_r5__block_nec_r7,same_matched,block_nec_r5,block_nec_r7,block_or_occupancy,block_or_occupancy,block_nec,block_nec,0,0.0,0.082355,0.089822,0.089822,1.0,8
lead_cont_r2__lead_cont_r8,same_matched,lead_cont_r2,lead_cont_r8,lead,lead,lead_cont,lead_cont,0,3.0,0.064646,0.036858,0.036858,1.0,8
temp_opt_r10__temp_opt_r9,same_matched,temp_opt_r10,temp_opt_r9,block_or_occupancy,block_or_occupancy,temp_opt,temp_opt,0,2.0,0.077676,0.042159,0.042159,1.0,8
cross_clear_r3__cross_clear_r7,same_matched,cross_clear_r3,cross_clear_r7,cross,cross,cross_clear,cross_clear,0,1.0,0.062649,0.035887,0.035887,1.0,8
block_nec_r10__temp_opt_r2,same_matched,block_nec_r10,temp_opt_r2,block_or_occupancy,block_or_occupancy,block_nec,temp_opt,0,1.0,0.083608,0.065066,0.065066,1.0,8
block_cont_r10__block_cont_r5,same_matched,block_cont_r10,block_cont_r5,block_or_occupancy,block_or_occupancy,block_cont,block_cont,0,1.0,0.080268,0.049016,0.049016,1.0,8
lead_cont_r3__lead_cont_r6,same_matched,lead_cont_r3,lead_cont_r6,lead,lead,lead_cont,lead_cont,0,1.0,0.065996,0.034739,0.034739,1.0,8
block_cont_r4__block_cont_r8,same_matched,block_cont_r4,block_cont_r8,block_or_occupancy,block_or_occupancy,block_cont,block_cont,0,2.0,0.071201,0.040355,0.040355,1.0,8
block_nec_r12__temp_opt_r2,same_matched,block_nec_r12,temp_opt_r2,block_or_occupancy,block_or_occupancy,block_nec,temp_opt,0,0.0,0.071508,0.048018,0.048018,1.0,8
cross_stall_occ_r1__cross_stall_occ_r3,same_matched,cross_stall_occ_r1,cross_stall_occ_r3,cross,cross,cross_stall_occ,cross_stall_occ,0,1.0,0.05813,0.029284,0.029284,1.0,8
cross_clear_r2__cross_stall_r11,same_matched,cross_clear_r2,cross_stall_r11,cross,cross,cross_clear,cross_stall,0,2.0,0.0975,0.067908,0.067908,1.0,8
cross_clear_r3__cross_stall_r5,same_matched,cross_clear_r3,cross_stall_r5,cross,cross,cross_clear,cross_stall,0,2.0,0.085903,0.068841,0.068841,1.0,8
block_nec_r7__temp_opt_r11,same_matched,block_nec_r7,temp_opt_r11,block_or_occupancy,block_or_occupancy,block_nec,temp_opt,0,1.0,0.088103,0.072431,0.072431,1.0,8
block_cont_r6__block_cont_r9,same_matched,block_cont_r6,block_cont_r9,block_or_occupancy,block_or_occupancy,block_cont,block_cont,0,1.0,0.060996,0.023223,0.023223,1.0,8
cross_clear_r2__cross_clear_r3,same_matched,cross_clear_r2,cross_clear_r3,cross,cross,cross_clear,cross_clear,0,0.0,0.085733,0.031267,0.031267,1.0,8
block_cont_r10__block_cont_r12,same_matched,block_cont_r10,block_cont_r12,block_or_occupancy,block_or_occupancy,block_cont,block_cont,0,1.0,0.056163,0.03269,0.03269,1.0,8
cross_stall_occ_r3__cross_stall_occ_r8,same_matched,cross_stall_occ_r3,cross_stall_occ_r8,cross,cross,cross_stall_occ,cross_stall_occ,0,1.0,0.068504,0.032454,0.032454,1.0,8
cross_stall_occ_r1__cross_stall_occ_r3,same_matched,cross_stall_occ_r1,cross_stall_occ_r3,cross,cross,cross_stall_occ,cross_stall_occ,0,1.0,0.05813,0.029284,0.029284,1.0,8
block_cont_r10__block_cont_r2,same_matched,block_cont_r10,block_cont_r2,block_or_occupancy,block_or_occupancy,block_cont,block_cont,0,1.0,0.046763,0.025551,0.025551,1.0,8
block_cont_r10__block_cont_r12,same_matched,block_cont_r10,block_cont_r12,block_or_occupancy,block_or_occupancy,block_cont,block_cont,0,1.0,0.056163,0.03269,0.03269,1.0,8
block_nec_r10__block_nec_r11,same_matched,block_nec_r10,block_nec_r11,block_or_occupancy,block_or_occupancy,block_nec,block_nec,0,1.0,0.106555,0.130629,0.130629,1.0,8
block_nec_r3__temp_opt_r4,same_matched,block_nec_r3,temp_opt_r4,block_or_occupancy,block_or_occupancy,block_nec,temp_opt,0,0.0,0.11465,0.112191,0.112191,1.0,8
block_nec_r11__block_nec_r2,same_matched,block_nec_r11,block_nec_r2,block_or_occupancy,block_or_occupancy,block_nec,block_nec,0,2.0,0.105547,0.13241,0.13241,1.0,8
block_nec_r12__block_nec_r3,same_matched,block_nec_r12,block_nec_r3,block_or_occupancy,block_or_occupancy,block_nec,block_nec,0,1.0,0.051175,0.076131,0.076131,1.0,8
block_nec_r5__temp_opt_r9,same_matched,block_nec_r5,temp_opt_r9,block_or_occupancy,block_or_occupancy,block_nec,temp_opt,0,0.0,0.101732,0.12336,0.12336,1.0,8
block_nec_r11__block_nec_r9,same_matched,block_nec_r11,block_nec_r9,block_or_occupancy,block_or_occupancy,block_nec,block_nec,0,1.0,0.081488,0.061744,0.061744,1.0,8
cross_clear_r8__cross_stall_r6,same_matched,cross_clear_r8,cross_stall_r6,cross,cross,cross_clear,cross_stall,0,1.0,0.093447,0.063333,0.063333,1.0,8
cross_stall_occ_r12__cross_stall_occ_r2,same_matched,cross_stall_occ_r12,cross_stall_occ_r2,cross,cross,cross_stall_occ,cross_stall_occ,0,2.0,0.07267,0.044628,0.044628,1.0,8
cross_stall_occ_r2__cross_stall_occ_r3,same_matched,cross_stall_occ_r2,cross_stall_occ_r3,cross,cross,cross_stall_occ,cross_stall_occ,0,1.0,0.071936,0.034219,0.034219,1.0,8
block_nec_r7__temp_opt_r4,same_matched,block_nec_r7,temp_opt_r4,block_or_occupancy,block_or_occupancy,block_nec,temp_opt,0,1.0,0.076297,0.05968,0.05968,1.0,8
lead_nec_r2__lead_opt_r8,same_matched,lead_nec_r2,lead_opt_r8,lead,lead,lead_nec,lead_opt,0,3.0,0.035754,0.034956,0.034956,1.0,8
lead_opt_r11__lead_opt_r3,same_matched,lead_opt_r11,lead_opt_r3,lead,lead,lead_opt,lead_opt,0,1.0,0.036865,0.019969,0.019969,1.0,8
block_cont_r7__block_nec_r12,same_matched,block_cont_r7,block_nec_r12,block_or_occupancy,block_or_occupancy,block_cont,block_nec,0,2.0,0.362822,0.281437,0.281437,1.0,8
lead_cont_r5__lead_nec_r2,same_matched,lead_cont_r5,lead_nec_r2,lead,lead,lead_cont,lead_nec,0,2.0,0.343291,0.276832,0.276832,1.0,8
block_cont_r4__temp_opt_r6,same_matched,block_cont_r4,temp_opt_r6,block_or_occupancy,block_or_occupancy,block_cont,temp_opt,0,0.0,0.345368,0.298638,0.298638,1.0,8
block_cont_r1__temp_opt_r6,same_matched,block_cont_r1,temp_opt_r6,block_or_occupancy,block_or_occupancy,block_cont,temp_opt,0,1.0,0.397414,0.321557,0.321557,1.0,8
block_cont_r4__temp_opt_r10,same_matched,block_cont_r4,temp_opt_r10,block_or_occupancy,block_or_occupancy,block_cont,temp_opt,0,1.0,0.388017,0.315637,0.315637,1.0,8
cross_stall_occ_r7__cross_stall_r9,same_matched,cross_stall_occ_r7,cross_stall_r9,cross,cross,cross_stall_occ,cross_stall,0,1.0,0.347094,0.273001,0.273001,1.0,8
block_cont_r4__temp_opt_r6,same_matched,block_cont_r4,temp_opt_r6,block_or_occupancy,block_or_occupancy,block_cont,temp_opt,0,0.0,0.345368,0.298638,0.298638,1.0,8
lead_cont_r7__lead_nec_r2,same_matched,lead_cont_r7,lead_nec_r2,lead,lead,lead_cont,lead_nec,0,2.0,0.353285,0.279976,0.279976,1.0,8
block_cont_r6__temp_opt_r9,same_matched,block_cont_r6,temp_opt_r9,block_or_occupancy,block_or_occupancy,block_cont,temp_opt,0,0.0,0.382509,0.300723,0.300723,1.0,8
block_cont_r1__temp_opt_r6,same_matched,block_cont_r1,temp_opt_r6,block_or_occupancy,block_or_occupancy,block_cont,temp_opt,0,1.0,0.397414,0.321557,0.321557,1.0,8
block_cont_r10__temp_opt_r12,same_matched,block_cont_r10,temp_opt_r12,block_or_occupancy,block_or_occupancy,block_cont,temp_opt,0,1.0,0.342788,0.258336,0.258336,1.0,8
block_cont_r7__temp_opt_r9,same_matched,block_cont_r7,temp_opt_r9,block_or_occupancy,block_or_occupancy,block_cont,temp_opt,0,0.0,0.369377,0.291523,0.291523,1.0,8
lead_nec_r5__lead_opt_r2,same_matched,lead_nec_r5,lead_opt_r2,lead,lead,lead_nec,lead_opt,0,2.0,0.025312,0.017302,0.017302,1.0,8
lead_nec_r12__lead_opt_r8,same_matched,lead_nec_r12,lead_opt_r8,lead,lead,lead_nec,lead_opt,0,1.0,0.033551,0.032278,0.032278,1.0,8
lead_nec_r1__lead_opt_r2,same_matched,lead_nec_r1,lead_opt_r2,lead,lead,lead_nec,lead_opt,0,0.0,0.029666,0.017884,0.017884,1.0,8
cross_stall_r5__cross_stall_r8,same_matched,cross_stall_r5,cross_stall_r8,cross,cross,cross_stall,cross_stall,0,2.0,0.046802,0.053552,0.053552,1.0,8
cross_stall_occ_r1__cross_stall_occ_r10,same_matched,cross_stall_occ_r1,cross_stall_occ_r10,cross,cross,cross_stall_occ,cross_stall_occ,0,1.0,0.049348,0.023337,0.023337,1.0,8
lead_opt_r2__lead_opt_r9,same_matched,lead_opt_r2,lead_opt_r9,lead,lead,lead_opt,lead_opt,0,1.0,0.031665,0.01848,0.01848,1.0,8
temp_opt_r3__temp_opt_r9,same_matched,temp_opt_r3,temp_opt_r9,block_or_occupancy,block_or_occupancy,temp_opt,temp_opt,0,2.0,0.044825,0.028608,0.028608,1.0,8
lead_nec_r1__lead_opt_r2,same_matched,lead_nec_r1,lead_opt_r2,lead,lead,lead_nec,lead_opt,0,0.0,0.029666,0.017884,0.017884,1.0,8
lead_cont_r10__lead_cont_r11,same_matched,lead_cont_r10,lead_cont_r11,lead,lead,lead_cont,lead_cont,0,2.0,0.050582,0.030069,0.030069,1.0,8
cross_stall_r5__cross_stall_r8,same_matched,cross_stall_r5,cross_stall_r8,cross,cross,cross_stall,cross_stall,0,2.0,0.046802,0.053552,0.053552,1.0,8
temp_opt_r10__temp_opt_r3,same_matched,temp_opt_r10,temp_opt_r3,block_or_occupancy,block_or_occupancy,temp_opt,temp_opt,0,0.0,0.032852,0.013551,0.013551,1.0,8
block_nec_r6__temp_opt_r9,same_matched,block_nec_r6,temp_opt_r9,block_or_occupancy,block_or_occupancy,block_nec,temp_opt,0,0.0,0.038253,0.067172,0.067172,1.0,8
block_nec_r10__temp_opt_r12,same_matched,block_nec_r10,temp_opt_r12,block_or_occupancy,block_or_occupancy,block_nec,temp_opt,0,1.0,0.038458,0.040159,0.040159,1.0,8
temp_opt_r12__temp_opt_r5,same_matched,temp_opt_r12,temp_opt_r5,block_or_occupancy,block_or_occupancy,temp_opt,temp_opt,0,1.0,0.025197,0.052102,0.052102,1.0,8
block_nec_r12__temp_opt_r4,same_matched,block_nec_r12,temp_opt_r4,block_or_occupancy,block_or_occupancy,block_nec,temp_opt,0,1.0,0.064867,0.037471,0.037471,1.0,8
lead_cont_r1__lead_cont_r3,same_matched,lead_cont_r1,lead_cont_r3,lead,lead,lead_cont,lead_cont,0,1.0,0.053168,0.021591,0.021591,1.0,8
block_nec_r7__temp_opt_r5,same_matched,block_nec_r7,temp_opt_r5,block_or_occupancy,block_or_occupancy,block_nec,temp_opt,0,1.0,0.054978,0.058636,0.058636,1.0,8
block_cont_r1__block_cont_r6,same_matched,block_cont_r1,block_cont_r6,block_or_occupancy,block_or_occupancy,block_cont,block_cont,0,2.0,0.028153,0.009355,0.009355,1.0,8
cross_clear_r3__cross_clear_r4,same_matched,cross_clear_r3,cross_clear_r4,cross,cross,cross_clear,cross_clear,0,0.0,0.052438,0.018371,0.018371,1.0,8
lead_nec_r5__lead_opt_r12,same_matched,lead_nec_r5,lead_opt_r12,lead,lead,lead_nec,lead_opt,0,1.0,0.023178,0.015534,0.015534,1.0,8
temp_opt_r1__temp_opt_r7,same_matched,temp_opt_r1,temp_opt_r7,block_or_occupancy,block_or_occupancy,temp_opt,temp_opt,0,2.0,0.035304,0.068795,0.068795,1.0,8
cross_stall_r11__cross_stall_r7,same_matched,cross_stall_r11,cross_stall_r7,cross,cross,cross_stall,cross_stall,0,2.0,0.02682,0.049632,0.049632,1.0,8
lead_nec_r9__lead_opt_r2,same_matched,lead_nec_r9,lead_opt_r2,lead,lead,lead_nec,lead_opt,0,3.0,0.016723,0.013658,0.013658,1.0,8
lead_nec_r3__lead_opt_r2,same_matched,lead_nec_r3,lead_opt_r2,lead,lead,lead_nec,lead_opt,0,1.0,0.023423,0.015313,0.015313,1.0,8
block_cont_r11__block_cont_r7,same_matched,block_cont_r11,block_cont_r7,block_or_occupancy,block_or_occupancy,block_cont,block_cont,0,0.0,0.073579,0.043025,0.043025,1.0,8
block_nec_r11__block_nec_r9,same_matched,block_nec_r11,block_nec_r9,block_or_occupancy,block_or_occupancy,block_nec,block_nec,0,1.0,0.081488,0.061744,0.061744,1.0,8
cross_stall_occ_r12__cross_stall_occ_r2,same_matched,cross_stall_occ_r12,cross_stall_occ_r2,cross,cross,cross_stall_occ,cross_stall_occ,0,2.0,0.07267,0.044628,0.044628,1.0,8
block_cont_r7__block_cont_r8,same_matched,block_cont_r7,block_cont_r8,block_or_occupancy,block_or_occupancy,block_cont,block_cont,0,1.0,0.033854,0.027067,0.027067,1.0,8
cross_clear_r4__cross_stall_r8,same_matched,cross_clear_r4,cross_stall_r8,cross,cross,cross_clear,cross_stall,0,0.0,0.068756,0.039525,0.039525,1.0,8
cross_stall_occ_r12__cross_stall_occ_r7,same_matched,cross_stall_occ_r12,cross_stall_occ_r7,cross,cross,cross_stall_occ,cross_stall_occ,0,2.0,0.048639,0.03146,0.03146,1.0,8
block_nec_r4__temp_opt_r5,same_matched,block_nec_r4,temp_opt_r5,block_or_occupancy,block_or_occupancy,block_nec,temp_opt,0,0.0,0.062288,0.069396,0.069396,1.0,8
lead_cont_r4__lead_cont_r9,same_matched,lead_cont_r4,lead_cont_r9,lead,lead,lead_cont,lead_cont,0,2.0,0.039375,0.024356,0.024356,1.0,8
block_cont_r1__block_cont_r12,same_matched,block_cont_r1,block_cont_r12,block_or_occupancy,block_or_occupancy,block_cont,block_cont,0,0.0,0.038678,0.018456,0.018456,1.0,8
cross_clear_r2__cross_stall_r10,same_matched,cross_clear_r2,cross_stall_r10,cross,cross,cross_clear,cross_stall,0,1.0,0.07443,0.038862,0.038862,1.0,8
lead_nec_r3__lead_nec_r6,same_matched,lead_nec_r3,lead_nec_r6,lead,lead,lead_nec,lead_nec,0,1.0,0.019154,0.009839,0.009839,1.0,8
lead_nec_r3__lead_nec_r8,same_matched,lead_nec_r3,lead_nec_r8,lead,lead,lead_nec,lead_nec,0,2.0,0.003846,0.002357,0.002357,1.0,8
lead_cont_r1__lead_nec_r7,same_matched,lead_cont_r1,lead_nec_r7,lead,lead,lead_cont,lead_nec,0,2.0,0.359565,0.28451,0.28451,1.0,8
block_cont_r2__block_nec_r10,same_matched,block_cont_r2,block_nec_r10,block_or_occupancy,block_or_occupancy,block_cont,block_nec,0,1.0,0.340237,0.261346,0.261346,1.0,8
lead_cont_r9__lead_opt_r3,same_matched,lead_cont_r9,lead_opt_r3,lead,lead,lead_cont,lead_opt,0,2.0,0.34217,0.278683,0.278683,1.0,8
block_cont_r2__temp_opt_r7,same_matched,block_cont_r2,temp_opt_r7,block_or_occupancy,block_or_occupancy,block_cont,temp_opt,0,2.0,0.394652,0.265284,0.265284,1.0,8
lead_cont_r7__lead_opt_r8,same_matched,lead_cont_r7,lead_opt_r8,lead,lead,lead_cont,lead_opt,0,1.0,0.383724,0.28392,0.28392,1.0,8
lead_cont_r9__lead_nec_r6,same_matched,lead_cont_r9,lead_nec_r6,lead,lead,lead_cont,lead_nec,0,1.0,0.343928,0.282658,0.282658,1.0,8
lead_cont_r9__lead_opt_r3,same_matched,lead_cont_r9,lead_opt_r3,lead,lead,lead_cont,lead_opt,0,2.0,0.34217,0.278683,0.278683,1.0,8
cross_stall_occ_r2__cross_stall_r8,same_matched,cross_stall_occ_r2,cross_stall_r8,cross,cross,cross_stall_occ,cross_stall,0,0.0,0.350117,0.281205,0.281205,1.0,8
block_cont_r12__temp_opt_r5,same_matched,block_cont_r12,temp_opt_r5,block_or_occupancy,block_or_occupancy,block_cont,temp_opt,0,1.0,0.37969,0.303039,0.303039,1.0,8
block_cont_r2__temp_opt_r7,same_matched,block_cont_r2,temp_opt_r7,block_or_occupancy,block_or_occupancy,block_cont,temp_opt,0,2.0,0.394652,0.265284,0.265284,1.0,8
cross_clear_r11__cross_stall_occ_r8,same_matched,cross_clear_r11,cross_stall_occ_r8,cross,cross,cross_clear,cross_stall_occ,0,2.0,0.339508,0.237552,0.237552,1.0,8
block_cont_r11__block_nec_r12,same_matched,block_cont_r11,block_nec_r12,block_or_occupancy,block_or_occupancy,block_cont,block_nec,0,2.0,0.366843,0.311759,0.311759,1.0,8
cross_stall_occ_r7__cross_stall_occ_r8,same_matched,cross_stall_occ_r7,cross_stall_occ_r8,cross,cross,cross_stall_occ,cross_stall_occ,0,0.0,0.022194,0.015666,0.015666,1.0,8
temp_opt_r2__temp_opt_r7,same_matched,temp_opt_r2,temp_opt_r7,block_or_occupancy,block_or_occupancy,temp_opt,temp_opt,0,2.0,0.030548,0.067143,0.067143,1.0,8
lead_nec_r9__lead_opt_r11,same_matched,lead_nec_r9,lead_opt_r11,lead,lead,lead_nec,lead_opt,0,3.0,0.026617,0.018323,0.018323,1.0,8
lead_cont_r5__lead_cont_r7,same_matched,lead_cont_r5,lead_cont_r7,lead,lead,lead_cont,lead_cont,0,0.0,0.044107,0.022329,0.022329,1.0,8
block_cont_r2__block_cont_r8,same_matched,block_cont_r2,block_cont_r8,block_or_occupancy,block_or_occupancy,block_cont,block_cont,0,3.0,0.046006,0.032681,0.032681,1.0,8
lead_cont_r3__lead_cont_r4,same_matched,lead_cont_r3,lead_cont_r4,lead,lead,lead_cont,lead_cont,0,0.0,0.028335,0.016945,0.016945,1.0,8
block_cont_r10__block_cont_r3,same_matched,block_cont_r10,block_cont_r3,block_or_occupancy,block_or_occupancy,block_cont,block_cont,0,0.0,0.041669,0.020282,0.020282,1.0,8
lead_nec_r9__lead_opt_r11,same_matched,lead_nec_r9,lead_opt_r11,lead,lead,lead_nec,lead_opt,0,3.0,0.026617,0.018323,0.018323,1.0,8
block_cont_r5__block_cont_r7,same_matched,block_cont_r5,block_cont_r7,block_or_occupancy,block_or_occupancy,block_cont,block_cont,0,0.0,0.048118,0.028689,0.028689,1.0,8
lead_cont_r1__lead_cont_r9,same_matched,lead_cont_r1,lead_cont_r9,lead,lead,lead_cont,lead_cont,0,3.0,0.044238,0.01645,0.01645,1.0,8
lead_opt_r10__lead_opt_r2,same_matched,lead_opt_r10,lead_opt_r2,lead,lead,lead_opt,lead_opt,0,2.0,0.029789,0.017823,0.017823,1.0,8
lead_nec_r11__lead_opt_r11,same_matched,lead_nec_r11,lead_opt_r11,lead,lead,lead_nec,lead_opt,0,1.0,0.035162,0.021008,0.021008,1.0,8
temp_opt_r1__temp_opt_r7,same_matched,temp_opt_r1,temp_opt_r7,block_or_occupancy,block_or_occupancy,temp_opt,temp_opt,0,2.0,0.035304,0.068795,0.068795,1.0,8
lead_nec_r8__lead_opt_r2,same_matched,lead_nec_r8,lead_opt_r2,lead,lead,lead_nec,lead_opt,0,3.0,0.022072,0.016355,0.016355,1.0,8
block_nec_r4__temp_opt_r6,same_matched,block_nec_r4,temp_opt_r6,block_or_occupancy,block_or_occupancy,block_nec,temp_opt,0,0.0,0.061713,0.069458,0.069458,1.0,8
lead_cont_r10__lead_cont_r3,same_matched,lead_cont_r10,lead_cont_r3,lead,lead,lead_cont,lead_cont,0,2.0,0.049808,0.030144,0.030144,1.0,8
lead_cont_r11__lead_cont_r12,same_matched,lead_cont_r11,lead_cont_r12,lead,lead,lead_cont,lead_cont,0,1.0,0.051927,0.024788,0.024788,1.0,8
temp_opt_r1__temp_opt_r3,same_matched,temp_opt_r1,temp_opt_r3,block_or_occupancy,block_or_occupancy,temp_opt,temp_opt,0,0.0,0.024884,0.010976,0.010976,1.0,8
lead_cont_r3__lead_cont_r8,same_matched,lead_cont_r3,lead_cont_r8,lead,lead,lead_cont,lead_cont,0,2.0,0.049488,0.030147,0.030147,1.0,8
block_cont_r6__block_cont_r8,same_matched,block_cont_r6,block_cont_r8,block_or_occupancy,block_or_occupancy,block_cont,block_cont,0,1.0,0.020722,0.017965,0.017965,1.0,8
lead_nec_r8__lead_opt_r11,same_matched,lead_nec_r8,lead_opt_r11,lead,lead,lead_nec,lead_opt,0,3.0,0.031966,0.021019,0.021019,1.0,8
lead_nec_r11__lead_opt_r2,same_matched,lead_nec_r11,lead_opt_r2,lead,lead,lead_nec,lead_opt,0,1.0,0.025268,0.016344,0.016344,1.0,8
lead_nec_r1__lead_opt_r8,same_matched,lead_nec_r1,lead_opt_r8,lead,lead,lead_nec,lead_opt,0,3.0,0.01789,0.024375,0.024375,1.0,8
block_nec_r12__block_nec_r4,same_matched,block_nec_r12,block_nec_r4,block_or_occupancy,block_or_occupancy,block_nec,block_nec,0,1.0,0.020132,0.034212,0.034212,1.0,8
cross_stall_occ_r10__cross_stall_occ_r6,same_matched,cross_stall_occ_r10,cross_stall_occ_r6,cross,cross,cross_stall_occ,cross_stall_occ,0,1.0,0.070581,0.04037,0.04037,1.0,8
lead_cont_r1__lead_cont_r4,same_matched,lead_cont_r1,lead_cont_r4,lead,lead,lead_cont,lead_cont,0,1.0,0.078333,0.038359,0.038359,1.0,8
cross_stall_occ_r3__cross_stall_occ_r5,same_matched,cross_stall_occ_r3,cross_stall_occ_r5,cross,cross,cross_stall_occ,cross_stall_occ,0,1.0,0.069513,0.039982,0.039982,1.0,8
block_nec_r3__block_nec_r8,same_matched,block_nec_r3,block_nec_r8,block_or_occupancy,block_or_occupancy,block_nec,block_nec,0,2.0,0.034932,0.03504,0.03504,1.0,8
lead_cont_r3__lead_cont_r6,same_matched,lead_cont_r3,lead_cont_r6,lead,lead,lead_cont,lead_cont,0,1.0,0.065996,0.034739,0.034739,1.0,8
block_cont_r2__block_cont_r5,same_matched,block_cont_r2,block_cont_r5,block_or_occupancy,block_or_occupancy,block_cont,block_cont,0,2.0,0.045471,0.037479,0.037479,1.0,8
cross_clear_r3__cross_stall_r10,same_matched,cross_clear_r3,cross_stall_r10,cross,cross,cross_clear,cross_stall,0,1.0,0.059787,0.034385,0.034385,1.0,8
temp_opt_r6__temp_opt_r8,same_matched,temp_opt_r6,temp_opt_r8,block_or_occupancy,block_or_occupancy,temp_opt,temp_opt,0,1.0,0.036174,0.041162,0.041162,1.0,8
lead_nec_r2__lead_opt_r8,same_matched,lead_nec_r2,lead_opt_r8,lead,lead,lead_nec,lead_opt,0,3.0,0.035754,0.034956,0.034956,1.0,8
block_cont_r4__block_cont_r6,same_matched,block_cont_r4,block_cont_r6,block_or_occupancy,block_or_occupancy,block_cont,block_cont,0,1.0,0.072168,0.03586,0.03586,1.0,8
lead_nec_r7__lead_opt_r7,same_matched,lead_nec_r7,lead_opt_r7,lead,lead,lead_nec,lead_opt,0,1.0,0.02231,0.019169,0.019169,1.0,8
lead_nec_r2__lead_opt_r12,same_matched,lead_nec_r2,lead_opt_r12,lead,lead,lead_nec,lead_opt,0,1.0,0.00696,0.00427,0.00427,1.0,8
lead_cont_r5__lead_opt_r2,same_matched,lead_cont_r5,lead_opt_r2,lead,lead,lead_cont,lead_opt,0,2.0,0.348888,0.281727,0.281727,1.0,8
lead_cont_r10__lead_opt_r4,same_matched,lead_cont_r10,lead_opt_r4,lead,lead,lead_cont,lead_opt,0,2.0,0.329534,0.275374,0.275374,1.0,8
lead_cont_r9__lead_nec_r9,same_matched,lead_cont_r9,lead_nec_r9,lead,lead,lead_cont,lead_nec,0,0.0,0.331474,0.274474,0.274474,1.0,8
block_cont_r10__temp_opt_r4,same_matched,block_cont_r10,temp_opt_r4,block_or_occupancy,block_or_occupancy,block_cont,temp_opt,0,0.0,0.383311,0.30308,0.30308,1.0,8
cross_stall_occ_r11__cross_stall_r1,same_matched,cross_stall_occ_r11,cross_stall_r1,cross,cross,cross_stall_occ,cross_stall,0,2.0,0.372972,0.293184,0.293184,1.0,8
lead_cont_r3__lead_nec_r2,same_matched,lead_cont_r3,lead_nec_r2,lead,lead,lead_cont,lead_nec,0,1.0,0.333374,0.279901,0.279901,1.0,8
lead_cont_r9__lead_nec_r9,same_matched,lead_cont_r9,lead_nec_r9,lead,lead,lead_cont,lead_nec,0,0.0,0.331474,0.274474,0.274474,1.0,8
block_cont_r5__block_nec_r6,same_matched,block_cont_r5,block_nec_r6,block_or_occupancy,block_or_occupancy,block_cont,block_nec,0,0.0,0.339477,0.242312,0.242312,1.0,8
lead_cont_r6__lead_opt_r8,same_matched,lead_cont_r6,lead_opt_r8,lead,lead,lead_cont,lead_opt,0,1.0,0.369108,0.281271,0.281271,1.0,8
lead_cont_r12__lead_opt_r8,same_matched,lead_cont_r12,lead_opt_r8,lead,lead,lead_cont,lead_opt,0,1.0,0.383551,0.283894,0.283894,1.0,8
lead_cont_r5__lead_nec_r1,same_matched,lead_cont_r5,lead_nec_r1,lead,lead,lead_cont,lead_nec,0,2.0,0.32914,0.267071,0.267071,1.0,8
block_cont_r1__block_nec_r12,same_matched,block_cont_r1,block_nec_r12,block_or_occupancy,block_or_occupancy,block_cont,block_nec,0,0.0,0.355833,0.286311,0.286311,1.0,8
lead_opt_r10__lead_opt_r8,same_matched,lead_opt_r10,lead_opt_r8,lead,lead,lead_opt,lead_opt,0,1.0,0.011563,0.022028,0.022028,1.0,8
lead_nec_r2__lead_nec_r5,same_matched,lead_nec_r2,lead_nec_r5,lead,lead,lead_nec,lead_nec,0,2.0,0.019714,0.012406,0.012406,1.0,8
lead_nec_r10__lead_nec_r2,same_matched,lead_nec_r10,lead_nec_r2,lead,lead,lead_nec,lead_nec,0,3.0,0.015883,0.011408,0.011408,1.0,8
lead_nec_r3__lead_opt_r11,same_matched,lead_nec_r3,lead_opt_r11,lead,lead,lead_nec,lead_opt,0,1.0,0.033317,0.019978,0.019978,1.0,8
temp_opt_r5__temp_opt_r9,same_matched,temp_opt_r5,temp_opt_r9,block_or_occupancy,block_or_occupancy,temp_opt,temp_opt,0,1.0,0.035602,0.025099,0.025099,1.0,8
lead_nec_r6__lead_nec_r8,same_matched,lead_nec_r6,lead_nec_r8,lead,lead,lead_nec,lead_nec,0,1.0,0.017803,0.01088,0.01088,1.0,8
block_nec_r3__block_nec_r4,same_matched,block_nec_r3,block_nec_r4,block_or_occupancy,block_or_occupancy,block_nec,block_nec,0,0.0,0.031043,0.041918,0.041918,1.0,8
lead_nec_r10__lead_nec_r2,same_matched,lead_nec_r10,lead_nec_r2,lead,lead,lead_nec,lead_nec,0,3.0,0.015883,0.011408,0.011408,1.0,8
temp_opt_r5__temp_opt_r7,same_matched,temp_opt_r5,temp_opt_r7,block_or_occupancy,block_or_occupancy,temp_opt,temp_opt,0,1.0,0.036895,0.061344,0.061344,1.0,8
lead_nec_r12__lead_opt_r8,same_matched,lead_nec_r12,lead_opt_r8,lead,lead,lead_nec,lead_opt,0,1.0,0.033551,0.032278,0.032278,1.0,8
lead_nec_r3__lead_nec_r6,same_matched,lead_nec_r3,lead_nec_r6,lead,lead,lead_nec,lead_nec,0,1.0,0.019154,0.009839,0.009839,1.0,8
block_nec_r7__block_nec_r9,same_matched,block_nec_r7,block_nec_r9,block_or_occupancy,block_or_occupancy,block_nec,block_nec,0,1.0,0.024345,0.062482,0.062482,1.0,8
lead_nec_r2__lead_opt_r7,same_matched,lead_nec_r2,lead_opt_r7,lead,lead,lead_nec,lead_opt,0,3.0,0.024695,0.021648,0.021648,1.0,8
lead_nec_r1__lead_opt_r6,same_matched,lead_nec_r1,lead_opt_r6,lead,lead,lead_nec,lead_opt,0,2.0,0.013914,0.008307,0.008307,1.0,8
block_nec_r12__block_nec_r3,same_matched,block_nec_r12,block_nec_r3,block_or_occupancy,block_or_occupancy,block_nec,block_nec,0,1.0,0.051175,0.076131,0.076131,1.0,8
block_nec_r10__block_nec_r3,same_matched,block_nec_r10,block_nec_r3,block_or_occupancy,block_or_occupancy,block_nec,block_nec,0,0.0,0.039074,0.059082,0.059082,1.0,8
cross_stall_r11__cross_stall_r2,same_matched,cross_stall_r11,cross_stall_r2,cross,cross,cross_stall,cross_stall,0,2.0,0.041159,0.058761,0.058761,1.0,8
lead_nec_r9__lead_opt_r12,same_matched,lead_nec_r9,lead_opt_r12,lead,lead,lead_nec,lead_opt,0,2.0,0.014754,0.011912,0.011912,1.0,8
block_nec_r1__block_nec_r12,same_matched,block_nec_r1,block_nec_r12,block_or_occupancy,block_or_occupancy,block_nec,block_nec,0,0.0,0.03904,0.052146,0.052146,1.0,8
cross_stall_r11__cross_stall_r9,same_matched,cross_stall_r11,cross_stall_r9,cross,cross,cross_stall,cross_stall,0,1.0,0.014887,0.033805,0.033805,1.0,8
lead_nec_r12__lead_opt_r10,same_matched,lead_nec_r12,lead_opt_r10,lead,lead,lead_nec,lead_opt,0,0.0,0.021988,0.010249,0.010249,1.0,8
block_nec_r12__block_nec_r4,same_matched,block_nec_r12,block_nec_r4,block_or_occupancy,block_or_occupancy,block_nec,block_nec,0,1.0,0.020132,0.034212,0.034212,1.0,8
cross_stall_r1__cross_stall_r9,same_matched,cross_stall_r1,cross_stall_r9,cross,cross,cross_stall,cross_stall,0,1.0,0.016225,0.018627,0.018627,1.0,8
cross_stall_occ_r12__cross_stall_occ_r5,same_matched,cross_stall_occ_r12,cross_stall_occ_r5,cross,cross,cross_stall_occ,cross_stall_occ,0,0.0,0.012327,0.011986,0.011986,1.0,8
cross_clear_r3__cross_stall_r10,same_matched,cross_clear_r3,cross_stall_r10,cross,cross,cross_clear,cross_stall,0,1.0,0.059787,0.034385,0.034385,1.0,8
cross_stall_occ_r4__cross_stall_occ_r5,same_matched,cross_stall_occ_r4,cross_stall_occ_r5,cross,cross,cross_stall_occ,cross_stall_occ,0,1.0,0.067608,0.049772,0.049772,1.0,8
temp_opt_r1__temp_opt_r12,same_matched,temp_opt_r1,temp_opt_r12,block_or_occupancy,block_or_occupancy,temp_opt,temp_opt,0,2.0,0.058766,0.066587,0.066587,1.0,8
block_cont_r7__block_cont_r8,same_matched,block_cont_r7,block_cont_r8,block_or_occupancy,block_or_occupancy,block_cont,block_cont,0,1.0,0.033854,0.027067,0.027067,1.0,8
block_nec_r7__temp_opt_r5,same_matched,block_nec_r7,temp_opt_r5,block_or_occupancy,block_or_occupancy,block_nec,temp_opt,0,1.0,0.054978,0.058636,0.058636,1.0,8
block_nec_r3__block_nec_r8,same_matched,block_nec_r3,block_nec_r8,block_or_occupancy,block_or_occupancy,block_nec,block_nec,0,2.0,0.034932,0.03504,0.03504,1.0,8
lead_cont_r10__lead_cont_r11,same_matched,lead_cont_r10,lead_cont_r11,lead,lead,lead_cont,lead_cont,0,2.0,0.050582,0.030069,0.030069,1.0,8
temp_opt_r2__temp_opt_r5,same_matched,temp_opt_r2,temp_opt_r5,block_or_occupancy,block_or_occupancy,temp_opt,temp_opt,0,1.0,0.029352,0.012834,0.012834,1.0,8
block_nec_r10__block_nec_r9,same_matched,block_nec_r10,block_nec_r9,block_or_occupancy,block_or_occupancy,block_nec,block_nec,0,2.0,0.025067,0.068886,0.068886,1.0,8
lead_cont_r10__lead_cont_r2,same_matched,lead_cont_r10,lead_cont_r2,lead,lead,lead_cont,lead_cont,0,3.0,0.0641,0.036841,0.036841,1.0,8
lead_nec_r1__lead_nec_r6,same_matched,lead_nec_r1,lead_nec_r6,lead,lead,lead_nec,lead_nec,0,2.0,0.025397,0.012409,0.012409,1.0,8
temp_opt_r11__temp_opt_r4,same_matched,temp_opt_r11,temp_opt_r4,block_or_occupancy,block_or_occupancy,temp_opt,temp_opt,0,0.0,0.011806,0.012989,0.012989,1.0,8
lead_cont_r12__lead_nec_r1,same_matched,lead_cont_r12,lead_nec_r1,lead,lead,lead_cont,lead_nec,0,2.0,0.371865,0.287312,0.287312,1.0,8
cross_clear_r1__cross_stall_occ_r11,same_matched,cross_clear_r1,cross_stall_occ_r11,cross,cross,cross_clear,cross_stall_occ,0,2.0,0.351952,0.293375,0.293375,1.0,8
cross_stall_occ_r1__cross_stall_r12,same_matched,cross_stall_occ_r1,cross_stall_r12,cross,cross,cross_stall_occ,cross_stall,0,2.0,0.354037,0.279754,0.279754,1.0,8
block_cont_r9__temp_opt_r10,same_matched,block_cont_r9,temp_opt_r10,block_or_occupancy,block_or_occupancy,block_cont,temp_opt,0,3.0,0.405467,0.337325,0.337325,1.0,8
block_cont_r10__temp_opt_r1,same_matched,block_cont_r10,temp_opt_r1,block_or_occupancy,block_or_occupancy,block_cont,temp_opt,0,1.0,0.396099,0.316689,0.316689,1.0,8
block_cont_r1__block_nec_r12,same_matched,block_cont_r1,block_nec_r12,block_or_occupancy,block_or_occupancy,block_cont,block_nec,0,0.0,0.355833,0.286311,0.286311,1.0,8
cross_stall_occ_r1__cross_stall_r12,same_matched,cross_stall_occ_r1,cross_stall_r12,cross,cross,cross_stall_occ,cross_stall,0,2.0,0.354037,0.279754,0.279754,1.0,8
block_cont_r10__temp_opt_r5,same_matched,block_cont_r10,temp_opt_r5,block_or_occupancy,block_or_occupancy,block_cont,temp_opt,0,0.0,0.361992,0.302204,0.302204,1.0,8
block_cont_r10__temp_opt_r2,same_matched,block_cont_r10,temp_opt_r2,block_or_occupancy,block_or_occupancy,block_cont,temp_opt,0,1.0,0.391344,0.315037,0.315037,1.0,8
block_cont_r7__temp_opt_r7,same_matched,block_cont_r7,temp_opt_r7,block_or_occupancy,block_or_occupancy,block_cont,temp_opt,0,0.0,0.406798,0.270766,0.270766,1.0,8
cross_stall_occ_r1__cross_stall_r3,same_matched,cross_stall_occ_r1,cross_stall_r3,cross,cross,cross_stall_occ,cross_stall,0,1.0,0.351776,0.278403,0.278403,1.0,8
cross_clear_r7__cross_stall_occ_r11,same_matched,cross_clear_r7,cross_stall_occ_r11,cross,cross,cross_clear,cross_stall_occ,0,1.0,0.378423,0.288599,0.288599,1.0,8
temp_opt_r1__temp_opt_r5,same_matched,temp_opt_r1,temp_opt_r5,block_or_occupancy,block_or_occupancy,temp_opt,temp_opt,0,1.0,0.034107,0.014485,0.014485,1.0,8
block_nec_r12__temp_opt_r5,same_matched,block_nec_r12,temp_opt_r5,block_or_occupancy,block_or_occupancy,block_nec,temp_opt,0,1.0,0.042156,0.035184,0.035184,1.0,8
block_nec_r10__temp_opt_r12,same_matched,block_nec_r10,temp_opt_r12,block_or_occupancy,block_or_occupancy,block_nec,temp_opt,0,1.0,0.038458,0.040159,0.040159,1.0,8
cross_clear_r3__cross_stall_r4,same_matched,cross_clear_r3,cross_stall_r4,cross,cross,cross_clear,cross_stall,0,1.0,0.056086,0.032334,0.032334,1.0,8
cross_stall_occ_r1__cross_stall_occ_r3,same_matched,cross_stall_occ_r1,cross_stall_occ_r3,cross,cross,cross_stall_occ,cross_stall_occ,0,1.0,0.05813,0.029284,0.029284,1.0,8
cross_stall_occ_r6__cross_stall_occ_r7,same_matched,cross_stall_occ_r6,cross_stall_occ_r7,cross,cross,cross_stall_occ,cross_stall_occ,0,2.0,0.04041,0.025952,0.025952,1.0,8
block_nec_r10__temp_opt_r6,same_matched,block_nec_r10,temp_opt_r6,block_or_occupancy,block_or_occupancy,block_nec,temp_opt,0,0.0,0.053682,0.052295,0.052295,1.0,8
block_nec_r10__temp_opt_r12,same_matched,block_nec_r10,temp_opt_r12,block_or_occupancy,block_or_occupancy,block_nec,temp_opt,0,1.0,0.038458,0.040159,0.040159,1.0,8
cross_clear_r3__cross_stall_r7,same_matched,cross_clear_r3,cross_stall_r7,cross,cross,cross_clear,cross_stall,0,0.0,0.059442,0.033084,0.033084,1.0,8
block_cont_r10__block_cont_r12,same_matched,block_cont_r10,block_cont_r12,block_or_occupancy,block_or_occupancy,block_cont,block_cont,0,1.0,0.056163,0.03269,0.03269,1.0,8
block_cont_r10__block_cont_r3,same_matched,block_cont_r10,block_cont_r3,block_or_occupancy,block_or_occupancy,block_cont,block_cont,0,0.0,0.041669,0.020282,0.020282,1.0,8
cross_stall_r5__cross_stall_r8,same_matched,cross_stall_r5,cross_stall_r8,cross,cross,cross_stall,cross_stall,0,2.0,0.046802,0.053552,0.053552,1.0,8
cross_stall_r5__cross_stall_r8,same_matched,cross_stall_r5,cross_stall_r8,cross,cross,cross_stall,cross_stall,0,2.0,0.046802,0.053552,0.053552,1.0,8
temp_opt_r12__temp_opt_r3,same_matched,temp_opt_r12,temp_opt_r3,block_or_occupancy,block_or_occupancy,temp_opt,temp_opt,0,2.0,0.034046,0.055611,0.055611,1.0,8
block_cont_r1__block_cont_r4,same_matched,block_cont_r1,block_cont_r4,block_or_occupancy,block_or_occupancy,block_cont,block_cont,0,1.0,0.073744,0.037167,0.037167,1.0,8
block_nec_r4__temp_opt_r6,same_matched,block_nec_r4,temp_opt_r6,block_or_occupancy,block_or_occupancy,block_nec,temp_opt,0,0.0,0.061713,0.069458,0.069458,1.0,8
cross_clear_r11__cross_clear_r7,same_matched,cross_clear_r11,cross_clear_r7,cross,cross,cross_clear,cross_clear,0,1.0,0.063577,0.074004,0.074004,1.0,8
lead_opt_r11__lead_opt_r3,same_matched,lead_opt_r11,lead_opt_r3,lead,lead,lead_opt,lead_opt,0,1.0,0.036865,0.019969,0.019969,1.0,8
block_cont_r11__block_cont_r8,same_matched,block_cont_r11,block_cont_r8,block_or_occupancy,block_or_occupancy,block_cont,block_cont,0,1.0,0.061414,0.029214,0.029214,1.0,8
lead_nec_r8__lead_opt_r11,same_matched,lead_nec_r8,lead_opt_r11,lead,lead,lead_nec,lead_opt,0,3.0,0.031966,0.021019,0.021019,1.0,8
lead_cont_r5__lead_cont_r7,same_matched,lead_cont_r5,lead_cont_r7,lead,lead,lead_cont,lead_cont,0,0.0,0.044107,0.022329,0.022329,1.0,8
lead_cont_r1__lead_cont_r7,same_matched,lead_cont_r1,lead_cont_r7,lead,lead,lead_cont,lead_cont,0,2.0,0.034512,0.016339,0.016339,1.0,8
lead_nec_r11__lead_opt_r4,same_matched,lead_nec_r11,lead_opt_r4,lead,lead,lead_nec,lead_opt,0,0.0,0.023002,0.014911,0.014911,1.0,8
lead_nec_r8__lead_opt_r11,same_matched,lead_nec_r8,lead_opt_r11,lead,lead,lead_nec,lead_opt,0,3.0,0.031966,0.021019,0.021019,1.0,8
block_nec_r5__block_nec_r7,same_matched,block_nec_r5,block_nec_r7,block_or_occupancy,block_or_occupancy,block_nec,block_nec,0,0.0,0.082355,0.089822,0.089822,1.0,8
block_nec_r1__temp_opt_r7,same_matched,block_nec_r1,temp_opt_r7,block_or_occupancy,block_or_occupancy,block_nec,temp_opt,0,2.0,0.090299,0.06011,0.06011,1.0,8
block_nec_r11__block_nec_r9,same_matched,block_nec_r11,block_nec_r9,block_or_occupancy,block_or_occupancy,block_nec,block_nec,0,1.0,0.081488,0.061744,0.061744,1.0,8
temp_opt_r6__temp_opt_r8,same_matched,temp_opt_r6,temp_opt_r8,block_or_occupancy,block_or_occupancy,temp_opt,temp_opt,0,1.0,0.036174,0.041162,0.041162,1.0,8
cross_clear_r1__cross_stall_r10,same_matched,cross_clear_r1,cross_stall_r10,cross,cross,cross_clear,cross_stall,0,1.0,0.077598,0.035864,0.035864,1.0,8
lead_cont_r1__lead_cont_r10,same_matched,lead_cont_r1,lead_cont_r10,lead,lead,lead_cont,lead_cont,0,3.0,0.057454,0.029237,0.029237,1.0,8
block_nec_r10__block_nec_r8,same_matched,block_nec_r10,block_nec_r8,block_or_occupancy,block_or_occupancy,block_nec,block_nec,0,2.0,0.069945,0.093592,0.093592,1.0,8
block_cont_r5__block_cont_r7,same_matched,block_cont_r5,block_cont_r7,block_or_occupancy,block_or_occupancy,block_cont,block_cont,0,0.0,0.048118,0.028689,0.028689,1.0,8
block_cont_r5__block_cont_r7,same_matched,block_cont_r5,block_cont_r7,block_or_occupancy,block_or_occupancy,block_cont,block_cont,0,0.0,0.048118,0.028689,0.028689,1.0,8
block_nec_r11__block_nec_r9,same_matched,block_nec_r11,block_nec_r9,block_or_occupancy,block_or_occupancy,block_nec,block_nec,0,1.0,0.081488,0.061744,0.061744,1.0,8
lead_nec_r3__lead_nec_r6,same_matched,lead_nec_r3,lead_nec_r6,lead,lead,lead_nec,lead_nec,0,1.0,0.019154,0.009839,0.009839,1.0,8
lead_nec_r7__lead_opt_r6,same_matched,lead_nec_r7,lead_opt_r6,lead,lead,lead_nec,lead_opt,0,0.0,0.012669,0.005371,0.005371,1.0,8
block_cont_r9__temp_opt_r4,same_matched,block_cont_r9,temp_opt_r4,block_or_occupancy,block_or_occupancy,block_cont,temp_opt,0,2.0,0.384711,0.32114,0.32114,1.0,8
block_cont_r6__temp_opt_r12,same_matched,block_cont_r6,temp_opt_r12,block_or_occupancy,block_or_occupancy,block_cont,temp_opt,0,0.0,0.393452,0.27372,0.27372,1.0,8
block_cont_r9__temp_opt_r4,same_matched,block_cont_r9,temp_opt_r4,block_or_occupancy,block_or_occupancy,block_cont,temp_opt,0,2.0,0.384711,0.32114,0.32114,1.0,8
block_cont_r3__temp_opt_r9,same_matched,block_cont_r3,temp_opt_r9,block_or_occupancy,block_or_occupancy,block_cont,temp_opt,0,1.0,0.36806,0.297387,0.297387,1.0,8
block_cont_r6__temp_opt_r8,same_matched,block_cont_r6,temp_opt_r8,block_or_occupancy,block_or_occupancy,block_cont,temp_opt,0,0.0,0.381362,0.284722,0.284722,1.0,8
cross_stall_occ_r2__cross_stall_r7,same_matched,cross_stall_occ_r2,cross_stall_r7,cross,cross,cross_stall_occ,cross_stall,0,0.0,0.360787,0.286497,0.286497,1.0,8
block_cont_r3__temp_opt_r12,same_matched,block_cont_r3,temp_opt_r12,block_or_occupancy,block_or_occupancy,block_cont,temp_opt,0,1.0,0.379002,0.270384,0.270384,1.0,8
lead_cont_r1__lead_nec_r6,same_matched,lead_cont_r1,lead_nec_r6,lead,lead,lead_cont,lead_nec,0,2.0,0.362924,0.286583,0.286583,1.0,8
block_cont_r12__block_nec_r3,same_matched,block_cont_r12,block_nec_r3,block_or_occupancy,block_or_occupancy,block_cont,block_nec,0,1.0,0.354625,0.239969,0.239969,1.0,8
block_cont_r7__block_nec_r12,same_matched,block_cont_r7,block_nec_r12,block_or_occupancy,block_or_occupancy,block_cont,block_nec,0,2.0,0.362822,0.281437,0.281437,1.0,8
lead_cont_r12__lead_opt_r11,same_matched,lead_cont_r12,lead_opt_r11,lead,lead,lead_cont,lead_opt,0,2.0,0.367695,0.28924,0.28924,1.0,8
lead_cont_r7__lead_opt_r4,same_matched,lead_cont_r7,lead_opt_r4,lead,lead,lead_cont,lead_opt,0,1.0,0.359059,0.283806,0.283806,1.0,8
block_cont_r7__block_nec_r7,same_matched,block_cont_r7,block_nec_r7,block_or_occupancy,block_or_occupancy,block_cont,block_nec,0,0.0,0.35,0.257985,0.257985,1.0,8
block_cont_r7__block_nec_r9,same_matched,block_cont_r7,block_nec_r9,block_or_occupancy,block_or_occupancy,block_cont,block_nec,0,1.0,0.357806,0.222736,0.222736,1.0,8
lead_cont_r5__lead_opt_r2,same_matched,lead_cont_r5,lead_opt_r2,lead,lead,lead_cont,lead_opt,0,2.0,0.348888,0.281727,0.281727,1.0,8
lead_cont_r9__lead_nec_r12,same_matched,lead_cont_r9,lead_nec_r12,lead,lead,lead_cont,lead_nec,0,1.0,0.340396,0.280559,0.280559,1.0,8
block_cont_r12__temp_opt_r9,same_matched,block_cont_r12,temp_opt_r9,block_or_occupancy,block_or_occupancy,block_cont,temp_opt,0,2.0,0.345756,0.280251,0.280251,1.0,8
cross_stall_occ_r10__cross_stall_r7,same_matched,cross_stall_occ_r10,cross_stall_r7,cross,cross,cross_stall_occ,cross_stall,0,1.0,0.325303,0.273191,0.273191,1.0,8
lead_cont_r9__lead_nec_r1,same_matched,lead_cont_r9,lead_nec_r1,lead,lead,lead_cont,lead_nec,0,3.0,0.344712,0.279544,0.279544,1.0,8
lead_cont_r11__lead_opt_r8,same_matched,lead_cont_r11,lead_opt_r8,lead,lead,lead_cont,lead_opt,0,2.0,0.333839,0.268787,0.268787,1.0,8
block_cont_r1__block_nec_r9,same_matched,block_cont_r1,block_nec_r9,block_or_occupancy,block_or_occupancy,block_cont,block_nec,0,3.0,0.326574,0.213052,0.213052,1.0,8
cross_stall_occ_r10__cross_stall_r5,same_matched,cross_stall_occ_r10,cross_stall_r5,cross,cross,cross_stall_occ,cross_stall,0,1.0,0.329166,0.256575,0.256575,1.0,8
cross_stall_occ_r1__cross_stall_r4,same_matched,cross_stall_occ_r1,cross_stall_r4,cross,cross,cross_stall_occ,cross_stall,0,1.0,0.343624,0.275125,0.275125,1.0,8
cross_clear_r11__cross_stall_occ_r8,same_matched,cross_clear_r11,cross_stall_occ_r8,cross,cross,cross_clear,cross_stall_occ,0,2.0,0.339508,0.237552,0.237552,1.0,8
lead_cont_r12__lead_opt_r1,same_matched,lead_cont_r12,lead_opt_r1,lead,lead,lead_cont,lead_opt,0,2.0,0.359329,0.280763,0.280763,1.0,8
block_cont_r4__temp_opt_r4,same_matched,block_cont_r4,temp_opt_r4,block_or_occupancy,block_or_occupancy,block_cont,temp_opt,0,0.0,0.367261,0.299452,0.299452,1.0,8
block_cont_r5__block_nec_r7,same_matched,block_cont_r5,block_nec_r7,block_or_occupancy,block_or_occupancy,block_cont,block_nec,0,0.0,0.358353,0.275947,0.275947,1.0,8
block_cont_r4__temp_opt_r5,same_matched,block_cont_r4,temp_opt_r5,block_or_occupancy,block_or_occupancy,block_cont,temp_opt,0,0.0,0.345942,0.298576,0.298576,1.0,8
block_cont_r8__block_nec_r4,same_matched,block_cont_r8,block_nec_r4,block_or_occupancy,block_or_occupancy,block_cont,block_nec,0,2.0,0.354855,0.269535,0.269535,1.0,8
lead_cont_r5__lead_opt_r5,same_matched,lead_cont_r5,lead_opt_r5,lead,lead,lead_cont,lead_opt,0,0.0,0.334523,0.268567,0.268567,1.0,8
lead_cont_r7__lead_nec_r2,same_matched,lead_cont_r7,lead_nec_r2,lead,lead,lead_cont,lead_nec,0,2.0,0.353285,0.279976,0.279976,1.0,8
cross_stall_occ_r7__cross_stall_r3,same_matched,cross_stall_occ_r7,cross_stall_r3,cross,cross,cross_stall_occ,cross_stall,0,1.0,0.339956,0.271448,0.271448,1.0,8
lead_cont_r4__lead_opt_r8,same_matched,lead_cont_r4,lead_opt_r8,lead,lead,lead_cont,lead_opt,0,2.0,0.331634,0.27059,0.27059,1.0,8
cross_clear_r11__cross_stall_occ_r2,same_matched,cross_clear_r11,cross_stall_occ_r2,cross,cross,cross_clear,cross_stall_occ,0,2.0,0.337489,0.236604,0.236604,1.0,8
lead_cont_r6__lead_opt_r6,same_matched,lead_cont_r6,lead_opt_r6,lead,lead,lead_cont,lead_opt,0,0.0,0.347457,0.274208,0.274208,1.0,8
block_cont_r2__block_nec_r3,same_matched,block_cont_r2,block_nec_r3,block_or_occupancy,block_or_occupancy,block_cont,block_nec,0,1.0,0.341489,0.232001,0.232001,1.0,8
block_cont_r5__temp_opt_r8,same_matched,block_cont_r5,temp_opt_r8,block_or_occupancy,block_or_occupancy,block_cont,temp_opt,0,0.0,0.376583,0.293483,0.293483,1.0,8
block_cont_r11__temp_opt_r12,same_matched,block_cont_r11,temp_opt_r12,block_or_occupancy,block_or_occupancy,block_cont,temp_opt,0,0.0,0.38434,0.294842,0.294842,1.0,8
block_cont_r4__temp_opt_r2,same_matched,block_cont_r4,temp_opt_r2,block_or_occupancy,block_or_occupancy,block_cont,temp_opt,0,1.0,0.375294,0.31141,0.31141,1.0,8
block_cont_r9__temp_opt_r4,same_matched,block_cont_r9,temp_opt_r4,block_or_occupancy,block_or_occupancy,block_cont,temp_opt,0,2.0,0.384711,0.32114,0.32114,1.0,8
lead_cont_r2__lead_opt_r8,same_matched,lead_cont_r2,lead_opt_r8,lead,lead,lead_cont,lead_opt,0,3.0,0.373275,0.283743,0.283743,1.0,8
lead_cont_r1__lead_nec_r7,same_matched,lead_cont_r1,lead_nec_r7,lead,lead,lead_cont,lead_nec,0,2.0,0.359565,0.28451,0.28451,1.0,8
block_cont_r8__block_nec_r12,same_matched,block_cont_r8,block_nec_r12,block_or_occupancy,block_or_occupancy,block_cont,block_nec,0,3.0,0.374988,0.303747,0.303747,1.0,8
lead_cont_r2__lead_opt_r8,same_matched,lead_cont_r2,lead_opt_r8,lead,lead,lead_cont,lead_opt,0,3.0,0.373275,0.283743,0.283743,1.0,8
lead_cont_r7__lead_opt_r3,same_matched,lead_cont_r7,lead_opt_r3,lead,lead,lead_cont,lead_opt,0,1.0,0.369343,0.284426,0.284426,1.0,8
cross_stall_occ_r2__cross_stall_r7,same_matched,cross_stall_occ_r2,cross_stall_r7,cross,cross,cross_stall_occ,cross_stall,0,0.0,0.360787,0.286497,0.286497,1.0,8
block_cont_r10__temp_opt_r11,same_matched,block_cont_r10,temp_opt_r11,block_or_occupancy,block_or_occupancy,block_cont,temp_opt,0,0.0,0.395117,0.315998,0.315998,1.0,8
block_cont_r6__temp_opt_r12,same_matched,block_cont_r6,temp_opt_r12,block_or_occupancy,block_or_occupancy,block_cont,temp_opt,0,0.0,0.393452,0.27372,0.27372,1.0,8
lead_cont_r2__lead_opt_r10,same_matched,lead_cont_r2,lead_opt_r10,lead,lead,lead_cont,lead_opt,0,2.0,0.361712,0.28629,0.28629,1.0,8
block_cont_r7__temp_opt_r9,same_matched,block_cont_r7,temp_opt_r9,block_or_occupancy,block_or_occupancy,block_cont,temp_opt,0,0.0,0.369377,0.291523,0.291523,1.0,8
cross_stall_occ_r2__cross_stall_r7,same_matched,cross_stall_occ_r2,cross_stall_r7,cross,cross,cross_stall_occ,cross_stall,0,0.0,0.360787,0.286497,0.286497,1.0,8
block_cont_r1__temp_opt_r12,same_matched,block_cont_r1,temp_opt_r12,block_or_occupancy,block_or_occupancy,block_cont,temp_opt,0,2.0,0.373598,0.269472,0.269472,1.0,8
cross_stall_occ_r11__cross_stall_r3,same_matched,cross_stall_occ_r11,cross_stall_r3,cross,cross,cross_stall_occ,cross_stall,0,1.0,0.358851,0.278609,0.278609,1.0,8
cross_stall_occ_r7__cross_stall_r9,same_matched,cross_stall_occ_r7,cross_stall_r9,cross,cross,cross_stall_occ,cross_stall,0,1.0,0.347094,0.273001,0.273001,1.0,8
cross_stall_occ_r2__cross_stall_r7,same_matched,cross_stall_occ_r2,cross_stall_r7,cross,cross,cross_stall_occ,cross_stall,0,0.0,0.360787,0.286497,0.286497,1.0,8
cross_stall_occ_r8__cross_stall_r6,same_matched,cross_stall_occ_r8,cross_stall_r6,cross,cross,cross_stall_occ,cross_stall,0,2.0,0.360465,0.287356,0.287356,1.0,8
cross_stall_occ_r11__cross_stall_r9,same_matched,cross_stall_occ_r11,cross_stall_r9,cross,cross,cross_stall_occ,cross_stall,0,1.0,0.356747,0.274557,0.274557,1.0,8
cross_stall_occ_r9__cross_stall_r2,same_matched,cross_stall_occ_r9,cross_stall_r2,cross,cross,cross_stall_occ,cross_stall,0,1.0,0.347515,0.281237,0.281237,1.0,8
block_cont_r11__temp_opt_r12,same_matched,block_cont_r11,temp_opt_r12,block_or_occupancy,block_or_occupancy,block_cont,temp_opt,0,0.0,0.38434,0.294842,0.294842,1.0,8
cross_stall_occ_r11__cross_stall_r2,same_matched,cross_stall_occ_r11,cross_stall_r2,cross,cross,cross_stall_occ,cross_stall,0,2.0,0.38302,0.299513,0.299513,1.0,8
lead_cont_r6__lead_opt_r7,same_matched,lead_cont_r6,lead_opt_r7,lead,lead,lead_cont,lead_opt,0,1.0,0.357508,0.277064,0.277064,1.0,8
cross_stall_occ_r11__cross_stall_r6,same_matched,cross_stall_occ_r11,cross_stall_r6,cross,cross,cross_stall_occ,cross_stall,0,0.0,0.365571,0.284681,0.284681,1.0,8
cross_stall_occ_r2__cross_stall_r1,same_matched,cross_stall_occ_r2,cross_stall_r1,cross,cross,cross_stall_occ,cross_stall,0,0.0,0.356495,0.284499,0.284499,1.0,8
lead_cont_r6__lead_opt_r11,same_matched,lead_cont_r6,lead_opt_r11,lead,lead,lead_cont,lead_opt,0,2.0,0.346189,0.278259,0.278259,1.0,8
lead_cont_r2__lead_opt_r11,same_matched,lead_cont_r2,lead_opt_r11,lead,lead,lead_cont,lead_opt,0,0.0,0.353024,0.283736,0.283736,1.0,8
cross_stall_occ_r7__cross_stall_r4,same_matched,cross_stall_occ_r7,cross_stall_r4,cross,cross,cross_stall_occ,cross_stall,0,1.0,0.332722,0.268489,0.268489,1.0,8
cross_stall_occ_r1__cross_stall_r3,same_matched,cross_stall_occ_r1,cross_stall_r3,cross,cross,cross_stall_occ,cross_stall,0,1.0,0.351776,0.278403,0.278403,1.0,8
block_cont_r5__block_nec_r6,same_matched,block_cont_r5,block_nec_r6,block_or_occupancy,block_or_occupancy,block_cont,block_nec,0,0.0,0.339477,0.242312,0.242312,1.0,8
lead_cont_r4__lead_opt_r8,same_matched,lead_cont_r4,lead_opt_r8,lead,lead,lead_cont,lead_opt,0,2.0,0.331634,0.27059,0.27059,1.0,8
cross_clear_r7__cross_stall_occ_r5,same_matched,cross_clear_r7,cross_stall_occ_r5,cross,cross,cross_clear,cross_stall_occ,0,1.0,0.336039,0.270652,0.270652,1.0,8
lead_cont_r2__lead_opt_r1,same_matched,lead_cont_r2,lead_opt_r1,lead,lead,lead_cont,lead_opt,0,0.0,0.348418,0.278106,0.278106,1.0,8
block_cont_r8__block_nec_r6,same_matched,block_cont_r8,block_nec_r6,block_or_occupancy,block_or_occupancy,block_cont,block_nec,0,1.0,0.343288,0.246759,0.246759,1.0,8
cross_stall_occ_r10__cross_stall_r5,same_matched,cross_stall_occ_r10,cross_stall_r5,cross,cross,cross_stall_occ,cross_stall,0,1.0,0.329166,0.256575,0.256575,1.0,8
cross_stall_occ_r3__cross_stall_r11,same_matched,cross_stall_occ_r3,cross_stall_r11,cross,cross,cross_stall_occ,cross_stall,0,1.0,0.337212,0.25439,0.25439,1.0,8
cross_stall_occ_r12__cross_stall_r2,same_matched,cross_stall_occ_r12,cross_stall_r2,cross,cross,cross_stall_occ,cross_stall,0,2.0,0.328333,0.27287,0.27287,1.0,8
lead_cont_r5__lead_opt_r5,same_matched,lead_cont_r5,lead_opt_r5,lead,lead,lead_cont,lead_opt,0,0.0,0.334523,0.268567,0.268567,1.0,8
cross_stall_occ_r3__cross_stall_r9,same_matched,cross_stall_occ_r3,cross_stall_r9,cross,cross,cross_stall_occ,cross_stall,0,0.0,0.325731,0.267264,0.267264,1.0,8
cross_clear_r5__cross_stall_occ_r2,same_matched,cross_clear_r5,cross_stall_occ_r2,cross,cross,cross_clear,cross_stall_occ,0,1.0,0.309818,0.211797,0.211797,1.0,8
cross_clear_r7__cross_stall_occ_r6,same_matched,cross_clear_r7,cross_stall_occ_r6,cross,cross,cross_clear,cross_stall_occ,0,1.0,0.326653,0.262842,0.262842,1.0,8
lead_cont_r11__lead_opt_r3,same_matched,lead_cont_r11,lead_opt_r3,lead,lead,lead_cont,lead_opt,0,0.0,0.323351,0.273744,0.273744,1.0,8
cross_stall_occ_r3__cross_stall_r3,same_matched,cross_stall_occ_r3,cross_stall_r3,cross,cross,cross_stall_occ,cross_stall,0,0.0,0.318593,0.265711,0.265711,1.0,8
block_cont_r10__block_nec_r3,same_matched,block_cont_r10,block_nec_r3,block_or_occupancy,block_or_occupancy,block_cont,block_nec,0,0.0,0.312723,0.226596,0.226596,1.0,8
block_cont_r8__block_nec_r6,same_matched,block_cont_r8,block_nec_r6,block_or_occupancy,block_or_occupancy,block_cont,block_nec,0,1.0,0.343288,0.246759,0.246759,1.0,8
block_cont_r2__block_nec_r3,same_matched,block_cont_r2,block_nec_r3,block_or_occupancy,block_or_occupancy,block_cont,block_nec,0,1.0,0.341489,0.232001,0.232001,1.0,8
lead_cont_r12__lead_nec_r11,same_matched,lead_cont_r12,lead_nec_r11,lead,lead,lead_cont,lead_nec,0,1.0,0.367468,0.285772,0.285772,1.0,8
block_cont_r4__temp_opt_r2,same_matched,block_cont_r4,temp_opt_r2,block_or_occupancy,block_or_occupancy,block_cont,temp_opt,0,1.0,0.375294,0.31141,0.31141,1.0,8
block_cont_r11__block_nec_r12,same_matched,block_cont_r11,block_nec_r12,block_or_occupancy,block_or_occupancy,block_cont,block_nec,0,2.0,0.366843,0.311759,0.311759,1.0,8
lead_cont_r12__lead_nec_r6,same_matched,lead_cont_r12,lead_nec_r6,lead,lead,lead_cont,lead_nec,0,0.0,0.353532,0.279101,0.279101,1.0,8
lead_cont_r1__lead_nec_r6,same_matched,lead_cont_r1,lead_nec_r6,lead,lead,lead_cont,lead_nec,0,2.0,0.362924,0.286583,0.286583,1.0,8
lead_cont_r9__lead_nec_r2,same_matched,lead_cont_r9,lead_nec_r2,lead,lead,lead_cont,lead_nec,0,3.0,0.342599,0.283237,0.283237,1.0,8
cross_stall_occ_r2__cross_stall_r10,same_matched,cross_stall_occ_r2,cross_stall_r10,cross,cross,cross_stall_occ,cross_stall,0,1.0,0.361131,0.287709,0.287709,1.0,8
cross_stall_occ_r9__cross_stall_r2,same_matched,cross_stall_occ_r9,cross_stall_r2,cross,cross,cross_stall_occ,cross_stall,0,1.0,0.347515,0.281237,0.281237,1.0,8
cross_stall_occ_r7__cross_stall_r3,same_matched,cross_stall_occ_r7,cross_stall_r3,cross,cross,cross_stall_occ,cross_stall,0,1.0,0.339956,0.271448,0.271448,1.0,8
block_cont_r4__temp_opt_r6,same_matched,block_cont_r4,temp_opt_r6,block_or_occupancy,block_or_occupancy,block_cont,temp_opt,0,0.0,0.345368,0.298638,0.298638,1.0,8
lead_cont_r1__lead_opt_r7,same_matched,lead_cont_r1,lead_opt_r7,lead,lead,lead_cont,lead_opt,0,3.0,0.355033,0.277383,0.277383,1.0,8
block_cont_r3__block_nec_r10,same_matched,block_cont_r3,block_nec_r10,block_or_occupancy,block_or_occupancy,block_cont,block_nec,0,0.0,0.349404,0.270253,0.270253,1.0,8
block_cont_r8__block_nec_r4,same_matched,block_cont_r8,block_nec_r4,block_or_occupancy,block_or_occupancy,block_cont,block_nec,0,2.0,0.354855,0.269535,0.269535,1.0,8
block_cont_r9__temp_opt_r6,same_matched,block_cont_r9,temp_opt_r6,block_or_occupancy,block_or_occupancy,block_cont,temp_opt,0,2.0,0.362817,0.320326,0.320326,1.0,8
cross_clear_r3__cross_stall_occ_r8,same_matched,cross_clear_r3,cross_stall_occ_r8,cross,cross,cross_clear,cross_stall_occ,0,0.0,0.353845,0.280136,0.280136,1.0,8
cross_stall_occ_r11__cross_stall_r10,same_matched,cross_stall_occ_r11,cross_stall_r10,cross,cross,cross_stall_occ,cross_stall,0,1.0,0.368336,0.28874,0.28874,1.0,8
cross_clear_r1__cross_stall_occ_r11,same_matched,cross_clear_r1,cross_stall_occ_r11,cross,cross,cross_clear,cross_stall_occ,0,2.0,0.351952,0.293375,0.293375,1.0,8
lead_cont_r2__lead_nec_r4,same_matched,lead_cont_r2,lead_nec_r4,lead,lead,lead_cont,lead_nec,0,1.0,0.342082,0.277403,0.277403,1.0,8
block_cont_r7__block_nec_r3,same_matched,block_cont_r7,block_nec_r3,block_or_occupancy,block_or_occupancy,block_cont,block_nec,0,1.0,0.354283,0.232042,0.232042,1.0,8
block_cont_r4__temp_opt_r3,same_matched,block_cont_r4,temp_opt_r3,block_or_occupancy,block_or_occupancy,block_cont,temp_opt,0,1.0,0.355166,0.302086,0.302086,1.0,8
block_cont_r7__block_nec_r10,same_matched,block_cont_r7,block_nec_r10,block_or_occupancy,block_or_occupancy,block_cont,block_nec,0,1.0,0.352595,0.264747,0.264747,1.0,8
cross_stall_occ_r5__cross_stall_r2,same_matched,cross_stall_occ_r5,cross_stall_r2,cross,cross,cross_stall_occ,cross_stall,0,2.0,0.340635,0.281566,0.281566,1.0,8
block_cont_r4__temp_opt_r1,same_matched,block_cont_r4,temp_opt_r1,block_or_occupancy,block_or_occupancy,block_cont,temp_opt,0,1.0,0.380049,0.313061,0.313061,1.0,8
block_cont_r3__temp_opt_r12,same_matched,block_cont_r3,temp_opt_r12,block_or_occupancy,block_or_occupancy,block_cont,temp_opt,0,1.0,0.379002,0.270384,0.270384,1.0,8
block_cont_r6__block_nec_r12,same_matched,block_cont_r6,block_nec_r12,block_or_occupancy,block_or_occupancy,block_cont,block_nec,0,2.0,0.375955,0.290638,0.290638,1.0,8
block_cont_r12__temp_opt_r7,same_matched,block_cont_r12,temp_opt_r7,block_or_occupancy,block_or_occupancy,block_cont,temp_opt,0,2.0,0.384165,0.262033,0.262033,1.0,8
block_cont_r4__temp_opt_r2,same_matched,block_cont_r4,temp_opt_r2,block_or_occupancy,block_or_occupancy,block_cont,temp_opt,0,1.0,0.375294,0.31141,0.31141,1.0,8
block_cont_r9__temp_opt_r4,same_matched,block_cont_r9,temp_opt_r4,block_or_occupancy,block_or_occupancy,block_cont,temp_opt,0,2.0,0.384711,0.32114,0.32114,1.0,8
lead_cont_r2__lead_opt_r8,same_matched,lead_cont_r2,lead_opt_r8,lead,lead,lead_cont,lead_opt,0,3.0,0.373275,0.283743,0.283743,1.0,8
cross_clear_r3__cross_stall_occ_r7,same_matched,cross_clear_r3,cross_stall_occ_r7,cross,cross,cross_clear,cross_stall_occ,0,0.0,0.360249,0.282309,0.282309,1.0,8
block_cont_r8__block_nec_r12,same_matched,block_cont_r8,block_nec_r12,block_or_occupancy,block_or_occupancy,block_cont,block_nec,0,3.0,0.374988,0.303747,0.303747,1.0,8
lead_cont_r2__lead_opt_r8,same_matched,lead_cont_r2,lead_opt_r8,lead,lead,lead_cont,lead_opt,0,3.0,0.373275,0.283743,0.283743,1.0,8
block_cont_r7__temp_opt_r9,same_matched,block_cont_r7,temp_opt_r9,block_or_occupancy,block_or_occupancy,block_cont,temp_opt,0,0.0,0.369377,0.291523,0.291523,1.0,8
cross_stall_occ_r2__cross_stall_r10,same_matched,cross_stall_occ_r2,cross_stall_r10,cross,cross,cross_stall_occ,cross_stall,0,1.0,0.361131,0.287709,0.287709,1.0,8
block_cont_r10__temp_opt_r11,same_matched,block_cont_r10,temp_opt_r11,block_or_occupancy,block_or_occupancy,block_cont,temp_opt,0,0.0,0.395117,0.315998,0.315998,1.0,8
block_cont_r6__temp_opt_r12,same_matched,block_cont_r6,temp_opt_r12,block_or_occupancy,block_or_occupancy,block_cont,temp_opt,0,0.0,0.393452,0.27372,0.27372,1.0,8
cross_clear_r3__cross_stall_occ_r2,same_matched,cross_clear_r3,cross_stall_occ_r2,cross,cross,cross_clear,cross_stall_occ,0,0.0,0.350413,0.278371,0.278371,1.0,8
cross_stall_occ_r7__cross_stall_r11,same_matched,cross_stall_occ_r7,cross_stall_r11,cross,cross,cross_stall_occ,cross_stall,0,2.0,0.358575,0.263827,0.263827,1.0,8
block_cont_r12__block_nec_r10,same_matched,block_cont_r12,block_nec_r10,block_or_occupancy,block_or_occupancy,block_cont,block_nec,0,1.0,0.349621,0.268486,0.268486,1.0,8
cross_stall_occ_r7__cross_stall_r3,same_matched,cross_stall_occ_r7,cross_stall_r3,cross,cross,cross_stall_occ,cross_stall,0,1.0,0.339956,0.271448,0.271448,1.0,8
block_cont_r4__temp_opt_r5,same_matched,block_cont_r4,temp_opt_r5,block_or_occupancy,block_or_occupancy,block_cont,temp_opt,0,0.0,0.345942,0.298576,0.298576,1.0,8
cross_stall_occ_r3__cross_stall_r9,same_matched,cross_stall_occ_r3,cross_stall_r9,cross,cross,cross_stall_occ,cross_stall,0,0.0,0.325731,0.267264,0.267264,1.0,8
block_cont_r6__block_nec_r6,same_matched,block_cont_r6,block_nec_r6,block_or_occupancy,block_or_occupancy,block_cont,block_nec,0,0.0,0.344256,0.233551,0.233551,1.0,8
lead_cont_r11__lead_nec_r7,same_matched,lead_cont_r11,lead_nec_r7,lead,lead,lead_cont,lead_nec,0,1.0,0.333182,0.278278,0.278278,1.0,8
cross_stall_occ_r5__cross_stall_r10,same_matched,cross_stall_occ_r5,cross_stall_r10,cross,cross,cross_stall_occ,cross_stall,0,1.0,0.325952,0.270793,0.270793,1.0,8
lead_cont_r3__lead_nec_r4,same_matched,lead_cont_r3,lead_nec_r4,lead,lead,lead_cont,lead_nec,0,0.0,0.328813,0.276677,0.276677,1.0,8
lead_cont_r1__lead_nec_r5,same_matched,lead_cont_r1,lead_nec_r5,lead,lead,lead_cont,lead_nec,0,2.0,0.34309,0.276819,0.276819,1.0,8
lead_cont_r3__lead_opt_r2,same_matched,lead_cont_r3,lead_opt_r2,lead,lead,lead_cont,lead_opt,0,1.0,0.338971,0.284796,0.284796,1.0,8
block_cont_r11__block_nec_r12,same_matched,block_cont_r11,block_nec_r12,block_or_occupancy,block_or_occupancy,block_cont,block_nec,0,2.0,0.366843,0.311759,0.311759,1.0,8
block_cont_r8__block_nec_r12,same_matched,block_cont_r8,block_nec_r12,block_or_occupancy,block_or_occupancy,block_cont,block_nec,0,3.0,0.374988,0.303747,0.303747,1.0,8
lead_cont_r7__lead_nec_r3,same_matched,lead_cont_r7,lead_nec_r3,lead,lead,lead_cont,lead_nec,0,1.0,0.365795,0.284767,0.284767,1.0,8
block_cont_r6__block_nec_r7,same_matched,block_cont_r6,block_nec_r7,block_or_occupancy,block_or_occupancy,block_cont,block_nec,0,0.0,0.363132,0.267186,0.267186,1.0,8
lead_cont_r7__lead_opt_r6,same_matched,lead_cont_r7,lead_opt_r6,lead,lead,lead_cont,lead_opt,0,0.0,0.362669,0.282101,0.282101,1.0,8
lead_cont_r5__lead_nec_r2,same_matched,lead_cont_r5,lead_nec_r2,lead,lead,lead_cont,lead_nec,0,2.0,0.343291,0.276832,0.276832,1.0,8
lead_cont_r7__lead_opt_r6,same_matched,lead_cont_r7,lead_opt_r6,lead,lead,lead_cont,lead_opt,0,0.0,0.362669,0.282101,0.282101,1.0,8
block_cont_r7__block_nec_r4,same_matched,block_cont_r7,block_nec_r4,block_or_occupancy,block_or_occupancy,block_cont,block_nec,0,1.0,0.355097,0.253285,0.253285,1.0,8
lead_cont_r5__lead_opt_r2,same_matched,lead_cont_r5,lead_opt_r2,lead,lead,lead_cont,lead_opt,0,2.0,0.348888,0.281727,0.281727,1.0,8
cross_stall_occ_r9__cross_stall_r2,same_matched,cross_stall_occ_r9,cross_stall_r2,cross,cross,cross_stall_occ,cross_stall,0,1.0,0.347515,0.281237,0.281237,1.0,8
cross_stall_occ_r11__cross_stall_r7,same_matched,cross_stall_occ_r11,cross_stall_r7,cross,cross,cross_stall_occ,cross_stall,0,2.0,0.368681,0.290385,0.290385,1.0,8
lead_cont_r7__lead_nec_r3,same_matched,lead_cont_r7,lead_nec_r3,lead,lead,lead_cont,lead_nec,0,1.0,0.365795,0.284767,0.284767,1.0,8
block_cont_r5__block_cont_r7,same_matched,block_cont_r5,block_cont_r7,block_or_occupancy,block_or_occupancy,block_cont,block_cont,0,0.0,0.048118,0.028689,0.028689,1.0,8
block_cont_r10__block_cont_r12,same_matched,block_cont_r10,block_cont_r12,block_or_occupancy,block_or_occupancy,block_cont,block_cont,0,1.0,0.056163,0.03269,0.03269,1.0,8
cross_stall_r5__cross_stall_r8,same_matched,cross_stall_r5,cross_stall_r8,cross,cross,cross_stall,cross_stall,0,2.0,0.046802,0.053552,0.053552,1.0,8
temp_opt_r12__temp_opt_r3,same_matched,temp_opt_r12,temp_opt_r3,block_or_occupancy,block_or_occupancy,temp_opt,temp_opt,0,2.0,0.034046,0.055611,0.055611,1.0,8
block_nec_r9__temp_opt_r9,same_matched,block_nec_r9,temp_opt_r9,block_or_occupancy,block_or_occupancy,block_nec,temp_opt,0,1.0,0.043722,0.09602,0.09602,1.0,8
lead_nec_r3__lead_opt_r2,same_matched,lead_nec_r3,lead_opt_r2,lead,lead,lead_nec,lead_opt,0,1.0,0.023423,0.015313,0.015313,1.0,8
lead_opt_r2__lead_opt_r8,same_matched,lead_opt_r2,lead_opt_r8,lead,lead,lead_opt,lead_opt,0,3.0,0.041352,0.039851,0.039851,1.0,8
lead_nec_r6__lead_opt_r7,same_matched,lead_nec_r6,lead_opt_r7,lead,lead,lead_nec,lead_opt,0,1.0,0.025482,0.020792,0.020792,1.0,8
temp_opt_r8__temp_opt_r9,same_matched,temp_opt_r8,temp_opt_r9,block_or_occupancy,block_or_occupancy,temp_opt,temp_opt,0,0.0,0.016957,0.030204,0.030204,1.0,8
block_cont_r5__block_cont_r9,same_matched,block_cont_r5,block_cont_r9,block_or_occupancy,block_or_occupancy,block_cont,block_cont,0,1.0,0.055858,0.023565,0.023565,1.0,8
cross_stall_r11__cross_stall_r4,same_matched,cross_stall_r11,cross_stall_r4,cross,cross,cross_stall,cross_stall,0,1.0,0.030177,0.050647,0.050647,1.0,8
lead_nec_r4__lead_opt_r9,same_matched,lead_nec_r4,lead_opt_r9,lead,lead,lead_nec,lead_opt,0,0.0,0.021507,0.010361,0.010361,1.0,8
lead_cont_r1__lead_cont_r5,same_matched,lead_cont_r1,lead_cont_r5,lead,lead,lead_cont,lead_cont,0,2.0,0.040062,0.021224,0.021224,1.0,8
block_cont_r5__block_cont_r7,same_matched,block_cont_r5,block_cont_r7,block_or_occupancy,block_or_occupancy,block_cont,block_cont,0,0.0,0.048118,0.028689,0.028689,1.0,8
block_nec_r1__block_nec_r12,same_matched,block_nec_r1,block_nec_r12,block_or_occupancy,block_or_occupancy,block_nec,block_nec,0,0.0,0.03904,0.052146,0.052146,1.0,8
block_cont_r7__block_cont_r8,same_matched,block_cont_r7,block_cont_r8,block_or_occupancy,block_or_occupancy,block_cont,block_cont,0,1.0,0.033854,0.027067,0.027067,1.0,8
lead_nec_r2__lead_opt_r8,same_matched,lead_nec_r2,lead_opt_r8,lead,lead,lead_nec,lead_opt,0,3.0,0.035754,0.034956,0.034956,1.0,8
cross_stall_r4__cross_stall_r9,same_matched,cross_stall_r4,cross_stall_r9,cross,cross,cross_stall,cross_stall,0,0.0,0.01529,0.016842,0.016842,1.0,8
block_nec_r3__block_nec_r8,same_matched,block_nec_r3,block_nec_r8,block_or_occupancy,block_or_occupancy,block_nec,block_nec,0,2.0,0.034932,0.03504,0.03504,1.0,8
lead_nec_r12__lead_opt_r9,same_matched,lead_nec_r12,lead_opt_r9,lead,lead,lead_nec,lead_opt,0,1.0,0.023864,0.010906,0.010906,1.0,8
lead_nec_r9__lead_opt_r2,same_matched,lead_nec_r9,lead_opt_r2,lead,lead,lead_nec,lead_opt,0,3.0,0.016723,0.013658,0.013658,1.0,8
lead_cont_r10__lead_cont_r3,same_matched,lead_cont_r10,lead_cont_r3,lead,lead,lead_cont,lead_cont,0,2.0,0.049808,0.030144,0.030144,1.0,8
lead_nec_r7__lead_opt_r8,same_matched,lead_nec_r7,lead_opt_r8,lead,lead,lead_nec,lead_opt,0,1.0,0.033724,0.032303,0.032303,1.0,8
lead_nec_r1__lead_opt_r2,same_matched,lead_nec_r1,lead_opt_r2,lead,lead,lead_nec,lead_opt,0,0.0,0.029666,0.017884,0.017884,1.0,8
block_nec_r9__temp_opt_r9,same_matched,block_nec_r9,temp_opt_r9,block_or_occupancy,block_or_occupancy,block_nec,temp_opt,0,1.0,0.043722,0.09602,0.09602,1.0,8
cross_stall_occ_r11__cross_stall_occ_r6,same_matched,cross_stall_occ_r11,cross_stall_occ_r6,cross,cross,cross_stall_occ,cross_stall_occ,0,0.0,0.051771,0.025757,0.025757,1.0,8
block_cont_r1__block_cont_r8,same_matched,block_cont_r1,block_cont_r8,block_or_occupancy,block_or_occupancy,block_cont,block_cont,0,3.0,0.042981,0.022466,0.022466,1.0,8
lead_nec_r7__lead_opt_r8,same_matched,lead_nec_r7,lead_opt_r8,lead,lead,lead_nec,lead_opt,0,1.0,0.033724,0.032303,0.032303,1.0,8
lead_opt_r12__lead_opt_r8,same_matched,lead_opt_r12,lead_opt_r8,lead,lead,lead_opt,lead_opt,0,2.0,0.039218,0.038083,0.038083,1.0,8
block_nec_r1__block_nec_r4,same_matched,block_nec_r1,block_nec_r4,block_or_occupancy,block_or_occupancy,block_nec,block_nec,0,1.0,0.018908,0.01803,0.01803,1.0,8
lead_cont_r5__lead_cont_r6,same_matched,lead_cont_r5,lead_cont_r6,lead,lead,lead_cont,lead_cont,0,0.0,0.037923,0.020344,0.020344,1.0,8
block_nec_r7__block_nec_r9,same_matched,block_nec_r7,block_nec_r9,block_or_occupancy,block_or_occupancy,block_nec,block_nec,0,1.0,0.024345,0.062482,0.062482,1.0,8
cross_stall_r1__cross_stall_r9,same_matched,cross_stall_r1,cross_stall_r9,cross,cross,cross_stall,cross_stall,0,1.0,0.016225,0.018627,0.018627,1.0,8
cross_clear_r3__cross_clear_r4,same_matched,cross_clear_r3,cross_clear_r4,cross,cross,cross_clear,cross_clear,0,0.0,0.052438,0.018371,0.018371,1.0,8
lead_nec_r8__lead_opt_r11,same_matched,lead_nec_r8,lead_opt_r11,lead,lead,lead_nec,lead_opt,0,3.0,0.031966,0.021019,0.021019,1.0,8
lead_nec_r2__lead_opt_r9,same_matched,lead_nec_r2,lead_opt_r9,lead,lead,lead_nec,lead_opt,0,1.0,0.026068,0.013584,0.013584,1.0,8
cross_stall_r3__cross_stall_r5,same_matched,cross_stall_r3,cross_stall_r5,cross,cross,cross_stall,cross_stall,0,1.0,0.026301,0.034753,0.034753,1.0,8
temp_opt_r11__temp_opt_r7,same_matched,temp_opt_r11,temp_opt_r7,block_or_occupancy,block_or_occupancy,temp_opt,temp_opt,0,1.0,0.034322,0.068104,0.068104,1.0,8
lead_nec_r1__lead_nec_r6,same_matched,lead_nec_r1,lead_nec_r6,lead,lead,lead_nec,lead_nec,0,2.0,0.025397,0.012409,0.012409,1.0,8
block_nec_r6__temp_opt_r9,same_matched,block_nec_r6,temp_opt_r9,block_or_occupancy,block_or_occupancy,block_nec,temp_opt,0,0.0,0.038253,0.067172,0.067172,1.0,8
lead_nec_r5__lead_opt_r12,same_matched,lead_nec_r5,lead_opt_r12,lead,lead,lead_nec,lead_opt,0,1.0,0.023178,0.015534,0.015534,1.0,8
temp_opt_r5__temp_opt_r6,same_matched,temp_opt_r5,temp_opt_r6,block_or_occupancy,block_or_occupancy,temp_opt,temp_opt,0,0.0,0.009808,0.00461,0.00461,1.0,8
lead_nec_r2__lead_opt_r7,same_matched,lead_nec_r2,lead_opt_r7,lead,lead,lead_nec,lead_opt,0,3.0,0.024695,0.021648,0.021648,1.0,8
lead_nec_r11__lead_opt_r12,same_matched,lead_nec_r11,lead_opt_r12,lead,lead,lead_nec,lead_opt,0,0.0,0.023134,0.014576,0.014576,1.0,8
lead_nec_r7__lead_opt_r3,same_matched,lead_nec_r7,lead_opt_r3,lead,lead,lead_nec,lead_opt,0,1.0,0.019343,0.007756,0.007756,1.0,8
lead_opt_r2__lead_opt_r8,same_matched,lead_opt_r2,lead_opt_r8,lead,lead,lead_opt,lead_opt,0,3.0,0.041352,0.039851,0.039851,1.0,8
block_nec_r8__block_nec_r9,same_matched,block_nec_r8,block_nec_r9,block_or_occupancy,block_or_occupancy,block_nec,block_nec,0,0.0,0.044878,0.024707,0.024707,1.0,8
temp_opt_r10__temp_opt_r7,same_matched,temp_opt_r10,temp_opt_r7,block_or_occupancy,block_or_occupancy,temp_opt,temp_opt,0,2.0,0.043272,0.07137,0.07137,1.0,8
lead_nec_r7__lead_opt_r5,same_matched,lead_nec_r7,lead_opt_r5,lead,lead,lead_nec,lead_opt,0,0.0,0.02414,0.012265,0.012265,1.0,8
lead_nec_r8__lead_opt_r11,same_matched,lead_nec_r8,lead_opt_r11,lead,lead,lead_nec,lead_opt,0,3.0,0.031966,0.021019,0.021019,1.0,8
lead_nec_r5__lead_opt_r12,same_matched,lead_nec_r5,lead_opt_r12,lead,lead,lead_nec,lead_opt,0,1.0,0.023178,0.015534,0.015534,1.0,8
lead_nec_r1__lead_opt_r11,same_matched,lead_nec_r1,lead_opt_r11,lead,lead,lead_nec,lead_opt,0,0.0,0.03956,0.022548,0.022548,1.0,8
lead_nec_r3__lead_opt_r12,same_matched,lead_nec_r3,lead_opt_r12,lead,lead,lead_nec,lead_opt,0,0.0,0.021289,0.013545,0.013545,1.0,8
lead_opt_r5__lead_opt_r8,same_matched,lead_opt_r5,lead_opt_r8,lead,lead,lead_opt,lead_opt,0,1.0,0.009583,0.020038,0.020038,1.0,8
lead_nec_r3__lead_opt_r2,same_matched,lead_nec_r3,lead_opt_r2,lead,lead,lead_nec,lead_opt,0,1.0,0.023423,0.015313,0.015313,1.0,8
lead_nec_r11__lead_opt_r4,same_matched,lead_nec_r11,lead_opt_r4,lead,lead,lead_nec,lead_opt,0,0.0,0.023002,0.014911,0.014911,1.0,8
lead_nec_r12__lead_opt_r3,same_matched,lead_nec_r12,lead_opt_r3,lead,lead,lead_nec,lead_opt,0,1.0,0.01917,0.007731,0.007731,1.0,8
cross_stall_occ_r1__cross_stall_occ_r11,same_matched,cross_stall_occ_r1,cross_stall_occ_r11,cross,cross,cross_stall_occ,cross_stall_occ,0,2.0,0.040608,0.028506,0.028506,1.0,8
cross_stall_r5__cross_stall_r8,same_matched,cross_stall_r5,cross_stall_r8,cross,cross,cross_stall,cross_stall,0,2.0,0.046802,0.053552,0.053552,1.0,8
block_nec_r1__temp_opt_r9,same_matched,block_nec_r1,temp_opt_r9,block_or_occupancy,block_or_occupancy,block_nec,temp_opt,0,2.0,0.045595,0.062231,0.062231,1.0,8
cross_clear_r12__cross_clear_r6,same_matched,cross_clear_r12,cross_clear_r6,cross,cross,cross_clear,cross_clear,0,1.0,0.042067,0.035673,0.035673,1.0,8
lead_cont_r10__lead_cont_r3,same_matched,lead_cont_r10,lead_cont_r3,lead,lead,lead_cont,lead_cont,0,2.0,0.049808,0.030144,0.030144,1.0,8
cross_stall_r11__cross_stall_r2,same_matched,cross_stall_r11,cross_stall_r2,cross,cross,cross_stall,cross_stall,0,2.0,0.041159,0.058761,0.058761,1.0,8
temp_opt_r12__temp_opt_r3,same_matched,temp_opt_r12,temp_opt_r3,block_or_occupancy,block_or_occupancy,temp_opt,temp_opt,0,2.0,0.034046,0.055611,0.055611,1.0,8
cross_stall_r11__cross_stall_r8,same_matched,cross_stall_r11,cross_stall_r8,cross,cross,cross_stall,cross_stall,0,2.0,0.03749,0.056656,0.056656,1.0,8
block_nec_r4__block_nec_r9,same_matched,block_nec_r4,block_nec_r9,block_or_occupancy,block_or_occupancy,block_nec,block_nec,0,2.0,0.017037,0.051981,0.051981,1.0,8
cross_stall_r5__cross_stall_r7,same_matched,cross_stall_r5,cross_stall_r7,cross,cross,cross_stall,cross_stall,0,2.0,0.036132,0.046528,0.046528,1.0,8
temp_opt_r11__temp_opt_r3,same_matched,temp_opt_r11,temp_opt_r3,block_or_occupancy,block_or_occupancy,temp_opt,temp_opt,0,1.0,0.023902,0.010285,0.010285,1.0,8
cross_stall_r1__cross_stall_r9,same_matched,cross_stall_r1,cross_stall_r9,cross,cross,cross_stall,cross_stall,0,1.0,0.016225,0.018627,0.018627,1.0,8
cross_stall_occ_r11__cross_stall_occ_r8,same_matched,cross_stall_occ_r11,cross_stall_occ_r8,cross,cross,cross_stall_occ,cross_stall_occ,0,2.0,0.050982,0.031676,0.031676,1.0,8
lead_cont_r2__lead_cont_r6,same_matched,lead_cont_r2,lead_cont_r6,lead,lead,lead_cont,lead_cont,0,2.0,0.032956,0.016887,0.016887,1.0,8
lead_opt_r10__lead_opt_r12,same_matched,lead_opt_r10,lead_opt_r12,lead,lead,lead_opt,lead_opt,0,1.0,0.027655,0.016055,0.016055,1.0,8
lead_cont_r3__lead_cont_r4,same_matched,lead_cont_r3,lead_cont_r4,lead,lead,lead_cont,lead_cont,0,0.0,0.028335,0.016945,0.016945,1.0,8
block_cont_r1__block_cont_r11,same_matched,block_cont_r1,block_cont_r11,block_or_occupancy,block_or_occupancy,block_cont,block_cont,0,2.0,0.036692,0.041327,0.041327,1.0,8
lead_opt_r10__lead_opt_r12,same_matched,lead_opt_r10,lead_opt_r12,lead,lead,lead_opt,lead_opt,0,1.0,0.027655,0.016055,0.016055,1.0,8
cross_stall_r11__cross_stall_r8,same_matched,cross_stall_r11,cross_stall_r8,cross,cross,cross_stall,cross_stall,0,2.0,0.03749,0.056656,0.056656,1.0,8
lead_nec_r11__lead_opt_r2,same_matched,lead_nec_r11,lead_opt_r2,lead,lead,lead_nec,lead_opt,0,1.0,0.025268,0.016344,0.016344,1.0,8
lead_nec_r1__lead_opt_r3,same_matched,lead_nec_r1,lead_opt_r3,lead,lead,lead_nec,lead_opt,0,1.0,0.009238,0.00533,0.00533,1.0,8
lead_nec_r2__lead_opt_r5,same_matched,lead_nec_r2,lead_opt_r5,lead,lead,lead_nec,lead_opt,0,2.0,0.026171,0.014923,0.014923,1.0,8
lead_nec_r6__lead_opt_r3,same_matched,lead_nec_r6,lead_opt_r3,lead,lead,lead_nec,lead_opt,0,1.0,0.022702,0.00983,0.00983,1.0,8
block_nec_r7__temp_opt_r8,same_matched,block_nec_r7,temp_opt_r8,block_or_occupancy,block_or_occupancy,block_nec,temp_opt,0,0.0,0.018229,0.017536,0.017536,1.0,8
temp_opt_r10__temp_opt_r6,same_matched,temp_opt_r10,temp_opt_r6,block_or_occupancy,block_or_occupancy,temp_opt,temp_opt,0,1.0,0.042649,0.016999,0.016999,1.0,8
temp_opt_r10__temp_opt_r6,same_matched,temp_opt_r10,temp_opt_r6,block_or_occupancy,block_or_occupancy,temp_opt,temp_opt,0,1.0,0.042649,0.016999,0.016999,1.0,8
cross_stall_r11__cross_stall_r2,same_matched,cross_stall_r11,cross_stall_r2,cross,cross,cross_stall,cross_stall,0,2.0,0.041159,0.058761,0.058761,1.0,8
lead_cont_r12__lead_cont_r5,same_matched,lead_cont_r12,lead_cont_r5,lead,lead,lead_cont,lead_cont,0,0.0,0.043934,0.022304,0.022304,1.0,8
cross_stall_occ_r11__cross_stall_occ_r6,same_matched,cross_stall_occ_r11,cross_stall_occ_r6,cross,cross,cross_stall_occ,cross_stall_occ,0,0.0,0.051771,0.025757,0.025757,1.0,8
block_cont_r1__block_cont_r8,same_matched,block_cont_r1,block_cont_r8,block_or_occupancy,block_or_occupancy,block_cont,block_cont,0,3.0,0.042981,0.022466,0.022466,1.0,8
lead_nec_r3__lead_opt_r11,same_matched,lead_nec_r3,lead_opt_r11,lead,lead,lead_nec,lead_opt,0,1.0,0.033317,0.019978,0.019978,1.0,8
lead_cont_r4__lead_cont_r9,same_matched,lead_cont_r4,lead_cont_r9,lead,lead,lead_cont,lead_cont,0,2.0,0.039375,0.024356,0.024356,1.0,8
block_nec_r1__block_nec_r4,same_matched,block_nec_r1,block_nec_r4,block_or_occupancy,block_or_occupancy,block_nec,block_nec,0,1.0,0.018908,0.01803,0.01803,1.0,8
cross_stall_r11__cross_stall_r8,same_matched,cross_stall_r11,cross_stall_r8,cross,cross,cross_stall,cross_stall,0,2.0,0.03749,0.056656,0.056656,1.0,8
cross_stall_r5__cross_stall_r9,same_matched,cross_stall_r5,cross_stall_r9,cross,cross,cross_stall,cross_stall,0,1.0,0.024198,0.0307,0.0307,1.0,8
cross_stall_r1__cross_stall_r9,same_matched,cross_stall_r1,cross_stall_r9,cross,cross,cross_stall,cross_stall,0,1.0,0.016225,0.018627,0.018627,1.0,8
lead_cont_r4__lead_cont_r7,same_matched,lead_cont_r4,lead_cont_r7,lead,lead,lead_cont,lead_cont,0,1.0,0.052343,0.026906,0.026906,1.0,8
lead_nec_r10__lead_opt_r11,same_matched,lead_nec_r10,lead_opt_r11,lead,lead,lead_nec,lead_opt,0,3.0,0.031374,0.020968,0.020968,1.0,8
lead_nec_r2__lead_opt_r9,same_matched,lead_nec_r2,lead_opt_r9,lead,lead,lead_nec,lead_opt,0,1.0,0.026068,0.013584,0.013584,1.0,8
lead_nec_r11__lead_opt_r4,same_matched,lead_nec_r11,lead_opt_r4,lead,lead,lead_nec,lead_opt,0,0.0,0.023002,0.014911,0.014911,1.0,8
block_cont_r3__block_cont_r6,same_matched,block_cont_r3,block_cont_r6,block_or_occupancy,block_or_occupancy,block_cont,block_cont,0,1.0,0.030836,0.020225,0.020225,1.0,8
lead_nec_r1__lead_nec_r12,same_matched,lead_nec_r1,lead_nec_r12,lead,lead,lead_nec,lead_nec,0,2.0,0.021865,0.01031,0.01031,1.0,8
lead_opt_r10__lead_opt_r11,same_matched,lead_opt_r10,lead_opt_r11,lead,lead,lead_opt,lead_opt,0,2.0,0.039682,0.022487,0.022487,1.0,8
lead_nec_r4__lead_opt_r11,same_matched,lead_nec_r4,lead_opt_r11,lead,lead,lead_nec,lead_opt,0,1.0,0.020052,0.012783,0.012783,1.0,8
lead_nec_r3__lead_opt_r10,same_matched,lead_nec_r3,lead_opt_r10,lead,lead,lead_nec,lead_opt,0,1.0,0.010069,0.005591,0.005591,1.0,8
lead_nec_r12__lead_opt_r7,same_matched,lead_nec_r12,lead_opt_r7,lead,lead,lead_nec,lead_opt,0,1.0,0.022137,0.019144,0.019144,1.0,8
lead_nec_r5__lead_opt_r12,same_matched,lead_nec_r5,lead_opt_r12,lead,lead,lead_nec,lead_opt,0,1.0,0.023178,0.015534,0.015534,1.0,8
cross_stall_r3__cross_stall_r8,same_matched,cross_stall_r3,cross_stall_r8,cross,cross,cross_stall,cross_stall,0,1.0,0.0205,0.018799,0.018799,1.0,8
lead_opt_r4__lead_opt_r8,same_matched,lead_opt_r4,lead_opt_r8,lead,lead,lead_opt,lead_opt,0,2.0,0.039085,0.038418,0.038418,1.0,8
block_cont_r5__block_cont_r7,same_matched,block_cont_r5,block_cont_r7,block_or_occupancy,block_or_occupancy,block_cont,block_cont,0,0.0,0.048118,0.028689,0.028689,1.0,8
cross_stall_r5__cross_stall_r8,same_matched,cross_stall_r5,cross_stall_r8,cross,cross,cross_stall,cross_stall,0,2.0,0.046802,0.053552,0.053552,1.0,8
cross_stall_r2__cross_stall_r9,same_matched,cross_stall_r2,cross_stall_r9,cross,cross,cross_stall,cross_stall,0,1.0,0.026272,0.024956,0.024956,1.0,8
temp_opt_r1__temp_opt_r5,same_matched,temp_opt_r1,temp_opt_r5,block_or_occupancy,block_or_occupancy,temp_opt,temp_opt,0,1.0,0.034107,0.014485,0.014485,1.0,8
temp_opt_r12__temp_opt_r5,same_matched,temp_opt_r12,temp_opt_r5,block_or_occupancy,block_or_occupancy,temp_opt,temp_opt,0,1.0,0.025197,0.052102,0.052102,1.0,8
block_cont_r12__block_cont_r6,same_matched,block_cont_r12,block_cont_r6,block_or_occupancy,block_or_occupancy,block_cont,block_cont,0,2.0,0.038421,0.025959,0.025959,1.0,8
lead_nec_r5__lead_opt_r12,same_matched,lead_nec_r5,lead_opt_r12,lead,lead,lead_nec,lead_opt,0,1.0,0.023178,0.015534,0.015534,1.0,8
lead_nec_r1__lead_opt_r9,same_matched,lead_nec_r1,lead_opt_r9,lead,lead,lead_nec,lead_opt,0,1.0,0.009834,0.006145,0.006145,1.0,8
temp_opt_r1__temp_opt_r3,same_matched,temp_opt_r1,temp_opt_r3,block_or_occupancy,block_or_occupancy,temp_opt,temp_opt,0,0.0,0.024884,0.010976,0.010976,1.0,8
lead_nec_r3__lead_opt_r2,same_matched,lead_nec_r3,lead_opt_r2,lead,lead,lead_nec,lead_opt,0,1.0,0.023423,0.015313,0.015313,1.0,8
lead_nec_r1__lead_nec_r4,same_matched,lead_nec_r1,lead_nec_r4,lead,lead,lead_nec,lead_nec,0,1.0,0.019508,0.009765,0.009765,1.0,8
lead_opt_r11__lead_opt_r9,same_matched,lead_opt_r11,lead_opt_r9,lead,lead,lead_opt,lead_opt,0,1.0,0.041559,0.023144,0.023144,1.0,8
cross_clear_r3__cross_stall_r2,same_matched,cross_clear_r3,cross_stall_r2,cross,cross,cross_clear,cross_stall,0,0.0,0.045103,0.024862,0.024862,1.0,8
block_nec_r9__temp_opt_r9,same_matched,block_nec_r9,temp_opt_r9,block_or_occupancy,block_or_occupancy,block_nec,temp_opt,0,1.0,0.043722,0.09602,0.09602,1.0,8
cross_stall_occ_r1__cross_stall_occ_r11,same_matched,cross_stall_occ_r1,cross_stall_occ_r11,cross,cross,cross_stall_occ,cross_stall_occ,0,2.0,0.040608,0.028506,0.028506,1.0,8
cross_stall_occ_r12__cross_stall_occ_r7,same_matched,cross_stall_occ_r12,cross_stall_occ_r7,cross,cross,cross_stall_occ,cross_stall_occ,0,2.0,0.048639,0.03146,0.03146,1.0,8
block_nec_r2__temp_opt_r12,same_matched,block_nec_r2,temp_opt_r12,block_or_occupancy,block_or_occupancy,block_nec,temp_opt,0,2.0,0.039643,0.040182,0.040182,1.0,8
lead_nec_r3__lead_opt_r11,same_matched,lead_nec_r3,lead_opt_r11,lead,lead,lead_nec,lead_opt,0,1.0,0.033317,0.019978,0.019978,1.0,8
cross_stall_r5__cross_stall_r7,same_matched,cross_stall_r5,cross_stall_r7,cross,cross,cross_stall,cross_stall,0,2.0,0.036132,0.046528,0.046528,1.0,8
lead_nec_r10__lead_nec_r2,same_matched,lead_nec_r10,lead_nec_r2,lead,lead,lead_nec,lead_nec,0,3.0,0.015883,0.011408,0.011408,1.0,8
lead_cont_r1__lead_cont_r7,same_matched,lead_cont_r1,lead_cont_r7,lead,lead,lead_cont,lead_cont,0,2.0,0.034512,0.016339,0.016339,1.0,8
lead_nec_r3__lead_opt_r2,same_matched,lead_nec_r3,lead_opt_r2,lead,lead,lead_nec,lead_opt,0,1.0,0.023423,0.015313,0.015313,1.0,8
cross_stall_r1__cross_stall_r9,same_matched,cross_stall_r1,cross_stall_r9,cross,cross,cross_stall,cross_stall,0,1.0,0.016225,0.018627,0.018627,1.0,8
cross_stall_occ_r1__cross_stall_occ_r10,same_matched,cross_stall_occ_r1,cross_stall_occ_r10,cross,cross,cross_stall_occ,cross_stall_occ,0,1.0,0.049348,0.023337,0.023337,1.0,8
block_cont_r4__block_cont_r9,same_matched,block_cont_r4,block_cont_r9,block_or_occupancy,block_or_occupancy,block_cont,block_cont,0,2.0,0.033218,0.035246,0.035246,1.0,8
cross_stall_r12__cross_stall_r5,same_matched,cross_stall_r12,cross_stall_r5,cross,cross,cross_stall,cross_stall,0,0.0,0.029076,0.033918,0.033918,1.0,8
temp_opt_r1__temp_opt_r7,same_matched,temp_opt_r1,temp_opt_r7,block_or_occupancy,block_or_occupancy,temp_opt,temp_opt,0,2.0,0.035304,0.068795,0.068795,1.0,8
temp_opt_r10__temp_opt_r7,same_matched,temp_opt_r10,temp_opt_r7,block_or_occupancy,block_or_occupancy,temp_opt,temp_opt,0,2.0,0.043272,0.07137,0.07137,1.0,8
temp_opt_r11__temp_opt_r7,same_matched,temp_opt_r11,temp_opt_r7,block_or_occupancy,block_or_occupancy,temp_opt,temp_opt,0,1.0,0.034322,0.068104,0.068104,1.0,8
temp_opt_r6__temp_opt_r9,same_matched,temp_opt_r6,temp_opt_r9,block_or_occupancy,block_or_occupancy,temp_opt,temp_opt,0,1.0,0.035027,0.025161,0.025161,1.0,8
lead_cont_r3__lead_cont_r9,same_matched,lead_cont_r3,lead_cont_r9,lead,lead,lead_cont,lead_cont,0,2.0,0.031221,0.016511,0.016511,1.0,8
cross_stall_r7__cross_stall_r9,same_matched,cross_stall_r7,cross_stall_r9,cross,cross,cross_stall,cross_stall,0,1.0,0.011934,0.015828,0.015828,1.0,8
lead_nec_r4__lead_opt_r8,same_matched,lead_nec_r4,lead_opt_r8,lead,lead,lead_nec,lead_opt,0,2.0,0.031194,0.031732,0.031732,1.0,8
cross_stall_r11__cross_stall_r6,same_matched,cross_stall_r11,cross_stall_r6,cross,cross,cross_stall,cross_stall,0,0.0,0.02371,0.043929,0.043929,1.0,8
lead_nec_r12__lead_nec_r5,same_matched,lead_nec_r12,lead_nec_r5,lead,lead,lead_nec,lead_nec,0,0.0,0.017511,0.009728,0.009728,1.0,8
block_cont_r10__block_cont_r2,same_matched,block_cont_r10,block_cont_r2,block_or_occupancy,block_or_occupancy,block_cont,block_cont,0,1.0,0.046763,0.025551,0.025551,1.0,8
block_nec_r12__block_nec_r9,same_matched,block_nec_r12,block_nec_r9,block_or_occupancy,block_or_occupancy,block_nec,block_nec,0,3.0,0.037168,0.085934,0.085934,1.0,8
lead_cont_r1__lead_cont_r7,same_matched,lead_cont_r1,lead_cont_r7,lead,lead,lead_cont,lead_cont,0,2.0,0.034512,0.016339,0.016339,1.0,8
temp_opt_r6__temp_opt_r9,same_matched,temp_opt_r6,temp_opt_r9,block_or_occupancy,block_or_occupancy,temp_opt,temp_opt,0,1.0,0.035027,0.025161,0.025161,1.0,8
block_cont_r1__block_cont_r8,same_matched,block_cont_r1,block_cont_r8,block_or_occupancy,block_or_occupancy,block_cont,block_cont,0,3.0,0.042981,0.022466,0.022466,1.0,8
temp_opt_r12__temp_opt_r3,same_matched,temp_opt_r12,temp_opt_r3,block_or_occupancy,block_or_occupancy,temp_opt,temp_opt,0,2.0,0.034046,0.055611,0.055611,1.0,8
cross_stall_r11__cross_stall_r4,same_matched,cross_stall_r11,cross_stall_r4,cross,cross,cross_stall,cross_stall,0,1.0,0.030177,0.050647,0.050647,1.0,8
cross_stall_r11__cross_stall_r4,same_matched,cross_stall_r11,cross_stall_r4,cross,cross,cross_stall,cross_stall,0,1.0,0.030177,0.050647,0.050647,1.0,8
lead_nec_r5__lead_opt_r1,same_matched,lead_nec_r5,lead_opt_r1,lead,lead,lead_nec,lead_opt,0,2.0,0.010154,0.009039,0.009039,1.0,8
block_cont_r1__block_cont_r6,same_matched,block_cont_r1,block_cont_r6,block_or_occupancy,block_or_occupancy,block_cont,block_cont,0,2.0,0.028153,0.009355,0.009355,1.0,8
temp_opt_r8__temp_opt_r9,same_matched,temp_opt_r8,temp_opt_r9,block_or_occupancy,block_or_occupancy,temp_opt,temp_opt,0,0.0,0.016957,0.030204,0.030204,1.0,8
lead_nec_r2__lead_nec_r9,same_matched,lead_nec_r2,lead_nec_r9,lead,lead,lead_nec,lead_nec,0,3.0,0.011125,0.008763,0.008763,1.0,8
block_cont_r1__block_cont_r8,same_matched,block_cont_r1,block_cont_r8,block_or_occupancy,block_or_occupancy,block_cont,block_cont,0,3.0,0.042981,0.022466,0.022466,1.0,8
block_nec_r12__temp_opt_r12,same_matched,block_nec_r12,temp_opt_r12,block_or_occupancy,block_or_occupancy,block_nec,temp_opt,0,2.0,0.036054,0.047115,0.047115,1.0,8
temp_opt_r1__temp_opt_r6,same_matched,temp_opt_r1,temp_opt_r6,block_or_occupancy,block_or_occupancy,temp_opt,temp_opt,0,1.0,0.034682,0.014423,0.014423,1.0,8
lead_cont_r4__lead_cont_r6,same_matched,lead_cont_r4,lead_cont_r6,lead,lead,lead_cont,lead_cont,0,1.0,0.048484,0.023413,0.023413,1.0,8
block_cont_r10__block_cont_r12,same_matched,block_cont_r10,block_cont_r12,block_or_occupancy,block_or_occupancy,block_cont,block_cont,0,1.0,0.056163,0.03269,0.03269,1.0,8
cross_stall_r5__cross_stall_r8,same_matched,cross_stall_r5,cross_stall_r8,cross,cross,cross_stall,cross_stall,0,2.0,0.046802,0.053552,0.053552,1.0,8
lead_nec_r11__lead_opt_r2,same_matched,lead_nec_r11,lead_opt_r2,lead,lead,lead_nec,lead_opt,0,1.0,0.025268,0.016344,0.016344,1.0,8
block_nec_r9__temp_opt_r9,same_matched,block_nec_r9,temp_opt_r9,block_or_occupancy,block_or_occupancy,block_nec,temp_opt,0,1.0,0.043722,0.09602,0.09602,1.0,8
lead_nec_r3__lead_opt_r2,same_matched,lead_nec_r3,lead_opt_r2,lead,lead,lead_nec,lead_opt,0,1.0,0.023423,0.015313,0.015313,1.0,8
block_cont_r1__block_cont_r7,same_matched,block_cont_r1,block_cont_r7,block_or_occupancy,block_or_occupancy,block_cont,block_cont,0,2.0,0.038336,0.013969,0.013969,1.0,8
lead_nec_r11__lead_opt_r8,same_matched,lead_nec_r11,lead_opt_r8,lead,lead,lead_nec,lead_opt,0,2.0,0.018298,0.02469,0.02469,1.0,8
cross_stall_r10__cross_stall_r2,same_matched,cross_stall_r10,cross_stall_r2,cross,cross,cross_stall,cross_stall,0,1.0,0.014683,0.010773,0.010773,1.0,8
lead_cont_r1__lead_cont_r11,same_matched,lead_cont_r1,lead_cont_r11,lead,lead,lead_cont,lead_cont,0,1.0,0.051443,0.020717,0.020717,1.0,8
block_nec_r7__block_nec_r9,same_matched,block_nec_r7,block_nec_r9,block_or_occupancy,block_or_occupancy,block_nec,block_nec,0,1.0,0.024345,0.062482,0.062482,1.0,8
lead_nec_r2__lead_opt_r3,same_matched,lead_nec_r2,lead_opt_r3,lead,lead,lead_nec,lead_opt,0,1.0,0.021374,0.010409,0.010409,1.0,8
lead_nec_r1__lead_opt_r3,same_matched,lead_nec_r1,lead_opt_r3,lead,lead,lead_nec,lead_opt,0,1.0,0.009238,0.00533,0.00533,1.0,8
lead_nec_r9__lead_opt_r2,same_matched,lead_nec_r9,lead_opt_r2,lead,lead,lead_nec,lead_opt,0,3.0,0.016723,0.013658,0.013658,1.0,8
cross_stall_r1__cross_stall_r6,same_matched,cross_stall_r1,cross_stall_r6,cross,cross,cross_stall,cross_stall,0,2.0,0.007716,0.008598,0.008598,1.0,8
lead_cont_r11__lead_cont_r8,same_matched,lead_cont_r11,lead_cont_r8,lead,lead,lead_cont,lead_cont,0,2.0,0.050127,0.03006,0.03006,1.0,8
lead_nec_r2__lead_opt_r12,same_matched,lead_nec_r2,lead_opt_r12,lead,lead,lead_nec,lead_opt,0,1.0,0.00696,0.00427,0.00427,1.0,8
cross_stall_r1__cross_stall_r9,same_matched,cross_stall_r1,cross_stall_r9,cross,cross,cross_stall,cross_stall,0,1.0,0.016225,0.018627,0.018627,1.0,8
lead_opt_r10__lead_opt_r8,same_matched,lead_opt_r10,lead_opt_r8,lead,lead,lead_opt,lead_opt,0,1.0,0.011563,0.022028,0.022028,1.0,8
cross_stall_occ_r2__cross_stall_occ_r7,same_matched,cross_stall_occ_r2,cross_stall_occ_r7,cross,cross,cross_stall_occ,cross_stall_occ,0,0.0,0.025626,0.01743,0.01743,1.0,8
lead_nec_r9__lead_opt_r11,same_matched,lead_nec_r9,lead_opt_r11,lead,lead,lead_nec,lead_opt,0,3.0,0.026617,0.018323,0.018323,1.0,8
temp_opt_r12__temp_opt_r9,same_matched,temp_opt_r12,temp_opt_r9,block_or_occupancy,block_or_occupancy,temp_opt,temp_opt,0,0.0,0.031177,0.048923,0.048923,1.0,8
block_nec_r4__temp_opt_r5,same_matched,block_nec_r4,temp_opt_r5,block_or_occupancy,block_or_occupancy,block_nec,temp_opt,0,0.0,0.062288,0.069396,0.069396,1.0,8
block_cont_r6__block_cont_r9,same_matched,block_cont_r6,block_cont_r9,block_or_occupancy,block_or_occupancy,block_cont,block_cont,0,1.0,0.060996,0.023223,0.023223,1.0,8
block_cont_r6__block_cont_r8,same_matched,block_cont_r6,block_cont_r8,block_or_occupancy,block_or_occupancy,block_cont,block_cont,0,1.0,0.020722,0.017965,0.017965,1.0,8
lead_cont_r3__lead_cont_r4,same_matched,lead_cont_r3,lead_cont_r4,lead,lead,lead_cont,lead_cont,0,0.0,0.028335,0.016945,0.016945,1.0,8
lead_opt_r2__lead_opt_r6,same_matched,lead_opt_r2,lead_opt_r6,lead,lead,lead_opt,lead_opt,0,2.0,0.0197,0.011425,0.011425,1.0,8
block_nec_r3__block_nec_r7,same_matched,block_nec_r3,block_nec_r7,block_or_occupancy,block_or_occupancy,block_nec,block_nec,0,1.0,0.038353,0.052679,0.052679,1.0,8
lead_nec_r2__lead_nec_r8,same_matched,lead_nec_r2,lead_nec_r8,lead,lead,lead_nec,lead_nec,0,3.0,0.016475,0.011459,0.011459,1.0,8
lead_nec_r2__lead_opt_r12,same_matched,lead_nec_r2,lead_opt_r12,lead,lead,lead_nec,lead_opt,0,1.0,0.00696,0.00427,0.00427,1.0,8
lead_nec_r10__lead_nec_r6,same_matched,lead_nec_r10,lead_nec_r6,lead,lead,lead_nec,lead_nec,0,1.0,0.017211,0.010829,0.010829,1.0,8
lead_nec_r3__lead_nec_r6,same_matched,lead_nec_r3,lead_nec_r6,lead,lead,lead_nec,lead_nec,0,1.0,0.019154,0.009839,0.009839,1.0,8
lead_nec_r1__lead_opt_r8,same_matched,lead_nec_r1,lead_opt_r8,lead,lead,lead_nec,lead_opt,0,3.0,0.01789,0.024375,0.024375,1.0,8
block_cont_r7__block_cont_r8,same_matched,block_cont_r7,block_cont_r8,block_or_occupancy,block_or_occupancy,block_cont,block_cont,0,1.0,0.033854,0.027067,0.027067,1.0,8
lead_cont_r11__lead_cont_r8,same_matched,lead_cont_r11,lead_cont_r8,lead,lead,lead_cont,lead_cont,0,2.0,0.050127,0.03006,0.03006,1.0,8
block_nec_r6__temp_opt_r12,same_matched,block_nec_r6,temp_opt_r12,block_or_occupancy,block_or_occupancy,block_nec,temp_opt,0,0.0,0.049196,0.040169,0.040169,1.0,8
block_nec_r2__block_nec_r6,same_matched,block_nec_r2,block_nec_r6,block_or_occupancy,block_or_occupancy,block_nec,block_nec,0,2.0,0.018591,0.041819,0.041819,1.0,8
cross_stall_r10__cross_stall_r11,same_matched,cross_stall_r10,cross_stall_r11,cross,cross,cross_stall,cross_stall,0,1.0,0.026476,0.047988,0.047988,1.0,8
lead_opt_r12__lead_opt_r6,same_matched,lead_opt_r12,lead_opt_r6,lead,lead,lead_opt,lead_opt,0,1.0,0.017566,0.009657,0.009657,1.0,8
block_cont_r1__block_cont_r5,same_matched,block_cont_r1,block_cont_r5,block_or_occupancy,block_or_occupancy,block_cont,block_cont,0,2.0,0.040308,0.026991,0.026991,1.0,8
temp_opt_r3__temp_opt_r5,same_matched,temp_opt_r3,temp_opt_r5,block_or_occupancy,block_or_occupancy,temp_opt,temp_opt,0,1.0,0.014605,0.006431,0.006431,1.0,8
lead_nec_r12__lead_opt_r12,same_matched,lead_nec_r12,lead_opt_r12,lead,lead,lead_nec,lead_opt,0,1.0,0.007639,0.006169,0.006169,1.0,8
lead_nec_r10__lead_nec_r2,same_matched,lead_nec_r10,lead_nec_r2,lead,lead,lead_nec,lead_nec,0,3.0,0.015883,0.011408,0.011408,1.0,8
lead_nec_r8__lead_opt_r12,same_matched,lead_nec_r8,lead_opt_r12,lead,lead,lead_nec,lead_opt,0,2.0,0.019938,0.014587,0.014587,1.0,8
block_nec_r1__block_nec_r4,same_matched,block_nec_r1,block_nec_r4,block_or_occupancy,block_or_occupancy,block_nec,block_nec,0,1.0,0.018908,0.01803,0.01803,1.0,8
lead_nec_r3__lead_opt_r11,same_matched,lead_nec_r3,lead_opt_r11,lead,lead,lead_nec,lead_opt,0,1.0,0.033317,0.019978,0.019978,1.0,8
lead_cont_r4__lead_cont_r7,same_matched,lead_cont_r4,lead_cont_r7,lead,lead,lead_cont,lead_cont,0,1.0,0.052343,0.026906,0.026906,1.0,8
block_nec_r12__block_nec_r3,same_matched,block_nec_r12,block_nec_r3,block_or_occupancy,block_or_occupancy,block_nec,block_nec,0,1.0,0.051175,0.076131,0.076131,1.0,8
block_cont_r2__block_cont_r5,same_matched,block_cont_r2,block_cont_r5,block_or_occupancy,block_or_occupancy,block_cont,block_cont,0,2.0,0.045471,0.037479,0.037479,1.0,8
block_nec_r10__temp_opt_r6,same_matched,block_nec_r10,temp_opt_r6,block_or_occupancy,block_or_occupancy,block_nec,temp_opt,0,0.0,0.053682,0.052295,0.052295,1.0,8
lead_cont_r4__lead_cont_r8,same_matched,lead_cont_r4,lead_cont_r8,lead,lead,lead_cont,lead_cont,0,2.0,0.044556,0.028228,0.028228,1.0,8
block_nec_r1__block_nec_r7,same_matched,block_nec_r1,block_nec_r7,block_or_occupancy,block_or_occupancy,block_nec,block_nec,0,2.0,0.026218,0.028958,0.028958,1.0,8
temp_opt_r6__temp_opt_r7,same_matched,temp_opt_r6,temp_opt_r7,block_or_occupancy,block_or_occupancy,temp_opt,temp_opt,0,1.0,0.040725,0.062222,0.062222,1.0,8
block_cont_r6__block_cont_r8,same_matched,block_cont_r6,block_cont_r8,block_or_occupancy,block_or_occupancy,block_cont,block_cont,0,1.0,0.020722,0.017965,0.017965,1.0,8
block_nec_r12__temp_opt_r12,same_matched,block_nec_r12,temp_opt_r12,block_or_occupancy,block_or_occupancy,block_nec,temp_opt,0,2.0,0.036054,0.047115,0.047115,1.0,8
lead_nec_r11__lead_nec_r7,same_matched,lead_nec_r11,lead_nec_r7,lead,lead,lead_nec,lead_nec,0,1.0,0.017641,0.008795,0.008795,1.0,8
lead_opt_r11__lead_opt_r4,same_matched,lead_opt_r11,lead_opt_r4,lead,lead,lead_opt,lead_opt,0,1.0,0.01216,0.006098,0.006098,1.0,8
block_cont_r3__block_cont_r5,same_matched,block_cont_r3,block_cont_r5,block_or_occupancy,block_or_occupancy,block_cont,block_cont,0,1.0,0.049436,0.031486,0.031486,1.0,8
cross_stall_r11__cross_stall_r7,same_matched,cross_stall_r11,cross_stall_r7,cross,cross,cross_stall,cross_stall,0,2.0,0.02682,0.049632,0.049632,1.0,8
cross_stall_r5__cross_stall_r9,same_matched,cross_stall_r5,cross_stall_r9,cross,cross,cross_stall,cross_stall,0,1.0,0.024198,0.0307,0.0307,1.0,8
temp_opt_r10__temp_opt_r4,same_matched,temp_opt_r10,temp_opt_r4,block_or_occupancy,block_or_occupancy,temp_opt,temp_opt,0,1.0,0.020756,0.016184,0.016184,1.0,8
cross_stall_r12__cross_stall_r5,same_matched,cross_stall_r12,cross_stall_r5,cross,cross,cross_stall,cross_stall,0,0.0,0.029076,0.033918,0.033918,1.0,8
lead_nec_r8__lead_opt_r4,same_matched,lead_nec_r8,lead_opt_r4,lead,lead,lead_nec,lead_opt,0,2.0,0.019806,0.014921,0.014921,1.0,8
block_nec_r2__block_nec_r3,same_matched,block_nec_r2,block_nec_r3,block_or_occupancy,block_or_occupancy,block_nec,block_nec,0,1.0,0.038067,0.060863,0.060863,1.0,8
cross_stall_r1__cross_stall_r9,same_matched,cross_stall_r1,cross_stall_r9,cross,cross,cross_stall,cross_stall,0,1.0,0.016225,0.018627,0.018627,1.0,8
lead_nec_r3__lead_nec_r9,same_matched,lead_nec_r3,lead_nec_r9,lead,lead,lead_nec,lead_nec,0,2.0,0.00715,0.002725,0.002725,1.0,8
cross_stall_r1__cross_stall_r9,same_matched,cross_stall_r1,cross_stall_r9,cross,cross,cross_stall,cross_stall,0,1.0,0.016225,0.018627,0.018627,1.0,8
block_nec_r7__temp_opt_r8,same_matched,block_nec_r7,temp_opt_r8,block_or_occupancy,block_or_occupancy,block_nec,temp_opt,0,0.0,0.018229,0.017536,0.017536,1.0,8
lead_nec_r11__lead_nec_r12,same_matched,lead_nec_r11,lead_nec_r12,lead,lead,lead_nec,lead_nec,0,1.0,0.017468,0.00877,0.00877,1.0,8
lead_cont_r11__lead_cont_r9,same_matched,lead_cont_r11,lead_cont_r9,lead,lead,lead_cont,lead_cont,0,2.0,0.032792,0.017039,0.017039,1.0,8
lead_cont_r12__lead_cont_r3,same_matched,lead_cont_r12,lead_cont_r3,lead,lead,lead_cont,lead_cont,0,1.0,0.050088,0.023758,0.023758,1.0,8
cross_clear_r3__cross_stall_r8,same_matched,cross_clear_r3,cross_stall_r8,cross,cross,cross_clear,cross_stall,0,0.0,0.048772,0.026966,0.026966,1.0,8
block_nec_r6__block_nec_r8,same_matched,block_nec_r6,block_nec_r8,block_or_occupancy,block_or_occupancy,block_nec,block_nec,0,1.0,0.050347,0.053653,0.053653,1.0,8
cross_stall_occ_r1__cross_stall_occ_r3,same_matched,cross_stall_occ_r1,cross_stall_occ_r3,cross,cross,cross_stall_occ,cross_stall_occ,0,1.0,0.05813,0.029284,0.029284,1.0,8
cross_stall_occ_r1__cross_stall_occ_r10,same_matched,cross_stall_occ_r1,cross_stall_occ_r10,cross,cross,cross_stall_occ,cross_stall_occ,0,1.0,0.049348,0.023337,0.023337,1.0,8
lead_nec_r3__lead_opt_r2,same_matched,lead_nec_r3,lead_opt_r2,lead,lead,lead_nec,lead_opt,0,1.0,0.023423,0.015313,0.015313,1.0,8
block_nec_r1__temp_opt_r9,same_matched,block_nec_r1,temp_opt_r9,block_or_occupancy,block_or_occupancy,block_nec,temp_opt,0,2.0,0.045595,0.062231,0.062231,1.0,8
lead_nec_r1__lead_nec_r6,same_matched,lead_nec_r1,lead_nec_r6,lead,lead,lead_nec,lead_nec,0,2.0,0.025397,0.012409,0.012409,1.0,8
lead_opt_r12__lead_opt_r8,same_matched,lead_opt_r12,lead_opt_r8,lead,lead,lead_opt,lead_opt,0,2.0,0.039218,0.038083,0.038083,1.0,8
block_nec_r10__temp_opt_r9,same_matched,block_nec_r10,temp_opt_r9,block_or_occupancy,block_or_occupancy,block_nec,temp_opt,0,1.0,0.018655,0.027134,0.027134,1.0,8
cross_stall_r1__cross_stall_r9,same_matched,cross_stall_r1,cross_stall_r9,cross,cross,cross_stall,cross_stall,0,1.0,0.016225,0.018627,0.018627,1.0,8
lead_cont_r11__lead_cont_r7,same_matched,lead_cont_r11,lead_cont_r7,lead,lead,lead_cont,lead_cont,0,1.0,0.0521,0.024813,0.024813,1.0,8
lead_nec_r7__lead_opt_r10,same_matched,lead_nec_r7,lead_opt_r10,lead,lead,lead_nec,lead_opt,0,0.0,0.022161,0.010274,0.010274,1.0,8
block_nec_r3__block_nec_r6,same_matched,block_nec_r3,block_nec_r6,block_or_occupancy,block_or_occupancy,block_nec,block_nec,0,1.0,0.019476,0.019067,0.019067,1.0,8
block_nec_r6__temp_opt_r9,same_matched,block_nec_r6,temp_opt_r9,block_or_occupancy,block_or_occupancy,block_nec,temp_opt,0,0.0,0.038253,0.067172,0.067172,1.0,8
block_cont_r2__block_cont_r8,same_matched,block_cont_r2,block_cont_r8,block_or_occupancy,block_or_occupancy,block_cont,block_cont,0,3.0,0.046006,0.032681,0.032681,1.0,8
block_nec_r12__block_nec_r9,same_matched,block_nec_r12,block_nec_r9,block_or_occupancy,block_or_occupancy,block_nec,block_nec,0,3.0,0.037168,0.085934,0.085934,1.0,8
cross_stall_r11__cross_stall_r7,same_matched,cross_stall_r11,cross_stall_r7,cross,cross,cross_stall,cross_stall,0,2.0,0.02682,0.049632,0.049632,1.0,8
lead_nec_r12__lead_opt_r8,same_matched,lead_nec_r12,lead_opt_r8,lead,lead,lead_nec,lead_opt,0,1.0,0.033551,0.032278,0.032278,1.0,8
lead_nec_r1__lead_opt_r1,same_matched,lead_nec_r1,lead_opt_r1,lead,lead,lead_nec,lead_opt,0,0.0,0.013353,0.009413,0.009413,1.0,8
cross_stall_r12__cross_stall_r5,same_matched,cross_stall_r12,cross_stall_r5,cross,cross,cross_stall,cross_stall,0,0.0,0.029076,0.033918,0.033918,1.0,8
lead_nec_r11__lead_opt_r7,same_matched,lead_nec_r11,lead_opt_r7,lead,lead,lead_nec,lead_opt,0,2.0,0.015721,0.016724,0.016724,1.0,8
lead_nec_r8__lead_opt_r5,same_matched,lead_nec_r8,lead_opt_r5,lead,lead,lead_nec,lead_opt,0,1.0,0.011382,0.007573,0.007573,1.0,8
block_cont_r1__block_cont_r8,same_matched,block_cont_r1,block_cont_r8,block_or_occupancy,block_or_occupancy,block_cont,block_cont,0,3.0,0.042981,0.022466,0.022466,1.0,8
temp_opt_r10__temp_opt_r3,same_matched,temp_opt_r10,temp_opt_r3,block_or_occupancy,block_or_occupancy,temp_opt,temp_opt,0,0.0,0.032852,0.013551,0.013551,1.0,8
lead_nec_r10__lead_opt_r11,same_matched,lead_nec_r10,lead_opt_r11,lead,lead,lead_nec,lead_opt,0,3.0,0.031374,0.020968,0.020968,1.0,8
block_cont_r5__block_cont_r7,same_matched,block_cont_r5,block_cont_r7,block_or_occupancy,block_or_occupancy,block_cont,block_cont,0,0.0,0.048118,0.028689,0.028689,1.0,8
block_cont_r10__block_cont_r12,same_matched,block_cont_r10,block_cont_r12,block_or_occupancy,block_or_occupancy,block_cont,block_cont,0,1.0,0.056163,0.03269,0.03269,1.0,8
cross_stall_r5__cross_stall_r8,same_matched,cross_stall_r5,cross_stall_r8,cross,cross,cross_stall,cross_stall,0,2.0,0.046802,0.053552,0.053552,1.0,8
lead_nec_r5__lead_nec_r6,same_matched,lead_nec_r5,lead_nec_r6,lead,lead,lead_nec,lead_nec,0,0.0,0.021043,0.011827,0.011827,1.0,8
block_nec_r9__temp_opt_r9,same_matched,block_nec_r9,temp_opt_r9,block_or_occupancy,block_or_occupancy,block_nec,temp_opt,0,1.0,0.043722,0.09602,0.09602,1.0,8
lead_nec_r3__lead_opt_r2,same_matched,lead_nec_r3,lead_opt_r2,lead,lead,lead_nec,lead_opt,0,1.0,0.023423,0.015313,0.015313,1.0,8
block_cont_r5__block_cont_r8,same_matched,block_cont_r5,block_cont_r8,block_or_occupancy,block_or_occupancy,block_cont,block_cont,0,1.0,0.035953,0.015559,0.015559,1.0,8
block_nec_r7__temp_opt_r8,same_matched,block_nec_r7,temp_opt_r8,block_or_occupancy,block_or_occupancy,block_nec,temp_opt,0,0.0,0.018229,0.017536,0.017536,1.0,8
cross_stall_r2__cross_stall_r6,same_matched,cross_stall_r2,cross_stall_r6,cross,cross,cross_stall,cross_stall,0,2.0,0.017449,0.014832,0.014832,1.0,8
block_cont_r5__block_cont_r7,same_matched,block_cont_r5,block_cont_r7,block_or_occupancy,block_or_occupancy,block_cont,block_cont,0,0.0,0.048118,0.028689,0.028689,1.0,8
lead_nec_r11__lead_opt_r4,same_matched,lead_nec_r11,lead_opt_r4,lead,lead,lead_nec,lead_opt,0,0.0,0.023002,0.014911,0.014911,1.0,8
lead_nec_r5__lead_opt_r12,same_matched,lead_nec_r5,lead_opt_r12,lead,lead,lead_nec,lead_opt,0,1.0,0.023178,0.015534,0.015534,1.0,8
cross_clear_r3__cross_stall_r10,same_matched,cross_clear_r3,cross_stall_r10,cross,cross,cross_clear,cross_stall,0,1.0,0.059787,0.034385,0.034385,1.0,8
lead_cont_r11__lead_cont_r6,same_matched,lead_cont_r11,lead_cont_r6,lead,lead,lead_cont,lead_cont,0,1.0,0.067834,0.035769,0.035769,1.0,8
cross_stall_occ_r1__cross_stall_occ_r12,same_matched,cross_stall_occ_r1,cross_stall_occ_r12,cross,cross,cross_stall_occ,cross_stall_occ,0,2.0,0.058864,0.037479,0.037479,1.0,8
lead_opt_r6__lead_opt_r8,same_matched,lead_opt_r6,lead_opt_r8,lead,lead,lead_opt,lead_opt,0,1.0,0.021651,0.028426,0.028426,1.0,8
block_cont_r10__block_cont_r8,same_matched,block_cont_r10,block_cont_r8,block_or_occupancy,block_or_occupancy,block_cont,block_cont,0,2.0,0.055151,0.036728,0.036728,1.0,8
temp_opt_r6__temp_opt_r9,same_matched,temp_opt_r6,temp_opt_r9,block_or_occupancy,block_or_occupancy,temp_opt,temp_opt,0,1.0,0.035027,0.025161,0.025161,1.0,8
cross_stall_r5__cross_stall_r8,same_matched,cross_stall_r5,cross_stall_r8,cross,cross,cross_stall,cross_stall,0,2.0,0.046802,0.053552,0.053552,1.0,8
cross_stall_r3__cross_stall_r5,same_matched,cross_stall_r3,cross_stall_r5,cross,cross,cross_stall,cross_stall,0,1.0,0.026301,0.034753,0.034753,1.0,8
temp_opt_r12__temp_opt_r5,same_matched,temp_opt_r12,temp_opt_r5,block_or_occupancy,block_or_occupancy,temp_opt,temp_opt,0,1.0,0.025197,0.052102,0.052102,1.0,8
cross_stall_occ_r1__cross_stall_occ_r12,same_matched,cross_stall_occ_r1,cross_stall_occ_r12,cross,cross,cross_stall_occ,cross_stall_occ,0,2.0,0.058864,0.037479,0.037479,1.0,8
lead_nec_r9__lead_opt_r12,same_matched,lead_nec_r9,lead_opt_r12,lead,lead,lead_nec,lead_opt,0,2.0,0.014754,0.011912,0.011912,1.0,8
lead_nec_r1__lead_opt_r1,same_matched,lead_nec_r1,lead_opt_r1,lead,lead,lead_nec,lead_opt,0,0.0,0.013353,0.009413,0.009413,1.0,8
lead_cont_r3__lead_cont_r7,same_matched,lead_cont_r3,lead_cont_r7,lead,lead,lead_cont,lead_cont,0,1.0,0.050262,0.023783,0.023783,1.0,8
cross_stall_occ_r1__cross_stall_occ_r3,same_matched,cross_stall_occ_r1,cross_stall_occ_r3,cross,cross,cross_stall_occ,cross_stall_occ,0,1.0,0.05813,0.029284,0.029284,1.0,8
block_nec_r6__temp_opt_r12,same_matched,block_nec_r6,temp_opt_r12,block_or_occupancy,block_or_occupancy,block_nec,temp_opt,0,0.0,0.049196,0.040169,0.040169,1.0,8
temp_opt_r1__temp_opt_r3,same_matched,temp_opt_r1,temp_opt_r3,block_or_occupancy,block_or_occupancy,temp_opt,temp_opt,0,0.0,0.024884,0.010976,0.010976,1.0,8
block_cont_r2__block_cont_r5,same_matched,block_cont_r2,block_cont_r5,block_or_occupancy,block_or_occupancy,block_cont,block_cont,0,2.0,0.045471,0.037479,0.037479,1.0,8
lead_nec_r5__lead_opt_r2,same_matched,lead_nec_r5,lead_opt_r2,lead,lead,lead_nec,lead_opt,0,2.0,0.025312,0.017302,0.017302,1.0,8
block_nec_r2__temp_opt_r12,same_matched,block_nec_r2,temp_opt_r12,block_or_occupancy,block_or_occupancy,block_nec,temp_opt,0,2.0,0.039643,0.040182,0.040182,1.0,8
lead_nec_r11__lead_opt_r8,same_matched,lead_nec_r11,lead_opt_r8,lead,lead,lead_nec,lead_opt,0,2.0,0.018298,0.02469,0.02469,1.0,8
lead_nec_r2__lead_opt_r11,same_matched,lead_nec_r2,lead_opt_r11,lead,lead,lead_nec,lead_opt,0,0.0,0.015491,0.00956,0.00956,1.0,8
cross_clear_r3__cross_clear_r4,same_matched,cross_clear_r3,cross_clear_r4,cross,cross,cross_clear,cross_clear,0,0.0,0.052438,0.018371,0.018371,1.0,8
lead_nec_r5__lead_opt_r4,same_matched,lead_nec_r5,lead_opt_r4,lead,lead,lead_nec,lead_opt,0,1.0,0.023045,0.015868,0.015868,1.0,8
lead_nec_r1__lead_nec_r4,same_matched,lead_nec_r1,lead_nec_r4,lead,lead,lead_nec,lead_nec,0,1.0,0.019508,0.009765,0.009765,1.0,8
