pair_id,pair_type,state_i,state_j,coarse_i,coarse_j,fine_i,fine_j,same_param_group,ego_speed_diff,d0_mean,d1_mean,d1_validonly,feasibility_agree,n_valid_actions
c1_block_cont_01__c1_cross_clear_01,cross,c1_block_cont_01,c1_cross_clear_01,block_or_occupancy,cross,block_cont,cross_clear,0,0.0,0.336959,0.290159,0.290159,1.0,8
c1_block_cont_01__c1_cross_clear_02,cross,c1_block_cont_01,c1_cross_clear_02,block_or_occupancy,cross,block_cont,cross_clear,0,0.0,0.271827,0.260664,0.260664,1.0,8
c1_block_cont_01__c1_cross_clear_03,cross,c1_block_cont_01,c1_cross_clear_03,block_or_occupancy,cross,block_cont,cross_clear,0,0.0,0.355724,0.300536,0.300536,1.0,8
c1_block_cont_01__c1_cross_clear_04,cross,c1_block_cont_01,c1_cross_clear_04,block_or_occupancy,cross,block_cont,cross_clear,0,0.0,0.317564,0.279395,0.279395,1.0,8
c1_block_cont_01__c1_cross_clear_05,cross,c1_block_cont_01,c1_cross_clear_05,block_or_occupancy,cross,block_cont,cross_clear,0,1.0,0.372242,0.300886,0.300886,1.0,8
c1_block_cont_01__c1_cross_clear_06,cross,c1_block_cont_01,c1_cross_clear_06,block_or_occupancy,cross,block_cont,cross_clear,0,1.0,0.294681,0.267007,0.267007,1.0,8
c1_block_cont_01__c1_cross_clear_07,cross,c1_block_cont_01,c1_cross_clear_07,block_or_occupancy,cross,block_cont,cross_clear,0,2.0,0.263197,0.181415,0.181415,1.0,8
c1_block_cont_01__c1_cross_clear_08,cross,c1_block_cont_01,c1_cross_clear_08,block_or_occupancy,cross,block_cont,cross_clear,0,2.0,0.127834,0.116207,0.116207,1.0,8
c1_block_cont_01__c1_cross_stall_01,cross,c1_block_cont_01,c1_cross_stall_01,block_or_occupancy,cross,block_cont,cross_stall,0,0.0,0.352311,0.288732,0.288732,1.0,8
c1_block_cont_01__c1_cross_stall_02,cross,c1_block_cont_01,c1_cross_stall_02,block_or_occupancy,cross,block_cont,cross_stall,0,0.0,0.363225,0.296258,0.296258,1.0,8
c1_block_cont_01__c1_cross_stall_03,cross,c1_block_cont_01,c1_cross_stall_03,block_or_occupancy,cross,block_cont,cross_stall,0,0.0,0.369343,0.299667,0.299667,1.0,8
c1_block_cont_01__c1_cross_stall_04,cross,c1_block_cont_01,c1_cross_stall_04,block_or_occupancy,cross,block_cont,cross_stall,0,1.0,0.362314,0.294578,0.294578,1.0,8
c1_block_cont_01__c1_cross_stall_05,cross,c1_block_cont_01,c1_cross_stall_05,block_or_occupancy,cross,block_cont,cross_stall,0,1.0,0.363642,0.295294,0.295294,1.0,8
c1_block_cont_01__c1_cross_stall_06,cross,c1_block_cont_01,c1_cross_stall_06,block_or_occupancy,cross,block_cont,cross_stall,0,1.0,0.340422,0.275928,0.275928,1.0,8
c1_block_cont_01__c1_cross_stall_07,cross,c1_block_cont_01,c1_cross_stall_07,block_or_occupancy,cross,block_cont,cross_stall,0,2.0,0.328268,0.237828,0.237828,1.0,8
c1_block_cont_01__c1_cross_stall_08,cross,c1_block_cont_01,c1_cross_stall_08,block_or_occupancy,cross,block_cont,cross_stall,0,2.0,0.334253,0.256518,0.256518,1.0,8
c1_block_cont_01__c1_cross_stall_occ_01,cross,c1_block_cont_01,c1_cross_stall_occ_01,block_or_occupancy,cross,block_cont,cross_stall_occ,0,0.0,0.050927,0.024861,0.024861,1.0,8
c1_block_cont_01__c1_cross_stall_occ_02,cross,c1_block_cont_01,c1_cross_stall_occ_02,block_or_occupancy,cross,block_cont,cross_stall_occ,0,0.0,0.052159,0.025492,0.025492,1.0,8
c1_block_cont_01__c1_cross_stall_occ_03,cross,c1_block_cont_01,c1_cross_stall_occ_03,block_or_occupancy,cross,block_cont,cross_stall_occ,0,1.0,0.086735,0.036384,0.036384,1.0,8
c1_block_cont_01__c1_cross_stall_occ_04,cross,c1_block_cont_01,c1_cross_stall_occ_04,block_or_occupancy,cross,block_cont,cross_stall_occ,0,1.0,0.088373,0.037136,0.037136,1.0,8
c1_block_cont_01__c1_cross_stall_occ_05,cross,c1_block_cont_01,c1_cross_stall_occ_05,block_or_occupancy,cross,block_cont,cross_stall_occ,0,2.0,0.060216,0.024955,0.024955,1.0,8
c1_block_cont_01__c1_cross_stall_occ_06,cross,c1_block_cont_01,c1_cross_stall_occ_06,block_or_occupancy,cross,block_cont,cross_stall_occ,0,2.0,0.036136,0.012581,0.012581,1.0,8
c1_block_cont_01__c1_cross_stall_occ_07,cross,c1_block_cont_01,c1_cross_stall_occ_07,block_or_occupancy,cross,block_cont,cross_stall_occ,0,0.0,0.088584,0.046126,0.046126,1.0,8
c1_block_cont_01__c1_cross_stall_occ_08,cross,c1_block_cont_01,c1_cross_stall_occ_08,block_or_occupancy,cross,block_cont,cross_stall_occ,0,1.0,0.112514,0.05807,0.05807,1.0,8
c1_block_cont_01__c1_lead_cont_01,cross,c1_block_cont_01,c1_lead_cont_01,block_or_occupancy,lead,block_cont,lead_cont,0,0.0,0.062867,0.031457,0.031457,1.0,8
c1_block_cont_01__c1_lead_cont_02,cross,c1_block_cont_01,c1_lead_cont_02,block_or_occupancy,lead,block_cont,lead_cont,0,0.0,0.091372,0.047257,0.047257,1.0,8
c1_block_cont_01__c1_lead_cont_03,cross,c1_block_cont_01,c1_lead_cont_03,block_or_occupancy,lead,block_cont,lead_cont,0,1.0,0.112584,0.057394,0.057394,1.0,8
c1_block_cont_01__c1_lead_cont_04,cross,c1_block_cont_01,c1_lead_cont_04,block_or_occupancy,lead,block_cont,lead_cont,0,1.0,0.129177,0.060152,0.060152,1.0,8
c1_block_cont_01__c1_lead_cont_05,cross,c1_block_cont_01,c1_lead_cont_05,block_or_occupancy,lead,block_cont,lead_cont,0,2.0,0.089821,0.043883,0.043883,1.0,8
c1_block_cont_01__c1_lead_cont_06,cross,c1_block_cont_01,c1_lead_cont_06,block_or_occupancy,lead,block_cont,lead_cont,0,2.0,0.093296,0.045557,0.045557,1.0,8
c1_block_cont_01__c1_lead_cont_07,cross,c1_block_cont_01,c1_lead_cont_07,block_or_occupancy,lead,block_cont,lead_cont,0,3.0,0.084424,0.041369,0.041369,1.0,8
c1_block_cont_01__c1_lead_cont_08,cross,c1_block_cont_01,c1_lead_cont_08,block_or_occupancy,lead,block_cont,lead_cont,0,3.0,0.097812,0.043784,0.043784,1.0,8
c1_block_cont_01__c1_lead_nec_01,cross,c1_block_cont_01,c1_lead_nec_01,block_or_occupancy,lead,block_cont,lead_nec,0,0.0,0.38005,0.305632,0.305632,1.0,8
c1_block_cont_01__c1_lead_nec_02,cross,c1_block_cont_01,c1_lead_nec_02,block_or_occupancy,lead,block_cont,lead_nec,0,0.0,0.408556,0.320824,0.320824,1.0,8
c1_block_cont_01__c1_lead_nec_03,cross,c1_block_cont_01,c1_lead_nec_03,block_or_occupancy,lead,block_cont,lead_nec,0,1.0,0.368138,0.297889,0.297889,1.0,8
c1_block_cont_01__c1_lead_nec_04,cross,c1_block_cont_01,c1_lead_nec_04,block_or_occupancy,lead,block_cont,lead_nec,0,1.0,0.399434,0.315488,0.315488,1.0,8
c1_block_cont_01__c1_lead_nec_05,cross,c1_block_cont_01,c1_lead_nec_05,block_or_occupancy,lead,block_cont,lead_nec,0,2.0,0.394531,0.312054,0.312054,1.0,8
c1_block_cont_01__c1_lead_nec_06,cross,c1_block_cont_01,c1_lead_nec_06,block_or_occupancy,lead,block_cont,lead_nec,0,2.0,0.398006,0.313728,0.313728,1.0,8
c1_block_cont_01__c1_lead_nec_07,cross,c1_block_cont_01,c1_lead_nec_07,block_or_occupancy,lead,block_cont,lead_nec,0,3.0,0.355941,0.282615,0.282615,1.0,8
c1_block_cont_01__c1_lead_nec_08,cross,c1_block_cont_01,c1_lead_nec_08,block_or_occupancy,lead,block_cont,lead_nec,0,3.0,0.391678,0.309354,0.309354,1.0,8
c1_block_cont_01__c1_lead_opt_01,cross,c1_block_cont_01,c1_lead_opt_01,block_or_occupancy,lead,block_cont,lead_opt,0,0.0,0.397895,0.317321,0.317321,1.0,8
c1_block_cont_01__c1_lead_opt_02,cross,c1_block_cont_01,c1_lead_opt_02,block_or_occupancy,lead,block_cont,lead_opt,0,0.0,0.406921,0.321869,0.321869,1.0,8
c1_block_cont_01__c1_lead_opt_03,cross,c1_block_cont_01,c1_lead_opt_03,block_or_occupancy,lead,block_cont,lead_opt,0,1.0,0.401836,0.319135,0.319135,1.0,8
c1_block_cont_01__c1_lead_opt_04,cross,c1_block_cont_01,c1_lead_opt_04,block_or_occupancy,lead,block_cont,lead_opt,0,1.0,0.384905,0.309657,0.309657,1.0,8
c1_block_cont_01__c1_lead_opt_05,cross,c1_block_cont_01,c1_lead_opt_05,block_or_occupancy,lead,block_cont,lead_opt,0,2.0,0.383791,0.308469,0.308469,1.0,8
c1_block_cont_01__c1_lead_opt_06,cross,c1_block_cont_01,c1_lead_opt_06,block_or_occupancy,lead,block_cont,lead_opt,0,2.0,0.373498,0.301622,0.301622,1.0,8
c1_block_cont_01__c1_lead_opt_07,cross,c1_block_cont_01,c1_lead_opt_07,block_or_occupancy,lead,block_cont,lead_opt,0,3.0,0.360945,0.27312,0.27312,1.0,8
c1_block_cont_01__c1_lead_opt_08,cross,c1_block_cont_01,c1_lead_opt_08,block_or_occupancy,lead,block_cont,lead_opt,0,3.0,0.382982,0.300953,0.300953,1.0,8
c1_block_cont_02__c1_cross_clear_01,cross,c1_block_cont_02,c1_cross_clear_01,block_or_occupancy,cross,block_cont,cross_clear,0,0.0,0.316839,0.278802,0.278802,1.0,8
c1_block_cont_02__c1_cross_clear_02,cross,c1_block_cont_02,c1_cross_clear_02,block_or_occupancy,cross,block_cont,cross_clear,0,0.0,0.251708,0.249307,0.249307,1.0,8
c1_block_cont_02__c1_cross_clear_03,cross,c1_block_cont_02,c1_cross_clear_03,block_or_occupancy,cross,block_cont,cross_clear,0,0.0,0.348285,0.28918,0.28918,1.0,8
c1_block_cont_02__c1_cross_clear_04,cross,c1_block_cont_02,c1_cross_clear_04,block_or_occupancy,cross,block_cont,cross_clear,0,0.0,0.310125,0.268038,0.268038,1.0,8
c1_block_cont_02__c1_cross_clear_05,cross,c1_block_cont_02,c1_cross_clear_05,block_or_occupancy,cross,block_cont,cross_clear,0,1.0,0.364803,0.289529,0.289529,1.0,8
c1_block_cont_02__c1_cross_clear_06,cross,c1_block_cont_02,c1_cross_clear_06,block_or_occupancy,cross,block_cont,cross_clear,0,1.0,0.287242,0.255651,0.255651,1.0,8
c1_block_cont_02__c1_cross_clear_07,cross,c1_block_cont_02,c1_cross_clear_07,block_or_occupancy,cross,block_cont,cross_clear,0,2.0,0.260004,0.176925,0.176925,1.0,8
c1_block_cont_02__c1_cross_clear_08,cross,c1_block_cont_02,c1_cross_clear_08,block_or_occupancy,cross,block_cont,cross_clear,0,2.0,0.14465,0.125311,0.125311,1.0,8
c1_block_cont_02__c1_cross_stall_01,cross,c1_block_cont_02,c1_cross_stall_01,block_or_occupancy,cross,block_cont,cross_stall,0,0.0,0.344872,0.277375,0.277375,1.0,8
c1_block_cont_02__c1_cross_stall_02,cross,c1_block_cont_02,c1_cross_stall_02,block_or_occupancy,cross,block_cont,cross_stall,0,0.0,0.355786,0.284902,0.284902,1.0,8
c1_block_cont_02__c1_cross_stall_03,cross,c1_block_cont_02,c1_cross_stall_03,block_or_occupancy,cross,block_cont,cross_stall,0,0.0,0.361903,0.28831,0.28831,1.0,8
c1_block_cont_02__c1_cross_stall_04,cross,c1_block_cont_02,c1_cross_stall_04,block_or_occupancy,cross,block_cont,cross_stall,0,1.0,0.354875,0.283222,0.283222,1.0,8
c1_block_cont_02__c1_cross_stall_05,cross,c1_block_cont_02,c1_cross_stall_05,block_or_occupancy,cross,block_cont,cross_stall,0,1.0,0.356203,0.283938,0.283938,1.0,8
c1_block_cont_02__c1_cross_stall_06,cross,c1_block_cont_02,c1_cross_stall_06,block_or_occupancy,cross,block_cont,cross_stall,0,1.0,0.342183,0.273138,0.273138,1.0,8
c1_block_cont_02__c1_cross_stall_07,cross,c1_block_cont_02,c1_cross_stall_07,block_or_occupancy,cross,block_cont,cross_stall,0,2.0,0.35479,0.24893,0.24893,1.0,8
c1_block_cont_02__c1_cross_stall_08,cross,c1_block_cont_02,c1_cross_stall_08,block_or_occupancy,cross,block_cont,cross_stall,0,2.0,0.338463,0.256555,0.256555,1.0,8
c1_block_cont_02__c1_cross_stall_occ_01,cross,c1_block_cont_02,c1_cross_stall_occ_01,block_or_occupancy,cross,block_cont,cross_stall_occ,0,0.0,0.023144,0.013505,0.013505,1.0,8
c1_block_cont_02__c1_cross_stall_occ_02,cross,c1_block_cont_02,c1_cross_stall_occ_02,block_or_occupancy,cross,block_cont,cross_stall_occ,0,0.0,0.024377,0.014135,0.014135,1.0,8
c1_block_cont_02__c1_cross_stall_occ_03,cross,c1_block_cont_02,c1_cross_stall_occ_03,block_or_occupancy,cross,block_cont,cross_stall_occ,0,1.0,0.058952,0.02506,0.02506,1.0,8
c1_block_cont_02__c1_cross_stall_occ_04,cross,c1_block_cont_02,c1_cross_stall_occ_04,block_or_occupancy,cross,block_cont,cross_stall_occ,0,1.0,0.06059,0.025812,0.025812,1.0,8
c1_block_cont_02__c1_cross_stall_occ_05,cross,c1_block_cont_02,c1_cross_stall_occ_05,block_or_occupancy,cross,block_cont,cross_stall_occ,0,2.0,0.058234,0.032185,0.032185,1.0,8
c1_block_cont_02__c1_cross_stall_occ_06,cross,c1_block_cont_02,c1_cross_stall_occ_06,block_or_occupancy,cross,block_cont,cross_stall_occ,0,2.0,0.018562,0.011398,0.011398,1.0,8
c1_block_cont_02__c1_cross_stall_occ_07,cross,c1_block_cont_02,c1_cross_stall_occ_07,block_or_occupancy,cross,block_cont,cross_stall_occ,0,0.0,0.068464,0.03477,0.03477,1.0,8
c1_block_cont_02__c1_cross_stall_occ_08,cross,c1_block_cont_02,c1_cross_stall_occ_08,block_or_occupancy,cross,block_cont,cross_stall_occ,0,1.0,0.093904,0.046714,0.046714,1.0,8
c1_block_cont_02__c1_lead_cont_01,cross,c1_block_cont_02,c1_lead_cont_01,block_or_occupancy,lead,block_cont,lead_cont,0,0.0,0.035084,0.0201,0.0201,1.0,8
c1_block_cont_02__c1_lead_cont_02,cross,c1_block_cont_02,c1_lead_cont_02,block_or_occupancy,lead,block_cont,lead_cont,0,0.0,0.06359,0.035901,0.035901,1.0,8
c1_block_cont_02__c1_lead_cont_03,cross,c1_block_cont_02,c1_lead_cont_03,block_or_occupancy,lead,block_cont,lead_cont,0,1.0,0.093974,0.046037,0.046037,1.0,8
c1_block_cont_02__c1_lead_cont_04,cross,c1_block_cont_02,c1_lead_cont_04,block_or_occupancy,lead,block_cont,lead_cont,0,1.0,0.101394,0.048795,0.048795,1.0,8
c1_block_cont_02__c1_lead_cont_05,cross,c1_block_cont_02,c1_lead_cont_05,block_or_occupancy,lead,block_cont,lead_cont,0,2.0,0.062038,0.032526,0.032526,1.0,8
c1_block_cont_02__c1_lead_cont_06,cross,c1_block_cont_02,c1_lead_cont_06,block_or_occupancy,lead,block_cont,lead_cont,0,2.0,0.065513,0.034201,0.034201,1.0,8
c1_block_cont_02__c1_lead_cont_07,cross,c1_block_cont_02,c1_lead_cont_07,block_or_occupancy,lead,block_cont,lead_cont,0,3.0,0.066633,0.032167,0.032167,1.0,8
c1_block_cont_02__c1_lead_cont_08,cross,c1_block_cont_02,c1_lead_cont_08,block_or_occupancy,lead,block_cont,lead_cont,0,3.0,0.070029,0.032428,0.032428,1.0,8
c1_block_cont_02__c1_lead_nec_01,cross,c1_block_cont_02,c1_lead_nec_01,block_or_occupancy,lead,block_cont,lead_nec,0,0.0,0.372611,0.294275,0.294275,1.0,8
c1_block_cont_02__c1_lead_nec_02,cross,c1_block_cont_02,c1_lead_nec_02,block_or_occupancy,lead,block_cont,lead_nec,0,0.0,0.401117,0.309467,0.309467,1.0,8
c1_block_cont_02__c1_lead_nec_03,cross,c1_block_cont_02,c1_lead_nec_03,block_or_occupancy,lead,block_cont,lead_nec,0,1.0,0.360699,0.286532,0.286532,1.0,8
c1_block_cont_02__c1_lead_nec_04,cross,c1_block_cont_02,c1_lead_nec_04,block_or_occupancy,lead,block_cont,lead_nec,0,1.0,0.391995,0.304131,0.304131,1.0,8
c1_block_cont_02__c1_lead_nec_05,cross,c1_block_cont_02,c1_lead_nec_05,block_or_occupancy,lead,block_cont,lead_nec,0,2.0,0.387092,0.300697,0.300697,1.0,8
c1_block_cont_02__c1_lead_nec_06,cross,c1_block_cont_02,c1_lead_nec_06,block_or_occupancy,lead,block_cont,lead_nec,0,2.0,0.390567,0.302372,0.302372,1.0,8
c1_block_cont_02__c1_lead_nec_07,cross,c1_block_cont_02,c1_lead_nec_07,block_or_occupancy,lead,block_cont,lead_nec,0,3.0,0.349321,0.27341,0.27341,1.0,8
c1_block_cont_02__c1_lead_nec_08,cross,c1_block_cont_02,c1_lead_nec_08,block_or_occupancy,lead,block_cont,lead_nec,0,3.0,0.384238,0.297997,0.297997,1.0,8
c1_block_cont_02__c1_lead_opt_01,cross,c1_block_cont_02,c1_lead_opt_01,block_or_occupancy,lead,block_cont,lead_opt,0,0.0,0.390456,0.305964,0.305964,1.0,8
c1_block_cont_02__c1_lead_opt_02,cross,c1_block_cont_02,c1_lead_opt_02,block_or_occupancy,lead,block_cont,lead_opt,0,0.0,0.399482,0.310512,0.310512,1.0,8
c1_block_cont_02__c1_lead_opt_03,cross,c1_block_cont_02,c1_lead_opt_03,block_or_occupancy,lead,block_cont,lead_opt,0,1.0,0.394397,0.307778,0.307778,1.0,8
c1_block_cont_02__c1_lead_opt_04,cross,c1_block_cont_02,c1_lead_opt_04,block_or_occupancy,lead,block_cont,lead_opt,0,1.0,0.377466,0.298301,0.298301,1.0,8
c1_block_cont_02__c1_lead_opt_05,cross,c1_block_cont_02,c1_lead_opt_05,block_or_occupancy,lead,block_cont,lead_opt,0,2.0,0.376352,0.297113,0.297113,1.0,8
c1_block_cont_02__c1_lead_opt_06,cross,c1_block_cont_02,c1_lead_opt_06,block_or_occupancy,lead,block_cont,lead_opt,0,2.0,0.366059,0.290266,0.290266,1.0,8
c1_block_cont_02__c1_lead_opt_07,cross,c1_block_cont_02,c1_lead_opt_07,block_or_occupancy,lead,block_cont,lead_opt,0,3.0,0.358277,0.266326,0.266326,1.0,8
c1_block_cont_02__c1_lead_opt_08,cross,c1_block_cont_02,c1_lead_opt_08,block_or_occupancy,lead,block_cont,lead_opt,0,3.0,0.375543,0.289596,0.289596,1.0,8
c1_block_cont_03__c1_cross_clear_01,cross,c1_block_cont_03,c1_cross_clear_01,block_or_occupancy,cross,block_cont,cross_clear,0,1.0,0.301889,0.275418,0.275418,1.0,8
c1_block_cont_03__c1_cross_clear_02,cross,c1_block_cont_03,c1_cross_clear_02,block_or_occupancy,cross,block_cont,cross_clear,0,1.0,0.239251,0.247962,0.247962,1.0,8
c1_block_cont_03__c1_cross_clear_03,cross,c1_block_cont_03,c1_cross_clear_03,block_or_occupancy,cross,block_cont,cross_clear,0,1.0,0.325883,0.285795,0.285795,1.0,8
c1_block_cont_03__c1_cross_clear_04,cross,c1_block_cont_03,c1_cross_clear_04,block_or_occupancy,cross,block_cont,cross_clear,0,1.0,0.287723,0.266253,0.266253,1.0,8
c1_block_cont_03__c1_cross_clear_05,cross,c1_block_cont_03,c1_cross_clear_05,block_or_occupancy,cross,block_cont,cross_clear,0,0.0,0.336458,0.286145,0.286145,1.0,8
c1_block_cont_03__c1_cross_clear_06,cross,c1_block_cont_03,c1_cross_clear_06,block_or_occupancy,cross,block_cont,cross_clear,0,0.0,0.258898,0.253628,0.253628,1.0,8
c1_block_cont_03__c1_cross_clear_07,cross,c1_block_cont_03,c1_cross_clear_07,block_or_occupancy,cross,block_cont,cross_clear,0,1.0,0.221956,0.158797,0.158797,1.0,8
c1_block_cont_03__c1_cross_clear_08,cross,c1_block_cont_03,c1_cross_clear_08,block_or_occupancy,cross,block_cont,cross_clear,0,1.0,0.10538,0.101234,0.101234,1.0,8
c1_block_cont_03__c1_cross_stall_01,cross,c1_block_cont_03,c1_cross_stall_01,block_or_occupancy,cross,block_cont,cross_stall,0,1.0,0.316527,0.273991,0.273991,1.0,8
c1_block_cont_03__c1_cross_stall_02,cross,c1_block_cont_03,c1_cross_stall_02,block_or_occupancy,cross,block_cont,cross_stall,0,1.0,0.327441,0.281517,0.281517,1.0,8
c1_block_cont_03__c1_cross_stall_03,cross,c1_block_cont_03,c1_cross_stall_03,block_or_occupancy,cross,block_cont,cross_stall,0,1.0,0.333559,0.284926,0.284926,1.0,8
c1_block_cont_03__c1_cross_stall_04,cross,c1_block_cont_03,c1_cross_stall_04,block_or_occupancy,cross,block_cont,cross_stall,0,0.0,0.32653,0.279837,0.279837,1.0,8
c1_block_cont_03__c1_cross_stall_05,cross,c1_block_cont_03,c1_cross_stall_05,block_or_occupancy,cross,block_cont,cross_stall,0,0.0,0.327858,0.280553,0.280553,1.0,8
c1_block_cont_03__c1_cross_stall_06,cross,c1_block_cont_03,c1_cross_stall_06,block_or_occupancy,cross,block_cont,cross_stall,0,0.0,0.304638,0.261187,0.261187,1.0,8
c1_block_cont_03__c1_cross_stall_07,cross,c1_block_cont_03,c1_cross_stall_07,block_or_occupancy,cross,block_cont,cross_stall,0,1.0,0.287282,0.219704,0.219704,1.0,8
c1_block_cont_03__c1_cross_stall_08,cross,c1_block_cont_03,c1_cross_stall_08,block_or_occupancy,cross,block_cont,cross_stall,0,1.0,0.298469,0.241211,0.241211,1.0,8
c1_block_cont_03__c1_cross_stall_occ_01,cross,c1_block_cont_03,c1_cross_stall_occ_01,block_or_occupancy,cross,block_cont,cross_stall_occ,0,1.0,0.09796,0.059709,0.059709,1.0,8
c1_block_cont_03__c1_cross_stall_occ_02,cross,c1_block_cont_03,c1_cross_stall_occ_02,block_or_occupancy,cross,block_cont,cross_stall_occ,0,1.0,0.099192,0.060339,0.060339,1.0,8
c1_block_cont_03__c1_cross_stall_occ_03,cross,c1_block_cont_03,c1_cross_stall_occ_03,block_or_occupancy,cross,block_cont,cross_stall_occ,0,0.0,0.057819,0.033543,0.033543,1.0,8
c1_block_cont_03__c1_cross_stall_occ_04,cross,c1_block_cont_03,c1_cross_stall_occ_04,block_or_occupancy,cross,block_cont,cross_stall_occ,0,0.0,0.059457,0.034295,0.034295,1.0,8
c1_block_cont_03__c1_cross_stall_occ_05,cross,c1_block_cont_03,c1_cross_stall_occ_05,block_or_occupancy,cross,block_cont,cross_stall_occ,0,1.0,0.09547,0.045061,0.045061,1.0,8
c1_block_cont_03__c1_cross_stall_occ_06,cross,c1_block_cont_03,c1_cross_stall_occ_06,block_or_occupancy,cross,block_cont,cross_stall_occ,0,1.0,0.076139,0.038187,0.038187,1.0,8
c1_block_cont_03__c1_cross_stall_occ_07,cross,c1_block_cont_03,c1_cross_stall_occ_07,block_or_occupancy,cross,block_cont,cross_stall_occ,0,1.0,0.11264,0.07373,0.07373,1.0,8
c1_block_cont_03__c1_cross_stall_occ_08,cross,c1_block_cont_03,c1_cross_stall_occ_08,block_or_occupancy,cross,block_cont,cross_stall_occ,0,0.0,0.067384,0.044275,0.044275,1.0,8
c1_block_cont_03__c1_lead_cont_01,cross,c1_block_cont_03,c1_lead_cont_01,block_or_occupancy,lead,block_cont,lead_cont,0,1.0,0.1099,0.066304,0.066304,1.0,8
c1_block_cont_03__c1_lead_cont_02,cross,c1_block_cont_03,c1_lead_cont_02,block_or_occupancy,lead,block_cont,lead_cont,0,1.0,0.138406,0.081731,0.081731,1.0,8
c1_block_cont_03__c1_lead_cont_03,cross,c1_block_cont_03,c1_lead_cont_03,block_or_occupancy,lead,block_cont,lead_cont,0,0.0,0.068843,0.04505,0.04505,1.0,8
c1_block_cont_03__c1_lead_cont_04,cross,c1_block_cont_03,c1_lead_cont_04,block_or_occupancy,lead,block_cont,lead_cont,0,0.0,0.100262,0.05731,0.05731,1.0,8
c1_block_cont_03__c1_lead_cont_05,cross,c1_block_cont_03,c1_lead_cont_05,block_or_occupancy,lead,block_cont,lead_cont,0,1.0,0.129824,0.0699,0.0699,1.0,8
c1_block_cont_03__c1_lead_cont_06,cross,c1_block_cont_03,c1_lead_cont_06,block_or_occupancy,lead,block_cont,lead_cont,0,1.0,0.133298,0.071574,0.071574,1.0,8
c1_block_cont_03__c1_lead_cont_07,cross,c1_block_cont_03,c1_lead_cont_07,block_or_occupancy,lead,block_cont,lead_cont,0,2.0,0.072807,0.042039,0.042039,1.0,8
c1_block_cont_03__c1_lead_cont_08,cross,c1_block_cont_03,c1_lead_cont_08,block_or_occupancy,lead,block_cont,lead_cont,0,2.0,0.116126,0.062195,0.062195,1.0,8
c1_block_cont_03__c1_lead_nec_01,cross,c1_block_cont_03,c1_lead_nec_01,block_or_occupancy,lead,block_cont,lead_nec,0,1.0,0.344266,0.290891,0.290891,1.0,8
c1_block_cont_03__c1_lead_nec_02,cross,c1_block_cont_03,c1_lead_nec_02,block_or_occupancy,lead,block_cont,lead_nec,0,1.0,0.372772,0.306083,0.306083,1.0,8
c1_block_cont_03__c1_lead_nec_03,cross,c1_block_cont_03,c1_lead_nec_03,block_or_occupancy,lead,block_cont,lead_nec,0,0.0,0.332355,0.283148,0.283148,1.0,8
c1_block_cont_03__c1_lead_nec_04,cross,c1_block_cont_03,c1_lead_nec_04,block_or_occupancy,lead,block_cont,lead_nec,0,0.0,0.36365,0.300747,0.300747,1.0,8
c1_block_cont_03__c1_lead_nec_05,cross,c1_block_cont_03,c1_lead_nec_05,block_or_occupancy,lead,block_cont,lead_nec,0,1.0,0.358747,0.297313,0.297313,1.0,8
c1_block_cont_03__c1_lead_nec_06,cross,c1_block_cont_03,c1_lead_nec_06,block_or_occupancy,lead,block_cont,lead_nec,0,1.0,0.362222,0.298987,0.298987,1.0,8
c1_block_cont_03__c1_lead_nec_07,cross,c1_block_cont_03,c1_lead_nec_07,block_or_occupancy,lead,block_cont,lead_nec,0,2.0,0.320157,0.267841,0.267841,1.0,8
c1_block_cont_03__c1_lead_nec_08,cross,c1_block_cont_03,c1_lead_nec_08,block_or_occupancy,lead,block_cont,lead_nec,0,2.0,0.355894,0.294613,0.294613,1.0,8
c1_block_cont_03__c1_lead_opt_01,cross,c1_block_cont_03,c1_lead_opt_01,block_or_occupancy,lead,block_cont,lead_opt,0,1.0,0.362111,0.30258,0.30258,1.0,8
c1_block_cont_03__c1_lead_opt_02,cross,c1_block_cont_03,c1_lead_opt_02,block_or_occupancy,lead,block_cont,lead_opt,0,1.0,0.371137,0.307128,0.307128,1.0,8
c1_block_cont_03__c1_lead_opt_03,cross,c1_block_cont_03,c1_lead_opt_03,block_or_occupancy,lead,block_cont,lead_opt,0,0.0,0.366052,0.304394,0.304394,1.0,8
c1_block_cont_03__c1_lead_opt_04,cross,c1_block_cont_03,c1_lead_opt_04,block_or_occupancy,lead,block_cont,lead_opt,0,0.0,0.349121,0.294916,0.294916,1.0,8
c1_block_cont_03__c1_lead_opt_05,cross,c1_block_cont_03,c1_lead_opt_05,block_or_occupancy,lead,block_cont,lead_opt,0,1.0,0.348008,0.293728,0.293728,1.0,8
c1_block_cont_03__c1_lead_opt_06,cross,c1_block_cont_03,c1_lead_opt_06,block_or_occupancy,lead,block_cont,lead_opt,0,1.0,0.337714,0.286881,0.286881,1.0,8
c1_block_cont_03__c1_lead_opt_07,cross,c1_block_cont_03,c1_lead_opt_07,block_or_occupancy,lead,block_cont,lead_opt,0,2.0,0.325161,0.258379,0.258379,1.0,8
c1_block_cont_03__c1_lead_opt_08,cross,c1_block_cont_03,c1_lead_opt_08,block_or_occupancy,lead,block_cont,lead_opt,0,2.0,0.347198,0.286212,0.286212,1.0,8
c1_block_cont_04__c1_cross_clear_01,cross,c1_block_cont_04,c1_cross_clear_01,block_or_occupancy,cross,block_cont,cross_clear,0,1.0,0.312787,0.277988,0.277988,1.0,8
c1_block_cont_04__c1_cross_clear_02,cross,c1_block_cont_04,c1_cross_clear_02,block_or_occupancy,cross,block_cont,cross_clear,0,1.0,0.247655,0.249444,0.249444,1.0,8
c1_block_cont_04__c1_cross_clear_03,cross,c1_block_cont_04,c1_cross_clear_03,block_or_occupancy,cross,block_cont,cross_clear,0,1.0,0.344232,0.288366,0.288366,1.0,8
c1_block_cont_04__c1_cross_clear_04,cross,c1_block_cont_04,c1_cross_clear_04,block_or_occupancy,cross,block_cont,cross_clear,0,1.0,0.306073,0.268828,0.268828,1.0,8
c1_block_cont_04__c1_cross_clear_05,cross,c1_block_cont_04,c1_cross_clear_05,block_or_occupancy,cross,block_cont,cross_clear,0,0.0,0.360751,0.288715,0.288715,1.0,8
c1_block_cont_04__c1_cross_clear_06,cross,c1_block_cont_04,c1_cross_clear_06,block_or_occupancy,cross,block_cont,cross_clear,0,0.0,0.28319,0.254837,0.254837,1.0,8
c1_block_cont_04__c1_cross_clear_07,cross,c1_block_cont_04,c1_cross_clear_07,block_or_occupancy,cross,block_cont,cross_clear,0,1.0,0.25061,0.157542,0.157542,1.0,8
c1_block_cont_04__c1_cross_clear_08,cross,c1_block_cont_04,c1_cross_clear_08,block_or_occupancy,cross,block_cont,cross_clear,0,1.0,0.127865,0.11204,0.11204,1.0,8
c1_block_cont_04__c1_cross_stall_01,cross,c1_block_cont_04,c1_cross_stall_01,block_or_occupancy,cross,block_cont,cross_stall,0,1.0,0.34082,0.276561,0.276561,1.0,8
c1_block_cont_04__c1_cross_stall_02,cross,c1_block_cont_04,c1_cross_stall_02,block_or_occupancy,cross,block_cont,cross_stall,0,1.0,0.351733,0.284088,0.284088,1.0,8
c1_block_cont_04__c1_cross_stall_03,cross,c1_block_cont_04,c1_cross_stall_03,block_or_occupancy,cross,block_cont,cross_stall,0,1.0,0.357851,0.287496,0.287496,1.0,8
c1_block_cont_04__c1_cross_stall_04,cross,c1_block_cont_04,c1_cross_stall_04,block_or_occupancy,cross,block_cont,cross_stall,0,0.0,0.350822,0.282407,0.282407,1.0,8
c1_block_cont_04__c1_cross_stall_05,cross,c1_block_cont_04,c1_cross_stall_05,block_or_occupancy,cross,block_cont,cross_stall,0,0.0,0.35215,0.283124,0.283124,1.0,8
c1_block_cont_04__c1_cross_stall_06,cross,c1_block_cont_04,c1_cross_stall_06,block_or_occupancy,cross,block_cont,cross_stall,0,0.0,0.32893,0.263757,0.263757,1.0,8
c1_block_cont_04__c1_cross_stall_07,cross,c1_block_cont_04,c1_cross_stall_07,block_or_occupancy,cross,block_cont,cross_stall,0,1.0,0.338503,0.240359,0.240359,1.0,8
c1_block_cont_04__c1_cross_stall_08,cross,c1_block_cont_04,c1_cross_stall_08,block_or_occupancy,cross,block_cont,cross_stall,0,1.0,0.324275,0.246086,0.246086,1.0,8
c1_block_cont_04__c1_cross_stall_occ_01,cross,c1_block_cont_04,c1_cross_stall_occ_01,block_or_occupancy,cross,block_cont,cross_stall_occ,0,1.0,0.064377,0.038844,0.038844,1.0,8
c1_block_cont_04__c1_cross_stall_occ_02,cross,c1_block_cont_04,c1_cross_stall_occ_02,block_or_occupancy,cross,block_cont,cross_stall_occ,0,1.0,0.06561,0.039474,0.039474,1.0,8
c1_block_cont_04__c1_cross_stall_occ_03,cross,c1_block_cont_04,c1_cross_stall_occ_03,block_or_occupancy,cross,block_cont,cross_stall_occ,0,0.0,0.029953,0.012678,0.012678,1.0,8
c1_block_cont_04__c1_cross_stall_occ_04,cross,c1_block_cont_04,c1_cross_stall_occ_04,block_or_occupancy,cross,block_cont,cross_stall_occ,0,0.0,0.031591,0.01343,0.01343,1.0,8
c1_block_cont_04__c1_cross_stall_occ_05,cross,c1_block_cont_04,c1_cross_stall_occ_05,block_or_occupancy,cross,block_cont,cross_stall_occ,0,1.0,0.064101,0.039657,0.039657,1.0,8
c1_block_cont_04__c1_cross_stall_occ_06,cross,c1_block_cont_04,c1_cross_stall_occ_06,block_or_occupancy,cross,block_cont,cross_stall_occ,0,1.0,0.025506,0.018758,0.018758,1.0,8
c1_block_cont_04__c1_cross_stall_occ_07,cross,c1_block_cont_04,c1_cross_stall_occ_07,block_or_occupancy,cross,block_cont,cross_stall_occ,0,1.0,0.109698,0.059439,0.059439,1.0,8
c1_block_cont_04__c1_cross_stall_occ_08,cross,c1_block_cont_04,c1_cross_stall_occ_08,block_or_occupancy,cross,block_cont,cross_stall_occ,0,0.0,0.073751,0.03294,0.03294,1.0,8
c1_block_cont_04__c1_lead_cont_01,cross,c1_block_cont_04,c1_lead_cont_01,block_or_occupancy,lead,block_cont,lead_cont,0,1.0,0.076317,0.045439,0.045439,1.0,8
c1_block_cont_04__c1_lead_cont_02,cross,c1_block_cont_04,c1_lead_cont_02,block_or_occupancy,lead,block_cont,lead_cont,0,1.0,0.104823,0.060865,0.060865,1.0,8
c1_block_cont_04__c1_lead_cont_03,cross,c1_block_cont_04,c1_lead_cont_03,block_or_occupancy,lead,block_cont,lead_cont,0,0.0,0.070713,0.032023,0.032023,1.0,8
c1_block_cont_04__c1_lead_cont_04,cross,c1_block_cont_04,c1_lead_cont_04,block_or_occupancy,lead,block_cont,lead_cont,0,0.0,0.072396,0.036445,0.036445,1.0,8
c1_block_cont_04__c1_lead_cont_05,cross,c1_block_cont_04,c1_lead_cont_05,block_or_occupancy,lead,block_cont,lead_cont,0,1.0,0.078325,0.049035,0.049035,1.0,8
c1_block_cont_04__c1_lead_cont_06,cross,c1_block_cont_04,c1_lead_cont_06,block_or_occupancy,lead,block_cont,lead_cont,0,1.0,0.0818,0.050709,0.050709,1.0,8
c1_block_cont_04__c1_lead_cont_07,cross,c1_block_cont_04,c1_lead_cont_07,block_or_occupancy,lead,block_cont,lead_cont,0,2.0,0.071097,0.037241,0.037241,1.0,8
c1_block_cont_04__c1_lead_cont_08,cross,c1_block_cont_04,c1_lead_cont_08,block_or_occupancy,lead,block_cont,lead_cont,0,2.0,0.064627,0.04133,0.04133,1.0,8
c1_block_cont_04__c1_lead_nec_01,cross,c1_block_cont_04,c1_lead_nec_01,block_or_occupancy,lead,block_cont,lead_nec,0,1.0,0.368558,0.293461,0.293461,1.0,8
c1_block_cont_04__c1_lead_nec_02,cross,c1_block_cont_04,c1_lead_nec_02,block_or_occupancy,lead,block_cont,lead_nec,0,1.0,0.397064,0.308653,0.308653,1.0,8
c1_block_cont_04__c1_lead_nec_03,cross,c1_block_cont_04,c1_lead_nec_03,block_or_occupancy,lead,block_cont,lead_nec,0,0.0,0.356647,0.285718,0.285718,1.0,8
c1_block_cont_04__c1_lead_nec_04,cross,c1_block_cont_04,c1_lead_nec_04,block_or_occupancy,lead,block_cont,lead_nec,0,0.0,0.387942,0.303317,0.303317,1.0,8
c1_block_cont_04__c1_lead_nec_05,cross,c1_block_cont_04,c1_lead_nec_05,block_or_occupancy,lead,block_cont,lead_nec,0,1.0,0.38304,0.299883,0.299883,1.0,8
c1_block_cont_04__c1_lead_nec_06,cross,c1_block_cont_04,c1_lead_nec_06,block_or_occupancy,lead,block_cont,lead_nec,0,1.0,0.386514,0.301557,0.301557,1.0,8
c1_block_cont_04__c1_lead_nec_07,cross,c1_block_cont_04,c1_lead_nec_07,block_or_occupancy,lead,block_cont,lead_nec,0,2.0,0.344449,0.270435,0.270435,1.0,8
c1_block_cont_04__c1_lead_nec_08,cross,c1_block_cont_04,c1_lead_nec_08,block_or_occupancy,lead,block_cont,lead_nec,0,2.0,0.380186,0.297183,0.297183,1.0,8
c1_block_cont_04__c1_lead_opt_01,cross,c1_block_cont_04,c1_lead_opt_01,block_or_occupancy,lead,block_cont,lead_opt,0,1.0,0.386403,0.30515,0.30515,1.0,8
c1_block_cont_04__c1_lead_opt_02,cross,c1_block_cont_04,c1_lead_opt_02,block_or_occupancy,lead,block_cont,lead_opt,0,1.0,0.395429,0.309698,0.309698,1.0,8
c1_block_cont_04__c1_lead_opt_03,cross,c1_block_cont_04,c1_lead_opt_03,block_or_occupancy,lead,block_cont,lead_opt,0,0.0,0.390344,0.306964,0.306964,1.0,8
c1_block_cont_04__c1_lead_opt_04,cross,c1_block_cont_04,c1_lead_opt_04,block_or_occupancy,lead,block_cont,lead_opt,0,0.0,0.373413,0.297487,0.297487,1.0,8
c1_block_cont_04__c1_lead_opt_05,cross,c1_block_cont_04,c1_lead_opt_05,block_or_occupancy,lead,block_cont,lead_opt,0,1.0,0.3723,0.296299,0.296299,1.0,8
c1_block_cont_04__c1_lead_opt_06,cross,c1_block_cont_04,c1_lead_opt_06,block_or_occupancy,lead,block_cont,lead_opt,0,1.0,0.362007,0.289452,0.289452,1.0,8
c1_block_cont_04__c1_lead_opt_07,cross,c1_block_cont_04,c1_lead_opt_07,block_or_occupancy,lead,block_cont,lead_opt,0,2.0,0.35042,0.262026,0.262026,1.0,8
c1_block_cont_04__c1_lead_opt_08,cross,c1_block_cont_04,c1_lead_opt_08,block_or_occupancy,lead,block_cont,lead_opt,0,2.0,0.371491,0.288782,0.288782,1.0,8
c1_block_cont_05__c1_cross_clear_01,cross,c1_block_cont_05,c1_cross_clear_01,block_or_occupancy,cross,block_cont,cross_clear,0,2.0,0.355913,0.302382,0.302382,1.0,8
c1_block_cont_05__c1_cross_clear_02,cross,c1_block_cont_05,c1_cross_clear_02,block_or_occupancy,cross,block_cont,cross_clear,0,2.0,0.290782,0.272886,0.272886,1.0,8
c1_block_cont_05__c1_cross_clear_03,cross,c1_block_cont_05,c1_cross_clear_03,block_or_occupancy,cross,block_cont,cross_clear,0,2.0,0.387358,0.312759,0.312759,1.0,8
c1_block_cont_05__c1_cross_clear_04,cross,c1_block_cont_05,c1_cross_clear_04,block_or_occupancy,cross,block_cont,cross_clear,0,2.0,0.349199,0.291617,0.291617,1.0,8
c1_block_cont_05__c1_cross_clear_05,cross,c1_block_cont_05,c1_cross_clear_05,block_or_occupancy,cross,block_cont,cross_clear,0,1.0,0.403877,0.313108,0.313108,1.0,8
c1_block_cont_05__c1_cross_clear_06,cross,c1_block_cont_05,c1_cross_clear_06,block_or_occupancy,cross,block_cont,cross_clear,0,1.0,0.326316,0.27923,0.27923,1.0,8
c1_block_cont_05__c1_cross_clear_07,cross,c1_block_cont_05,c1_cross_clear_07,block_or_occupancy,cross,block_cont,cross_clear,0,0.0,0.283997,0.176608,0.176608,1.0,8
c1_block_cont_05__c1_cross_clear_08,cross,c1_block_cont_05,c1_cross_clear_08,block_or_occupancy,cross,block_cont,cross_clear,0,0.0,0.134143,0.106058,0.106058,1.0,8
c1_block_cont_05__c1_cross_stall_01,cross,c1_block_cont_05,c1_cross_stall_01,block_or_occupancy,cross,block_cont,cross_stall,0,2.0,0.383946,0.300954,0.300954,1.0,8
c1_block_cont_05__c1_cross_stall_02,cross,c1_block_cont_05,c1_cross_stall_02,block_or_occupancy,cross,block_cont,cross_stall,0,2.0,0.39486,0.308481,0.308481,1.0,8
c1_block_cont_05__c1_cross_stall_03,cross,c1_block_cont_05,c1_cross_stall_03,block_or_occupancy,cross,block_cont,cross_stall,0,2.0,0.400977,0.311889,0.311889,1.0,8
c1_block_cont_05__c1_cross_stall_04,cross,c1_block_cont_05,c1_cross_stall_04,block_or_occupancy,cross,block_cont,cross_stall,0,1.0,0.393949,0.306801,0.306801,1.0,8
c1_block_cont_05__c1_cross_stall_05,cross,c1_block_cont_05,c1_cross_stall_05,block_or_occupancy,cross,block_cont,cross_stall,0,1.0,0.395276,0.307517,0.307517,1.0,8
c1_block_cont_05__c1_cross_stall_06,cross,c1_block_cont_05,c1_cross_stall_06,block_or_occupancy,cross,block_cont,cross_stall,0,1.0,0.372057,0.288151,0.288151,1.0,8
c1_block_cont_05__c1_cross_stall_07,cross,c1_block_cont_05,c1_cross_stall_07,block_or_occupancy,cross,block_cont,cross_stall,0,0.0,0.347848,0.236095,0.236095,1.0,8
c1_block_cont_05__c1_cross_stall_08,cross,c1_block_cont_05,c1_cross_stall_08,block_or_occupancy,cross,block_cont,cross_stall,0,0.0,0.365887,0.268174,0.268174,1.0,8
c1_block_cont_05__c1_cross_stall_occ_01,cross,c1_block_cont_05,c1_cross_stall_occ_01,block_or_occupancy,cross,block_cont,cross_stall_occ,0,2.0,0.062218,0.040259,0.040259,1.0,8
c1_block_cont_05__c1_cross_stall_occ_02,cross,c1_block_cont_05,c1_cross_stall_occ_02,block_or_occupancy,cross,block_cont,cross_stall_occ,0,2.0,0.06345,0.04089,0.04089,1.0,8
c1_block_cont_05__c1_cross_stall_occ_03,cross,c1_block_cont_05,c1_cross_stall_occ_03,block_or_occupancy,cross,block_cont,cross_stall_occ,0,1.0,0.073079,0.042952,0.042952,1.0,8
c1_block_cont_05__c1_cross_stall_occ_04,cross,c1_block_cont_05,c1_cross_stall_occ_04,block_or_occupancy,cross,block_cont,cross_stall_occ,0,1.0,0.074717,0.043703,0.043703,1.0,8
c1_block_cont_05__c1_cross_stall_occ_05,cross,c1_block_cont_05,c1_cross_stall_occ_05,block_or_occupancy,cross,block_cont,cross_stall_occ,0,0.0,0.034251,0.01403,0.01403,1.0,8
c1_block_cont_05__c1_cross_stall_occ_06,cross,c1_block_cont_05,c1_cross_stall_occ_06,block_or_occupancy,cross,block_cont,cross_stall_occ,0,0.0,0.022481,0.015562,0.015562,1.0,8
c1_block_cont_05__c1_cross_stall_occ_07,cross,c1_block_cont_05,c1_cross_stall_occ_07,block_or_occupancy,cross,block_cont,cross_stall_occ,0,2.0,0.107538,0.061524,0.061524,1.0,8
c1_block_cont_05__c1_cross_stall_occ_08,cross,c1_block_cont_05,c1_cross_stall_occ_08,block_or_occupancy,cross,block_cont,cross_stall_occ,0,1.0,0.116877,0.064638,0.064638,1.0,8
c1_block_cont_05__c1_lead_cont_01,cross,c1_block_cont_05,c1_lead_cont_01,block_or_occupancy,lead,block_cont,lead_cont,0,2.0,0.074158,0.046855,0.046855,1.0,8
c1_block_cont_05__c1_lead_cont_02,cross,c1_block_cont_05,c1_lead_cont_02,block_or_occupancy,lead,block_cont,lead_cont,0,2.0,0.102663,0.062656,0.062656,1.0,8
c1_block_cont_05__c1_lead_cont_03,cross,c1_block_cont_05,c1_lead_cont_03,block_or_occupancy,lead,block_cont,lead_cont,0,1.0,0.113839,0.063961,0.063961,1.0,8
c1_block_cont_05__c1_lead_cont_04,cross,c1_block_cont_05,c1_lead_cont_04,block_or_occupancy,lead,block_cont,lead_cont,0,1.0,0.115522,0.066719,0.066719,1.0,8
c1_block_cont_05__c1_lead_cont_05,cross,c1_block_cont_05,c1_lead_cont_05,block_or_occupancy,lead,block_cont,lead_cont,0,0.0,0.076166,0.047275,0.047275,1.0,8
c1_block_cont_05__c1_lead_cont_06,cross,c1_block_cont_05,c1_lead_cont_06,block_or_occupancy,lead,block_cont,lead_cont,0,0.0,0.079641,0.048949,0.048949,1.0,8
c1_block_cont_05__c1_lead_cont_07,cross,c1_block_cont_05,c1_lead_cont_07,block_or_occupancy,lead,block_cont,lead_cont,0,1.0,0.090626,0.050376,0.050376,1.0,8
c1_block_cont_05__c1_lead_cont_08,cross,c1_block_cont_05,c1_lead_cont_08,block_or_occupancy,lead,block_cont,lead_cont,0,1.0,0.084157,0.052824,0.052824,1.0,8
c1_block_cont_05__c1_lead_nec_01,cross,c1_block_cont_05,c1_lead_nec_01,block_or_occupancy,lead,block_cont,lead_nec,0,2.0,0.411685,0.317855,0.317855,1.0,8
c1_block_cont_05__c1_lead_nec_02,cross,c1_block_cont_05,c1_lead_nec_02,block_or_occupancy,lead,block_cont,lead_nec,0,2.0,0.44019,0.333047,0.333047,1.0,8
c1_block_cont_05__c1_lead_nec_03,cross,c1_block_cont_05,c1_lead_nec_03,block_or_occupancy,lead,block_cont,lead_nec,0,1.0,0.399773,0.310112,0.310112,1.0,8
c1_block_cont_05__c1_lead_nec_04,cross,c1_block_cont_05,c1_lead_nec_04,block_or_occupancy,lead,block_cont,lead_nec,0,1.0,0.431068,0.32771,0.32771,1.0,8
c1_block_cont_05__c1_lead_nec_05,cross,c1_block_cont_05,c1_lead_nec_05,block_or_occupancy,lead,block_cont,lead_nec,0,0.0,0.426166,0.324277,0.324277,1.0,8
c1_block_cont_05__c1_lead_nec_06,cross,c1_block_cont_05,c1_lead_nec_06,block_or_occupancy,lead,block_cont,lead_nec,0,0.0,0.429641,0.325951,0.325951,1.0,8
c1_block_cont_05__c1_lead_nec_07,cross,c1_block_cont_05,c1_lead_nec_07,block_or_occupancy,lead,block_cont,lead_nec,0,1.0,0.387576,0.294805,0.294805,1.0,8
c1_block_cont_05__c1_lead_nec_08,cross,c1_block_cont_05,c1_lead_nec_08,block_or_occupancy,lead,block_cont,lead_nec,0,1.0,0.423312,0.321576,0.321576,1.0,8
c1_block_cont_05__c1_lead_opt_01,cross,c1_block_cont_05,c1_lead_opt_01,block_or_occupancy,lead,block_cont,lead_opt,0,2.0,0.429529,0.329544,0.329544,1.0,8
c1_block_cont_05__c1_lead_opt_02,cross,c1_block_cont_05,c1_lead_opt_02,block_or_occupancy,lead,block_cont,lead_opt,0,2.0,0.438556,0.334091,0.334091,1.0,8
c1_block_cont_05__c1_lead_opt_03,cross,c1_block_cont_05,c1_lead_opt_03,block_or_occupancy,lead,block_cont,lead_opt,0,1.0,0.433471,0.331358,0.331358,1.0,8
c1_block_cont_05__c1_lead_opt_04,cross,c1_block_cont_05,c1_lead_opt_04,block_or_occupancy,lead,block_cont,lead_opt,0,1.0,0.416539,0.32188,0.32188,1.0,8
c1_block_cont_05__c1_lead_opt_05,cross,c1_block_cont_05,c1_lead_opt_05,block_or_occupancy,lead,block_cont,lead_opt,0,0.0,0.415426,0.320692,0.320692,1.0,8
c1_block_cont_05__c1_lead_opt_06,cross,c1_block_cont_05,c1_lead_opt_06,block_or_occupancy,lead,block_cont,lead_opt,0,0.0,0.405133,0.313845,0.313845,1.0,8
c1_block_cont_05__c1_lead_opt_07,cross,c1_block_cont_05,c1_lead_opt_07,block_or_occupancy,lead,block_cont,lead_opt,0,1.0,0.39258,0.285342,0.285342,1.0,8
c1_block_cont_05__c1_lead_opt_08,cross,c1_block_cont_05,c1_lead_opt_08,block_or_occupancy,lead,block_cont,lead_opt,0,1.0,0.414617,0.313176,0.313176,1.0,8
c1_block_cont_06__c1_cross_clear_01,cross,c1_block_cont_06,c1_cross_clear_01,block_or_occupancy,cross,block_cont,cross_clear,0,2.0,0.342259,0.292337,0.292337,1.0,8
c1_block_cont_06__c1_cross_clear_02,cross,c1_block_cont_06,c1_cross_clear_02,block_or_occupancy,cross,block_cont,cross_clear,0,2.0,0.277128,0.262842,0.262842,1.0,8
c1_block_cont_06__c1_cross_clear_03,cross,c1_block_cont_06,c1_cross_clear_03,block_or_occupancy,cross,block_cont,cross_clear,0,2.0,0.373705,0.302715,0.302715,1.0,8
c1_block_cont_06__c1_cross_clear_04,cross,c1_block_cont_06,c1_cross_clear_04,block_or_occupancy,cross,block_cont,cross_clear,0,2.0,0.335545,0.281573,0.281573,1.0,8
c1_block_cont_06__c1_cross_clear_05,cross,c1_block_cont_06,c1_cross_clear_05,block_or_occupancy,cross,block_cont,cross_clear,0,1.0,0.390223,0.303064,0.303064,1.0,8
c1_block_cont_06__c1_cross_clear_06,cross,c1_block_cont_06,c1_cross_clear_06,block_or_occupancy,cross,block_cont,cross_clear,0,1.0,0.312662,0.269186,0.269186,1.0,8
c1_block_cont_06__c1_cross_clear_07,cross,c1_block_cont_06,c1_cross_clear_07,block_or_occupancy,cross,block_cont,cross_clear,0,0.0,0.275788,0.172437,0.172437,1.0,8
c1_block_cont_06__c1_cross_clear_08,cross,c1_block_cont_06,c1_cross_clear_08,block_or_occupancy,cross,block_cont,cross_clear,0,0.0,0.144402,0.113642,0.113642,1.0,8
c1_block_cont_06__c1_cross_stall_01,cross,c1_block_cont_06,c1_cross_stall_01,block_or_occupancy,cross,block_cont,cross_stall,0,2.0,0.370292,0.29091,0.29091,1.0,8
c1_block_cont_06__c1_cross_stall_02,cross,c1_block_cont_06,c1_cross_stall_02,block_or_occupancy,cross,block_cont,cross_stall,0,2.0,0.381206,0.298437,0.298437,1.0,8
c1_block_cont_06__c1_cross_stall_03,cross,c1_block_cont_06,c1_cross_stall_03,block_or_occupancy,cross,block_cont,cross_stall,0,2.0,0.387323,0.301845,0.301845,1.0,8
c1_block_cont_06__c1_cross_stall_04,cross,c1_block_cont_06,c1_cross_stall_04,block_or_occupancy,cross,block_cont,cross_stall,0,1.0,0.380295,0.296757,0.296757,1.0,8
c1_block_cont_06__c1_cross_stall_05,cross,c1_block_cont_06,c1_cross_stall_05,block_or_occupancy,cross,block_cont,cross_stall,0,1.0,0.381622,0.297473,0.297473,1.0,8
c1_block_cont_06__c1_cross_stall_06,cross,c1_block_cont_06,c1_cross_stall_06,block_or_occupancy,cross,block_cont,cross_stall,0,1.0,0.358403,0.278234,0.278234,1.0,8
c1_block_cont_06__c1_cross_stall_07,cross,c1_block_cont_06,c1_cross_stall_07,block_or_occupancy,cross,block_cont,cross_stall,0,0.0,0.354317,0.241051,0.241051,1.0,8
c1_block_cont_06__c1_cross_stall_08,cross,c1_block_cont_06,c1_cross_stall_08,block_or_occupancy,cross,block_cont,cross_stall,0,0.0,0.352233,0.25813,0.25813,1.0,8
c1_block_cont_06__c1_cross_stall_occ_01,cross,c1_block_cont_06,c1_cross_stall_occ_01,block_or_occupancy,cross,block_cont,cross_stall_occ,0,2.0,0.048564,0.030215,0.030215,1.0,8
c1_block_cont_06__c1_cross_stall_occ_02,cross,c1_block_cont_06,c1_cross_stall_occ_02,block_or_occupancy,cross,block_cont,cross_stall_occ,0,2.0,0.049797,0.030846,0.030846,1.0,8
c1_block_cont_06__c1_cross_stall_occ_03,cross,c1_block_cont_06,c1_cross_stall_occ_03,block_or_occupancy,cross,block_cont,cross_stall_occ,0,1.0,0.059426,0.032907,0.032907,1.0,8
c1_block_cont_06__c1_cross_stall_occ_04,cross,c1_block_cont_06,c1_cross_stall_occ_04,block_or_occupancy,cross,block_cont,cross_stall_occ,0,1.0,0.061063,0.033659,0.033659,1.0,8
c1_block_cont_06__c1_cross_stall_occ_05,cross,c1_block_cont_06,c1_cross_stall_occ_05,block_or_occupancy,cross,block_cont,cross_stall_occ,0,0.0,0.036833,0.017541,0.017541,1.0,8
c1_block_cont_06__c1_cross_stall_occ_06,cross,c1_block_cont_06,c1_cross_stall_occ_06,block_or_occupancy,cross,block_cont,cross_stall_occ,0,0.0,0.008827,0.005517,0.005517,1.0,8
c1_block_cont_06__c1_cross_stall_occ_07,cross,c1_block_cont_06,c1_cross_stall_occ_07,block_or_occupancy,cross,block_cont,cross_stall_occ,0,2.0,0.093884,0.05148,0.05148,1.0,8
c1_block_cont_06__c1_cross_stall_occ_08,cross,c1_block_cont_06,c1_cross_stall_occ_08,block_or_occupancy,cross,block_cont,cross_stall_occ,0,1.0,0.103223,0.054593,0.054593,1.0,8
c1_block_cont_06__c1_lead_cont_01,cross,c1_block_cont_06,c1_lead_cont_01,block_or_occupancy,lead,block_cont,lead_cont,0,2.0,0.060504,0.036811,0.036811,1.0,8
c1_block_cont_06__c1_lead_cont_02,cross,c1_block_cont_06,c1_lead_cont_02,block_or_occupancy,lead,block_cont,lead_cont,0,2.0,0.08901,0.052611,0.052611,1.0,8
c1_block_cont_06__c1_lead_cont_03,cross,c1_block_cont_06,c1_lead_cont_03,block_or_occupancy,lead,block_cont,lead_cont,0,1.0,0.100185,0.053917,0.053917,1.0,8
c1_block_cont_06__c1_lead_cont_04,cross,c1_block_cont_06,c1_lead_cont_04,block_or_occupancy,lead,block_cont,lead_cont,0,1.0,0.101868,0.056675,0.056675,1.0,8
c1_block_cont_06__c1_lead_cont_05,cross,c1_block_cont_06,c1_lead_cont_05,block_or_occupancy,lead,block_cont,lead_cont,0,0.0,0.062512,0.037231,0.037231,1.0,8
c1_block_cont_06__c1_lead_cont_06,cross,c1_block_cont_06,c1_lead_cont_06,block_or_occupancy,lead,block_cont,lead_cont,0,0.0,0.065987,0.038905,0.038905,1.0,8
c1_block_cont_06__c1_lead_cont_07,cross,c1_block_cont_06,c1_lead_cont_07,block_or_occupancy,lead,block_cont,lead_cont,0,1.0,0.076972,0.040332,0.040332,1.0,8
c1_block_cont_06__c1_lead_cont_08,cross,c1_block_cont_06,c1_lead_cont_08,block_or_occupancy,lead,block_cont,lead_cont,0,1.0,0.070503,0.042779,0.042779,1.0,8
c1_block_cont_06__c1_lead_nec_01,cross,c1_block_cont_06,c1_lead_nec_01,block_or_occupancy,lead,block_cont,lead_nec,0,2.0,0.398031,0.30781,0.30781,1.0,8
c1_block_cont_06__c1_lead_nec_02,cross,c1_block_cont_06,c1_lead_nec_02,block_or_occupancy,lead,block_cont,lead_nec,0,2.0,0.426537,0.323002,0.323002,1.0,8
c1_block_cont_06__c1_lead_nec_03,cross,c1_block_cont_06,c1_lead_nec_03,block_or_occupancy,lead,block_cont,lead_nec,0,1.0,0.386119,0.300067,0.300067,1.0,8
c1_block_cont_06__c1_lead_nec_04,cross,c1_block_cont_06,c1_lead_nec_04,block_or_occupancy,lead,block_cont,lead_nec,0,1.0,0.417415,0.317666,0.317666,1.0,8
c1_block_cont_06__c1_lead_nec_05,cross,c1_block_cont_06,c1_lead_nec_05,block_or_occupancy,lead,block_cont,lead_nec,0,0.0,0.412512,0.314232,0.314232,1.0,8
c1_block_cont_06__c1_lead_nec_06,cross,c1_block_cont_06,c1_lead_nec_06,block_or_occupancy,lead,block_cont,lead_nec,0,0.0,0.415987,0.315907,0.315907,1.0,8
c1_block_cont_06__c1_lead_nec_07,cross,c1_block_cont_06,c1_lead_nec_07,block_or_occupancy,lead,block_cont,lead_nec,0,1.0,0.373922,0.28476,0.28476,1.0,8
c1_block_cont_06__c1_lead_nec_08,cross,c1_block_cont_06,c1_lead_nec_08,block_or_occupancy,lead,block_cont,lead_nec,0,1.0,0.409658,0.311532,0.311532,1.0,8
c1_block_cont_06__c1_lead_opt_01,cross,c1_block_cont_06,c1_lead_opt_01,block_or_occupancy,lead,block_cont,lead_opt,0,2.0,0.415876,0.319499,0.319499,1.0,8
c1_block_cont_06__c1_lead_opt_02,cross,c1_block_cont_06,c1_lead_opt_02,block_or_occupancy,lead,block_cont,lead_opt,0,2.0,0.424902,0.324047,0.324047,1.0,8
c1_block_cont_06__c1_lead_opt_03,cross,c1_block_cont_06,c1_lead_opt_03,block_or_occupancy,lead,block_cont,lead_opt,0,1.0,0.419817,0.321313,0.321313,1.0,8
c1_block_cont_06__c1_lead_opt_04,cross,c1_block_cont_06,c1_lead_opt_04,block_or_occupancy,lead,block_cont,lead_opt,0,1.0,0.402886,0.311836,0.311836,1.0,8
c1_block_cont_06__c1_lead_opt_05,cross,c1_block_cont_06,c1_lead_opt_05,block_or_occupancy,lead,block_cont,lead_opt,0,0.0,0.401772,0.310648,0.310648,1.0,8
c1_block_cont_06__c1_lead_opt_06,cross,c1_block_cont_06,c1_lead_opt_06,block_or_occupancy,lead,block_cont,lead_opt,0,0.0,0.391479,0.303801,0.303801,1.0,8
c1_block_cont_06__c1_lead_opt_07,cross,c1_block_cont_06,c1_lead_opt_07,block_or_occupancy,lead,block_cont,lead_opt,0,1.0,0.379037,0.275325,0.275325,1.0,8
c1_block_cont_06__c1_lead_opt_08,cross,c1_block_cont_06,c1_lead_opt_08,block_or_occupancy,lead,block_cont,lead_opt,0,1.0,0.400963,0.303131,0.303131,1.0,8
c1_block_cont_07__c1_cross_clear_01,cross,c1_block_cont_07,c1_cross_clear_01,block_or_occupancy,cross,block_cont,cross_clear,0,3.0,0.32156,0.297685,0.297685,1.0,8
c1_block_cont_07__c1_cross_clear_02,cross,c1_block_cont_07,c1_cross_clear_02,block_or_occupancy,cross,block_cont,cross_clear,0,3.0,0.258815,0.26819,0.26819,1.0,8
c1_block_cont_07__c1_cross_clear_03,cross,c1_block_cont_07,c1_cross_clear_03,block_or_occupancy,cross,block_cont,cross_clear,0,3.0,0.34014,0.308063,0.308063,1.0,8
c1_block_cont_07__c1_cross_clear_04,cross,c1_block_cont_07,c1_cross_clear_04,block_or_occupancy,cross,block_cont,cross_clear,0,3.0,0.301981,0.286921,0.286921,1.0,8
c1_block_cont_07__c1_cross_clear_05,cross,c1_block_cont_07,c1_cross_clear_05,block_or_occupancy,cross,block_cont,cross_clear,0,2.0,0.347715,0.308412,0.308412,1.0,8
c1_block_cont_07__c1_cross_clear_06,cross,c1_block_cont_07,c1_cross_clear_06,block_or_occupancy,cross,block_cont,cross_clear,0,2.0,0.270154,0.274533,0.274533,1.0,8
c1_block_cont_07__c1_cross_clear_07,cross,c1_block_cont_07,c1_cross_clear_07,block_or_occupancy,cross,block_cont,cross_clear,0,1.0,0.225705,0.172203,0.172203,1.0,8
c1_block_cont_07__c1_cross_clear_08,cross,c1_block_cont_07,c1_cross_clear_08,block_or_occupancy,cross,block_cont,cross_clear,0,1.0,0.1074,0.101956,0.101956,1.0,8
c1_block_cont_07__c1_cross_stall_01,cross,c1_block_cont_07,c1_cross_stall_01,block_or_occupancy,cross,block_cont,cross_stall,0,3.0,0.327784,0.296258,0.296258,1.0,8
c1_block_cont_07__c1_cross_stall_02,cross,c1_block_cont_07,c1_cross_stall_02,block_or_occupancy,cross,block_cont,cross_stall,0,3.0,0.338698,0.303785,0.303785,1.0,8
c1_block_cont_07__c1_cross_stall_03,cross,c1_block_cont_07,c1_cross_stall_03,block_or_occupancy,cross,block_cont,cross_stall,0,3.0,0.344815,0.307193,0.307193,1.0,8
c1_block_cont_07__c1_cross_stall_04,cross,c1_block_cont_07,c1_cross_stall_04,block_or_occupancy,cross,block_cont,cross_stall,0,2.0,0.337787,0.302104,0.302104,1.0,8
c1_block_cont_07__c1_cross_stall_05,cross,c1_block_cont_07,c1_cross_stall_05,block_or_occupancy,cross,block_cont,cross_stall,0,2.0,0.339114,0.302821,0.302821,1.0,8
c1_block_cont_07__c1_cross_stall_06,cross,c1_block_cont_07,c1_cross_stall_06,block_or_occupancy,cross,block_cont,cross_stall,0,2.0,0.315895,0.283454,0.283454,1.0,8
c1_block_cont_07__c1_cross_stall_07,cross,c1_block_cont_07,c1_cross_stall_07,block_or_occupancy,cross,block_cont,cross_stall,0,1.0,0.291687,0.231638,0.231638,1.0,8
c1_block_cont_07__c1_cross_stall_08,cross,c1_block_cont_07,c1_cross_stall_08,block_or_occupancy,cross,block_cont,cross_stall,0,1.0,0.309725,0.263478,0.263478,1.0,8
c1_block_cont_07__c1_cross_stall_occ_01,cross,c1_block_cont_07,c1_cross_stall_occ_01,block_or_occupancy,cross,block_cont,cross_stall_occ,0,3.0,0.109112,0.056662,0.056662,1.0,8
c1_block_cont_07__c1_cross_stall_occ_02,cross,c1_block_cont_07,c1_cross_stall_occ_02,block_or_occupancy,cross,block_cont,cross_stall_occ,0,3.0,0.110344,0.057292,0.057292,1.0,8
c1_block_cont_07__c1_cross_stall_occ_03,cross,c1_block_cont_07,c1_cross_stall_occ_03,block_or_occupancy,cross,block_cont,cross_stall_occ,0,2.0,0.090523,0.051749,0.051749,1.0,8
c1_block_cont_07__c1_cross_stall_occ_04,cross,c1_block_cont_07,c1_cross_stall_occ_04,block_or_occupancy,cross,block_cont,cross_stall_occ,0,2.0,0.092161,0.052501,0.052501,1.0,8
c1_block_cont_07__c1_cross_stall_occ_05,cross,c1_block_cont_07,c1_cross_stall_occ_05,block_or_occupancy,cross,block_cont,cross_stall_occ,0,1.0,0.096302,0.03608,0.03608,1.0,8
c1_block_cont_07__c1_cross_stall_occ_06,cross,c1_block_cont_07,c1_cross_stall_occ_06,block_or_occupancy,cross,block_cont,cross_stall_occ,0,1.0,0.084532,0.037612,0.037612,1.0,8
c1_block_cont_07__c1_cross_stall_occ_07,cross,c1_block_cont_07,c1_cross_stall_occ_07,block_or_occupancy,cross,block_cont,cross_stall_occ,0,3.0,0.125418,0.074931,0.074931,1.0,8
c1_block_cont_07__c1_cross_stall_occ_08,cross,c1_block_cont_07,c1_cross_stall_occ_08,block_or_occupancy,cross,block_cont,cross_stall_occ,0,2.0,0.100257,0.068809,0.068809,1.0,8
c1_block_cont_07__c1_lead_cont_01,cross,c1_block_cont_07,c1_lead_cont_01,block_or_occupancy,lead,block_cont,lead_cont,0,3.0,0.121052,0.063257,0.063257,1.0,8
c1_block_cont_07__c1_lead_cont_02,cross,c1_block_cont_07,c1_lead_cont_02,block_or_occupancy,lead,block_cont,lead_cont,0,3.0,0.149557,0.079058,0.079058,1.0,8
c1_block_cont_07__c1_lead_cont_03,cross,c1_block_cont_07,c1_lead_cont_03,block_or_occupancy,lead,block_cont,lead_cont,0,2.0,0.101281,0.069873,0.069873,1.0,8
c1_block_cont_07__c1_lead_cont_04,cross,c1_block_cont_07,c1_lead_cont_04,block_or_occupancy,lead,block_cont,lead_cont,0,2.0,0.132966,0.075516,0.075516,1.0,8
c1_block_cont_07__c1_lead_cont_05,cross,c1_block_cont_07,c1_lead_cont_05,block_or_occupancy,lead,block_cont,lead_cont,0,1.0,0.138217,0.069325,0.069325,1.0,8
c1_block_cont_07__c1_lead_cont_06,cross,c1_block_cont_07,c1_lead_cont_06,block_or_occupancy,lead,block_cont,lead_cont,0,1.0,0.141692,0.070999,0.070999,1.0,8
c1_block_cont_07__c1_lead_cont_07,cross,c1_block_cont_07,c1_lead_cont_07,block_or_occupancy,lead,block_cont,lead_cont,0,0.0,0.07721,0.046137,0.046137,1.0,8
c1_block_cont_07__c1_lead_cont_08,cross,c1_block_cont_07,c1_lead_cont_08,block_or_occupancy,lead,block_cont,lead_cont,0,0.0,0.124519,0.058376,0.058376,1.0,8
c1_block_cont_07__c1_lead_nec_01,cross,c1_block_cont_07,c1_lead_nec_01,block_or_occupancy,lead,block_cont,lead_nec,0,3.0,0.355523,0.313158,0.313158,1.0,8
c1_block_cont_07__c1_lead_nec_02,cross,c1_block_cont_07,c1_lead_nec_02,block_or_occupancy,lead,block_cont,lead_nec,0,3.0,0.384028,0.32835,0.32835,1.0,8
c1_block_cont_07__c1_lead_nec_03,cross,c1_block_cont_07,c1_lead_nec_03,block_or_occupancy,lead,block_cont,lead_nec,0,2.0,0.343611,0.305415,0.305415,1.0,8
c1_block_cont_07__c1_lead_nec_04,cross,c1_block_cont_07,c1_lead_nec_04,block_or_occupancy,lead,block_cont,lead_nec,0,2.0,0.374907,0.323014,0.323014,1.0,8
c1_block_cont_07__c1_lead_nec_05,cross,c1_block_cont_07,c1_lead_nec_05,block_or_occupancy,lead,block_cont,lead_nec,0,1.0,0.370004,0.31958,0.31958,1.0,8
c1_block_cont_07__c1_lead_nec_06,cross,c1_block_cont_07,c1_lead_nec_06,block_or_occupancy,lead,block_cont,lead_nec,0,1.0,0.373479,0.321254,0.321254,1.0,8
c1_block_cont_07__c1_lead_nec_07,cross,c1_block_cont_07,c1_lead_nec_07,block_or_occupancy,lead,block_cont,lead_nec,0,0.0,0.331414,0.290108,0.290108,1.0,8
c1_block_cont_07__c1_lead_nec_08,cross,c1_block_cont_07,c1_lead_nec_08,block_or_occupancy,lead,block_cont,lead_nec,0,0.0,0.36715,0.31688,0.31688,1.0,8
c1_block_cont_07__c1_lead_opt_01,cross,c1_block_cont_07,c1_lead_opt_01,block_or_occupancy,lead,block_cont,lead_opt,0,3.0,0.373367,0.324847,0.324847,1.0,8
c1_block_cont_07__c1_lead_opt_02,cross,c1_block_cont_07,c1_lead_opt_02,block_or_occupancy,lead,block_cont,lead_opt,0,3.0,0.382394,0.329395,0.329395,1.0,8
c1_block_cont_07__c1_lead_opt_03,cross,c1_block_cont_07,c1_lead_opt_03,block_or_occupancy,lead,block_cont,lead_opt,0,2.0,0.377309,0.326661,0.326661,1.0,8
c1_block_cont_07__c1_lead_opt_04,cross,c1_block_cont_07,c1_lead_opt_04,block_or_occupancy,lead,block_cont,lead_opt,0,2.0,0.360377,0.317184,0.317184,1.0,8
c1_block_cont_07__c1_lead_opt_05,cross,c1_block_cont_07,c1_lead_opt_05,block_or_occupancy,lead,block_cont,lead_opt,0,1.0,0.359264,0.315996,0.315996,1.0,8
c1_block_cont_07__c1_lead_opt_06,cross,c1_block_cont_07,c1_lead_opt_06,block_or_occupancy,lead,block_cont,lead_opt,0,1.0,0.348971,0.309149,0.309149,1.0,8
c1_block_cont_07__c1_lead_opt_07,cross,c1_block_cont_07,c1_lead_opt_07,block_or_occupancy,lead,block_cont,lead_opt,0,0.0,0.336418,0.280646,0.280646,1.0,8
c1_block_cont_07__c1_lead_opt_08,cross,c1_block_cont_07,c1_lead_opt_08,block_or_occupancy,lead,block_cont,lead_opt,0,0.0,0.358455,0.308479,0.308479,1.0,8
c1_block_cont_08__c1_cross_clear_01,cross,c1_block_cont_08,c1_cross_clear_01,block_or_occupancy,cross,block_cont,cross_clear,0,3.0,0.373708,0.340366,0.340366,1.0,8
c1_block_cont_08__c1_cross_clear_02,cross,c1_block_cont_08,c1_cross_clear_02,block_or_occupancy,cross,block_cont,cross_clear,0,3.0,0.308577,0.31087,0.31087,1.0,8
c1_block_cont_08__c1_cross_clear_03,cross,c1_block_cont_08,c1_cross_clear_03,block_or_occupancy,cross,block_cont,cross_clear,0,3.0,0.405153,0.350743,0.350743,1.0,8
c1_block_cont_08__c1_cross_clear_04,cross,c1_block_cont_08,c1_cross_clear_04,block_or_occupancy,cross,block_cont,cross_clear,0,3.0,0.366994,0.329602,0.329602,1.0,8
c1_block_cont_08__c1_cross_clear_05,cross,c1_block_cont_08,c1_cross_clear_05,block_or_occupancy,cross,block_cont,cross_clear,0,2.0,0.421672,0.351093,0.351093,1.0,8
c1_block_cont_08__c1_cross_clear_06,cross,c1_block_cont_08,c1_cross_clear_06,block_or_occupancy,cross,block_cont,cross_clear,0,2.0,0.344111,0.317214,0.317214,1.0,8
c1_block_cont_08__c1_cross_clear_07,cross,c1_block_cont_08,c1_cross_clear_07,block_or_occupancy,cross,block_cont,cross_clear,0,1.0,0.296585,0.202154,0.202154,1.0,8
c1_block_cont_08__c1_cross_clear_08,cross,c1_block_cont_08,c1_cross_clear_08,block_or_occupancy,cross,block_cont,cross_clear,0,1.0,0.145812,0.140026,0.140026,1.0,8
c1_block_cont_08__c1_cross_stall_01,cross,c1_block_cont_08,c1_cross_stall_01,block_or_occupancy,cross,block_cont,cross_stall,0,3.0,0.401741,0.338939,0.338939,1.0,8
c1_block_cont_08__c1_cross_stall_02,cross,c1_block_cont_08,c1_cross_stall_02,block_or_occupancy,cross,block_cont,cross_stall,0,3.0,0.412655,0.346465,0.346465,1.0,8
c1_block_cont_08__c1_cross_stall_03,cross,c1_block_cont_08,c1_cross_stall_03,block_or_occupancy,cross,block_cont,cross_stall,0,3.0,0.418772,0.349873,0.349873,1.0,8
c1_block_cont_08__c1_cross_stall_04,cross,c1_block_cont_08,c1_cross_stall_04,block_or_occupancy,cross,block_cont,cross_stall,0,2.0,0.411744,0.344785,0.344785,1.0,8
c1_block_cont_08__c1_cross_stall_05,cross,c1_block_cont_08,c1_cross_stall_05,block_or_occupancy,cross,block_cont,cross_stall,0,2.0,0.413071,0.345501,0.345501,1.0,8
c1_block_cont_08__c1_cross_stall_06,cross,c1_block_cont_08,c1_cross_stall_06,block_or_occupancy,cross,block_cont,cross_stall,0,2.0,0.389852,0.326135,0.326135,1.0,8
c1_block_cont_08__c1_cross_stall_07,cross,c1_block_cont_08,c1_cross_stall_07,block_or_occupancy,cross,block_cont,cross_stall,0,1.0,0.365643,0.274079,0.274079,1.0,8
c1_block_cont_08__c1_cross_stall_08,cross,c1_block_cont_08,c1_cross_stall_08,block_or_occupancy,cross,block_cont,cross_stall,0,1.0,0.383682,0.306158,0.306158,1.0,8
c1_block_cont_08__c1_cross_stall_occ_01,cross,c1_block_cont_08,c1_cross_stall_occ_01,block_or_occupancy,cross,block_cont,cross_stall_occ,0,3.0,0.101702,0.079825,0.079825,1.0,8
c1_block_cont_08__c1_cross_stall_occ_02,cross,c1_block_cont_08,c1_cross_stall_occ_02,block_or_occupancy,cross,block_cont,cross_stall_occ,0,3.0,0.102934,0.080455,0.080455,1.0,8
c1_block_cont_08__c1_cross_stall_occ_03,cross,c1_block_cont_08,c1_cross_stall_occ_03,block_or_occupancy,cross,block_cont,cross_stall_occ,0,2.0,0.090874,0.072439,0.072439,1.0,8
c1_block_cont_08__c1_cross_stall_occ_04,cross,c1_block_cont_08,c1_cross_stall_occ_04,block_or_occupancy,cross,block_cont,cross_stall_occ,0,2.0,0.092512,0.073191,0.073191,1.0,8
c1_block_cont_08__c1_cross_stall_occ_05,cross,c1_block_cont_08,c1_cross_stall_occ_05,block_or_occupancy,cross,block_cont,cross_stall_occ,0,1.0,0.073735,0.056771,0.056771,1.0,8
c1_block_cont_08__c1_cross_stall_occ_06,cross,c1_block_cont_08,c1_cross_stall_occ_06,block_or_occupancy,cross,block_cont,cross_stall_occ,0,1.0,0.061965,0.058303,0.058303,1.0,8
c1_block_cont_08__c1_cross_stall_occ_07,cross,c1_block_cont_08,c1_cross_stall_occ_07,block_or_occupancy,cross,block_cont,cross_stall_occ,0,3.0,0.147022,0.10109,0.10109,1.0,8
c1_block_cont_08__c1_cross_stall_occ_08,cross,c1_block_cont_08,c1_cross_stall_occ_08,block_or_occupancy,cross,block_cont,cross_stall_occ,0,2.0,0.134672,0.094126,0.094126,1.0,8
c1_block_cont_08__c1_lead_cont_01,cross,c1_block_cont_08,c1_lead_cont_01,block_or_occupancy,lead,block_cont,lead_cont,0,3.0,0.113642,0.08642,0.08642,1.0,8
c1_block_cont_08__c1_lead_cont_02,cross,c1_block_cont_08,c1_lead_cont_02,block_or_occupancy,lead,block_cont,lead_cont,0,3.0,0.142147,0.102221,0.102221,1.0,8
c1_block_cont_08__c1_lead_cont_03,cross,c1_block_cont_08,c1_lead_cont_03,block_or_occupancy,lead,block_cont,lead_cont,0,2.0,0.131634,0.093449,0.093449,1.0,8
c1_block_cont_08__c1_lead_cont_04,cross,c1_block_cont_08,c1_lead_cont_04,block_or_occupancy,lead,block_cont,lead_cont,0,2.0,0.133317,0.096207,0.096207,1.0,8
c1_block_cont_08__c1_lead_cont_05,cross,c1_block_cont_08,c1_lead_cont_05,block_or_occupancy,lead,block_cont,lead_cont,0,1.0,0.11565,0.090016,0.090016,1.0,8
c1_block_cont_08__c1_lead_cont_06,cross,c1_block_cont_08,c1_lead_cont_06,block_or_occupancy,lead,block_cont,lead_cont,0,1.0,0.119124,0.09169,0.09169,1.0,8
c1_block_cont_08__c1_lead_cont_07,cross,c1_block_cont_08,c1_lead_cont_07,block_or_occupancy,lead,block_cont,lead_cont,0,0.0,0.108421,0.079864,0.079864,1.0,8
c1_block_cont_08__c1_lead_cont_08,cross,c1_block_cont_08,c1_lead_cont_08,block_or_occupancy,lead,block_cont,lead_cont,0,0.0,0.101952,0.082311,0.082311,1.0,8
c1_block_cont_08__c1_lead_nec_01,cross,c1_block_cont_08,c1_lead_nec_01,block_or_occupancy,lead,block_cont,lead_nec,0,3.0,0.42948,0.355839,0.355839,1.0,8
c1_block_cont_08__c1_lead_nec_02,cross,c1_block_cont_08,c1_lead_nec_02,block_or_occupancy,lead,block_cont,lead_nec,0,3.0,0.457985,0.371031,0.371031,1.0,8
c1_block_cont_08__c1_lead_nec_03,cross,c1_block_cont_08,c1_lead_nec_03,block_or_occupancy,lead,block_cont,lead_nec,0,2.0,0.417568,0.348096,0.348096,1.0,8
c1_block_cont_08__c1_lead_nec_04,cross,c1_block_cont_08,c1_lead_nec_04,block_or_occupancy,lead,block_cont,lead_nec,0,2.0,0.448863,0.365695,0.365695,1.0,8
c1_block_cont_08__c1_lead_nec_05,cross,c1_block_cont_08,c1_lead_nec_05,block_or_occupancy,lead,block_cont,lead_nec,0,1.0,0.443961,0.362261,0.362261,1.0,8
c1_block_cont_08__c1_lead_nec_06,cross,c1_block_cont_08,c1_lead_nec_06,block_or_occupancy,lead,block_cont,lead_nec,0,1.0,0.447436,0.363935,0.363935,1.0,8
c1_block_cont_08__c1_lead_nec_07,cross,c1_block_cont_08,c1_lead_nec_07,block_or_occupancy,lead,block_cont,lead_nec,0,0.0,0.405371,0.332789,0.332789,1.0,8
c1_block_cont_08__c1_lead_nec_08,cross,c1_block_cont_08,c1_lead_nec_08,block_or_occupancy,lead,block_cont,lead_nec,0,0.0,0.441107,0.35956,0.35956,1.0,8
c1_block_cont_08__c1_lead_opt_01,cross,c1_block_cont_08,c1_lead_opt_01,block_or_occupancy,lead,block_cont,lead_opt,0,3.0,0.447324,0.367528,0.367528,1.0,8
c1_block_cont_08__c1_lead_opt_02,cross,c1_block_cont_08,c1_lead_opt_02,block_or_occupancy,lead,block_cont,lead_opt,0,3.0,0.456351,0.372076,0.372076,1.0,8
c1_block_cont_08__c1_lead_opt_03,cross,c1_block_cont_08,c1_lead_opt_03,block_or_occupancy,lead,block_cont,lead_opt,0,2.0,0.451266,0.369342,0.369342,1.0,8
c1_block_cont_08__c1_lead_opt_04,cross,c1_block_cont_08,c1_lead_opt_04,block_or_occupancy,lead,block_cont,lead_opt,0,2.0,0.434334,0.359864,0.359864,1.0,8
c1_block_cont_08__c1_lead_opt_05,cross,c1_block_cont_08,c1_lead_opt_05,block_or_occupancy,lead,block_cont,lead_opt,0,1.0,0.433221,0.358676,0.358676,1.0,8
c1_block_cont_08__c1_lead_opt_06,cross,c1_block_cont_08,c1_lead_opt_06,block_or_occupancy,lead,block_cont,lead_opt,0,1.0,0.422928,0.351829,0.351829,1.0,8
c1_block_cont_08__c1_lead_opt_07,cross,c1_block_cont_08,c1_lead_opt_07,block_or_occupancy,lead,block_cont,lead_opt,0,0.0,0.410375,0.323326,0.323326,1.0,8
c1_block_cont_08__c1_lead_opt_08,cross,c1_block_cont_08,c1_lead_opt_08,block_or_occupancy,lead,block_cont,lead_opt,0,0.0,0.432412,0.35116,0.35116,1.0,8
c1_block_nec_01__c1_cross_clear_01,cross,c1_block_nec_01,c1_cross_clear_01,block_or_occupancy,cross,block_nec,cross_clear,0,0.0,0.122595,0.062175,0.062175,1.0,8
c1_block_nec_01__c1_cross_clear_02,cross,c1_block_nec_01,c1_cross_clear_02,block_or_occupancy,cross,block_nec,cross_clear,0,0.0,0.132722,0.063391,0.063391,1.0,8
c1_block_nec_01__c1_cross_clear_03,cross,c1_block_nec_01,c1_cross_clear_03,block_or_occupancy,cross,block_nec,cross_clear,0,0.0,0.110411,0.066998,0.066998,1.0,8
c1_block_nec_01__c1_cross_clear_04,cross,c1_block_nec_01,c1_cross_clear_04,block_or_occupancy,cross,block_nec,cross_clear,0,0.0,0.103631,0.064614,0.064614,1.0,8
c1_block_nec_01__c1_cross_clear_05,cross,c1_block_nec_01,c1_cross_clear_05,block_or_occupancy,cross,block_nec,cross_clear,0,1.0,0.114077,0.080234,0.080234,1.0,8
c1_block_nec_01__c1_cross_clear_06,cross,c1_block_nec_01,c1_cross_clear_06,block_or_occupancy,cross,block_nec,cross_clear,0,1.0,0.111153,0.063991,0.063991,1.0,8
c1_block_nec_01__c1_cross_clear_07,cross,c1_block_nec_01,c1_cross_clear_07,block_or_occupancy,cross,block_nec,cross_clear,0,2.0,0.254443,0.230679,0.230679,1.0,8
c1_block_nec_01__c1_cross_clear_08,cross,c1_block_nec_01,c1_cross_clear_08,block_or_occupancy,cross,block_nec,cross_clear,0,2.0,0.232446,0.162463,0.162463,1.0,8
c1_block_nec_01__c1_cross_stall_01,cross,c1_block_nec_01,c1_cross_stall_01,block_or_occupancy,cross,block_nec,cross_stall,0,0.0,0.027638,0.040114,0.040114,1.0,8
c1_block_nec_01__c1_cross_stall_02,cross,c1_block_nec_01,c1_cross_stall_02,block_or_occupancy,cross,block_nec,cross_stall,0,0.0,0.038552,0.047641,0.047641,1.0,8
c1_block_nec_01__c1_cross_stall_03,cross,c1_block_nec_01,c1_cross_stall_03,block_or_occupancy,cross,block_nec,cross_stall,0,0.0,0.04467,0.051049,0.051049,1.0,8
c1_block_nec_01__c1_cross_stall_04,cross,c1_block_nec_01,c1_cross_stall_04,block_or_occupancy,cross,block_nec,cross_stall,0,1.0,0.037641,0.045961,0.045961,1.0,8
c1_block_nec_01__c1_cross_stall_05,cross,c1_block_nec_01,c1_cross_stall_05,block_or_occupancy,cross,block_nec,cross_stall,0,1.0,0.038969,0.046677,0.046677,1.0,8
c1_block_nec_01__c1_cross_stall_06,cross,c1_block_nec_01,c1_cross_stall_06,block_or_occupancy,cross,block_nec,cross_stall,0,1.0,0.015749,0.027311,0.027311,1.0,8
c1_block_nec_01__c1_cross_stall_07,cross,c1_block_nec_01,c1_cross_stall_07,block_or_occupancy,cross,block_nec,cross_stall,0,2.0,0.00972,0.025,0.025,1.0,8
c1_block_nec_01__c1_cross_stall_08,cross,c1_block_nec_01,c1_cross_stall_08,block_or_occupancy,cross,block_nec,cross_stall,0,2.0,0.015358,0.008906,0.008906,1.0,8
c1_block_nec_01__c1_cross_stall_occ_01,cross,c1_block_nec_01,c1_cross_stall_occ_01,block_or_occupancy,cross,block_nec,cross_stall_occ,0,0.0,0.3756,0.273469,0.273469,1.0,8
c1_block_nec_01__c1_cross_stall_occ_02,cross,c1_block_nec_01,c1_cross_stall_occ_02,block_or_occupancy,cross,block_nec,cross_stall_occ,0,0.0,0.376832,0.2741,0.2741,1.0,8
c1_block_nec_01__c1_cross_stall_occ_03,cross,c1_block_nec_01,c1_cross_stall_occ_03,block_or_occupancy,cross,block_nec,cross_stall_occ,0,1.0,0.342489,0.261455,0.261455,1.0,8
c1_block_nec_01__c1_cross_stall_occ_04,cross,c1_block_nec_01,c1_cross_stall_occ_04,block_or_occupancy,cross,block_nec,cross_stall_occ,0,1.0,0.344127,0.262207,0.262207,1.0,8
c1_block_nec_01__c1_cross_stall_occ_05,cross,c1_block_nec_01,c1_cross_stall_occ_05,block_or_occupancy,cross,block_nec,cross_stall_occ,0,2.0,0.384889,0.270397,0.270397,1.0,8
c1_block_nec_01__c1_cross_stall_occ_06,cross,c1_block_nec_01,c1_cross_stall_occ_06,block_or_occupancy,cross,block_nec,cross_stall_occ,0,2.0,0.360809,0.258014,0.258014,1.0,8
c1_block_nec_01__c1_cross_stall_occ_07,cross,c1_block_nec_01,c1_cross_stall_occ_07,block_or_occupancy,cross,block_nec,cross_stall_occ,0,0.0,0.355982,0.274628,0.274628,1.0,8
c1_block_nec_01__c1_cross_stall_occ_08,cross,c1_block_nec_01,c1_cross_stall_occ_08,block_or_occupancy,cross,block_nec,cross_stall_occ,0,1.0,0.318538,0.260105,0.260105,1.0,8
c1_block_nec_01__c1_lead_cont_01,cross,c1_block_nec_01,c1_lead_cont_01,block_or_occupancy,lead,block_nec,lead_cont,0,0.0,0.38754,0.280065,0.280065,1.0,8
c1_block_nec_01__c1_lead_cont_02,cross,c1_block_nec_01,c1_lead_cont_02,block_or_occupancy,lead,block_nec,lead_cont,0,0.0,0.416045,0.29465,0.29465,1.0,8
c1_block_nec_01__c1_lead_cont_03,cross,c1_block_nec_01,c1_lead_cont_03,block_or_occupancy,lead,block_nec,lead_cont,0,1.0,0.324035,0.261958,0.261958,1.0,8
c1_block_nec_01__c1_lead_cont_04,cross,c1_block_nec_01,c1_lead_cont_04,block_or_occupancy,lead,block_nec,lead_cont,0,1.0,0.384932,0.285222,0.285222,1.0,8
c1_block_nec_01__c1_lead_cont_05,cross,c1_block_nec_01,c1_lead_cont_05,block_or_occupancy,lead,block_nec,lead_cont,0,2.0,0.414494,0.289316,0.289316,1.0,8
c1_block_nec_01__c1_lead_cont_06,cross,c1_block_nec_01,c1_lead_cont_06,block_or_occupancy,lead,block_nec,lead_cont,0,2.0,0.417969,0.29099,0.29099,1.0,8
c1_block_nec_01__c1_lead_cont_07,cross,c1_block_nec_01,c1_lead_cont_07,block_or_occupancy,lead,block_nec,lead_cont,0,3.0,0.322853,0.252309,0.252309,1.0,8
c1_block_nec_01__c1_lead_cont_08,cross,c1_block_nec_01,c1_lead_cont_08,block_or_occupancy,lead,block_nec,lead_cont,0,3.0,0.400796,0.286862,0.286862,1.0,8
c1_block_nec_01__c1_lead_nec_01,cross,c1_block_nec_01,c1_lead_nec_01,block_or_occupancy,lead,block_nec,lead_nec,0,0.0,0.055377,0.057014,0.057014,1.0,8
c1_block_nec_01__c1_lead_nec_02,cross,c1_block_nec_01,c1_lead_nec_02,block_or_occupancy,lead,block_nec,lead_nec,0,0.0,0.083883,0.072206,0.072206,1.0,8
c1_block_nec_01__c1_lead_nec_03,cross,c1_block_nec_01,c1_lead_nec_03,block_or_occupancy,lead,block_nec,lead_nec,0,1.0,0.043466,0.049271,0.049271,1.0,8
c1_block_nec_01__c1_lead_nec_04,cross,c1_block_nec_01,c1_lead_nec_04,block_or_occupancy,lead,block_nec,lead_nec,0,1.0,0.074761,0.06687,0.06687,1.0,8
c1_block_nec_01__c1_lead_nec_05,cross,c1_block_nec_01,c1_lead_nec_05,block_or_occupancy,lead,block_nec,lead_nec,0,2.0,0.069858,0.063436,0.063436,1.0,8
c1_block_nec_01__c1_lead_nec_06,cross,c1_block_nec_01,c1_lead_nec_06,block_or_occupancy,lead,block_nec,lead_nec,0,2.0,0.073333,0.065111,0.065111,1.0,8
c1_block_nec_01__c1_lead_nec_07,cross,c1_block_nec_01,c1_lead_nec_07,block_or_occupancy,lead,block_nec,lead_nec,0,3.0,0.031268,0.033998,0.033998,1.0,8
c1_block_nec_01__c1_lead_nec_08,cross,c1_block_nec_01,c1_lead_nec_08,block_or_occupancy,lead,block_nec,lead_nec,0,3.0,0.067005,0.060736,0.060736,1.0,8
c1_block_nec_01__c1_lead_opt_01,cross,c1_block_nec_01,c1_lead_opt_01,block_or_occupancy,lead,block_nec,lead_opt,0,0.0,0.073222,0.068703,0.068703,1.0,8
c1_block_nec_01__c1_lead_opt_02,cross,c1_block_nec_01,c1_lead_opt_02,block_or_occupancy,lead,block_nec,lead_opt,0,0.0,0.082248,0.073251,0.073251,1.0,8
c1_block_nec_01__c1_lead_opt_03,cross,c1_block_nec_01,c1_lead_opt_03,block_or_occupancy,lead,block_nec,lead_opt,0,1.0,0.077163,0.070518,0.070518,1.0,8
c1_block_nec_01__c1_lead_opt_04,cross,c1_block_nec_01,c1_lead_opt_04,block_or_occupancy,lead,block_nec,lead_opt,0,1.0,0.060232,0.06104,0.06104,1.0,8
c1_block_nec_01__c1_lead_opt_05,cross,c1_block_nec_01,c1_lead_opt_05,block_or_occupancy,lead,block_nec,lead_opt,0,2.0,0.059118,0.059852,0.059852,1.0,8
c1_block_nec_01__c1_lead_opt_06,cross,c1_block_nec_01,c1_lead_opt_06,block_or_occupancy,lead,block_nec,lead_opt,0,2.0,0.048825,0.053005,0.053005,1.0,8
c1_block_nec_01__c1_lead_opt_07,cross,c1_block_nec_01,c1_lead_opt_07,block_or_occupancy,lead,block_nec,lead_opt,0,3.0,0.036272,0.024502,0.024502,1.0,8
c1_block_nec_01__c1_lead_opt_08,cross,c1_block_nec_01,c1_lead_opt_08,block_or_occupancy,lead,block_nec,lead_opt,0,3.0,0.058309,0.052335,0.052335,1.0,8
c1_block_nec_02__c1_cross_clear_01,cross,c1_block_nec_02,c1_cross_clear_01,block_or_occupancy,cross,block_nec,cross_clear,0,0.0,0.10408,0.04311,0.04311,1.0,8
c1_block_nec_02__c1_cross_clear_02,cross,c1_block_nec_02,c1_cross_clear_02,block_or_occupancy,cross,block_nec,cross_clear,0,0.0,0.117793,0.053461,0.053461,1.0,8
c1_block_nec_02__c1_cross_clear_03,cross,c1_block_nec_02,c1_cross_clear_03,block_or_occupancy,cross,block_nec,cross_clear,0,0.0,0.092875,0.044593,0.044593,1.0,8
c1_block_nec_02__c1_cross_clear_04,cross,c1_block_nec_02,c1_cross_clear_04,block_or_occupancy,cross,block_nec,cross_clear,0,0.0,0.088703,0.051395,0.051395,1.0,8
c1_block_nec_02__c1_cross_clear_05,cross,c1_block_nec_02,c1_cross_clear_05,block_or_occupancy,cross,block_nec,cross_clear,0,1.0,0.096078,0.056774,0.056774,1.0,8
c1_block_nec_02__c1_cross_clear_06,cross,c1_block_nec_02,c1_cross_clear_06,block_or_occupancy,cross,block_nec,cross_clear,0,1.0,0.096225,0.051539,0.051539,1.0,8
c1_block_nec_02__c1_cross_clear_07,cross,c1_block_nec_02,c1_cross_clear_07,block_or_occupancy,cross,block_nec,cross_clear,0,2.0,0.241343,0.2083,0.2083,1.0,8
c1_block_nec_02__c1_cross_clear_08,cross,c1_block_nec_02,c1_cross_clear_08,block_or_occupancy,cross,block_nec,cross_clear,0,2.0,0.249381,0.190114,0.190114,1.0,8
c1_block_nec_02__c1_cross_stall_01,cross,c1_block_nec_02,c1_cross_stall_01,block_or_occupancy,cross,block_nec,cross_stall,0,0.0,0.007345,0.010208,0.010208,1.0,8
c1_block_nec_02__c1_cross_stall_02,cross,c1_block_nec_02,c1_cross_stall_02,block_or_occupancy,cross,block_nec,cross_stall,0,0.0,0.018259,0.017735,0.017735,1.0,8
c1_block_nec_02__c1_cross_stall_03,cross,c1_block_nec_02,c1_cross_stall_03,block_or_occupancy,cross,block_nec,cross_stall,0,0.0,0.024377,0.021143,0.021143,1.0,8
c1_block_nec_02__c1_cross_stall_04,cross,c1_block_nec_02,c1_cross_stall_04,block_or_occupancy,cross,block_nec,cross_stall,0,1.0,0.017348,0.016055,0.016055,1.0,8
c1_block_nec_02__c1_cross_stall_05,cross,c1_block_nec_02,c1_cross_stall_05,block_or_occupancy,cross,block_nec,cross_stall,0,1.0,0.018676,0.016771,0.016771,1.0,8
c1_block_nec_02__c1_cross_stall_06,cross,c1_block_nec_02,c1_cross_stall_06,block_or_occupancy,cross,block_nec,cross_stall,0,1.0,0.004657,0.005988,0.005988,1.0,8
c1_block_nec_02__c1_cross_stall_07,cross,c1_block_nec_02,c1_cross_stall_07,block_or_occupancy,cross,block_nec,cross_stall,0,2.0,0.028752,0.054651,0.054651,1.0,8
c1_block_nec_02__c1_cross_stall_08,cross,c1_block_nec_02,c1_cross_stall_08,block_or_occupancy,cross,block_nec,cross_stall,0,2.0,0.012079,0.022721,0.022721,1.0,8
c1_block_nec_02__c1_cross_stall_occ_01,cross,c1_block_nec_02,c1_cross_stall_occ_01,block_or_occupancy,cross,block_nec,cross_stall_occ,0,0.0,0.360671,0.280654,0.280654,1.0,8
c1_block_nec_02__c1_cross_stall_occ_02,cross,c1_block_nec_02,c1_cross_stall_occ_02,block_or_occupancy,cross,block_nec,cross_stall_occ,0,0.0,0.361903,0.281284,0.281284,1.0,8
c1_block_nec_02__c1_cross_stall_occ_03,cross,c1_block_nec_02,c1_cross_stall_occ_03,block_or_occupancy,cross,block_nec,cross_stall_occ,0,1.0,0.327561,0.268672,0.268672,1.0,8
c1_block_nec_02__c1_cross_stall_occ_04,cross,c1_block_nec_02,c1_cross_stall_occ_04,block_or_occupancy,cross,block_nec,cross_stall_occ,0,1.0,0.329198,0.269424,0.269424,1.0,8
c1_block_nec_02__c1_cross_stall_occ_05,cross,c1_block_nec_02,c1_cross_stall_occ_05,block_or_occupancy,cross,block_nec,cross_stall_occ,0,2.0,0.395761,0.296176,0.296176,1.0,8
c1_block_nec_02__c1_cross_stall_occ_06,cross,c1_block_nec_02,c1_cross_stall_occ_06,block_or_occupancy,cross,block_nec,cross_stall_occ,0,2.0,0.356088,0.275389,0.275389,1.0,8
c1_block_nec_02__c1_cross_stall_occ_07,cross,c1_block_nec_02,c1_cross_stall_occ_07,block_or_occupancy,cross,block_nec,cross_stall_occ,0,0.0,0.341054,0.276529,0.276529,1.0,8
c1_block_nec_02__c1_cross_stall_occ_08,cross,c1_block_nec_02,c1_cross_stall_occ_08,block_or_occupancy,cross,block_nec,cross_stall_occ,0,1.0,0.303609,0.261637,0.261637,1.0,8
c1_block_nec_02__c1_lead_cont_01,cross,c1_block_nec_02,c1_lead_cont_01,block_or_occupancy,lead,block_nec,lead_cont,0,0.0,0.372611,0.28725,0.28725,1.0,8
c1_block_nec_02__c1_lead_cont_02,cross,c1_block_nec_02,c1_lead_cont_02,block_or_occupancy,lead,block_nec,lead_cont,0,0.0,0.401117,0.301835,0.301835,1.0,8
c1_block_nec_02__c1_lead_cont_03,cross,c1_block_nec_02,c1_lead_cont_03,block_or_occupancy,lead,block_nec,lead_cont,0,1.0,0.309107,0.26349,0.26349,1.0,8
c1_block_nec_02__c1_lead_cont_04,cross,c1_block_nec_02,c1_lead_cont_04,block_or_occupancy,lead,block_nec,lead_cont,0,1.0,0.370003,0.292407,0.292407,1.0,8
c1_block_nec_02__c1_lead_cont_05,cross,c1_block_nec_02,c1_lead_cont_05,block_or_occupancy,lead,block_nec,lead_cont,0,2.0,0.399565,0.2965,0.2965,1.0,8
c1_block_nec_02__c1_lead_cont_06,cross,c1_block_nec_02,c1_lead_cont_06,block_or_occupancy,lead,block_nec,lead_cont,0,2.0,0.40304,0.298175,0.298175,1.0,8
c1_block_nec_02__c1_lead_cont_07,cross,c1_block_nec_02,c1_lead_cont_07,block_or_occupancy,lead,block_nec,lead_cont,0,3.0,0.308744,0.256145,0.256145,1.0,8
c1_block_nec_02__c1_lead_cont_08,cross,c1_block_nec_02,c1_lead_cont_08,block_or_occupancy,lead,block_nec,lead_cont,0,3.0,0.385867,0.294047,0.294047,1.0,8
c1_block_nec_02__c1_lead_nec_01,cross,c1_block_nec_02,c1_lead_nec_01,block_or_occupancy,lead,block_nec,lead_nec,0,0.0,0.035084,0.027108,0.027108,1.0,8
c1_block_nec_02__c1_lead_nec_02,cross,c1_block_nec_02,c1_lead_nec_02,block_or_occupancy,lead,block_nec,lead_nec,0,0.0,0.06359,0.042301,0.042301,1.0,8
c1_block_nec_02__c1_lead_nec_03,cross,c1_block_nec_02,c1_lead_nec_03,block_or_occupancy,lead,block_nec,lead_nec,0,1.0,0.023172,0.019366,0.019366,1.0,8
c1_block_nec_02__c1_lead_nec_04,cross,c1_block_nec_02,c1_lead_nec_04,block_or_occupancy,lead,block_nec,lead_nec,0,1.0,0.054468,0.036964,0.036964,1.0,8
c1_block_nec_02__c1_lead_nec_05,cross,c1_block_nec_02,c1_lead_nec_05,block_or_occupancy,lead,block_nec,lead_nec,0,2.0,0.049565,0.033531,0.033531,1.0,8
c1_block_nec_02__c1_lead_nec_06,cross,c1_block_nec_02,c1_lead_nec_06,block_or_occupancy,lead,block_nec,lead_nec,0,2.0,0.05304,0.035205,0.035205,1.0,8
c1_block_nec_02__c1_lead_nec_07,cross,c1_block_nec_02,c1_lead_nec_07,block_or_occupancy,lead,block_nec,lead_nec,0,3.0,0.011794,0.006248,0.006248,1.0,8
c1_block_nec_02__c1_lead_nec_08,cross,c1_block_nec_02,c1_lead_nec_08,block_or_occupancy,lead,block_nec,lead_nec,0,3.0,0.046712,0.03083,0.03083,1.0,8
c1_block_nec_02__c1_lead_opt_01,cross,c1_block_nec_02,c1_lead_opt_01,block_or_occupancy,lead,block_nec,lead_opt,0,0.0,0.052929,0.038797,0.038797,1.0,8
c1_block_nec_02__c1_lead_opt_02,cross,c1_block_nec_02,c1_lead_opt_02,block_or_occupancy,lead,block_nec,lead_opt,0,0.0,0.061955,0.043345,0.043345,1.0,8
c1_block_nec_02__c1_lead_opt_03,cross,c1_block_nec_02,c1_lead_opt_03,block_or_occupancy,lead,block_nec,lead_opt,0,1.0,0.05687,0.040612,0.040612,1.0,8
c1_block_nec_02__c1_lead_opt_04,cross,c1_block_nec_02,c1_lead_opt_04,block_or_occupancy,lead,block_nec,lead_opt,0,1.0,0.039939,0.031134,0.031134,1.0,8
c1_block_nec_02__c1_lead_opt_05,cross,c1_block_nec_02,c1_lead_opt_05,block_or_occupancy,lead,block_nec,lead_opt,0,2.0,0.038825,0.029946,0.029946,1.0,8
c1_block_nec_02__c1_lead_opt_06,cross,c1_block_nec_02,c1_lead_opt_06,block_or_occupancy,lead,block_nec,lead_opt,0,2.0,0.028532,0.023099,0.023099,1.0,8
c1_block_nec_02__c1_lead_opt_07,cross,c1_block_nec_02,c1_lead_opt_07,block_or_occupancy,lead,block_nec,lead_opt,0,3.0,0.021752,0.021115,0.021115,1.0,8
c1_block_nec_02__c1_lead_opt_08,cross,c1_block_nec_02,c1_lead_opt_08,block_or_occupancy,lead,block_nec,lead_opt,0,3.0,0.038016,0.02243,0.02243,1.0,8
c1_block_nec_03__c1_cross_clear_01,cross,c1_block_nec_03,c1_cross_clear_01,block_or_occupancy,cross,block_nec,cross_clear,0,1.0,0.125124,0.070754,0.070754,1.0,8
c1_block_nec_03__c1_cross_clear_02,cross,c1_block_nec_03,c1_cross_clear_02,block_or_occupancy,cross,block_nec,cross_clear,0,1.0,0.133533,0.069356,0.069356,1.0,8
c1_block_nec_03__c1_cross_clear_03,cross,c1_block_nec_03,c1_cross_clear_03,block_or_occupancy,cross,block_nec,cross_clear,0,1.0,0.112493,0.075655,0.075655,1.0,8
c1_block_nec_03__c1_cross_clear_04,cross,c1_block_nec_03,c1_cross_clear_04,block_or_occupancy,cross,block_nec,cross_clear,0,1.0,0.104442,0.069149,0.069149,1.0,8
c1_block_nec_03__c1_cross_clear_05,cross,c1_block_nec_03,c1_cross_clear_05,block_or_occupancy,cross,block_nec,cross_clear,0,0.0,0.116373,0.088813,0.088813,1.0,8
c1_block_nec_03__c1_cross_clear_06,cross,c1_block_nec_03,c1_cross_clear_06,block_or_occupancy,cross,block_nec,cross_clear,0,0.0,0.111965,0.069962,0.069962,1.0,8
c1_block_nec_03__c1_cross_clear_07,cross,c1_block_nec_03,c1_cross_clear_07,block_or_occupancy,cross,block_nec,cross_clear,0,1.0,0.255453,0.235736,0.235736,1.0,8
c1_block_nec_03__c1_cross_clear_08,cross,c1_block_nec_03,c1_cross_clear_08,block_or_occupancy,cross,block_nec,cross_clear,0,1.0,0.228813,0.153262,0.153262,1.0,8
c1_block_nec_03__c1_cross_stall_01,cross,c1_block_nec_03,c1_cross_stall_01,block_or_occupancy,cross,block_nec,cross_stall,0,1.0,0.031046,0.049591,0.049591,1.0,8
c1_block_nec_03__c1_cross_stall_02,cross,c1_block_nec_03,c1_cross_stall_02,block_or_occupancy,cross,block_nec,cross_stall,0,1.0,0.04196,0.057118,0.057118,1.0,8
c1_block_nec_03__c1_cross_stall_03,cross,c1_block_nec_03,c1_cross_stall_03,block_or_occupancy,cross,block_nec,cross_stall,0,1.0,0.048077,0.060526,0.060526,1.0,8
c1_block_nec_03__c1_cross_stall_04,cross,c1_block_nec_03,c1_cross_stall_04,block_or_occupancy,cross,block_nec,cross_stall,0,0.0,0.041049,0.055437,0.055437,1.0,8
c1_block_nec_03__c1_cross_stall_05,cross,c1_block_nec_03,c1_cross_stall_05,block_or_occupancy,cross,block_nec,cross_stall,0,0.0,0.042376,0.056154,0.056154,1.0,8
c1_block_nec_03__c1_cross_stall_06,cross,c1_block_nec_03,c1_cross_stall_06,block_or_occupancy,cross,block_nec,cross_stall,0,0.0,0.019157,0.036787,0.036787,1.0,8
c1_block_nec_03__c1_cross_stall_07,cross,c1_block_nec_03,c1_cross_stall_07,block_or_occupancy,cross,block_nec,cross_stall,0,1.0,0.005329,0.015488,0.015488,1.0,8
c1_block_nec_03__c1_cross_stall_08,cross,c1_block_nec_03,c1_cross_stall_08,block_or_occupancy,cross,block_nec,cross_stall,0,1.0,0.016169,0.016919,0.016919,1.0,8
c1_block_nec_03__c1_cross_stall_occ_01,cross,c1_block_nec_03,c1_cross_stall_occ_01,block_or_occupancy,cross,block_nec,cross_stall_occ,0,1.0,0.376411,0.269945,0.269945,1.0,8
c1_block_nec_03__c1_cross_stall_occ_02,cross,c1_block_nec_03,c1_cross_stall_occ_02,block_or_occupancy,cross,block_nec,cross_stall_occ,0,1.0,0.377643,0.270576,0.270576,1.0,8
c1_block_nec_03__c1_cross_stall_occ_03,cross,c1_block_nec_03,c1_cross_stall_occ_03,block_or_occupancy,cross,block_nec,cross_stall_occ,0,0.0,0.343301,0.257931,0.257931,1.0,8
c1_block_nec_03__c1_cross_stall_occ_04,cross,c1_block_nec_03,c1_cross_stall_occ_04,block_or_occupancy,cross,block_nec,cross_stall_occ,0,0.0,0.344938,0.258683,0.258683,1.0,8
c1_block_nec_03__c1_cross_stall_occ_05,cross,c1_block_nec_03,c1_cross_stall_occ_05,block_or_occupancy,cross,block_nec,cross_stall_occ,0,1.0,0.380952,0.260965,0.260965,1.0,8
c1_block_nec_03__c1_cross_stall_occ_06,cross,c1_block_nec_03,c1_cross_stall_occ_06,block_or_occupancy,cross,block_nec,cross_stall_occ,0,1.0,0.36162,0.254079,0.254079,1.0,8
c1_block_nec_03__c1_cross_stall_occ_07,cross,c1_block_nec_03,c1_cross_stall_occ_07,block_or_occupancy,cross,block_nec,cross_stall_occ,0,1.0,0.356794,0.273979,0.273979,1.0,8
c1_block_nec_03__c1_cross_stall_occ_08,cross,c1_block_nec_03,c1_cross_stall_occ_08,block_or_occupancy,cross,block_nec,cross_stall_occ,0,0.0,0.319349,0.259661,0.259661,1.0,8
c1_block_nec_03__c1_lead_cont_01,cross,c1_block_nec_03,c1_lead_cont_01,block_or_occupancy,lead,block_nec,lead_cont,0,1.0,0.388351,0.276541,0.276541,1.0,8
c1_block_nec_03__c1_lead_cont_02,cross,c1_block_nec_03,c1_lead_cont_02,block_or_occupancy,lead,block_nec,lead_cont,0,1.0,0.416857,0.291126,0.291126,1.0,8
c1_block_nec_03__c1_lead_cont_03,cross,c1_block_nec_03,c1_lead_cont_03,block_or_occupancy,lead,block_nec,lead_cont,0,0.0,0.324847,0.261576,0.261576,1.0,8
c1_block_nec_03__c1_lead_cont_04,cross,c1_block_nec_03,c1_lead_cont_04,block_or_occupancy,lead,block_nec,lead_cont,0,0.0,0.385743,0.281698,0.281698,1.0,8
c1_block_nec_03__c1_lead_cont_05,cross,c1_block_nec_03,c1_lead_cont_05,block_or_occupancy,lead,block_nec,lead_cont,0,1.0,0.415305,0.285792,0.285792,1.0,8
c1_block_nec_03__c1_lead_cont_06,cross,c1_block_nec_03,c1_lead_cont_06,block_or_occupancy,lead,block_nec,lead_cont,0,1.0,0.41878,0.287466,0.287466,1.0,8
c1_block_nec_03__c1_lead_cont_07,cross,c1_block_nec_03,c1_lead_cont_07,block_or_occupancy,lead,block_nec,lead_cont,0,2.0,0.323665,0.25142,0.25142,1.0,8
c1_block_nec_03__c1_lead_cont_08,cross,c1_block_nec_03,c1_lead_cont_08,block_or_occupancy,lead,block_nec,lead_cont,0,2.0,0.401607,0.283338,0.283338,1.0,8
c1_block_nec_03__c1_lead_nec_01,cross,c1_block_nec_03,c1_lead_nec_01,block_or_occupancy,lead,block_nec,lead_nec,0,1.0,0.058785,0.066491,0.066491,1.0,8
c1_block_nec_03__c1_lead_nec_02,cross,c1_block_nec_03,c1_lead_nec_02,block_or_occupancy,lead,block_nec,lead_nec,0,1.0,0.08729,0.081683,0.081683,1.0,8
c1_block_nec_03__c1_lead_nec_03,cross,c1_block_nec_03,c1_lead_nec_03,block_or_occupancy,lead,block_nec,lead_nec,0,0.0,0.046873,0.058748,0.058748,1.0,8
c1_block_nec_03__c1_lead_nec_04,cross,c1_block_nec_03,c1_lead_nec_04,block_or_occupancy,lead,block_nec,lead_nec,0,0.0,0.078168,0.076347,0.076347,1.0,8
c1_block_nec_03__c1_lead_nec_05,cross,c1_block_nec_03,c1_lead_nec_05,block_or_occupancy,lead,block_nec,lead_nec,0,1.0,0.073266,0.072913,0.072913,1.0,8
c1_block_nec_03__c1_lead_nec_06,cross,c1_block_nec_03,c1_lead_nec_06,block_or_occupancy,lead,block_nec,lead_nec,0,1.0,0.076741,0.074587,0.074587,1.0,8
c1_block_nec_03__c1_lead_nec_07,cross,c1_block_nec_03,c1_lead_nec_07,block_or_occupancy,lead,block_nec,lead_nec,0,2.0,0.034676,0.043441,0.043441,1.0,8
c1_block_nec_03__c1_lead_nec_08,cross,c1_block_nec_03,c1_lead_nec_08,block_or_occupancy,lead,block_nec,lead_nec,0,2.0,0.070412,0.070213,0.070213,1.0,8
c1_block_nec_03__c1_lead_opt_01,cross,c1_block_nec_03,c1_lead_opt_01,block_or_occupancy,lead,block_nec,lead_opt,0,1.0,0.076629,0.07818,0.07818,1.0,8
c1_block_nec_03__c1_lead_opt_02,cross,c1_block_nec_03,c1_lead_opt_02,block_or_occupancy,lead,block_nec,lead_opt,0,1.0,0.085656,0.082728,0.082728,1.0,8
c1_block_nec_03__c1_lead_opt_03,cross,c1_block_nec_03,c1_lead_opt_03,block_or_occupancy,lead,block_nec,lead_opt,0,0.0,0.080571,0.079994,0.079994,1.0,8
c1_block_nec_03__c1_lead_opt_04,cross,c1_block_nec_03,c1_lead_opt_04,block_or_occupancy,lead,block_nec,lead_opt,0,0.0,0.063639,0.070517,0.070517,1.0,8
c1_block_nec_03__c1_lead_opt_05,cross,c1_block_nec_03,c1_lead_opt_05,block_or_occupancy,lead,block_nec,lead_opt,0,1.0,0.062526,0.069329,0.069329,1.0,8
c1_block_nec_03__c1_lead_opt_06,cross,c1_block_nec_03,c1_lead_opt_06,block_or_occupancy,lead,block_nec,lead_opt,0,1.0,0.052233,0.062482,0.062482,1.0,8
c1_block_nec_03__c1_lead_opt_07,cross,c1_block_nec_03,c1_lead_opt_07,block_or_occupancy,lead,block_nec,lead_opt,0,2.0,0.03968,0.033979,0.033979,1.0,8
c1_block_nec_03__c1_lead_opt_08,cross,c1_block_nec_03,c1_lead_opt_08,block_or_occupancy,lead,block_nec,lead_opt,0,2.0,0.061717,0.061812,0.061812,1.0,8
c1_block_nec_04__c1_cross_clear_01,cross,c1_block_nec_04,c1_cross_clear_01,block_or_occupancy,cross,block_nec,cross_clear,0,1.0,0.110177,0.048465,0.048465,1.0,8
c1_block_nec_04__c1_cross_clear_02,cross,c1_block_nec_04,c1_cross_clear_02,block_or_occupancy,cross,block_nec,cross_clear,0,1.0,0.12389,0.057324,0.057324,1.0,8
c1_block_nec_04__c1_cross_clear_03,cross,c1_block_nec_04,c1_cross_clear_03,block_or_occupancy,cross,block_nec,cross_clear,0,1.0,0.098972,0.054078,0.054078,1.0,8
c1_block_nec_04__c1_cross_clear_04,cross,c1_block_nec_04,c1_cross_clear_04,block_or_occupancy,cross,block_nec,cross_clear,0,1.0,0.094799,0.057268,0.057268,1.0,8
c1_block_nec_04__c1_cross_clear_05,cross,c1_block_nec_04,c1_cross_clear_05,block_or_occupancy,cross,block_nec,cross_clear,0,0.0,0.102175,0.066439,0.066439,1.0,8
c1_block_nec_04__c1_cross_clear_06,cross,c1_block_nec_04,c1_cross_clear_06,block_or_occupancy,cross,block_nec,cross_clear,0,0.0,0.102322,0.055532,0.055532,1.0,8
c1_block_nec_04__c1_cross_clear_07,cross,c1_block_nec_04,c1_cross_clear_07,block_or_occupancy,cross,block_nec,cross_clear,0,1.0,0.243354,0.215407,0.215407,1.0,8
c1_block_nec_04__c1_cross_clear_08,cross,c1_block_nec_04,c1_cross_clear_08,block_or_occupancy,cross,block_nec,cross_clear,0,1.0,0.243687,0.179113,0.179113,1.0,8
c1_block_nec_04__c1_cross_stall_01,cross,c1_block_nec_04,c1_cross_stall_01,block_or_occupancy,cross,block_nec,cross_stall,0,1.0,0.013442,0.021724,0.021724,1.0,8
c1_block_nec_04__c1_cross_stall_02,cross,c1_block_nec_04,c1_cross_stall_02,block_or_occupancy,cross,block_nec,cross_stall,0,1.0,0.024356,0.029251,0.029251,1.0,8
c1_block_nec_04__c1_cross_stall_03,cross,c1_block_nec_04,c1_cross_stall_03,block_or_occupancy,cross,block_nec,cross_stall,0,1.0,0.030473,0.032659,0.032659,1.0,8
c1_block_nec_04__c1_cross_stall_04,cross,c1_block_nec_04,c1_cross_stall_04,block_or_occupancy,cross,block_nec,cross_stall,0,0.0,0.023445,0.02757,0.02757,1.0,8
c1_block_nec_04__c1_cross_stall_05,cross,c1_block_nec_04,c1_cross_stall_05,block_or_occupancy,cross,block_nec,cross_stall,0,0.0,0.024772,0.028287,0.028287,1.0,8
c1_block_nec_04__c1_cross_stall_06,cross,c1_block_nec_04,c1_cross_stall_06,block_or_occupancy,cross,block_nec,cross_stall,0,0.0,0.001553,0.00892,0.00892,1.0,8
c1_block_nec_04__c1_cross_stall_07,cross,c1_block_nec_04,c1_cross_stall_07,block_or_occupancy,cross,block_nec,cross_stall,0,1.0,0.022655,0.043136,0.043136,1.0,8
c1_block_nec_04__c1_cross_stall_08,cross,c1_block_nec_04,c1_cross_stall_08,block_or_occupancy,cross,block_nec,cross_stall,0,1.0,0.008055,0.011913,0.011913,1.0,8
c1_block_nec_04__c1_cross_stall_occ_01,cross,c1_block_nec_04,c1_cross_stall_occ_01,block_or_occupancy,cross,block_nec,cross_stall_occ,0,1.0,0.366768,0.279487,0.279487,1.0,8
c1_block_nec_04__c1_cross_stall_occ_02,cross,c1_block_nec_04,c1_cross_stall_occ_02,block_or_occupancy,cross,block_nec,cross_stall_occ,0,1.0,0.368,0.280118,0.280118,1.0,8
c1_block_nec_04__c1_cross_stall_occ_03,cross,c1_block_nec_04,c1_cross_stall_occ_03,block_or_occupancy,cross,block_nec,cross_stall_occ,0,0.0,0.333657,0.267473,0.267473,1.0,8
c1_block_nec_04__c1_cross_stall_occ_04,cross,c1_block_nec_04,c1_cross_stall_occ_04,block_or_occupancy,cross,block_nec,cross_stall_occ,0,0.0,0.335295,0.268225,0.268225,1.0,8
c1_block_nec_04__c1_cross_stall_occ_05,cross,c1_block_nec_04,c1_cross_stall_occ_05,block_or_occupancy,cross,block_nec,cross_stall_occ,0,1.0,0.391478,0.285998,0.285998,1.0,8
c1_block_nec_04__c1_cross_stall_occ_06,cross,c1_block_nec_04,c1_cross_stall_occ_06,block_or_occupancy,cross,block_nec,cross_stall_occ,0,1.0,0.35285,0.265086,0.265086,1.0,8
c1_block_nec_04__c1_cross_stall_occ_07,cross,c1_block_nec_04,c1_cross_stall_occ_07,block_or_occupancy,cross,block_nec,cross_stall_occ,0,1.0,0.347151,0.277524,0.277524,1.0,8
c1_block_nec_04__c1_cross_stall_occ_08,cross,c1_block_nec_04,c1_cross_stall_occ_08,block_or_occupancy,cross,block_nec,cross_stall_occ,0,0.0,0.309706,0.26325,0.26325,1.0,8
c1_block_nec_04__c1_lead_cont_01,cross,c1_block_nec_04,c1_lead_cont_01,block_or_occupancy,lead,block_nec,lead_cont,0,1.0,0.378708,0.286083,0.286083,1.0,8
c1_block_nec_04__c1_lead_cont_02,cross,c1_block_nec_04,c1_lead_cont_02,block_or_occupancy,lead,block_nec,lead_cont,0,1.0,0.407213,0.300668,0.300668,1.0,8
c1_block_nec_04__c1_lead_cont_03,cross,c1_block_nec_04,c1_lead_cont_03,block_or_occupancy,lead,block_nec,lead_cont,0,0.0,0.315203,0.265101,0.265101,1.0,8
c1_block_nec_04__c1_lead_cont_04,cross,c1_block_nec_04,c1_lead_cont_04,block_or_occupancy,lead,block_nec,lead_cont,0,0.0,0.3761,0.29124,0.29124,1.0,8
c1_block_nec_04__c1_lead_cont_05,cross,c1_block_nec_04,c1_lead_cont_05,block_or_occupancy,lead,block_nec,lead_cont,0,1.0,0.405662,0.295334,0.295334,1.0,8
c1_block_nec_04__c1_lead_cont_06,cross,c1_block_nec_04,c1_lead_cont_06,block_or_occupancy,lead,block_nec,lead_cont,0,1.0,0.409137,0.297008,0.297008,1.0,8
c1_block_nec_04__c1_lead_cont_07,cross,c1_block_nec_04,c1_lead_cont_07,block_or_occupancy,lead,block_nec,lead_cont,0,2.0,0.314022,0.255711,0.255711,1.0,8
c1_block_nec_04__c1_lead_cont_08,cross,c1_block_nec_04,c1_lead_cont_08,block_or_occupancy,lead,block_nec,lead_cont,0,2.0,0.391964,0.29288,0.29288,1.0,8
c1_block_nec_04__c1_lead_nec_01,cross,c1_block_nec_04,c1_lead_nec_01,block_or_occupancy,lead,block_nec,lead_nec,0,1.0,0.041181,0.038624,0.038624,1.0,8
c1_block_nec_04__c1_lead_nec_02,cross,c1_block_nec_04,c1_lead_nec_02,block_or_occupancy,lead,block_nec,lead_nec,0,1.0,0.069687,0.053816,0.053816,1.0,8
c1_block_nec_04__c1_lead_nec_03,cross,c1_block_nec_04,c1_lead_nec_03,block_or_occupancy,lead,block_nec,lead_nec,0,0.0,0.029269,0.030881,0.030881,1.0,8
c1_block_nec_04__c1_lead_nec_04,cross,c1_block_nec_04,c1_lead_nec_04,block_or_occupancy,lead,block_nec,lead_nec,0,0.0,0.060565,0.04848,0.04848,1.0,8
c1_block_nec_04__c1_lead_nec_05,cross,c1_block_nec_04,c1_lead_nec_05,block_or_occupancy,lead,block_nec,lead_nec,0,1.0,0.055662,0.045046,0.045046,1.0,8
c1_block_nec_04__c1_lead_nec_06,cross,c1_block_nec_04,c1_lead_nec_06,block_or_occupancy,lead,block_nec,lead_nec,0,1.0,0.059137,0.04672,0.04672,1.0,8
c1_block_nec_04__c1_lead_nec_07,cross,c1_block_nec_04,c1_lead_nec_07,block_or_occupancy,lead,block_nec,lead_nec,0,2.0,0.017072,0.015598,0.015598,1.0,8
c1_block_nec_04__c1_lead_nec_08,cross,c1_block_nec_04,c1_lead_nec_08,block_or_occupancy,lead,block_nec,lead_nec,0,2.0,0.052808,0.042346,0.042346,1.0,8
c1_block_nec_04__c1_lead_opt_01,cross,c1_block_nec_04,c1_lead_opt_01,block_or_occupancy,lead,block_nec,lead_opt,0,1.0,0.059026,0.050313,0.050313,1.0,8
c1_block_nec_04__c1_lead_opt_02,cross,c1_block_nec_04,c1_lead_opt_02,block_or_occupancy,lead,block_nec,lead_opt,0,1.0,0.068052,0.054861,0.054861,1.0,8
c1_block_nec_04__c1_lead_opt_03,cross,c1_block_nec_04,c1_lead_opt_03,block_or_occupancy,lead,block_nec,lead_opt,0,0.0,0.062967,0.052127,0.052127,1.0,8
c1_block_nec_04__c1_lead_opt_04,cross,c1_block_nec_04,c1_lead_opt_04,block_or_occupancy,lead,block_nec,lead_opt,0,0.0,0.046036,0.04265,0.04265,1.0,8
c1_block_nec_04__c1_lead_opt_05,cross,c1_block_nec_04,c1_lead_opt_05,block_or_occupancy,lead,block_nec,lead_opt,0,1.0,0.044922,0.041462,0.041462,1.0,8
c1_block_nec_04__c1_lead_opt_06,cross,c1_block_nec_04,c1_lead_opt_06,block_or_occupancy,lead,block_nec,lead_opt,0,1.0,0.034629,0.034614,0.034614,1.0,8
c1_block_nec_04__c1_lead_opt_07,cross,c1_block_nec_04,c1_lead_opt_07,block_or_occupancy,lead,block_nec,lead_opt,0,2.0,0.024044,0.016549,0.016549,1.0,8
c1_block_nec_04__c1_lead_opt_08,cross,c1_block_nec_04,c1_lead_opt_08,block_or_occupancy,lead,block_nec,lead_opt,0,2.0,0.044113,0.033945,0.033945,1.0,8
c1_block_nec_05__c1_cross_clear_01,cross,c1_block_nec_05,c1_cross_clear_01,block_or_occupancy,cross,block_nec,cross_clear,0,2.0,0.130439,0.091308,0.091308,1.0,8
c1_block_nec_05__c1_cross_clear_02,cross,c1_block_nec_05,c1_cross_clear_02,block_or_occupancy,cross,block_nec,cross_clear,0,2.0,0.135465,0.081736,0.081736,1.0,8
c1_block_nec_05__c1_cross_clear_03,cross,c1_block_nec_05,c1_cross_clear_03,block_or_occupancy,cross,block_nec,cross_clear,0,2.0,0.117531,0.097829,0.097829,1.0,8
c1_block_nec_05__c1_cross_clear_04,cross,c1_block_nec_05,c1_cross_clear_04,block_or_occupancy,cross,block_nec,cross_clear,0,2.0,0.106979,0.086523,0.086523,1.0,8
c1_block_nec_05__c1_cross_clear_05,cross,c1_block_nec_05,c1_cross_clear_05,block_or_occupancy,cross,block_nec,cross_clear,0,1.0,0.124114,0.108231,0.108231,1.0,8
c1_block_nec_05__c1_cross_clear_06,cross,c1_block_nec_05,c1_cross_clear_06,block_or_occupancy,cross,block_nec,cross_clear,0,1.0,0.113896,0.087355,0.087355,1.0,8
c1_block_nec_05__c1_cross_clear_07,cross,c1_block_nec_05,c1_cross_clear_07,block_or_occupancy,cross,block_nec,cross_clear,0,0.0,0.262416,0.237759,0.237759,1.0,8
c1_block_nec_05__c1_cross_clear_08,cross,c1_block_nec_05,c1_cross_clear_08,block_or_occupancy,cross,block_nec,cross_clear,0,0.0,0.218383,0.127562,0.127562,1.0,8
c1_block_nec_05__c1_cross_stall_01,cross,c1_block_nec_05,c1_cross_stall_01,block_or_occupancy,cross,block_nec,cross_stall,0,2.0,0.042875,0.076649,0.076649,1.0,8
c1_block_nec_05__c1_cross_stall_02,cross,c1_block_nec_05,c1_cross_stall_02,block_or_occupancy,cross,block_nec,cross_stall,0,2.0,0.053789,0.084175,0.084175,1.0,8
c1_block_nec_05__c1_cross_stall_03,cross,c1_block_nec_05,c1_cross_stall_03,block_or_occupancy,cross,block_nec,cross_stall,0,2.0,0.059906,0.087584,0.087584,1.0,8
c1_block_nec_05__c1_cross_stall_04,cross,c1_block_nec_05,c1_cross_stall_04,block_or_occupancy,cross,block_nec,cross_stall,0,1.0,0.052878,0.082495,0.082495,1.0,8
c1_block_nec_05__c1_cross_stall_05,cross,c1_block_nec_05,c1_cross_stall_05,block_or_occupancy,cross,block_nec,cross_stall,0,1.0,0.054205,0.083211,0.083211,1.0,8
c1_block_nec_05__c1_cross_stall_06,cross,c1_block_nec_05,c1_cross_stall_06,block_or_occupancy,cross,block_nec,cross_stall,0,1.0,0.030986,0.063845,0.063845,1.0,8
c1_block_nec_05__c1_cross_stall_07,cross,c1_block_nec_05,c1_cross_stall_07,block_or_occupancy,cross,block_nec,cross_stall,0,0.0,0.006778,0.011789,0.011789,1.0,8
c1_block_nec_05__c1_cross_stall_08,cross,c1_block_nec_05,c1_cross_stall_08,block_or_occupancy,cross,block_nec,cross_stall,0,0.0,0.024816,0.043869,0.043869,1.0,8
c1_block_nec_05__c1_cross_stall_occ_01,cross,c1_block_nec_05,c1_cross_stall_occ_01,block_or_occupancy,cross,block_nec,cross_stall_occ,0,2.0,0.378343,0.255723,0.255723,1.0,8
c1_block_nec_05__c1_cross_stall_occ_02,cross,c1_block_nec_05,c1_cross_stall_occ_02,block_or_occupancy,cross,block_nec,cross_stall_occ,0,2.0,0.379575,0.256354,0.256354,1.0,8
c1_block_nec_05__c1_cross_stall_occ_03,cross,c1_block_nec_05,c1_cross_stall_occ_03,block_or_occupancy,cross,block_nec,cross_stall_occ,0,1.0,0.345232,0.243709,0.243709,1.0,8
c1_block_nec_05__c1_cross_stall_occ_04,cross,c1_block_nec_05,c1_cross_stall_occ_04,block_or_occupancy,cross,block_nec,cross_stall_occ,0,1.0,0.34687,0.244461,0.244461,1.0,8
c1_block_nec_05__c1_cross_stall_occ_05,cross,c1_block_nec_05,c1_cross_stall_occ_05,block_or_occupancy,cross,block_nec,cross_stall_occ,0,0.0,0.375322,0.238324,0.238324,1.0,8
c1_block_nec_05__c1_cross_stall_occ_06,cross,c1_block_nec_05,c1_cross_stall_occ_06,block_or_occupancy,cross,block_nec,cross_stall_occ,0,0.0,0.363552,0.239857,0.239857,1.0,8
c1_block_nec_05__c1_cross_stall_occ_07,cross,c1_block_nec_05,c1_cross_stall_occ_07,block_or_occupancy,cross,block_nec,cross_stall_occ,0,2.0,0.358725,0.261503,0.261503,1.0,8
c1_block_nec_05__c1_cross_stall_occ_08,cross,c1_block_nec_05,c1_cross_stall_occ_08,block_or_occupancy,cross,block_nec,cross_stall_occ,0,1.0,0.321281,0.248209,0.248209,1.0,8
c1_block_nec_05__c1_lead_cont_01,cross,c1_block_nec_05,c1_lead_cont_01,block_or_occupancy,lead,block_nec,lead_cont,0,2.0,0.390282,0.262319,0.262319,1.0,8
c1_block_nec_05__c1_lead_cont_02,cross,c1_block_nec_05,c1_lead_cont_02,block_or_occupancy,lead,block_nec,lead_cont,0,2.0,0.418788,0.27812,0.27812,1.0,8
c1_block_nec_05__c1_lead_cont_03,cross,c1_block_nec_05,c1_lead_cont_03,block_or_occupancy,lead,block_nec,lead_cont,0,1.0,0.326778,0.250543,0.250543,1.0,8
c1_block_nec_05__c1_lead_cont_04,cross,c1_block_nec_05,c1_lead_cont_04,block_or_occupancy,lead,block_nec,lead_cont,0,1.0,0.387675,0.267476,0.267476,1.0,8
c1_block_nec_05__c1_lead_cont_05,cross,c1_block_nec_05,c1_lead_cont_05,block_or_occupancy,lead,block_nec,lead_cont,0,0.0,0.417237,0.27157,0.27157,1.0,8
c1_block_nec_05__c1_lead_cont_06,cross,c1_block_nec_05,c1_lead_cont_06,block_or_occupancy,lead,block_nec,lead_cont,0,0.0,0.420712,0.273244,0.273244,1.0,8
c1_block_nec_05__c1_lead_cont_07,cross,c1_block_nec_05,c1_lead_cont_07,block_or_occupancy,lead,block_nec,lead_cont,0,1.0,0.325596,0.240023,0.240023,1.0,8
c1_block_nec_05__c1_lead_cont_08,cross,c1_block_nec_05,c1_lead_cont_08,block_or_occupancy,lead,block_nec,lead_cont,0,1.0,0.403539,0.269116,0.269116,1.0,8
c1_block_nec_05__c1_lead_nec_01,cross,c1_block_nec_05,c1_lead_nec_01,block_or_occupancy,lead,block_nec,lead_nec,0,2.0,0.070614,0.093549,0.093549,1.0,8
c1_block_nec_05__c1_lead_nec_02,cross,c1_block_nec_05,c1_lead_nec_02,block_or_occupancy,lead,block_nec,lead_nec,0,2.0,0.099119,0.108741,0.108741,1.0,8
c1_block_nec_05__c1_lead_nec_03,cross,c1_block_nec_05,c1_lead_nec_03,block_or_occupancy,lead,block_nec,lead_nec,0,1.0,0.058702,0.085806,0.085806,1.0,8
c1_block_nec_05__c1_lead_nec_04,cross,c1_block_nec_05,c1_lead_nec_04,block_or_occupancy,lead,block_nec,lead_nec,0,1.0,0.089997,0.103405,0.103405,1.0,8
c1_block_nec_05__c1_lead_nec_05,cross,c1_block_nec_05,c1_lead_nec_05,block_or_occupancy,lead,block_nec,lead_nec,0,0.0,0.085095,0.099971,0.099971,1.0,8
c1_block_nec_05__c1_lead_nec_06,cross,c1_block_nec_05,c1_lead_nec_06,block_or_occupancy,lead,block_nec,lead_nec,0,0.0,0.08857,0.101645,0.101645,1.0,8
c1_block_nec_05__c1_lead_nec_07,cross,c1_block_nec_05,c1_lead_nec_07,block_or_occupancy,lead,block_nec,lead_nec,0,1.0,0.046505,0.070499,0.070499,1.0,8
c1_block_nec_05__c1_lead_nec_08,cross,c1_block_nec_05,c1_lead_nec_08,block_or_occupancy,lead,block_nec,lead_nec,0,1.0,0.082241,0.097271,0.097271,1.0,8
c1_block_nec_05__c1_lead_opt_01,cross,c1_block_nec_05,c1_lead_opt_01,block_or_occupancy,lead,block_nec,lead_opt,0,2.0,0.088458,0.105238,0.105238,1.0,8
c1_block_nec_05__c1_lead_opt_02,cross,c1_block_nec_05,c1_lead_opt_02,block_or_occupancy,lead,block_nec,lead_opt,0,2.0,0.097485,0.109786,0.109786,1.0,8
c1_block_nec_05__c1_lead_opt_03,cross,c1_block_nec_05,c1_lead_opt_03,block_or_occupancy,lead,block_nec,lead_opt,0,1.0,0.0924,0.107052,0.107052,1.0,8
c1_block_nec_05__c1_lead_opt_04,cross,c1_block_nec_05,c1_lead_opt_04,block_or_occupancy,lead,block_nec,lead_opt,0,1.0,0.075468,0.097574,0.097574,1.0,8
c1_block_nec_05__c1_lead_opt_05,cross,c1_block_nec_05,c1_lead_opt_05,block_or_occupancy,lead,block_nec,lead_opt,0,0.0,0.074355,0.096386,0.096386,1.0,8
c1_block_nec_05__c1_lead_opt_06,cross,c1_block_nec_05,c1_lead_opt_06,block_or_occupancy,lead,block_nec,lead_opt,0,0.0,0.064062,0.089539,0.089539,1.0,8
c1_block_nec_05__c1_lead_opt_07,cross,c1_block_nec_05,c1_lead_opt_07,block_or_occupancy,lead,block_nec,lead_opt,0,1.0,0.051509,0.061037,0.061037,1.0,8
c1_block_nec_05__c1_lead_opt_08,cross,c1_block_nec_05,c1_lead_opt_08,block_or_occupancy,lead,block_nec,lead_opt,0,1.0,0.073546,0.08887,0.08887,1.0,8
c1_block_nec_06__c1_cross_clear_01,cross,c1_block_nec_06,c1_cross_clear_01,block_or_occupancy,cross,block_nec,cross_clear,0,2.0,0.117146,0.061021,0.061021,1.0,8
c1_block_nec_06__c1_cross_clear_02,cross,c1_block_nec_06,c1_cross_clear_02,block_or_occupancy,cross,block_nec,cross_clear,0,2.0,0.130358,0.063107,0.063107,1.0,8
c1_block_nec_06__c1_cross_clear_03,cross,c1_block_nec_06,c1_cross_clear_03,block_or_occupancy,cross,block_nec,cross_clear,0,2.0,0.105808,0.064878,0.064878,1.0,8
c1_block_nec_06__c1_cross_clear_04,cross,c1_block_nec_06,c1_cross_clear_04,block_or_occupancy,cross,block_nec,cross_clear,0,2.0,0.101267,0.062569,0.062569,1.0,8
c1_block_nec_06__c1_cross_clear_05,cross,c1_block_nec_06,c1_cross_clear_05,block_or_occupancy,cross,block_nec,cross_clear,0,1.0,0.109074,0.078402,0.078402,1.0,8
c1_block_nec_06__c1_cross_clear_06,cross,c1_block_nec_06,c1_cross_clear_06,block_or_occupancy,cross,block_nec,cross_clear,0,1.0,0.108789,0.062119,0.062119,1.0,8
c1_block_nec_06__c1_cross_clear_07,cross,c1_block_nec_06,c1_cross_clear_07,block_or_occupancy,cross,block_nec,cross_clear,0,0.0,0.246266,0.222056,0.222056,1.0,8
c1_block_nec_06__c1_cross_clear_08,cross,c1_block_nec_06,c1_cross_clear_08,block_or_occupancy,cross,block_nec,cross_clear,0,0.0,0.237188,0.167314,0.167314,1.0,8
c1_block_nec_06__c1_cross_stall_01,cross,c1_block_nec_06,c1_cross_stall_01,block_or_occupancy,cross,block_nec,cross_stall,0,2.0,0.020674,0.034441,0.034441,1.0,8
c1_block_nec_06__c1_cross_stall_02,cross,c1_block_nec_06,c1_cross_stall_02,block_or_occupancy,cross,block_nec,cross_stall,0,2.0,0.031588,0.041968,0.041968,1.0,8
c1_block_nec_06__c1_cross_stall_03,cross,c1_block_nec_06,c1_cross_stall_03,block_or_occupancy,cross,block_nec,cross_stall,0,2.0,0.037706,0.045376,0.045376,1.0,8
c1_block_nec_06__c1_cross_stall_04,cross,c1_block_nec_06,c1_cross_stall_04,block_or_occupancy,cross,block_nec,cross_stall,0,1.0,0.030677,0.040288,0.040288,1.0,8
c1_block_nec_06__c1_cross_stall_05,cross,c1_block_nec_06,c1_cross_stall_05,block_or_occupancy,cross,block_nec,cross_stall,0,1.0,0.032005,0.041004,0.041004,1.0,8
c1_block_nec_06__c1_cross_stall_06,cross,c1_block_nec_06,c1_cross_stall_06,block_or_occupancy,cross,block_nec,cross_stall,0,1.0,0.008785,0.021765,0.021765,1.0,8
c1_block_nec_06__c1_cross_stall_07,cross,c1_block_nec_06,c1_cross_stall_07,block_or_occupancy,cross,block_nec,cross_stall,0,0.0,0.015423,0.030418,0.030418,1.0,8
c1_block_nec_06__c1_cross_stall_08,cross,c1_block_nec_06,c1_cross_stall_08,block_or_occupancy,cross,block_nec,cross_stall,0,0.0,0.012994,0.014267,0.014267,1.0,8
c1_block_nec_06__c1_cross_stall_occ_01,cross,c1_block_nec_06,c1_cross_stall_occ_01,block_or_occupancy,cross,block_nec,cross_stall_occ,0,2.0,0.373236,0.277853,0.277853,1.0,8
c1_block_nec_06__c1_cross_stall_occ_02,cross,c1_block_nec_06,c1_cross_stall_occ_02,block_or_occupancy,cross,block_nec,cross_stall_occ,0,2.0,0.374468,0.278483,0.278483,1.0,8
c1_block_nec_06__c1_cross_stall_occ_03,cross,c1_block_nec_06,c1_cross_stall_occ_03,block_or_occupancy,cross,block_nec,cross_stall_occ,0,1.0,0.340125,0.265839,0.265839,1.0,8
c1_block_nec_06__c1_cross_stall_occ_04,cross,c1_block_nec_06,c1_cross_stall_occ_04,block_or_occupancy,cross,block_nec,cross_stall_occ,0,1.0,0.341763,0.266591,0.266591,1.0,8
c1_block_nec_06__c1_cross_stall_occ_05,cross,c1_block_nec_06,c1_cross_stall_occ_05,block_or_occupancy,cross,block_nec,cross_stall_occ,0,0.0,0.386451,0.274009,0.274009,1.0,8
c1_block_nec_06__c1_cross_stall_occ_06,cross,c1_block_nec_06,c1_cross_stall_occ_06,block_or_occupancy,cross,block_nec,cross_stall_occ,0,0.0,0.358445,0.261986,0.261986,1.0,8
c1_block_nec_06__c1_cross_stall_occ_07,cross,c1_block_nec_06,c1_cross_stall_occ_07,block_or_occupancy,cross,block_nec,cross_stall_occ,0,2.0,0.353618,0.279012,0.279012,1.0,8
c1_block_nec_06__c1_cross_stall_occ_08,cross,c1_block_nec_06,c1_cross_stall_occ_08,block_or_occupancy,cross,block_nec,cross_stall_occ,0,1.0,0.316174,0.264489,0.264489,1.0,8
c1_block_nec_06__c1_lead_cont_01,cross,c1_block_nec_06,c1_lead_cont_01,block_or_occupancy,lead,block_nec,lead_cont,0,2.0,0.385176,0.284449,0.284449,1.0,8
c1_block_nec_06__c1_lead_cont_02,cross,c1_block_nec_06,c1_lead_cont_02,block_or_occupancy,lead,block_nec,lead_cont,0,2.0,0.413681,0.299034,0.299034,1.0,8
c1_block_nec_06__c1_lead_cont_03,cross,c1_block_nec_06,c1_lead_cont_03,block_or_occupancy,lead,block_nec,lead_cont,0,1.0,0.321671,0.266342,0.266342,1.0,8
c1_block_nec_06__c1_lead_cont_04,cross,c1_block_nec_06,c1_lead_cont_04,block_or_occupancy,lead,block_nec,lead_cont,0,1.0,0.382568,0.289606,0.289606,1.0,8
c1_block_nec_06__c1_lead_cont_05,cross,c1_block_nec_06,c1_lead_cont_05,block_or_occupancy,lead,block_nec,lead_cont,0,0.0,0.41213,0.293699,0.293699,1.0,8
c1_block_nec_06__c1_lead_cont_06,cross,c1_block_nec_06,c1_lead_cont_06,block_or_occupancy,lead,block_nec,lead_cont,0,0.0,0.415605,0.295374,0.295374,1.0,8
c1_block_nec_06__c1_lead_cont_07,cross,c1_block_nec_06,c1_lead_cont_07,block_or_occupancy,lead,block_nec,lead_cont,0,1.0,0.320489,0.256659,0.256659,1.0,8
c1_block_nec_06__c1_lead_cont_08,cross,c1_block_nec_06,c1_lead_cont_08,block_or_occupancy,lead,block_nec,lead_cont,0,1.0,0.398432,0.291246,0.291246,1.0,8
c1_block_nec_06__c1_lead_nec_01,cross,c1_block_nec_06,c1_lead_nec_01,block_or_occupancy,lead,block_nec,lead_nec,0,2.0,0.048413,0.051341,0.051341,1.0,8
c1_block_nec_06__c1_lead_nec_02,cross,c1_block_nec_06,c1_lead_nec_02,block_or_occupancy,lead,block_nec,lead_nec,0,2.0,0.076919,0.066534,0.066534,1.0,8
c1_block_nec_06__c1_lead_nec_03,cross,c1_block_nec_06,c1_lead_nec_03,block_or_occupancy,lead,block_nec,lead_nec,0,1.0,0.036502,0.043599,0.043599,1.0,8
c1_block_nec_06__c1_lead_nec_04,cross,c1_block_nec_06,c1_lead_nec_04,block_or_occupancy,lead,block_nec,lead_nec,0,1.0,0.067797,0.061197,0.061197,1.0,8
c1_block_nec_06__c1_lead_nec_05,cross,c1_block_nec_06,c1_lead_nec_05,block_or_occupancy,lead,block_nec,lead_nec,0,0.0,0.062894,0.057764,0.057764,1.0,8
c1_block_nec_06__c1_lead_nec_06,cross,c1_block_nec_06,c1_lead_nec_06,block_or_occupancy,lead,block_nec,lead_nec,0,0.0,0.066369,0.059438,0.059438,1.0,8
c1_block_nec_06__c1_lead_nec_07,cross,c1_block_nec_06,c1_lead_nec_07,block_or_occupancy,lead,block_nec,lead_nec,0,1.0,0.024304,0.028292,0.028292,1.0,8
c1_block_nec_06__c1_lead_nec_08,cross,c1_block_nec_06,c1_lead_nec_08,block_or_occupancy,lead,block_nec,lead_nec,0,1.0,0.060041,0.055063,0.055063,1.0,8
c1_block_nec_06__c1_lead_opt_01,cross,c1_block_nec_06,c1_lead_opt_01,block_or_occupancy,lead,block_nec,lead_opt,0,2.0,0.066258,0.06303,0.06303,1.0,8
c1_block_nec_06__c1_lead_opt_02,cross,c1_block_nec_06,c1_lead_opt_02,block_or_occupancy,lead,block_nec,lead_opt,0,2.0,0.075284,0.067578,0.067578,1.0,8
c1_block_nec_06__c1_lead_opt_03,cross,c1_block_nec_06,c1_lead_opt_03,block_or_occupancy,lead,block_nec,lead_opt,0,1.0,0.070199,0.064845,0.064845,1.0,8
c1_block_nec_06__c1_lead_opt_04,cross,c1_block_nec_06,c1_lead_opt_04,block_or_occupancy,lead,block_nec,lead_opt,0,1.0,0.053268,0.055367,0.055367,1.0,8
c1_block_nec_06__c1_lead_opt_05,cross,c1_block_nec_06,c1_lead_opt_05,block_or_occupancy,lead,block_nec,lead_opt,0,0.0,0.052154,0.054179,0.054179,1.0,8
c1_block_nec_06__c1_lead_opt_06,cross,c1_block_nec_06,c1_lead_opt_06,block_or_occupancy,lead,block_nec,lead_opt,0,0.0,0.041861,0.047332,0.047332,1.0,8
c1_block_nec_06__c1_lead_opt_07,cross,c1_block_nec_06,c1_lead_opt_07,block_or_occupancy,lead,block_nec,lead_opt,0,1.0,0.029656,0.01917,0.01917,1.0,8
c1_block_nec_06__c1_lead_opt_08,cross,c1_block_nec_06,c1_lead_opt_08,block_or_occupancy,lead,block_nec,lead_opt,0,1.0,0.051345,0.046663,0.046663,1.0,8
c1_block_nec_07__c1_cross_clear_01,cross,c1_block_nec_07,c1_cross_clear_01,block_or_occupancy,cross,block_nec,cross_clear,0,3.0,0.132601,0.118872,0.118872,1.0,8
c1_block_nec_07__c1_cross_clear_02,cross,c1_block_nec_07,c1_cross_clear_02,block_or_occupancy,cross,block_nec,cross_clear,0,3.0,0.134266,0.102816,0.102816,1.0,8
c1_block_nec_07__c1_cross_clear_03,cross,c1_block_nec_07,c1_cross_clear_03,block_or_occupancy,cross,block_nec,cross_clear,0,3.0,0.119627,0.125907,0.125907,1.0,8
c1_block_nec_07__c1_cross_clear_04,cross,c1_block_nec_07,c1_cross_clear_04,block_or_occupancy,cross,block_nec,cross_clear,0,3.0,0.106614,0.111262,0.111262,1.0,8
c1_block_nec_07__c1_cross_clear_05,cross,c1_block_nec_07,c1_cross_clear_05,block_or_occupancy,cross,block_nec,cross_clear,0,2.0,0.128083,0.132816,0.132816,1.0,8
c1_block_nec_07__c1_cross_clear_06,cross,c1_block_nec_07,c1_cross_clear_06,block_or_occupancy,cross,block_nec,cross_clear,0,2.0,0.112697,0.109444,0.109444,1.0,8
c1_block_nec_07__c1_cross_clear_07,cross,c1_block_nec_07,c1_cross_clear_07,block_or_occupancy,cross,block_nec,cross_clear,0,1.0,0.266363,0.225904,0.225904,1.0,8
c1_block_nec_07__c1_cross_clear_08,cross,c1_block_nec_07,c1_cross_clear_08,block_or_occupancy,cross,block_nec,cross_clear,0,1.0,0.21325,0.108201,0.108201,1.0,8
c1_block_nec_07__c1_cross_stall_01,cross,c1_block_nec_07,c1_cross_stall_01,block_or_occupancy,cross,block_nec,cross_stall,0,3.0,0.049948,0.104727,0.104727,1.0,8
c1_block_nec_07__c1_cross_stall_02,cross,c1_block_nec_07,c1_cross_stall_02,block_or_occupancy,cross,block_nec,cross_stall,0,3.0,0.060862,0.112253,0.112253,1.0,8
c1_block_nec_07__c1_cross_stall_03,cross,c1_block_nec_07,c1_cross_stall_03,block_or_occupancy,cross,block_nec,cross_stall,0,3.0,0.066979,0.115662,0.115662,1.0,8
c1_block_nec_07__c1_cross_stall_04,cross,c1_block_nec_07,c1_cross_stall_04,block_or_occupancy,cross,block_nec,cross_stall,0,2.0,0.059951,0.110573,0.110573,1.0,8
c1_block_nec_07__c1_cross_stall_05,cross,c1_block_nec_07,c1_cross_stall_05,block_or_occupancy,cross,block_nec,cross_stall,0,2.0,0.061278,0.111289,0.111289,1.0,8
c1_block_nec_07__c1_cross_stall_06,cross,c1_block_nec_07,c1_cross_stall_06,block_or_occupancy,cross,block_nec,cross_stall,0,2.0,0.038058,0.091923,0.091923,1.0,8
c1_block_nec_07__c1_cross_stall_07,cross,c1_block_nec_07,c1_cross_stall_07,block_or_occupancy,cross,block_nec,cross_stall,0,1.0,0.01385,0.040107,0.040107,1.0,8
c1_block_nec_07__c1_cross_stall_08,cross,c1_block_nec_07,c1_cross_stall_08,block_or_occupancy,cross,block_nec,cross_stall,0,1.0,0.031889,0.071947,0.071947,1.0,8
c1_block_nec_07__c1_cross_stall_occ_01,cross,c1_block_nec_07,c1_cross_stall_occ_01,block_or_occupancy,cross,block_nec,cross_stall_occ,0,3.0,0.377143,0.236506,0.236506,1.0,8
c1_block_nec_07__c1_cross_stall_occ_02,cross,c1_block_nec_07,c1_cross_stall_occ_02,block_or_occupancy,cross,block_nec,cross_stall_occ,0,3.0,0.378376,0.237137,0.237137,1.0,8
c1_block_nec_07__c1_cross_stall_occ_03,cross,c1_block_nec_07,c1_cross_stall_occ_03,block_or_occupancy,cross,block_nec,cross_stall_occ,0,2.0,0.344033,0.224492,0.224492,1.0,8
c1_block_nec_07__c1_cross_stall_occ_04,cross,c1_block_nec_07,c1_cross_stall_occ_04,block_or_occupancy,cross,block_nec,cross_stall_occ,0,2.0,0.345671,0.225244,0.225244,1.0,8
c1_block_nec_07__c1_cross_stall_occ_05,cross,c1_block_nec_07,c1_cross_stall_occ_05,block_or_occupancy,cross,block_nec,cross_stall_occ,0,1.0,0.374123,0.219107,0.219107,1.0,8
c1_block_nec_07__c1_cross_stall_occ_06,cross,c1_block_nec_07,c1_cross_stall_occ_06,block_or_occupancy,cross,block_nec,cross_stall_occ,0,1.0,0.362353,0.220639,0.220639,1.0,8
c1_block_nec_07__c1_cross_stall_occ_07,cross,c1_block_nec_07,c1_cross_stall_occ_07,block_or_occupancy,cross,block_nec,cross_stall_occ,0,3.0,0.357526,0.249253,0.249253,1.0,8
c1_block_nec_07__c1_cross_stall_occ_08,cross,c1_block_nec_07,c1_cross_stall_occ_08,block_or_occupancy,cross,block_nec,cross_stall_occ,0,2.0,0.320082,0.236045,0.236045,1.0,8
c1_block_nec_07__c1_lead_cont_01,cross,c1_block_nec_07,c1_lead_cont_01,block_or_occupancy,lead,block_nec,lead_cont,0,3.0,0.389083,0.243102,0.243102,1.0,8
c1_block_nec_07__c1_lead_cont_02,cross,c1_block_nec_07,c1_lead_cont_02,block_or_occupancy,lead,block_nec,lead_cont,0,3.0,0.417589,0.258902,0.258902,1.0,8
c1_block_nec_07__c1_lead_cont_03,cross,c1_block_nec_07,c1_lead_cont_03,block_or_occupancy,lead,block_nec,lead_cont,0,2.0,0.325579,0.23919,0.23919,1.0,8
c1_block_nec_07__c1_lead_cont_04,cross,c1_block_nec_07,c1_lead_cont_04,block_or_occupancy,lead,block_nec,lead_cont,0,2.0,0.386476,0.248259,0.248259,1.0,8
c1_block_nec_07__c1_lead_cont_05,cross,c1_block_nec_07,c1_lead_cont_05,block_or_occupancy,lead,block_nec,lead_cont,0,1.0,0.416038,0.252352,0.252352,1.0,8
c1_block_nec_07__c1_lead_cont_06,cross,c1_block_nec_07,c1_lead_cont_06,block_or_occupancy,lead,block_nec,lead_cont,0,1.0,0.419513,0.254027,0.254027,1.0,8
c1_block_nec_07__c1_lead_cont_07,cross,c1_block_nec_07,c1_lead_cont_07,block_or_occupancy,lead,block_nec,lead_cont,0,0.0,0.324397,0.229723,0.229723,1.0,8
c1_block_nec_07__c1_lead_cont_08,cross,c1_block_nec_07,c1_lead_cont_08,block_or_occupancy,lead,block_nec,lead_cont,0,0.0,0.40234,0.249899,0.249899,1.0,8
c1_block_nec_07__c1_lead_nec_01,cross,c1_block_nec_07,c1_lead_nec_01,block_or_occupancy,lead,block_nec,lead_nec,0,3.0,0.077687,0.121627,0.121627,1.0,8
c1_block_nec_07__c1_lead_nec_02,cross,c1_block_nec_07,c1_lead_nec_02,block_or_occupancy,lead,block_nec,lead_nec,0,3.0,0.106192,0.136819,0.136819,1.0,8
c1_block_nec_07__c1_lead_nec_03,cross,c1_block_nec_07,c1_lead_nec_03,block_or_occupancy,lead,block_nec,lead_nec,0,2.0,0.065775,0.113884,0.113884,1.0,8
c1_block_nec_07__c1_lead_nec_04,cross,c1_block_nec_07,c1_lead_nec_04,block_or_occupancy,lead,block_nec,lead_nec,0,2.0,0.09707,0.131483,0.131483,1.0,8
c1_block_nec_07__c1_lead_nec_05,cross,c1_block_nec_07,c1_lead_nec_05,block_or_occupancy,lead,block_nec,lead_nec,0,1.0,0.092168,0.128049,0.128049,1.0,8
c1_block_nec_07__c1_lead_nec_06,cross,c1_block_nec_07,c1_lead_nec_06,block_or_occupancy,lead,block_nec,lead_nec,0,1.0,0.095643,0.129723,0.129723,1.0,8
c1_block_nec_07__c1_lead_nec_07,cross,c1_block_nec_07,c1_lead_nec_07,block_or_occupancy,lead,block_nec,lead_nec,0,0.0,0.053578,0.098577,0.098577,1.0,8
c1_block_nec_07__c1_lead_nec_08,cross,c1_block_nec_07,c1_lead_nec_08,block_or_occupancy,lead,block_nec,lead_nec,0,0.0,0.089314,0.125349,0.125349,1.0,8
c1_block_nec_07__c1_lead_opt_01,cross,c1_block_nec_07,c1_lead_opt_01,block_or_occupancy,lead,block_nec,lead_opt,0,3.0,0.095531,0.133316,0.133316,1.0,8
c1_block_nec_07__c1_lead_opt_02,cross,c1_block_nec_07,c1_lead_opt_02,block_or_occupancy,lead,block_nec,lead_opt,0,3.0,0.104558,0.137864,0.137864,1.0,8
c1_block_nec_07__c1_lead_opt_03,cross,c1_block_nec_07,c1_lead_opt_03,block_or_occupancy,lead,block_nec,lead_opt,0,2.0,0.099473,0.13513,0.13513,1.0,8
c1_block_nec_07__c1_lead_opt_04,cross,c1_block_nec_07,c1_lead_opt_04,block_or_occupancy,lead,block_nec,lead_opt,0,2.0,0.082541,0.125653,0.125653,1.0,8
c1_block_nec_07__c1_lead_opt_05,cross,c1_block_nec_07,c1_lead_opt_05,block_or_occupancy,lead,block_nec,lead_opt,0,1.0,0.081428,0.124464,0.124464,1.0,8
c1_block_nec_07__c1_lead_opt_06,cross,c1_block_nec_07,c1_lead_opt_06,block_or_occupancy,lead,block_nec,lead_opt,0,1.0,0.071135,0.117617,0.117617,1.0,8
c1_block_nec_07__c1_lead_opt_07,cross,c1_block_nec_07,c1_lead_opt_07,block_or_occupancy,lead,block_nec,lead_opt,0,0.0,0.058582,0.089115,0.089115,1.0,8
c1_block_nec_07__c1_lead_opt_08,cross,c1_block_nec_07,c1_lead_opt_08,block_or_occupancy,lead,block_nec,lead_opt,0,0.0,0.080619,0.116948,0.116948,1.0,8
c1_block_nec_08__c1_cross_clear_01,cross,c1_block_nec_08,c1_cross_clear_01,block_or_occupancy,cross,block_nec,cross_clear,0,3.0,0.174639,0.206416,0.206416,1.0,8
c1_block_nec_08__c1_cross_clear_02,cross,c1_block_nec_08,c1_cross_clear_02,block_or_occupancy,cross,block_nec,cross_clear,0,3.0,0.141269,0.188605,0.188605,1.0,8
c1_block_nec_08__c1_cross_clear_03,cross,c1_block_nec_08,c1_cross_clear_03,block_or_occupancy,cross,block_nec,cross_clear,0,3.0,0.207084,0.213451,0.213451,1.0,8
c1_block_nec_08__c1_cross_clear_04,cross,c1_block_nec_08,c1_cross_clear_04,block_or_occupancy,cross,block_nec,cross_clear,0,3.0,0.174333,0.198262,0.198262,1.0,8
c1_block_nec_08__c1_cross_clear_05,cross,c1_block_nec_08,c1_cross_clear_05,block_or_occupancy,cross,block_nec,cross_clear,0,2.0,0.226349,0.220359,0.220359,1.0,8
c1_block_nec_08__c1_cross_clear_06,cross,c1_block_nec_08,c1_cross_clear_06,block_or_occupancy,cross,block_nec,cross_clear,0,2.0,0.166951,0.193076,0.193076,1.0,8
c1_block_nec_08__c1_cross_clear_07,cross,c1_block_nec_08,c1_cross_clear_07,block_or_occupancy,cross,block_nec,cross_clear,0,1.0,0.355126,0.216376,0.216376,1.0,8
c1_block_nec_08__c1_cross_clear_08,cross,c1_block_nec_08,c1_cross_clear_08,block_or_occupancy,cross,block_nec,cross_clear,0,1.0,0.176246,0.126963,0.126963,1.0,8
c1_block_nec_08__c1_cross_stall_01,cross,c1_block_nec_08,c1_cross_stall_01,block_or_occupancy,cross,block_nec,cross_stall,0,3.0,0.157243,0.19227,0.19227,1.0,8
c1_block_nec_08__c1_cross_stall_02,cross,c1_block_nec_08,c1_cross_stall_02,block_or_occupancy,cross,block_nec,cross_stall,0,3.0,0.168156,0.199797,0.199797,1.0,8
c1_block_nec_08__c1_cross_stall_03,cross,c1_block_nec_08,c1_cross_stall_03,block_or_occupancy,cross,block_nec,cross_stall,0,3.0,0.174274,0.203205,0.203205,1.0,8
c1_block_nec_08__c1_cross_stall_04,cross,c1_block_nec_08,c1_cross_stall_04,block_or_occupancy,cross,block_nec,cross_stall,0,2.0,0.167245,0.198117,0.198117,1.0,8
c1_block_nec_08__c1_cross_stall_05,cross,c1_block_nec_08,c1_cross_stall_05,block_or_occupancy,cross,block_nec,cross_stall,0,2.0,0.168573,0.198833,0.198833,1.0,8
c1_block_nec_08__c1_cross_stall_06,cross,c1_block_nec_08,c1_cross_stall_06,block_or_occupancy,cross,block_nec,cross_stall,0,2.0,0.145353,0.179466,0.179466,1.0,8
c1_block_nec_08__c1_cross_stall_07,cross,c1_block_nec_08,c1_cross_stall_07,block_or_occupancy,cross,block_nec,cross_stall,0,1.0,0.121145,0.127411,0.127411,1.0,8
c1_block_nec_08__c1_cross_stall_08,cross,c1_block_nec_08,c1_cross_stall_08,block_or_occupancy,cross,block_nec,cross_stall,0,1.0,0.139184,0.15949,0.15949,1.0,8
c1_block_nec_08__c1_cross_stall_occ_01,cross,c1_block_nec_08,c1_cross_stall_occ_01,block_or_occupancy,cross,block_nec,cross_stall_occ,0,3.0,0.321186,0.226493,0.226493,1.0,8
c1_block_nec_08__c1_cross_stall_occ_02,cross,c1_block_nec_08,c1_cross_stall_occ_02,block_or_occupancy,cross,block_nec,cross_stall_occ,0,3.0,0.322419,0.227124,0.227124,1.0,8
c1_block_nec_08__c1_cross_stall_occ_03,cross,c1_block_nec_08,c1_cross_stall_occ_03,block_or_occupancy,cross,block_nec,cross_stall_occ,0,2.0,0.311708,0.200327,0.200327,1.0,8
c1_block_nec_08__c1_cross_stall_occ_04,cross,c1_block_nec_08,c1_cross_stall_occ_04,block_or_occupancy,cross,block_nec,cross_stall_occ,0,2.0,0.313346,0.201079,0.201079,1.0,8
c1_block_nec_08__c1_cross_stall_occ_05,cross,c1_block_nec_08,c1_cross_stall_occ_05,block_or_occupancy,cross,block_nec,cross_stall_occ,0,1.0,0.318166,0.203439,0.203439,1.0,8
c1_block_nec_08__c1_cross_stall_occ_06,cross,c1_block_nec_08,c1_cross_stall_occ_06,block_or_occupancy,cross,block_nec,cross_stall_occ,0,1.0,0.306396,0.204971,0.204971,1.0,8
c1_block_nec_08__c1_cross_stall_occ_07,cross,c1_block_nec_08,c1_cross_stall_occ_07,block_or_occupancy,cross,block_nec,cross_stall_occ,0,3.0,0.344577,0.246114,0.246114,1.0,8
c1_block_nec_08__c1_cross_stall_occ_08,cross,c1_block_nec_08,c1_cross_stall_occ_08,block_or_occupancy,cross,block_nec,cross_stall_occ,0,2.0,0.318899,0.219904,0.219904,1.0,8
c1_block_nec_08__c1_lead_cont_01,cross,c1_block_nec_08,c1_lead_cont_01,block_or_occupancy,lead,block_nec,lead_cont,0,3.0,0.333126,0.233089,0.233089,1.0,8
c1_block_nec_08__c1_lead_cont_02,cross,c1_block_nec_08,c1_lead_cont_02,block_or_occupancy,lead,block_nec,lead_cont,0,3.0,0.361632,0.24889,0.24889,1.0,8
c1_block_nec_08__c1_lead_cont_03,cross,c1_block_nec_08,c1_lead_cont_03,block_or_occupancy,lead,block_nec,lead_cont,0,2.0,0.323053,0.219992,0.219992,1.0,8
c1_block_nec_08__c1_lead_cont_04,cross,c1_block_nec_08,c1_lead_cont_04,block_or_occupancy,lead,block_nec,lead_cont,0,2.0,0.354151,0.224095,0.224095,1.0,8
c1_block_nec_08__c1_lead_cont_05,cross,c1_block_nec_08,c1_lead_cont_05,block_or_occupancy,lead,block_nec,lead_cont,0,1.0,0.360081,0.236684,0.236684,1.0,8
c1_block_nec_08__c1_lead_cont_06,cross,c1_block_nec_08,c1_lead_cont_06,block_or_occupancy,lead,block_nec,lead_cont,0,1.0,0.363555,0.238358,0.238358,1.0,8
c1_block_nec_08__c1_lead_cont_07,cross,c1_block_nec_08,c1_lead_cont_07,block_or_occupancy,lead,block_nec,lead_cont,0,0.0,0.309227,0.221114,0.221114,1.0,8
c1_block_nec_08__c1_lead_cont_08,cross,c1_block_nec_08,c1_lead_cont_08,block_or_occupancy,lead,block_nec,lead_cont,0,0.0,0.346382,0.22898,0.22898,1.0,8
c1_block_nec_08__c1_lead_nec_01,cross,c1_block_nec_08,c1_lead_nec_01,block_or_occupancy,lead,block_nec,lead_nec,0,3.0,0.184981,0.20917,0.20917,1.0,8
c1_block_nec_08__c1_lead_nec_02,cross,c1_block_nec_08,c1_lead_nec_02,block_or_occupancy,lead,block_nec,lead_nec,0,3.0,0.213487,0.224362,0.224362,1.0,8
c1_block_nec_08__c1_lead_nec_03,cross,c1_block_nec_08,c1_lead_nec_03,block_or_occupancy,lead,block_nec,lead_nec,0,2.0,0.17307,0.201427,0.201427,1.0,8
c1_block_nec_08__c1_lead_nec_04,cross,c1_block_nec_08,c1_lead_nec_04,block_or_occupancy,lead,block_nec,lead_nec,0,2.0,0.204365,0.219026,0.219026,1.0,8
c1_block_nec_08__c1_lead_nec_05,cross,c1_block_nec_08,c1_lead_nec_05,block_or_occupancy,lead,block_nec,lead_nec,0,1.0,0.199463,0.215592,0.215592,1.0,8
c1_block_nec_08__c1_lead_nec_06,cross,c1_block_nec_08,c1_lead_nec_06,block_or_occupancy,lead,block_nec,lead_nec,0,1.0,0.202937,0.217267,0.217267,1.0,8
c1_block_nec_08__c1_lead_nec_07,cross,c1_block_nec_08,c1_lead_nec_07,block_or_occupancy,lead,block_nec,lead_nec,0,0.0,0.160872,0.18612,0.18612,1.0,8
c1_block_nec_08__c1_lead_nec_08,cross,c1_block_nec_08,c1_lead_nec_08,block_or_occupancy,lead,block_nec,lead_nec,0,0.0,0.196609,0.212892,0.212892,1.0,8
c1_block_nec_08__c1_lead_opt_01,cross,c1_block_nec_08,c1_lead_opt_01,block_or_occupancy,lead,block_nec,lead_opt,0,3.0,0.202826,0.220859,0.220859,1.0,8
c1_block_nec_08__c1_lead_opt_02,cross,c1_block_nec_08,c1_lead_opt_02,block_or_occupancy,lead,block_nec,lead_opt,0,3.0,0.211852,0.225407,0.225407,1.0,8
c1_block_nec_08__c1_lead_opt_03,cross,c1_block_nec_08,c1_lead_opt_03,block_or_occupancy,lead,block_nec,lead_opt,0,2.0,0.206767,0.222673,0.222673,1.0,8
c1_block_nec_08__c1_lead_opt_04,cross,c1_block_nec_08,c1_lead_opt_04,block_or_occupancy,lead,block_nec,lead_opt,0,2.0,0.189836,0.213196,0.213196,1.0,8
c1_block_nec_08__c1_lead_opt_05,cross,c1_block_nec_08,c1_lead_opt_05,block_or_occupancy,lead,block_nec,lead_opt,0,1.0,0.188722,0.212008,0.212008,1.0,8
c1_block_nec_08__c1_lead_opt_06,cross,c1_block_nec_08,c1_lead_opt_06,block_or_occupancy,lead,block_nec,lead_opt,0,1.0,0.178429,0.205161,0.205161,1.0,8
c1_block_nec_08__c1_lead_opt_07,cross,c1_block_nec_08,c1_lead_opt_07,block_or_occupancy,lead,block_nec,lead_opt,0,0.0,0.165876,0.176658,0.176658,1.0,8
c1_block_nec_08__c1_lead_opt_08,cross,c1_block_nec_08,c1_lead_opt_08,block_or_occupancy,lead,block_nec,lead_opt,0,0.0,0.187913,0.204491,0.204491,1.0,8
c1_cross_clear_01__c1_lead_cont_01,cross,c1_cross_clear_01,c1_lead_cont_01,cross,lead,cross_clear,lead_cont,0,0.0,0.306909,0.271182,0.271182,1.0,8
c1_cross_clear_01__c1_lead_cont_02,cross,c1_cross_clear_01,c1_lead_cont_02,cross,lead,cross_clear,lead_cont,0,0.0,0.315054,0.273131,0.273131,1.0,8
c1_cross_clear_01__c1_lead_cont_03,cross,c1_cross_clear_01,c1_lead_cont_03,cross,lead,cross_clear,lead_cont,0,1.0,0.263118,0.252201,0.252201,1.0,8
c1_cross_clear_01__c1_lead_cont_04,cross,c1_cross_clear_01,c1_lead_cont_04,cross,lead,cross_clear,lead_cont,0,1.0,0.294113,0.267214,0.267214,1.0,8
c1_cross_clear_01__c1_lead_cont_05,cross,c1_cross_clear_01,c1_lead_cont_05,cross,lead,cross_clear,lead_cont,0,2.0,0.320221,0.27412,0.27412,1.0,8
c1_cross_clear_01__c1_lead_cont_06,cross,c1_cross_clear_01,c1_lead_cont_06,cross,lead,cross_clear,lead_cont,0,2.0,0.321138,0.274308,0.274308,1.0,8
c1_cross_clear_01__c1_lead_cont_07,cross,c1_cross_clear_01,c1_lead_cont_07,cross,lead,cross_clear,lead_cont,0,3.0,0.269699,0.260672,0.260672,1.0,8
c1_cross_clear_01__c1_lead_cont_08,cross,c1_cross_clear_01,c1_lead_cont_08,cross,lead,cross_clear,lead_cont,0,3.0,0.307356,0.274107,0.274107,1.0,8
c1_cross_clear_01__c1_lead_nec_01,cross,c1_cross_clear_01,c1_lead_nec_01,cross,lead,cross_clear,lead_nec,0,0.0,0.09415,0.033138,0.033138,1.0,8
c1_cross_clear_01__c1_lead_nec_02,cross,c1_cross_clear_01,c1_lead_nec_02,cross,lead,cross_clear,lead_nec,0,0.0,0.102296,0.035695,0.035695,1.0,8
c1_cross_clear_01__c1_lead_nec_03,cross,c1_cross_clear_01,c1_lead_nec_03,cross,lead,cross_clear,lead_nec,0,1.0,0.092041,0.033686,0.033686,1.0,8
c1_cross_clear_01__c1_lead_nec_04,cross,c1_cross_clear_01,c1_lead_nec_04,cross,lead,cross_clear,lead_nec,0,1.0,0.09741,0.033863,0.033863,1.0,8
c1_cross_clear_01__c1_lead_nec_05,cross,c1_cross_clear_01,c1_lead_nec_05,cross,lead,cross_clear,lead_nec,0,2.0,0.094989,0.033249,0.033249,1.0,8
c1_cross_clear_01__c1_lead_nec_06,cross,c1_cross_clear_01,c1_lead_nec_06,cross,lead,cross_clear,lead_nec,0,2.0,0.095906,0.033438,0.033438,1.0,8
c1_cross_clear_01__c1_lead_nec_07,cross,c1_cross_clear_01,c1_lead_nec_07,cross,lead,cross_clear,lead_nec,0,3.0,0.094164,0.042249,0.042249,1.0,8
c1_cross_clear_01__c1_lead_nec_08,cross,c1_cross_clear_01,c1_lead_nec_08,cross,lead,cross_clear,lead_nec,0,3.0,0.092969,0.032989,0.032989,1.0,8
c1_cross_clear_01__c1_lead_opt_01,cross,c1_cross_clear_01,c1_lead_opt_01,cross,lead,cross_clear,lead_opt,0,0.0,0.099911,0.033345,0.033345,1.0,8
c1_cross_clear_01__c1_lead_opt_02,cross,c1_cross_clear_01,c1_lead_opt_02,cross,lead,cross_clear,lead_opt,0,0.0,0.103474,0.035944,0.035944,1.0,8
c1_cross_clear_01__c1_lead_opt_03,cross,c1_cross_clear_01,c1_lead_opt_03,cross,lead,cross_clear,lead_opt,0,1.0,0.100686,0.034273,0.034273,1.0,8
c1_cross_clear_01__c1_lead_opt_04,cross,c1_cross_clear_01,c1_lead_opt_04,cross,lead,cross_clear,lead_opt,0,1.0,0.092853,0.030865,0.030865,1.0,8
c1_cross_clear_01__c1_lead_opt_05,cross,c1_cross_clear_01,c1_lead_opt_05,cross,lead,cross_clear,lead_opt,0,2.0,0.091739,0.029962,0.029962,1.0,8
c1_cross_clear_01__c1_lead_opt_06,cross,c1_cross_clear_01,c1_lead_opt_06,cross,lead,cross_clear,lead_opt,0,2.0,0.087633,0.029715,0.029715,1.0,8
c1_cross_clear_01__c1_lead_opt_07,cross,c1_cross_clear_01,c1_lead_opt_07,cross,lead,cross_clear,lead_opt,0,3.0,0.090837,0.042309,0.042309,1.0,8
c1_cross_clear_01__c1_lead_opt_08,cross,c1_cross_clear_01,c1_lead_opt_08,cross,lead,cross_clear,lead_opt,0,3.0,0.090757,0.034429,0.034429,1.0,8
c1_cross_clear_01__c1_temp_opt_01,cross,c1_cross_clear_01,c1_temp_opt_01,cross,block_or_occupancy,cross_clear,temp_opt,0,0.0,0.109031,0.041584,0.041584,1.0,8
c1_cross_clear_01__c1_temp_opt_02,cross,c1_cross_clear_01,c1_temp_opt_02,cross,block_or_occupancy,cross_clear,temp_opt,0,0.0,0.112826,0.040333,0.040333,1.0,8
c1_cross_clear_01__c1_temp_opt_03,cross,c1_cross_clear_01,c1_temp_opt_03,cross,block_or_occupancy,cross_clear,temp_opt,0,0.0,0.107865,0.043045,0.043045,1.0,8
c1_cross_clear_01__c1_temp_opt_04,cross,c1_cross_clear_01,c1_temp_opt_04,cross,block_or_occupancy,cross_clear,temp_opt,0,1.0,0.09533,0.028388,0.028388,1.0,8
c1_cross_clear_01__c1_temp_opt_05,cross,c1_cross_clear_01,c1_temp_opt_05,cross,block_or_occupancy,cross_clear,temp_opt,0,1.0,0.108029,0.041581,0.041581,1.0,8
c1_cross_clear_01__c1_temp_opt_06,cross,c1_cross_clear_01,c1_temp_opt_06,cross,block_or_occupancy,cross_clear,temp_opt,0,2.0,0.12142,0.070483,0.070483,1.0,8
c1_cross_clear_01__c1_temp_opt_07,cross,c1_cross_clear_01,c1_temp_opt_07,cross,block_or_occupancy,cross_clear,temp_opt,0,2.0,0.107819,0.041282,0.041282,1.0,8
c1_cross_clear_01__c1_temp_opt_08,cross,c1_cross_clear_01,c1_temp_opt_08,cross,block_or_occupancy,cross_clear,temp_opt,0,3.0,0.135577,0.121144,0.121144,1.0,8
c1_cross_clear_02__c1_lead_cont_01,cross,c1_cross_clear_02,c1_lead_cont_01,cross,lead,cross_clear,lead_cont,0,0.0,0.256877,0.245218,0.245218,1.0,8
c1_cross_clear_02__c1_lead_cont_02,cross,c1_cross_clear_02,c1_lead_cont_02,cross,lead,cross_clear,lead_cont,0,0.0,0.283323,0.252272,0.252272,1.0,8
c1_cross_clear_02__c1_lead_cont_03,cross,c1_cross_clear_02,c1_lead_cont_03,cross,lead,cross_clear,lead_cont,0,1.0,0.210373,0.225255,0.225255,1.0,8
c1_cross_clear_02__c1_lead_cont_04,cross,c1_cross_clear_02,c1_lead_cont_04,cross,lead,cross_clear,lead_cont,0,1.0,0.260638,0.244696,0.244696,1.0,8
c1_cross_clear_02__c1_lead_cont_05,cross,c1_cross_clear_02,c1_lead_cont_05,cross,lead,cross_clear,lead_cont,0,2.0,0.281772,0.250589,0.250589,1.0,8
c1_cross_clear_02__c1_lead_cont_06,cross,c1_cross_clear_02,c1_lead_cont_06,cross,lead,cross_clear,lead_cont,0,2.0,0.285247,0.251413,0.251413,1.0,8
c1_cross_clear_02__c1_lead_cont_07,cross,c1_cross_clear_02,c1_lead_cont_07,cross,lead,cross_clear,lead_cont,0,3.0,0.209452,0.231465,0.231465,1.0,8
c1_cross_clear_02__c1_lead_cont_08,cross,c1_cross_clear_02,c1_lead_cont_08,cross,lead,cross_clear,lead_cont,0,3.0,0.268276,0.250016,0.250016,1.0,8
c1_cross_clear_02__c1_lead_nec_01,cross,c1_cross_clear_02,c1_lead_nec_01,cross,lead,cross_clear,lead_nec,0,0.0,0.122963,0.053299,0.053299,1.0,8
c1_cross_clear_02__c1_lead_nec_02,cross,c1_cross_clear_02,c1_lead_nec_02,cross,lead,cross_clear,lead_nec,0,0.0,0.149409,0.060952,0.060952,1.0,8
c1_cross_clear_02__c1_lead_nec_03,cross,c1_cross_clear_02,c1_lead_nec_03,cross,lead,cross_clear,lead_nec,0,1.0,0.114421,0.051873,0.051873,1.0,8
c1_cross_clear_02__c1_lead_nec_04,cross,c1_cross_clear_02,c1_lead_nec_04,cross,lead,cross_clear,lead_nec,0,1.0,0.140287,0.057476,0.057476,1.0,8
c1_cross_clear_02__c1_lead_nec_05,cross,c1_cross_clear_02,c1_lead_nec_05,cross,lead,cross_clear,lead_nec,0,2.0,0.135384,0.055844,0.055844,1.0,8
c1_cross_clear_02__c1_lead_nec_06,cross,c1_cross_clear_02,c1_lead_nec_06,cross,lead,cross_clear,lead_nec,0,2.0,0.138859,0.056668,0.056668,1.0,8
c1_cross_clear_02__c1_lead_nec_07,cross,c1_cross_clear_02,c1_lead_nec_07,cross,lead,cross_clear,lead_nec,0,3.0,0.11188,0.052803,0.052803,1.0,8
c1_cross_clear_02__c1_lead_nec_08,cross,c1_cross_clear_02,c1_lead_nec_08,cross,lead,cross_clear,lead_nec,0,3.0,0.132733,0.055024,0.055024,1.0,8
c1_cross_clear_02__c1_lead_opt_01,cross,c1_cross_clear_02,c1_lead_opt_01,cross,lead,cross_clear,lead_opt,0,0.0,0.138748,0.057367,0.057367,1.0,8
c1_cross_clear_02__c1_lead_opt_02,cross,c1_cross_clear_02,c1_lead_opt_02,cross,lead,cross_clear,lead_opt,0,0.0,0.147774,0.061288,0.061288,1.0,8
c1_cross_clear_02__c1_lead_opt_03,cross,c1_cross_clear_02,c1_lead_opt_03,cross,lead,cross_clear,lead_opt,0,1.0,0.142689,0.05895,0.05895,1.0,8
c1_cross_clear_02__c1_lead_opt_04,cross,c1_cross_clear_02,c1_lead_opt_04,cross,lead,cross_clear,lead_opt,0,1.0,0.125758,0.052474,0.052474,1.0,8
c1_cross_clear_02__c1_lead_opt_05,cross,c1_cross_clear_02,c1_lead_opt_05,cross,lead,cross_clear,lead_opt,0,2.0,0.124644,0.050782,0.050782,1.0,8
c1_cross_clear_02__c1_lead_opt_06,cross,c1_cross_clear_02,c1_lead_opt_06,cross,lead,cross_clear,lead_opt,0,2.0,0.115098,0.047822,0.047822,1.0,8
c1_cross_clear_02__c1_lead_opt_07,cross,c1_cross_clear_02,c1_lead_opt_07,cross,lead,cross_clear,lead_opt,0,3.0,0.114058,0.047199,0.047199,1.0,8
c1_cross_clear_02__c1_lead_opt_08,cross,c1_cross_clear_02,c1_lead_opt_08,cross,lead,cross_clear,lead_opt,0,3.0,0.124194,0.047362,0.047362,1.0,8
c1_cross_clear_02__c1_temp_opt_01,cross,c1_cross_clear_02,c1_temp_opt_01,cross,block_or_occupancy,cross_clear,temp_opt,0,0.0,0.163049,0.069175,0.069175,1.0,8
c1_cross_clear_02__c1_temp_opt_02,cross,c1_cross_clear_02,c1_temp_opt_02,cross,block_or_occupancy,cross_clear,temp_opt,0,0.0,0.151433,0.066136,0.066136,1.0,8
c1_cross_clear_02__c1_temp_opt_03,cross,c1_cross_clear_02,c1_temp_opt_03,cross,block_or_occupancy,cross_clear,temp_opt,0,0.0,0.172997,0.07254,0.07254,1.0,8
c1_cross_clear_02__c1_temp_opt_04,cross,c1_cross_clear_02,c1_temp_opt_04,cross,block_or_occupancy,cross_clear,temp_opt,0,1.0,0.12358,0.051076,0.051076,1.0,8
c1_cross_clear_02__c1_temp_opt_05,cross,c1_cross_clear_02,c1_temp_opt_05,cross,block_or_occupancy,cross_clear,temp_opt,0,1.0,0.161902,0.069188,0.069188,1.0,8
c1_cross_clear_02__c1_temp_opt_06,cross,c1_cross_clear_02,c1_temp_opt_06,cross,block_or_occupancy,cross_clear,temp_opt,0,2.0,0.129493,0.067212,0.067212,1.0,8
c1_cross_clear_02__c1_temp_opt_07,cross,c1_cross_clear_02,c1_temp_opt_07,cross,block_or_occupancy,cross_clear,temp_opt,0,2.0,0.16269,0.069038,0.069038,1.0,8
c1_cross_clear_02__c1_temp_opt_08,cross,c1_cross_clear_02,c1_temp_opt_08,cross,block_or_occupancy,cross_clear,temp_opt,0,3.0,0.113038,0.105195,0.105195,1.0,8
c1_cross_clear_03__c1_lead_cont_01,cross,c1_cross_clear_03,c1_lead_cont_01,cross,lead,cross_clear,lead_cont,0,0.0,0.322449,0.27346,0.27346,1.0,8
c1_cross_clear_03__c1_lead_cont_02,cross,c1_cross_clear_03,c1_lead_cont_02,cross,lead,cross_clear,lead_cont,0,0.0,0.326313,0.27252,0.27252,1.0,8
c1_cross_clear_03__c1_lead_cont_03,cross,c1_cross_clear_03,c1_lead_cont_03,cross,lead,cross_clear,lead_cont,0,1.0,0.279572,0.257308,0.257308,1.0,8
c1_cross_clear_03__c1_lead_cont_04,cross,c1_cross_clear_03,c1_lead_cont_04,cross,lead,cross_clear,lead_cont,0,1.0,0.306481,0.267601,0.267601,1.0,8
c1_cross_clear_03__c1_lead_cont_05,cross,c1_cross_clear_03,c1_lead_cont_05,cross,lead,cross_clear,lead_cont,0,2.0,0.333648,0.275205,0.275205,1.0,8
c1_cross_clear_03__c1_lead_cont_06,cross,c1_cross_clear_03,c1_lead_cont_06,cross,lead,cross_clear,lead_cont,0,2.0,0.334014,0.275046,0.275046,1.0,8
c1_cross_clear_03__c1_lead_cont_07,cross,c1_cross_clear_03,c1_lead_cont_07,cross,lead,cross_clear,lead_cont,0,3.0,0.296732,0.27088,0.27088,1.0,8
c1_cross_clear_03__c1_lead_cont_08,cross,c1_cross_clear_03,c1_lead_cont_08,cross,lead,cross_clear,lead_cont,0,3.0,0.321567,0.275721,0.275721,1.0,8
c1_cross_clear_03__c1_lead_nec_01,cross,c1_cross_clear_03,c1_lead_nec_01,cross,lead,cross_clear,lead_nec,0,0.0,0.06704,0.026631,0.026631,1.0,8
c1_cross_clear_03__c1_lead_nec_02,cross,c1_cross_clear_03,c1_lead_nec_02,cross,lead,cross_clear,lead_nec,0,0.0,0.070904,0.026299,0.026299,1.0,8
c1_cross_clear_03__c1_lead_nec_03,cross,c1_cross_clear_03,c1_lead_nec_03,cross,lead,cross_clear,lead_nec,0,1.0,0.06982,0.030007,0.030007,1.0,8
c1_cross_clear_03__c1_lead_nec_04,cross,c1_cross_clear_03,c1_lead_nec_04,cross,lead,cross_clear,lead_nec,0,1.0,0.067128,0.025461,0.025461,1.0,8
c1_cross_clear_03__c1_lead_nec_05,cross,c1_cross_clear_03,c1_lead_nec_05,cross,lead,cross_clear,lead_nec,0,2.0,0.065766,0.025548,0.025548,1.0,8
c1_cross_clear_03__c1_lead_nec_06,cross,c1_cross_clear_03,c1_lead_nec_06,cross,lead,cross_clear,lead_nec,0,2.0,0.066132,0.025389,0.025389,1.0,8
c1_cross_clear_03__c1_lead_nec_07,cross,c1_cross_clear_03,c1_lead_nec_07,cross,lead,cross_clear,lead_nec,0,3.0,0.0819,0.043561,0.043561,1.0,8
c1_cross_clear_03__c1_lead_nec_08,cross,c1_cross_clear_03,c1_lead_nec_08,cross,lead,cross_clear,lead_nec,0,3.0,0.064529,0.025817,0.025817,1.0,8
c1_cross_clear_03__c1_lead_opt_01,cross,c1_cross_clear_03,c1_lead_opt_01,cross,lead,cross_clear,lead_opt,0,0.0,0.068603,0.024022,0.024022,1.0,8
c1_cross_clear_03__c1_lead_opt_02,cross,c1_cross_clear_03,c1_lead_opt_02,cross,lead,cross_clear,lead_opt,0,0.0,0.072028,0.025977,0.025977,1.0,8
c1_cross_clear_03__c1_lead_opt_03,cross,c1_cross_clear_03,c1_lead_opt_03,cross,lead,cross_clear,lead_opt,0,1.0,0.06924,0.024632,0.024632,1.0,8
c1_cross_clear_03__c1_lead_opt_04,cross,c1_cross_clear_03,c1_lead_opt_04,cross,lead,cross_clear,lead_opt,0,1.0,0.063778,0.023177,0.023177,1.0,8
c1_cross_clear_03__c1_lead_opt_05,cross,c1_cross_clear_03,c1_lead_opt_05,cross,lead,cross_clear,lead_opt,0,2.0,0.063328,0.022743,0.022743,1.0,8
c1_cross_clear_03__c1_lead_opt_06,cross,c1_cross_clear_03,c1_lead_opt_06,cross,lead,cross_clear,lead_opt,0,2.0,0.066819,0.026009,0.026009,1.0,8
c1_cross_clear_03__c1_lead_opt_07,cross,c1_cross_clear_03,c1_lead_opt_07,cross,lead,cross_clear,lead_opt,0,3.0,0.077008,0.045735,0.045735,1.0,8
c1_cross_clear_03__c1_lead_opt_08,cross,c1_cross_clear_03,c1_lead_opt_08,cross,lead,cross_clear,lead_opt,0,3.0,0.06457,0.028633,0.028633,1.0,8
c1_cross_clear_03__c1_temp_opt_01,cross,c1_cross_clear_03,c1_temp_opt_01,cross,block_or_occupancy,cross_clear,temp_opt,0,0.0,0.077585,0.031206,0.031206,1.0,8
c1_cross_clear_03__c1_temp_opt_02,cross,c1_cross_clear_03,c1_temp_opt_02,cross,block_or_occupancy,cross_clear,temp_opt,0,0.0,0.081381,0.029955,0.029955,1.0,8
c1_cross_clear_03__c1_temp_opt_03,cross,c1_cross_clear_03,c1_temp_opt_03,cross,block_or_occupancy,cross_clear,temp_opt,0,0.0,0.07642,0.032667,0.032667,1.0,8
c1_cross_clear_03__c1_temp_opt_04,cross,c1_cross_clear_03,c1_temp_opt_04,cross,block_or_occupancy,cross_clear,temp_opt,0,1.0,0.068086,0.021026,0.021026,1.0,8
c1_cross_clear_03__c1_temp_opt_05,cross,c1_cross_clear_03,c1_temp_opt_05,cross,block_or_occupancy,cross_clear,temp_opt,0,1.0,0.076583,0.031204,0.031204,1.0,8
c1_cross_clear_03__c1_temp_opt_06,cross,c1_cross_clear_03,c1_temp_opt_06,cross,block_or_occupancy,cross_clear,temp_opt,0,2.0,0.108716,0.07542,0.07542,1.0,8
c1_cross_clear_03__c1_temp_opt_07,cross,c1_cross_clear_03,c1_temp_opt_07,cross,block_or_occupancy,cross_clear,temp_opt,0,2.0,0.076373,0.030905,0.030905,1.0,8
c1_cross_clear_03__c1_temp_opt_08,cross,c1_cross_clear_03,c1_temp_opt_08,cross,block_or_occupancy,cross_clear,temp_opt,0,3.0,0.120668,0.128103,0.128103,1.0,8
c1_cross_clear_04__c1_lead_cont_01,cross,c1_cross_clear_04,c1_lead_cont_01,cross,lead,cross_clear,lead_cont,0,0.0,0.289126,0.253391,0.253391,1.0,8
c1_cross_clear_04__c1_lead_cont_02,cross,c1_cross_clear_04,c1_lead_cont_02,cross,lead,cross_clear,lead_cont,0,0.0,0.312414,0.257972,0.257972,1.0,8
c1_cross_clear_04__c1_lead_cont_03,cross,c1_cross_clear_04,c1_lead_cont_03,cross,lead,cross_clear,lead_cont,0,1.0,0.241605,0.238233,0.238233,1.0,8
c1_cross_clear_04__c1_lead_cont_04,cross,c1_cross_clear_04,c1_lead_cont_04,cross,lead,cross_clear,lead_cont,0,1.0,0.287236,0.250957,0.250957,1.0,8
c1_cross_clear_04__c1_lead_cont_05,cross,c1_cross_clear_04,c1_lead_cont_05,cross,lead,cross_clear,lead_cont,0,2.0,0.311122,0.257331,0.257331,1.0,8
c1_cross_clear_04__c1_lead_cont_06,cross,c1_cross_clear_04,c1_lead_cont_06,cross,lead,cross_clear,lead_cont,0,2.0,0.314451,0.257917,0.257917,1.0,8
c1_cross_clear_04__c1_lead_cont_07,cross,c1_cross_clear_04,c1_lead_cont_07,cross,lead,cross_clear,lead_cont,0,3.0,0.258573,0.251508,0.251508,1.0,8
c1_cross_clear_04__c1_lead_cont_08,cross,c1_cross_clear_04,c1_lead_cont_08,cross,lead,cross_clear,lead_cont,0,3.0,0.297795,0.257209,0.257209,1.0,8
c1_cross_clear_04__c1_lead_nec_01,cross,c1_cross_clear_04,c1_lead_nec_01,cross,lead,cross_clear,lead_nec,0,0.0,0.067703,0.037274,0.037274,1.0,8
c1_cross_clear_04__c1_lead_nec_02,cross,c1_cross_clear_04,c1_lead_nec_02,cross,lead,cross_clear,lead_nec,0,0.0,0.090992,0.042427,0.042427,1.0,8
c1_cross_clear_04__c1_lead_nec_03,cross,c1_cross_clear_04,c1_lead_nec_03,cross,lead,cross_clear,lead_nec,0,1.0,0.06584,0.039588,0.039588,1.0,8
c1_cross_clear_04__c1_lead_nec_04,cross,c1_cross_clear_04,c1_lead_nec_04,cross,lead,cross_clear,lead_nec,0,1.0,0.08187,0.039536,0.039536,1.0,8
c1_cross_clear_04__c1_lead_nec_05,cross,c1_cross_clear_04,c1_lead_nec_05,cross,lead,cross_clear,lead_nec,0,2.0,0.077226,0.038388,0.038388,1.0,8
c1_cross_clear_04__c1_lead_nec_06,cross,c1_cross_clear_04,c1_lead_nec_06,cross,lead,cross_clear,lead_nec,0,2.0,0.080555,0.038973,0.038973,1.0,8
c1_cross_clear_04__c1_lead_nec_07,cross,c1_cross_clear_04,c1_lead_nec_07,cross,lead,cross_clear,lead_nec,0,3.0,0.077728,0.050363,0.050363,1.0,8
c1_cross_clear_04__c1_lead_nec_08,cross,c1_cross_clear_04,c1_lead_nec_08,cross,lead,cross_clear,lead_nec,0,3.0,0.074744,0.038019,0.038019,1.0,8
c1_cross_clear_04__c1_lead_opt_01,cross,c1_cross_clear_04,c1_lead_opt_01,cross,lead,cross_clear,lead_opt,0,0.0,0.080331,0.038814,0.038814,1.0,8
c1_cross_clear_04__c1_lead_opt_02,cross,c1_cross_clear_04,c1_lead_opt_02,cross,lead,cross_clear,lead_opt,0,0.0,0.089357,0.042593,0.042593,1.0,8
c1_cross_clear_04__c1_lead_opt_03,cross,c1_cross_clear_04,c1_lead_opt_03,cross,lead,cross_clear,lead_opt,0,1.0,0.084272,0.040319,0.040319,1.0,8
c1_cross_clear_04__c1_lead_opt_04,cross,c1_cross_clear_04,c1_lead_opt_04,cross,lead,cross_clear,lead_opt,0,1.0,0.067618,0.034904,0.034904,1.0,8
c1_cross_clear_04__c1_lead_opt_05,cross,c1_cross_clear_04,c1_lead_opt_05,cross,lead,cross_clear,lead_opt,0,2.0,0.068735,0.034036,0.034036,1.0,8
c1_cross_clear_04__c1_lead_opt_06,cross,c1_cross_clear_04,c1_lead_opt_06,cross,lead,cross_clear,lead_opt,0,2.0,0.066021,0.035158,0.035158,1.0,8
c1_cross_clear_04__c1_lead_opt_07,cross,c1_cross_clear_04,c1_lead_opt_07,cross,lead,cross_clear,lead_opt,0,3.0,0.07387,0.045934,0.045934,1.0,8
c1_cross_clear_04__c1_lead_opt_08,cross,c1_cross_clear_04,c1_lead_opt_08,cross,lead,cross_clear,lead_opt,0,3.0,0.071066,0.036634,0.036634,1.0,8
c1_cross_clear_04__c1_temp_opt_01,cross,c1_cross_clear_04,c1_temp_opt_01,cross,block_or_occupancy,cross_clear,temp_opt,0,0.0,0.104632,0.050444,0.050444,1.0,8
c1_cross_clear_04__c1_temp_opt_02,cross,c1_cross_clear_04,c1_temp_opt_02,cross,block_or_occupancy,cross_clear,temp_opt,0,0.0,0.093015,0.047405,0.047405,1.0,8
c1_cross_clear_04__c1_temp_opt_03,cross,c1_cross_clear_04,c1_temp_opt_03,cross,block_or_occupancy,cross_clear,temp_opt,0,0.0,0.114579,0.053809,0.053809,1.0,8
c1_cross_clear_04__c1_temp_opt_04,cross,c1_cross_clear_04,c1_temp_opt_04,cross,block_or_occupancy,cross_clear,temp_opt,0,1.0,0.072053,0.035463,0.035463,1.0,8
c1_cross_clear_04__c1_temp_opt_05,cross,c1_cross_clear_04,c1_temp_opt_05,cross,block_or_occupancy,cross_clear,temp_opt,0,1.0,0.103485,0.050457,0.050457,1.0,8
c1_cross_clear_04__c1_temp_opt_06,cross,c1_cross_clear_04,c1_temp_opt_06,cross,block_or_occupancy,cross_clear,temp_opt,0,2.0,0.100402,0.06615,0.06615,1.0,8
c1_cross_clear_04__c1_temp_opt_07,cross,c1_cross_clear_04,c1_temp_opt_07,cross,block_or_occupancy,cross_clear,temp_opt,0,2.0,0.104272,0.050307,0.050307,1.0,8
c1_cross_clear_04__c1_temp_opt_08,cross,c1_cross_clear_04,c1_temp_opt_08,cross,block_or_occupancy,cross_clear,temp_opt,0,3.0,0.099752,0.113468,0.113468,1.0,8
c1_cross_clear_05__c1_lead_cont_01,cross,c1_cross_clear_05,c1_lead_cont_01,cross,lead,cross_clear,lead_cont,0,1.0,0.342781,0.275739,0.275739,1.0,8
c1_cross_clear_05__c1_lead_cont_02,cross,c1_cross_clear_05,c1_lead_cont_02,cross,lead,cross_clear,lead_cont,0,1.0,0.337773,0.271257,0.271257,1.0,8
c1_cross_clear_05__c1_lead_cont_03,cross,c1_cross_clear_05,c1_lead_cont_03,cross,lead,cross_clear,lead_cont,0,0.0,0.293166,0.259487,0.259487,1.0,8
c1_cross_clear_05__c1_lead_cont_04,cross,c1_cross_clear_05,c1_lead_cont_04,cross,lead,cross_clear,lead_cont,0,0.0,0.315397,0.267303,0.267303,1.0,8
c1_cross_clear_05__c1_lead_cont_05,cross,c1_cross_clear_05,c1_lead_cont_05,cross,lead,cross_clear,lead_cont,0,1.0,0.349675,0.275228,0.275228,1.0,8
c1_cross_clear_05__c1_lead_cont_06,cross,c1_cross_clear_05,c1_lead_cont_06,cross,lead,cross_clear,lead_cont,0,1.0,0.348914,0.274779,0.274779,1.0,8
c1_cross_clear_05__c1_lead_cont_07,cross,c1_cross_clear_05,c1_lead_cont_07,cross,lead,cross_clear,lead_cont,0,2.0,0.313251,0.271229,0.271229,1.0,8
c1_cross_clear_05__c1_lead_cont_08,cross,c1_cross_clear_05,c1_lead_cont_08,cross,lead,cross_clear,lead_cont,0,2.0,0.337817,0.275945,0.275945,1.0,8
c1_cross_clear_05__c1_lead_nec_01,cross,c1_cross_clear_05,c1_lead_nec_01,cross,lead,cross_clear,lead_nec,0,1.0,0.074056,0.038288,0.038288,1.0,8
c1_cross_clear_05__c1_lead_nec_02,cross,c1_cross_clear_05,c1_lead_nec_02,cross,lead,cross_clear,lead_nec,0,1.0,0.069048,0.034414,0.034414,1.0,8
c1_cross_clear_05__c1_lead_nec_03,cross,c1_cross_clear_05,c1_lead_nec_03,cross,lead,cross_clear,lead_nec,0,0.0,0.076034,0.04111,0.04111,1.0,8
c1_cross_clear_05__c1_lead_nec_04,cross,c1_cross_clear_05,c1_lead_nec_04,cross,lead,cross_clear,lead_nec,0,0.0,0.068652,0.034548,0.034548,1.0,8
c1_cross_clear_05__c1_lead_nec_05,cross,c1_cross_clear_05,c1_lead_nec_05,cross,lead,cross_clear,lead_nec,0,1.0,0.068477,0.03495,0.03495,1.0,8
c1_cross_clear_05__c1_lead_nec_06,cross,c1_cross_clear_05,c1_lead_nec_06,cross,lead,cross_clear,lead_nec,0,1.0,0.067716,0.034501,0.034501,1.0,8
c1_cross_clear_05__c1_lead_nec_07,cross,c1_cross_clear_05,c1_lead_nec_07,cross,lead,cross_clear,lead_nec,0,2.0,0.085103,0.053265,0.053265,1.0,8
c1_cross_clear_05__c1_lead_nec_08,cross,c1_cross_clear_05,c1_lead_nec_08,cross,lead,cross_clear,lead_nec,0,2.0,0.067463,0.03542,0.03542,1.0,8
c1_cross_clear_05__c1_lead_opt_01,cross,c1_cross_clear_05,c1_lead_opt_01,cross,lead,cross_clear,lead_opt,0,1.0,0.073356,0.035412,0.035412,1.0,8
c1_cross_clear_05__c1_lead_opt_02,cross,c1_cross_clear_05,c1_lead_opt_02,cross,lead,cross_clear,lead_opt,0,1.0,0.071703,0.035284,0.035284,1.0,8
c1_cross_clear_05__c1_lead_opt_03,cross,c1_cross_clear_05,c1_lead_opt_03,cross,lead,cross_clear,lead_opt,0,0.0,0.071648,0.034921,0.034921,1.0,8
c1_cross_clear_05__c1_lead_opt_04,cross,c1_cross_clear_05,c1_lead_opt_04,cross,lead,cross_clear,lead_opt,0,0.0,0.072687,0.035591,0.035591,1.0,8
c1_cross_clear_05__c1_lead_opt_05,cross,c1_cross_clear_05,c1_lead_opt_05,cross,lead,cross_clear,lead_opt,0,1.0,0.072408,0.035199,0.035199,1.0,8
c1_cross_clear_05__c1_lead_opt_06,cross,c1_cross_clear_05,c1_lead_opt_06,cross,lead,cross_clear,lead_opt,0,1.0,0.072654,0.037322,0.037322,1.0,8
c1_cross_clear_05__c1_lead_opt_07,cross,c1_cross_clear_05,c1_lead_opt_07,cross,lead,cross_clear,lead_opt,0,2.0,0.080369,0.059662,0.059662,1.0,8
c1_cross_clear_05__c1_lead_opt_08,cross,c1_cross_clear_05,c1_lead_opt_08,cross,lead,cross_clear,lead_opt,0,2.0,0.071354,0.039693,0.039693,1.0,8
c1_cross_clear_05__c1_temp_opt_01,cross,c1_cross_clear_05,c1_temp_opt_01,cross,block_or_occupancy,cross_clear,temp_opt,0,1.0,0.067243,0.03475,0.03475,1.0,8
c1_cross_clear_05__c1_temp_opt_02,cross,c1_cross_clear_05,c1_temp_opt_02,cross,block_or_occupancy,cross_clear,temp_opt,0,1.0,0.078024,0.037168,0.037168,1.0,8
c1_cross_clear_05__c1_temp_opt_03,cross,c1_cross_clear_05,c1_temp_opt_03,cross,block_or_occupancy,cross_clear,temp_opt,0,1.0,0.059901,0.032318,0.032318,1.0,8
c1_cross_clear_05__c1_temp_opt_04,cross,c1_cross_clear_05,c1_temp_opt_04,cross,block_or_occupancy,cross_clear,temp_opt,0,0.0,0.080793,0.037421,0.037421,1.0,8
c1_cross_clear_05__c1_temp_opt_05,cross,c1_cross_clear_05,c1_temp_opt_05,cross,block_or_occupancy,cross_clear,temp_opt,0,0.0,0.068349,0.034853,0.034853,1.0,8
c1_cross_clear_05__c1_temp_opt_06,cross,c1_cross_clear_05,c1_temp_opt_06,cross,block_or_occupancy,cross_clear,temp_opt,0,1.0,0.112632,0.088569,0.088569,1.0,8
c1_cross_clear_05__c1_temp_opt_07,cross,c1_cross_clear_05,c1_temp_opt_07,cross,block_or_occupancy,cross_clear,temp_opt,0,1.0,0.068237,0.034586,0.034586,1.0,8
c1_cross_clear_05__c1_temp_opt_08,cross,c1_cross_clear_05,c1_temp_opt_08,cross,block_or_occupancy,cross_clear,temp_opt,0,2.0,0.142661,0.135152,0.135152,1.0,8
c1_cross_clear_06__c1_lead_cont_01,cross,c1_cross_clear_06,c1_lead_cont_01,cross,lead,cross_clear,lead_cont,0,1.0,0.278096,0.247466,0.247466,1.0,8
c1_cross_clear_06__c1_lead_cont_02,cross,c1_cross_clear_06,c1_lead_cont_02,cross,lead,cross_clear,lead_cont,0,1.0,0.304892,0.25562,0.25562,1.0,8
c1_cross_clear_06__c1_lead_cont_03,cross,c1_cross_clear_06,c1_lead_cont_03,cross,lead,cross_clear,lead_cont,0,0.0,0.219134,0.226526,0.226526,1.0,8
c1_cross_clear_06__c1_lead_cont_04,cross,c1_cross_clear_06,c1_lead_cont_04,cross,lead,cross_clear,lead_cont,0,0.0,0.273778,0.247485,0.247485,1.0,8
c1_cross_clear_06__c1_lead_cont_05,cross,c1_cross_clear_06,c1_lead_cont_05,cross,lead,cross_clear,lead_cont,0,1.0,0.303341,0.253043,0.253043,1.0,8
c1_cross_clear_06__c1_lead_cont_06,cross,c1_cross_clear_06,c1_lead_cont_06,cross,lead,cross_clear,lead_cont,0,1.0,0.306815,0.254003,0.254003,1.0,8
c1_cross_clear_06__c1_lead_cont_07,cross,c1_cross_clear_06,c1_lead_cont_07,cross,lead,cross_clear,lead_cont,0,2.0,0.235915,0.237757,0.237757,1.0,8
c1_cross_clear_06__c1_lead_cont_08,cross,c1_cross_clear_06,c1_lead_cont_08,cross,lead,cross_clear,lead_cont,0,2.0,0.289702,0.252223,0.252223,1.0,8
c1_cross_clear_06__c1_lead_nec_01,cross,c1_cross_clear_06,c1_lead_nec_01,cross,lead,cross_clear,lead_nec,0,1.0,0.087078,0.045688,0.045688,1.0,8
c1_cross_clear_06__c1_lead_nec_02,cross,c1_cross_clear_06,c1_lead_nec_02,cross,lead,cross_clear,lead_nec,0,1.0,0.113874,0.05445,0.05445,1.0,8
c1_cross_clear_06__c1_lead_nec_03,cross,c1_cross_clear_06,c1_lead_nec_03,cross,lead,cross_clear,lead_nec,0,0.0,0.079238,0.044104,0.044104,1.0,8
c1_cross_clear_06__c1_lead_nec_04,cross,c1_cross_clear_06,c1_lead_nec_04,cross,lead,cross_clear,lead_nec,0,0.0,0.104752,0.050406,0.050406,1.0,8
c1_cross_clear_06__c1_lead_nec_05,cross,c1_cross_clear_06,c1_lead_nec_05,cross,lead,cross_clear,lead_nec,0,1.0,0.09985,0.048438,0.048438,1.0,8
c1_cross_clear_06__c1_lead_nec_06,cross,c1_cross_clear_06,c1_lead_nec_06,cross,lead,cross_clear,lead_nec,0,1.0,0.103325,0.049399,0.049399,1.0,8
c1_cross_clear_06__c1_lead_nec_07,cross,c1_cross_clear_06,c1_lead_nec_07,cross,lead,cross_clear,lead_nec,0,2.0,0.08525,0.050508,0.050508,1.0,8
c1_cross_clear_06__c1_lead_nec_08,cross,c1_cross_clear_06,c1_lead_nec_08,cross,lead,cross_clear,lead_nec,0,2.0,0.097056,0.047371,0.047371,1.0,8
c1_cross_clear_06__c1_lead_opt_01,cross,c1_cross_clear_06,c1_lead_opt_01,cross,lead,cross_clear,lead_opt,0,1.0,0.103213,0.050893,0.050893,1.0,8
c1_cross_clear_06__c1_lead_opt_02,cross,c1_cross_clear_06,c1_lead_opt_02,cross,lead,cross_clear,lead_opt,0,1.0,0.11224,0.054939,0.054939,1.0,8
c1_cross_clear_06__c1_lead_opt_03,cross,c1_cross_clear_06,c1_lead_opt_03,cross,lead,cross_clear,lead_opt,0,0.0,0.107155,0.052574,0.052574,1.0,8
c1_cross_clear_06__c1_lead_opt_04,cross,c1_cross_clear_06,c1_lead_opt_04,cross,lead,cross_clear,lead_opt,0,0.0,0.090223,0.045226,0.045226,1.0,8
c1_cross_clear_06__c1_lead_opt_05,cross,c1_cross_clear_06,c1_lead_opt_05,cross,lead,cross_clear,lead_opt,0,1.0,0.089607,0.04374,0.04374,1.0,8
c1_cross_clear_06__c1_lead_opt_06,cross,c1_cross_clear_06,c1_lead_opt_06,cross,lead,cross_clear,lead_opt,0,1.0,0.081572,0.040698,0.040698,1.0,8
c1_cross_clear_06__c1_lead_opt_07,cross,c1_cross_clear_06,c1_lead_opt_07,cross,lead,cross_clear,lead_opt,0,2.0,0.084907,0.047404,0.047404,1.0,8
c1_cross_clear_06__c1_lead_opt_08,cross,c1_cross_clear_06,c1_lead_opt_08,cross,lead,cross_clear,lead_opt,0,2.0,0.090542,0.043186,0.043186,1.0,8
c1_cross_clear_06__c1_temp_opt_01,cross,c1_cross_clear_06,c1_temp_opt_01,cross,block_or_occupancy,cross_clear,temp_opt,0,1.0,0.127515,0.062832,0.062832,1.0,8
c1_cross_clear_06__c1_temp_opt_02,cross,c1_cross_clear_06,c1_temp_opt_02,cross,block_or_occupancy,cross_clear,temp_opt,0,1.0,0.115898,0.059792,0.059792,1.0,8
c1_cross_clear_06__c1_temp_opt_03,cross,c1_cross_clear_06,c1_temp_opt_03,cross,block_or_occupancy,cross_clear,temp_opt,0,1.0,0.137462,0.066197,0.066197,1.0,8
c1_cross_clear_06__c1_temp_opt_04,cross,c1_cross_clear_06,c1_temp_opt_04,cross,block_or_occupancy,cross_clear,temp_opt,0,0.0,0.089841,0.045464,0.045464,1.0,8
c1_cross_clear_06__c1_temp_opt_05,cross,c1_cross_clear_06,c1_temp_opt_05,cross,block_or_occupancy,cross_clear,temp_opt,0,0.0,0.126368,0.062845,0.062845,1.0,8
c1_cross_clear_06__c1_temp_opt_06,cross,c1_cross_clear_06,c1_temp_opt_06,cross,block_or_occupancy,cross_clear,temp_opt,0,1.0,0.107925,0.069379,0.069379,1.0,8
c1_cross_clear_06__c1_temp_opt_07,cross,c1_cross_clear_06,c1_temp_opt_07,cross,block_or_occupancy,cross_clear,temp_opt,0,1.0,0.127155,0.062694,0.062694,1.0,8
c1_cross_clear_06__c1_temp_opt_08,cross,c1_cross_clear_06,c1_temp_opt_08,cross,block_or_occupancy,cross_clear,temp_opt,0,2.0,0.108252,0.111198,0.111198,1.0,8
c1_cross_clear_07__c1_lead_cont_01,cross,c1_cross_clear_07,c1_lead_cont_01,cross,lead,cross_clear,lead_cont,0,2.0,0.240009,0.170411,0.170411,1.0,8
c1_cross_clear_07__c1_lead_cont_02,cross,c1_cross_clear_07,c1_lead_cont_02,cross,lead,cross_clear,lead_cont,0,2.0,0.222404,0.164374,0.164374,1.0,8
c1_cross_clear_07__c1_lead_cont_03,cross,c1_cross_clear_07,c1_lead_cont_03,cross,lead,cross_clear,lead_cont,0,1.0,0.193039,0.14284,0.14284,1.0,8
c1_cross_clear_07__c1_lead_cont_04,cross,c1_cross_clear_07,c1_lead_cont_04,cross,lead,cross_clear,lead_cont,0,1.0,0.203888,0.147639,0.147639,1.0,8
c1_cross_clear_07__c1_lead_cont_05,cross,c1_cross_clear_07,c1_lead_cont_05,cross,lead,cross_clear,lead_cont,0,0.0,0.240553,0.161011,0.161011,1.0,8
c1_cross_clear_07__c1_lead_cont_06,cross,c1_cross_clear_07,c1_lead_cont_06,cross,lead,cross_clear,lead_cont,0,0.0,0.238375,0.160516,0.160516,1.0,8
c1_cross_clear_07__c1_lead_cont_07,cross,c1_cross_clear_07,c1_lead_cont_07,cross,lead,cross_clear,lead_cont,0,1.0,0.208557,0.15537,0.15537,1.0,8
c1_cross_clear_07__c1_lead_cont_08,cross,c1_cross_clear_07,c1_lead_cont_08,cross,lead,cross_clear,lead_cont,0,1.0,0.230399,0.159045,0.159045,1.0,8
c1_cross_clear_07__c1_lead_nec_01,cross,c1_cross_clear_07,c1_lead_nec_01,cross,lead,cross_clear,lead_nec,0,2.0,0.221349,0.194763,0.194763,1.0,8
c1_cross_clear_07__c1_lead_nec_02,cross,c1_cross_clear_07,c1_lead_nec_02,cross,lead,cross_clear,lead_nec,0,2.0,0.203743,0.189332,0.189332,1.0,8
c1_cross_clear_07__c1_lead_nec_03,cross,c1_cross_clear_07,c1_lead_nec_03,cross,lead,cross_clear,lead_nec,0,1.0,0.226795,0.19609,0.19609,1.0,8
c1_cross_clear_07__c1_lead_nec_04,cross,c1_cross_clear_07,c1_lead_nec_04,cross,lead,cross_clear,lead_nec,0,1.0,0.208437,0.190838,0.190838,1.0,8
c1_cross_clear_07__c1_lead_nec_05,cross,c1_cross_clear_07,c1_lead_nec_05,cross,lead,cross_clear,lead_nec,0,0.0,0.210648,0.191289,0.191289,1.0,8
c1_cross_clear_07__c1_lead_nec_06,cross,c1_cross_clear_07,c1_lead_nec_06,cross,lead,cross_clear,lead_nec,0,0.0,0.208471,0.190794,0.190794,1.0,8
c1_cross_clear_07__c1_lead_nec_07,cross,c1_cross_clear_07,c1_lead_nec_07,cross,lead,cross_clear,lead_nec,0,1.0,0.230913,0.202707,0.202707,1.0,8
c1_cross_clear_07__c1_lead_nec_08,cross,c1_cross_clear_07,c1_lead_nec_08,cross,lead,cross_clear,lead_nec,0,1.0,0.211339,0.191227,0.191227,1.0,8
c1_cross_clear_07__c1_lead_opt_01,cross,c1_cross_clear_07,c1_lead_opt_01,cross,lead,cross_clear,lead_opt,0,2.0,0.212467,0.192249,0.192249,1.0,8
c1_cross_clear_07__c1_lead_opt_02,cross,c1_cross_clear_07,c1_lead_opt_02,cross,lead,cross_clear,lead_opt,0,2.0,0.206347,0.189977,0.189977,1.0,8
c1_cross_clear_07__c1_lead_opt_03,cross,c1_cross_clear_07,c1_lead_opt_03,cross,lead,cross_clear,lead_opt,0,1.0,0.209228,0.191042,0.191042,1.0,8
c1_cross_clear_07__c1_lead_opt_04,cross,c1_cross_clear_07,c1_lead_opt_04,cross,lead,cross_clear,lead_opt,0,1.0,0.21851,0.194111,0.194111,1.0,8
c1_cross_clear_07__c1_lead_opt_05,cross,c1_cross_clear_07,c1_lead_opt_05,cross,lead,cross_clear,lead_opt,0,0.0,0.219227,0.194983,0.194983,1.0,8
c1_cross_clear_07__c1_lead_opt_06,cross,c1_cross_clear_07,c1_lead_opt_06,cross,lead,cross_clear,lead_opt,0,0.0,0.22454,0.196859,0.196859,1.0,8
c1_cross_clear_07__c1_lead_opt_07,cross,c1_cross_clear_07,c1_lead_opt_07,cross,lead,cross_clear,lead_opt,0,1.0,0.230515,0.218549,0.218549,1.0,8
c1_cross_clear_07__c1_lead_opt_08,cross,c1_cross_clear_07,c1_lead_opt_08,cross,lead,cross_clear,lead_opt,0,1.0,0.218677,0.200925,0.200925,1.0,8
c1_cross_clear_07__c1_temp_opt_01,cross,c1_cross_clear_07,c1_temp_opt_01,cross,block_or_occupancy,cross_clear,temp_opt,0,2.0,0.194935,0.184621,0.184621,1.0,8
c1_cross_clear_07__c1_temp_opt_02,cross,c1_cross_clear_07,c1_temp_opt_02,cross,block_or_occupancy,cross_clear,temp_opt,0,2.0,0.206552,0.187649,0.187649,1.0,8
c1_cross_clear_07__c1_temp_opt_03,cross,c1_cross_clear_07,c1_temp_opt_03,cross,block_or_occupancy,cross_clear,temp_opt,0,2.0,0.184988,0.181256,0.181256,1.0,8
c1_cross_clear_07__c1_temp_opt_04,cross,c1_cross_clear_07,c1_temp_opt_04,cross,block_or_occupancy,cross_clear,temp_opt,0,1.0,0.225727,0.198955,0.198955,1.0,8
c1_cross_clear_07__c1_temp_opt_05,cross,c1_cross_clear_07,c1_temp_opt_05,cross,block_or_occupancy,cross_clear,temp_opt,0,1.0,0.196082,0.184608,0.184608,1.0,8
c1_cross_clear_07__c1_temp_opt_06,cross,c1_cross_clear_07,c1_temp_opt_06,cross,block_or_occupancy,cross_clear,temp_opt,0,0.0,0.250705,0.237,0.237,1.0,8
c1_cross_clear_07__c1_temp_opt_07,cross,c1_cross_clear_07,c1_temp_opt_07,cross,block_or_occupancy,cross_clear,temp_opt,0,0.0,0.195295,0.184752,0.184752,1.0,8
c1_cross_clear_07__c1_temp_opt_08,cross,c1_cross_clear_07,c1_temp_opt_08,cross,block_or_occupancy,cross_clear,temp_opt,0,1.0,0.294878,0.227632,0.227632,1.0,8
c1_cross_clear_08__c1_lead_cont_01,cross,c1_cross_clear_08,c1_lead_cont_01,cross,lead,cross_clear,lead_cont,0,2.0,0.178937,0.144032,0.144032,1.0,8
c1_cross_clear_08__c1_lead_cont_02,cross,c1_cross_clear_08,c1_lead_cont_02,cross,lead,cross_clear,lead_cont,0,2.0,0.207442,0.159799,0.159799,1.0,8
c1_cross_clear_08__c1_lead_cont_03,cross,c1_cross_clear_08,c1_lead_cont_03,cross,lead,cross_clear,lead_cont,0,1.0,0.151691,0.132877,0.132877,1.0,8
c1_cross_clear_08__c1_lead_cont_04,cross,c1_cross_clear_08,c1_lead_cont_04,cross,lead,cross_clear,lead_cont,0,1.0,0.199052,0.143936,0.143936,1.0,8
c1_cross_clear_08__c1_lead_cont_05,cross,c1_cross_clear_08,c1_lead_cont_05,cross,lead,cross_clear,lead_cont,0,0.0,0.204981,0.148029,0.148029,1.0,8
c1_cross_clear_08__c1_lead_cont_06,cross,c1_cross_clear_08,c1_lead_cont_06,cross,lead,cross_clear,lead_cont,0,0.0,0.208456,0.149704,0.149704,1.0,8
c1_cross_clear_08__c1_lead_cont_07,cross,c1_cross_clear_08,c1_lead_cont_07,cross,lead,cross_clear,lead_cont,0,1.0,0.139417,0.12857,0.12857,1.0,8
c1_cross_clear_08__c1_lead_cont_08,cross,c1_cross_clear_08,c1_lead_cont_08,cross,lead,cross_clear,lead_cont,0,1.0,0.191283,0.148821,0.148821,1.0,8
c1_cross_clear_08__c1_lead_nec_01,cross,c1_cross_clear_08,c1_lead_nec_01,cross,lead,cross_clear,lead_nec,0,2.0,0.283668,0.215845,0.215845,1.0,8
c1_cross_clear_08__c1_lead_nec_02,cross,c1_cross_clear_08,c1_lead_nec_02,cross,lead,cross_clear,lead_nec,0,2.0,0.312174,0.231004,0.231004,1.0,8
c1_cross_clear_08__c1_lead_nec_03,cross,c1_cross_clear_08,c1_lead_nec_03,cross,lead,cross_clear,lead_nec,0,1.0,0.271757,0.208206,0.208206,1.0,8
c1_cross_clear_08__c1_lead_nec_04,cross,c1_cross_clear_08,c1_lead_nec_04,cross,lead,cross_clear,lead_nec,0,1.0,0.303052,0.225668,0.225668,1.0,8
c1_cross_clear_08__c1_lead_nec_05,cross,c1_cross_clear_08,c1_lead_nec_05,cross,lead,cross_clear,lead_nec,0,0.0,0.298149,0.222234,0.222234,1.0,8
c1_cross_clear_08__c1_lead_nec_06,cross,c1_cross_clear_08,c1_lead_nec_06,cross,lead,cross_clear,lead_nec,0,0.0,0.301624,0.223909,0.223909,1.0,8
c1_cross_clear_08__c1_lead_nec_07,cross,c1_cross_clear_08,c1_lead_nec_07,cross,lead,cross_clear,lead_nec,0,1.0,0.259559,0.193448,0.193448,1.0,8
c1_cross_clear_08__c1_lead_nec_08,cross,c1_cross_clear_08,c1_lead_nec_08,cross,lead,cross_clear,lead_nec,0,1.0,0.295296,0.219534,0.219534,1.0,8
c1_cross_clear_08__c1_lead_opt_01,cross,c1_cross_clear_08,c1_lead_opt_01,cross,lead,cross_clear,lead_opt,0,2.0,0.301513,0.227501,0.227501,1.0,8
c1_cross_clear_08__c1_lead_opt_02,cross,c1_cross_clear_08,c1_lead_opt_02,cross,lead,cross_clear,lead_opt,0,2.0,0.310539,0.232049,0.232049,1.0,8
c1_cross_clear_08__c1_lead_opt_03,cross,c1_cross_clear_08,c1_lead_opt_03,cross,lead,cross_clear,lead_opt,0,1.0,0.305454,0.229315,0.229315,1.0,8
c1_cross_clear_08__c1_lead_opt_04,cross,c1_cross_clear_08,c1_lead_opt_04,cross,lead,cross_clear,lead_opt,0,1.0,0.288523,0.219838,0.219838,1.0,8
c1_cross_clear_08__c1_lead_opt_05,cross,c1_cross_clear_08,c1_lead_opt_05,cross,lead,cross_clear,lead_opt,0,0.0,0.287409,0.21865,0.21865,1.0,8
c1_cross_clear_08__c1_lead_opt_06,cross,c1_cross_clear_08,c1_lead_opt_06,cross,lead,cross_clear,lead_opt,0,0.0,0.277116,0.211803,0.211803,1.0,8
c1_cross_clear_08__c1_lead_opt_07,cross,c1_cross_clear_08,c1_lead_opt_07,cross,lead,cross_clear,lead_opt,0,1.0,0.264563,0.1833,0.1833,1.0,8
c1_cross_clear_08__c1_lead_opt_08,cross,c1_cross_clear_08,c1_lead_opt_08,cross,lead,cross_clear,lead_opt,0,1.0,0.2866,0.211133,0.211133,1.0,8
c1_cross_clear_08__c1_temp_opt_01,cross,c1_cross_clear_08,c1_temp_opt_01,cross,block_or_occupancy,cross_clear,temp_opt,0,2.0,0.325814,0.240019,0.240019,1.0,8
c1_cross_clear_08__c1_temp_opt_02,cross,c1_cross_clear_08,c1_temp_opt_02,cross,block_or_occupancy,cross_clear,temp_opt,0,2.0,0.314198,0.23698,0.23698,1.0,8
c1_cross_clear_08__c1_temp_opt_03,cross,c1_cross_clear_08,c1_temp_opt_03,cross,block_or_occupancy,cross_clear,temp_opt,0,2.0,0.335762,0.243384,0.243384,1.0,8
c1_cross_clear_08__c1_temp_opt_04,cross,c1_cross_clear_08,c1_temp_opt_04,cross,block_or_occupancy,cross_clear,temp_opt,0,1.0,0.286345,0.22191,0.22191,1.0,8
c1_cross_clear_08__c1_temp_opt_05,cross,c1_cross_clear_08,c1_temp_opt_05,cross,block_or_occupancy,cross_clear,temp_opt,0,1.0,0.324667,0.240032,0.240032,1.0,8
c1_cross_clear_08__c1_temp_opt_06,cross,c1_cross_clear_08,c1_temp_opt_06,cross,block_or_occupancy,cross_clear,temp_opt,0,0.0,0.228477,0.149283,0.149283,1.0,8
c1_cross_clear_08__c1_temp_opt_07,cross,c1_cross_clear_08,c1_temp_opt_07,cross,block_or_occupancy,cross_clear,temp_opt,0,0.0,0.325455,0.239882,0.239882,1.0,8
c1_cross_clear_08__c1_temp_opt_08,cross,c1_cross_clear_08,c1_temp_opt_08,cross,block_or_occupancy,cross_clear,temp_opt,0,1.0,0.192133,0.108838,0.108838,1.0,8
c1_cross_stall_01__c1_lead_cont_01,cross,c1_cross_stall_01,c1_lead_cont_01,cross,lead,cross_stall,lead_cont,0,0.0,0.365266,0.288495,0.288495,1.0,8
c1_cross_stall_01__c1_lead_cont_02,cross,c1_cross_stall_01,c1_lead_cont_02,cross,lead,cross_stall,lead_cont,0,0.0,0.393771,0.30308,0.30308,1.0,8
c1_cross_stall_01__c1_lead_cont_03,cross,c1_cross_stall_01,c1_lead_cont_03,cross,lead,cross_stall,lead_cont,0,1.0,0.301761,0.261224,0.261224,1.0,8
c1_cross_stall_01__c1_lead_cont_04,cross,c1_cross_stall_01,c1_lead_cont_04,cross,lead,cross_stall,lead_cont,0,1.0,0.362658,0.293652,0.293652,1.0,8
c1_cross_stall_01__c1_lead_cont_05,cross,c1_cross_stall_01,c1_lead_cont_05,cross,lead,cross_stall,lead_cont,0,2.0,0.39222,0.297746,0.297746,1.0,8
c1_cross_stall_01__c1_lead_cont_06,cross,c1_cross_stall_01,c1_lead_cont_06,cross,lead,cross_stall,lead_cont,0,2.0,0.395695,0.29942,0.29942,1.0,8
c1_cross_stall_01__c1_lead_cont_07,cross,c1_cross_stall_01,c1_lead_cont_07,cross,lead,cross_stall,lead_cont,0,3.0,0.30443,0.261284,0.261284,1.0,8
c1_cross_stall_01__c1_lead_cont_08,cross,c1_cross_stall_01,c1_lead_cont_08,cross,lead,cross_stall,lead_cont,0,3.0,0.378522,0.295292,0.295292,1.0,8
c1_cross_stall_01__c1_lead_nec_01,cross,c1_cross_stall_01,c1_lead_nec_01,cross,lead,cross_stall,lead_nec,0,0.0,0.027739,0.0169,0.0169,1.0,8
c1_cross_stall_01__c1_lead_nec_02,cross,c1_cross_stall_01,c1_lead_nec_02,cross,lead,cross_stall,lead_nec,0,0.0,0.056244,0.032092,0.032092,1.0,8
c1_cross_stall_01__c1_lead_nec_03,cross,c1_cross_stall_01,c1_lead_nec_03,cross,lead,cross_stall,lead_nec,0,1.0,0.015827,0.009157,0.009157,1.0,8
c1_cross_stall_01__c1_lead_nec_04,cross,c1_cross_stall_01,c1_lead_nec_04,cross,lead,cross_stall,lead_nec,0,1.0,0.047122,0.026756,0.026756,1.0,8
c1_cross_stall_01__c1_lead_nec_05,cross,c1_cross_stall_01,c1_lead_nec_05,cross,lead,cross_stall,lead_nec,0,2.0,0.04222,0.023322,0.023322,1.0,8
c1_cross_stall_01__c1_lead_nec_06,cross,c1_cross_stall_01,c1_lead_nec_06,cross,lead,cross_stall,lead_nec,0,2.0,0.045695,0.024996,0.024996,1.0,8
c1_cross_stall_01__c1_lead_nec_07,cross,c1_cross_stall_01,c1_lead_nec_07,cross,lead,cross_stall,lead_nec,0,3.0,0.00748,0.008359,0.008359,1.0,8
c1_cross_stall_01__c1_lead_nec_08,cross,c1_cross_stall_01,c1_lead_nec_08,cross,lead,cross_stall,lead_nec,0,3.0,0.039366,0.020622,0.020622,1.0,8
c1_cross_stall_01__c1_lead_opt_01,cross,c1_cross_stall_01,c1_lead_opt_01,cross,lead,cross_stall,lead_opt,0,0.0,0.045583,0.028589,0.028589,1.0,8
c1_cross_stall_01__c1_lead_opt_02,cross,c1_cross_stall_01,c1_lead_opt_02,cross,lead,cross_stall,lead_opt,0,0.0,0.05461,0.033137,0.033137,1.0,8
c1_cross_stall_01__c1_lead_opt_03,cross,c1_cross_stall_01,c1_lead_opt_03,cross,lead,cross_stall,lead_opt,0,1.0,0.049525,0.030403,0.030403,1.0,8
c1_cross_stall_01__c1_lead_opt_04,cross,c1_cross_stall_01,c1_lead_opt_04,cross,lead,cross_stall,lead_opt,0,1.0,0.032593,0.020926,0.020926,1.0,8
c1_cross_stall_01__c1_lead_opt_05,cross,c1_cross_stall_01,c1_lead_opt_05,cross,lead,cross_stall,lead_opt,0,2.0,0.03148,0.019738,0.019738,1.0,8
c1_cross_stall_01__c1_lead_opt_06,cross,c1_cross_stall_01,c1_lead_opt_06,cross,lead,cross_stall,lead_opt,0,2.0,0.021234,0.012891,0.012891,1.0,8
c1_cross_stall_01__c1_lead_opt_07,cross,c1_cross_stall_01,c1_lead_opt_07,cross,lead,cross_stall,lead_opt,0,3.0,0.01885,0.026579,0.026579,1.0,8
c1_cross_stall_01__c1_lead_opt_08,cross,c1_cross_stall_01,c1_lead_opt_08,cross,lead,cross_stall,lead_opt,0,3.0,0.030926,0.020721,0.020721,1.0,8
c1_cross_stall_01__c1_temp_opt_01,cross,c1_cross_stall_01,c1_temp_opt_01,cross,block_or_occupancy,cross_stall,temp_opt,0,0.0,0.069885,0.041107,0.041107,1.0,8
c1_cross_stall_01__c1_temp_opt_02,cross,c1_cross_stall_01,c1_temp_opt_02,cross,block_or_occupancy,cross_stall,temp_opt,0,0.0,0.058268,0.038068,0.038068,1.0,8
c1_cross_stall_01__c1_temp_opt_03,cross,c1_cross_stall_01,c1_temp_opt_03,cross,block_or_occupancy,cross_stall,temp_opt,0,0.0,0.079832,0.044472,0.044472,1.0,8
c1_cross_stall_01__c1_temp_opt_04,cross,c1_cross_stall_01,c1_temp_opt_04,cross,block_or_occupancy,cross_stall,temp_opt,0,1.0,0.030416,0.022998,0.022998,1.0,8
c1_cross_stall_01__c1_temp_opt_05,cross,c1_cross_stall_01,c1_temp_opt_05,cross,block_or_occupancy,cross_stall,temp_opt,0,1.0,0.068738,0.04112,0.04112,1.0,8
c1_cross_stall_01__c1_temp_opt_06,cross,c1_cross_stall_01,c1_temp_opt_06,cross,block_or_occupancy,cross_stall,temp_opt,0,2.0,0.028411,0.053237,0.053237,1.0,8
c1_cross_stall_01__c1_temp_opt_07,cross,c1_cross_stall_01,c1_temp_opt_07,cross,block_or_occupancy,cross_stall,temp_opt,0,2.0,0.069525,0.04097,0.04097,1.0,8
c1_cross_stall_01__c1_temp_opt_08,cross,c1_cross_stall_01,c1_temp_opt_08,cross,block_or_occupancy,cross_stall,temp_opt,0,3.0,0.082859,0.115026,0.115026,1.0,8
c1_cross_stall_02__c1_lead_cont_01,cross,c1_cross_stall_02,c1_lead_cont_01,cross,lead,cross_stall,lead_cont,0,0.0,0.354352,0.283547,0.283547,1.0,8
c1_cross_stall_02__c1_lead_cont_02,cross,c1_cross_stall_02,c1_lead_cont_02,cross,lead,cross_stall,lead_cont,0,0.0,0.382857,0.298132,0.298132,1.0,8
c1_cross_stall_02__c1_lead_cont_03,cross,c1_cross_stall_02,c1_lead_cont_03,cross,lead,cross_stall,lead_cont,0,1.0,0.290877,0.256697,0.256697,1.0,8
c1_cross_stall_02__c1_lead_cont_04,cross,c1_cross_stall_02,c1_lead_cont_04,cross,lead,cross_stall,lead_cont,0,1.0,0.351744,0.288704,0.288704,1.0,8
c1_cross_stall_02__c1_lead_cont_05,cross,c1_cross_stall_02,c1_lead_cont_05,cross,lead,cross_stall,lead_cont,0,2.0,0.381306,0.292797,0.292797,1.0,8
c1_cross_stall_02__c1_lead_cont_06,cross,c1_cross_stall_02,c1_lead_cont_06,cross,lead,cross_stall,lead_cont,0,2.0,0.384781,0.294472,0.294472,1.0,8
c1_cross_stall_02__c1_lead_cont_07,cross,c1_cross_stall_02,c1_lead_cont_07,cross,lead,cross_stall,lead_cont,0,3.0,0.305672,0.26661,0.26661,1.0,8
c1_cross_stall_02__c1_lead_cont_08,cross,c1_cross_stall_02,c1_lead_cont_08,cross,lead,cross_stall,lead_cont,0,3.0,0.367608,0.290344,0.290344,1.0,8
c1_cross_stall_02__c1_lead_nec_01,cross,c1_cross_stall_02,c1_lead_nec_01,cross,lead,cross_stall,lead_nec,0,0.0,0.016825,0.009373,0.009373,1.0,8
c1_cross_stall_02__c1_lead_nec_02,cross,c1_cross_stall_02,c1_lead_nec_02,cross,lead,cross_stall,lead_nec,0,0.0,0.045331,0.024566,0.024566,1.0,8
c1_cross_stall_02__c1_lead_nec_03,cross,c1_cross_stall_02,c1_lead_nec_03,cross,lead,cross_stall,lead_nec,0,1.0,0.004943,0.002052,0.002052,1.0,8
c1_cross_stall_02__c1_lead_nec_04,cross,c1_cross_stall_02,c1_lead_nec_04,cross,lead,cross_stall,lead_nec,0,1.0,0.036209,0.019229,0.019229,1.0,8
c1_cross_stall_02__c1_lead_nec_05,cross,c1_cross_stall_02,c1_lead_nec_05,cross,lead,cross_stall,lead_nec,0,2.0,0.031306,0.015796,0.015796,1.0,8
c1_cross_stall_02__c1_lead_nec_06,cross,c1_cross_stall_02,c1_lead_nec_06,cross,lead,cross_stall,lead_nec,0,2.0,0.034781,0.01747,0.01747,1.0,8
c1_cross_stall_02__c1_lead_nec_07,cross,c1_cross_stall_02,c1_lead_nec_07,cross,lead,cross_stall,lead_nec,0,3.0,0.008722,0.013685,0.013685,1.0,8
c1_cross_stall_02__c1_lead_nec_08,cross,c1_cross_stall_02,c1_lead_nec_08,cross,lead,cross_stall,lead_nec,0,3.0,0.028452,0.013095,0.013095,1.0,8
c1_cross_stall_02__c1_lead_opt_01,cross,c1_cross_stall_02,c1_lead_opt_01,cross,lead,cross_stall,lead_opt,0,0.0,0.03467,0.021062,0.021062,1.0,8
c1_cross_stall_02__c1_lead_opt_02,cross,c1_cross_stall_02,c1_lead_opt_02,cross,lead,cross_stall,lead_opt,0,0.0,0.043696,0.02561,0.02561,1.0,8
c1_cross_stall_02__c1_lead_opt_03,cross,c1_cross_stall_02,c1_lead_opt_03,cross,lead,cross_stall,lead_opt,0,1.0,0.038611,0.022877,0.022877,1.0,8
c1_cross_stall_02__c1_lead_opt_04,cross,c1_cross_stall_02,c1_lead_opt_04,cross,lead,cross_stall,lead_opt,0,1.0,0.02168,0.013399,0.013399,1.0,8
c1_cross_stall_02__c1_lead_opt_05,cross,c1_cross_stall_02,c1_lead_opt_05,cross,lead,cross_stall,lead_opt,0,2.0,0.021201,0.013173,0.013173,1.0,8
c1_cross_stall_02__c1_lead_opt_06,cross,c1_cross_stall_02,c1_lead_opt_06,cross,lead,cross_stall,lead_opt,0,2.0,0.013929,0.008832,0.008832,1.0,8
c1_cross_stall_02__c1_lead_opt_07,cross,c1_cross_stall_02,c1_lead_opt_07,cross,lead,cross_stall,lead_opt,0,3.0,0.017673,0.028926,0.028926,1.0,8
c1_cross_stall_02__c1_lead_opt_08,cross,c1_cross_stall_02,c1_lead_opt_08,cross,lead,cross_stall,lead_opt,0,3.0,0.022672,0.017358,0.017358,1.0,8
c1_cross_stall_02__c1_temp_opt_01,cross,c1_cross_stall_02,c1_temp_opt_01,cross,block_or_occupancy,cross_stall,temp_opt,0,0.0,0.058971,0.033581,0.033581,1.0,8
c1_cross_stall_02__c1_temp_opt_02,cross,c1_cross_stall_02,c1_temp_opt_02,cross,block_or_occupancy,cross_stall,temp_opt,0,0.0,0.047354,0.030541,0.030541,1.0,8
c1_cross_stall_02__c1_temp_opt_03,cross,c1_cross_stall_02,c1_temp_opt_03,cross,block_or_occupancy,cross_stall,temp_opt,0,0.0,0.068918,0.036945,0.036945,1.0,8
c1_cross_stall_02__c1_temp_opt_04,cross,c1_cross_stall_02,c1_temp_opt_04,cross,block_or_occupancy,cross_stall,temp_opt,0,1.0,0.021716,0.017041,0.017041,1.0,8
c1_cross_stall_02__c1_temp_opt_05,cross,c1_cross_stall_02,c1_temp_opt_05,cross,block_or_occupancy,cross_stall,temp_opt,0,1.0,0.057824,0.033593,0.033593,1.0,8
c1_cross_stall_02__c1_temp_opt_06,cross,c1_cross_stall_02,c1_temp_opt_06,cross,block_or_occupancy,cross_stall,temp_opt,0,2.0,0.038387,0.059126,0.059126,1.0,8
c1_cross_stall_02__c1_temp_opt_07,cross,c1_cross_stall_02,c1_temp_opt_07,cross,block_or_occupancy,cross_stall,temp_opt,0,2.0,0.058612,0.033443,0.033443,1.0,8
c1_cross_stall_02__c1_temp_opt_08,cross,c1_cross_stall_02,c1_temp_opt_08,cross,block_or_occupancy,cross_stall,temp_opt,0,3.0,0.088853,0.120243,0.120243,1.0,8
c1_cross_stall_03__c1_lead_cont_01,cross,c1_cross_stall_03,c1_lead_cont_01,cross,lead,cross_stall,lead_cont,0,0.0,0.348234,0.280138,0.280138,1.0,8
c1_cross_stall_03__c1_lead_cont_02,cross,c1_cross_stall_03,c1_lead_cont_02,cross,lead,cross_stall,lead_cont,0,0.0,0.37674,0.294724,0.294724,1.0,8
c1_cross_stall_03__c1_lead_cont_03,cross,c1_cross_stall_03,c1_lead_cont_03,cross,lead,cross_stall,lead_cont,0,1.0,0.288424,0.256642,0.256642,1.0,8
c1_cross_stall_03__c1_lead_cont_04,cross,c1_cross_stall_03,c1_lead_cont_04,cross,lead,cross_stall,lead_cont,0,1.0,0.345627,0.285296,0.285296,1.0,8
c1_cross_stall_03__c1_lead_cont_05,cross,c1_cross_stall_03,c1_lead_cont_05,cross,lead,cross_stall,lead_cont,0,2.0,0.375189,0.289389,0.289389,1.0,8
c1_cross_stall_03__c1_lead_cont_06,cross,c1_cross_stall_03,c1_lead_cont_06,cross,lead,cross_stall,lead_cont,0,2.0,0.378663,0.291063,0.291063,1.0,8
c1_cross_stall_03__c1_lead_cont_07,cross,c1_cross_stall_03,c1_lead_cont_07,cross,lead,cross_stall,lead_cont,0,3.0,0.310354,0.27001,0.27001,1.0,8
c1_cross_stall_03__c1_lead_cont_08,cross,c1_cross_stall_03,c1_lead_cont_08,cross,lead,cross_stall,lead_cont,0,3.0,0.361491,0.28696,0.28696,1.0,8
c1_cross_stall_03__c1_lead_nec_01,cross,c1_cross_stall_03,c1_lead_nec_01,cross,lead,cross_stall,lead_nec,0,0.0,0.010707,0.005965,0.005965,1.0,8
c1_cross_stall_03__c1_lead_nec_02,cross,c1_cross_stall_03,c1_lead_nec_02,cross,lead,cross_stall,lead_nec,0,0.0,0.039213,0.021157,0.021157,1.0,8
c1_cross_stall_03__c1_lead_nec_03,cross,c1_cross_stall_03,c1_lead_nec_03,cross,lead,cross_stall,lead_nec,0,1.0,0.00249,0.001996,0.001996,1.0,8
c1_cross_stall_03__c1_lead_nec_04,cross,c1_cross_stall_03,c1_lead_nec_04,cross,lead,cross_stall,lead_nec,0,1.0,0.030091,0.015821,0.015821,1.0,8
c1_cross_stall_03__c1_lead_nec_05,cross,c1_cross_stall_03,c1_lead_nec_05,cross,lead,cross_stall,lead_nec,0,2.0,0.025189,0.012387,0.012387,1.0,8
c1_cross_stall_03__c1_lead_nec_06,cross,c1_cross_stall_03,c1_lead_nec_06,cross,lead,cross_stall,lead_nec,0,2.0,0.028663,0.014062,0.014062,1.0,8
c1_cross_stall_03__c1_lead_nec_07,cross,c1_cross_stall_03,c1_lead_nec_07,cross,lead,cross_stall,lead_nec,0,3.0,0.013405,0.017085,0.017085,1.0,8
c1_cross_stall_03__c1_lead_nec_08,cross,c1_cross_stall_03,c1_lead_nec_08,cross,lead,cross_stall,lead_nec,0,3.0,0.022335,0.009711,0.009711,1.0,8
c1_cross_stall_03__c1_lead_opt_01,cross,c1_cross_stall_03,c1_lead_opt_01,cross,lead,cross_stall,lead_opt,0,0.0,0.028552,0.017654,0.017654,1.0,8
c1_cross_stall_03__c1_lead_opt_02,cross,c1_cross_stall_03,c1_lead_opt_02,cross,lead,cross_stall,lead_opt,0,0.0,0.037578,0.022202,0.022202,1.0,8
c1_cross_stall_03__c1_lead_opt_03,cross,c1_cross_stall_03,c1_lead_opt_03,cross,lead,cross_stall,lead_opt,0,1.0,0.032493,0.019468,0.019468,1.0,8
c1_cross_stall_03__c1_lead_opt_04,cross,c1_cross_stall_03,c1_lead_opt_04,cross,lead,cross_stall,lead_opt,0,1.0,0.01566,0.010007,0.010007,1.0,8
c1_cross_stall_03__c1_lead_opt_05,cross,c1_cross_stall_03,c1_lead_opt_05,cross,lead,cross_stall,lead_opt,0,2.0,0.016828,0.010464,0.010464,1.0,8
c1_cross_stall_03__c1_lead_opt_06,cross,c1_cross_stall_03,c1_lead_opt_06,cross,lead,cross_stall,lead_opt,0,2.0,0.012062,0.007569,0.007569,1.0,8
c1_cross_stall_03__c1_lead_opt_07,cross,c1_cross_stall_03,c1_lead_opt_07,cross,lead,cross_stall,lead_opt,0,3.0,0.018379,0.03007,0.03007,1.0,8
c1_cross_stall_03__c1_lead_opt_08,cross,c1_cross_stall_03,c1_lead_opt_08,cross,lead,cross_stall,lead_opt,0,3.0,0.019287,0.01574,0.01574,1.0,8
c1_cross_stall_03__c1_temp_opt_01,cross,c1_cross_stall_03,c1_temp_opt_01,cross,block_or_occupancy,cross_stall,temp_opt,0,0.0,0.052854,0.030172,0.030172,1.0,8
c1_cross_stall_03__c1_temp_opt_02,cross,c1_cross_stall_03,c1_temp_opt_02,cross,block_or_occupancy,cross_stall,temp_opt,0,0.0,0.041237,0.027133,0.027133,1.0,8
c1_cross_stall_03__c1_temp_opt_03,cross,c1_cross_stall_03,c1_temp_opt_03,cross,block_or_occupancy,cross_stall,temp_opt,0,0.0,0.062801,0.033537,0.033537,1.0,8
c1_cross_stall_03__c1_temp_opt_04,cross,c1_cross_stall_03,c1_temp_opt_04,cross,block_or_occupancy,cross_stall,temp_opt,0,1.0,0.020274,0.015508,0.015508,1.0,8
c1_cross_stall_03__c1_temp_opt_05,cross,c1_cross_stall_03,c1_temp_opt_05,cross,block_or_occupancy,cross_stall,temp_opt,0,1.0,0.051707,0.030185,0.030185,1.0,8
c1_cross_stall_03__c1_temp_opt_06,cross,c1_cross_stall_03,c1_temp_opt_06,cross,block_or_occupancy,cross_stall,temp_opt,0,2.0,0.044483,0.061906,0.061906,1.0,8
c1_cross_stall_03__c1_temp_opt_07,cross,c1_cross_stall_03,c1_temp_opt_07,cross,block_or_occupancy,cross_stall,temp_opt,0,2.0,0.052494,0.030035,0.030035,1.0,8
c1_cross_stall_03__c1_temp_opt_08,cross,c1_cross_stall_03,c1_temp_opt_08,cross,block_or_occupancy,cross_stall,temp_opt,0,3.0,0.092557,0.122536,0.122536,1.0,8
c1_cross_stall_04__c1_lead_cont_01,cross,c1_cross_stall_04,c1_lead_cont_01,cross,lead,cross_stall,lead_cont,0,1.0,0.355263,0.285065,0.285065,1.0,8
c1_cross_stall_04__c1_lead_cont_02,cross,c1_cross_stall_04,c1_lead_cont_02,cross,lead,cross_stall,lead_cont,0,1.0,0.383768,0.299651,0.299651,1.0,8
c1_cross_stall_04__c1_lead_cont_03,cross,c1_cross_stall_04,c1_lead_cont_03,cross,lead,cross_stall,lead_cont,0,0.0,0.291758,0.257794,0.257794,1.0,8
c1_cross_stall_04__c1_lead_cont_04,cross,c1_cross_stall_04,c1_lead_cont_04,cross,lead,cross_stall,lead_cont,0,0.0,0.352655,0.290223,0.290223,1.0,8
c1_cross_stall_04__c1_lead_cont_05,cross,c1_cross_stall_04,c1_lead_cont_05,cross,lead,cross_stall,lead_cont,0,1.0,0.382217,0.294316,0.294316,1.0,8
c1_cross_stall_04__c1_lead_cont_06,cross,c1_cross_stall_04,c1_lead_cont_06,cross,lead,cross_stall,lead_cont,0,1.0,0.385692,0.29599,0.29599,1.0,8
c1_cross_stall_04__c1_lead_cont_07,cross,c1_cross_stall_04,c1_lead_cont_07,cross,lead,cross_stall,lead_cont,0,2.0,0.303611,0.264921,0.264921,1.0,8
c1_cross_stall_04__c1_lead_cont_08,cross,c1_cross_stall_04,c1_lead_cont_08,cross,lead,cross_stall,lead_cont,0,2.0,0.368519,0.291863,0.291863,1.0,8
c1_cross_stall_04__c1_lead_nec_01,cross,c1_cross_stall_04,c1_lead_nec_01,cross,lead,cross_stall,lead_nec,0,1.0,0.017736,0.011054,0.011054,1.0,8
c1_cross_stall_04__c1_lead_nec_02,cross,c1_cross_stall_04,c1_lead_nec_02,cross,lead,cross_stall,lead_nec,0,1.0,0.046242,0.026246,0.026246,1.0,8
c1_cross_stall_04__c1_lead_nec_03,cross,c1_cross_stall_04,c1_lead_nec_03,cross,lead,cross_stall,lead_nec,0,0.0,0.005824,0.003311,0.003311,1.0,8
c1_cross_stall_04__c1_lead_nec_04,cross,c1_cross_stall_04,c1_lead_nec_04,cross,lead,cross_stall,lead_nec,0,0.0,0.03712,0.02091,0.02091,1.0,8
c1_cross_stall_04__c1_lead_nec_05,cross,c1_cross_stall_04,c1_lead_nec_05,cross,lead,cross_stall,lead_nec,0,1.0,0.032217,0.017476,0.017476,1.0,8
c1_cross_stall_04__c1_lead_nec_06,cross,c1_cross_stall_04,c1_lead_nec_06,cross,lead,cross_stall,lead_nec,0,1.0,0.035692,0.01915,0.01915,1.0,8
c1_cross_stall_04__c1_lead_nec_07,cross,c1_cross_stall_04,c1_lead_nec_07,cross,lead,cross_stall,lead_nec,0,2.0,0.006661,0.011996,0.011996,1.0,8
c1_cross_stall_04__c1_lead_nec_08,cross,c1_cross_stall_04,c1_lead_nec_08,cross,lead,cross_stall,lead_nec,0,2.0,0.029363,0.014775,0.014775,1.0,8
c1_cross_stall_04__c1_lead_opt_01,cross,c1_cross_stall_04,c1_lead_opt_01,cross,lead,cross_stall,lead_opt,0,1.0,0.035581,0.022743,0.022743,1.0,8
c1_cross_stall_04__c1_lead_opt_02,cross,c1_cross_stall_04,c1_lead_opt_02,cross,lead,cross_stall,lead_opt,0,1.0,0.044607,0.027291,0.027291,1.0,8
c1_cross_stall_04__c1_lead_opt_03,cross,c1_cross_stall_04,c1_lead_opt_03,cross,lead,cross_stall,lead_opt,0,0.0,0.039522,0.024557,0.024557,1.0,8
c1_cross_stall_04__c1_lead_opt_04,cross,c1_cross_stall_04,c1_lead_opt_04,cross,lead,cross_stall,lead_opt,0,0.0,0.022591,0.015079,0.015079,1.0,8
c1_cross_stall_04__c1_lead_opt_05,cross,c1_cross_stall_04,c1_lead_opt_05,cross,lead,cross_stall,lead_opt,0,1.0,0.02173,0.014592,0.014592,1.0,8
c1_cross_stall_04__c1_lead_opt_06,cross,c1_cross_stall_04,c1_lead_opt_06,cross,lead,cross_stall,lead_opt,0,1.0,0.013222,0.009476,0.009476,1.0,8
c1_cross_stall_04__c1_lead_opt_07,cross,c1_cross_stall_04,c1_lead_opt_07,cross,lead,cross_stall,lead_opt,0,2.0,0.015758,0.02788,0.02788,1.0,8
c1_cross_stall_04__c1_lead_opt_08,cross,c1_cross_stall_04,c1_lead_opt_08,cross,lead,cross_stall,lead_opt,0,2.0,0.022515,0.018359,0.018359,1.0,8
c1_cross_stall_04__c1_temp_opt_01,cross,c1_cross_stall_04,c1_temp_opt_01,cross,block_or_occupancy,cross_stall,temp_opt,0,1.0,0.059882,0.035261,0.035261,1.0,8
c1_cross_stall_04__c1_temp_opt_02,cross,c1_cross_stall_04,c1_temp_opt_02,cross,block_or_occupancy,cross_stall,temp_opt,0,1.0,0.048265,0.032221,0.032221,1.0,8
c1_cross_stall_04__c1_temp_opt_03,cross,c1_cross_stall_04,c1_temp_opt_03,cross,block_or_occupancy,cross_stall,temp_opt,0,1.0,0.069829,0.038626,0.038626,1.0,8
c1_cross_stall_04__c1_temp_opt_04,cross,c1_cross_stall_04,c1_temp_opt_04,cross,block_or_occupancy,cross_stall,temp_opt,0,0.0,0.021274,0.017731,0.017731,1.0,8
c1_cross_stall_04__c1_temp_opt_05,cross,c1_cross_stall_04,c1_temp_opt_05,cross,block_or_occupancy,cross_stall,temp_opt,0,0.0,0.058735,0.035274,0.035274,1.0,8
c1_cross_stall_04__c1_temp_opt_06,cross,c1_cross_stall_04,c1_temp_opt_06,cross,block_or_occupancy,cross_stall,temp_opt,0,1.0,0.037455,0.057526,0.057526,1.0,8
c1_cross_stall_04__c1_temp_opt_07,cross,c1_cross_stall_04,c1_temp_opt_07,cross,block_or_occupancy,cross_stall,temp_opt,0,1.0,0.059522,0.035123,0.035123,1.0,8
c1_cross_stall_04__c1_temp_opt_08,cross,c1_cross_stall_04,c1_temp_opt_08,cross,block_or_occupancy,cross_stall,temp_opt,0,2.0,0.087758,0.119007,0.119007,1.0,8
c1_cross_stall_05__c1_lead_cont_01,cross,c1_cross_stall_05,c1_lead_cont_01,cross,lead,cross_stall,lead_cont,0,1.0,0.353935,0.2844,0.2844,1.0,8
c1_cross_stall_05__c1_lead_cont_02,cross,c1_cross_stall_05,c1_lead_cont_02,cross,lead,cross_stall,lead_cont,0,1.0,0.382441,0.298985,0.298985,1.0,8
c1_cross_stall_05__c1_lead_cont_03,cross,c1_cross_stall_05,c1_lead_cont_03,cross,lead,cross_stall,lead_cont,0,0.0,0.290431,0.257129,0.257129,1.0,8
c1_cross_stall_05__c1_lead_cont_04,cross,c1_cross_stall_05,c1_lead_cont_04,cross,lead,cross_stall,lead_cont,0,0.0,0.351328,0.289558,0.289558,1.0,8
c1_cross_stall_05__c1_lead_cont_05,cross,c1_cross_stall_05,c1_lead_cont_05,cross,lead,cross_stall,lead_cont,0,1.0,0.38089,0.293651,0.293651,1.0,8
c1_cross_stall_05__c1_lead_cont_06,cross,c1_cross_stall_05,c1_lead_cont_06,cross,lead,cross_stall,lead_cont,0,1.0,0.384364,0.295325,0.295325,1.0,8
c1_cross_stall_05__c1_lead_cont_07,cross,c1_cross_stall_05,c1_lead_cont_07,cross,lead,cross_stall,lead_cont,0,2.0,0.304704,0.265638,0.265638,1.0,8
c1_cross_stall_05__c1_lead_cont_08,cross,c1_cross_stall_05,c1_lead_cont_08,cross,lead,cross_stall,lead_cont,0,2.0,0.367192,0.291198,0.291198,1.0,8
c1_cross_stall_05__c1_lead_nec_01,cross,c1_cross_stall_05,c1_lead_nec_01,cross,lead,cross_stall,lead_nec,0,1.0,0.016408,0.010337,0.010337,1.0,8
c1_cross_stall_05__c1_lead_nec_02,cross,c1_cross_stall_05,c1_lead_nec_02,cross,lead,cross_stall,lead_nec,0,1.0,0.044914,0.025529,0.025529,1.0,8
c1_cross_stall_05__c1_lead_nec_03,cross,c1_cross_stall_05,c1_lead_nec_03,cross,lead,cross_stall,lead_nec,0,0.0,0.004497,0.002594,0.002594,1.0,8
c1_cross_stall_05__c1_lead_nec_04,cross,c1_cross_stall_05,c1_lead_nec_04,cross,lead,cross_stall,lead_nec,0,0.0,0.035792,0.020193,0.020193,1.0,8
c1_cross_stall_05__c1_lead_nec_05,cross,c1_cross_stall_05,c1_lead_nec_05,cross,lead,cross_stall,lead_nec,0,1.0,0.03089,0.016759,0.016759,1.0,8
c1_cross_stall_05__c1_lead_nec_06,cross,c1_cross_stall_05,c1_lead_nec_06,cross,lead,cross_stall,lead_nec,0,1.0,0.034364,0.018434,0.018434,1.0,8
c1_cross_stall_05__c1_lead_nec_07,cross,c1_cross_stall_05,c1_lead_nec_07,cross,lead,cross_stall,lead_nec,0,2.0,0.007754,0.012712,0.012712,1.0,8
c1_cross_stall_05__c1_lead_nec_08,cross,c1_cross_stall_05,c1_lead_nec_08,cross,lead,cross_stall,lead_nec,0,2.0,0.028036,0.014059,0.014059,1.0,8
c1_cross_stall_05__c1_lead_opt_01,cross,c1_cross_stall_05,c1_lead_opt_01,cross,lead,cross_stall,lead_opt,0,1.0,0.034253,0.022026,0.022026,1.0,8
c1_cross_stall_05__c1_lead_opt_02,cross,c1_cross_stall_05,c1_lead_opt_02,cross,lead,cross_stall,lead_opt,0,1.0,0.043279,0.026574,0.026574,1.0,8
c1_cross_stall_05__c1_lead_opt_03,cross,c1_cross_stall_05,c1_lead_opt_03,cross,lead,cross_stall,lead_opt,0,0.0,0.038194,0.023841,0.023841,1.0,8
c1_cross_stall_05__c1_lead_opt_04,cross,c1_cross_stall_05,c1_lead_opt_04,cross,lead,cross_stall,lead_opt,0,0.0,0.021263,0.014363,0.014363,1.0,8
c1_cross_stall_05__c1_lead_opt_05,cross,c1_cross_stall_05,c1_lead_opt_05,cross,lead,cross_stall,lead_opt,0,1.0,0.020647,0.01397,0.01397,1.0,8
c1_cross_stall_05__c1_lead_opt_06,cross,c1_cross_stall_05,c1_lead_opt_06,cross,lead,cross_stall,lead_opt,0,1.0,0.012412,0.008992,0.008992,1.0,8
c1_cross_stall_05__c1_lead_opt_07,cross,c1_cross_stall_05,c1_lead_opt_07,cross,lead,cross_stall,lead_opt,0,2.0,0.015762,0.028029,0.028029,1.0,8
c1_cross_stall_05__c1_lead_opt_08,cross,c1_cross_stall_05,c1_lead_opt_08,cross,lead,cross_stall,lead_opt,0,2.0,0.021582,0.017918,0.017918,1.0,8
c1_cross_stall_05__c1_temp_opt_01,cross,c1_cross_stall_05,c1_temp_opt_01,cross,block_or_occupancy,cross_stall,temp_opt,0,1.0,0.058555,0.034545,0.034545,1.0,8
c1_cross_stall_05__c1_temp_opt_02,cross,c1_cross_stall_05,c1_temp_opt_02,cross,block_or_occupancy,cross_stall,temp_opt,0,1.0,0.046938,0.031505,0.031505,1.0,8
c1_cross_stall_05__c1_temp_opt_03,cross,c1_cross_stall_05,c1_temp_opt_03,cross,block_or_occupancy,cross_stall,temp_opt,0,1.0,0.068502,0.037909,0.037909,1.0,8
c1_cross_stall_05__c1_temp_opt_04,cross,c1_cross_stall_05,c1_temp_opt_04,cross,block_or_occupancy,cross_stall,temp_opt,0,0.0,0.020872,0.017384,0.017384,1.0,8
c1_cross_stall_05__c1_temp_opt_05,cross,c1_cross_stall_05,c1_temp_opt_05,cross,block_or_occupancy,cross_stall,temp_opt,0,0.0,0.057408,0.034557,0.034557,1.0,8
c1_cross_stall_05__c1_temp_opt_06,cross,c1_cross_stall_05,c1_temp_opt_06,cross,block_or_occupancy,cross_stall,temp_opt,0,1.0,0.038782,0.058088,0.058088,1.0,8
c1_cross_stall_05__c1_temp_opt_07,cross,c1_cross_stall_05,c1_temp_opt_07,cross,block_or_occupancy,cross_stall,temp_opt,0,1.0,0.058195,0.034407,0.034407,1.0,8
c1_cross_stall_05__c1_temp_opt_08,cross,c1_cross_stall_05,c1_temp_opt_08,cross,block_or_occupancy,cross_stall,temp_opt,0,2.0,0.088558,0.119491,0.119491,1.0,8
c1_cross_stall_06__c1_lead_cont_01,cross,c1_cross_stall_06,c1_lead_cont_01,cross,lead,cross_stall,lead_cont,0,1.0,0.377155,0.293166,0.293166,1.0,8
c1_cross_stall_06__c1_lead_cont_02,cross,c1_cross_stall_06,c1_lead_cont_02,cross,lead,cross_stall,lead_cont,0,1.0,0.405661,0.307751,0.307751,1.0,8
c1_cross_stall_06__c1_lead_cont_03,cross,c1_cross_stall_06,c1_lead_cont_03,cross,lead,cross_stall,lead_cont,0,0.0,0.313651,0.269406,0.269406,1.0,8
c1_cross_stall_06__c1_lead_cont_04,cross,c1_cross_stall_06,c1_lead_cont_04,cross,lead,cross_stall,lead_cont,0,0.0,0.374547,0.298323,0.298323,1.0,8
c1_cross_stall_06__c1_lead_cont_05,cross,c1_cross_stall_06,c1_lead_cont_05,cross,lead,cross_stall,lead_cont,0,1.0,0.404109,0.302417,0.302417,1.0,8
c1_cross_stall_06__c1_lead_cont_06,cross,c1_cross_stall_06,c1_lead_cont_06,cross,lead,cross_stall,lead_cont,0,1.0,0.407584,0.304091,0.304091,1.0,8
c1_cross_stall_06__c1_lead_cont_07,cross,c1_cross_stall_06,c1_lead_cont_07,cross,lead,cross_stall,lead_cont,0,2.0,0.312469,0.259946,0.259946,1.0,8
c1_cross_stall_06__c1_lead_cont_08,cross,c1_cross_stall_06,c1_lead_cont_08,cross,lead,cross_stall,lead_cont,0,2.0,0.390411,0.299963,0.299963,1.0,8
c1_cross_stall_06__c1_lead_nec_01,cross,c1_cross_stall_06,c1_lead_nec_01,cross,lead,cross_stall,lead_nec,0,1.0,0.039628,0.029704,0.029704,1.0,8
c1_cross_stall_06__c1_lead_nec_02,cross,c1_cross_stall_06,c1_lead_nec_02,cross,lead,cross_stall,lead_nec,0,1.0,0.068134,0.044896,0.044896,1.0,8
c1_cross_stall_06__c1_lead_nec_03,cross,c1_cross_stall_06,c1_lead_nec_03,cross,lead,cross_stall,lead_nec,0,0.0,0.027717,0.021961,0.021961,1.0,8
c1_cross_stall_06__c1_lead_nec_04,cross,c1_cross_stall_06,c1_lead_nec_04,cross,lead,cross_stall,lead_nec,0,0.0,0.059012,0.03956,0.03956,1.0,8
c1_cross_stall_06__c1_lead_nec_05,cross,c1_cross_stall_06,c1_lead_nec_05,cross,lead,cross_stall,lead_nec,0,1.0,0.054109,0.036126,0.036126,1.0,8
c1_cross_stall_06__c1_lead_nec_06,cross,c1_cross_stall_06,c1_lead_nec_06,cross,lead,cross_stall,lead_nec,0,1.0,0.057584,0.0378,0.0378,1.0,8
c1_cross_stall_06__c1_lead_nec_07,cross,c1_cross_stall_06,c1_lead_nec_07,cross,lead,cross_stall,lead_nec,0,2.0,0.015519,0.007023,0.007023,1.0,8
c1_cross_stall_06__c1_lead_nec_08,cross,c1_cross_stall_06,c1_lead_nec_08,cross,lead,cross_stall,lead_nec,0,2.0,0.051256,0.033426,0.033426,1.0,8
c1_cross_stall_06__c1_lead_opt_01,cross,c1_cross_stall_06,c1_lead_opt_01,cross,lead,cross_stall,lead_opt,0,1.0,0.057473,0.041393,0.041393,1.0,8
c1_cross_stall_06__c1_lead_opt_02,cross,c1_cross_stall_06,c1_lead_opt_02,cross,lead,cross_stall,lead_opt,0,1.0,0.066499,0.045941,0.045941,1.0,8
c1_cross_stall_06__c1_lead_opt_03,cross,c1_cross_stall_06,c1_lead_opt_03,cross,lead,cross_stall,lead_opt,0,0.0,0.061414,0.043207,0.043207,1.0,8
c1_cross_stall_06__c1_lead_opt_04,cross,c1_cross_stall_06,c1_lead_opt_04,cross,lead,cross_stall,lead_opt,0,0.0,0.044483,0.03373,0.03373,1.0,8
c1_cross_stall_06__c1_lead_opt_05,cross,c1_cross_stall_06,c1_lead_opt_05,cross,lead,cross_stall,lead_opt,0,1.0,0.043369,0.032541,0.032541,1.0,8
c1_cross_stall_06__c1_lead_opt_06,cross,c1_cross_stall_06,c1_lead_opt_06,cross,lead,cross_stall,lead_opt,0,1.0,0.033076,0.025694,0.025694,1.0,8
c1_cross_stall_06__c1_lead_opt_07,cross,c1_cross_stall_06,c1_lead_opt_07,cross,lead,cross_stall,lead_opt,0,2.0,0.022816,0.023901,0.023901,1.0,8
c1_cross_stall_06__c1_lead_opt_08,cross,c1_cross_stall_06,c1_lead_opt_08,cross,lead,cross_stall,lead_opt,0,2.0,0.04256,0.025318,0.025318,1.0,8
c1_cross_stall_06__c1_temp_opt_01,cross,c1_cross_stall_06,c1_temp_opt_01,cross,block_or_occupancy,cross_stall,temp_opt,0,1.0,0.081774,0.053911,0.053911,1.0,8
c1_cross_stall_06__c1_temp_opt_02,cross,c1_cross_stall_06,c1_temp_opt_02,cross,block_or_occupancy,cross_stall,temp_opt,0,1.0,0.070158,0.050871,0.050871,1.0,8
c1_cross_stall_06__c1_temp_opt_03,cross,c1_cross_stall_06,c1_temp_opt_03,cross,block_or_occupancy,cross_stall,temp_opt,0,1.0,0.091722,0.057276,0.057276,1.0,8
c1_cross_stall_06__c1_temp_opt_04,cross,c1_cross_stall_06,c1_temp_opt_04,cross,block_or_occupancy,cross_stall,temp_opt,0,0.0,0.042305,0.035801,0.035801,1.0,8
c1_cross_stall_06__c1_temp_opt_05,cross,c1_cross_stall_06,c1_temp_opt_05,cross,block_or_occupancy,cross_stall,temp_opt,0,0.0,0.080627,0.053924,0.053924,1.0,8
c1_cross_stall_06__c1_temp_opt_06,cross,c1_cross_stall_06,c1_temp_opt_06,cross,block_or_occupancy,cross_stall,temp_opt,0,1.0,0.018267,0.042887,0.042887,1.0,8
c1_cross_stall_06__c1_temp_opt_07,cross,c1_cross_stall_06,c1_temp_opt_07,cross,block_or_occupancy,cross_stall,temp_opt,0,1.0,0.081415,0.053773,0.053773,1.0,8
c1_cross_stall_06__c1_temp_opt_08,cross,c1_cross_stall_06,c1_temp_opt_08,cross,block_or_occupancy,cross_stall,temp_opt,0,2.0,0.076422,0.105486,0.105486,1.0,8
c1_cross_stall_07__c1_lead_cont_01,cross,c1_cross_stall_07,c1_lead_cont_01,cross,lead,cross_stall,lead_cont,0,2.0,0.389874,0.26903,0.26903,1.0,8
c1_cross_stall_07__c1_lead_cont_02,cross,c1_cross_stall_07,c1_lead_cont_02,cross,lead,cross_stall,lead_cont,0,2.0,0.41838,0.284831,0.284831,1.0,8
c1_cross_stall_07__c1_lead_cont_03,cross,c1_cross_stall_07,c1_lead_cont_03,cross,lead,cross_stall,lead_cont,0,1.0,0.32637,0.257076,0.257076,1.0,8
c1_cross_stall_07__c1_lead_cont_04,cross,c1_cross_stall_07,c1_lead_cont_04,cross,lead,cross_stall,lead_cont,0,1.0,0.387267,0.274188,0.274188,1.0,8
c1_cross_stall_07__c1_lead_cont_05,cross,c1_cross_stall_07,c1_lead_cont_05,cross,lead,cross_stall,lead_cont,0,0.0,0.416829,0.278281,0.278281,1.0,8
c1_cross_stall_07__c1_lead_cont_06,cross,c1_cross_stall_07,c1_lead_cont_06,cross,lead,cross_stall,lead_cont,0,0.0,0.420303,0.279955,0.279955,1.0,8
c1_cross_stall_07__c1_lead_cont_07,cross,c1_cross_stall_07,c1_lead_cont_07,cross,lead,cross_stall,lead_cont,0,1.0,0.325188,0.246624,0.246624,1.0,8
c1_cross_stall_07__c1_lead_cont_08,cross,c1_cross_stall_07,c1_lead_cont_08,cross,lead,cross_stall,lead_cont,0,1.0,0.403131,0.275828,0.275828,1.0,8
c1_cross_stall_07__c1_lead_nec_01,cross,c1_cross_stall_07,c1_lead_nec_01,cross,lead,cross_stall,lead_nec,0,2.0,0.063836,0.08176,0.08176,1.0,8
c1_cross_stall_07__c1_lead_nec_02,cross,c1_cross_stall_07,c1_lead_nec_02,cross,lead,cross_stall,lead_nec,0,2.0,0.092342,0.096952,0.096952,1.0,8
c1_cross_stall_07__c1_lead_nec_03,cross,c1_cross_stall_07,c1_lead_nec_03,cross,lead,cross_stall,lead_nec,0,1.0,0.051925,0.074017,0.074017,1.0,8
c1_cross_stall_07__c1_lead_nec_04,cross,c1_cross_stall_07,c1_lead_nec_04,cross,lead,cross_stall,lead_nec,0,1.0,0.08322,0.091616,0.091616,1.0,8
c1_cross_stall_07__c1_lead_nec_05,cross,c1_cross_stall_07,c1_lead_nec_05,cross,lead,cross_stall,lead_nec,0,0.0,0.078317,0.088182,0.088182,1.0,8
c1_cross_stall_07__c1_lead_nec_06,cross,c1_cross_stall_07,c1_lead_nec_06,cross,lead,cross_stall,lead_nec,0,0.0,0.081792,0.089856,0.089856,1.0,8
c1_cross_stall_07__c1_lead_nec_07,cross,c1_cross_stall_07,c1_lead_nec_07,cross,lead,cross_stall,lead_nec,0,1.0,0.039727,0.05871,0.05871,1.0,8
c1_cross_stall_07__c1_lead_nec_08,cross,c1_cross_stall_07,c1_lead_nec_08,cross,lead,cross_stall,lead_nec,0,1.0,0.075464,0.085481,0.085481,1.0,8
c1_cross_stall_07__c1_lead_opt_01,cross,c1_cross_stall_07,c1_lead_opt_01,cross,lead,cross_stall,lead_opt,0,2.0,0.081681,0.093449,0.093449,1.0,8
c1_cross_stall_07__c1_lead_opt_02,cross,c1_cross_stall_07,c1_lead_opt_02,cross,lead,cross_stall,lead_opt,0,2.0,0.090707,0.097997,0.097997,1.0,8
c1_cross_stall_07__c1_lead_opt_03,cross,c1_cross_stall_07,c1_lead_opt_03,cross,lead,cross_stall,lead_opt,0,1.0,0.085622,0.095263,0.095263,1.0,8
c1_cross_stall_07__c1_lead_opt_04,cross,c1_cross_stall_07,c1_lead_opt_04,cross,lead,cross_stall,lead_opt,0,1.0,0.068691,0.085785,0.085785,1.0,8
c1_cross_stall_07__c1_lead_opt_05,cross,c1_cross_stall_07,c1_lead_opt_05,cross,lead,cross_stall,lead_opt,0,0.0,0.067577,0.084597,0.084597,1.0,8
c1_cross_stall_07__c1_lead_opt_06,cross,c1_cross_stall_07,c1_lead_opt_06,cross,lead,cross_stall,lead_opt,0,0.0,0.057284,0.07775,0.07775,1.0,8
c1_cross_stall_07__c1_lead_opt_07,cross,c1_cross_stall_07,c1_lead_opt_07,cross,lead,cross_stall,lead_opt,0,1.0,0.044731,0.049247,0.049247,1.0,8
c1_cross_stall_07__c1_lead_opt_08,cross,c1_cross_stall_07,c1_lead_opt_08,cross,lead,cross_stall,lead_opt,0,1.0,0.066768,0.077081,0.077081,1.0,8
c1_cross_stall_07__c1_temp_opt_01,cross,c1_cross_stall_07,c1_temp_opt_01,cross,block_or_occupancy,cross_stall,temp_opt,0,2.0,0.105983,0.105967,0.105967,1.0,8
c1_cross_stall_07__c1_temp_opt_02,cross,c1_cross_stall_07,c1_temp_opt_02,cross,block_or_occupancy,cross_stall,temp_opt,0,2.0,0.094366,0.102927,0.102927,1.0,8
c1_cross_stall_07__c1_temp_opt_03,cross,c1_cross_stall_07,c1_temp_opt_03,cross,block_or_occupancy,cross_stall,temp_opt,0,2.0,0.11593,0.109332,0.109332,1.0,8
c1_cross_stall_07__c1_temp_opt_04,cross,c1_cross_stall_07,c1_temp_opt_04,cross,block_or_occupancy,cross_stall,temp_opt,0,1.0,0.066513,0.087857,0.087857,1.0,8
c1_cross_stall_07__c1_temp_opt_05,cross,c1_cross_stall_07,c1_temp_opt_05,cross,block_or_occupancy,cross_stall,temp_opt,0,1.0,0.104835,0.10598,0.10598,1.0,8
c1_cross_stall_07__c1_temp_opt_06,cross,c1_cross_stall_07,c1_temp_opt_06,cross,block_or_occupancy,cross_stall,temp_opt,0,0.0,0.008645,0.01523,0.01523,1.0,8
c1_cross_stall_07__c1_temp_opt_07,cross,c1_cross_stall_07,c1_temp_opt_07,cross,block_or_occupancy,cross_stall,temp_opt,0,0.0,0.105623,0.105829,0.105829,1.0,8
c1_cross_stall_07__c1_temp_opt_08,cross,c1_cross_stall_07,c1_temp_opt_08,cross,block_or_occupancy,cross_stall,temp_opt,0,1.0,0.062599,0.059649,0.059649,1.0,8
c1_cross_stall_08__c1_lead_cont_01,cross,c1_cross_stall_08,c1_lead_cont_01,cross,lead,cross_stall,lead_cont,0,2.0,0.372182,0.276506,0.276506,1.0,8
c1_cross_stall_08__c1_lead_cont_02,cross,c1_cross_stall_08,c1_lead_cont_02,cross,lead,cross_stall,lead_cont,0,2.0,0.400687,0.291092,0.291092,1.0,8
c1_cross_stall_08__c1_lead_cont_03,cross,c1_cross_stall_08,c1_lead_cont_03,cross,lead,cross_stall,lead_cont,0,1.0,0.308678,0.2584,0.2584,1.0,8
c1_cross_stall_08__c1_lead_cont_04,cross,c1_cross_stall_08,c1_lead_cont_04,cross,lead,cross_stall,lead_cont,0,1.0,0.369574,0.281664,0.281664,1.0,8
c1_cross_stall_08__c1_lead_cont_05,cross,c1_cross_stall_08,c1_lead_cont_05,cross,lead,cross_stall,lead_cont,0,0.0,0.399136,0.285757,0.285757,1.0,8
c1_cross_stall_08__c1_lead_cont_06,cross,c1_cross_stall_08,c1_lead_cont_06,cross,lead,cross_stall,lead_cont,0,0.0,0.402611,0.287431,0.287431,1.0,8
c1_cross_stall_08__c1_lead_cont_07,cross,c1_cross_stall_08,c1_lead_cont_07,cross,lead,cross_stall,lead_cont,0,1.0,0.307496,0.248717,0.248717,1.0,8
c1_cross_stall_08__c1_lead_cont_08,cross,c1_cross_stall_08,c1_lead_cont_08,cross,lead,cross_stall,lead_cont,0,1.0,0.385438,0.283304,0.283304,1.0,8
c1_cross_stall_08__c1_lead_nec_01,cross,c1_cross_stall_08,c1_lead_nec_01,cross,lead,cross_stall,lead_nec,0,2.0,0.045797,0.04968,0.04968,1.0,8
c1_cross_stall_08__c1_lead_nec_02,cross,c1_cross_stall_08,c1_lead_nec_02,cross,lead,cross_stall,lead_nec,0,2.0,0.074303,0.064872,0.064872,1.0,8
c1_cross_stall_08__c1_lead_nec_03,cross,c1_cross_stall_08,c1_lead_nec_03,cross,lead,cross_stall,lead_nec,0,1.0,0.033886,0.041937,0.041937,1.0,8
c1_cross_stall_08__c1_lead_nec_04,cross,c1_cross_stall_08,c1_lead_nec_04,cross,lead,cross_stall,lead_nec,0,1.0,0.065181,0.059536,0.059536,1.0,8
c1_cross_stall_08__c1_lead_nec_05,cross,c1_cross_stall_08,c1_lead_nec_05,cross,lead,cross_stall,lead_nec,0,0.0,0.060279,0.056102,0.056102,1.0,8
c1_cross_stall_08__c1_lead_nec_06,cross,c1_cross_stall_08,c1_lead_nec_06,cross,lead,cross_stall,lead_nec,0,0.0,0.063753,0.057777,0.057777,1.0,8
c1_cross_stall_08__c1_lead_nec_07,cross,c1_cross_stall_08,c1_lead_nec_07,cross,lead,cross_stall,lead_nec,0,1.0,0.021688,0.02663,0.02663,1.0,8
c1_cross_stall_08__c1_lead_nec_08,cross,c1_cross_stall_08,c1_lead_nec_08,cross,lead,cross_stall,lead_nec,0,1.0,0.057425,0.053402,0.053402,1.0,8
c1_cross_stall_08__c1_lead_opt_01,cross,c1_cross_stall_08,c1_lead_opt_01,cross,lead,cross_stall,lead_opt,0,2.0,0.063642,0.061369,0.061369,1.0,8
c1_cross_stall_08__c1_lead_opt_02,cross,c1_cross_stall_08,c1_lead_opt_02,cross,lead,cross_stall,lead_opt,0,2.0,0.072668,0.065917,0.065917,1.0,8
c1_cross_stall_08__c1_lead_opt_03,cross,c1_cross_stall_08,c1_lead_opt_03,cross,lead,cross_stall,lead_opt,0,1.0,0.067583,0.063183,0.063183,1.0,8
c1_cross_stall_08__c1_lead_opt_04,cross,c1_cross_stall_08,c1_lead_opt_04,cross,lead,cross_stall,lead_opt,0,1.0,0.050652,0.053706,0.053706,1.0,8
c1_cross_stall_08__c1_lead_opt_05,cross,c1_cross_stall_08,c1_lead_opt_05,cross,lead,cross_stall,lead_opt,0,0.0,0.049539,0.052518,0.052518,1.0,8
c1_cross_stall_08__c1_lead_opt_06,cross,c1_cross_stall_08,c1_lead_opt_06,cross,lead,cross_stall,lead_opt,0,0.0,0.039246,0.045671,0.045671,1.0,8
c1_cross_stall_08__c1_lead_opt_07,cross,c1_cross_stall_08,c1_lead_opt_07,cross,lead,cross_stall,lead_opt,0,1.0,0.027506,0.019759,0.019759,1.0,8
c1_cross_stall_08__c1_lead_opt_08,cross,c1_cross_stall_08,c1_lead_opt_08,cross,lead,cross_stall,lead_opt,0,1.0,0.04873,0.045001,0.045001,1.0,8
c1_cross_stall_08__c1_temp_opt_01,cross,c1_cross_stall_08,c1_temp_opt_01,cross,block_or_occupancy,cross_stall,temp_opt,0,2.0,0.087944,0.073887,0.073887,1.0,8
c1_cross_stall_08__c1_temp_opt_02,cross,c1_cross_stall_08,c1_temp_opt_02,cross,block_or_occupancy,cross_stall,temp_opt,0,2.0,0.076327,0.070848,0.070848,1.0,8
c1_cross_stall_08__c1_temp_opt_03,cross,c1_cross_stall_08,c1_temp_opt_03,cross,block_or_occupancy,cross_stall,temp_opt,0,2.0,0.097891,0.077252,0.077252,1.0,8
c1_cross_stall_08__c1_temp_opt_04,cross,c1_cross_stall_08,c1_temp_opt_04,cross,block_or_occupancy,cross_stall,temp_opt,0,1.0,0.048475,0.055778,0.055778,1.0,8
c1_cross_stall_08__c1_temp_opt_05,cross,c1_cross_stall_08,c1_temp_opt_05,cross,block_or_occupancy,cross_stall,temp_opt,0,1.0,0.086797,0.0739,0.0739,1.0,8
c1_cross_stall_08__c1_temp_opt_06,cross,c1_cross_stall_08,c1_temp_opt_06,cross,block_or_occupancy,cross_stall,temp_opt,0,0.0,0.014186,0.023244,0.023244,1.0,8
c1_cross_stall_08__c1_temp_opt_07,cross,c1_cross_stall_08,c1_temp_opt_07,cross,block_or_occupancy,cross_stall,temp_opt,0,0.0,0.087584,0.07375,0.07375,1.0,8
c1_cross_stall_08__c1_temp_opt_08,cross,c1_cross_stall_08,c1_temp_opt_08,cross,block_or_occupancy,cross_stall,temp_opt,0,1.0,0.069914,0.086254,0.086254,1.0,8
c1_cross_stall_occ_01__c1_lead_cont_01,cross,c1_cross_stall_occ_01,c1_lead_cont_01,cross,lead,cross_stall_occ,lead_cont,0,0.0,0.01194,0.006596,0.006596,1.0,8
c1_cross_stall_occ_01__c1_lead_cont_02,cross,c1_cross_stall_occ_01,c1_lead_cont_02,cross,lead,cross_stall_occ,lead_cont,0,0.0,0.040446,0.022396,0.022396,1.0,8
c1_cross_stall_occ_01__c1_lead_cont_03,cross,c1_cross_stall_occ_01,c1_lead_cont_03,cross,lead,cross_stall_occ,lead_cont,0,1.0,0.073113,0.035346,0.035346,1.0,8
c1_cross_stall_occ_01__c1_lead_cont_04,cross,c1_cross_stall_occ_01,c1_lead_cont_04,cross,lead,cross_stall_occ,lead_cont,0,1.0,0.07825,0.03529,0.03529,1.0,8
c1_cross_stall_occ_01__c1_lead_cont_05,cross,c1_cross_stall_occ_01,c1_lead_cont_05,cross,lead,cross_stall_occ,lead_cont,0,2.0,0.038894,0.019022,0.019022,1.0,8
c1_cross_stall_occ_01__c1_lead_cont_06,cross,c1_cross_stall_occ_01,c1_lead_cont_06,cross,lead,cross_stall_occ,lead_cont,0,2.0,0.042369,0.020696,0.020696,1.0,8
c1_cross_stall_occ_01__c1_lead_cont_07,cross,c1_cross_stall_occ_01,c1_lead_cont_07,cross,lead,cross_stall_occ,lead_cont,0,3.0,0.067077,0.038379,0.038379,1.0,8
c1_cross_stall_occ_01__c1_lead_cont_08,cross,c1_cross_stall_occ_01,c1_lead_cont_08,cross,lead,cross_stall_occ,lead_cont,0,3.0,0.046885,0.018947,0.018947,1.0,8
c1_cross_stall_occ_01__c1_lead_nec_01,cross,c1_cross_stall_occ_01,c1_lead_nec_01,cross,lead,cross_stall_occ,lead_nec,0,0.0,0.349467,0.280771,0.280771,1.0,8
c1_cross_stall_occ_01__c1_lead_nec_02,cross,c1_cross_stall_occ_01,c1_lead_nec_02,cross,lead,cross_stall_occ,lead_nec,0,0.0,0.377972,0.295963,0.295963,1.0,8
c1_cross_stall_occ_01__c1_lead_nec_03,cross,c1_cross_stall_occ_01,c1_lead_nec_03,cross,lead,cross_stall_occ,lead_nec,0,1.0,0.339838,0.27584,0.27584,1.0,8
c1_cross_stall_occ_01__c1_lead_nec_04,cross,c1_cross_stall_occ_01,c1_lead_nec_04,cross,lead,cross_stall_occ,lead_nec,0,1.0,0.368851,0.290627,0.290627,1.0,8
c1_cross_stall_occ_01__c1_lead_nec_05,cross,c1_cross_stall_occ_01,c1_lead_nec_05,cross,lead,cross_stall_occ,lead_nec,0,2.0,0.363948,0.287193,0.287193,1.0,8
c1_cross_stall_occ_01__c1_lead_nec_06,cross,c1_cross_stall_occ_01,c1_lead_nec_06,cross,lead,cross_stall_occ,lead_nec,0,2.0,0.367423,0.288867,0.288867,1.0,8
c1_cross_stall_occ_01__c1_lead_nec_07,cross,c1_cross_stall_occ_01,c1_lead_nec_07,cross,lead,cross_stall_occ,lead_nec,0,3.0,0.349766,0.279623,0.279623,1.0,8
c1_cross_stall_occ_01__c1_lead_nec_08,cross,c1_cross_stall_occ_01,c1_lead_nec_08,cross,lead,cross_stall_occ,lead_nec,0,3.0,0.361094,0.284516,0.284516,1.0,8
c1_cross_stall_occ_01__c1_lead_opt_01,cross,c1_cross_stall_occ_01,c1_lead_opt_01,cross,lead,cross_stall_occ,lead_opt,0,0.0,0.367312,0.29246,0.29246,1.0,8
c1_cross_stall_occ_01__c1_lead_opt_02,cross,c1_cross_stall_occ_01,c1_lead_opt_02,cross,lead,cross_stall_occ,lead_opt,0,0.0,0.376338,0.297008,0.297008,1.0,8
c1_cross_stall_occ_01__c1_lead_opt_03,cross,c1_cross_stall_occ_01,c1_lead_opt_03,cross,lead,cross_stall_occ,lead_opt,0,1.0,0.371253,0.294274,0.294274,1.0,8
c1_cross_stall_occ_01__c1_lead_opt_04,cross,c1_cross_stall_occ_01,c1_lead_opt_04,cross,lead,cross_stall_occ,lead_opt,0,1.0,0.354322,0.284796,0.284796,1.0,8
c1_cross_stall_occ_01__c1_lead_opt_05,cross,c1_cross_stall_occ_01,c1_lead_opt_05,cross,lead,cross_stall_occ,lead_opt,0,2.0,0.355046,0.284317,0.284317,1.0,8
c1_cross_stall_occ_01__c1_lead_opt_06,cross,c1_cross_stall_occ_01,c1_lead_opt_06,cross,lead,cross_stall_occ,lead_opt,0,2.0,0.349847,0.27999,0.27999,1.0,8
c1_cross_stall_occ_01__c1_lead_opt_07,cross,c1_cross_stall_occ_01,c1_lead_opt_07,cross,lead,cross_stall_occ,lead_opt,0,3.0,0.354625,0.268006,0.268006,1.0,8
c1_cross_stall_occ_01__c1_lead_opt_08,cross,c1_cross_stall_occ_01,c1_lead_opt_08,cross,lead,cross_stall_occ,lead_opt,0,3.0,0.35735,0.279171,0.279171,1.0,8
c1_cross_stall_occ_01__c1_temp_opt_01,cross,c1_cross_stall_occ_01,c1_temp_opt_01,cross,block_or_occupancy,cross_stall_occ,temp_opt,0,0.0,0.391613,0.304978,0.304978,1.0,8
c1_cross_stall_occ_01__c1_temp_opt_02,cross,c1_cross_stall_occ_01,c1_temp_opt_02,cross,block_or_occupancy,cross_stall_occ,temp_opt,0,0.0,0.379996,0.301938,0.301938,1.0,8
c1_cross_stall_occ_01__c1_temp_opt_03,cross,c1_cross_stall_occ_01,c1_temp_opt_03,cross,block_or_occupancy,cross_stall_occ,temp_opt,0,0.0,0.40156,0.308343,0.308343,1.0,8
c1_cross_stall_occ_01__c1_temp_opt_04,cross,c1_cross_stall_occ_01,c1_temp_opt_04,cross,block_or_occupancy,cross_stall_occ,temp_opt,0,1.0,0.357997,0.289629,0.289629,1.0,8
c1_cross_stall_occ_01__c1_temp_opt_05,cross,c1_cross_stall_occ_01,c1_temp_opt_05,cross,block_or_occupancy,cross_stall_occ,temp_opt,0,1.0,0.390466,0.304991,0.304991,1.0,8
c1_cross_stall_occ_01__c1_temp_opt_06,cross,c1_cross_stall_occ_01,c1_temp_opt_06,cross,block_or_occupancy,cross_stall_occ,temp_opt,0,2.0,0.372371,0.263138,0.263138,1.0,8
c1_cross_stall_occ_01__c1_temp_opt_07,cross,c1_cross_stall_occ_01,c1_temp_opt_07,cross,block_or_occupancy,cross_stall_occ,temp_opt,0,2.0,0.391253,0.30484,0.30484,1.0,8
c1_cross_stall_occ_01__c1_temp_opt_08,cross,c1_cross_stall_occ_01,c1_temp_opt_08,cross,block_or_occupancy,cross_stall_occ,temp_opt,0,3.0,0.336822,0.227207,0.227207,1.0,8
c1_cross_stall_occ_02__c1_lead_cont_01,cross,c1_cross_stall_occ_02,c1_lead_cont_01,cross,lead,cross_stall_occ,lead_cont,0,0.0,0.010707,0.005965,0.005965,1.0,8
c1_cross_stall_occ_02__c1_lead_cont_02,cross,c1_cross_stall_occ_02,c1_lead_cont_02,cross,lead,cross_stall_occ,lead_cont,0,0.0,0.039213,0.021766,0.021766,1.0,8
c1_cross_stall_occ_02__c1_lead_cont_03,cross,c1_cross_stall_occ_02,c1_lead_cont_03,cross,lead,cross_stall_occ,lead_cont,0,1.0,0.073292,0.035675,0.035675,1.0,8
c1_cross_stall_occ_02__c1_lead_cont_04,cross,c1_cross_stall_occ_02,c1_lead_cont_04,cross,lead,cross_stall_occ,lead_cont,0,1.0,0.077018,0.03466,0.03466,1.0,8
c1_cross_stall_occ_02__c1_lead_cont_05,cross,c1_cross_stall_occ_02,c1_lead_cont_05,cross,lead,cross_stall_occ,lead_cont,0,2.0,0.037662,0.018391,0.018391,1.0,8
c1_cross_stall_occ_02__c1_lead_cont_06,cross,c1_cross_stall_occ_02,c1_lead_cont_06,cross,lead,cross_stall_occ,lead_cont,0,2.0,0.041137,0.020066,0.020066,1.0,8
c1_cross_stall_occ_02__c1_lead_cont_07,cross,c1_cross_stall_occ_02,c1_lead_cont_07,cross,lead,cross_stall_occ,lead_cont,0,3.0,0.068243,0.03901,0.03901,1.0,8
c1_cross_stall_occ_02__c1_lead_cont_08,cross,c1_cross_stall_occ_02,c1_lead_cont_08,cross,lead,cross_stall_occ,lead_cont,0,3.0,0.045652,0.018316,0.018316,1.0,8
c1_cross_stall_occ_02__c1_lead_nec_01,cross,c1_cross_stall_occ_02,c1_lead_nec_01,cross,lead,cross_stall_occ,lead_nec,0,0.0,0.348234,0.28014,0.28014,1.0,8
c1_cross_stall_occ_02__c1_lead_nec_02,cross,c1_cross_stall_occ_02,c1_lead_nec_02,cross,lead,cross_stall_occ,lead_nec,0,0.0,0.37674,0.295332,0.295332,1.0,8
c1_cross_stall_occ_02__c1_lead_nec_03,cross,c1_cross_stall_occ_02,c1_lead_nec_03,cross,lead,cross_stall_occ,lead_nec,0,1.0,0.340017,0.27617,0.27617,1.0,8
c1_cross_stall_occ_02__c1_lead_nec_04,cross,c1_cross_stall_occ_02,c1_lead_nec_04,cross,lead,cross_stall_occ,lead_nec,0,1.0,0.367618,0.289996,0.289996,1.0,8
c1_cross_stall_occ_02__c1_lead_nec_05,cross,c1_cross_stall_occ_02,c1_lead_nec_05,cross,lead,cross_stall_occ,lead_nec,0,2.0,0.362716,0.286562,0.286562,1.0,8
c1_cross_stall_occ_02__c1_lead_nec_06,cross,c1_cross_stall_occ_02,c1_lead_nec_06,cross,lead,cross_stall_occ,lead_nec,0,2.0,0.36619,0.288237,0.288237,1.0,8
c1_cross_stall_occ_02__c1_lead_nec_07,cross,c1_cross_stall_occ_02,c1_lead_nec_07,cross,lead,cross_stall_occ,lead_nec,0,3.0,0.350932,0.280253,0.280253,1.0,8
c1_cross_stall_occ_02__c1_lead_nec_08,cross,c1_cross_stall_occ_02,c1_lead_nec_08,cross,lead,cross_stall_occ,lead_nec,0,3.0,0.359862,0.283886,0.283886,1.0,8
c1_cross_stall_occ_02__c1_lead_opt_01,cross,c1_cross_stall_occ_02,c1_lead_opt_01,cross,lead,cross_stall_occ,lead_opt,0,0.0,0.366079,0.291829,0.291829,1.0,8
c1_cross_stall_occ_02__c1_lead_opt_02,cross,c1_cross_stall_occ_02,c1_lead_opt_02,cross,lead,cross_stall_occ,lead_opt,0,0.0,0.375105,0.296377,0.296377,1.0,8
c1_cross_stall_occ_02__c1_lead_opt_03,cross,c1_cross_stall_occ_02,c1_lead_opt_03,cross,lead,cross_stall_occ,lead_opt,0,1.0,0.37002,0.293643,0.293643,1.0,8
c1_cross_stall_occ_02__c1_lead_opt_04,cross,c1_cross_stall_occ_02,c1_lead_opt_04,cross,lead,cross_stall_occ,lead_opt,0,1.0,0.353187,0.284183,0.284183,1.0,8
c1_cross_stall_occ_02__c1_lead_opt_05,cross,c1_cross_stall_occ_02,c1_lead_opt_05,cross,lead,cross_stall_occ,lead_opt,0,2.0,0.354354,0.283829,0.283829,1.0,8
c1_cross_stall_occ_02__c1_lead_opt_06,cross,c1_cross_stall_occ_02,c1_lead_opt_06,cross,lead,cross_stall_occ,lead_opt,0,2.0,0.349589,0.279827,0.279827,1.0,8
c1_cross_stall_occ_02__c1_lead_opt_07,cross,c1_cross_stall_occ_02,c1_lead_opt_07,cross,lead,cross_stall_occ,lead_opt,0,3.0,0.354904,0.268257,0.268257,1.0,8
c1_cross_stall_occ_02__c1_lead_opt_08,cross,c1_cross_stall_occ_02,c1_lead_opt_08,cross,lead,cross_stall_occ,lead_opt,0,3.0,0.356814,0.278911,0.278911,1.0,8
c1_cross_stall_occ_02__c1_temp_opt_01,cross,c1_cross_stall_occ_02,c1_temp_opt_01,cross,block_or_occupancy,cross_stall_occ,temp_opt,0,0.0,0.390381,0.304347,0.304347,1.0,8
c1_cross_stall_occ_02__c1_temp_opt_02,cross,c1_cross_stall_occ_02,c1_temp_opt_02,cross,block_or_occupancy,cross_stall_occ,temp_opt,0,0.0,0.378764,0.301308,0.301308,1.0,8
c1_cross_stall_occ_02__c1_temp_opt_03,cross,c1_cross_stall_occ_02,c1_temp_opt_03,cross,block_or_occupancy,cross_stall_occ,temp_opt,0,0.0,0.400328,0.307712,0.307712,1.0,8
c1_cross_stall_occ_02__c1_temp_opt_04,cross,c1_cross_stall_occ_02,c1_temp_opt_04,cross,block_or_occupancy,cross_stall_occ,temp_opt,0,1.0,0.357801,0.289351,0.289351,1.0,8
c1_cross_stall_occ_02__c1_temp_opt_05,cross,c1_cross_stall_occ_02,c1_temp_opt_05,cross,block_or_occupancy,cross_stall_occ,temp_opt,0,1.0,0.389233,0.30436,0.30436,1.0,8
c1_cross_stall_occ_02__c1_temp_opt_06,cross,c1_cross_stall_occ_02,c1_temp_opt_06,cross,block_or_occupancy,cross_stall_occ,temp_opt,0,2.0,0.373603,0.263688,0.263688,1.0,8
c1_cross_stall_occ_02__c1_temp_opt_07,cross,c1_cross_stall_occ_02,c1_temp_opt_07,cross,block_or_occupancy,cross_stall_occ,temp_opt,0,2.0,0.390021,0.30421,0.30421,1.0,8
c1_cross_stall_occ_02__c1_temp_opt_08,cross,c1_cross_stall_occ_02,c1_temp_opt_08,cross,block_or_occupancy,cross_stall_occ,temp_opt,0,3.0,0.337582,0.227651,0.227651,1.0,8
c1_cross_stall_occ_03__c1_lead_cont_01,cross,c1_cross_stall_occ_03,c1_lead_cont_01,cross,lead,cross_stall_occ,lead_cont,0,1.0,0.069997,0.032761,0.032761,1.0,8
c1_cross_stall_occ_03__c1_lead_cont_02,cross,c1_cross_stall_occ_03,c1_lead_cont_02,cross,lead,cross_stall_occ,lead_cont,0,1.0,0.098502,0.048562,0.048562,1.0,8
c1_cross_stall_occ_03__c1_lead_cont_03,cross,c1_cross_stall_occ_03,c1_lead_cont_03,cross,lead,cross_stall_occ,lead_cont,0,0.0,0.04076,0.02101,0.02101,1.0,8
c1_cross_stall_occ_03__c1_lead_cont_04,cross,c1_cross_stall_occ_03,c1_lead_cont_04,cross,lead,cross_stall_occ,lead_cont,0,0.0,0.042443,0.023767,0.023767,1.0,8
c1_cross_stall_occ_03__c1_lead_cont_05,cross,c1_cross_stall_occ_03,c1_lead_cont_05,cross,lead,cross_stall_occ,lead_cont,0,1.0,0.072005,0.036357,0.036357,1.0,8
c1_cross_stall_occ_03__c1_lead_cont_06,cross,c1_cross_stall_occ_03,c1_lead_cont_06,cross,lead,cross_stall_occ,lead_cont,0,1.0,0.075479,0.038031,0.038031,1.0,8
c1_cross_stall_occ_03__c1_lead_cont_07,cross,c1_cross_stall_occ_03,c1_lead_cont_07,cross,lead,cross_stall_occ,lead_cont,0,2.0,0.057233,0.033706,0.033706,1.0,8
c1_cross_stall_occ_03__c1_lead_cont_08,cross,c1_cross_stall_occ_03,c1_lead_cont_08,cross,lead,cross_stall_occ,lead_cont,0,2.0,0.058307,0.028653,0.028653,1.0,8
c1_cross_stall_occ_03__c1_lead_nec_01,cross,c1_cross_stall_occ_03,c1_lead_nec_01,cross,lead,cross_stall_occ,lead_nec,0,1.0,0.338605,0.283399,0.283399,1.0,8
c1_cross_stall_occ_03__c1_lead_nec_02,cross,c1_cross_stall_occ_03,c1_lead_nec_02,cross,lead,cross_stall_occ,lead_nec,0,1.0,0.367111,0.298591,0.298591,1.0,8
c1_cross_stall_occ_03__c1_lead_nec_03,cross,c1_cross_stall_occ_03,c1_lead_nec_03,cross,lead,cross_stall_occ,lead_nec,0,0.0,0.326694,0.275656,0.275656,1.0,8
c1_cross_stall_occ_03__c1_lead_nec_04,cross,c1_cross_stall_occ_03,c1_lead_nec_04,cross,lead,cross_stall_occ,lead_nec,0,0.0,0.357989,0.293255,0.293255,1.0,8
c1_cross_stall_occ_03__c1_lead_nec_05,cross,c1_cross_stall_occ_03,c1_lead_nec_05,cross,lead,cross_stall_occ,lead_nec,0,1.0,0.353087,0.289821,0.289821,1.0,8
c1_cross_stall_occ_03__c1_lead_nec_06,cross,c1_cross_stall_occ_03,c1_lead_nec_06,cross,lead,cross_stall_occ,lead_nec,0,1.0,0.356561,0.291496,0.291496,1.0,8
c1_cross_stall_occ_03__c1_lead_nec_07,cross,c1_cross_stall_occ_03,c1_lead_nec_07,cross,lead,cross_stall_occ,lead_nec,0,2.0,0.319903,0.267848,0.267848,1.0,8
c1_cross_stall_occ_03__c1_lead_nec_08,cross,c1_cross_stall_occ_03,c1_lead_nec_08,cross,lead,cross_stall_occ,lead_nec,0,2.0,0.350233,0.287121,0.287121,1.0,8
c1_cross_stall_occ_03__c1_lead_opt_01,cross,c1_cross_stall_occ_03,c1_lead_opt_01,cross,lead,cross_stall_occ,lead_opt,0,1.0,0.35645,0.295088,0.295088,1.0,8
c1_cross_stall_occ_03__c1_lead_opt_02,cross,c1_cross_stall_occ_03,c1_lead_opt_02,cross,lead,cross_stall_occ,lead_opt,0,1.0,0.365476,0.299636,0.299636,1.0,8
c1_cross_stall_occ_03__c1_lead_opt_03,cross,c1_cross_stall_occ_03,c1_lead_opt_03,cross,lead,cross_stall_occ,lead_opt,0,0.0,0.360391,0.296902,0.296902,1.0,8
c1_cross_stall_occ_03__c1_lead_opt_04,cross,c1_cross_stall_occ_03,c1_lead_opt_04,cross,lead,cross_stall_occ,lead_opt,0,0.0,0.34346,0.287425,0.287425,1.0,8
c1_cross_stall_occ_03__c1_lead_opt_05,cross,c1_cross_stall_occ_03,c1_lead_opt_05,cross,lead,cross_stall_occ,lead_opt,0,1.0,0.342347,0.286237,0.286237,1.0,8
c1_cross_stall_occ_03__c1_lead_opt_06,cross,c1_cross_stall_occ_03,c1_lead_opt_06,cross,lead,cross_stall_occ,lead_opt,0,1.0,0.332153,0.279447,0.279447,1.0,8
c1_cross_stall_occ_03__c1_lead_opt_07,cross,c1_cross_stall_occ_03,c1_lead_opt_07,cross,lead,cross_stall_occ,lead_opt,0,2.0,0.330298,0.261084,0.261084,1.0,8
c1_cross_stall_occ_03__c1_lead_opt_08,cross,c1_cross_stall_occ_03,c1_lead_opt_08,cross,lead,cross_stall_occ,lead_opt,0,2.0,0.341892,0.279128,0.279128,1.0,8
c1_cross_stall_occ_03__c1_temp_opt_01,cross,c1_cross_stall_occ_03,c1_temp_opt_01,cross,block_or_occupancy,cross_stall_occ,temp_opt,0,1.0,0.380752,0.307606,0.307606,1.0,8
c1_cross_stall_occ_03__c1_temp_opt_02,cross,c1_cross_stall_occ_03,c1_temp_opt_02,cross,block_or_occupancy,cross_stall_occ,temp_opt,0,1.0,0.369135,0.304567,0.304567,1.0,8
c1_cross_stall_occ_03__c1_temp_opt_03,cross,c1_cross_stall_occ_03,c1_temp_opt_03,cross,block_or_occupancy,cross_stall_occ,temp_opt,0,1.0,0.390699,0.310971,0.310971,1.0,8
c1_cross_stall_occ_03__c1_temp_opt_04,cross,c1_cross_stall_occ_03,c1_temp_opt_04,cross,block_or_occupancy,cross_stall_occ,temp_opt,0,0.0,0.341283,0.289497,0.289497,1.0,8
c1_cross_stall_occ_03__c1_temp_opt_05,cross,c1_cross_stall_occ_03,c1_temp_opt_05,cross,block_or_occupancy,cross_stall_occ,temp_opt,0,0.0,0.379604,0.307619,0.307619,1.0,8
c1_cross_stall_occ_03__c1_temp_opt_06,cross,c1_cross_stall_occ_03,c1_temp_opt_06,cross,block_or_occupancy,cross_stall_occ,temp_opt,0,1.0,0.339361,0.252479,0.252479,1.0,8
c1_cross_stall_occ_03__c1_temp_opt_07,cross,c1_cross_stall_occ_03,c1_temp_opt_07,cross,block_or_occupancy,cross_stall_occ,temp_opt,0,1.0,0.380392,0.307469,0.307469,1.0,8
c1_cross_stall_occ_03__c1_temp_opt_08,cross,c1_cross_stall_occ_03,c1_temp_opt_08,cross,block_or_occupancy,cross_stall_occ,temp_opt,0,2.0,0.331343,0.215217,0.215217,1.0,8
c1_cross_stall_occ_04__c1_lead_cont_01,cross,c1_cross_stall_occ_04,c1_lead_cont_01,cross,lead,cross_stall_occ,lead_cont,0,1.0,0.068359,0.03201,0.03201,1.0,8
c1_cross_stall_occ_04__c1_lead_cont_02,cross,c1_cross_stall_occ_04,c1_lead_cont_02,cross,lead,cross_stall_occ,lead_cont,0,1.0,0.096864,0.04781,0.04781,1.0,8
c1_cross_stall_occ_04__c1_lead_cont_03,cross,c1_cross_stall_occ_04,c1_lead_cont_03,cross,lead,cross_stall_occ,lead_cont,0,0.0,0.039122,0.020258,0.020258,1.0,8
c1_cross_stall_occ_04__c1_lead_cont_04,cross,c1_cross_stall_occ_04,c1_lead_cont_04,cross,lead,cross_stall_occ,lead_cont,0,0.0,0.040805,0.023015,0.023015,1.0,8
c1_cross_stall_occ_04__c1_lead_cont_05,cross,c1_cross_stall_occ_04,c1_lead_cont_05,cross,lead,cross_stall_occ,lead_cont,0,1.0,0.070367,0.035605,0.035605,1.0,8
c1_cross_stall_occ_04__c1_lead_cont_06,cross,c1_cross_stall_occ_04,c1_lead_cont_06,cross,lead,cross_stall_occ,lead_cont,0,1.0,0.073842,0.037279,0.037279,1.0,8
c1_cross_stall_occ_04__c1_lead_cont_07,cross,c1_cross_stall_occ_04,c1_lead_cont_07,cross,lead,cross_stall_occ,lead_cont,0,2.0,0.057644,0.034295,0.034295,1.0,8
c1_cross_stall_occ_04__c1_lead_cont_08,cross,c1_cross_stall_occ_04,c1_lead_cont_08,cross,lead,cross_stall_occ,lead_cont,0,2.0,0.056669,0.027901,0.027901,1.0,8
c1_cross_stall_occ_04__c1_lead_nec_01,cross,c1_cross_stall_occ_04,c1_lead_nec_01,cross,lead,cross_stall_occ,lead_nec,0,1.0,0.336967,0.282647,0.282647,1.0,8
c1_cross_stall_occ_04__c1_lead_nec_02,cross,c1_cross_stall_occ_04,c1_lead_nec_02,cross,lead,cross_stall_occ,lead_nec,0,1.0,0.365473,0.29784,0.29784,1.0,8
c1_cross_stall_occ_04__c1_lead_nec_03,cross,c1_cross_stall_occ_04,c1_lead_nec_03,cross,lead,cross_stall_occ,lead_nec,0,0.0,0.325056,0.274904,0.274904,1.0,8
c1_cross_stall_occ_04__c1_lead_nec_04,cross,c1_cross_stall_occ_04,c1_lead_nec_04,cross,lead,cross_stall_occ,lead_nec,0,0.0,0.356351,0.292503,0.292503,1.0,8
c1_cross_stall_occ_04__c1_lead_nec_05,cross,c1_cross_stall_occ_04,c1_lead_nec_05,cross,lead,cross_stall_occ,lead_nec,0,1.0,0.351449,0.28907,0.28907,1.0,8
c1_cross_stall_occ_04__c1_lead_nec_06,cross,c1_cross_stall_occ_04,c1_lead_nec_06,cross,lead,cross_stall_occ,lead_nec,0,1.0,0.354923,0.290744,0.290744,1.0,8
c1_cross_stall_occ_04__c1_lead_nec_07,cross,c1_cross_stall_occ_04,c1_lead_nec_07,cross,lead,cross_stall_occ,lead_nec,0,2.0,0.320313,0.268437,0.268437,1.0,8
c1_cross_stall_occ_04__c1_lead_nec_08,cross,c1_cross_stall_occ_04,c1_lead_nec_08,cross,lead,cross_stall_occ,lead_nec,0,2.0,0.348595,0.286369,0.286369,1.0,8
c1_cross_stall_occ_04__c1_lead_opt_01,cross,c1_cross_stall_occ_04,c1_lead_opt_01,cross,lead,cross_stall_occ,lead_opt,0,1.0,0.354812,0.294336,0.294336,1.0,8
c1_cross_stall_occ_04__c1_lead_opt_02,cross,c1_cross_stall_occ_04,c1_lead_opt_02,cross,lead,cross_stall_occ,lead_opt,0,1.0,0.363838,0.298884,0.298884,1.0,8
c1_cross_stall_occ_04__c1_lead_opt_03,cross,c1_cross_stall_occ_04,c1_lead_opt_03,cross,lead,cross_stall_occ,lead_opt,0,0.0,0.358753,0.296151,0.296151,1.0,8
c1_cross_stall_occ_04__c1_lead_opt_04,cross,c1_cross_stall_occ_04,c1_lead_opt_04,cross,lead,cross_stall_occ,lead_opt,0,0.0,0.341822,0.286673,0.286673,1.0,8
c1_cross_stall_occ_04__c1_lead_opt_05,cross,c1_cross_stall_occ_04,c1_lead_opt_05,cross,lead,cross_stall_occ,lead_opt,0,1.0,0.340709,0.285485,0.285485,1.0,8
c1_cross_stall_occ_04__c1_lead_opt_06,cross,c1_cross_stall_occ_04,c1_lead_opt_06,cross,lead,cross_stall_occ,lead_opt,0,1.0,0.330952,0.278789,0.278789,1.0,8
c1_cross_stall_occ_04__c1_lead_opt_07,cross,c1_cross_stall_occ_04,c1_lead_opt_07,cross,lead,cross_stall_occ,lead_opt,0,2.0,0.330319,0.26113,0.26113,1.0,8
c1_cross_stall_occ_04__c1_lead_opt_08,cross,c1_cross_stall_occ_04,c1_lead_opt_08,cross,lead,cross_stall_occ,lead_opt,0,2.0,0.340767,0.278543,0.278543,1.0,8
c1_cross_stall_occ_04__c1_temp_opt_01,cross,c1_cross_stall_occ_04,c1_temp_opt_01,cross,block_or_occupancy,cross_stall_occ,temp_opt,0,1.0,0.379114,0.306855,0.306855,1.0,8
c1_cross_stall_occ_04__c1_temp_opt_02,cross,c1_cross_stall_occ_04,c1_temp_opt_02,cross,block_or_occupancy,cross_stall_occ,temp_opt,0,1.0,0.367497,0.303815,0.303815,1.0,8
c1_cross_stall_occ_04__c1_temp_opt_03,cross,c1_cross_stall_occ_04,c1_temp_opt_03,cross,block_or_occupancy,cross_stall_occ,temp_opt,0,1.0,0.389061,0.310219,0.310219,1.0,8
c1_cross_stall_occ_04__c1_temp_opt_04,cross,c1_cross_stall_occ_04,c1_temp_opt_04,cross,block_or_occupancy,cross_stall_occ,temp_opt,0,0.0,0.339645,0.288745,0.288745,1.0,8
c1_cross_stall_occ_04__c1_temp_opt_05,cross,c1_cross_stall_occ_04,c1_temp_opt_05,cross,block_or_occupancy,cross_stall_occ,temp_opt,0,0.0,0.377967,0.306867,0.306867,1.0,8
c1_cross_stall_occ_04__c1_temp_opt_06,cross,c1_cross_stall_occ_04,c1_temp_opt_06,cross,block_or_occupancy,cross_stall_occ,temp_opt,0,1.0,0.340963,0.253015,0.253015,1.0,8
c1_cross_stall_occ_04__c1_temp_opt_07,cross,c1_cross_stall_occ_04,c1_temp_opt_07,cross,block_or_occupancy,cross_stall_occ,temp_opt,0,1.0,0.378754,0.306717,0.306717,1.0,8
c1_cross_stall_occ_04__c1_temp_opt_08,cross,c1_cross_stall_occ_04,c1_temp_opt_08,cross,block_or_occupancy,cross_stall_occ,temp_opt,0,2.0,0.332359,0.215698,0.215698,1.0,8
c1_cross_stall_occ_05__c1_lead_cont_01,cross,c1_cross_stall_occ_05,c1_lead_cont_01,cross,lead,cross_stall_occ,lead_cont,0,2.0,0.074512,0.04645,0.04645,1.0,8
c1_cross_stall_occ_05__c1_lead_cont_02,cross,c1_cross_stall_occ_05,c1_lead_cont_02,cross,lead,cross_stall_occ,lead_cont,0,2.0,0.08643,0.057182,0.057182,1.0,8
c1_cross_stall_occ_05__c1_lead_cont_03,cross,c1_cross_stall_occ_05,c1_lead_cont_03,cross,lead,cross_stall_occ,lead_cont,0,1.0,0.119498,0.064734,0.064734,1.0,8
c1_cross_stall_occ_05__c1_lead_cont_04,cross,c1_cross_stall_occ_05,c1_lead_cont_04,cross,lead,cross_stall_occ,lead_cont,0,1.0,0.103513,0.062688,0.062688,1.0,8
c1_cross_stall_occ_05__c1_lead_cont_05,cross,c1_cross_stall_occ_05,c1_lead_cont_05,cross,lead,cross_stall_occ,lead_cont,0,0.0,0.066465,0.044002,0.044002,1.0,8
c1_cross_stall_occ_05__c1_lead_cont_06,cross,c1_cross_stall_occ_05,c1_lead_cont_06,cross,lead,cross_stall_occ,lead_cont,0,0.0,0.067502,0.045088,0.045088,1.0,8
c1_cross_stall_occ_05__c1_lead_cont_07,cross,c1_cross_stall_occ_05,c1_lead_cont_07,cross,lead,cross_stall_occ,lead_cont,0,1.0,0.100561,0.053855,0.053855,1.0,8
c1_cross_stall_occ_05__c1_lead_cont_08,cross,c1_cross_stall_occ_05,c1_lead_cont_08,cross,lead,cross_stall_occ,lead_cont,0,1.0,0.075058,0.049964,0.049964,1.0,8
c1_cross_stall_occ_05__c1_lead_nec_01,cross,c1_cross_stall_occ_05,c1_lead_nec_01,cross,lead,cross_stall_occ,lead_nec,0,2.0,0.412039,0.315106,0.315106,1.0,8
c1_cross_stall_occ_05__c1_lead_nec_02,cross,c1_cross_stall_occ_05,c1_lead_nec_02,cross,lead,cross_stall_occ,lead_nec,0,2.0,0.423957,0.325229,0.325229,1.0,8
c1_cross_stall_occ_05__c1_lead_nec_03,cross,c1_cross_stall_occ_05,c1_lead_nec_03,cross,lead,cross_stall_occ,lead_nec,0,1.0,0.405433,0.309158,0.309158,1.0,8
c1_cross_stall_occ_05__c1_lead_nec_04,cross,c1_cross_stall_occ_05,c1_lead_nec_04,cross,lead,cross_stall_occ,lead_nec,0,1.0,0.41906,0.321336,0.321336,1.0,8
c1_cross_stall_occ_05__c1_lead_nec_05,cross,c1_cross_stall_occ_05,c1_lead_nec_05,cross,lead,cross_stall_occ,lead_nec,0,0.0,0.416465,0.31866,0.31866,1.0,8
c1_cross_stall_occ_05__c1_lead_nec_06,cross,c1_cross_stall_occ_05,c1_lead_nec_06,cross,lead,cross_stall_occ,lead_nec,0,0.0,0.417502,0.319746,0.319746,1.0,8
c1_cross_stall_occ_05__c1_lead_nec_07,cross,c1_cross_stall_occ_05,c1_lead_nec_07,cross,lead,cross_stall_occ,lead_nec,0,1.0,0.397511,0.298284,0.298284,1.0,8
c1_cross_stall_occ_05__c1_lead_nec_08,cross,c1_cross_stall_occ_05,c1_lead_nec_08,cross,lead,cross_stall_occ,lead_nec,0,1.0,0.414213,0.316373,0.316373,1.0,8
c1_cross_stall_occ_05__c1_lead_opt_01,cross,c1_cross_stall_occ_05,c1_lead_opt_01,cross,lead,cross_stall_occ,lead_opt,0,2.0,0.421573,0.3239,0.3239,1.0,8
c1_cross_stall_occ_05__c1_lead_opt_02,cross,c1_cross_stall_occ_05,c1_lead_opt_02,cross,lead,cross_stall_occ,lead_opt,0,2.0,0.425136,0.326781,0.326781,1.0,8
c1_cross_stall_occ_05__c1_lead_opt_03,cross,c1_cross_stall_occ_05,c1_lead_opt_03,cross,lead,cross_stall_occ,lead_opt,0,1.0,0.422348,0.32477,0.32477,1.0,8
c1_cross_stall_occ_05__c1_lead_opt_04,cross,c1_cross_stall_occ_05,c1_lead_opt_04,cross,lead,cross_stall_occ,lead_opt,0,1.0,0.414376,0.318208,0.318208,1.0,8
c1_cross_stall_occ_05__c1_lead_opt_05,cross,c1_cross_stall_occ_05,c1_lead_opt_05,cross,lead,cross_stall_occ,lead_opt,0,0.0,0.4134,0.317253,0.317253,1.0,8
c1_cross_stall_occ_05__c1_lead_opt_06,cross,c1_cross_stall_occ_05,c1_lead_opt_06,cross,lead,cross_stall_occ,lead_opt,0,0.0,0.40809,0.312173,0.312173,1.0,8
c1_cross_stall_occ_05__c1_lead_opt_07,cross,c1_cross_stall_occ_05,c1_lead_opt_07,cross,lead,cross_stall_occ,lead_opt,0,1.0,0.401179,0.292625,0.292625,1.0,8
c1_cross_stall_occ_05__c1_lead_opt_08,cross,c1_cross_stall_occ_05,c1_lead_opt_08,cross,lead,cross_stall_occ,lead_opt,0,1.0,0.4123,0.314444,0.314444,1.0,8
c1_cross_stall_occ_05__c1_temp_opt_01,cross,c1_cross_stall_occ_05,c1_temp_opt_01,cross,block_or_occupancy,cross_stall_occ,temp_opt,0,2.0,0.430692,0.331249,0.331249,1.0,8
c1_cross_stall_occ_05__c1_temp_opt_02,cross,c1_cross_stall_occ_05,c1_temp_opt_02,cross,block_or_occupancy,cross_stall_occ,temp_opt,0,2.0,0.434488,0.331794,0.331794,1.0,8
c1_cross_stall_occ_05__c1_temp_opt_03,cross,c1_cross_stall_occ_05,c1_temp_opt_03,cross,block_or_occupancy,cross_stall_occ,temp_opt,0,2.0,0.429527,0.331397,0.331397,1.0,8
c1_cross_stall_occ_05__c1_temp_opt_04,cross,c1_cross_stall_occ_05,c1_temp_opt_04,cross,block_or_occupancy,cross_stall_occ,temp_opt,0,1.0,0.416992,0.321274,0.321274,1.0,8
c1_cross_stall_occ_05__c1_temp_opt_05,cross,c1_cross_stall_occ_05,c1_temp_opt_05,cross,block_or_occupancy,cross_stall_occ,temp_opt,0,1.0,0.429691,0.331255,0.331255,1.0,8
c1_cross_stall_occ_05__c1_temp_opt_06,cross,c1_cross_stall_occ_05,c1_temp_opt_06,cross,block_or_occupancy,cross_stall_occ,temp_opt,0,0.0,0.381627,0.260606,0.260606,1.0,8
c1_cross_stall_occ_05__c1_temp_opt_07,cross,c1_cross_stall_occ_05,c1_temp_opt_07,cross,block_or_occupancy,cross_stall_occ,temp_opt,0,0.0,0.429481,0.330934,0.330934,1.0,8
c1_cross_stall_occ_05__c1_temp_opt_08,cross,c1_cross_stall_occ_05,c1_temp_opt_08,cross,block_or_occupancy,cross_stall_occ,temp_opt,0,1.0,0.357238,0.220674,0.220674,1.0,8
c1_cross_stall_occ_06__c1_lead_cont_01,cross,c1_cross_stall_occ_06,c1_lead_cont_01,cross,lead,cross_stall_occ,lead_cont,0,2.0,0.051677,0.031293,0.031293,1.0,8
c1_cross_stall_occ_06__c1_lead_cont_02,cross,c1_cross_stall_occ_06,c1_lead_cont_02,cross,lead,cross_stall_occ,lead_cont,0,2.0,0.080183,0.047094,0.047094,1.0,8
c1_cross_stall_occ_06__c1_lead_cont_03,cross,c1_cross_stall_occ_06,c1_lead_cont_03,cross,lead,cross_stall_occ,lead_cont,0,1.0,0.091358,0.048399,0.048399,1.0,8
c1_cross_stall_occ_06__c1_lead_cont_04,cross,c1_cross_stall_occ_06,c1_lead_cont_04,cross,lead,cross_stall_occ,lead_cont,0,1.0,0.093041,0.051157,0.051157,1.0,8
c1_cross_stall_occ_06__c1_lead_cont_05,cross,c1_cross_stall_occ_06,c1_lead_cont_05,cross,lead,cross_stall_occ,lead_cont,0,0.0,0.053685,0.031713,0.031713,1.0,8
c1_cross_stall_occ_06__c1_lead_cont_06,cross,c1_cross_stall_occ_06,c1_lead_cont_06,cross,lead,cross_stall_occ,lead_cont,0,0.0,0.05716,0.033387,0.033387,1.0,8
c1_cross_stall_occ_06__c1_lead_cont_07,cross,c1_cross_stall_occ_06,c1_lead_cont_07,cross,lead,cross_stall_occ,lead_cont,0,1.0,0.068145,0.034814,0.034814,1.0,8
c1_cross_stall_occ_06__c1_lead_cont_08,cross,c1_cross_stall_occ_06,c1_lead_cont_08,cross,lead,cross_stall_occ,lead_cont,0,1.0,0.061676,0.037262,0.037262,1.0,8
c1_cross_stall_occ_06__c1_lead_nec_01,cross,c1_cross_stall_occ_06,c1_lead_nec_01,cross,lead,cross_stall_occ,lead_nec,0,2.0,0.389204,0.302293,0.302293,1.0,8
c1_cross_stall_occ_06__c1_lead_nec_02,cross,c1_cross_stall_occ_06,c1_lead_nec_02,cross,lead,cross_stall_occ,lead_nec,0,2.0,0.417709,0.317485,0.317485,1.0,8
c1_cross_stall_occ_06__c1_lead_nec_03,cross,c1_cross_stall_occ_06,c1_lead_nec_03,cross,lead,cross_stall_occ,lead_nec,0,1.0,0.377292,0.29455,0.29455,1.0,8
c1_cross_stall_occ_06__c1_lead_nec_04,cross,c1_cross_stall_occ_06,c1_lead_nec_04,cross,lead,cross_stall_occ,lead_nec,0,1.0,0.408587,0.312149,0.312149,1.0,8
c1_cross_stall_occ_06__c1_lead_nec_05,cross,c1_cross_stall_occ_06,c1_lead_nec_05,cross,lead,cross_stall_occ,lead_nec,0,0.0,0.403685,0.308715,0.308715,1.0,8
c1_cross_stall_occ_06__c1_lead_nec_06,cross,c1_cross_stall_occ_06,c1_lead_nec_06,cross,lead,cross_stall_occ,lead_nec,0,0.0,0.40716,0.310389,0.310389,1.0,8
c1_cross_stall_occ_06__c1_lead_nec_07,cross,c1_cross_stall_occ_06,c1_lead_nec_07,cross,lead,cross_stall_occ,lead_nec,0,1.0,0.365095,0.279243,0.279243,1.0,8
c1_cross_stall_occ_06__c1_lead_nec_08,cross,c1_cross_stall_occ_06,c1_lead_nec_08,cross,lead,cross_stall_occ,lead_nec,0,1.0,0.400831,0.306015,0.306015,1.0,8
c1_cross_stall_occ_06__c1_lead_opt_01,cross,c1_cross_stall_occ_06,c1_lead_opt_01,cross,lead,cross_stall_occ,lead_opt,0,2.0,0.407048,0.313982,0.313982,1.0,8
c1_cross_stall_occ_06__c1_lead_opt_02,cross,c1_cross_stall_occ_06,c1_lead_opt_02,cross,lead,cross_stall_occ,lead_opt,0,2.0,0.416075,0.31853,0.31853,1.0,8
c1_cross_stall_occ_06__c1_lead_opt_03,cross,c1_cross_stall_occ_06,c1_lead_opt_03,cross,lead,cross_stall_occ,lead_opt,0,1.0,0.41099,0.315796,0.315796,1.0,8
c1_cross_stall_occ_06__c1_lead_opt_04,cross,c1_cross_stall_occ_06,c1_lead_opt_04,cross,lead,cross_stall_occ,lead_opt,0,1.0,0.394058,0.306318,0.306318,1.0,8
c1_cross_stall_occ_06__c1_lead_opt_05,cross,c1_cross_stall_occ_06,c1_lead_opt_05,cross,lead,cross_stall_occ,lead_opt,0,0.0,0.392945,0.30513,0.30513,1.0,8
c1_cross_stall_occ_06__c1_lead_opt_06,cross,c1_cross_stall_occ_06,c1_lead_opt_06,cross,lead,cross_stall_occ,lead_opt,0,0.0,0.382652,0.298283,0.298283,1.0,8
c1_cross_stall_occ_06__c1_lead_opt_07,cross,c1_cross_stall_occ_06,c1_lead_opt_07,cross,lead,cross_stall_occ,lead_opt,0,1.0,0.370912,0.271162,0.271162,1.0,8
c1_cross_stall_occ_06__c1_lead_opt_08,cross,c1_cross_stall_occ_06,c1_lead_opt_08,cross,lead,cross_stall_occ,lead_opt,0,1.0,0.392136,0.297614,0.297614,1.0,8
c1_cross_stall_occ_06__c1_temp_opt_01,cross,c1_cross_stall_occ_06,c1_temp_opt_01,cross,block_or_occupancy,cross_stall_occ,temp_opt,0,2.0,0.43135,0.3265,0.3265,1.0,8
c1_cross_stall_occ_06__c1_temp_opt_02,cross,c1_cross_stall_occ_06,c1_temp_opt_02,cross,block_or_occupancy,cross_stall_occ,temp_opt,0,2.0,0.419733,0.32346,0.32346,1.0,8
c1_cross_stall_occ_06__c1_temp_opt_03,cross,c1_cross_stall_occ_06,c1_temp_opt_03,cross,block_or_occupancy,cross_stall_occ,temp_opt,0,2.0,0.441297,0.329865,0.329865,1.0,8
c1_cross_stall_occ_06__c1_temp_opt_04,cross,c1_cross_stall_occ_06,c1_temp_opt_04,cross,block_or_occupancy,cross_stall_occ,temp_opt,0,1.0,0.391881,0.30839,0.30839,1.0,8
c1_cross_stall_occ_06__c1_temp_opt_05,cross,c1_cross_stall_occ_06,c1_temp_opt_05,cross,block_or_occupancy,cross_stall_occ,temp_opt,0,1.0,0.430203,0.326513,0.326513,1.0,8
c1_cross_stall_occ_06__c1_temp_opt_06,cross,c1_cross_stall_occ_06,c1_temp_opt_06,cross,block_or_occupancy,cross_stall_occ,temp_opt,0,0.0,0.359403,0.251995,0.251995,1.0,8
c1_cross_stall_occ_06__c1_temp_opt_07,cross,c1_cross_stall_occ_06,c1_temp_opt_07,cross,block_or_occupancy,cross_stall_occ,temp_opt,0,0.0,0.43099,0.326362,0.326362,1.0,8
c1_cross_stall_occ_06__c1_temp_opt_08,cross,c1_cross_stall_occ_06,c1_temp_opt_08,cross,block_or_occupancy,cross_stall_occ,temp_opt,0,1.0,0.333366,0.215824,0.215824,1.0,8
c1_cross_stall_occ_07__c1_lead_cont_01,cross,c1_cross_stall_occ_07,c1_lead_cont_01,cross,lead,cross_stall_occ,lead_cont,0,0.0,0.03338,0.014669,0.014669,1.0,8
c1_cross_stall_occ_07__c1_lead_cont_02,cross,c1_cross_stall_occ_07,c1_lead_cont_02,cross,lead,cross_stall_occ,lead_cont,0,0.0,0.060063,0.028496,0.028496,1.0,8
c1_cross_stall_occ_07__c1_lead_cont_03,cross,c1_cross_stall_occ_07,c1_lead_cont_03,cross,lead,cross_stall_occ,lead_cont,0,1.0,0.063665,0.03513,0.03513,1.0,8
c1_cross_stall_occ_07__c1_lead_cont_04,cross,c1_cross_stall_occ_07,c1_lead_cont_04,cross,lead,cross_stall_occ,lead_cont,0,1.0,0.086981,0.042269,0.042269,1.0,8
c1_cross_stall_occ_07__c1_lead_cont_05,cross,c1_cross_stall_occ_07,c1_lead_cont_05,cross,lead,cross_stall_occ,lead_cont,0,2.0,0.058512,0.026042,0.026042,1.0,8
c1_cross_stall_occ_07__c1_lead_cont_06,cross,c1_cross_stall_occ_07,c1_lead_cont_06,cross,lead,cross_stall_occ,lead_cont,0,2.0,0.061986,0.027675,0.027675,1.0,8
c1_cross_stall_occ_07__c1_lead_cont_07,cross,c1_cross_stall_occ_07,c1_lead_cont_07,cross,lead,cross_stall_occ,lead_cont,0,3.0,0.063505,0.042527,0.042527,1.0,8
c1_cross_stall_occ_07__c1_lead_cont_08,cross,c1_cross_stall_occ_07,c1_lead_cont_08,cross,lead,cross_stall_occ,lead_cont,0,3.0,0.066858,0.027071,0.027071,1.0,8
c1_cross_stall_occ_07__c1_lead_nec_01,cross,c1_cross_stall_occ_07,c1_lead_nec_01,cross,lead,cross_stall_occ,lead_nec,0,0.0,0.30597,0.260599,0.260599,1.0,8
c1_cross_stall_occ_07__c1_lead_nec_02,cross,c1_cross_stall_occ_07,c1_lead_nec_02,cross,lead,cross_stall_occ,lead_nec,0,0.0,0.332652,0.274698,0.274698,1.0,8
c1_cross_stall_occ_07__c1_lead_nec_03,cross,c1_cross_stall_occ_07,c1_lead_nec_03,cross,lead,cross_stall_occ,lead_nec,0,1.0,0.317881,0.268342,0.268342,1.0,8
c1_cross_stall_occ_07__c1_lead_nec_04,cross,c1_cross_stall_occ_07,c1_lead_nec_04,cross,lead,cross_stall_occ,lead_nec,0,1.0,0.32353,0.269362,0.269362,1.0,8
c1_cross_stall_occ_07__c1_lead_nec_05,cross,c1_cross_stall_occ_07,c1_lead_nec_05,cross,lead,cross_stall_occ,lead_nec,0,2.0,0.318628,0.265969,0.265969,1.0,8
c1_cross_stall_occ_07__c1_lead_nec_06,cross,c1_cross_stall_occ_07,c1_lead_nec_06,cross,lead,cross_stall_occ,lead_nec,0,2.0,0.322103,0.267602,0.267602,1.0,8
c1_cross_stall_occ_07__c1_lead_nec_07,cross,c1_cross_stall_occ_07,c1_lead_nec_07,cross,lead,cross_stall_occ,lead_nec,0,3.0,0.330079,0.275498,0.275498,1.0,8
c1_cross_stall_occ_07__c1_lead_nec_08,cross,c1_cross_stall_occ_07,c1_lead_nec_08,cross,lead,cross_stall_occ,lead_nec,0,3.0,0.31613,0.264396,0.264396,1.0,8
c1_cross_stall_occ_07__c1_lead_opt_01,cross,c1_cross_stall_occ_07,c1_lead_opt_01,cross,lead,cross_stall_occ,lead_opt,0,0.0,0.321991,0.271195,0.271195,1.0,8
c1_cross_stall_occ_07__c1_lead_opt_02,cross,c1_cross_stall_occ_07,c1_lead_opt_02,cross,lead,cross_stall_occ,lead_opt,0,0.0,0.331018,0.275743,0.275743,1.0,8
c1_cross_stall_occ_07__c1_lead_opt_03,cross,c1_cross_stall_occ_07,c1_lead_opt_03,cross,lead,cross_stall_occ,lead_opt,0,1.0,0.325964,0.273015,0.273015,1.0,8
c1_cross_stall_occ_07__c1_lead_opt_04,cross,c1_cross_stall_occ_07,c1_lead_opt_04,cross,lead,cross_stall_occ,lead_opt,0,1.0,0.313436,0.265011,0.265011,1.0,8
c1_cross_stall_occ_07__c1_lead_opt_05,cross,c1_cross_stall_occ_07,c1_lead_opt_05,cross,lead,cross_stall_occ,lead_opt,0,2.0,0.316895,0.266412,0.266412,1.0,8
c1_cross_stall_occ_07__c1_lead_opt_06,cross,c1_cross_stall_occ_07,c1_lead_opt_06,cross,lead,cross_stall_occ,lead_opt,0,2.0,0.317341,0.265724,0.265724,1.0,8
c1_cross_stall_occ_07__c1_lead_opt_07,cross,c1_cross_stall_occ_07,c1_lead_opt_07,cross,lead,cross_stall_occ,lead_opt,0,3.0,0.326546,0.265991,0.265991,1.0,8
c1_cross_stall_occ_07__c1_lead_opt_08,cross,c1_cross_stall_occ_07,c1_lead_opt_08,cross,lead,cross_stall_occ,lead_opt,0,3.0,0.320508,0.266028,0.266028,1.0,8
c1_cross_stall_occ_07__c1_temp_opt_01,cross,c1_cross_stall_occ_07,c1_temp_opt_01,cross,block_or_occupancy,cross_stall_occ,temp_opt,0,0.0,0.346293,0.283713,0.283713,1.0,8
c1_cross_stall_occ_07__c1_temp_opt_02,cross,c1_cross_stall_occ_07,c1_temp_opt_02,cross,block_or_occupancy,cross_stall_occ,temp_opt,0,0.0,0.338224,0.281377,0.281377,1.0,8
c1_cross_stall_occ_07__c1_temp_opt_03,cross,c1_cross_stall_occ_07,c1_temp_opt_03,cross,block_or_occupancy,cross_stall_occ,temp_opt,0,0.0,0.35624,0.287078,0.287078,1.0,8
c1_cross_stall_occ_07__c1_temp_opt_04,cross,c1_cross_stall_occ_07,c1_temp_opt_04,cross,block_or_occupancy,cross_stall_occ,temp_opt,0,1.0,0.324172,0.272924,0.272924,1.0,8
c1_cross_stall_occ_07__c1_temp_opt_05,cross,c1_cross_stall_occ_07,c1_temp_opt_05,cross,block_or_occupancy,cross_stall_occ,temp_opt,0,1.0,0.345381,0.283762,0.283762,1.0,8
c1_cross_stall_occ_07__c1_temp_opt_06,cross,c1_cross_stall_occ_07,c1_temp_opt_06,cross,block_or_occupancy,cross_stall_occ,temp_opt,0,2.0,0.352754,0.267913,0.267913,1.0,8
c1_cross_stall_occ_07__c1_temp_opt_07,cross,c1_cross_stall_occ_07,c1_temp_opt_07,cross,block_or_occupancy,cross_stall_occ,temp_opt,0,2.0,0.346024,0.283589,0.283589,1.0,8
c1_cross_stall_occ_07__c1_temp_opt_08,cross,c1_cross_stall_occ_07,c1_temp_opt_08,cross,block_or_occupancy,cross_stall_occ,temp_opt,0,3.0,0.333414,0.239645,0.239645,1.0,8
c1_cross_stall_occ_08__c1_lead_cont_01,cross,c1_cross_stall_occ_08,c1_lead_cont_01,cross,lead,cross_stall_occ,lead_cont,0,1.0,0.085102,0.043275,0.043275,1.0,8
c1_cross_stall_occ_08__c1_lead_cont_02,cross,c1_cross_stall_occ_08,c1_lead_cont_02,cross,lead,cross_stall_occ,lead_cont,0,1.0,0.113608,0.05838,0.05838,1.0,8
c1_cross_stall_occ_08__c1_lead_cont_03,cross,c1_cross_stall_occ_08,c1_lead_cont_03,cross,lead,cross_stall_occ,lead_cont,0,0.0,0.005525,0.004065,0.004065,1.0,8
c1_cross_stall_occ_08__c1_lead_cont_04,cross,c1_cross_stall_occ_08,c1_lead_cont_04,cross,lead,cross_stall_occ,lead_cont,0,0.0,0.066394,0.034281,0.034281,1.0,8
c1_cross_stall_occ_08__c1_lead_cont_05,cross,c1_cross_stall_occ_08,c1_lead_cont_05,cross,lead,cross_stall_occ,lead_cont,0,1.0,0.095956,0.046871,0.046871,1.0,8
c1_cross_stall_occ_08__c1_lead_cont_06,cross,c1_cross_stall_occ_08,c1_lead_cont_06,cross,lead,cross_stall_occ,lead_cont,0,1.0,0.099431,0.048545,0.048545,1.0,8
c1_cross_stall_occ_08__c1_lead_cont_07,cross,c1_cross_stall_occ_08,c1_lead_cont_07,cross,lead,cross_stall_occ,lead_cont,0,2.0,0.037168,0.030424,0.030424,1.0,8
c1_cross_stall_occ_08__c1_lead_cont_08,cross,c1_cross_stall_occ_08,c1_lead_cont_08,cross,lead,cross_stall_occ,lead_cont,0,2.0,0.082258,0.039166,0.039166,1.0,8
c1_cross_stall_occ_08__c1_lead_nec_01,cross,c1_cross_stall_occ_08,c1_lead_nec_01,cross,lead,cross_stall_occ,lead_nec,0,1.0,0.294808,0.261713,0.261713,1.0,8
c1_cross_stall_occ_08__c1_lead_nec_02,cross,c1_cross_stall_occ_08,c1_lead_nec_02,cross,lead,cross_stall_occ,lead_nec,0,1.0,0.323313,0.276905,0.276905,1.0,8
c1_cross_stall_occ_08__c1_lead_nec_03,cross,c1_cross_stall_occ_08,c1_lead_nec_03,cross,lead,cross_stall_occ,lead_nec,0,0.0,0.282896,0.25397,0.25397,1.0,8
c1_cross_stall_occ_08__c1_lead_nec_04,cross,c1_cross_stall_occ_08,c1_lead_nec_04,cross,lead,cross_stall_occ,lead_nec,0,0.0,0.314192,0.271569,0.271569,1.0,8
c1_cross_stall_occ_08__c1_lead_nec_05,cross,c1_cross_stall_occ_08,c1_lead_nec_05,cross,lead,cross_stall_occ,lead_nec,0,1.0,0.309289,0.268135,0.268135,1.0,8
c1_cross_stall_occ_08__c1_lead_nec_06,cross,c1_cross_stall_occ_08,c1_lead_nec_06,cross,lead,cross_stall_occ,lead_nec,0,1.0,0.312764,0.269809,0.269809,1.0,8
c1_cross_stall_occ_08__c1_lead_nec_07,cross,c1_cross_stall_occ_08,c1_lead_nec_07,cross,lead,cross_stall_occ,lead_nec,0,2.0,0.292634,0.260606,0.260606,1.0,8
c1_cross_stall_occ_08__c1_lead_nec_08,cross,c1_cross_stall_occ_08,c1_lead_nec_08,cross,lead,cross_stall_occ,lead_nec,0,2.0,0.306435,0.265435,0.265435,1.0,8
c1_cross_stall_occ_08__c1_lead_opt_01,cross,c1_cross_stall_occ_08,c1_lead_opt_01,cross,lead,cross_stall_occ,lead_opt,0,1.0,0.312652,0.273402,0.273402,1.0,8
c1_cross_stall_occ_08__c1_lead_opt_02,cross,c1_cross_stall_occ_08,c1_lead_opt_02,cross,lead,cross_stall_occ,lead_opt,0,1.0,0.321679,0.27795,0.27795,1.0,8
c1_cross_stall_occ_08__c1_lead_opt_03,cross,c1_cross_stall_occ_08,c1_lead_opt_03,cross,lead,cross_stall_occ,lead_opt,0,0.0,0.316594,0.275216,0.275216,1.0,8
c1_cross_stall_occ_08__c1_lead_opt_04,cross,c1_cross_stall_occ_08,c1_lead_opt_04,cross,lead,cross_stall_occ,lead_opt,0,0.0,0.299662,0.265739,0.265739,1.0,8
c1_cross_stall_occ_08__c1_lead_opt_05,cross,c1_cross_stall_occ_08,c1_lead_opt_05,cross,lead,cross_stall_occ,lead_opt,0,1.0,0.29961,0.264849,0.264849,1.0,8
c1_cross_stall_occ_08__c1_lead_opt_06,cross,c1_cross_stall_occ_08,c1_lead_opt_06,cross,lead,cross_stall_occ,lead_opt,0,1.0,0.292782,0.259379,0.259379,1.0,8
c1_cross_stall_occ_08__c1_lead_opt_07,cross,c1_cross_stall_occ_08,c1_lead_opt_07,cross,lead,cross_stall_occ,lead_opt,0,2.0,0.296781,0.255261,0.255261,1.0,8
c1_cross_stall_occ_08__c1_lead_opt_08,cross,c1_cross_stall_occ_08,c1_lead_opt_08,cross,lead,cross_stall_occ,lead_opt,0,2.0,0.301146,0.262712,0.262712,1.0,8
c1_cross_stall_occ_08__c1_temp_opt_01,cross,c1_cross_stall_occ_08,c1_temp_opt_01,cross,block_or_occupancy,cross_stall_occ,temp_opt,0,1.0,0.336954,0.28592,0.28592,1.0,8
c1_cross_stall_occ_08__c1_temp_opt_02,cross,c1_cross_stall_occ_08,c1_temp_opt_02,cross,block_or_occupancy,cross_stall_occ,temp_opt,0,1.0,0.325337,0.282881,0.282881,1.0,8
c1_cross_stall_occ_08__c1_temp_opt_03,cross,c1_cross_stall_occ_08,c1_temp_opt_03,cross,block_or_occupancy,cross_stall_occ,temp_opt,0,1.0,0.346901,0.289285,0.289285,1.0,8
c1_cross_stall_occ_08__c1_temp_opt_04,cross,c1_cross_stall_occ_08,c1_temp_opt_04,cross,block_or_occupancy,cross_stall_occ,temp_opt,0,0.0,0.301858,0.269603,0.269603,1.0,8
c1_cross_stall_occ_08__c1_temp_opt_05,cross,c1_cross_stall_occ_08,c1_temp_opt_05,cross,block_or_occupancy,cross_stall_occ,temp_opt,0,0.0,0.335807,0.285933,0.285933,1.0,8
c1_cross_stall_occ_08__c1_temp_opt_06,cross,c1_cross_stall_occ_08,c1_temp_opt_06,cross,block_or_occupancy,cross_stall_occ,temp_opt,0,1.0,0.315309,0.255606,0.255606,1.0,8
c1_cross_stall_occ_08__c1_temp_opt_07,cross,c1_cross_stall_occ_08,c1_temp_opt_07,cross,block_or_occupancy,cross_stall_occ,temp_opt,0,1.0,0.336594,0.285783,0.285783,1.0,8
c1_cross_stall_occ_08__c1_temp_opt_08,cross,c1_cross_stall_occ_08,c1_temp_opt_08,cross,block_or_occupancy,cross_stall_occ,temp_opt,0,2.0,0.312488,0.226518,0.226518,1.0,8
c1_lead_cont_01__c1_temp_opt_01,cross,c1_lead_cont_01,c1_temp_opt_01,lead,block_or_occupancy,lead_cont,temp_opt,0,0.0,0.379673,0.298382,0.298382,1.0,8
c1_lead_cont_01__c1_temp_opt_02,cross,c1_lead_cont_01,c1_temp_opt_02,lead,block_or_occupancy,lead_cont,temp_opt,0,0.0,0.371328,0.295999,0.295999,1.0,8
c1_lead_cont_01__c1_temp_opt_03,cross,c1_lead_cont_01,c1_temp_opt_03,lead,block_or_occupancy,lead_cont,temp_opt,0,0.0,0.38962,0.301747,0.301747,1.0,8
c1_lead_cont_01__c1_temp_opt_04,cross,c1_lead_cont_01,c1_temp_opt_04,lead,block_or_occupancy,lead_cont,temp_opt,0,1.0,0.356729,0.287217,0.287217,1.0,8
c1_lead_cont_01__c1_temp_opt_05,cross,c1_lead_cont_01,c1_temp_opt_05,lead,block_or_occupancy,lead_cont,temp_opt,0,1.0,0.378761,0.298432,0.298432,1.0,8
c1_lead_cont_01__c1_temp_opt_06,cross,c1_lead_cont_01,c1_temp_opt_06,lead,block_or_occupancy,lead_cont,temp_opt,0,2.0,0.384311,0.268972,0.268972,1.0,8
c1_lead_cont_01__c1_temp_opt_07,cross,c1_lead_cont_01,c1_temp_opt_07,lead,block_or_occupancy,lead_cont,temp_opt,0,2.0,0.379404,0.298259,0.298259,1.0,8
c1_lead_cont_01__c1_temp_opt_08,cross,c1_lead_cont_01,c1_temp_opt_08,lead,block_or_occupancy,lead_cont,temp_opt,0,3.0,0.344595,0.231862,0.231862,1.0,8
c1_lead_cont_02__c1_temp_opt_01,cross,c1_lead_cont_02,c1_temp_opt_01,lead,block_or_occupancy,lead_cont,temp_opt,0,0.0,0.352362,0.282793,0.282793,1.0,8
c1_lead_cont_02__c1_temp_opt_02,cross,c1_lead_cont_02,c1_temp_opt_02,lead,block_or_occupancy,lead_cont,temp_opt,0,0.0,0.355041,0.282899,0.282899,1.0,8
c1_lead_cont_02__c1_temp_opt_03,cross,c1_lead_cont_02,c1_temp_opt_03,lead,block_or_occupancy,lead_cont,temp_opt,0,0.0,0.361115,0.285946,0.285946,1.0,8
c1_lead_cont_02__c1_temp_opt_04,cross,c1_lead_cont_02,c1_temp_opt_04,lead,block_or_occupancy,lead_cont,temp_opt,0,1.0,0.364698,0.285385,0.285385,1.0,8
c1_lead_cont_02__c1_temp_opt_05,cross,c1_lead_cont_02,c1_temp_opt_05,lead,block_or_occupancy,lead_cont,temp_opt,0,1.0,0.353228,0.283182,0.283182,1.0,8
c1_lead_cont_02__c1_temp_opt_06,cross,c1_lead_cont_02,c1_temp_opt_06,lead,block_or_occupancy,lead_cont,temp_opt,0,2.0,0.412817,0.284112,0.284112,1.0,8
c1_lead_cont_02__c1_temp_opt_07,cross,c1_lead_cont_02,c1_temp_opt_07,lead,block_or_occupancy,lead_cont,temp_opt,0,2.0,0.353592,0.282973,0.282973,1.0,8
c1_lead_cont_02__c1_temp_opt_08,cross,c1_lead_cont_02,c1_temp_opt_08,lead,block_or_occupancy,lead_cont,temp_opt,0,3.0,0.369188,0.244943,0.244943,1.0,8
c1_lead_cont_03__c1_temp_opt_01,cross,c1_lead_cont_03,c1_temp_opt_01,lead,block_or_occupancy,lead_cont,temp_opt,0,1.0,0.339992,0.286597,0.286597,1.0,8
c1_lead_cont_03__c1_temp_opt_02,cross,c1_lead_cont_03,c1_temp_opt_02,lead,block_or_occupancy,lead_cont,temp_opt,0,1.0,0.328384,0.283557,0.283557,1.0,8
c1_lead_cont_03__c1_temp_opt_03,cross,c1_lead_cont_03,c1_temp_opt_03,lead,block_or_occupancy,lead_cont,temp_opt,0,1.0,0.349939,0.289962,0.289962,1.0,8
c1_lead_cont_03__c1_temp_opt_04,cross,c1_lead_cont_03,c1_temp_opt_04,lead,block_or_occupancy,lead_cont,temp_opt,0,0.0,0.305758,0.270581,0.270581,1.0,8
c1_lead_cont_03__c1_temp_opt_05,cross,c1_lead_cont_03,c1_temp_opt_05,lead,block_or_occupancy,lead_cont,temp_opt,0,0.0,0.338845,0.28661,0.28661,1.0,8
c1_lead_cont_03__c1_temp_opt_06,cross,c1_lead_cont_03,c1_temp_opt_06,lead,block_or_occupancy,lead_cont,temp_opt,0,1.0,0.320807,0.257838,0.257838,1.0,8
c1_lead_cont_03__c1_temp_opt_07,cross,c1_lead_cont_03,c1_temp_opt_07,lead,block_or_occupancy,lead_cont,temp_opt,0,1.0,0.339632,0.286459,0.286459,1.0,8
c1_lead_cont_03__c1_temp_opt_08,cross,c1_lead_cont_03,c1_temp_opt_08,lead,block_or_occupancy,lead_cont,temp_opt,0,2.0,0.316179,0.228299,0.228299,1.0,8
c1_lead_cont_04__c1_temp_opt_01,cross,c1_lead_cont_04,c1_temp_opt_01,lead,block_or_occupancy,lead_cont,temp_opt,0,1.0,0.338755,0.283904,0.283904,1.0,8
c1_lead_cont_04__c1_temp_opt_02,cross,c1_lead_cont_04,c1_temp_opt_02,lead,block_or_occupancy,lead_cont,temp_opt,0,1.0,0.338101,0.283128,0.283128,1.0,8
c1_lead_cont_04__c1_temp_opt_03,cross,c1_lead_cont_04,c1_temp_opt_03,lead,block_or_occupancy,lead_cont,temp_opt,0,1.0,0.348256,0.287204,0.287204,1.0,8
c1_lead_cont_04__c1_temp_opt_04,cross,c1_lead_cont_04,c1_temp_opt_04,lead,block_or_occupancy,lead_cont,temp_opt,0,0.0,0.338011,0.280874,0.280874,1.0,8
c1_lead_cont_04__c1_temp_opt_05,cross,c1_lead_cont_04,c1_temp_opt_05,lead,block_or_occupancy,lead_cont,temp_opt,0,0.0,0.338601,0.2841,0.2841,1.0,8
c1_lead_cont_04__c1_temp_opt_06,cross,c1_lead_cont_04,c1_temp_opt_06,lead,block_or_occupancy,lead_cont,temp_opt,0,1.0,0.381703,0.273525,0.273525,1.0,8
c1_lead_cont_04__c1_temp_opt_07,cross,c1_lead_cont_04,c1_temp_opt_07,lead,block_or_occupancy,lead_cont,temp_opt,0,1.0,0.338846,0.283872,0.283872,1.0,8
c1_lead_cont_04__c1_temp_opt_08,cross,c1_lead_cont_04,c1_temp_opt_08,lead,block_or_occupancy,lead_cont,temp_opt,0,2.0,0.361972,0.232261,0.232261,1.0,8
c1_lead_cont_05__c1_temp_opt_01,cross,c1_lead_cont_05,c1_temp_opt_01,lead,block_or_occupancy,lead_cont,temp_opt,0,2.0,0.377748,0.294799,0.294799,1.0,8
c1_lead_cont_05__c1_temp_opt_02,cross,c1_lead_cont_05,c1_temp_opt_02,lead,block_or_occupancy,lead_cont,temp_opt,0,2.0,0.374646,0.293416,0.293416,1.0,8
c1_lead_cont_05__c1_temp_opt_03,cross,c1_lead_cont_05,c1_temp_opt_03,lead,block_or_occupancy,lead_cont,temp_opt,0,2.0,0.387612,0.298152,0.298152,1.0,8
c1_lead_cont_05__c1_temp_opt_04,cross,c1_lead_cont_05,c1_temp_opt_04,lead,block_or_occupancy,lead_cont,temp_opt,0,1.0,0.370733,0.288801,0.288801,1.0,8
c1_lead_cont_05__c1_temp_opt_05,cross,c1_lead_cont_05,c1_temp_opt_05,lead,block_or_occupancy,lead_cont,temp_opt,0,1.0,0.377126,0.294908,0.294908,1.0,8
c1_lead_cont_05__c1_temp_opt_06,cross,c1_lead_cont_05,c1_temp_opt_06,lead,block_or_occupancy,lead_cont,temp_opt,0,0.0,0.411265,0.277683,0.277683,1.0,8
c1_lead_cont_05__c1_temp_opt_07,cross,c1_lead_cont_05,c1_temp_opt_07,lead,block_or_occupancy,lead_cont,temp_opt,0,0.0,0.377626,0.294715,0.294715,1.0,8
c1_lead_cont_05__c1_temp_opt_08,cross,c1_lead_cont_05,c1_temp_opt_08,lead,block_or_occupancy,lead_cont,temp_opt,0,1.0,0.368372,0.236957,0.236957,1.0,8
c1_lead_cont_06__c1_temp_opt_01,cross,c1_lead_cont_06,c1_temp_opt_01,lead,block_or_occupancy,lead_cont,temp_opt,0,2.0,0.374637,0.293178,0.293178,1.0,8
c1_lead_cont_06__c1_temp_opt_02,cross,c1_lead_cont_06,c1_temp_opt_02,lead,block_or_occupancy,lead_cont,temp_opt,0,2.0,0.373661,0.292149,0.292149,1.0,8
c1_lead_cont_06__c1_temp_opt_03,cross,c1_lead_cont_06,c1_temp_opt_03,lead,block_or_occupancy,lead_cont,temp_opt,0,2.0,0.384138,0.296477,0.296477,1.0,8
c1_lead_cont_06__c1_temp_opt_04,cross,c1_lead_cont_06,c1_temp_opt_04,lead,block_or_occupancy,lead_cont,temp_opt,0,1.0,0.372275,0.28865,0.28865,1.0,8
c1_lead_cont_06__c1_temp_opt_05,cross,c1_lead_cont_06,c1_temp_opt_05,lead,block_or_occupancy,lead_cont,temp_opt,0,1.0,0.374363,0.29334,0.29334,1.0,8
c1_lead_cont_06__c1_temp_opt_06,cross,c1_lead_cont_06,c1_temp_opt_06,lead,block_or_occupancy,lead_cont,temp_opt,0,0.0,0.41474,0.279288,0.279288,1.0,8
c1_lead_cont_06__c1_temp_opt_07,cross,c1_lead_cont_06,c1_temp_opt_07,lead,block_or_occupancy,lead_cont,temp_opt,0,0.0,0.374634,0.293116,0.293116,1.0,8
c1_lead_cont_06__c1_temp_opt_08,cross,c1_lead_cont_06,c1_temp_opt_08,lead,block_or_occupancy,lead_cont,temp_opt,0,1.0,0.371497,0.238249,0.238249,1.0,8
c1_lead_cont_07__c1_temp_opt_01,cross,c1_lead_cont_07,c1_temp_opt_01,lead,block_or_occupancy,lead_cont,temp_opt,0,3.0,0.363205,0.300182,0.300182,1.0,8
c1_lead_cont_07__c1_temp_opt_02,cross,c1_lead_cont_07,c1_temp_opt_02,lead,block_or_occupancy,lead_cont,temp_opt,0,3.0,0.351588,0.297143,0.297143,1.0,8
c1_lead_cont_07__c1_temp_opt_03,cross,c1_lead_cont_07,c1_temp_opt_03,lead,block_or_occupancy,lead_cont,temp_opt,0,3.0,0.373152,0.303547,0.303547,1.0,8
c1_lead_cont_07__c1_temp_opt_04,cross,c1_lead_cont_07,c1_temp_opt_04,lead,block_or_occupancy,lead_cont,temp_opt,0,2.0,0.323736,0.282073,0.282073,1.0,8
c1_lead_cont_07__c1_temp_opt_05,cross,c1_lead_cont_07,c1_temp_opt_05,lead,block_or_occupancy,lead_cont,temp_opt,0,2.0,0.362058,0.300195,0.300195,1.0,8
c1_lead_cont_07__c1_temp_opt_06,cross,c1_lead_cont_07,c1_temp_opt_06,lead,block_or_occupancy,lead_cont,temp_opt,0,1.0,0.319645,0.24963,0.24963,1.0,8
c1_lead_cont_07__c1_temp_opt_07,cross,c1_lead_cont_07,c1_temp_opt_07,lead,block_or_occupancy,lead_cont,temp_opt,0,1.0,0.362845,0.300044,0.300044,1.0,8
c1_lead_cont_07__c1_temp_opt_08,cross,c1_lead_cont_07,c1_temp_opt_08,lead,block_or_occupancy,lead_cont,temp_opt,0,0.0,0.307667,0.228399,0.228399,1.0,8
c1_lead_cont_08__c1_temp_opt_01,cross,c1_lead_cont_08,c1_temp_opt_01,lead,block_or_occupancy,lead_cont,temp_opt,0,3.0,0.369758,0.297747,0.297747,1.0,8
c1_lead_cont_08__c1_temp_opt_02,cross,c1_lead_cont_08,c1_temp_opt_02,lead,block_or_occupancy,lead_cont,temp_opt,0,3.0,0.365884,0.296042,0.296042,1.0,8
c1_lead_cont_08__c1_temp_opt_03,cross,c1_lead_cont_08,c1_temp_opt_03,lead,block_or_occupancy,lead_cont,temp_opt,0,3.0,0.379622,0.301099,0.301099,1.0,8
c1_lead_cont_08__c1_temp_opt_04,cross,c1_lead_cont_08,c1_temp_opt_04,lead,block_or_occupancy,lead_cont,temp_opt,0,2.0,0.359353,0.289717,0.289717,1.0,8
c1_lead_cont_08__c1_temp_opt_05,cross,c1_lead_cont_08,c1_temp_opt_05,lead,block_or_occupancy,lead_cont,temp_opt,0,2.0,0.369135,0.29784,0.29784,1.0,8
c1_lead_cont_08__c1_temp_opt_06,cross,c1_lead_cont_08,c1_temp_opt_06,lead,block_or_occupancy,lead_cont,temp_opt,0,1.0,0.397567,0.275446,0.275446,1.0,8
c1_lead_cont_08__c1_temp_opt_07,cross,c1_lead_cont_08,c1_temp_opt_07,lead,block_or_occupancy,lead_cont,temp_opt,0,1.0,0.369635,0.297646,0.297646,1.0,8
c1_lead_cont_08__c1_temp_opt_08,cross,c1_lead_cont_08,c1_temp_opt_08,lead,block_or_occupancy,lead_cont,temp_opt,0,0.0,0.355012,0.238534,0.238534,1.0,8
c1_lead_nec_01__c1_temp_opt_01,cross,c1_lead_nec_01,c1_temp_opt_01,lead,block_or_occupancy,lead_nec,temp_opt,0,0.0,0.042146,0.024207,0.024207,1.0,8
c1_lead_nec_01__c1_temp_opt_02,cross,c1_lead_nec_01,c1_temp_opt_02,lead,block_or_occupancy,lead_nec,temp_opt,0,0.0,0.033801,0.021824,0.021824,1.0,8
c1_lead_nec_01__c1_temp_opt_03,cross,c1_lead_nec_01,c1_temp_opt_03,lead,block_or_occupancy,lead_nec,temp_opt,0,0.0,0.052093,0.027572,0.027572,1.0,8
c1_lead_nec_01__c1_temp_opt_04,cross,c1_lead_nec_01,c1_temp_opt_04,lead,block_or_occupancy,lead_nec,temp_opt,0,1.0,0.019202,0.013374,0.013374,1.0,8
c1_lead_nec_01__c1_temp_opt_05,cross,c1_lead_nec_01,c1_temp_opt_05,lead,block_or_occupancy,lead_nec,temp_opt,0,1.0,0.041234,0.024256,0.024256,1.0,8
c1_lead_nec_01__c1_temp_opt_06,cross,c1_lead_nec_01,c1_temp_opt_06,lead,block_or_occupancy,lead_nec,temp_opt,0,2.0,0.055191,0.06719,0.06719,1.0,8
c1_lead_nec_01__c1_temp_opt_07,cross,c1_lead_nec_01,c1_temp_opt_07,lead,block_or_occupancy,lead_nec,temp_opt,0,2.0,0.041877,0.024084,0.024084,1.0,8
c1_lead_nec_01__c1_temp_opt_08,cross,c1_lead_nec_01,c1_temp_opt_08,lead,block_or_occupancy,lead_nec,temp_opt,0,3.0,0.099569,0.126744,0.126744,1.0,8
c1_lead_nec_02__c1_temp_opt_01,cross,c1_lead_nec_02,c1_temp_opt_01,lead,block_or_occupancy,lead_nec,temp_opt,0,0.0,0.014835,0.009227,0.009227,1.0,8
c1_lead_nec_02__c1_temp_opt_02,cross,c1_lead_nec_02,c1_temp_opt_02,lead,block_or_occupancy,lead_nec,temp_opt,0,0.0,0.017514,0.009333,0.009333,1.0,8
c1_lead_nec_02__c1_temp_opt_03,cross,c1_lead_nec_02,c1_temp_opt_03,lead,block_or_occupancy,lead_nec,temp_opt,0,0.0,0.023588,0.01238,0.01238,1.0,8
c1_lead_nec_02__c1_temp_opt_04,cross,c1_lead_nec_02,c1_temp_opt_04,lead,block_or_occupancy,lead_nec,temp_opt,0,1.0,0.027172,0.01215,0.01215,1.0,8
c1_lead_nec_02__c1_temp_opt_05,cross,c1_lead_nec_02,c1_temp_opt_05,lead,block_or_occupancy,lead_nec,temp_opt,0,1.0,0.015701,0.009615,0.009615,1.0,8
c1_lead_nec_02__c1_temp_opt_06,cross,c1_lead_nec_02,c1_temp_opt_06,lead,block_or_occupancy,lead_nec,temp_opt,0,2.0,0.083697,0.081721,0.081721,1.0,8
c1_lead_nec_02__c1_temp_opt_07,cross,c1_lead_nec_02,c1_temp_opt_07,lead,block_or_occupancy,lead_nec,temp_opt,0,2.0,0.016065,0.009407,0.009407,1.0,8
c1_lead_nec_02__c1_temp_opt_08,cross,c1_lead_nec_02,c1_temp_opt_08,lead,block_or_occupancy,lead_nec,temp_opt,0,3.0,0.124162,0.139219,0.139219,1.0,8
c1_lead_nec_03__c1_temp_opt_01,cross,c1_lead_nec_03,c1_temp_opt_01,lead,block_or_occupancy,lead_nec,temp_opt,0,1.0,0.054058,0.03195,0.03195,1.0,8
c1_lead_nec_03__c1_temp_opt_02,cross,c1_lead_nec_03,c1_temp_opt_02,lead,block_or_occupancy,lead_nec,temp_opt,0,1.0,0.04245,0.02891,0.02891,1.0,8
c1_lead_nec_03__c1_temp_opt_03,cross,c1_lead_nec_03,c1_temp_opt_03,lead,block_or_occupancy,lead_nec,temp_opt,0,1.0,0.064005,0.035315,0.035315,1.0,8
c1_lead_nec_03__c1_temp_opt_04,cross,c1_lead_nec_03,c1_temp_opt_04,lead,block_or_occupancy,lead_nec,temp_opt,0,0.0,0.019824,0.016267,0.016267,1.0,8
c1_lead_nec_03__c1_temp_opt_05,cross,c1_lead_nec_03,c1_temp_opt_05,lead,block_or_occupancy,lead_nec,temp_opt,0,0.0,0.052911,0.031963,0.031963,1.0,8
c1_lead_nec_03__c1_temp_opt_06,cross,c1_lead_nec_03,c1_temp_opt_06,lead,block_or_occupancy,lead_nec,temp_opt,0,1.0,0.043279,0.060268,0.060268,1.0,8
c1_lead_nec_03__c1_temp_opt_07,cross,c1_lead_nec_03,c1_temp_opt_07,lead,block_or_occupancy,lead_nec,temp_opt,0,1.0,0.053698,0.031812,0.031812,1.0,8
c1_lead_nec_03__c1_temp_opt_08,cross,c1_lead_nec_03,c1_temp_opt_08,lead,block_or_occupancy,lead_nec,temp_opt,0,2.0,0.091369,0.121312,0.121312,1.0,8
c1_lead_nec_04__c1_temp_opt_01,cross,c1_lead_nec_04,c1_temp_opt_01,lead,block_or_occupancy,lead_nec,temp_opt,0,1.0,0.023209,0.014417,0.014417,1.0,8
c1_lead_nec_04__c1_temp_opt_02,cross,c1_lead_nec_04,c1_temp_opt_02,lead,block_or_occupancy,lead_nec,temp_opt,0,1.0,0.022554,0.01364,0.01364,1.0,8
c1_lead_nec_04__c1_temp_opt_03,cross,c1_lead_nec_04,c1_temp_opt_03,lead,block_or_occupancy,lead_nec,temp_opt,0,1.0,0.03271,0.017716,0.017716,1.0,8
c1_lead_nec_04__c1_temp_opt_04,cross,c1_lead_nec_04,c1_temp_opt_04,lead,block_or_occupancy,lead_nec,temp_opt,0,0.0,0.022472,0.01172,0.01172,1.0,8
c1_lead_nec_04__c1_temp_opt_05,cross,c1_lead_nec_04,c1_temp_opt_05,lead,block_or_occupancy,lead_nec,temp_opt,0,0.0,0.023054,0.014613,0.014613,1.0,8
c1_lead_nec_04__c1_temp_opt_06,cross,c1_lead_nec_04,c1_temp_opt_06,lead,block_or_occupancy,lead_nec,temp_opt,0,1.0,0.074575,0.076441,0.076441,1.0,8
c1_lead_nec_04__c1_temp_opt_07,cross,c1_lead_nec_04,c1_temp_opt_07,lead,block_or_occupancy,lead_nec,temp_opt,0,1.0,0.023299,0.014384,0.014384,1.0,8
c1_lead_nec_04__c1_temp_opt_08,cross,c1_lead_nec_04,c1_temp_opt_08,lead,block_or_occupancy,lead_nec,temp_opt,0,2.0,0.115306,0.134315,0.134315,1.0,8
c1_lead_nec_05__c1_temp_opt_01,cross,c1_lead_nec_05,c1_temp_opt_01,lead,block_or_occupancy,lead_nec,temp_opt,0,2.0,0.027748,0.017797,0.017797,1.0,8
c1_lead_nec_05__c1_temp_opt_02,cross,c1_lead_nec_05,c1_temp_opt_02,lead,block_or_occupancy,lead_nec,temp_opt,0,2.0,0.024646,0.016414,0.016414,1.0,8
c1_lead_nec_05__c1_temp_opt_03,cross,c1_lead_nec_05,c1_temp_opt_03,lead,block_or_occupancy,lead_nec,temp_opt,0,2.0,0.037612,0.02115,0.02115,1.0,8
c1_lead_nec_05__c1_temp_opt_04,cross,c1_lead_nec_05,c1_temp_opt_04,lead,block_or_occupancy,lead_nec,temp_opt,0,1.0,0.020733,0.012131,0.012131,1.0,8
c1_lead_nec_05__c1_temp_opt_05,cross,c1_lead_nec_05,c1_temp_opt_05,lead,block_or_occupancy,lead_nec,temp_opt,0,1.0,0.027126,0.017906,0.017906,1.0,8
c1_lead_nec_05__c1_temp_opt_06,cross,c1_lead_nec_05,c1_temp_opt_06,lead,block_or_occupancy,lead_nec,temp_opt,0,0.0,0.069672,0.073072,0.073072,1.0,8
c1_lead_nec_05__c1_temp_opt_07,cross,c1_lead_nec_05,c1_temp_opt_07,lead,block_or_occupancy,lead_nec,temp_opt,0,0.0,0.027626,0.017713,0.017713,1.0,8
c1_lead_nec_05__c1_temp_opt_08,cross,c1_lead_nec_05,c1_temp_opt_08,lead,block_or_occupancy,lead_nec,temp_opt,0,1.0,0.110873,0.131485,0.131485,1.0,8
c1_lead_nec_06__c1_temp_opt_01,cross,c1_lead_nec_06,c1_temp_opt_01,lead,block_or_occupancy,lead_nec,temp_opt,0,2.0,0.024637,0.016176,0.016176,1.0,8
c1_lead_nec_06__c1_temp_opt_02,cross,c1_lead_nec_06,c1_temp_opt_02,lead,block_or_occupancy,lead_nec,temp_opt,0,2.0,0.023661,0.015147,0.015147,1.0,8
c1_lead_nec_06__c1_temp_opt_03,cross,c1_lead_nec_06,c1_temp_opt_03,lead,block_or_occupancy,lead_nec,temp_opt,0,2.0,0.034138,0.019476,0.019476,1.0,8
c1_lead_nec_06__c1_temp_opt_04,cross,c1_lead_nec_06,c1_temp_opt_04,lead,block_or_occupancy,lead_nec,temp_opt,0,1.0,0.022275,0.01198,0.01198,1.0,8
c1_lead_nec_06__c1_temp_opt_05,cross,c1_lead_nec_06,c1_temp_opt_05,lead,block_or_occupancy,lead_nec,temp_opt,0,1.0,0.024363,0.016339,0.016339,1.0,8
c1_lead_nec_06__c1_temp_opt_06,cross,c1_lead_nec_06,c1_temp_opt_06,lead,block_or_occupancy,lead_nec,temp_opt,0,0.0,0.073147,0.074677,0.074677,1.0,8
c1_lead_nec_06__c1_temp_opt_07,cross,c1_lead_nec_06,c1_temp_opt_07,lead,block_or_occupancy,lead_nec,temp_opt,0,0.0,0.024634,0.016114,0.016114,1.0,8
c1_lead_nec_06__c1_temp_opt_08,cross,c1_lead_nec_06,c1_temp_opt_08,lead,block_or_occupancy,lead_nec,temp_opt,0,1.0,0.113998,0.132778,0.132778,1.0,8
c1_lead_nec_07__c1_temp_opt_01,cross,c1_lead_nec_07,c1_temp_opt_01,lead,block_or_occupancy,lead_nec,temp_opt,0,3.0,0.066255,0.047257,0.047257,1.0,8
c1_lead_nec_07__c1_temp_opt_02,cross,c1_lead_nec_07,c1_temp_opt_02,lead,block_or_occupancy,lead_nec,temp_opt,0,3.0,0.054638,0.044217,0.044217,1.0,8
c1_lead_nec_07__c1_temp_opt_03,cross,c1_lead_nec_07,c1_temp_opt_03,lead,block_or_occupancy,lead_nec,temp_opt,0,3.0,0.076202,0.050622,0.050622,1.0,8
c1_lead_nec_07__c1_temp_opt_04,cross,c1_lead_nec_07,c1_temp_opt_04,lead,block_or_occupancy,lead_nec,temp_opt,0,2.0,0.026786,0.029147,0.029147,1.0,8
c1_lead_nec_07__c1_temp_opt_05,cross,c1_lead_nec_07,c1_temp_opt_05,lead,block_or_occupancy,lead_nec,temp_opt,0,2.0,0.065108,0.04727,0.04727,1.0,8
c1_lead_nec_07__c1_temp_opt_06,cross,c1_lead_nec_07,c1_temp_opt_06,lead,block_or_occupancy,lead_nec,temp_opt,0,1.0,0.031102,0.047205,0.047205,1.0,8
c1_lead_nec_07__c1_temp_opt_07,cross,c1_lead_nec_07,c1_temp_opt_07,lead,block_or_occupancy,lead_nec,temp_opt,0,1.0,0.065896,0.047119,0.047119,1.0,8
c1_lead_nec_07__c1_temp_opt_08,cross,c1_lead_nec_07,c1_temp_opt_08,lead,block_or_occupancy,lead_nec,temp_opt,0,0.0,0.083194,0.109904,0.109904,1.0,8
c1_lead_nec_08__c1_temp_opt_01,cross,c1_lead_nec_08,c1_temp_opt_01,lead,block_or_occupancy,lead_nec,temp_opt,0,3.0,0.030602,0.020498,0.020498,1.0,8
c1_lead_nec_08__c1_temp_opt_02,cross,c1_lead_nec_08,c1_temp_opt_02,lead,block_or_occupancy,lead_nec,temp_opt,0,3.0,0.026728,0.018793,0.018793,1.0,8
c1_lead_nec_08__c1_temp_opt_03,cross,c1_lead_nec_08,c1_temp_opt_03,lead,block_or_occupancy,lead_nec,temp_opt,0,3.0,0.040466,0.02385,0.02385,1.0,8
c1_lead_nec_08__c1_temp_opt_04,cross,c1_lead_nec_08,c1_temp_opt_04,lead,block_or_occupancy,lead_nec,temp_opt,0,2.0,0.020197,0.0128,0.0128,1.0,8
c1_lead_nec_08__c1_temp_opt_05,cross,c1_lead_nec_08,c1_temp_opt_05,lead,block_or_occupancy,lead_nec,temp_opt,0,2.0,0.02998,0.020591,0.020591,1.0,8
c1_lead_nec_08__c1_temp_opt_06,cross,c1_lead_nec_08,c1_temp_opt_06,lead,block_or_occupancy,lead_nec,temp_opt,0,1.0,0.066818,0.070588,0.070588,1.0,8
c1_lead_nec_08__c1_temp_opt_07,cross,c1_lead_nec_08,c1_temp_opt_07,lead,block_or_occupancy,lead_nec,temp_opt,0,1.0,0.03048,0.020397,0.020397,1.0,8
c1_lead_nec_08__c1_temp_opt_08,cross,c1_lead_nec_08,c1_temp_opt_08,lead,block_or_occupancy,lead_nec,temp_opt,0,0.0,0.108358,0.12957,0.12957,1.0,8
c1_lead_opt_01__c1_temp_opt_01,cross,c1_lead_opt_01,c1_temp_opt_01,lead,block_or_occupancy,lead_opt,temp_opt,0,0.0,0.024302,0.012518,0.012518,1.0,8
c1_lead_opt_01__c1_temp_opt_02,cross,c1_lead_opt_01,c1_temp_opt_02,lead,block_or_occupancy,lead_opt,temp_opt,0,0.0,0.018472,0.010603,0.010603,1.0,8
c1_lead_opt_01__c1_temp_opt_03,cross,c1_lead_opt_01,c1_temp_opt_03,lead,block_or_occupancy,lead_opt,temp_opt,0,0.0,0.034249,0.015883,0.015883,1.0,8
c1_lead_opt_01__c1_temp_opt_04,cross,c1_lead_opt_01,c1_temp_opt_04,lead,block_or_occupancy,lead_opt,temp_opt,0,1.0,0.017752,0.008912,0.008912,1.0,8
c1_lead_opt_01__c1_temp_opt_05,cross,c1_lead_opt_01,c1_temp_opt_05,lead,block_or_occupancy,lead_opt,temp_opt,0,1.0,0.023389,0.012568,0.012568,1.0,8
c1_lead_opt_01__c1_temp_opt_06,cross,c1_lead_opt_01,c1_temp_opt_06,lead,block_or_occupancy,lead_opt,temp_opt,0,2.0,0.073036,0.078218,0.078218,1.0,8
c1_lead_opt_01__c1_temp_opt_07,cross,c1_lead_opt_01,c1_temp_opt_07,lead,block_or_occupancy,lead_opt,temp_opt,0,2.0,0.024032,0.012395,0.012395,1.0,8
c1_lead_opt_01__c1_temp_opt_08,cross,c1_lead_opt_01,c1_temp_opt_08,lead,block_or_occupancy,lead_opt,temp_opt,0,3.0,0.113501,0.135705,0.135705,1.0,8
c1_lead_opt_02__c1_temp_opt_01,cross,c1_lead_opt_02,c1_temp_opt_01,lead,block_or_occupancy,lead_opt,temp_opt,0,0.0,0.015358,0.007983,0.007983,1.0,8
c1_lead_opt_02__c1_temp_opt_02,cross,c1_lead_opt_02,c1_temp_opt_02,lead,block_or_occupancy,lead_opt,temp_opt,0,0.0,0.014148,0.007094,0.007094,1.0,8
c1_lead_opt_02__c1_temp_opt_03,cross,c1_lead_opt_02,c1_temp_opt_03,lead,block_or_occupancy,lead_opt,temp_opt,0,0.0,0.025222,0.011335,0.011335,1.0,8
c1_lead_opt_02__c1_temp_opt_04,cross,c1_lead_opt_02,c1_temp_opt_04,lead,block_or_occupancy,lead_opt,temp_opt,0,1.0,0.024291,0.010671,0.010671,1.0,8
c1_lead_opt_02__c1_temp_opt_05,cross,c1_lead_opt_02,c1_temp_opt_05,lead,block_or_occupancy,lead_opt,temp_opt,0,1.0,0.014793,0.008104,0.008104,1.0,8
c1_lead_opt_02__c1_temp_opt_06,cross,c1_lead_opt_02,c1_temp_opt_06,lead,block_or_occupancy,lead_opt,temp_opt,0,2.0,0.082062,0.082766,0.082766,1.0,8
c1_lead_opt_02__c1_temp_opt_07,cross,c1_lead_opt_02,c1_temp_opt_07,lead,block_or_occupancy,lead_opt,temp_opt,0,2.0,0.015257,0.007906,0.007906,1.0,8
c1_lead_opt_02__c1_temp_opt_08,cross,c1_lead_opt_02,c1_temp_opt_08,lead,block_or_occupancy,lead_opt,temp_opt,0,3.0,0.122527,0.140059,0.140059,1.0,8
c1_lead_opt_03__c1_temp_opt_01,cross,c1_lead_opt_03,c1_temp_opt_01,lead,block_or_occupancy,lead_opt,temp_opt,0,1.0,0.02036,0.010704,0.010704,1.0,8
c1_lead_opt_03__c1_temp_opt_02,cross,c1_lead_opt_03,c1_temp_opt_02,lead,block_or_occupancy,lead_opt,temp_opt,0,1.0,0.015649,0.008926,0.008926,1.0,8
c1_lead_opt_03__c1_temp_opt_03,cross,c1_lead_opt_03,c1_temp_opt_03,lead,block_or_occupancy,lead_opt,temp_opt,0,1.0,0.030307,0.014069,0.014069,1.0,8
c1_lead_opt_03__c1_temp_opt_04,cross,c1_lead_opt_03,c1_temp_opt_04,lead,block_or_occupancy,lead_opt,temp_opt,0,0.0,0.019961,0.009081,0.009081,1.0,8
c1_lead_opt_03__c1_temp_opt_05,cross,c1_lead_opt_03,c1_temp_opt_05,lead,block_or_occupancy,lead_opt,temp_opt,0,0.0,0.019448,0.010753,0.010753,1.0,8
c1_lead_opt_03__c1_temp_opt_06,cross,c1_lead_opt_03,c1_temp_opt_06,lead,block_or_occupancy,lead_opt,temp_opt,0,1.0,0.076977,0.080032,0.080032,1.0,8
c1_lead_opt_03__c1_temp_opt_07,cross,c1_lead_opt_03,c1_temp_opt_07,lead,block_or_occupancy,lead_opt,temp_opt,0,1.0,0.020091,0.010581,0.010581,1.0,8
c1_lead_opt_03__c1_temp_opt_08,cross,c1_lead_opt_03,c1_temp_opt_08,lead,block_or_occupancy,lead_opt,temp_opt,0,2.0,0.117442,0.137326,0.137326,1.0,8
c1_lead_opt_04__c1_temp_opt_01,cross,c1_lead_opt_04,c1_temp_opt_01,lead,block_or_occupancy,lead_opt,temp_opt,0,1.0,0.037292,0.020181,0.020181,1.0,8
c1_lead_opt_04__c1_temp_opt_02,cross,c1_lead_opt_04,c1_temp_opt_02,lead,block_or_occupancy,lead_opt,temp_opt,0,1.0,0.026967,0.017262,0.017262,1.0,8
c1_lead_opt_04__c1_temp_opt_03,cross,c1_lead_opt_04,c1_temp_opt_03,lead,block_or_occupancy,lead_opt,temp_opt,0,1.0,0.047239,0.023546,0.023546,1.0,8
c1_lead_opt_04__c1_temp_opt_04,cross,c1_lead_opt_04,c1_temp_opt_04,lead,block_or_occupancy,lead_opt,temp_opt,0,0.0,0.013495,0.009111,0.009111,1.0,8
c1_lead_opt_04__c1_temp_opt_05,cross,c1_lead_opt_04,c1_temp_opt_05,lead,block_or_occupancy,lead_opt,temp_opt,0,0.0,0.036144,0.020194,0.020194,1.0,8
c1_lead_opt_04__c1_temp_opt_06,cross,c1_lead_opt_04,c1_temp_opt_06,lead,block_or_occupancy,lead_opt,temp_opt,0,1.0,0.060046,0.070682,0.070682,1.0,8
c1_lead_opt_04__c1_temp_opt_07,cross,c1_lead_opt_04,c1_temp_opt_07,lead,block_or_occupancy,lead_opt,temp_opt,0,1.0,0.036932,0.020044,0.020044,1.0,8
c1_lead_opt_04__c1_temp_opt_08,cross,c1_lead_opt_04,c1_temp_opt_08,lead,block_or_occupancy,lead_opt,temp_opt,0,2.0,0.101146,0.128753,0.128753,1.0,8
c1_lead_opt_05__c1_temp_opt_01,cross,c1_lead_opt_05,c1_temp_opt_01,lead,block_or_occupancy,lead_opt,temp_opt,0,2.0,0.038405,0.02137,0.02137,1.0,8
c1_lead_opt_05__c1_temp_opt_02,cross,c1_lead_opt_05,c1_temp_opt_02,lead,block_or_occupancy,lead_opt,temp_opt,0,2.0,0.027708,0.018356,0.018356,1.0,8
c1_lead_opt_05__c1_temp_opt_03,cross,c1_lead_opt_05,c1_temp_opt_03,lead,block_or_occupancy,lead_opt,temp_opt,0,2.0,0.048352,0.024734,0.024734,1.0,8
c1_lead_opt_05__c1_temp_opt_04,cross,c1_lead_opt_05,c1_temp_opt_04,lead,block_or_occupancy,lead_opt,temp_opt,0,1.0,0.010938,0.007911,0.007911,1.0,8
c1_lead_opt_05__c1_temp_opt_05,cross,c1_lead_opt_05,c1_temp_opt_05,lead,block_or_occupancy,lead_opt,temp_opt,0,1.0,0.037258,0.021382,0.021382,1.0,8
c1_lead_opt_05__c1_temp_opt_06,cross,c1_lead_opt_05,c1_temp_opt_06,lead,block_or_occupancy,lead_opt,temp_opt,0,0.0,0.058932,0.069367,0.069367,1.0,8
c1_lead_opt_05__c1_temp_opt_07,cross,c1_lead_opt_05,c1_temp_opt_07,lead,block_or_occupancy,lead_opt,temp_opt,0,0.0,0.038045,0.021232,0.021232,1.0,8
c1_lead_opt_05__c1_temp_opt_08,cross,c1_lead_opt_05,c1_temp_opt_08,lead,block_or_occupancy,lead_opt,temp_opt,0,1.0,0.09968,0.127175,0.127175,1.0,8
c1_lead_opt_06__c1_temp_opt_01,cross,c1_lead_opt_06,c1_temp_opt_01,lead,block_or_occupancy,lead_opt,temp_opt,0,2.0,0.048698,0.028217,0.028217,1.0,8
c1_lead_opt_06__c1_temp_opt_02,cross,c1_lead_opt_06,c1_temp_opt_02,lead,block_or_occupancy,lead_opt,temp_opt,0,2.0,0.037152,0.025177,0.025177,1.0,8
c1_lead_opt_06__c1_temp_opt_03,cross,c1_lead_opt_06,c1_temp_opt_03,lead,block_or_occupancy,lead_opt,temp_opt,0,2.0,0.058645,0.031581,0.031581,1.0,8
c1_lead_opt_06__c1_temp_opt_04,cross,c1_lead_opt_06,c1_temp_opt_04,lead,block_or_occupancy,lead_opt,temp_opt,0,1.0,0.012742,0.011208,0.011208,1.0,8
c1_lead_opt_06__c1_temp_opt_05,cross,c1_lead_opt_06,c1_temp_opt_05,lead,block_or_occupancy,lead_opt,temp_opt,0,1.0,0.047551,0.02823,0.02823,1.0,8
c1_lead_opt_06__c1_temp_opt_06,cross,c1_lead_opt_06,c1_temp_opt_06,lead,block_or_occupancy,lead_opt,temp_opt,0,0.0,0.048639,0.062755,0.062755,1.0,8
c1_lead_opt_06__c1_temp_opt_07,cross,c1_lead_opt_06,c1_temp_opt_07,lead,block_or_occupancy,lead_opt,temp_opt,0,0.0,0.048338,0.028079,0.028079,1.0,8
c1_lead_opt_06__c1_temp_opt_08,cross,c1_lead_opt_06,c1_temp_opt_08,lead,block_or_occupancy,lead_opt,temp_opt,0,1.0,0.091091,0.121687,0.121687,1.0,8
c1_lead_opt_07__c1_temp_opt_01,cross,c1_lead_opt_07,c1_temp_opt_01,lead,block_or_occupancy,lead_opt,temp_opt,0,3.0,0.061251,0.056719,0.056719,1.0,8
c1_lead_opt_07__c1_temp_opt_02,cross,c1_lead_opt_07,c1_temp_opt_02,lead,block_or_occupancy,lead_opt,temp_opt,0,3.0,0.049634,0.05368,0.05368,1.0,8
c1_lead_opt_07__c1_temp_opt_03,cross,c1_lead_opt_07,c1_temp_opt_03,lead,block_or_occupancy,lead_opt,temp_opt,0,3.0,0.071198,0.060084,0.060084,1.0,8
c1_lead_opt_07__c1_temp_opt_04,cross,c1_lead_opt_07,c1_temp_opt_04,lead,block_or_occupancy,lead_opt,temp_opt,0,2.0,0.021861,0.03861,0.03861,1.0,8
c1_lead_opt_07__c1_temp_opt_05,cross,c1_lead_opt_07,c1_temp_opt_05,lead,block_or_occupancy,lead_opt,temp_opt,0,2.0,0.060104,0.056732,0.056732,1.0,8
c1_lead_opt_07__c1_temp_opt_06,cross,c1_lead_opt_07,c1_temp_opt_06,lead,block_or_occupancy,lead_opt,temp_opt,0,1.0,0.036086,0.034791,0.034791,1.0,8
c1_lead_opt_07__c1_temp_opt_07,cross,c1_lead_opt_07,c1_temp_opt_07,lead,block_or_occupancy,lead_opt,temp_opt,0,1.0,0.060892,0.056582,0.056582,1.0,8
c1_lead_opt_07__c1_temp_opt_08,cross,c1_lead_opt_07,c1_temp_opt_08,lead,block_or_occupancy,lead_opt,temp_opt,0,0.0,0.079919,0.094945,0.094945,1.0,8
c1_lead_opt_08__c1_temp_opt_01,cross,c1_lead_opt_08,c1_temp_opt_01,lead,block_or_occupancy,lead_opt,temp_opt,0,3.0,0.039214,0.028886,0.028886,1.0,8
c1_lead_opt_08__c1_temp_opt_02,cross,c1_lead_opt_08,c1_temp_opt_02,lead,block_or_occupancy,lead_opt,temp_opt,0,3.0,0.028446,0.025846,0.025846,1.0,8
c1_lead_opt_08__c1_temp_opt_03,cross,c1_lead_opt_08,c1_temp_opt_03,lead,block_or_occupancy,lead_opt,temp_opt,0,3.0,0.049161,0.032251,0.032251,1.0,8
c1_lead_opt_08__c1_temp_opt_04,cross,c1_lead_opt_08,c1_temp_opt_04,lead,block_or_occupancy,lead_opt,temp_opt,0,2.0,0.011885,0.013735,0.013735,1.0,8
c1_lead_opt_08__c1_temp_opt_05,cross,c1_lead_opt_08,c1_temp_opt_05,lead,block_or_occupancy,lead_opt,temp_opt,0,2.0,0.038067,0.028899,0.028899,1.0,8
c1_lead_opt_08__c1_temp_opt_06,cross,c1_lead_opt_08,c1_temp_opt_06,lead,block_or_occupancy,lead_opt,temp_opt,0,1.0,0.058123,0.061894,0.061894,1.0,8
c1_lead_opt_08__c1_temp_opt_07,cross,c1_lead_opt_08,c1_temp_opt_07,lead,block_or_occupancy,lead_opt,temp_opt,0,1.0,0.038854,0.028748,0.028748,1.0,8
c1_lead_opt_08__c1_temp_opt_08,cross,c1_lead_opt_08,c1_temp_opt_08,lead,block_or_occupancy,lead_opt,temp_opt,0,0.0,0.09871,0.119767,0.119767,1.0,8
