cross_pair,d0_cross,d0_same,abs_diff
block_cont_r1__cross_clear_r1,0.352591,0.352595,4e-06
block_cont_r1__cross_clear_r10,0.126214,0.126456,0.000242
block_cont_r1__cross_clear_r11,0.371948,0.371988,4e-05
block_cont_r1__cross_clear_r12,0.229241,0.228355,0.000886
block_cont_r1__cross_clear_r2,0.312361,0.312355,6e-06
block_cont_r1__cross_clear_r3,0.397838,0.397989,0.000151
block_cont_r1__cross_clear_r4,0.355275,0.355347,7.2e-05
block_cont_r1__cross_clear_r5,0.316002,0.315958,4.4e-05
block_cont_r1__cross_clear_r6,0.223977,0.223719,0.000258
block_cont_r1__cross_clear_r7,0.371434,0.371215,0.000219
block_cont_r1__cross_clear_r8,0.305332,0.305561,0.000229
block_cont_r1__cross_clear_r9,0.291534,0.291448,8.6e-05
block_cont_r1__cross_stall_occ_r1,0.053997,0.054001,4e-06
block_cont_r1__cross_stall_occ_r10,0.101238,0.101055,0.000183
block_cont_r1__cross_stall_occ_r11,0.038336,0.038336,0.0
block_cont_r1__cross_stall_occ_r12,0.067498,0.06748,1.8e-05
block_cont_r1__cross_stall_occ_r2,0.067803,0.067834,3.1e-05
block_cont_r1__cross_stall_occ_r3,0.089732,0.089496,0.000236
block_cont_r1__cross_stall_occ_r4,0.12047,0.119695,0.000775
block_cont_r1__cross_stall_occ_r5,0.057092,0.056998,9.4e-05
block_cont_r1__cross_stall_occ_r6,0.068568,0.068504,6.4e-05
block_cont_r1__cross_stall_occ_r7,0.057968,0.05801,4.2e-05
block_cont_r1__cross_stall_occ_r8,0.064372,0.064357,1.5e-05
block_cont_r1__cross_stall_occ_r9,0.073841,0.073855,1.4e-05
block_cont_r1__cross_stall_r1,0.365982,0.365795,0.000187
block_cont_r1__cross_stall_r10,0.361347,0.361418,7.1e-05
block_cont_r1__cross_stall_r11,0.335235,0.335212,2.3e-05
block_cont_r1__cross_stall_r12,0.354635,0.354625,1e-05
block_cont_r1__cross_stall_r2,0.37603,0.375955,7.5e-05
block_cont_r1__cross_stall_r3,0.351861,0.351776,8.5e-05
block_cont_r1__cross_stall_r4,0.365048,0.365059,1.1e-05
block_cont_r1__cross_stall_r5,0.32556,0.325545,1.5e-05
block_cont_r1__cross_stall_r6,0.358581,0.358575,6e-06
block_cont_r1__cross_stall_r7,0.361691,0.361712,2.1e-05
block_cont_r1__cross_stall_r8,0.372361,0.37231,5.1e-05
block_cont_r1__cross_stall_r9,0.349758,0.349829,7.1e-05
block_cont_r1__lead_cont_r1,0.06674,0.066734,6e-06
block_cont_r1__lead_cont_r10,0.116763,0.11593,0.000833
block_cont_r1__lead_cont_r11,0.11807,0.118495,0.000425
block_cont_r1__lead_cont_r12,0.101078,0.101055,2.3e-05
block_cont_r1__lead_cont_r2,0.090803,0.090856,5.3e-05
block_cont_r1__lead_cont_r3,0.119908,0.119695,0.000213
block_cont_r1__lead_cont_r4,0.142259,0.142029,0.00023
block_cont_r1__lead_cont_r5,0.099299,0.099543,0.000244
block_cont_r1__lead_cont_r6,0.116561,0.11593,0.000631
block_cont_r1__lead_cont_r7,0.101252,0.101055,0.000197
block_cont_r1__lead_cont_r8,0.116217,0.11593,0.000287
block_cont_r1__lead_cont_r9,0.110683,0.110548,0.000135
block_cont_r1__lead_nec_r1,0.383887,0.383724,0.000163
block_cont_r1__lead_nec_r10,0.392074,0.392251,0.000177
block_cont_r1__lead_nec_r11,0.388285,0.388017,0.000268
block_cont_r1__lead_nec_r12,0.405753,0.405467,0.000286
block_cont_r1__lead_nec_r2,0.407956,0.407802,0.000154
block_cont_r1__lead_nec_r3,0.390131,0.391344,0.001213
block_cont_r1__lead_nec_r4,0.403396,0.403661,0.000265
block_cont_r1__lead_nec_r5,0.388242,0.388017,0.000225
block_cont_r1__lead_nec_r6,0.409285,0.409041,0.000244
block_cont_r1__lead_nec_r7,0.405926,0.405467,0.000459
block_cont_r1__lead_nec_r8,0.391482,0.391344,0.000138
block_cont_r1__lead_nec_r9,0.396831,0.396517,0.000314
block_cont_r1__lead_opt_r1,0.397059,0.397414,0.000355
block_cont_r1__lead_opt_r10,0.383765,0.383724,4.1e-05
block_cont_r1__lead_opt_r11,0.423447,0.422555,0.000892
block_cont_r1__lead_opt_r12,0.41142,0.412135,0.000715
block_cont_r1__lead_opt_r2,0.413554,0.413332,0.000222
block_cont_r1__lead_opt_r3,0.386582,0.388017,0.001435
block_cont_r1__lead_opt_r4,0.411287,0.412135,0.000848
block_cont_r1__lead_opt_r5,0.381786,0.381542,0.000244
block_cont_r1__lead_opt_r6,0.393853,0.393452,0.000401
block_cont_r1__lead_opt_r7,0.383803,0.383724,7.9e-05
block_cont_r1__lead_opt_r8,0.372202,0.372161,4.1e-05
block_cont_r1__lead_opt_r9,0.381889,0.381542,0.000347
block_cont_r10__cross_clear_r1,0.314917,0.314841,7.6e-05
block_cont_r10__cross_clear_r10,0.132323,0.132301,2.2e-05
block_cont_r10__cross_clear_r11,0.320498,0.320519,2.1e-05
block_cont_r10__cross_clear_r12,0.182038,0.18213,9.2e-05
block_cont_r10__cross_clear_r2,0.282317,0.282836,0.000519
block_cont_r10__cross_clear_r3,0.361841,0.361879,3.8e-05
block_cont_r10__cross_clear_r4,0.319279,0.319241,3.8e-05
block_cont_r10__cross_clear_r5,0.27836,0.278033,0.000327
block_cont_r10__cross_clear_r6,0.166282,0.166277,5e-06
block_cont_r10__cross_clear_r7,0.335437,0.335385,5.2e-05
block_cont_r10__cross_clear_r8,0.269336,0.269938,0.000602
block_cont_r10__cross_clear_r9,0.254429,0.254676,0.000247
block_cont_r10__cross_stall_occ_r1,0.071482,0.071487,5e-06
block_cont_r10__cross_stall_occ_r10,0.035543,0.035505,3.8e-05
block_cont_r10__cross_stall_occ_r11,0.044876,0.044876,0.0
block_cont_r10__cross_stall_occ_r12,0.065438,0.065298,0.00014
block_cont_r10__cross_stall_occ_r2,0.085288,0.085051,0.000237
block_cont_r10__cross_stall_occ_r3,0.024037,0.024037,0.0
block_cont_r10__cross_stall_occ_r4,0.059801,0.059787,1.4e-05
block_cont_r10__cross_stall_occ_r5,0.053376,0.053168,0.000208
block_cont_r10__cross_stall_occ_r6,0.064782,0.064759,2.3e-05
block_cont_r10__cross_stall_occ_r7,0.071312,0.071361,4.9e-05
block_cont_r10__cross_stall_occ_r8,0.081857,0.082,0.000143
block_cont_r10__cross_stall_occ_r9,0.031779,0.031768,1.1e-05
block_cont_r10__cross_stall_r1,0.329986,0.329919,6.7e-05
block_cont_r10__cross_stall_r10,0.32535,0.325303,4.7e-05
block_cont_r10__cross_stall_r11,0.313174,0.313354,0.00018
block_cont_r10__cross_stall_r12,0.318639,0.31863,9e-06
block_cont_r10__cross_stall_r2,0.340033,0.340062,2.9e-05
block_cont_r10__cross_stall_r3,0.315864,0.315848,1.6e-05
block_cont_r10__cross_stall_r4,0.329051,0.32914,8.9e-05
block_cont_r10__cross_stall_r5,0.294619,0.294804,0.000185
block_cont_r10__cross_stall_r6,0.322585,0.32261,2.5e-05
block_cont_r10__cross_stall_r7,0.325695,0.325694,1e-06
block_cont_r10__cross_stall_r8,0.336365,0.336231,0.000134
block_cont_r10__cross_stall_r9,0.313761,0.313744,1.7e-05
block_cont_r10__lead_cont_r1,0.084225,0.084231,6e-06
block_cont_r10__lead_cont_r10,0.095223,0.095178,4.5e-05
block_cont_r10__lead_cont_r11,0.052375,0.052357,1.8e-05
block_cont_r10__lead_cont_r12,0.104302,0.104363,6.1e-05
block_cont_r10__lead_cont_r2,0.108288,0.107962,0.000326
block_cont_r10__lead_cont_r3,0.054213,0.054207,6e-06
block_cont_r10__lead_cont_r4,0.077825,0.077676,0.000149
block_cont_r10__lead_cont_r5,0.097692,0.0975,0.000192
block_cont_r10__lead_cont_r6,0.118738,0.118656,8.2e-05
block_cont_r10__lead_cont_r7,0.104475,0.104363,0.000112
block_cont_r10__lead_cont_r8,0.094677,0.094653,2.4e-05
block_cont_r10__lead_cont_r9,0.084985,0.085051,6.6e-05
block_cont_r10__lead_nec_r1,0.347891,0.348197,0.000306
block_cont_r10__lead_nec_r10,0.356077,0.356102,2.5e-05
block_cont_r10__lead_nec_r11,0.352289,0.352595,0.000306
block_cont_r10__lead_nec_r12,0.369756,0.369377,0.000379
block_cont_r10__lead_nec_r2,0.37196,0.371988,2.8e-05
block_cont_r10__lead_nec_r3,0.354134,0.354037,9.7e-05
block_cont_r10__lead_nec_r4,0.367399,0.367468,6.9e-05
block_cont_r10__lead_nec_r5,0.352246,0.351952,0.000294
block_cont_r10__lead_nec_r6,0.373288,0.373275,1.3e-05
block_cont_r10__lead_nec_r7,0.369929,0.370182,0.000253
block_cont_r10__lead_nec_r8,0.355485,0.355471,1.4e-05
block_cont_r10__lead_nec_r9,0.360834,0.360787,4.7e-05
block_cont_r10__lead_opt_r1,0.361063,0.361131,6.8e-05
block_cont_r10__lead_opt_r10,0.347768,0.347515,0.000253
block_cont_r10__lead_opt_r11,0.387451,0.388017,0.000566
block_cont_r10__lead_opt_r12,0.375423,0.375294,0.000129
block_cont_r10__lead_opt_r2,0.377557,0.37773,0.000173
block_cont_r10__lead_opt_r3,0.350586,0.350628,4.2e-05
block_cont_r10__lead_opt_r4,0.375291,0.375294,3e-06
block_cont_r10__lead_opt_r5,0.345789,0.345767,2.2e-05
block_cont_r10__lead_opt_r6,0.357857,0.357806,5.1e-05
block_cont_r10__lead_opt_r7,0.347806,0.347515,0.000291
block_cont_r10__lead_opt_r8,0.336206,0.336231,2.5e-05
block_cont_r10__lead_opt_r9,0.345892,0.345942,5e-05
block_cont_r11__cross_clear_r1,0.363368,0.363392,2.4e-05
block_cont_r11__cross_clear_r10,0.122834,0.122683,0.000151
block_cont_r11__cross_clear_r11,0.381702,0.381542,0.00016
block_cont_r11__cross_clear_r12,0.240071,0.239944,0.000127
block_cont_r11__cross_clear_r2,0.323372,0.323351,2.1e-05
block_cont_r11__cross_clear_r3,0.408848,0.408999,0.000151
block_cont_r11__cross_clear_r4,0.366286,0.365795,0.000491
block_cont_r11__cross_clear_r5,0.324443,0.324432,1.1e-05
block_cont_r11__cross_clear_r6,0.233747,0.233733,1.4e-05
block_cont_r11__cross_clear_r7,0.382444,0.382509,6.5e-05
block_cont_r11__cross_clear_r8,0.316343,0.316409,6.6e-05
block_cont_r11__cross_clear_r9,0.302281,0.301861,0.00042
block_cont_r11__cross_stall_occ_r1,0.090457,0.09044,1.7e-05
block_cont_r11__cross_stall_occ_r10,0.136481,0.136659,0.000178
block_cont_r11__cross_stall_occ_r11,0.073579,0.073579,0.0
block_cont_r11__cross_stall_occ_r12,0.091567,0.09164,7.3e-05
block_cont_r11__cross_stall_occ_r2,0.104263,0.104363,0.0001
block_cont_r11__cross_stall_occ_r3,0.124975,0.12521,0.000235
block_cont_r11__cross_stall_occ_r4,0.148072,0.148383,0.000311
block_cont_r11__cross_stall_occ_r5,0.08483,0.084678,0.000152
block_cont_r11__cross_stall_occ_r6,0.094457,0.094653,0.000196
block_cont_r11__cross_stall_occ_r7,0.090442,0.09044,2e-06
block_cont_r11__cross_stall_occ_r8,0.100831,0.100642,0.000189
block_cont_r11__cross_stall_occ_r9,0.109084,0.108675,0.000409
block_cont_r11__cross_stall_r1,0.376993,0.377087,9.4e-05
block_cont_r11__cross_stall_r10,0.372357,0.37231,4.7e-05
block_cont_r11__cross_stall_r11,0.345881,0.345942,6.1e-05
block_cont_r11__cross_stall_r12,0.365646,0.365622,2.4e-05
block_cont_r11__cross_stall_r2,0.38704,0.388017,0.000977
block_cont_r11__cross_stall_r3,0.362871,0.362887,1.6e-05
block_cont_r11__cross_stall_r4,0.376058,0.375955,0.000103
block_cont_r11__cross_stall_r5,0.33657,0.33654,3e-05
block_cont_r11__cross_stall_r6,0.369592,0.369377,0.000215
block_cont_r11__cross_stall_r7,0.372702,0.37272,1.8e-05
block_cont_r11__cross_stall_r8,0.383372,0.383311,6.1e-05
block_cont_r11__cross_stall_r9,0.360768,0.360787,1.9e-05
block_cont_r11__lead_cont_r1,0.103199,0.103207,8e-06
block_cont_r11__lead_cont_r10,0.147537,0.146819,0.000718
block_cont_r11__lead_cont_r11,0.153313,0.153275,3.8e-05
block_cont_r11__lead_cont_r12,0.136321,0.136152,0.000169
block_cont_r11__lead_cont_r2,0.127262,0.127438,0.000176
block_cont_r11__lead_cont_r3,0.155151,0.155659,0.000508
block_cont_r11__lead_cont_r4,0.17591,0.175721,0.000189
block_cont_r11__lead_cont_r5,0.131414,0.132301,0.000887
block_cont_r11__lead_cont_r6,0.151308,0.151097,0.000211
block_cont_r11__lead_cont_r7,0.136494,0.136659,0.000165
block_cont_r11__lead_cont_r8,0.146992,0.146819,0.000173
block_cont_r11__lead_cont_r9,0.145926,0.145884,4.2e-05
block_cont_r11__lead_nec_r1,0.394898,0.395117,0.000219
block_cont_r11__lead_nec_r10,0.403084,0.403087,3e-06
block_cont_r11__lead_nec_r11,0.399296,0.397989,0.001307
block_cont_r11__lead_nec_r12,0.416763,0.416569,0.000194
block_cont_r11__lead_nec_r2,0.418967,0.419308,0.000341
block_cont_r11__lead_nec_r3,0.401141,0.402049,0.000908
block_cont_r11__lead_nec_r4,0.414406,0.414202,0.000204
block_cont_r11__lead_nec_r5,0.399253,0.397989,0.001264
block_cont_r11__lead_nec_r6,0.420295,0.419308,0.000987
block_cont_r11__lead_nec_r7,0.416936,0.417143,0.000207
block_cont_r11__lead_nec_r8,0.402492,0.402464,2.8e-05
block_cont_r11__lead_nec_r9,0.407841,0.407802,3.9e-05
block_cont_r11__lead_opt_r1,0.408069,0.407802,0.000267
block_cont_r11__lead_opt_r10,0.394775,0.394652,0.000123
block_cont_r11__lead_opt_r11,0.434458,0.43433,0.000128
block_cont_r11__lead_opt_r12,0.42243,0.422555,0.000125
block_cont_r11__lead_opt_r2,0.424564,0.42498,0.000416
block_cont_r11__lead_opt_r3,0.397593,0.397654,6.1e-05
block_cont_r11__lead_opt_r4,0.422297,0.422177,0.00012
block_cont_r11__lead_opt_r5,0.392796,0.392826,3e-05
block_cont_r11__lead_opt_r6,0.404864,0.404827,3.7e-05
block_cont_r11__lead_opt_r7,0.394813,0.394652,0.000161
block_cont_r11__lead_opt_r8,0.383213,0.383311,9.8e-05
block_cont_r11__lead_opt_r9,0.392899,0.392826,7.3e-05
block_cont_r12__cross_clear_r1,0.327013,0.327027,1.4e-05
block_cont_r12__cross_clear_r10,0.150097,0.149925,0.000172
block_cont_r12__cross_clear_r11,0.357313,0.357355,4.2e-05
block_cont_r12__cross_clear_r12,0.205457,0.202886,0.002571
block_cont_r12__cross_clear_r2,0.294062,0.294338,0.000276
block_cont_r12__cross_clear_r3,0.379538,0.37969,0.000152
block_cont_r12__cross_clear_r4,0.336976,0.336967,9e-06
block_cont_r12__cross_clear_r5,0.31612,0.316247,0.000127
block_cont_r12__cross_clear_r6,0.215094,0.214853,0.000241
block_cont_r12__cross_clear_r7,0.353135,0.353068,6.7e-05
block_cont_r12__cross_clear_r8,0.287033,0.286361,0.000672
block_cont_r12__cross_clear_r9,0.273235,0.273648,0.000413
block_cont_r12__cross_stall_occ_r1,0.015319,0.01529,2.9e-05
block_cont_r12__cross_stall_occ_r10,0.062559,0.062552,7e-06
block_cont_r12__cross_stall_occ_r11,0.025289,0.025289,0.0
block_cont_r12__cross_stall_occ_r12,0.047545,0.048118,0.000573
block_cont_r12__cross_stall_occ_r2,0.029125,0.029076,4.9e-05
block_cont_r12__cross_stall_occ_r3,0.051212,0.051245,3.3e-05
block_cont_r12__cross_stall_occ_r4,0.090964,0.090856,0.000108
block_cont_r12__cross_stall_occ_r5,0.046028,0.046006,2.2e-05
block_cont_r12__cross_stall_occ_r6,0.043399,0.043272,0.000127
block_cont_r12__cross_stall_occ_r7,0.01929,0.019343,5.3e-05
block_cont_r12__cross_stall_occ_r8,0.025693,0.025626,6.7e-05
block_cont_r12__cross_stall_occ_r9,0.037597,0.03749,0.000107
block_cont_r12__cross_stall_r1,0.347683,0.347515,0.000168
block_cont_r12__cross_stall_r10,0.343053,0.343016,3.7e-05
block_cont_r12__cross_stall_r11,0.355076,0.355097,2.1e-05
block_cont_r12__cross_stall_r12,0.342514,0.342599,8.5e-05
block_cont_r12__cross_stall_r2,0.357731,0.35773,1e-06
block_cont_r12__cross_stall_r3,0.337798,0.33782,2.2e-05
block_cont_r12__cross_stall_r4,0.346748,0.346748,0.0
block_cont_r12__cross_stall_r5,0.335524,0.335512,1.2e-05
block_cont_r12__cross_stall_r6,0.342938,0.342918,2e-05
block_cont_r12__cross_stall_r7,0.343392,0.343291,0.000101
block_cont_r12__cross_stall_r8,0.354062,0.354037,2.5e-05
block_cont_r12__cross_stall_r9,0.343595,0.343624,2.9e-05
block_cont_r12__lead_cont_r1,0.028062,0.028153,9.1e-05
block_cont_r12__lead_cont_r10,0.084378,0.08433,4.8e-05
block_cont_r12__lead_cont_r11,0.079392,0.079426,3.4e-05
block_cont_r12__lead_cont_r12,0.0624,0.062348,5.2e-05
block_cont_r12__lead_cont_r2,0.052125,0.0521,2.5e-05
block_cont_r12__lead_cont_r3,0.08123,0.081196,3.4e-05
block_cont_r12__lead_cont_r4,0.106395,0.106555,0.00016
block_cont_r12__lead_cont_r5,0.066915,0.066861,5.4e-05
block_cont_r12__lead_cont_r6,0.082923,0.082911,1.2e-05
block_cont_r12__lead_cont_r7,0.062573,0.062552,2.1e-05
block_cont_r12__lead_cont_r8,0.083833,0.083961,0.000128
block_cont_r12__lead_cont_r9,0.072004,0.071936,6.8e-05
block_cont_r12__lead_nec_r1,0.365588,0.365582,6e-06
block_cont_r12__lead_nec_r10,0.373775,0.373799,2.4e-05
block_cont_r12__lead_nec_r11,0.369986,0.370182,0.000196
block_cont_r12__lead_nec_r12,0.387454,0.388017,0.000563
block_cont_r12__lead_nec_r2,0.389657,0.388913,0.000744
block_cont_r12__lead_nec_r3,0.371832,0.371865,3.3e-05
block_cont_r12__lead_nec_r4,0.385097,0.384711,0.000386
block_cont_r12__lead_nec_r5,0.369943,0.370182,0.000239
block_cont_r12__lead_nec_r6,0.390986,0.391344,0.000358
block_cont_r12__lead_nec_r7,0.387627,0.388017,0.00039
block_cont_r12__lead_nec_r8,0.373183,0.373275,9.2e-05
block_cont_r12__lead_nec_r9,0.378532,0.378423,0.000109
block_cont_r12__lead_opt_r1,0.37876,0.379002,0.000242
block_cont_r12__lead_opt_r10,0.365466,0.365571,0.000105
block_cont_r12__lead_opt_r11,0.405148,0.404978,0.00017
block_cont_r12__lead_opt_r12,0.393121,0.392826,0.000295
block_cont_r12__lead_opt_r2,0.395255,0.395117,0.000138
block_cont_r12__lead_opt_r3,0.368283,0.368336,5.3e-05
block_cont_r12__lead_opt_r4,0.392988,0.392826,0.000162
block_cont_r12__lead_opt_r5,0.363528,0.363589,6.1e-05
block_cont_r12__lead_opt_r6,0.375554,0.375294,0.00026
block_cont_r12__lead_opt_r7,0.367165,0.367193,2.8e-05
block_cont_r12__lead_opt_r8,0.357906,0.357806,0.0001
block_cont_r12__lead_opt_r9,0.36359,0.363589,1e-06
block_cont_r2__cross_clear_r1,0.339799,0.339956,0.000157
block_cont_r2__cross_clear_r10,0.139058,0.138969,8.9e-05
block_cont_r2__cross_clear_r11,0.366724,0.366843,0.000119
block_cont_r2__cross_clear_r12,0.212872,0.213251,0.000379
block_cont_r2__cross_clear_r2,0.307198,0.307344,0.000146
block_cont_r2__cross_clear_r3,0.392675,0.392743,6.8e-05
block_cont_r2__cross_clear_r4,0.350112,0.350117,5e-06
block_cont_r2__cross_clear_r5,0.320354,0.320267,8.7e-05
block_cont_r2__cross_clear_r6,0.210844,0.211056,0.000212
block_cont_r2__cross_clear_r7,0.366271,0.365795,0.000476
block_cont_r2__cross_clear_r8,0.300169,0.300478,0.000309
block_cont_r2__cross_clear_r9,0.286372,0.286361,1.1e-05
block_cont_r2__cross_stall_occ_r1,0.028455,0.028335,0.00012
block_cont_r2__cross_stall_occ_r10,0.075696,0.075576,0.00012
block_cont_r2__cross_stall_occ_r11,0.01762,0.01762,0.0
block_cont_r2__cross_stall_occ_r12,0.054706,0.054689,1.7e-05
block_cont_r2__cross_stall_occ_r2,0.042261,0.042156,0.000105
block_cont_r2__cross_stall_occ_r3,0.06419,0.064194,4e-06
block_cont_r2__cross_stall_occ_r4,0.1041,0.10403,7e-05
block_cont_r2__cross_stall_occ_r5,0.043951,0.043934,1.7e-05
block_cont_r2__cross_stall_occ_r6,0.053879,0.053828,5.1e-05
block_cont_r2__cross_stall_occ_r7,0.032426,0.032792,0.000366
block_cont_r2__cross_stall_occ_r8,0.03883,0.038678,0.000152
block_cont_r2__cross_stall_occ_r9,0.048299,0.048118,0.000181
block_cont_r2__cross_stall_r1,0.36082,0.360787,3.3e-05
block_cont_r2__cross_stall_r10,0.356184,0.356102,8.2e-05
block_cont_r2__cross_stall_r11,0.342969,0.342959,1e-05
block_cont_r2__cross_stall_r12,0.349472,0.349404,6.8e-05
block_cont_r2__cross_stall_r2,0.370867,0.371176,0.000309
block_cont_r2__cross_stall_r3,0.346698,0.346711,1.3e-05
block_cont_r2__cross_stall_r4,0.359885,0.359565,0.00032
block_cont_r2__cross_stall_r5,0.326594,0.326574,2e-05
block_cont_r2__cross_stall_r6,0.353418,0.353431,1.3e-05
block_cont_r2__cross_stall_r7,0.356528,0.356495,3.3e-05
block_cont_r2__cross_stall_r8,0.367198,0.367193,5e-06
block_cont_r2__cross_stall_r9,0.344595,0.344594,1e-06
block_cont_r2__lead_cont_r1,0.041198,0.041159,3.9e-05
block_cont_r2__lead_cont_r10,0.097514,0.0975,1.4e-05
block_cont_r2__lead_cont_r11,0.092528,0.092517,1.1e-05
block_cont_r2__lead_cont_r12,0.075536,0.075576,4e-05
block_cont_r2__lead_cont_r2,0.065261,0.065298,3.7e-05
block_cont_r2__lead_cont_r3,0.094366,0.094653,0.000287
block_cont_r2__lead_cont_r4,0.119531,0.119695,0.000164
block_cont_r2__lead_cont_r5,0.080051,0.079892,0.000159
block_cont_r2__lead_cont_r6,0.096059,0.095962,9.7e-05
block_cont_r2__lead_cont_r7,0.075709,0.075576,0.000133
block_cont_r2__lead_cont_r8,0.096969,0.097053,8.4e-05
block_cont_r2__lead_cont_r9,0.085141,0.085051,9e-05
block_cont_r2__lead_nec_r1,0.378725,0.379002,0.000277
block_cont_r2__lead_nec_r10,0.386911,0.388017,0.001106
block_cont_r2__lead_nec_r11,0.383122,0.38302,0.000102
block_cont_r2__lead_nec_r12,0.40059,0.402049,0.001459
block_cont_r2__lead_nec_r2,0.402793,0.403087,0.000294
block_cont_r2__lead_nec_r3,0.384968,0.384711,0.000257
block_cont_r2__lead_nec_r4,0.398233,0.397989,0.000244
block_cont_r2__lead_nec_r5,0.383079,0.38302,5.9e-05
block_cont_r2__lead_nec_r6,0.404122,0.404067,5.5e-05
block_cont_r2__lead_nec_r7,0.400763,0.402049,0.001286
block_cont_r2__lead_nec_r8,0.386319,0.384711,0.001608
block_cont_r2__lead_nec_r9,0.391668,0.391344,0.000324
block_cont_r2__lead_opt_r1,0.391896,0.392251,0.000355
block_cont_r2__lead_opt_r10,0.378602,0.378423,0.000179
block_cont_r2__lead_opt_r11,0.418285,0.418222,6.3e-05
block_cont_r2__lead_opt_r12,0.406257,0.406798,0.000541
block_cont_r2__lead_opt_r2,0.408391,0.408424,3.3e-05
block_cont_r2__lead_opt_r3,0.38142,0.381362,5.8e-05
block_cont_r2__lead_opt_r4,0.406124,0.405467,0.000657
block_cont_r2__lead_opt_r5,0.376623,0.376583,4e-05
block_cont_r2__lead_opt_r6,0.388691,0.388673,1.8e-05
block_cont_r2__lead_opt_r7,0.37864,0.378423,0.000217
block_cont_r2__lead_opt_r8,0.367074,0.367193,0.000119
block_cont_r2__lead_opt_r9,0.376726,0.376583,0.000143
block_cont_r3__cross_clear_r1,0.350634,0.350628,6e-06
block_cont_r3__cross_clear_r10,0.116713,0.11593,0.000783
block_cont_r3__cross_clear_r11,0.360412,0.360465,5.3e-05
block_cont_r3__cross_clear_r12,0.223707,0.223719,1.2e-05
block_cont_r3__cross_clear_r2,0.318034,0.318053,1.9e-05
block_cont_r3__cross_clear_r3,0.40351,0.403661,0.000151
block_cont_r3__cross_clear_r4,0.360948,0.360787,0.000161
block_cont_r3__cross_clear_r5,0.310176,0.310253,7.7e-05
block_cont_r3__cross_clear_r6,0.207952,0.208267,0.000315
block_cont_r3__cross_clear_r7,0.377106,0.377087,1.9e-05
block_cont_r3__cross_clear_r8,0.311005,0.310984,2.1e-05
block_cont_r3__cross_clear_r9,0.296098,0.295149,0.000949
block_cont_r3__cross_stall_occ_r1,0.084576,0.084616,4e-05
block_cont_r3__cross_stall_occ_r10,0.061585,0.061713,0.000128
block_cont_r3__cross_stall_occ_r11,0.043968,0.043968,0.0
block_cont_r3__cross_stall_occ_r12,0.098655,0.098523,0.000132
block_cont_r3__cross_stall_occ_r2,0.098382,0.098523,0.000141
block_cont_r3__cross_stall_occ_r3,0.050079,0.050088,9e-06
block_cont_r3__cross_stall_occ_r4,0.098835,0.098523,0.000312
block_cont_r3__cross_stall_occ_r5,0.086353,0.086316,3.7e-05
block_cont_r3__cross_stall_occ_r6,0.095739,0.095962,0.000223
block_cont_r3__cross_stall_occ_r7,0.088547,0.088547,0.0
block_cont_r3__cross_stall_occ_r8,0.094951,0.094976,2.5e-05
block_cont_r3__cross_stall_occ_r9,0.034188,0.034107,8.1e-05
block_cont_r3__cross_stall_r1,0.371655,0.371865,0.00021
block_cont_r3__cross_stall_r10,0.367019,0.366912,0.000107
block_cont_r3__cross_stall_r11,0.340543,0.340569,2.6e-05
block_cont_r3__cross_stall_r12,0.360308,0.360249,5.9e-05
block_cont_r3__cross_stall_r2,0.381703,0.381542,0.000161
block_cont_r3__cross_stall_r3,0.357533,0.357546,1.3e-05
block_cont_r3__cross_stall_r4,0.37072,0.370395,0.000325
block_cont_r3__cross_stall_r5,0.331232,0.331249,1.7e-05
block_cont_r3__cross_stall_r6,0.364254,0.364271,1.7e-05
block_cont_r3__cross_stall_r7,0.367364,0.367261,0.000103
block_cont_r3__cross_stall_r8,0.378034,0.37773,0.000304
block_cont_r3__cross_stall_r9,0.35543,0.355417,1.3e-05
block_cont_r3__lead_cont_r1,0.097319,0.097339,2e-05
block_cont_r3__lead_cont_r10,0.111398,0.110548,0.00085
block_cont_r3__lead_cont_r11,0.078417,0.078333,8.4e-05
block_cont_r3__lead_cont_r12,0.106711,0.106555,0.000156
block_cont_r3__lead_cont_r2,0.121382,0.121398,1.6e-05
block_cont_r3__lead_cont_r3,0.080255,0.080268,1.3e-05
block_cont_r3__lead_cont_r4,0.10859,0.108675,8.5e-05
block_cont_r3__lead_cont_r5,0.115624,0.11593,0.000306
block_cont_r3__lead_cont_r6,0.128217,0.128256,3.9e-05
block_cont_r3__lead_cont_r7,0.106884,0.10698,9.6e-05
block_cont_r3__lead_cont_r8,0.110853,0.110548,0.000305
block_cont_r3__lead_cont_r9,0.094627,0.094653,2.6e-05
block_cont_r3__lead_nec_r1,0.38956,0.388913,0.000647
block_cont_r3__lead_nec_r10,0.397746,0.397654,9.2e-05
block_cont_r3__lead_nec_r11,0.393958,0.393452,0.000506
block_cont_r3__lead_nec_r12,0.411425,0.412135,0.00071
block_cont_r3__lead_nec_r2,0.413629,0.413797,0.000168
block_cont_r3__lead_nec_r3,0.395803,0.396099,0.000296
block_cont_r3__lead_nec_r4,0.409068,0.409041,2.7e-05
block_cont_r3__lead_nec_r5,0.393915,0.393452,0.000463
block_cont_r3__lead_nec_r6,0.414957,0.414202,0.000755
block_cont_r3__lead_nec_r7,0.411598,0.412135,0.000537
block_cont_r3__lead_nec_r8,0.397154,0.397414,0.00026
block_cont_r3__lead_nec_r9,0.402503,0.402464,3.9e-05
block_cont_r3__lead_opt_r1,0.402732,0.402464,0.000268
block_cont_r3__lead_opt_r10,0.389437,0.388913,0.000524
block_cont_r3__lead_opt_r11,0.42912,0.430318,0.001198
block_cont_r3__lead_opt_r12,0.417092,0.417143,5.1e-05
block_cont_r3__lead_opt_r2,0.419226,0.419308,8.2e-05
block_cont_r3__lead_opt_r3,0.392255,0.392251,4e-06
block_cont_r3__lead_opt_r4,0.41696,0.417143,0.000183
block_cont_r3__lead_opt_r5,0.387458,0.388017,0.000559
block_cont_r3__lead_opt_r6,0.399526,0.397989,0.001537
block_cont_r3__lead_opt_r7,0.389475,0.388913,0.000562
block_cont_r3__lead_opt_r8,0.377875,0.37773,0.000145
block_cont_r3__lead_opt_r9,0.387561,0.388017,0.000456
block_cont_r4__cross_clear_r1,0.298867,0.298667,0.0002
block_cont_r4__cross_clear_r10,0.106611,0.106555,5.6e-05
block_cont_r4__cross_clear_r11,0.305654,0.305561,9.3e-05
block_cont_r4__cross_clear_r12,0.168454,0.168547,9.3e-05
block_cont_r4__cross_clear_r2,0.266267,0.266947,0.00068
block_cont_r4__cross_clear_r3,0.345791,0.345767,2.4e-05
block_cont_r4__cross_clear_r4,0.303229,0.303261,3.2e-05
block_cont_r4__cross_clear_r5,0.257618,0.257635,1.7e-05
block_cont_r4__cross_clear_r6,0.150233,0.149925,0.000308
block_cont_r4__cross_clear_r7,0.319388,0.319389,1e-06
block_cont_r4__cross_clear_r8,0.253286,0.253946,0.00066
block_cont_r4__cross_clear_r9,0.239607,0.239944,0.000337
block_cont_r4__cross_stall_occ_r1,0.09928,0.099543,0.000263
block_cont_r4__cross_stall_occ_r10,0.06543,0.065298,0.000132
block_cont_r4__cross_stall_occ_r11,0.071487,0.071487,0.0
block_cont_r4__cross_stall_occ_r12,0.060801,0.060763,3.8e-05
block_cont_r4__cross_stall_occ_r2,0.113086,0.11343,0.000344
block_cont_r4__cross_stall_occ_r3,0.053925,0.054001,7.6e-05
block_cont_r4__cross_stall_occ_r4,0.066058,0.066101,4.3e-05
block_cont_r4__cross_stall_occ_r5,0.054021,0.054011,1e-05
block_cont_r4__cross_stall_occ_r6,0.065988,0.065996,8e-06
block_cont_r4__cross_stall_occ_r7,0.093745,0.093447,0.000298
block_cont_r4__cross_stall_occ_r8,0.109654,0.110548,0.000894
block_cont_r4__cross_stall_occ_r9,0.061666,0.061713,4.7e-05
block_cont_r4__cross_stall_r1,0.313936,0.313928,8e-06
block_cont_r4__cross_stall_r10,0.3093,0.309233,6.7e-05
block_cont_r4__cross_stall_r11,0.285636,0.285781,0.000145
block_cont_r4__cross_stall_r12,0.302589,0.303088,0.000499
block_cont_r4__cross_stall_r2,0.323984,0.324065,8.1e-05
block_cont_r4__cross_stall_r3,0.299815,0.299599,0.000216
block_cont_r4__cross_stall_r4,0.313001,0.312723,0.000278
block_cont_r4__cross_stall_r5,0.273553,0.273648,9.5e-05
block_cont_r4__cross_stall_r6,0.306535,0.306386,0.000149
block_cont_r4__cross_stall_r7,0.309645,0.309567,7.8e-05
block_cont_r4__cross_stall_r8,0.320315,0.320267,4.8e-05
block_cont_r4__cross_stall_r9,0.297711,0.297914,0.000203
block_cont_r4__lead_cont_r1,0.112022,0.112448,0.000426
block_cont_r4__lead_cont_r10,0.110189,0.110548,0.000359
block_cont_r4__lead_cont_r11,0.082262,0.082263,1e-06
block_cont_r4__lead_cont_r12,0.134189,0.134165,2.4e-05
block_cont_r4__lead_cont_r2,0.136086,0.136098,1.2e-05
block_cont_r4__lead_cont_r3,0.084101,0.084231,0.00013
block_cont_r4__lead_cont_r4,0.101778,0.101732,4.6e-05
block_cont_r4__lead_cont_r5,0.114613,0.11465,3.7e-05
block_cont_r4__lead_cont_r6,0.14099,0.140785,0.000205
block_cont_r4__lead_cont_r7,0.134362,0.134165,0.000197
block_cont_r4__lead_cont_r8,0.109643,0.110548,0.000905
block_cont_r4__lead_cont_r9,0.114872,0.11486,1.2e-05
block_cont_r4__lead_nec_r1,0.331841,0.33197,0.000129
block_cont_r4__lead_nec_r10,0.340027,0.340062,3.5e-05
block_cont_r4__lead_nec_r11,0.336239,0.336231,8e-06
block_cont_r4__lead_nec_r12,0.353707,0.353735,2.8e-05
block_cont_r4__lead_nec_r2,0.35591,0.355833,7.7e-05
block_cont_r4__lead_nec_r3,0.338084,0.338085,1e-06
block_cont_r4__lead_nec_r4,0.35135,0.351441,9.1e-05
block_cont_r4__lead_nec_r5,0.336196,0.336231,3.5e-05
block_cont_r4__lead_nec_r6,0.357238,0.357235,3e-06
block_cont_r4__lead_nec_r7,0.35388,0.353845,3.5e-05
block_cont_r4__lead_nec_r8,0.339435,0.339477,4.2e-05
block_cont_r4__lead_nec_r9,0.344785,0.344712,7.3e-05
block_cont_r4__lead_opt_r1,0.345013,0.345015,2e-06
block_cont_r4__lead_opt_r10,0.331719,0.331634,8.5e-05
block_cont_r4__lead_opt_r11,0.371401,0.371215,0.000186
block_cont_r4__lead_opt_r12,0.359373,0.359392,1.9e-05
block_cont_r4__lead_opt_r2,0.361507,0.361505,2e-06
block_cont_r4__lead_opt_r3,0.334536,0.334523,1.3e-05
block_cont_r4__lead_opt_r4,0.359241,0.359329,8.8e-05
block_cont_r4__lead_opt_r5,0.329739,0.329704,3.5e-05
block_cont_r4__lead_opt_r6,0.341807,0.341864,5.7e-05
block_cont_r4__lead_opt_r7,0.331757,0.331634,0.000123
block_cont_r4__lead_opt_r8,0.320156,0.320127,2.9e-05
block_cont_r4__lead_opt_r9,0.329842,0.329836,6e-06
block_cont_r5__cross_clear_r1,0.360305,0.360249,5.6e-05
block_cont_r5__cross_clear_r10,0.119437,0.119695,0.000258
block_cont_r5__cross_clear_r11,0.374282,0.37414,0.000142
block_cont_r5__cross_clear_r12,0.233378,0.23362,0.000242
block_cont_r5__cross_clear_r2,0.327704,0.327701,3e-06
block_cont_r5__cross_clear_r3,0.413181,0.413332,0.000151
block_cont_r5__cross_clear_r4,0.370618,0.370395,0.000223
block_cont_r5__cross_clear_r5,0.319846,0.319836,1e-05
block_cont_r5__cross_clear_r6,0.219846,0.221077,0.001231
block_cont_r5__cross_clear_r7,0.386777,0.388017,0.00124
block_cont_r5__cross_clear_r8,0.320675,0.320641,3.4e-05
block_cont_r5__cross_clear_r9,0.305849,0.305561,0.000288
block_cont_r5__cross_stall_occ_r1,0.073926,0.073855,7.1e-05
block_cont_r5__cross_stall_occ_r10,0.11102,0.110548,0.000472
block_cont_r5__cross_stall_occ_r11,0.048118,0.048118,0.0
block_cont_r5__cross_stall_occ_r12,0.079557,0.079615,5.8e-05
block_cont_r5__cross_stall_occ_r2,0.087732,0.087572,0.00016
block_cont_r5__cross_stall_occ_r3,0.099515,0.099543,2.8e-05
block_cont_r5__cross_stall_occ_r4,0.132432,0.132424,8e-06
block_cont_r5__cross_stall_occ_r5,0.070912,0.070856,5.6e-05
block_cont_r5__cross_stall_occ_r6,0.080539,0.080622,8.3e-05
block_cont_r5__cross_stall_occ_r7,0.073912,0.073855,5.7e-05
block_cont_r5__cross_stall_occ_r8,0.084301,0.08433,2.9e-05
block_cont_r5__cross_stall_occ_r9,0.083623,0.083608,1.5e-05
block_cont_r5__cross_stall_r1,0.381326,0.381362,3.6e-05
block_cont_r5__cross_stall_r10,0.37669,0.376583,0.000107
block_cont_r5__cross_stall_r11,0.350214,0.350173,4.1e-05
block_cont_r5__cross_stall_r12,0.369978,0.370182,0.000204
block_cont_r5__cross_stall_r2,0.391373,0.391344,2.9e-05
block_cont_r5__cross_stall_r3,0.367204,0.367193,1.1e-05
block_cont_r5__cross_stall_r4,0.380391,0.380394,3e-06
block_cont_r5__cross_stall_r5,0.340903,0.340858,4.5e-05
block_cont_r5__cross_stall_r6,0.373924,0.373967,4.3e-05
block_cont_r5__cross_stall_r7,0.377034,0.377087,5.3e-05
block_cont_r5__cross_stall_r8,0.387704,0.388017,0.000313
block_cont_r5__cross_stall_r9,0.365101,0.365059,4.2e-05
block_cont_r5__lead_cont_r1,0.086669,0.086795,0.000126
block_cont_r5__lead_cont_r10,0.128887,0.128256,0.000631
block_cont_r5__lead_cont_r11,0.127852,0.127515,0.000337
block_cont_r5__lead_cont_r12,0.110861,0.110548,0.000313
block_cont_r5__lead_cont_r2,0.110732,0.110548,0.000184
block_cont_r5__lead_cont_r3,0.129691,0.12999,0.000299
block_cont_r5__lead_cont_r4,0.153528,0.153553,2.5e-05
block_cont_r5__lead_cont_r5,0.112763,0.112675,8.8e-05
block_cont_r5__lead_cont_r6,0.131324,0.132301,0.000977
block_cont_r5__lead_cont_r7,0.111034,0.110548,0.000486
block_cont_r5__lead_cont_r8,0.128341,0.128256,8.5e-05
block_cont_r5__lead_cont_r9,0.120465,0.119695,0.00077
block_cont_r5__lead_nec_r1,0.399231,0.397989,0.001242
block_cont_r5__lead_nec_r10,0.407417,0.407212,0.000205
block_cont_r5__lead_nec_r11,0.403628,0.403661,3.3e-05
block_cont_r5__lead_nec_r12,0.421096,0.421764,0.000668
block_cont_r5__lead_nec_r2,0.423299,0.422555,0.000744
block_cont_r5__lead_nec_r3,0.405474,0.405467,7e-06
block_cont_r5__lead_nec_r4,0.418739,0.418222,0.000517
block_cont_r5__lead_nec_r5,0.403585,0.403661,7.6e-05
block_cont_r5__lead_nec_r6,0.424628,0.42498,0.000352
block_cont_r5__lead_nec_r7,0.421269,0.421764,0.000495
block_cont_r5__lead_nec_r8,0.406825,0.406798,2.7e-05
block_cont_r5__lead_nec_r9,0.412174,0.412135,3.9e-05
block_cont_r5__lead_opt_r1,0.412402,0.412135,0.000267
block_cont_r5__lead_opt_r10,0.399108,0.397989,0.001119
block_cont_r5__lead_opt_r11,0.438791,0.439085,0.000294
block_cont_r5__lead_opt_r12,0.426763,0.426933,0.00017
block_cont_r5__lead_opt_r2,0.428897,0.430318,0.001421
block_cont_r5__lead_opt_r3,0.401926,0.402049,0.000123
block_cont_r5__lead_opt_r4,0.42663,0.426367,0.000263
block_cont_r5__lead_opt_r5,0.397129,0.397414,0.000285
block_cont_r5__lead_opt_r6,0.409197,0.409041,0.000156
block_cont_r5__lead_opt_r7,0.399146,0.397989,0.001157
block_cont_r5__lead_opt_r8,0.387545,0.388017,0.000472
block_cont_r5__lead_opt_r9,0.397232,0.397414,0.000182
block_cont_r6__cross_clear_r1,0.365084,0.365059,2.5e-05
block_cont_r6__cross_clear_r10,0.139566,0.139736,0.00017
block_cont_r6__cross_clear_r11,0.374862,0.374988,0.000126
block_cont_r6__cross_clear_r12,0.238156,0.23784,0.000316
block_cont_r6__cross_clear_r2,0.332483,0.332478,5e-06
block_cont_r6__cross_clear_r3,0.417959,0.417997,3.8e-05
block_cont_r6__cross_clear_r4,0.375397,0.375294,0.000103
block_cont_r6__cross_clear_r5,0.324679,0.324664,1.5e-05
block_cont_r6__cross_clear_r6,0.222401,0.22353,0.001129
block_cont_r6__cross_clear_r7,0.391556,0.391344,0.000212
block_cont_r6__cross_clear_r8,0.325454,0.325447,7e-06
block_cont_r6__cross_clear_r9,0.310548,0.310494,5.4e-05
block_cont_r6__cross_stall_occ_r1,0.05374,0.053752,1.2e-05
block_cont_r6__cross_stall_occ_r10,0.076034,0.076041,7e-06
block_cont_r6__cross_stall_occ_r11,0.013132,0.013132,0.0
block_cont_r6__cross_stall_occ_r12,0.067819,0.067834,1.5e-05
block_cont_r6__cross_stall_occ_r2,0.067546,0.067608,6.2e-05
block_cont_r6__cross_stall_occ_r3,0.064528,0.064487,4.1e-05
block_cont_r6__cross_stall_occ_r4,0.113284,0.11343,0.000146
block_cont_r6__cross_stall_occ_r5,0.055517,0.055264,0.000253
block_cont_r6__cross_stall_occ_r6,0.064903,0.064867,3.6e-05
block_cont_r6__cross_stall_occ_r7,0.057711,0.057719,8e-06
block_cont_r6__cross_stall_occ_r8,0.064114,0.0641,1.4e-05
block_cont_r6__cross_stall_occ_r9,0.048637,0.048639,2e-06
block_cont_r6__cross_stall_r1,0.386104,0.384711,0.001393
block_cont_r6__cross_stall_r10,0.381468,0.381542,7.4e-05
block_cont_r6__cross_stall_r11,0.354993,0.355033,4e-05
block_cont_r6__cross_stall_r12,0.374757,0.374988,0.000231
block_cont_r6__cross_stall_r2,0.396152,0.396099,5.3e-05
block_cont_r6__cross_stall_r3,0.371983,0.371988,5e-06
block_cont_r6__cross_stall_r4,0.385169,0.384711,0.000458
block_cont_r6__cross_stall_r5,0.345682,0.345756,7.4e-05
block_cont_r6__cross_stall_r6,0.378703,0.378423,0.00028
block_cont_r6__cross_stall_r7,0.381813,0.381542,0.000271
block_cont_r6__cross_stall_r8,0.392483,0.392484,1e-06
block_cont_r6__cross_stall_r9,0.369879,0.370182,0.000303
block_cont_r6__lead_cont_r1,0.066482,0.066498,1.6e-05
block_cont_r6__lead_cont_r10,0.102251,0.10227,1.9e-05
block_cont_r6__lead_cont_r11,0.092866,0.092757,0.000109
block_cont_r6__lead_cont_r12,0.075875,0.076041,0.000166
block_cont_r6__lead_cont_r2,0.090546,0.09044,0.000106
block_cont_r6__lead_cont_r3,0.094704,0.094653,5.1e-05
block_cont_r6__lead_cont_r4,0.12304,0.123005,3.5e-05
block_cont_r6__lead_cont_r5,0.084788,0.084678,0.00011
block_cont_r6__lead_cont_r6,0.097381,0.097393,1.2e-05
block_cont_r6__lead_cont_r7,0.076048,0.076041,7e-06
block_cont_r6__lead_cont_r8,0.101705,0.101732,2.7e-05
block_cont_r6__lead_cont_r9,0.085479,0.085702,0.000223
block_cont_r6__lead_nec_r1,0.404009,0.404067,5.8e-05
block_cont_r6__lead_nec_r10,0.412196,0.412135,6.1e-05
block_cont_r6__lead_nec_r11,0.408407,0.408424,1.7e-05
block_cont_r6__lead_nec_r12,0.425875,0.425951,7.6e-05
block_cont_r6__lead_nec_r2,0.428078,0.42734,0.000738
block_cont_r6__lead_nec_r3,0.410253,0.409041,0.001212
block_cont_r6__lead_nec_r4,0.423518,0.422555,0.000963
block_cont_r6__lead_nec_r5,0.408364,0.408424,6e-05
block_cont_r6__lead_nec_r6,0.429407,0.430318,0.000911
block_cont_r6__lead_nec_r7,0.426048,0.425951,9.7e-05
block_cont_r6__lead_nec_r8,0.411603,0.412135,0.000532
block_cont_r6__lead_nec_r9,0.416953,0.417143,0.00019
block_cont_r6__lead_opt_r1,0.417181,0.417143,3.8e-05
block_cont_r6__lead_opt_r10,0.403887,0.404067,0.00018
block_cont_r6__lead_opt_r11,0.443569,0.443106,0.000463
block_cont_r6__lead_opt_r12,0.431542,0.431113,0.000429
block_cont_r6__lead_opt_r2,0.433676,0.43433,0.000654
block_cont_r6__lead_opt_r3,0.406704,0.406798,9.4e-05
block_cont_r6__lead_opt_r4,0.431409,0.431113,0.000296
block_cont_r6__lead_opt_r5,0.401907,0.402049,0.000142
block_cont_r6__lead_opt_r6,0.413975,0.413797,0.000178
block_cont_r6__lead_opt_r7,0.403925,0.404067,0.000142
block_cont_r6__lead_opt_r8,0.392324,0.392251,7.3e-05
block_cont_r6__lead_opt_r9,0.402011,0.402049,3.8e-05
block_cont_r7__cross_clear_r1,0.351952,0.351952,0.0
block_cont_r7__cross_clear_r10,0.149925,0.149925,0.0
block_cont_r7__cross_clear_r11,0.36197,0.36197,0.0
block_cont_r7__cross_clear_r12,0.225024,0.225024,0.0
block_cont_r7__cross_clear_r2,0.319351,0.319351,0.0
block_cont_r7__cross_clear_r3,0.404827,0.404827,0.0
block_cont_r7__cross_clear_r4,0.362265,0.362265,0.0
block_cont_r7__cross_clear_r5,0.318832,0.318832,0.0
block_cont_r7__cross_clear_r6,0.209989,0.209989,0.0
block_cont_r7__cross_clear_r7,0.378423,0.378423,0.0
block_cont_r7__cross_clear_r8,0.312322,0.312322,0.0
block_cont_r7__cross_clear_r9,0.297415,0.297415,0.0
block_cont_r7__cross_stall_occ_r1,0.040608,0.040608,0.0
block_cont_r7__cross_stall_occ_r10,0.062902,0.062902,0.0
block_cont_r7__cross_stall_occ_r11,0.0,0.000546,0.000546
block_cont_r7__cross_stall_occ_r12,0.054687,0.054687,0.0
block_cont_r7__cross_stall_occ_r2,0.054414,0.054414,0.0
block_cont_r7__cross_stall_occ_r3,0.051396,0.051396,0.0
block_cont_r7__cross_stall_occ_r4,0.100152,0.100152,0.0
block_cont_r7__cross_stall_occ_r5,0.042384,0.042574,0.00019
block_cont_r7__cross_stall_occ_r6,0.051771,0.051771,0.0
block_cont_r7__cross_stall_occ_r7,0.044578,0.044578,0.0
block_cont_r7__cross_stall_occ_r8,0.050982,0.050982,0.0
block_cont_r7__cross_stall_occ_r9,0.035505,0.035505,0.0
block_cont_r7__cross_stall_r1,0.372972,0.372972,0.0
block_cont_r7__cross_stall_r10,0.368336,0.368336,0.0
block_cont_r7__cross_stall_r11,0.354734,0.354734,0.0
block_cont_r7__cross_stall_r12,0.361625,0.361625,0.0
block_cont_r7__cross_stall_r2,0.38302,0.38302,0.0
block_cont_r7__cross_stall_r3,0.358851,0.358851,0.0
block_cont_r7__cross_stall_r4,0.372037,0.372037,0.0
block_cont_r7__cross_stall_r5,0.335182,0.335182,0.0
block_cont_r7__cross_stall_r6,0.365571,0.365571,0.0
block_cont_r7__cross_stall_r7,0.368681,0.368681,0.0
block_cont_r7__cross_stall_r8,0.379351,0.379351,0.0
block_cont_r7__cross_stall_r9,0.356747,0.356747,0.0
block_cont_r7__lead_cont_r1,0.05335,0.053168,0.000182
block_cont_r7__lead_cont_r10,0.089119,0.089085,3.4e-05
block_cont_r7__lead_cont_r11,0.079734,0.079771,3.7e-05
block_cont_r7__lead_cont_r12,0.062742,0.062649,9.3e-05
block_cont_r7__lead_cont_r2,0.077413,0.077598,0.000185
block_cont_r7__lead_cont_r3,0.081572,0.081488,8.4e-05
block_cont_r7__lead_cont_r4,0.109908,0.110548,0.00064
block_cont_r7__lead_cont_r5,0.071655,0.071679,2.4e-05
block_cont_r7__lead_cont_r6,0.084248,0.084231,1.7e-05
block_cont_r7__lead_cont_r7,0.062916,0.062902,1.4e-05
block_cont_r7__lead_cont_r8,0.088573,0.088547,2.6e-05
block_cont_r7__lead_cont_r9,0.072347,0.072168,0.000179
block_cont_r7__lead_nec_r1,0.390877,0.391344,0.000467
block_cont_r7__lead_nec_r10,0.399063,0.397989,0.001074
block_cont_r7__lead_nec_r11,0.395275,0.395117,0.000158
block_cont_r7__lead_nec_r12,0.412742,0.412757,1.5e-05
block_cont_r7__lead_nec_r2,0.414946,0.414202,0.000744
block_cont_r7__lead_nec_r3,0.39712,0.397414,0.000294
block_cont_r7__lead_nec_r4,0.410386,0.409041,0.001345
block_cont_r7__lead_nec_r5,0.395232,0.395117,0.000115
block_cont_r7__lead_nec_r6,0.416274,0.416569,0.000295
block_cont_r7__lead_nec_r7,0.412916,0.412884,3.2e-05
block_cont_r7__lead_nec_r8,0.398471,0.397989,0.000482
block_cont_r7__lead_nec_r9,0.403821,0.403661,0.00016
block_cont_r7__lead_opt_r1,0.404049,0.404067,1.8e-05
block_cont_r7__lead_opt_r10,0.390755,0.391344,0.000589
block_cont_r7__lead_opt_r11,0.430437,0.430318,0.000119
block_cont_r7__lead_opt_r12,0.418409,0.418222,0.000187
block_cont_r7__lead_opt_r2,0.420543,0.421764,0.001221
block_cont_r7__lead_opt_r3,0.393572,0.393452,0.00012
block_cont_r7__lead_opt_r4,0.418277,0.418222,5.5e-05
block_cont_r7__lead_opt_r5,0.388775,0.388673,0.000102
block_cont_r7__lead_opt_r6,0.400843,0.402049,0.001206
block_cont_r7__lead_opt_r7,0.390792,0.391344,0.000552
block_cont_r7__lead_opt_r8,0.379192,0.379115,7.7e-05
block_cont_r7__lead_opt_r9,0.388878,0.388913,3.5e-05
block_cont_r8__cross_clear_r1,0.364117,0.364048,6.9e-05
block_cont_r8__cross_clear_r10,0.127758,0.127515,0.000243
block_cont_r8__cross_clear_r11,0.373895,0.373864,3.1e-05
block_cont_r8__cross_clear_r12,0.237189,0.237572,0.000383
block_cont_r8__cross_clear_r2,0.331516,0.331474,4.2e-05
block_cont_r8__cross_clear_r3,0.416992,0.417143,0.000151
block_cont_r8__cross_clear_r4,0.37443,0.37414,0.00029
block_cont_r8__cross_clear_r5,0.323658,0.323624,3.4e-05
block_cont_r8__cross_clear_r6,0.221434,0.221077,0.000357
block_cont_r8__cross_clear_r7,0.390588,0.391344,0.000756
block_cont_r8__cross_clear_r8,0.324487,0.324515,2.8e-05
block_cont_r8__cross_clear_r9,0.30958,0.309567,1.3e-05
block_cont_r8__cross_stall_occ_r1,0.074462,0.07443,3.2e-05
block_cont_r8__cross_stall_occ_r10,0.075067,0.075046,2.1e-05
block_cont_r8__cross_stall_occ_r11,0.033854,0.033854,0.0
block_cont_r8__cross_stall_occ_r12,0.08854,0.088547,7e-06
block_cont_r8__cross_stall_occ_r2,0.088267,0.088364,9.7e-05
block_cont_r8__cross_stall_occ_r3,0.063561,0.063577,1.6e-05
block_cont_r8__cross_stall_occ_r4,0.112317,0.112448,0.000131
block_cont_r8__cross_stall_occ_r5,0.076238,0.076263,2.5e-05
block_cont_r8__cross_stall_occ_r6,0.085624,0.085702,7.8e-05
block_cont_r8__cross_stall_occ_r7,0.078432,0.078333,9.9e-05
block_cont_r8__cross_stall_occ_r8,0.084836,0.084678,0.000158
block_cont_r8__cross_stall_occ_r9,0.04767,0.048118,0.000448
block_cont_r8__cross_stall_r1,0.385137,0.384711,0.000426
block_cont_r8__cross_stall_r10,0.380501,0.380394,0.000107
block_cont_r8__cross_stall_r11,0.354026,0.354021,5e-06
block_cont_r8__cross_stall_r12,0.37379,0.373799,9e-06
block_cont_r8__cross_stall_r2,0.395185,0.395117,6.8e-05
block_cont_r8__cross_stall_r3,0.371016,0.371176,0.00016
block_cont_r8__cross_stall_r4,0.384202,0.384201,1e-06
block_cont_r8__cross_stall_r5,0.344714,0.344712,2e-06
block_cont_r8__cross_stall_r6,0.377736,0.37773,6e-06
block_cont_r8__cross_stall_r7,0.380846,0.38077,7.6e-05
block_cont_r8__cross_stall_r8,0.391516,0.391344,0.000172
block_cont_r8__cross_stall_r9,0.368912,0.369108,0.000196
block_cont_r8__lead_cont_r1,0.087204,0.08728,7.6e-05
block_cont_r8__lead_cont_r10,0.101284,0.101055,0.000229
block_cont_r8__lead_cont_r11,0.091899,0.09164,0.000259
block_cont_r8__lead_cont_r12,0.096596,0.096395,0.000201
block_cont_r8__lead_cont_r2,0.111267,0.110548,0.000719
block_cont_r8__lead_cont_r3,0.093737,0.093447,0.00029
block_cont_r8__lead_cont_r4,0.122073,0.122683,0.00061
block_cont_r8__lead_cont_r5,0.105509,0.105547,3.8e-05
block_cont_r8__lead_cont_r6,0.118102,0.118495,0.000393
block_cont_r8__lead_cont_r7,0.096769,0.097053,0.000284
block_cont_r8__lead_cont_r8,0.100738,0.100642,9.6e-05
block_cont_r8__lead_cont_r9,0.084512,0.084616,0.000104
block_cont_r8__lead_nec_r1,0.403042,0.403087,4.5e-05
block_cont_r8__lead_nec_r10,0.411228,0.412135,0.000907
block_cont_r8__lead_nec_r11,0.40744,0.407212,0.000228
block_cont_r8__lead_nec_r12,0.424907,0.42498,7.3e-05
block_cont_r8__lead_nec_r2,0.427111,0.426933,0.000178
block_cont_r8__lead_nec_r3,0.409285,0.409041,0.000244
block_cont_r8__lead_nec_r4,0.422551,0.422555,4e-06
block_cont_r8__lead_nec_r5,0.407397,0.407212,0.000185
block_cont_r8__lead_nec_r6,0.428439,0.42734,0.001099
block_cont_r8__lead_nec_r7,0.425081,0.42498,0.000101
block_cont_r8__lead_nec_r8,0.410636,0.412135,0.001499
block_cont_r8__lead_nec_r9,0.415986,0.415947,3.9e-05
block_cont_r8__lead_opt_r1,0.416214,0.415947,0.000267
block_cont_r8__lead_opt_r10,0.40292,0.403087,0.000167
block_cont_r8__lead_opt_r11,0.442602,0.442683,8.1e-05
block_cont_r8__lead_opt_r12,0.430574,0.430318,0.000256
block_cont_r8__lead_opt_r2,0.432708,0.433013,0.000305
block_cont_r8__lead_opt_r3,0.405737,0.405467,0.00027
block_cont_r8__lead_opt_r4,0.430442,0.430318,0.000124
block_cont_r8__lead_opt_r5,0.40094,0.402049,0.001109
block_cont_r8__lead_opt_r6,0.413008,0.412884,0.000124
block_cont_r8__lead_opt_r7,0.402957,0.403087,0.00013
block_cont_r8__lead_opt_r8,0.391357,0.391344,1.3e-05
block_cont_r8__lead_opt_r9,0.401043,0.402049,0.001006
block_cont_r9__cross_clear_r1,0.325274,0.325303,2.9e-05
block_cont_r9__cross_clear_r10,0.114991,0.115017,2.6e-05
block_cont_r9__cross_clear_r11,0.322691,0.322698,7e-06
block_cont_r9__cross_clear_r12,0.194209,0.193936,0.000273
block_cont_r9__cross_clear_r2,0.286708,0.286361,0.000347
block_cont_r9__cross_clear_r3,0.363241,0.363132,0.000109
block_cont_r9__cross_clear_r4,0.320678,0.320641,3.7e-05
block_cont_r9__cross_clear_r5,0.273649,0.273648,1e-06
block_cont_r9__cross_clear_r6,0.176167,0.175721,0.000446
block_cont_r9__cross_clear_r7,0.336837,0.336837,0.0
block_cont_r9__cross_clear_r8,0.270735,0.270186,0.000549
block_cont_r9__cross_clear_r9,0.256261,0.257393,0.001132
block_cont_r9__cross_stall_occ_r1,0.101635,0.101732,9.7e-05
block_cont_r9__cross_stall_occ_r10,0.092096,0.092505,0.000409
block_cont_r9__cross_stall_occ_r11,0.073802,0.073802,0.0
block_cont_r9__cross_stall_occ_r12,0.065177,0.065087,9e-05
block_cont_r9__cross_stall_occ_r2,0.115441,0.115303,0.000138
block_cont_r9__cross_stall_occ_r3,0.08059,0.080622,3.2e-05
block_cont_r9__cross_stall_occ_r4,0.095282,0.095317,3.5e-05
block_cont_r9__cross_stall_occ_r5,0.060042,0.060275,0.000233
block_cont_r9__cross_stall_occ_r6,0.071938,0.071936,2e-06
block_cont_r9__cross_stall_occ_r7,0.097532,0.0975,3.2e-05
block_cont_r9__cross_stall_occ_r8,0.112009,0.112448,0.000439
block_cont_r9__cross_stall_occ_r9,0.087618,0.087572,4.6e-05
block_cont_r9__cross_stall_r1,0.331386,0.331368,1.8e-05
block_cont_r9__cross_stall_r10,0.32675,0.32676,1e-05
block_cont_r9__cross_stall_r11,0.300274,0.300478,0.000204
block_cont_r9__cross_stall_r12,0.320038,0.320028,1e-05
block_cont_r9__cross_stall_r2,0.341433,0.341489,5.6e-05
block_cont_r9__cross_stall_r3,0.317264,0.317254,1e-05
block_cont_r9__cross_stall_r4,0.330451,0.330588,0.000137
block_cont_r9__cross_stall_r5,0.290963,0.291004,4.1e-05
block_cont_r9__cross_stall_r6,0.323984,0.324065,8.1e-05
block_cont_r9__cross_stall_r7,0.327094,0.327082,1.2e-05
block_cont_r9__cross_stall_r8,0.337764,0.33782,5.6e-05
block_cont_r9__cross_stall_r9,0.315161,0.315248,8.7e-05
block_cont_r9__lead_cont_r1,0.114377,0.114321,5.6e-05
block_cont_r9__lead_cont_r10,0.113794,0.113751,4.3e-05
block_cont_r9__lead_cont_r11,0.108928,0.108675,0.000253
block_cont_r9__lead_cont_r12,0.136544,0.136659,0.000115
block_cont_r9__lead_cont_r2,0.138441,0.138658,0.000217
block_cont_r9__lead_cont_r3,0.110766,0.110548,0.000218
block_cont_r9__lead_cont_r4,0.128934,0.128256,0.000678
block_cont_r9__lead_cont_r5,0.118042,0.118495,0.000453
block_cont_r9__lead_cont_r6,0.143669,0.143755,8.6e-05
block_cont_r9__lead_cont_r7,0.136717,0.136759,4.2e-05
block_cont_r9__lead_cont_r8,0.113248,0.11343,0.000182
block_cont_r9__lead_cont_r9,0.11728,0.118495,0.001215
block_cont_r9__lead_nec_r1,0.349291,0.349237,5.4e-05
block_cont_r9__lead_nec_r10,0.357477,0.357508,3.1e-05
block_cont_r9__lead_nec_r11,0.353688,0.353735,4.7e-05
block_cont_r9__lead_nec_r12,0.371156,0.371176,2e-05
block_cont_r9__lead_nec_r2,0.373359,0.373397,3.8e-05
block_cont_r9__lead_nec_r3,0.355534,0.355471,6.3e-05
block_cont_r9__lead_nec_r4,0.368799,0.368681,0.000118
block_cont_r9__lead_nec_r5,0.353645,0.353735,9e-05
block_cont_r9__lead_nec_r6,0.374688,0.374988,0.0003
block_cont_r9__lead_nec_r7,0.371329,0.371215,0.000114
block_cont_r9__lead_nec_r8,0.356885,0.356747,0.000138
block_cont_r9__lead_nec_r9,0.362234,0.362223,1.1e-05
block_cont_r9__lead_opt_r1,0.362462,0.362443,1.9e-05
block_cont_r9__lead_opt_r10,0.349168,0.349237,6.9e-05
block_cont_r9__lead_opt_r11,0.388851,0.388913,6.2e-05
block_cont_r9__lead_opt_r12,0.376823,0.376583,0.00024
block_cont_r9__lead_opt_r2,0.378957,0.379002,4.5e-05
block_cont_r9__lead_opt_r3,0.351986,0.351952,3.4e-05
block_cont_r9__lead_opt_r4,0.37669,0.376583,0.000107
block_cont_r9__lead_opt_r5,0.347189,0.347094,9.5e-05
block_cont_r9__lead_opt_r6,0.359257,0.359329,7.2e-05
block_cont_r9__lead_opt_r7,0.349206,0.349237,3.1e-05
block_cont_r9__lead_opt_r8,0.337605,0.337562,4.3e-05
block_cont_r9__lead_opt_r9,0.347292,0.347301,9e-06
block_nec_r1__cross_clear_r1,0.110273,0.110548,0.000275
block_nec_r1__cross_clear_r10,0.220616,0.221077,0.000461
block_nec_r1__cross_clear_r11,0.174339,0.175041,0.000702
block_nec_r1__cross_clear_r12,0.160732,0.160812,8e-05
block_nec_r1__cross_clear_r2,0.097895,0.0975,0.000395
block_nec_r1__cross_clear_r3,0.096033,0.095962,7.1e-05
block_nec_r1__cross_clear_r4,0.107798,0.107962,0.000164
block_nec_r1__cross_clear_r5,0.174032,0.173309,0.000723
block_nec_r1__cross_clear_r6,0.159962,0.159762,0.0002
block_nec_r1__cross_clear_r7,0.131442,0.132301,0.000859
block_nec_r1__cross_clear_r8,0.114413,0.114321,9.2e-05
block_nec_r1__cross_clear_r9,0.272909,0.272693,0.000216
block_nec_r1__cross_stall_occ_r1,0.37079,0.371176,0.000386
block_nec_r1__cross_stall_occ_r10,0.349112,0.349237,0.000125
block_nec_r1__cross_stall_occ_r11,0.355128,0.355128,0.0
block_nec_r1__cross_stall_occ_r12,0.324097,0.324117,2e-05
block_nec_r1__cross_stall_occ_r2,0.384596,0.384576,2e-05
block_nec_r1__cross_stall_occ_r3,0.337607,0.337562,4.5e-05
block_nec_r1__cross_stall_occ_r4,0.318613,0.31863,1.7e-05
block_nec_r1__cross_stall_occ_r5,0.321808,0.321812,4e-06
block_nec_r1__cross_stall_occ_r6,0.3345,0.334523,2.3e-05
block_nec_r1__cross_stall_occ_r7,0.35897,0.358973,3e-06
block_nec_r1__cross_stall_occ_r8,0.381164,0.381362,0.000198
block_nec_r1__cross_stall_occ_r9,0.345348,0.345368,2e-05
block_nec_r1__cross_stall_r1,0.04919,0.049196,6e-06
block_nec_r1__cross_stall_r10,0.044554,0.044556,2e-06
block_nec_r1__cross_stall_r11,0.018443,0.018298,0.000145
block_nec_r1__cross_stall_r12,0.037843,0.037923,8e-05
block_nec_r1__cross_stall_r2,0.059237,0.059273,3.6e-05
block_nec_r1__cross_stall_r3,0.035068,0.035027,4.1e-05
block_nec_r1__cross_stall_r4,0.048255,0.048118,0.000137
block_nec_r1__cross_stall_r5,0.019947,0.019947,0.0
block_nec_r1__cross_stall_r6,0.041789,0.041669,0.00012
block_nec_r1__cross_stall_r7,0.044899,0.044878,2.1e-05
block_nec_r1__cross_stall_r8,0.055569,0.055858,0.000289
block_nec_r1__cross_stall_r9,0.032965,0.032956,9e-06
block_nec_r1__lead_cont_r1,0.383532,0.383551,1.9e-05
block_nec_r1__lead_cont_r10,0.364043,0.364048,5e-06
block_nec_r1__lead_cont_r11,0.365944,0.365795,0.000149
block_nec_r1__lead_cont_r12,0.417871,0.417997,0.000126
block_nec_r1__lead_cont_r2,0.407596,0.407802,0.000206
block_nec_r1__lead_cont_r3,0.367783,0.367842,5.9e-05
block_nec_r1__lead_cont_r4,0.365955,0.365795,0.00016
block_nec_r1__lead_cont_r5,0.373937,0.373967,3e-05
block_nec_r1__lead_cont_r6,0.403429,0.403661,0.000232
block_nec_r1__lead_cont_r7,0.418044,0.417997,4.7e-05
block_nec_r1__lead_cont_r8,0.363498,0.363589,9.1e-05
block_nec_r1__lead_cont_r9,0.390423,0.391344,0.000921
block_nec_r1__lead_nec_r1,0.067095,0.067223,0.000128
block_nec_r1__lead_nec_r10,0.075281,0.075281,0.0
block_nec_r1__lead_nec_r11,0.071493,0.071487,6e-06
block_nec_r1__lead_nec_r12,0.08896,0.089085,0.000125
block_nec_r1__lead_nec_r2,0.091164,0.091308,0.000144
block_nec_r1__lead_nec_r3,0.073338,0.07328,5.8e-05
block_nec_r1__lead_nec_r4,0.086603,0.086482,0.000121
block_nec_r1__lead_nec_r5,0.07145,0.071487,3.7e-05
block_nec_r1__lead_nec_r6,0.092492,0.092505,1.3e-05
block_nec_r1__lead_nec_r7,0.089133,0.089085,4.8e-05
block_nec_r1__lead_nec_r8,0.074689,0.074896,0.000207
block_nec_r1__lead_nec_r9,0.080038,0.079892,0.000146
block_nec_r1__lead_opt_r1,0.080267,0.080268,1e-06
block_nec_r1__lead_opt_r10,0.066973,0.066861,0.000112
block_nec_r1__lead_opt_r11,0.106655,0.106555,0.0001
block_nec_r1__lead_opt_r12,0.094627,0.094653,2.6e-05
block_nec_r1__lead_opt_r2,0.096761,0.097053,0.000292
block_nec_r1__lead_opt_r3,0.06979,0.069794,4e-06
block_nec_r1__lead_opt_r4,0.094495,0.094653,0.000158
block_nec_r1__lead_opt_r5,0.064993,0.064953,4e-05
block_nec_r1__lead_opt_r6,0.077061,0.077113,5.2e-05
block_nec_r1__lead_opt_r7,0.06701,0.066861,0.000149
block_nec_r1__lead_opt_r8,0.05541,0.055264,0.000146
block_nec_r1__lead_opt_r9,0.065096,0.065087,9e-06
block_nec_r10__cross_clear_r1,0.093148,0.093121,2.7e-05
block_nec_r10__cross_clear_r10,0.241764,0.240868,0.000896
block_nec_r10__cross_clear_r11,0.151081,0.151097,1.6e-05
block_nec_r10__cross_clear_r12,0.154882,0.154413,0.000469
block_nec_r10__cross_clear_r2,0.092045,0.09164,0.000405
block_nec_r10__cross_clear_r3,0.077401,0.077208,0.000193
block_nec_r10__cross_clear_r4,0.097385,0.097393,8e-06
block_nec_r10__cross_clear_r5,0.157489,0.157467,2.2e-05
block_nec_r10__cross_clear_r6,0.154128,0.154259,0.000131
block_nec_r10__cross_clear_r7,0.110811,0.110548,0.000263
block_nec_r10__cross_clear_r8,0.108296,0.107962,0.000334
block_nec_r10__cross_clear_r9,0.245969,0.246019,5e-05
block_nec_r10__cross_stall_occ_r1,0.36494,0.364927,1.3e-05
block_nec_r10__cross_stall_occ_r10,0.343262,0.343288,2.6e-05
block_nec_r10__cross_stall_occ_r11,0.352595,0.352595,0.0
block_nec_r10__cross_stall_occ_r12,0.318248,0.318219,2.9e-05
block_nec_r10__cross_stall_occ_r2,0.378746,0.379002,0.000256
block_nec_r10__cross_stall_occ_r3,0.331757,0.331634,0.000123
block_nec_r10__cross_stall_occ_r4,0.312763,0.312723,4e-05
block_nec_r10__cross_stall_occ_r5,0.316198,0.316247,4.9e-05
block_nec_r10__cross_stall_occ_r6,0.32865,0.328813,0.000163
block_nec_r10__cross_stall_occ_r7,0.35312,0.353068,5.2e-05
block_nec_r10__cross_stall_occ_r8,0.375314,0.375294,2e-05
block_nec_r10__cross_stall_occ_r9,0.339498,0.339508,1e-05
block_nec_r10__cross_stall_r1,0.022251,0.022194,5.7e-05
block_nec_r10__cross_stall_r10,0.017615,0.01762,5e-06
block_nec_r10__cross_stall_r11,0.008861,0.008824,3.7e-05
block_nec_r10__cross_stall_r12,0.010903,0.0109,3e-06
block_nec_r10__cross_stall_r2,0.032298,0.031966,0.000332
block_nec_r10__cross_stall_r3,0.013164,0.013163,1e-06
block_nec_r10__cross_stall_r4,0.021316,0.021289,2.7e-05
block_nec_r10__cross_stall_r5,0.019168,0.01917,2e-06
block_nec_r10__cross_stall_r6,0.014849,0.014887,3.8e-05
block_nec_r10__cross_stall_r7,0.017959,0.01789,6.9e-05
block_nec_r10__cross_stall_r8,0.028629,0.028335,0.000294
block_nec_r10__cross_stall_r9,0.006026,0.005889,0.000137
block_nec_r10__lead_cont_r1,0.377683,0.37773,4.7e-05
block_nec_r10__lead_cont_r10,0.358193,0.358149,4.4e-05
block_nec_r10__lead_cont_r11,0.360094,0.360249,0.000155
block_nec_r10__lead_cont_r12,0.412021,0.412135,0.000114
block_nec_r10__lead_cont_r2,0.401746,0.402049,0.000303
block_nec_r10__lead_cont_r3,0.361932,0.36197,3.8e-05
block_nec_r10__lead_cont_r4,0.360105,0.360249,0.000144
block_nec_r10__lead_cont_r5,0.368087,0.36806,2.7e-05
block_nec_r10__lead_cont_r6,0.397579,0.397654,7.5e-05
block_nec_r10__lead_cont_r7,0.412194,0.412135,5.9e-05
block_nec_r10__lead_cont_r8,0.357648,0.357639,9e-06
block_nec_r10__lead_cont_r9,0.384573,0.384576,3e-06
block_nec_r10__lead_nec_r1,0.040156,0.040093,6.3e-05
block_nec_r10__lead_nec_r10,0.048342,0.048484,0.000142
block_nec_r10__lead_nec_r11,0.044553,0.044556,3e-06
block_nec_r10__lead_nec_r12,0.062021,0.062001,2e-05
block_nec_r10__lead_nec_r2,0.064224,0.064202,2.2e-05
block_nec_r10__lead_nec_r3,0.046399,0.046763,0.000364
block_nec_r10__lead_nec_r4,0.059664,0.059787,0.000123
block_nec_r10__lead_nec_r5,0.04451,0.0445,1e-05
block_nec_r10__lead_nec_r6,0.065553,0.065298,0.000255
block_nec_r10__lead_nec_r7,0.062194,0.0621,9.4e-05
block_nec_r10__lead_nec_r8,0.04775,0.048118,0.000368
block_nec_r10__lead_nec_r9,0.053099,0.053168,6.9e-05
block_nec_r10__lead_opt_r1,0.053327,0.053168,0.000159
block_nec_r10__lead_opt_r10,0.040033,0.040062,2.9e-05
block_nec_r10__lead_opt_r11,0.079716,0.079771,5.5e-05
block_nec_r10__lead_opt_r12,0.067688,0.067608,8e-05
block_nec_r10__lead_opt_r2,0.069822,0.069794,2.8e-05
block_nec_r10__lead_opt_r3,0.042851,0.042981,0.00013
block_nec_r10__lead_opt_r4,0.067555,0.067608,5.3e-05
block_nec_r10__lead_opt_r5,0.038054,0.038067,1.3e-05
block_nec_r10__lead_opt_r6,0.050122,0.050127,5e-06
block_nec_r10__lead_opt_r7,0.040071,0.040062,9e-06
block_nec_r10__lead_opt_r8,0.02847,0.028335,0.000135
block_nec_r10__lead_opt_r9,0.038157,0.038067,9e-05
block_nec_r11__cross_clear_r1,0.150933,0.151041,0.000108
block_nec_r11__cross_clear_r10,0.173672,0.173309,0.000363
block_nec_r11__cross_clear_r11,0.242713,0.242729,1.6e-05
block_nec_r11__cross_clear_r12,0.169025,0.169186,0.000161
block_nec_r11__cross_clear_r2,0.128723,0.128256,0.000467
block_nec_r11__cross_clear_r3,0.173874,0.173309,0.000565
block_nec_r11__cross_clear_r4,0.160529,0.160337,0.000192
block_nec_r11__cross_clear_r5,0.226061,0.225585,0.000476
block_nec_r11__cross_clear_r6,0.163257,0.163791,0.000534
block_nec_r11__cross_clear_r7,0.195201,0.194918,0.000283
block_nec_r11__cross_clear_r8,0.141045,0.140785,0.00026
block_nec_r11__cross_clear_r9,0.351048,0.351044,4e-06
block_nec_r11__cross_stall_occ_r1,0.337428,0.337467,3.9e-05
block_nec_r11__cross_stall_occ_r10,0.339383,0.339477,9.4e-05
block_nec_r11__cross_stall_occ_r11,0.321766,0.321766,0.0
block_nec_r11__cross_stall_occ_r12,0.310813,0.310869,5.6e-05
block_nec_r11__cross_stall_occ_r2,0.351234,0.35118,5.4e-05
block_nec_r11__cross_stall_occ_r3,0.327877,0.327803,7.4e-05
block_nec_r11__cross_stall_occ_r4,0.318374,0.318347,2.7e-05
block_nec_r11__cross_stall_occ_r5,0.308131,0.30813,1e-06
block_nec_r11__cross_stall_occ_r6,0.317931,0.317973,4.2e-05
block_nec_r11__cross_stall_occ_r7,0.325608,0.325618,1e-05
block_nec_r11__cross_stall_occ_r8,0.347802,0.347515,0.000287
block_nec_r11__cross_stall_occ_r9,0.311986,0.312022,3.6e-05
block_nec_r11__cross_stall_r1,0.128805,0.128256,0.000549
block_nec_r11__cross_stall_r10,0.124169,0.124202,3.3e-05
block_nec_r11__cross_stall_r11,0.097694,0.0975,0.000194
block_nec_r11__cross_stall_r12,0.117458,0.118495,0.001037
block_nec_r11__cross_stall_r2,0.138853,0.1388,5.3e-05
block_nec_r11__cross_stall_r3,0.114684,0.11465,3.4e-05
block_nec_r11__cross_stall_r4,0.12787,0.127515,0.000355
block_nec_r11__cross_stall_r5,0.088383,0.088389,6e-06
block_nec_r11__cross_stall_r6,0.121404,0.121398,6e-06
block_nec_r11__cross_stall_r7,0.124514,0.124202,0.000312
block_nec_r11__cross_stall_r8,0.135184,0.135406,0.000222
block_nec_r11__cross_stall_r9,0.11258,0.112675,9.5e-05
block_nec_r11__lead_cont_r1,0.35017,0.350173,3e-06
block_nec_r11__lead_cont_r10,0.346588,0.346622,3.4e-05
block_nec_r11__lead_cont_r11,0.356215,0.356102,0.000113
block_nec_r11__lead_cont_r12,0.384509,0.384576,6.7e-05
block_nec_r11__lead_cont_r2,0.374233,0.37414,9.3e-05
block_nec_r11__lead_cont_r3,0.358053,0.358068,1.5e-05
block_nec_r11__lead_cont_r4,0.362919,0.362924,5e-06
block_nec_r11__lead_cont_r5,0.357587,0.357546,4.1e-05
block_nec_r11__lead_cont_r6,0.384914,0.384711,0.000203
block_nec_r11__lead_cont_r7,0.384682,0.384711,2.9e-05
block_nec_r11__lead_cont_r8,0.346042,0.345942,0.0001
block_nec_r11__lead_cont_r9,0.372424,0.37231,0.000114
block_nec_r11__lead_nec_r1,0.14671,0.146819,0.000109
block_nec_r11__lead_nec_r10,0.154897,0.154413,0.000484
block_nec_r11__lead_nec_r11,0.151108,0.151097,1.1e-05
block_nec_r11__lead_nec_r12,0.168576,0.168547,2.9e-05
block_nec_r11__lead_nec_r2,0.170779,0.170458,0.000321
block_nec_r11__lead_nec_r3,0.152953,0.152996,4.3e-05
block_nec_r11__lead_nec_r4,0.166219,0.166277,5.8e-05
block_nec_r11__lead_nec_r5,0.151065,0.151041,2.4e-05
block_nec_r11__lead_nec_r6,0.172107,0.172372,0.000265
block_nec_r11__lead_nec_r7,0.168749,0.168547,0.000202
block_nec_r11__lead_nec_r8,0.154304,0.154259,4.5e-05
block_nec_r11__lead_nec_r9,0.159654,0.159615,3.9e-05
block_nec_r11__lead_opt_r1,0.159882,0.159762,0.00012
block_nec_r11__lead_opt_r10,0.146588,0.146557,3.1e-05
block_nec_r11__lead_opt_r11,0.18627,0.186433,0.000163
block_nec_r11__lead_opt_r12,0.174243,0.175041,0.000798
block_nec_r11__lead_opt_r2,0.176377,0.175721,0.000656
block_nec_r11__lead_opt_r3,0.149405,0.149704,0.000299
block_nec_r11__lead_opt_r4,0.17411,0.173309,0.000801
block_nec_r11__lead_opt_r5,0.144608,0.143978,0.00063
block_nec_r11__lead_opt_r6,0.156676,0.15661,6.6e-05
block_nec_r11__lead_opt_r7,0.146626,0.146557,6.9e-05
block_nec_r11__lead_opt_r8,0.135025,0.135406,0.000381
block_nec_r11__lead_opt_r9,0.144712,0.143978,0.000734
block_nec_r12__cross_clear_r1,0.081397,0.081488,9.1e-05
block_nec_r12__cross_clear_r10,0.252488,0.251182,0.001306
block_nec_r12__cross_clear_r11,0.143836,0.143756,8e-05
block_nec_r12__cross_clear_r12,0.148502,0.148383,0.000119
block_nec_r12__cross_clear_r2,0.079944,0.079892,5.2e-05
block_nec_r12__cross_clear_r3,0.0653,0.065298,2e-06
block_nec_r12__cross_clear_r4,0.085284,0.085051,0.000233
block_nec_r12__cross_clear_r5,0.155662,0.155659,3e-06
block_nec_r12__cross_clear_r6,0.160967,0.160812,0.000155
block_nec_r12__cross_clear_r7,0.09871,0.098523,0.000187
block_nec_r12__cross_clear_r8,0.096195,0.096332,0.000137
block_nec_r12__cross_clear_r9,0.233868,0.233733,0.000135
block_nec_r12__cross_stall_occ_r1,0.352839,0.352809,3e-05
block_nec_r12__cross_stall_occ_r10,0.331161,0.33117,9e-06
block_nec_r12__cross_stall_occ_r11,0.362822,0.362822,0.0
block_nec_r12__cross_stall_occ_r12,0.312122,0.312022,0.0001
block_nec_r12__cross_stall_occ_r2,0.366645,0.366843,0.000198
block_nec_r12__cross_stall_occ_r3,0.319814,0.319836,2.2e-05
block_nec_r12__cross_stall_occ_r4,0.300662,0.300688,2.6e-05
block_nec_r12__cross_stall_occ_r5,0.320631,0.320641,1e-05
block_nec_r12__cross_stall_occ_r6,0.319204,0.319175,2.9e-05
block_nec_r12__cross_stall_occ_r7,0.341019,0.341018,1e-06
block_nec_r12__cross_stall_occ_r8,0.363213,0.363132,8.1e-05
block_nec_r12__cross_stall_occ_r9,0.329831,0.329836,5e-06
block_nec_r12__cross_stall_r1,0.01015,0.010146,4e-06
block_nec_r12__cross_stall_r10,0.005519,0.005563,4.4e-05
block_nec_r12__cross_stall_r11,0.020962,0.020999,3.7e-05
block_nec_r12__cross_stall_r12,0.00498,0.004978,2e-06
block_nec_r12__cross_stall_r2,0.020197,0.020132,6.5e-05
block_nec_r12__cross_stall_r3,0.005299,0.00534,4.1e-05
block_nec_r12__cross_stall_r4,0.009215,0.009238,2.3e-05
block_nec_r12__cross_stall_r5,0.030273,0.030177,9.6e-05
block_nec_r12__cross_stall_r6,0.005404,0.005349,5.5e-05
block_nec_r12__cross_stall_r7,0.005858,0.005889,3.1e-05
block_nec_r12__cross_stall_r8,0.016528,0.016475,5.3e-05
block_nec_r12__cross_stall_r9,0.006075,0.006243,0.000168
block_nec_r12__lead_cont_r1,0.365582,0.365582,0.0
block_nec_r12__lead_cont_r10,0.346093,0.346189,9.6e-05
block_nec_r12__lead_cont_r11,0.347993,0.348197,0.000204
block_nec_r12__lead_cont_r12,0.39992,0.397989,0.001931
block_nec_r12__lead_cont_r2,0.389645,0.388913,0.000732
block_nec_r12__lead_cont_r3,0.349832,0.349829,3e-06
block_nec_r12__lead_cont_r4,0.348004,0.348197,0.000193
block_nec_r12__lead_cont_r5,0.355986,0.356102,0.000116
block_nec_r12__lead_cont_r6,0.385478,0.384711,0.000767
block_nec_r12__lead_cont_r7,0.400093,0.402049,0.001956
block_nec_r12__lead_cont_r8,0.345547,0.345368,0.000179
block_nec_r12__lead_cont_r9,0.372472,0.372615,0.000143
block_nec_r12__lead_nec_r1,0.028055,0.028153,9.8e-05
block_nec_r12__lead_nec_r10,0.036241,0.036174,6.7e-05
block_nec_r12__lead_nec_r11,0.032453,0.032792,0.000339
block_nec_r12__lead_nec_r12,0.04992,0.049808,0.000112
block_nec_r12__lead_nec_r2,0.052123,0.0521,2.3e-05
block_nec_r12__lead_nec_r3,0.034298,0.034322,2.4e-05
block_nec_r12__lead_nec_r4,0.047563,0.048118,0.000555
block_nec_r12__lead_nec_r5,0.032409,0.032792,0.000383
block_nec_r12__lead_nec_r6,0.053452,0.053682,0.00023
block_nec_r12__lead_nec_r7,0.050093,0.050088,5e-06
block_nec_r12__lead_nec_r8,0.035649,0.035602,4.7e-05
block_nec_r12__lead_nec_r9,0.040998,0.041159,0.000161
block_nec_r12__lead_opt_r1,0.041226,0.041159,6.7e-05
block_nec_r12__lead_opt_r10,0.027932,0.028153,0.000221
block_nec_r12__lead_opt_r11,0.067615,0.067608,7e-06
block_nec_r12__lead_opt_r12,0.055587,0.055858,0.000271
block_nec_r12__lead_opt_r2,0.057721,0.057719,2e-06
block_nec_r12__lead_opt_r3,0.03075,0.030836,8.6e-05
block_nec_r12__lead_opt_r4,0.055454,0.055264,0.00019
block_nec_r12__lead_opt_r5,0.025994,0.026068,7.4e-05
block_nec_r12__lead_opt_r6,0.038021,0.037982,3.9e-05
block_nec_r12__lead_opt_r7,0.029631,0.029634,3e-06
block_nec_r12__lead_opt_r8,0.020372,0.020424,5.2e-05
block_nec_r12__lead_opt_r9,0.026056,0.026068,1.2e-05
block_nec_r2__cross_clear_r1,0.094155,0.094653,0.000498
block_nec_r2__cross_clear_r10,0.241462,0.240868,0.000594
block_nec_r2__cross_clear_r11,0.153242,0.153275,3.3e-05
block_nec_r2__cross_clear_r12,0.155889,0.155659,0.00023
block_nec_r2__cross_clear_r2,0.093052,0.093121,6.9e-05
block_nec_r2__cross_clear_r3,0.078408,0.078333,7.5e-05
block_nec_r2__cross_clear_r4,0.098392,0.098523,0.000131
block_nec_r2__cross_clear_r5,0.159891,0.159762,0.000129
block_nec_r2__cross_clear_r6,0.156697,0.156771,7.4e-05
block_nec_r2__cross_clear_r7,0.111818,0.112448,0.00063
block_nec_r2__cross_clear_r8,0.109303,0.108675,0.000628
block_nec_r2__cross_clear_r9,0.246977,0.246811,0.000166
block_nec_r2__cross_stall_occ_r1,0.365947,0.365795,0.000152
block_nec_r2__cross_stall_occ_r10,0.344269,0.344256,1.3e-05
block_nec_r2__cross_stall_occ_r11,0.355162,0.355162,0.0
block_nec_r2__cross_stall_occ_r12,0.319255,0.319241,1.4e-05
block_nec_r2__cross_stall_occ_r2,0.379753,0.37969,6.3e-05
block_nec_r2__cross_stall_occ_r3,0.332764,0.332722,4.2e-05
block_nec_r2__cross_stall_occ_r4,0.313771,0.313744,2.7e-05
block_nec_r2__cross_stall_occ_r5,0.318544,0.318593,4.9e-05
block_nec_r2__cross_stall_occ_r6,0.329657,0.329653,4e-06
block_nec_r2__cross_stall_occ_r7,0.354127,0.354037,9e-05
block_nec_r2__cross_stall_occ_r8,0.376322,0.376583,0.000261
block_nec_r2__cross_stall_occ_r9,0.340505,0.340569,6.4e-05
block_nec_r2__cross_stall_r1,0.023258,0.023178,8e-05
block_nec_r2__cross_stall_r10,0.018622,0.018619,3e-06
block_nec_r2__cross_stall_r11,0.008883,0.008901,1.8e-05
block_nec_r2__cross_stall_r12,0.011911,0.011914,3e-06
block_nec_r2__cross_stall_r2,0.033305,0.033317,1.2e-05
block_nec_r2__cross_stall_r3,0.014171,0.014163,8e-06
block_nec_r2__cross_stall_r4,0.022323,0.02231,1.3e-05
block_nec_r2__cross_stall_r5,0.021361,0.021374,1.3e-05
block_nec_r2__cross_stall_r6,0.015857,0.015833,2.4e-05
block_nec_r2__cross_stall_r7,0.018967,0.018908,5.9e-05
block_nec_r2__cross_stall_r8,0.029637,0.029634,3e-06
block_nec_r2__cross_stall_r9,0.007033,0.007025,8e-06
block_nec_r2__lead_cont_r1,0.37869,0.378423,0.000267
block_nec_r2__lead_cont_r10,0.359201,0.359133,6.8e-05
block_nec_r2__lead_cont_r11,0.361102,0.361131,2.9e-05
block_nec_r2__lead_cont_r12,0.413028,0.412884,0.000144
block_nec_r2__lead_cont_r2,0.402753,0.402464,0.000289
block_nec_r2__lead_cont_r3,0.36294,0.362924,1.6e-05
block_nec_r2__lead_cont_r4,0.361112,0.361131,1.9e-05
block_nec_r2__lead_cont_r5,0.369094,0.369108,1.4e-05
block_nec_r2__lead_cont_r6,0.398586,0.397989,0.000597
block_nec_r2__lead_cont_r7,0.413201,0.413332,0.000131
block_nec_r2__lead_cont_r8,0.358655,0.358575,8e-05
block_nec_r2__lead_cont_r9,0.38558,0.384711,0.000869
block_nec_r2__lead_nec_r1,0.041163,0.041159,4e-06
block_nec_r2__lead_nec_r10,0.049349,0.049348,1e-06
block_nec_r2__lead_nec_r11,0.045561,0.045595,3.4e-05
block_nec_r2__lead_nec_r12,0.063028,0.062902,0.000126
block_nec_r2__lead_nec_r2,0.065232,0.065298,6.6e-05
block_nec_r2__lead_nec_r3,0.047406,0.046802,0.000604
block_nec_r2__lead_nec_r4,0.060671,0.060762,9.1e-05
block_nec_r2__lead_nec_r5,0.045518,0.045471,4.7e-05
block_nec_r2__lead_nec_r6,0.06656,0.066598,3.8e-05
block_nec_r2__lead_nec_r7,0.063201,0.063304,0.000103
block_nec_r2__lead_nec_r8,0.048757,0.048772,1.5e-05
block_nec_r2__lead_nec_r9,0.054106,0.054145,3.9e-05
block_nec_r2__lead_opt_r1,0.054334,0.054359,2.5e-05
block_nec_r2__lead_opt_r10,0.04104,0.041159,0.000119
block_nec_r2__lead_opt_r11,0.080723,0.080622,0.000101
block_nec_r2__lead_opt_r12,0.068695,0.068672,2.3e-05
block_nec_r2__lead_opt_r2,0.070829,0.070826,3e-06
block_nec_r2__lead_opt_r3,0.043858,0.043934,7.6e-05
block_nec_r2__lead_opt_r4,0.068562,0.068504,5.8e-05
block_nec_r2__lead_opt_r5,0.039061,0.039074,1.3e-05
block_nec_r2__lead_opt_r6,0.051129,0.051175,4.6e-05
block_nec_r2__lead_opt_r7,0.041078,0.041159,8.1e-05
block_nec_r2__lead_opt_r8,0.029512,0.029502,1e-05
block_nec_r2__lead_opt_r9,0.039164,0.039218,5.4e-05
block_nec_r3__cross_clear_r1,0.112001,0.112448,0.000447
block_nec_r3__cross_clear_r10,0.213135,0.213251,0.000116
block_nec_r3__cross_clear_r11,0.185152,0.186433,0.001281
block_nec_r3__cross_clear_r12,0.159886,0.159762,0.000124
block_nec_r3__cross_clear_r2,0.097705,0.0975,0.000205
block_nec_r3__cross_clear_r3,0.107133,0.10698,0.000153
block_nec_r3__cross_clear_r4,0.111329,0.110548,0.000781
block_nec_r3__cross_clear_r5,0.1823,0.18213,0.00017
block_nec_r3__cross_clear_r6,0.159116,0.159068,4.8e-05
block_nec_r3__cross_clear_r7,0.138882,0.1388,8.2e-05
block_nec_r3__cross_clear_r8,0.114663,0.11465,1.3e-05
block_nec_r3__cross_clear_r9,0.285044,0.284955,8.9e-05
block_nec_r3__cross_stall_occ_r1,0.369944,0.370182,0.000238
block_nec_r3__cross_stall_occ_r10,0.348267,0.348197,7e-05
block_nec_r3__cross_stall_occ_r11,0.354283,0.354283,0.0
block_nec_r3__cross_stall_occ_r12,0.323252,0.323187,6.5e-05
block_nec_r3__cross_stall_occ_r2,0.38375,0.383724,2.6e-05
block_nec_r3__cross_stall_occ_r3,0.336761,0.336705,5.6e-05
block_nec_r3__cross_stall_occ_r4,0.317768,0.317746,2.2e-05
block_nec_r3__cross_stall_occ_r5,0.320962,0.321051,8.9e-05
block_nec_r3__cross_stall_occ_r6,0.333654,0.333731,7.7e-05
block_nec_r3__cross_stall_occ_r7,0.358124,0.358149,2.5e-05
block_nec_r3__cross_stall_occ_r8,0.380319,0.380394,7.5e-05
block_nec_r3__cross_stall_occ_r9,0.344502,0.344492,1e-05
block_nec_r3__cross_stall_r1,0.061325,0.061414,8.9e-05
block_nec_r3__cross_stall_r10,0.056689,0.056582,0.000107
block_nec_r3__cross_stall_r11,0.030213,0.030177,3.6e-05
block_nec_r3__cross_stall_r12,0.049978,0.050088,0.00011
block_nec_r3__cross_stall_r2,0.071372,0.071376,4e-06
block_nec_r3__cross_stall_r3,0.047203,0.046802,0.000401
block_nec_r3__cross_stall_r4,0.06039,0.060376,1.4e-05
block_nec_r3__cross_stall_r5,0.023003,0.023002,1e-06
block_nec_r3__cross_stall_r6,0.053924,0.054001,7.7e-05
block_nec_r3__cross_stall_r7,0.057034,0.056998,3.6e-05
block_nec_r3__cross_stall_r8,0.067704,0.067608,9.6e-05
block_nec_r3__cross_stall_r9,0.0451,0.045103,3e-06
block_nec_r3__lead_cont_r1,0.382687,0.382509,0.000178
block_nec_r3__lead_cont_r10,0.363198,0.363132,6.6e-05
block_nec_r3__lead_cont_r11,0.365099,0.365059,4e-05
block_nec_r3__lead_cont_r12,0.417025,0.417143,0.000118
block_nec_r3__lead_cont_r2,0.40675,0.406798,4.8e-05
block_nec_r3__lead_cont_r3,0.366937,0.366912,2.5e-05
block_nec_r3__lead_cont_r4,0.365109,0.365059,5e-05
block_nec_r3__lead_cont_r5,0.373091,0.372972,0.000119
block_nec_r3__lead_cont_r6,0.402583,0.402464,0.000119
block_nec_r3__lead_cont_r7,0.417198,0.417143,5.5e-05
block_nec_r3__lead_cont_r8,0.362652,0.362641,1.1e-05
block_nec_r3__lead_cont_r9,0.389577,0.388913,0.000664
block_nec_r3__lead_nec_r1,0.07923,0.079323,9.3e-05
block_nec_r3__lead_nec_r10,0.087416,0.087382,3.4e-05
block_nec_r3__lead_nec_r11,0.083628,0.083608,2e-05
block_nec_r3__lead_nec_r12,0.101095,0.101055,4e-05
block_nec_r3__lead_nec_r2,0.103299,0.103294,5e-06
block_nec_r3__lead_nec_r3,0.085473,0.085702,0.000229
block_nec_r3__lead_nec_r4,0.098738,0.098523,0.000215
block_nec_r3__lead_nec_r5,0.083585,0.083607,2.2e-05
block_nec_r3__lead_nec_r6,0.104627,0.104786,0.000159
block_nec_r3__lead_nec_r7,0.101268,0.101055,0.000213
block_nec_r3__lead_nec_r8,0.086824,0.086819,5e-06
block_nec_r3__lead_nec_r9,0.092173,0.092505,0.000332
block_nec_r3__lead_opt_r1,0.092402,0.092505,0.000103
block_nec_r3__lead_opt_r10,0.079107,0.079014,9.3e-05
block_nec_r3__lead_opt_r11,0.11879,0.118656,0.000134
block_nec_r3__lead_opt_r12,0.106762,0.106555,0.000207
block_nec_r3__lead_opt_r2,0.108896,0.108675,0.000221
block_nec_r3__lead_opt_r3,0.081925,0.082,7.5e-05
block_nec_r3__lead_opt_r4,0.10663,0.106555,7.5e-05
block_nec_r3__lead_opt_r5,0.077128,0.077113,1.5e-05
block_nec_r3__lead_opt_r6,0.089196,0.089085,0.000111
block_nec_r3__lead_opt_r7,0.079145,0.079014,0.000131
block_nec_r3__lead_opt_r8,0.067545,0.067608,6.3e-05
block_nec_r3__lead_opt_r9,0.077231,0.077208,2.3e-05
block_nec_r4__cross_clear_r1,0.100173,0.100152,2.1e-05
block_nec_r4__cross_clear_r10,0.235091,0.235066,2.5e-05
block_nec_r4__cross_clear_r11,0.157109,0.157323,0.000214
block_nec_r4__cross_clear_r12,0.160645,0.160812,0.000167
block_nec_r4__cross_clear_r2,0.097808,0.0975,0.000308
block_nec_r4__cross_clear_r3,0.084371,0.08433,4.1e-05
block_nec_r4__cross_clear_r4,0.103456,0.103413,4.3e-05
block_nec_r4__cross_clear_r5,0.160576,0.160812,0.000236
block_nec_r4__cross_clear_r6,0.159875,0.159762,0.000113
block_nec_r4__cross_clear_r7,0.118044,0.118495,0.000451
block_nec_r4__cross_clear_r8,0.114059,0.114321,0.000262
block_nec_r4__cross_clear_r9,0.254001,0.253946,5.5e-05
block_nec_r4__cross_stall_occ_r1,0.370703,0.370395,0.000308
block_nec_r4__cross_stall_occ_r10,0.349025,0.348888,0.000137
block_nec_r4__cross_stall_occ_r11,0.355097,0.355097,0.0
block_nec_r4__cross_stall_occ_r12,0.324011,0.324065,5.4e-05
block_nec_r4__cross_stall_occ_r2,0.384509,0.384576,6.7e-05
block_nec_r4__cross_stall_occ_r3,0.33752,0.337527,7e-06
block_nec_r4__cross_stall_occ_r4,0.318527,0.318593,6.6e-05
block_nec_r4__cross_stall_occ_r5,0.321721,0.321766,4.5e-05
block_nec_r4__cross_stall_occ_r6,0.334413,0.334523,0.00011
block_nec_r4__cross_stall_occ_r7,0.358883,0.358895,1.2e-05
block_nec_r4__cross_stall_occ_r8,0.381078,0.381362,0.000284
block_nec_r4__cross_stall_occ_r9,0.345261,0.345368,0.000107
block_nec_r4__cross_stall_r1,0.030282,0.030177,0.000105
block_nec_r4__cross_stall_r10,0.025646,0.025626,2e-05
block_nec_r4__cross_stall_r11,0.003178,0.003192,1.4e-05
block_nec_r4__cross_stall_r12,0.018935,0.018908,2.7e-05
block_nec_r4__cross_stall_r2,0.040329,0.040308,2.1e-05
block_nec_r4__cross_stall_r3,0.018927,0.018908,1.9e-05
block_nec_r4__cross_stall_r4,0.029347,0.029352,5e-06
block_nec_r4__cross_stall_r5,0.019915,0.019938,2.3e-05
block_nec_r4__cross_stall_r6,0.022881,0.023002,0.000121
block_nec_r4__cross_stall_r7,0.025991,0.026068,7.7e-05
block_nec_r4__cross_stall_r8,0.036661,0.036692,3.1e-05
block_nec_r4__cross_stall_r9,0.014057,0.014122,6.5e-05
block_nec_r4__lead_cont_r1,0.383446,0.383551,0.000105
block_nec_r4__lead_cont_r10,0.363957,0.363897,6e-05
block_nec_r4__lead_cont_r11,0.365858,0.365795,6.3e-05
block_nec_r4__lead_cont_r12,0.417784,0.417997,0.000213
block_nec_r4__lead_cont_r2,0.407509,0.407802,0.000293
block_nec_r4__lead_cont_r3,0.367696,0.367695,1e-06
block_nec_r4__lead_cont_r4,0.365868,0.365795,7.3e-05
block_nec_r4__lead_cont_r5,0.37385,0.373864,1.4e-05
block_nec_r4__lead_cont_r6,0.403342,0.403087,0.000255
block_nec_r4__lead_cont_r7,0.417957,0.417997,4e-05
block_nec_r4__lead_cont_r8,0.363411,0.363392,1.9e-05
block_nec_r4__lead_cont_r9,0.390336,0.391344,0.001008
block_nec_r4__lead_nec_r1,0.048187,0.048118,6.9e-05
block_nec_r4__lead_nec_r10,0.056373,0.056582,0.000209
block_nec_r4__lead_nec_r11,0.052585,0.052438,0.000147
block_nec_r4__lead_nec_r12,0.070052,0.069945,0.000107
block_nec_r4__lead_nec_r2,0.072256,0.072168,8.8e-05
block_nec_r4__lead_nec_r3,0.05443,0.054414,1.6e-05
block_nec_r4__lead_nec_r4,0.067695,0.067608,8.7e-05
block_nec_r4__lead_nec_r5,0.052542,0.052438,0.000104
block_nec_r4__lead_nec_r6,0.073584,0.073579,5e-06
block_nec_r4__lead_nec_r7,0.070225,0.069945,0.00028
block_nec_r4__lead_nec_r8,0.055781,0.055858,7.7e-05
block_nec_r4__lead_nec_r9,0.06113,0.061154,2.4e-05
block_nec_r4__lead_opt_r1,0.061358,0.061414,5.6e-05
block_nec_r4__lead_opt_r10,0.048064,0.048118,5.4e-05
block_nec_r4__lead_opt_r11,0.087747,0.087572,0.000175
block_nec_r4__lead_opt_r12,0.075719,0.075576,0.000143
block_nec_r4__lead_opt_r2,0.077853,0.078018,0.000165
block_nec_r4__lead_opt_r3,0.050882,0.050915,3.3e-05
block_nec_r4__lead_opt_r4,0.075587,0.075576,1.1e-05
block_nec_r4__lead_opt_r5,0.046085,0.046006,7.9e-05
block_nec_r4__lead_opt_r6,0.058153,0.05813,2.3e-05
block_nec_r4__lead_opt_r7,0.048102,0.048118,1.6e-05
block_nec_r4__lead_opt_r8,0.036502,0.03661,0.000108
block_nec_r4__lead_opt_r9,0.046188,0.046006,0.000182
block_nec_r5__cross_clear_r1,0.130634,0.130267,0.000367
block_nec_r5__cross_clear_r10,0.176022,0.175721,0.000301
block_nec_r5__cross_clear_r11,0.225978,0.225585,0.000393
block_nec_r5__cross_clear_r12,0.170132,0.170035,9.7e-05
block_nec_r5__cross_clear_r2,0.114911,0.11486,5.1e-05
block_nec_r5__cross_clear_r3,0.150396,0.150564,0.000168
block_nec_r5__cross_clear_r4,0.137647,0.137403,0.000244
block_nec_r5__cross_clear_r5,0.217049,0.21734,0.000291
block_nec_r5__cross_clear_r6,0.165608,0.165711,0.000103
block_nec_r5__cross_clear_r7,0.174866,0.175041,0.000175
block_nec_r5__cross_clear_r8,0.129145,0.12999,0.000845
block_nec_r5__cross_clear_r9,0.328788,0.328813,2.5e-05
block_nec_r5__cross_stall_occ_r1,0.339778,0.339956,0.000178
block_nec_r5__cross_stall_occ_r10,0.341733,0.341864,0.000131
block_nec_r5__cross_stall_occ_r11,0.324117,0.324117,0.0
block_nec_r5__cross_stall_occ_r12,0.312816,0.312723,9.3e-05
block_nec_r5__cross_stall_occ_r2,0.353584,0.353532,5.2e-05
block_nec_r5__cross_stall_occ_r3,0.330227,0.330098,0.000129
block_nec_r5__cross_stall_occ_r4,0.32035,0.320267,8.3e-05
block_nec_r5__cross_stall_occ_r5,0.310481,0.31049,9e-06
block_nec_r5__cross_stall_occ_r6,0.320282,0.320267,1.5e-05
block_nec_r5__cross_stall_occ_r7,0.327958,0.327955,3e-06
block_nec_r5__cross_stall_occ_r8,0.350152,0.350141,1.1e-05
block_nec_r5__cross_stall_occ_r9,0.314336,0.314302,3.4e-05
block_nec_r5__cross_stall_r1,0.105327,0.105547,0.00022
block_nec_r5__cross_stall_r10,0.100692,0.100642,5e-05
block_nec_r5__cross_stall_r11,0.074216,0.074086,0.00013
block_nec_r5__cross_stall_r12,0.09398,0.093447,0.000533
block_nec_r5__cross_stall_r2,0.115375,0.115303,7.2e-05
block_nec_r5__cross_stall_r3,0.091206,0.091308,0.000102
block_nec_r5__cross_stall_r4,0.104392,0.104363,2.9e-05
block_nec_r5__cross_stall_r5,0.064905,0.064867,3.8e-05
block_nec_r5__cross_stall_r6,0.097926,0.0975,0.000426
block_nec_r5__cross_stall_r7,0.101036,0.101055,1.9e-05
block_nec_r5__cross_stall_r8,0.111706,0.112448,0.000742
block_nec_r5__cross_stall_r9,0.089103,0.089085,1.8e-05
block_nec_r5__lead_cont_r1,0.352521,0.352595,7.4e-05
block_nec_r5__lead_cont_r10,0.348392,0.348392,0.0
block_nec_r5__lead_cont_r11,0.358565,0.358575,1e-05
block_nec_r5__lead_cont_r12,0.386859,0.388017,0.001158
block_nec_r5__lead_cont_r2,0.376584,0.376583,1e-06
block_nec_r5__lead_cont_r3,0.360403,0.360465,6.2e-05
block_nec_r5__lead_cont_r4,0.36527,0.365059,0.000211
block_nec_r5__lead_cont_r5,0.359851,0.359565,0.000286
block_nec_r5__lead_cont_r6,0.386217,0.384711,0.001506
block_nec_r5__lead_cont_r7,0.387032,0.388017,0.000985
block_nec_r5__lead_cont_r8,0.347846,0.347515,0.000331
block_nec_r5__lead_cont_r9,0.374775,0.374988,0.000213
block_nec_r5__lead_nec_r1,0.123232,0.123271,3.9e-05
block_nec_r5__lead_nec_r10,0.131419,0.132301,0.000882
block_nec_r5__lead_nec_r11,0.12763,0.127515,0.000115
block_nec_r5__lead_nec_r12,0.145098,0.145447,0.000349
block_nec_r5__lead_nec_r2,0.147301,0.146819,0.000482
block_nec_r5__lead_nec_r3,0.129476,0.12999,0.000514
block_nec_r5__lead_nec_r4,0.142741,0.142029,0.000712
block_nec_r5__lead_nec_r5,0.127587,0.127515,7.2e-05
block_nec_r5__lead_nec_r6,0.14863,0.148719,8.9e-05
block_nec_r5__lead_nec_r7,0.145271,0.145447,0.000176
block_nec_r5__lead_nec_r8,0.130827,0.130267,0.00056
block_nec_r5__lead_nec_r9,0.136176,0.136152,2.4e-05
block_nec_r5__lead_opt_r1,0.136404,0.136152,0.000252
block_nec_r5__lead_opt_r10,0.12311,0.123005,0.000105
block_nec_r5__lead_opt_r11,0.162793,0.163791,0.000998
block_nec_r5__lead_opt_r12,0.150765,0.150564,0.000201
block_nec_r5__lead_opt_r2,0.152899,0.152996,9.7e-05
block_nec_r5__lead_opt_r3,0.125927,0.126456,0.000529
block_nec_r5__lead_opt_r4,0.150632,0.150564,6.8e-05
block_nec_r5__lead_opt_r5,0.121131,0.121398,0.000267
block_nec_r5__lead_opt_r6,0.133198,0.133381,0.000183
block_nec_r5__lead_opt_r7,0.123148,0.123271,0.000123
block_nec_r5__lead_opt_r8,0.111547,0.112448,0.000901
block_nec_r5__lead_opt_r9,0.121234,0.121398,0.000164
block_nec_r6__cross_clear_r1,0.106894,0.10698,8.6e-05
block_nec_r6__cross_clear_r10,0.224643,0.224654,1.1e-05
block_nec_r6__cross_clear_r11,0.167571,0.167558,1.3e-05
block_nec_r6__cross_clear_r12,0.162991,0.163791,0.0008
block_nec_r6__cross_clear_r2,0.100154,0.100152,2e-06
block_nec_r6__cross_clear_r3,0.091636,0.09164,4e-06
block_nec_r6__cross_clear_r4,0.107882,0.107962,8e-05
block_nec_r6__cross_clear_r5,0.165735,0.165711,2.4e-05
block_nec_r6__cross_clear_r6,0.162221,0.161378,0.000843
block_nec_r6__cross_clear_r7,0.126417,0.126456,3.9e-05
block_nec_r6__cross_clear_r8,0.116617,0.11593,0.000687
block_nec_r6__cross_clear_r9,0.265567,0.265395,0.000172
block_nec_r6__cross_stall_occ_r1,0.373049,0.372972,7.7e-05
block_nec_r6__cross_stall_occ_r10,0.351372,0.351441,6.9e-05
block_nec_r6__cross_stall_occ_r11,0.357388,0.357388,0.0
block_nec_r6__cross_stall_occ_r12,0.326357,0.326373,1.6e-05
block_nec_r6__cross_stall_occ_r2,0.386855,0.388017,0.001162
block_nec_r6__cross_stall_occ_r3,0.339866,0.339956,9e-05
block_nec_r6__cross_stall_occ_r4,0.320873,0.320853,2e-05
block_nec_r6__cross_stall_occ_r5,0.324067,0.324065,2e-06
block_nec_r6__cross_stall_occ_r6,0.336759,0.336705,5.4e-05
block_nec_r6__cross_stall_occ_r7,0.361229,0.36124,1.1e-05
block_nec_r6__cross_stall_occ_r8,0.383424,0.383311,0.000113
block_nec_r6__cross_stall_occ_r9,0.347607,0.347515,9.2e-05
block_nec_r6__cross_stall_r1,0.041849,0.041669,0.00018
block_nec_r6__cross_stall_r10,0.037213,0.037168,4.5e-05
block_nec_r6__cross_stall_r11,0.010737,0.010763,2.6e-05
block_nec_r6__cross_stall_r12,0.030502,0.030548,4.6e-05
block_nec_r6__cross_stall_r2,0.051896,0.051927,3.1e-05
block_nec_r6__cross_stall_r3,0.027727,0.027655,7.2e-05
block_nec_r6__cross_stall_r4,0.040914,0.040725,0.000189
block_nec_r6__cross_stall_r5,0.022206,0.022194,1.2e-05
block_nec_r6__cross_stall_r6,0.034447,0.034512,6.5e-05
block_nec_r6__cross_stall_r7,0.037558,0.03749,6.8e-05
block_nec_r6__cross_stall_r8,0.048227,0.048118,0.000109
block_nec_r6__cross_stall_r9,0.025624,0.025626,2e-06
block_nec_r6__lead_cont_r1,0.385792,0.384711,0.001081
block_nec_r6__lead_cont_r10,0.366303,0.365795,0.000508
block_nec_r6__lead_cont_r11,0.368204,0.368229,2.5e-05
block_nec_r6__lead_cont_r12,0.42013,0.419308,0.000822
block_nec_r6__lead_cont_r2,0.409855,0.409041,0.000814
block_nec_r6__lead_cont_r3,0.370042,0.370182,0.00014
block_nec_r6__lead_cont_r4,0.368214,0.368229,1.5e-05
block_nec_r6__lead_cont_r5,0.376196,0.375955,0.000241
block_nec_r6__lead_cont_r6,0.405688,0.405467,0.000221
block_nec_r6__lead_cont_r7,0.420303,0.419308,0.000995
block_nec_r6__lead_cont_r8,0.365757,0.365795,3.8e-05
block_nec_r6__lead_cont_r9,0.392682,0.392743,6.1e-05
block_nec_r6__lead_nec_r1,0.059754,0.059787,3.3e-05
block_nec_r6__lead_nec_r10,0.06794,0.068032,9.2e-05
block_nec_r6__lead_nec_r11,0.064152,0.064194,4.2e-05
block_nec_r6__lead_nec_r12,0.081619,0.081488,0.000131
block_nec_r6__lead_nec_r2,0.083822,0.083961,0.000139
block_nec_r6__lead_nec_r3,0.065997,0.065996,1e-06
block_nec_r6__lead_nec_r4,0.079262,0.079323,6.1e-05
block_nec_r6__lead_nec_r5,0.064108,0.0641,8e-06
block_nec_r6__lead_nec_r6,0.085151,0.085051,0.0001
block_nec_r6__lead_nec_r7,0.081792,0.082,0.000208
block_nec_r6__lead_nec_r8,0.067348,0.067223,0.000125
block_nec_r6__lead_nec_r9,0.072697,0.07267,2.7e-05
block_nec_r6__lead_opt_r1,0.072925,0.07267,0.000255
block_nec_r6__lead_opt_r10,0.059631,0.059787,0.000156
block_nec_r6__lead_opt_r11,0.099314,0.099543,0.000229
block_nec_r6__lead_opt_r12,0.087286,0.08728,6e-06
block_nec_r6__lead_opt_r2,0.08942,0.089371,4.9e-05
block_nec_r6__lead_opt_r3,0.062449,0.062548,9.9e-05
block_nec_r6__lead_opt_r4,0.087153,0.087123,3e-05
block_nec_r6__lead_opt_r5,0.057652,0.057642,1e-05
block_nec_r6__lead_opt_r6,0.06972,0.069708,1.2e-05
block_nec_r6__lead_opt_r7,0.059669,0.059787,0.000118
block_nec_r6__lead_opt_r8,0.048068,0.048118,5e-05
block_nec_r6__lead_opt_r9,0.057755,0.05773,2.5e-05
block_nec_r7__cross_clear_r1,0.09387,0.093447,0.000423
block_nec_r7__cross_clear_r10,0.240747,0.240868,0.000121
block_nec_r7__cross_clear_r11,0.150288,0.150564,0.000276
block_nec_r7__cross_clear_r12,0.155603,0.155659,5.6e-05
block_nec_r7__cross_clear_r2,0.092767,0.092757,1e-05
block_nec_r7__cross_clear_r3,0.078123,0.078018,0.000105
block_nec_r7__cross_clear_r4,0.098107,0.098523,0.000416
block_nec_r7__cross_clear_r5,0.155697,0.155659,3.8e-05
block_nec_r7__cross_clear_r6,0.155553,0.155659,0.000106
block_nec_r7__cross_clear_r7,0.111533,0.112448,0.000915
block_nec_r7__cross_clear_r8,0.109017,0.108675,0.000342
block_nec_r7__cross_clear_r9,0.246691,0.246811,0.00012
block_nec_r7__cross_stall_occ_r1,0.365662,0.365622,4e-05
block_nec_r7__cross_stall_occ_r10,0.343984,0.343928,5.6e-05
block_nec_r7__cross_stall_occ_r11,0.35,0.35,0.0
block_nec_r7__cross_stall_occ_r12,0.318969,0.318971,2e-06
block_nec_r7__cross_stall_occ_r2,0.379467,0.379351,0.000116
block_nec_r7__cross_stall_occ_r3,0.332478,0.332478,0.0
block_nec_r7__cross_stall_occ_r4,0.313485,0.313482,3e-06
block_nec_r7__cross_stall_occ_r5,0.316679,0.316792,0.000113
block_nec_r7__cross_stall_occ_r6,0.329371,0.329291,8e-05
block_nec_r7__cross_stall_occ_r7,0.353842,0.353845,3e-06
block_nec_r7__cross_stall_occ_r8,0.376036,0.375955,8.1e-05
block_nec_r7__cross_stall_occ_r9,0.340219,0.340202,1.7e-05
block_nec_r7__cross_stall_r1,0.022972,0.023002,3e-05
block_nec_r7__cross_stall_r10,0.018336,0.018298,3.8e-05
block_nec_r7__cross_stall_r11,0.008139,0.008069,7e-05
block_nec_r7__cross_stall_r12,0.011625,0.011589,3.6e-05
block_nec_r7__cross_stall_r2,0.03302,0.033022,2e-06
block_nec_r7__cross_stall_r3,0.013886,0.013914,2.8e-05
block_nec_r7__cross_stall_r4,0.022037,0.022038,1e-06
block_nec_r7__cross_stall_r5,0.017451,0.017449,2e-06
block_nec_r7__cross_stall_r6,0.015571,0.015622,5.1e-05
block_nec_r7__cross_stall_r7,0.018681,0.018655,2.6e-05
block_nec_r7__cross_stall_r8,0.029351,0.029352,1e-06
block_nec_r7__cross_stall_r9,0.006747,0.006711,3.6e-05
block_nec_r7__lead_cont_r1,0.378404,0.378423,1.9e-05
block_nec_r7__lead_cont_r10,0.358915,0.358914,1e-06
block_nec_r7__lead_cont_r11,0.360816,0.360787,2.9e-05
block_nec_r7__lead_cont_r12,0.412742,0.412757,1.5e-05
block_nec_r7__lead_cont_r2,0.402467,0.402464,3e-06
block_nec_r7__lead_cont_r3,0.362654,0.362641,1.3e-05
block_nec_r7__lead_cont_r4,0.360826,0.360787,3.9e-05
block_nec_r7__lead_cont_r5,0.368808,0.368681,0.000127
block_nec_r7__lead_cont_r6,0.3983,0.397989,0.000311
block_nec_r7__lead_cont_r7,0.412916,0.412884,3.2e-05
block_nec_r7__lead_cont_r8,0.358369,0.358353,1.6e-05
block_nec_r7__lead_cont_r9,0.385294,0.384711,0.000583
block_nec_r7__lead_nec_r1,0.040877,0.040725,0.000152
block_nec_r7__lead_nec_r10,0.049063,0.049196,0.000133
block_nec_r7__lead_nec_r11,0.045275,0.045183,9.2e-05
block_nec_r7__lead_nec_r12,0.062742,0.062649,9.3e-05
block_nec_r7__lead_nec_r2,0.064946,0.064953,7e-06
block_nec_r7__lead_nec_r3,0.04712,0.046802,0.000318
block_nec_r7__lead_nec_r4,0.060386,0.060376,1e-05
block_nec_r7__lead_nec_r5,0.045232,0.045183,4.9e-05
block_nec_r7__lead_nec_r6,0.066274,0.066101,0.000173
block_nec_r7__lead_nec_r7,0.062916,0.062902,1.4e-05
block_nec_r7__lead_nec_r8,0.048471,0.048484,1.3e-05
block_nec_r7__lead_nec_r9,0.053821,0.053828,7e-06
block_nec_r7__lead_opt_r1,0.054049,0.054011,3.8e-05
block_nec_r7__lead_opt_r10,0.040755,0.040725,3e-05
block_nec_r7__lead_opt_r11,0.080437,0.080268,0.000169
block_nec_r7__lead_opt_r12,0.068409,0.068504,9.5e-05
block_nec_r7__lead_opt_r2,0.070543,0.070581,3.8e-05
block_nec_r7__lead_opt_r3,0.043572,0.043722,0.00015
block_nec_r7__lead_opt_r4,0.068277,0.068504,0.000227
block_nec_r7__lead_opt_r5,0.038775,0.038678,9.7e-05
block_nec_r7__lead_opt_r6,0.050843,0.050915,7.2e-05
block_nec_r7__lead_opt_r7,0.040792,0.040725,6.7e-05
block_nec_r7__lead_opt_r8,0.029192,0.029076,0.000116
block_nec_r7__lead_opt_r9,0.038878,0.03904,0.000162
block_nec_r8__cross_clear_r1,0.129856,0.12999,0.000134
block_nec_r8__cross_clear_r10,0.183138,0.182784,0.000354
block_nec_r8__cross_clear_r11,0.215237,0.214853,0.000384
block_nec_r8__cross_clear_r12,0.172737,0.172372,0.000365
block_nec_r8__cross_clear_r2,0.112446,0.112448,2e-06
block_nec_r8__cross_clear_r3,0.137264,0.137334,7e-05
block_nec_r8__cross_clear_r4,0.131412,0.132301,0.000889
block_nec_r8__cross_clear_r5,0.208855,0.208267,0.000588
block_nec_r8__cross_clear_r6,0.168213,0.168547,0.000334
block_nec_r8__cross_clear_r7,0.167195,0.167334,0.000139
block_nec_r8__cross_clear_r8,0.128475,0.128256,0.000219
block_nec_r8__cross_clear_r9,0.315914,0.315958,4.4e-05
block_nec_r8__cross_stall_occ_r1,0.342384,0.342412,2.8e-05
block_nec_r8__cross_stall_occ_r10,0.344338,0.344256,8.2e-05
block_nec_r8__cross_stall_occ_r11,0.326722,0.326722,0.0
block_nec_r8__cross_stall_occ_r12,0.315422,0.315541,0.000119
block_nec_r8__cross_stall_occ_r2,0.35619,0.356102,8.8e-05
block_nec_r8__cross_stall_occ_r3,0.332833,0.332831,2e-06
block_nec_r8__cross_stall_occ_r4,0.322956,0.323187,0.000231
block_nec_r8__cross_stall_occ_r5,0.313087,0.313354,0.000267
block_nec_r8__cross_stall_occ_r6,0.322887,0.322698,0.000189
block_nec_r8__cross_stall_occ_r7,0.330564,0.330588,2.4e-05
block_nec_r8__cross_stall_occ_r8,0.352758,0.352809,5.1e-05
block_nec_r8__cross_stall_occ_r9,0.316942,0.31694,2e-06
block_nec_r8__cross_stall_r1,0.092196,0.092505,0.000309
block_nec_r8__cross_stall_r10,0.08756,0.087572,1.2e-05
block_nec_r8__cross_stall_r11,0.061084,0.061154,7e-05
block_nec_r8__cross_stall_r12,0.080848,0.081019,0.000171
block_nec_r8__cross_stall_r2,0.102243,0.10227,2.7e-05
block_nec_r8__cross_stall_r3,0.078074,0.078018,5.6e-05
block_nec_r8__cross_stall_r4,0.091261,0.091308,4.7e-05
block_nec_r8__cross_stall_r5,0.051773,0.051771,2e-06
block_nec_r8__cross_stall_r6,0.084794,0.084678,0.000116
block_nec_r8__cross_stall_r7,0.087904,0.088103,0.000199
block_nec_r8__cross_stall_r8,0.098574,0.098523,5.1e-05
block_nec_r8__cross_stall_r9,0.075971,0.076041,7e-05
block_nec_r8__lead_cont_r1,0.355126,0.355128,2e-06
block_nec_r8__lead_cont_r10,0.350997,0.351044,4.7e-05
block_nec_r8__lead_cont_r11,0.361171,0.361131,4e-05
block_nec_r8__lead_cont_r12,0.389465,0.388913,0.000552
block_nec_r8__lead_cont_r2,0.379189,0.379115,7.4e-05
block_nec_r8__lead_cont_r3,0.363009,0.362924,8.5e-05
block_nec_r8__lead_cont_r4,0.367875,0.367842,3.3e-05
block_nec_r8__lead_cont_r5,0.362457,0.362443,1.4e-05
block_nec_r8__lead_cont_r6,0.388822,0.388913,9.1e-05
block_nec_r8__lead_cont_r7,0.389638,0.388913,0.000725
block_nec_r8__lead_cont_r8,0.350452,0.350413,3.9e-05
block_nec_r8__lead_cont_r9,0.37738,0.377087,0.000293
block_nec_r8__lead_nec_r1,0.110101,0.110548,0.000447
block_nec_r8__lead_nec_r10,0.118287,0.118495,0.000208
block_nec_r8__lead_nec_r11,0.114498,0.11465,0.000152
block_nec_r8__lead_nec_r12,0.131966,0.132301,0.000335
block_nec_r8__lead_nec_r2,0.134169,0.134165,4e-06
block_nec_r8__lead_nec_r3,0.116344,0.11593,0.000414
block_nec_r8__lead_nec_r4,0.129609,0.12999,0.000381
block_nec_r8__lead_nec_r5,0.114455,0.114321,0.000134
block_nec_r8__lead_nec_r6,0.135498,0.135406,9.2e-05
block_nec_r8__lead_nec_r7,0.132139,0.132301,0.000162
block_nec_r8__lead_nec_r8,0.117695,0.118495,0.0008
block_nec_r8__lead_nec_r9,0.123044,0.123005,3.9e-05
block_nec_r8__lead_opt_r1,0.123272,0.123271,1e-06
block_nec_r8__lead_opt_r10,0.109978,0.110548,0.00057
block_nec_r8__lead_opt_r11,0.149661,0.149704,4.3e-05
block_nec_r8__lead_opt_r12,0.137633,0.137403,0.00023
block_nec_r8__lead_opt_r2,0.139767,0.139736,3.1e-05
block_nec_r8__lead_opt_r3,0.112796,0.112675,0.000121
block_nec_r8__lead_opt_r4,0.1375,0.137403,9.7e-05
block_nec_r8__lead_opt_r5,0.107999,0.107962,3.7e-05
block_nec_r8__lead_opt_r6,0.120067,0.119695,0.000372
block_nec_r8__lead_opt_r7,0.110016,0.110548,0.000532
block_nec_r8__lead_opt_r8,0.098415,0.098523,0.000108
block_nec_r8__lead_opt_r9,0.108102,0.107962,0.00014
block_nec_r9__cross_clear_r1,0.107985,0.107962,2.3e-05
block_nec_r9__cross_clear_r10,0.221188,0.221077,0.000111
block_nec_r9__cross_clear_r11,0.172438,0.172372,6.6e-05
block_nec_r9__cross_clear_r12,0.16341,0.163791,0.000381
block_nec_r9__cross_clear_r2,0.100807,0.100642,0.000165
block_nec_r9__cross_clear_r3,0.096728,0.097053,0.000325
block_nec_r9__cross_clear_r4,0.109908,0.110548,0.00064
block_nec_r9__cross_clear_r5,0.170097,0.170035,6.2e-05
block_nec_r9__cross_clear_r6,0.162639,0.163791,0.001152
block_nec_r9__cross_clear_r7,0.129855,0.12999,0.000135
block_nec_r9__cross_clear_r8,0.117515,0.118495,0.00098
block_nec_r9__cross_clear_r9,0.271036,0.271665,0.000629
block_nec_r9__cross_stall_occ_r1,0.373468,0.373397,7.1e-05
block_nec_r9__cross_stall_occ_r10,0.35179,0.351776,1.4e-05
block_nec_r9__cross_stall_occ_r11,0.357806,0.357806,0.0
block_nec_r9__cross_stall_occ_r12,0.326775,0.32676,1.5e-05
block_nec_r9__cross_stall_occ_r2,0.387274,0.388017,0.000743
block_nec_r9__cross_stall_occ_r3,0.340284,0.340237,4.7e-05
block_nec_r9__cross_stall_occ_r4,0.321291,0.32128,1.1e-05
block_nec_r9__cross_stall_occ_r5,0.324486,0.324459,2.7e-05
block_nec_r9__cross_stall_occ_r6,0.337178,0.337212,3.4e-05
block_nec_r9__cross_stall_occ_r7,0.361648,0.361625,2.3e-05
block_nec_r9__cross_stall_occ_r8,0.383842,0.383724,0.000118
block_nec_r9__cross_stall_occ_r9,0.348026,0.348197,0.000171
block_nec_r9__cross_stall_r1,0.047317,0.046802,0.000515
block_nec_r9__cross_stall_r10,0.042681,0.042649,3.2e-05
block_nec_r9__cross_stall_r11,0.016206,0.016225,1.9e-05
block_nec_r9__cross_stall_r12,0.03597,0.035953,1.7e-05
block_nec_r9__cross_stall_r2,0.057365,0.057383,1.8e-05
block_nec_r9__cross_stall_r3,0.033196,0.033218,2.2e-05
block_nec_r9__cross_stall_r4,0.046382,0.046006,0.000376
block_nec_r9__cross_stall_r5,0.022624,0.022604,2e-05
block_nec_r9__cross_stall_r6,0.039916,0.039902,1.4e-05
block_nec_r9__cross_stall_r7,0.043026,0.042981,4.5e-05
block_nec_r9__cross_stall_r8,0.053696,0.053682,1.4e-05
block_nec_r9__cross_stall_r9,0.031092,0.031112,2e-05
block_nec_r9__lead_cont_r1,0.38621,0.384711,0.001499
block_nec_r9__lead_cont_r10,0.366721,0.366843,0.000122
block_nec_r9__lead_cont_r11,0.368622,0.368681,5.9e-05
block_nec_r9__lead_cont_r12,0.420549,0.421764,0.001215
block_nec_r9__lead_cont_r2,0.410273,0.409041,0.001232
block_nec_r9__lead_cont_r3,0.37046,0.370395,6.5e-05
block_nec_r9__lead_cont_r4,0.368633,0.368681,4.8e-05
block_nec_r9__lead_cont_r5,0.376615,0.376583,3.2e-05
block_nec_r9__lead_cont_r6,0.406107,0.405467,0.00064
block_nec_r9__lead_cont_r7,0.420722,0.421764,0.001042
block_nec_r9__lead_cont_r8,0.366176,0.365795,0.000381
block_nec_r9__lead_cont_r9,0.393101,0.392826,0.000275
block_nec_r9__lead_nec_r1,0.065222,0.065298,7.6e-05
block_nec_r9__lead_nec_r10,0.073408,0.07328,0.000128
block_nec_r9__lead_nec_r11,0.06962,0.069708,8.8e-05
block_nec_r9__lead_nec_r12,0.087087,0.087123,3.6e-05
block_nec_r9__lead_nec_r2,0.089291,0.089371,8e-05
block_nec_r9__lead_nec_r3,0.071465,0.071487,2.2e-05
block_nec_r9__lead_nec_r4,0.084731,0.084678,5.3e-05
block_nec_r9__lead_nec_r5,0.069577,0.069513,6.4e-05
block_nec_r9__lead_nec_r6,0.090619,0.090681,6.2e-05
block_nec_r9__lead_nec_r7,0.087261,0.08728,1.9e-05
block_nec_r9__lead_nec_r8,0.072816,0.07267,0.000146
block_nec_r9__lead_nec_r9,0.078166,0.078267,0.000101
block_nec_r9__lead_opt_r1,0.078394,0.078333,6.1e-05
block_nec_r9__lead_opt_r10,0.0651,0.065087,1.3e-05
block_nec_r9__lead_opt_r11,0.104782,0.104786,4e-06
block_nec_r9__lead_opt_r12,0.092754,0.092757,3e-06
block_nec_r9__lead_opt_r2,0.094888,0.094976,8.8e-05
block_nec_r9__lead_opt_r3,0.067917,0.067834,8.3e-05
block_nec_r9__lead_opt_r4,0.092622,0.092517,0.000105
block_nec_r9__lead_opt_r5,0.06312,0.063304,0.000184
block_nec_r9__lead_opt_r6,0.075188,0.075137,5.1e-05
block_nec_r9__lead_opt_r7,0.065138,0.065087,5.1e-05
block_nec_r9__lead_opt_r8,0.053537,0.053682,0.000145
block_nec_r9__lead_opt_r9,0.063223,0.063304,8.1e-05
cross_clear_r1__lead_cont_r1,0.324987,0.324972,1.5e-05
cross_clear_r1__lead_cont_r10,0.295164,0.295149,1.5e-05
cross_clear_r1__lead_cont_r11,0.308256,0.30813,0.000126
cross_clear_r1__lead_cont_r12,0.341332,0.341318,1.4e-05
cross_clear_r1__lead_cont_r2,0.331693,0.331634,5.9e-05
cross_clear_r1__lead_cont_r3,0.308781,0.308825,4.4e-05
cross_clear_r1__lead_cont_r4,0.297571,0.297415,0.000156
cross_clear_r1__lead_cont_r5,0.309289,0.309233,5.6e-05
cross_clear_r1__lead_cont_r6,0.324947,0.324972,2.5e-05
cross_clear_r1__lead_cont_r7,0.341158,0.341151,7e-06
cross_clear_r1__lead_cont_r8,0.29571,0.295149,0.000561
cross_clear_r1__lead_cont_r9,0.318397,0.318347,5e-05
cross_clear_r1__lead_nec_r1,0.079378,0.079426,4.8e-05
cross_clear_r1__lead_nec_r10,0.077192,0.077196,4e-06
cross_clear_r1__lead_nec_r11,0.078697,0.078675,2.2e-05
cross_clear_r1__lead_nec_r12,0.08325,0.083078,0.000172
cross_clear_r1__lead_nec_r2,0.086089,0.086045,4.4e-05
cross_clear_r1__lead_nec_r3,0.07922,0.079323,0.000103
cross_clear_r1__lead_nec_r4,0.083113,0.083078,3.5e-05
cross_clear_r1__lead_nec_r5,0.077631,0.077598,3.3e-05
cross_clear_r1__lead_nec_r6,0.084839,0.084678,0.000161
cross_clear_r1__lead_nec_r7,0.083077,0.083077,0.0
cross_clear_r1__lead_nec_r8,0.07773,0.077676,5.4e-05
cross_clear_r1__lead_nec_r9,0.078841,0.078824,1.7e-05
cross_clear_r1__lead_opt_r1,0.083003,0.083077,7.4e-05
cross_clear_r1__lead_opt_r10,0.07515,0.075137,1.3e-05
cross_clear_r1__lead_opt_r11,0.093349,0.093331,1.8e-05
cross_clear_r1__lead_opt_r12,0.088225,0.088155,7e-05
cross_clear_r1__lead_opt_r2,0.09011,0.090299,0.000189
cross_clear_r1__lead_opt_r3,0.077858,0.078018,0.00016
cross_clear_r1__lead_opt_r4,0.08859,0.0886,1e-05
cross_clear_r1__lead_opt_r5,0.07477,0.074896,0.000126
cross_clear_r1__lead_opt_r6,0.079975,0.079892,8.3e-05
cross_clear_r1__lead_opt_r7,0.075924,0.076041,0.000117
cross_clear_r1__lead_opt_r8,0.073806,0.073802,4e-06
cross_clear_r1__lead_opt_r9,0.076376,0.076297,7.9e-05
cross_clear_r1__temp_opt_r1,0.097568,0.0975,6.8e-05
cross_clear_r1__temp_opt_r10,0.095102,0.095132,3e-05
cross_clear_r1__temp_opt_r11,0.09636,0.096332,2.8e-05
cross_clear_r1__temp_opt_r12,0.087312,0.087298,1.4e-05
cross_clear_r1__temp_opt_r2,0.096937,0.097053,0.000116
cross_clear_r1__temp_opt_r3,0.088522,0.088547,2.5e-05
cross_clear_r1__temp_opt_r4,0.096851,0.097053,0.000202
cross_clear_r1__temp_opt_r5,0.090609,0.090681,7.2e-05
cross_clear_r1__temp_opt_r6,0.086844,0.086819,2.5e-05
cross_clear_r1__temp_opt_r7,0.095189,0.095178,1.1e-05
cross_clear_r1__temp_opt_r8,0.080547,0.080622,7.5e-05
cross_clear_r1__temp_opt_r9,0.075393,0.075281,0.000112
cross_clear_r10__lead_cont_r1,0.177409,0.177808,0.000399
cross_clear_r10__lead_cont_r10,0.180331,0.179803,0.000528
cross_clear_r10__lead_cont_r11,0.182543,0.182532,1.1e-05
cross_clear_r10__lead_cont_r12,0.210837,0.211056,0.000219
cross_clear_r10__lead_cont_r2,0.201472,0.201238,0.000234
cross_clear_r10__lead_cont_r3,0.184381,0.182784,0.001597
cross_clear_r10__lead_cont_r4,0.192534,0.193008,0.000474
cross_clear_r10__lead_cont_r5,0.189461,0.190163,0.000702
cross_clear_r10__lead_cont_r6,0.218585,0.21734,0.001245
cross_clear_r10__lead_cont_r7,0.21101,0.211056,4.6e-05
cross_clear_r10__lead_cont_r8,0.179785,0.179803,1.8e-05
cross_clear_r10__lead_cont_r9,0.198753,0.197393,0.00136
cross_clear_r10__lead_nec_r1,0.279794,0.27977,2.4e-05
cross_clear_r10__lead_nec_r10,0.28798,0.287913,6.7e-05
cross_clear_r10__lead_nec_r11,0.284192,0.284205,1.3e-05
cross_clear_r10__lead_nec_r12,0.301659,0.30186,0.000201
cross_clear_r10__lead_nec_r2,0.303863,0.303869,6e-06
cross_clear_r10__lead_nec_r3,0.286037,0.286131,9.4e-05
cross_clear_r10__lead_nec_r4,0.299302,0.299363,6.1e-05
cross_clear_r10__lead_nec_r5,0.284148,0.284205,5.7e-05
cross_clear_r10__lead_nec_r6,0.305191,0.305038,0.000153
cross_clear_r10__lead_nec_r7,0.301832,0.30186,2.8e-05
cross_clear_r10__lead_nec_r8,0.287388,0.287913,0.000525
cross_clear_r10__lead_nec_r9,0.292737,0.292942,0.000205
cross_clear_r10__lead_opt_r1,0.292965,0.292942,2.3e-05
cross_clear_r10__lead_opt_r10,0.279671,0.27977,9.9e-05
cross_clear_r10__lead_opt_r11,0.319354,0.319351,3e-06
cross_clear_r10__lead_opt_r12,0.307326,0.307344,1.8e-05
cross_clear_r10__lead_opt_r2,0.30946,0.309515,5.5e-05
cross_clear_r10__lead_opt_r3,0.282489,0.282836,0.000347
cross_clear_r10__lead_opt_r4,0.307193,0.307048,0.000145
cross_clear_r10__lead_opt_r5,0.277692,0.277798,0.000106
cross_clear_r10__lead_opt_r6,0.28976,0.289864,0.000104
cross_clear_r10__lead_opt_r7,0.279709,0.27977,6.1e-05
cross_clear_r10__lead_opt_r8,0.268108,0.268267,0.000159
cross_clear_r10__lead_opt_r9,0.277795,0.277798,3e-06
cross_clear_r10__temp_opt_r1,0.328002,0.328018,1.6e-05
cross_clear_r10__temp_opt_r10,0.33597,0.336039,6.9e-05
cross_clear_r10__temp_opt_r11,0.32702,0.327027,7e-06
cross_clear_r10__temp_opt_r12,0.269236,0.269938,0.000702
cross_clear_r10__temp_opt_r2,0.323247,0.323187,6e-05
cross_clear_r10__temp_opt_r3,0.303118,0.303088,3e-05
cross_clear_r10__temp_opt_r4,0.315214,0.315248,3.4e-05
cross_clear_r10__temp_opt_r5,0.293895,0.293744,0.000151
cross_clear_r10__temp_opt_r6,0.29332,0.292942,0.000378
cross_clear_r10__temp_opt_r7,0.292698,0.292942,0.000244
cross_clear_r10__temp_opt_r8,0.257146,0.257393,0.000247
cross_clear_r10__temp_opt_r9,0.258293,0.257916,0.000377
cross_clear_r11__lead_cont_r1,0.338224,0.338219,5e-06
cross_clear_r11__lead_cont_r10,0.287633,0.287913,0.00028
cross_clear_r11__lead_cont_r11,0.297779,0.297914,0.000135
cross_clear_r11__lead_cont_r12,0.320662,0.320641,2.1e-05
cross_clear_r11__lead_cont_r2,0.323107,0.323187,8e-05
cross_clear_r11__lead_cont_r3,0.296646,0.297289,0.000643
cross_clear_r11__lead_cont_r4,0.273553,0.273648,9.5e-05
cross_clear_r11__lead_cont_r5,0.304797,0.304675,0.000122
cross_clear_r11__lead_cont_r6,0.300708,0.300688,2e-05
cross_clear_r11__lead_cont_r7,0.320488,0.320519,3.1e-05
cross_clear_r11__lead_cont_r8,0.288179,0.288201,2.2e-05
cross_clear_r11__lead_cont_r9,0.306155,0.306219,6.4e-05
cross_clear_r11__lead_nec_r1,0.124754,0.12521,0.000456
cross_clear_r11__lead_nec_r10,0.116031,0.11593,0.000101
cross_clear_r11__lead_nec_r11,0.120556,0.121398,0.000842
cross_clear_r11__lead_nec_r12,0.10898,0.108675,0.000305
cross_clear_r11__lead_nec_r2,0.109631,0.110548,0.000917
cross_clear_r11__lead_nec_r3,0.119426,0.119172,0.000254
cross_clear_r11__lead_nec_r4,0.11143,0.110548,0.000882
cross_clear_r11__lead_nec_r5,0.119539,0.119695,0.000156
cross_clear_r11__lead_nec_r6,0.107,0.10698,2e-05
cross_clear_r11__lead_nec_r7,0.108807,0.108675,0.000132
cross_clear_r11__lead_nec_r8,0.116599,0.11593,0.000669
cross_clear_r11__lead_nec_r9,0.113,0.112675,0.000325
cross_clear_r11__lead_opt_r1,0.118089,0.118495,0.000406
cross_clear_r11__lead_opt_r10,0.123652,0.123627,2.5e-05
cross_clear_r11__lead_opt_r11,0.100311,0.100152,0.000159
cross_clear_r11__lead_opt_r12,0.108235,0.107962,0.000273
cross_clear_r11__lead_opt_r2,0.107681,0.107962,0.000281
cross_clear_r11__lead_opt_r3,0.123144,0.123271,0.000127
cross_clear_r11__lead_opt_r4,0.108604,0.108675,7.1e-05
cross_clear_r11__lead_opt_r5,0.124833,0.12521,0.000377
cross_clear_r11__lead_opt_r6,0.118125,0.118495,0.00037
cross_clear_r11__lead_opt_r7,0.123282,0.123271,1.1e-05
cross_clear_r11__lead_opt_r8,0.129001,0.128256,0.000745
cross_clear_r11__lead_opt_r9,0.126092,0.126456,0.000364
cross_clear_r11__temp_opt_r1,0.093291,0.093331,4e-05
cross_clear_r11__temp_opt_r10,0.085323,0.085051,0.000272
cross_clear_r11__temp_opt_r11,0.094273,0.094653,0.00038
cross_clear_r11__temp_opt_r12,0.139267,0.138969,0.000298
cross_clear_r11__temp_opt_r2,0.098047,0.098523,0.000476
cross_clear_r11__temp_opt_r3,0.113995,0.113751,0.000244
cross_clear_r11__temp_opt_r4,0.106017,0.105833,0.000184
cross_clear_r11__temp_opt_r5,0.123582,0.123627,4.5e-05
cross_clear_r11__temp_opt_r6,0.123582,0.123627,4.5e-05
cross_clear_r11__temp_opt_r7,0.124008,0.124063,5.5e-05
cross_clear_r11__temp_opt_r8,0.137421,0.137403,1.8e-05
cross_clear_r11__temp_opt_r9,0.135862,0.136098,0.000236
cross_clear_r12__lead_cont_r1,0.223282,0.22353,0.000248
cross_clear_r12__lead_cont_r10,0.211618,0.211056,0.000562
cross_clear_r12__lead_cont_r11,0.205436,0.202886,0.00255
cross_clear_r12__lead_cont_r12,0.257139,0.257393,0.000254
cross_clear_r12__lead_cont_r2,0.246864,0.246811,5.3e-05
cross_clear_r12__lead_cont_r3,0.207206,0.208267,0.001061
cross_clear_r12__lead_cont_r4,0.210217,0.209989,0.000228
cross_clear_r12__lead_cont_r5,0.218476,0.21734,0.001136
cross_clear_r12__lead_cont_r6,0.250703,0.25092,0.000217
cross_clear_r12__lead_cont_r7,0.257312,0.257393,8.1e-05
cross_clear_r12__lead_cont_r8,0.211073,0.211056,1.7e-05
cross_clear_r12__lead_cont_r9,0.230231,0.23112,0.000889
cross_clear_r12__lead_nec_r1,0.166334,0.166383,4.9e-05
cross_clear_r12__lead_nec_r10,0.174137,0.173309,0.000828
cross_clear_r12__lead_nec_r11,0.170474,0.170458,1.6e-05
cross_clear_r12__lead_nec_r12,0.187718,0.186433,0.001285
cross_clear_r12__lead_nec_r2,0.189922,0.190163,0.000241
cross_clear_r12__lead_nec_r3,0.172247,0.172372,0.000125
cross_clear_r12__lead_nec_r4,0.185362,0.186433,0.001071
cross_clear_r12__lead_nec_r5,0.17044,0.170458,1.8e-05
cross_clear_r12__lead_nec_r6,0.19125,0.191505,0.000255
cross_clear_r12__lead_nec_r7,0.187892,0.186433,0.001459
cross_clear_r12__lead_nec_r8,0.173548,0.173309,0.000239
cross_clear_r12__lead_nec_r9,0.178797,0.17865,0.000147
cross_clear_r12__lead_opt_r1,0.179025,0.17865,0.000375
cross_clear_r12__lead_opt_r10,0.165731,0.165711,2e-05
cross_clear_r12__lead_opt_r11,0.205413,0.202886,0.002527
cross_clear_r12__lead_opt_r12,0.193385,0.193008,0.000377
cross_clear_r12__lead_opt_r2,0.195519,0.195558,3.9e-05
cross_clear_r12__lead_opt_r3,0.168548,0.168547,1e-06
cross_clear_r12__lead_opt_r4,0.193253,0.193008,0.000245
cross_clear_r12__lead_opt_r5,0.163751,0.163791,4e-05
cross_clear_r12__lead_opt_r6,0.175819,0.175721,9.8e-05
cross_clear_r12__lead_opt_r7,0.166598,0.166685,8.7e-05
cross_clear_r12__lead_opt_r8,0.155767,0.155659,0.000108
cross_clear_r12__lead_opt_r9,0.163854,0.163791,6.3e-05
cross_clear_r12__temp_opt_r1,0.214061,0.213671,0.00039
cross_clear_r12__temp_opt_r10,0.222029,0.221077,0.000952
cross_clear_r12__temp_opt_r11,0.213079,0.213251,0.000172
cross_clear_r12__temp_opt_r12,0.167841,0.167558,0.000283
cross_clear_r12__temp_opt_r2,0.209306,0.209466,0.00016
cross_clear_r12__temp_opt_r3,0.189177,0.190163,0.000986
cross_clear_r12__temp_opt_r4,0.202237,0.202752,0.000515
cross_clear_r12__temp_opt_r5,0.179954,0.179803,0.000151
cross_clear_r12__temp_opt_r6,0.17938,0.179408,2.8e-05
cross_clear_r12__temp_opt_r7,0.183792,0.182784,0.001008
cross_clear_r12__temp_opt_r8,0.15501,0.154413,0.000597
cross_clear_r12__temp_opt_r9,0.145952,0.145884,6.8e-05
cross_clear_r2__lead_cont_r1,0.289752,0.289864,0.000112
cross_clear_r2__lead_cont_r10,0.269379,0.269938,0.000559
cross_clear_r2__lead_cont_r11,0.276312,0.276332,2e-05
cross_clear_r2__lead_cont_r12,0.320042,0.320051,9e-06
cross_clear_r2__lead_cont_r2,0.309739,0.309818,7.9e-05
cross_clear_r2__lead_cont_r3,0.277763,0.277798,3.5e-05
cross_clear_r2__lead_cont_r4,0.274482,0.274262,0.00022
cross_clear_r2__lead_cont_r5,0.278966,0.278938,2.8e-05
cross_clear_r2__lead_cont_r6,0.30876,0.308825,6.5e-05
cross_clear_r2__lead_cont_r7,0.320215,0.320245,3e-05
cross_clear_r2__lead_cont_r8,0.268833,0.268267,0.000566
cross_clear_r2__lead_cont_r9,0.293212,0.292942,0.00027
cross_clear_r2__lead_nec_r1,0.075641,0.075576,6.5e-05
cross_clear_r2__lead_nec_r10,0.081121,0.081142,2.1e-05
cross_clear_r2__lead_nec_r11,0.078251,0.078267,1.6e-05
cross_clear_r2__lead_nec_r12,0.093457,0.093447,1e-05
cross_clear_r2__lead_nec_r2,0.095633,0.095413,0.00022
cross_clear_r2__lead_nec_r3,0.079699,0.079771,7.2e-05
cross_clear_r2__lead_nec_r4,0.091235,0.091308,7.3e-05
cross_clear_r2__lead_nec_r5,0.078144,0.078267,0.000123
cross_clear_r2__lead_nec_r6,0.096923,0.097053,0.00013
cross_clear_r2__lead_nec_r7,0.09363,0.093447,0.000183
cross_clear_r2__lead_nec_r8,0.080548,0.080622,7.4e-05
cross_clear_r2__lead_nec_r9,0.085154,0.085051,0.000103
cross_clear_r2__lead_opt_r1,0.084736,0.084678,5.8e-05
cross_clear_r2__lead_opt_r10,0.072656,0.07267,1.4e-05
cross_clear_r2__lead_opt_r11,0.111086,0.110548,0.000538
cross_clear_r2__lead_opt_r12,0.099058,0.099543,0.000485
cross_clear_r2__lead_opt_r2,0.101192,0.101055,0.000137
cross_clear_r2__lead_opt_r3,0.074714,0.074896,0.000182
cross_clear_r2__lead_opt_r4,0.098926,0.098523,0.000403
cross_clear_r2__lead_opt_r5,0.072549,0.07267,0.000121
cross_clear_r2__lead_opt_r6,0.081502,0.081488,1.4e-05
cross_clear_r2__lead_opt_r7,0.077395,0.077208,0.000187
cross_clear_r2__lead_opt_r8,0.073773,0.073744,2.9e-05
cross_clear_r2__lead_opt_r9,0.071339,0.071361,2.2e-05
cross_clear_r2__temp_opt_r1,0.119734,0.119695,3.9e-05
cross_clear_r2__temp_opt_r10,0.127702,0.127515,0.000187
cross_clear_r2__temp_opt_r11,0.118752,0.118656,9.6e-05
cross_clear_r2__temp_opt_r12,0.085765,0.085733,3.2e-05
cross_clear_r2__temp_opt_r2,0.114979,0.115017,3.8e-05
cross_clear_r2__temp_opt_r3,0.094851,0.094976,0.000125
cross_clear_r2__temp_opt_r4,0.109694,0.110548,0.000854
cross_clear_r2__temp_opt_r5,0.086669,0.086795,0.000126
cross_clear_r2__temp_opt_r6,0.085053,0.085051,2e-06
cross_clear_r2__temp_opt_r7,0.093669,0.093447,0.000222
cross_clear_r2__temp_opt_r8,0.079027,0.079014,1.3e-05
cross_clear_r2__temp_opt_r9,0.07339,0.07328,0.00011
cross_clear_r3__lead_cont_r1,0.351477,0.351441,3.6e-05
cross_clear_r3__lead_cont_r10,0.318807,0.318832,2.5e-05
cross_clear_r3__lead_cont_r11,0.326336,0.326334,2e-06
cross_clear_r3__lead_cont_r12,0.359052,0.359059,7e-06
cross_clear_r3__lead_cont_r2,0.348686,0.348683,3e-06
cross_clear_r3__lead_cont_r3,0.325787,0.325827,4e-05
cross_clear_r3__lead_cont_r4,0.309846,0.309818,2.8e-05
cross_clear_r3__lead_cont_r5,0.334438,0.334523,8.5e-05
cross_clear_r3__lead_cont_r6,0.341841,0.341864,2.3e-05
cross_clear_r3__lead_cont_r7,0.358878,0.358895,1.7e-05
cross_clear_r3__lead_cont_r8,0.319352,0.319351,1e-06
cross_clear_r3__lead_cont_r9,0.33942,0.339477,5.7e-05
cross_clear_r3__lead_nec_r1,0.037246,0.037168,7.8e-05
cross_clear_r3__lead_nec_r10,0.03217,0.031966,0.000204
cross_clear_r3__lead_nec_r11,0.034091,0.034107,1.6e-05
cross_clear_r3__lead_nec_r12,0.032347,0.031966,0.000381
cross_clear_r3__lead_nec_r2,0.034456,0.034512,5.6e-05
cross_clear_r3__lead_nec_r3,0.033534,0.033551,1.7e-05
cross_clear_r3__lead_nec_r4,0.032693,0.032792,9.9e-05
cross_clear_r3__lead_nec_r5,0.034157,0.034107,5e-05
cross_clear_r3__lead_nec_r6,0.033111,0.033125,1.4e-05
cross_clear_r3__lead_nec_r7,0.032174,0.031966,0.000208
cross_clear_r3__lead_nec_r8,0.03275,0.032792,4.2e-05
cross_clear_r3__lead_nec_r9,0.031242,0.031221,2.1e-05
cross_clear_r3__lead_opt_r1,0.032012,0.031966,4.6e-05
cross_clear_r3__lead_opt_r10,0.037746,0.037923,0.000177
cross_clear_r3__lead_opt_r11,0.040474,0.040423,5.1e-05
cross_clear_r3__lead_opt_r12,0.03535,0.035304,4.6e-05
cross_clear_r3__lead_opt_r2,0.037234,0.037168,6.6e-05
cross_clear_r3__lead_opt_r3,0.035009,0.035027,1.8e-05
cross_clear_r3__lead_opt_r4,0.035714,0.035754,4e-05
cross_clear_r3__lead_opt_r5,0.039671,0.039682,1.1e-05
cross_clear_r3__lead_opt_r6,0.032222,0.031966,0.000256
cross_clear_r3__lead_opt_r7,0.039237,0.039218,1.9e-05
cross_clear_r3__lead_opt_r8,0.048931,0.048772,0.000159
cross_clear_r3__lead_opt_r9,0.03925,0.039218,3.2e-05
cross_clear_r3__temp_opt_r1,0.044693,0.044578,0.000115
cross_clear_r3__temp_opt_r10,0.042226,0.042156,7e-05
cross_clear_r3__temp_opt_r11,0.043484,0.043272,0.000212
cross_clear_r3__temp_opt_r12,0.051622,0.051771,0.000149
cross_clear_r3__temp_opt_r2,0.044061,0.044107,4.6e-05
cross_clear_r3__temp_opt_r3,0.035646,0.035602,4.4e-05
cross_clear_r3__temp_opt_r4,0.045119,0.045121,2e-06
cross_clear_r3__temp_opt_r5,0.044758,0.044825,6.7e-05
cross_clear_r3__temp_opt_r6,0.037292,0.037168,0.000124
cross_clear_r3__temp_opt_r7,0.051261,0.051245,1.6e-05
cross_clear_r3__temp_opt_r8,0.059893,0.059787,0.000106
cross_clear_r3__temp_opt_r9,0.058746,0.058766,2e-05
cross_clear_r4__lead_cont_r1,0.308915,0.308925,1e-05
cross_clear_r4__lead_cont_r10,0.275259,0.274772,0.000487
cross_clear_r4__lead_cont_r11,0.282531,0.282836,0.000305
cross_clear_r4__lead_cont_r12,0.316836,0.316792,4.4e-05
cross_clear_r4__lead_cont_r2,0.305696,0.305561,0.000135
cross_clear_r4__lead_cont_r3,0.280693,0.280148,0.000545
cross_clear_r4__lead_cont_r4,0.265698,0.265395,0.000303
cross_clear_r4__lead_cont_r5,0.290626,0.29068,5.4e-05
cross_clear_r4__lead_cont_r6,0.302368,0.301861,0.000507
cross_clear_r4__lead_cont_r7,0.317009,0.316993,1.6e-05
cross_clear_r4__lead_cont_r8,0.275494,0.275998,0.000504
cross_clear_r4__lead_cont_r9,0.295799,0.295149,0.00065
cross_clear_r4__lead_nec_r1,0.05723,0.057383,0.000153
cross_clear_r4__lead_nec_r10,0.050988,0.050982,6e-06
cross_clear_r4__lead_nec_r11,0.052832,0.053168,0.000336
cross_clear_r4__lead_nec_r12,0.052678,0.052438,0.00024
cross_clear_r4__lead_nec_r2,0.054017,0.054011,6e-06
cross_clear_r4__lead_nec_r3,0.050987,0.050982,5e-06
cross_clear_r4__lead_nec_r4,0.05097,0.050969,1e-06
cross_clear_r4__lead_nec_r5,0.052891,0.053168,0.000277
cross_clear_r4__lead_nec_r6,0.055293,0.055264,2.9e-05
cross_clear_r4__lead_nec_r7,0.052851,0.053168,0.000317
cross_clear_r4__lead_nec_r8,0.051241,0.051245,4e-06
cross_clear_r4__lead_nec_r9,0.049966,0.050088,0.000122
cross_clear_r4__lead_opt_r1,0.047544,0.048118,0.000574
cross_clear_r4__lead_opt_r10,0.057352,0.057383,3.1e-05
cross_clear_r4__lead_opt_r11,0.068172,0.068032,0.00014
cross_clear_r4__lead_opt_r12,0.056144,0.056138,6e-06
cross_clear_r4__lead_opt_r2,0.058278,0.05813,0.000148
cross_clear_r4__lead_opt_r3,0.054535,0.054546,1.1e-05
cross_clear_r4__lead_opt_r4,0.056432,0.056582,0.00015
cross_clear_r4__lead_opt_r5,0.059355,0.059273,8.2e-05
cross_clear_r4__lead_opt_r6,0.051873,0.051927,5.4e-05
cross_clear_r4__lead_opt_r7,0.059789,0.059787,2e-06
cross_clear_r4__lead_opt_r8,0.068915,0.068938,2.3e-05
cross_clear_r4__lead_opt_r9,0.059228,0.059273,4.5e-05
cross_clear_r4__temp_opt_r1,0.07682,0.076632,0.000188
cross_clear_r4__temp_opt_r10,0.084788,0.084678,0.00011
cross_clear_r4__temp_opt_r11,0.075838,0.076041,0.000203
cross_clear_r4__temp_opt_r12,0.070827,0.070826,1e-06
cross_clear_r4__temp_opt_r2,0.072591,0.07267,7.9e-05
cross_clear_r4__temp_opt_r3,0.051937,0.051943,6e-06
cross_clear_r4__temp_opt_r4,0.071992,0.071936,5.6e-05
cross_clear_r4__temp_opt_r5,0.061915,0.061914,1e-06
cross_clear_r4__temp_opt_r6,0.055386,0.055264,0.000122
cross_clear_r4__temp_opt_r7,0.066332,0.066498,0.000166
cross_clear_r4__temp_opt_r8,0.080021,0.079892,0.000129
cross_clear_r4__temp_opt_r9,0.07873,0.078729,1e-06
cross_clear_r5__lead_cont_r1,0.31001,0.309945,6.5e-05
cross_clear_r5__lead_cont_r10,0.266588,0.266947,0.000359
cross_clear_r5__lead_cont_r11,0.27577,0.275998,0.000228
cross_clear_r5__lead_cont_r12,0.306683,0.306738,5.5e-05
cross_clear_r5__lead_cont_r2,0.306538,0.306386,0.000152
cross_clear_r5__lead_cont_r3,0.27561,0.275998,0.000388
cross_clear_r5__lead_cont_r4,0.258813,0.257916,0.000897
cross_clear_r5__lead_cont_r5,0.282366,0.282836,0.00047
cross_clear_r5__lead_cont_r6,0.288239,0.288201,3.8e-05
cross_clear_r5__lead_cont_r7,0.30651,0.306386,0.000124
cross_clear_r5__lead_cont_r8,0.267133,0.266947,0.000186
cross_clear_r5__lead_cont_r9,0.287597,0.287913,0.000316
cross_clear_r5__lead_nec_r1,0.149559,0.149704,0.000145
cross_clear_r5__lead_nec_r10,0.143548,0.143755,0.000207
cross_clear_r5__lead_nec_r11,0.147094,0.146819,0.000275
cross_clear_r5__lead_nec_r12,0.143548,0.143755,0.000207
cross_clear_r5__lead_nec_r2,0.146082,0.146171,8.9e-05
cross_clear_r5__lead_nec_r3,0.146932,0.146819,0.000113
cross_clear_r5__lead_nec_r4,0.145237,0.145447,0.00021
cross_clear_r5__lead_nec_r5,0.145654,0.145521,0.000133
cross_clear_r5__lead_nec_r6,0.143078,0.143755,0.000677
cross_clear_r5__lead_nec_r7,0.143375,0.143755,0.00038
cross_clear_r5__lead_nec_r8,0.1441,0.143978,0.000122
cross_clear_r5__lead_nec_r9,0.142988,0.143755,0.000767
cross_clear_r5__lead_opt_r1,0.150182,0.149925,0.000257
cross_clear_r5__lead_opt_r10,0.147413,0.146819,0.000594
cross_clear_r5__lead_opt_r11,0.144983,0.145447,0.000464
cross_clear_r5__lead_opt_r12,0.146554,0.146557,3e-06
cross_clear_r5__lead_opt_r2,0.147724,0.148383,0.000659
cross_clear_r5__lead_opt_r3,0.149334,0.149704,0.00037
cross_clear_r5__lead_opt_r4,0.14707,0.146819,0.000251
cross_clear_r5__lead_opt_r5,0.147999,0.148383,0.000384
cross_clear_r5__lead_opt_r6,0.14758,0.146819,0.000761
cross_clear_r5__lead_opt_r7,0.147499,0.146819,0.00068
cross_clear_r5__lead_opt_r8,0.147404,0.146819,0.000585
cross_clear_r5__lead_opt_r9,0.150001,0.149925,7.6e-05
cross_clear_r5__temp_opt_r1,0.142251,0.142029,0.000222
cross_clear_r5__temp_opt_r10,0.13556,0.135406,0.000154
cross_clear_r5__temp_opt_r11,0.143744,0.143755,1.1e-05
cross_clear_r5__temp_opt_r12,0.157925,0.157743,0.000182
cross_clear_r5__temp_opt_r2,0.14602,0.145884,0.000136
cross_clear_r5__temp_opt_r3,0.150973,0.151041,6.8e-05
cross_clear_r5__temp_opt_r4,0.151323,0.151097,0.000226
cross_clear_r5__temp_opt_r5,0.155692,0.155659,3.3e-05
cross_clear_r5__temp_opt_r6,0.15695,0.156771,0.000179
cross_clear_r5__temp_opt_r7,0.165094,0.164666,0.000428
cross_clear_r5__temp_opt_r8,0.152264,0.152295,3.1e-05
cross_clear_r5__temp_opt_r9,0.149248,0.148924,0.000324
cross_clear_r6__lead_cont_r1,0.236591,0.237572,0.000981
cross_clear_r6__lead_cont_r10,0.211902,0.212464,0.000562
cross_clear_r6__lead_cont_r11,0.20651,0.208267,0.001757
cross_clear_r6__lead_cont_r12,0.257909,0.257916,7e-06
cross_clear_r6__lead_cont_r2,0.259806,0.260551,0.000745
cross_clear_r6__lead_cont_r3,0.208203,0.208267,6.4e-05
cross_clear_r6__lead_cont_r4,0.209913,0.209989,7.6e-05
cross_clear_r6__lead_cont_r5,0.219303,0.221077,0.001774
cross_clear_r6__lead_cont_r6,0.25266,0.253946,0.001286
cross_clear_r6__lead_cont_r7,0.258082,0.257916,0.000166
cross_clear_r6__lead_cont_r8,0.211356,0.211056,0.0003
cross_clear_r6__lead_cont_r9,0.232224,0.231288,0.000936
cross_clear_r6__lead_nec_r1,0.182457,0.182532,7.5e-05
cross_clear_r6__lead_nec_r10,0.19009,0.190163,7.3e-05
cross_clear_r6__lead_nec_r11,0.186534,0.186433,0.000101
cross_clear_r6__lead_nec_r12,0.203474,0.202886,0.000588
cross_clear_r6__lead_nec_r2,0.205677,0.208267,0.00259
cross_clear_r6__lead_nec_r3,0.188225,0.186433,0.001792
cross_clear_r6__lead_nec_r4,0.201117,0.201238,0.000121
cross_clear_r6__lead_nec_r5,0.186522,0.186433,8.9e-05
cross_clear_r6__lead_nec_r6,0.207006,0.208267,0.001261
cross_clear_r6__lead_nec_r7,0.203647,0.202886,0.000761
cross_clear_r6__lead_nec_r8,0.189505,0.190163,0.000658
cross_clear_r6__lead_nec_r9,0.194664,0.194918,0.000254
cross_clear_r6__lead_opt_r1,0.19478,0.194918,0.000138
cross_clear_r6__lead_opt_r10,0.181518,0.18213,0.000612
cross_clear_r6__lead_opt_r11,0.221168,0.221077,9.1e-05
cross_clear_r6__lead_opt_r12,0.209141,0.209466,0.000325
cross_clear_r6__lead_opt_r2,0.211275,0.211056,0.000219
cross_clear_r6__lead_opt_r3,0.184303,0.182784,0.001519
cross_clear_r6__lead_opt_r4,0.209008,0.209466,0.000458
cross_clear_r6__lead_opt_r5,0.179507,0.179408,9.9e-05
cross_clear_r6__lead_opt_r6,0.191574,0.191505,6.9e-05
cross_clear_r6__lead_opt_r7,0.181524,0.18213,0.000606
cross_clear_r6__lead_opt_r8,0.170353,0.170458,0.000105
cross_clear_r6__lead_opt_r9,0.179672,0.179803,0.000131
cross_clear_r6__temp_opt_r1,0.229817,0.23112,0.001303
cross_clear_r6__temp_opt_r10,0.237784,0.23784,5.6e-05
cross_clear_r6__temp_opt_r11,0.228834,0.228355,0.000479
cross_clear_r6__temp_opt_r12,0.176505,0.175721,0.000784
cross_clear_r6__temp_opt_r2,0.225061,0.225024,3.7e-05
cross_clear_r6__temp_opt_r3,0.204933,0.202886,0.002047
cross_clear_r6__temp_opt_r4,0.217028,0.216733,0.000295
cross_clear_r6__temp_opt_r5,0.19571,0.195558,0.000152
cross_clear_r6__temp_opt_r6,0.195135,0.194918,0.000217
cross_clear_r6__temp_opt_r7,0.197765,0.197393,0.000372
cross_clear_r6__temp_opt_r8,0.161229,0.161378,0.000149
cross_clear_r6__temp_opt_r9,0.162376,0.161378,0.000998
cross_clear_r7__lead_cont_r1,0.33853,0.338543,1.3e-05
cross_clear_r7__lead_cont_r10,0.303784,0.303787,3e-06
cross_clear_r7__lead_cont_r11,0.313427,0.313482,5.5e-05
cross_clear_r7__lead_cont_r12,0.343508,0.343624,0.000116
cross_clear_r7__lead_cont_r2,0.333574,0.333472,0.000102
cross_clear_r7__lead_cont_r3,0.313106,0.313354,0.000248
cross_clear_r7__lead_cont_r4,0.295638,0.295149,0.000489
cross_clear_r7__lead_cont_r5,0.319907,0.319881,2.6e-05
cross_clear_r7__lead_cont_r6,0.325064,0.325088,2.4e-05
cross_clear_r7__lead_cont_r7,0.343335,0.343291,4.4e-05
cross_clear_r7__lead_cont_r8,0.30433,0.304151,0.000179
cross_clear_r7__lead_cont_r9,0.32452,0.32452,0.0
cross_clear_r7__lead_nec_r1,0.084113,0.084231,0.000118
cross_clear_r7__lead_nec_r10,0.076981,0.077113,0.000132
cross_clear_r7__lead_nec_r11,0.080995,0.081019,2.4e-05
cross_clear_r7__lead_nec_r12,0.076618,0.076632,1.4e-05
cross_clear_r7__lead_nec_r2,0.079151,0.079014,0.000137
cross_clear_r7__lead_nec_r3,0.080672,0.080622,5e-05
cross_clear_r7__lead_nec_r4,0.078307,0.078333,2.6e-05
cross_clear_r7__lead_nec_r5,0.07944,0.079426,1.4e-05
cross_clear_r7__lead_nec_r6,0.076147,0.07607,7.7e-05
cross_clear_r7__lead_nec_r7,0.076445,0.076512,6.7e-05
cross_clear_r7__lead_nec_r8,0.077541,0.077598,5.7e-05
cross_clear_r7__lead_nec_r9,0.076156,0.07607,8.6e-05
cross_clear_r7__lead_opt_r1,0.083251,0.083078,0.000173
cross_clear_r7__lead_opt_r10,0.080564,0.080622,5.8e-05
cross_clear_r7__lead_opt_r11,0.078052,0.078018,3.4e-05
cross_clear_r7__lead_opt_r12,0.079623,0.079615,8e-06
cross_clear_r7__lead_opt_r2,0.080794,0.080622,0.000172
cross_clear_r7__lead_opt_r3,0.082498,0.082536,3.8e-05
cross_clear_r7__lead_opt_r4,0.08014,0.080268,0.000128
cross_clear_r7__lead_opt_r5,0.081254,0.081196,5.8e-05
cross_clear_r7__lead_opt_r6,0.08065,0.080622,2.8e-05
cross_clear_r7__lead_opt_r7,0.081371,0.081488,0.000117
cross_clear_r7__lead_opt_r8,0.084518,0.084616,9.8e-05
cross_clear_r7__lead_opt_r9,0.083304,0.083078,0.000226
cross_clear_r7__temp_opt_r1,0.07532,0.075281,3.9e-05
cross_clear_r7__temp_opt_r10,0.06863,0.068672,4.2e-05
cross_clear_r7__temp_opt_r11,0.076813,0.076632,0.000181
cross_clear_r7__temp_opt_r12,0.097973,0.0975,0.000473
cross_clear_r7__temp_opt_r2,0.07909,0.079014,7.6e-05
cross_clear_r7__temp_opt_r3,0.084042,0.083961,8.1e-05
cross_clear_r7__temp_opt_r4,0.084393,0.08433,6.3e-05
cross_clear_r7__temp_opt_r5,0.088761,0.0886,0.000161
cross_clear_r7__temp_opt_r6,0.090019,0.090299,0.00028
cross_clear_r7__temp_opt_r7,0.091888,0.09164,0.000248
cross_clear_r7__temp_opt_r8,0.097146,0.097053,9.3e-05
cross_clear_r7__temp_opt_r9,0.092156,0.092505,0.000349
cross_clear_r8__lead_cont_r1,0.27168,0.271665,1.5e-05
cross_clear_r8__lead_cont_r10,0.250549,0.25092,0.000371
cross_clear_r8__lead_cont_r11,0.252558,0.251182,0.001376
cross_clear_r8__lead_cont_r12,0.303725,0.303787,6.2e-05
cross_clear_r8__lead_cont_r2,0.29345,0.293744,0.000294
cross_clear_r8__lead_cont_r3,0.254087,0.253946,0.000141
cross_clear_r8__lead_cont_r4,0.252021,0.251182,0.000839
cross_clear_r8__lead_cont_r5,0.260615,0.260551,6.4e-05
cross_clear_r8__lead_cont_r6,0.290201,0.290263,6.2e-05
cross_clear_r8__lead_cont_r7,0.303898,0.303869,2.9e-05
cross_clear_r8__lead_cont_r8,0.250004,0.24942,0.000584
cross_clear_r8__lead_cont_r9,0.2767,0.276817,0.000117
cross_clear_r8__lead_nec_r1,0.080849,0.081019,0.00017
cross_clear_r8__lead_nec_r10,0.086967,0.086957,1e-05
cross_clear_r8__lead_nec_r11,0.083712,0.083608,0.000104
cross_clear_r8__lead_nec_r12,0.100421,0.100522,0.000101
cross_clear_r8__lead_nec_r2,0.102624,0.102554,7e-05
cross_clear_r8__lead_nec_r3,0.085239,0.085051,0.000188
cross_clear_r8__lead_nec_r4,0.098064,0.098523,0.000459
cross_clear_r8__lead_nec_r5,0.083581,0.083607,2.6e-05
cross_clear_r8__lead_nec_r6,0.103953,0.10403,7.7e-05
cross_clear_r8__lead_nec_r7,0.100594,0.100585,9e-06
cross_clear_r8__lead_nec_r8,0.086382,0.086316,6.6e-05
cross_clear_r8__lead_nec_r9,0.091499,0.091446,5.3e-05
cross_clear_r8__lead_opt_r1,0.091727,0.09164,8.7e-05
cross_clear_r8__lead_opt_r10,0.081928,0.082,7.2e-05
cross_clear_r8__lead_opt_r11,0.118115,0.118495,0.00038
cross_clear_r8__lead_opt_r12,0.106087,0.105833,0.000254
cross_clear_r8__lead_opt_r2,0.108222,0.107962,0.00026
cross_clear_r8__lead_opt_r3,0.082599,0.082536,6.3e-05
cross_clear_r8__lead_opt_r4,0.105955,0.105833,0.000122
cross_clear_r8__lead_opt_r5,0.082987,0.082911,7.6e-05
cross_clear_r8__lead_opt_r6,0.08932,0.089371,5.1e-05
cross_clear_r8__lead_opt_r7,0.088224,0.088155,6.9e-05
cross_clear_r8__lead_opt_r8,0.085688,0.085702,1.4e-05
cross_clear_r8__lead_opt_r9,0.080613,0.080622,9e-06
cross_clear_r8__temp_opt_r1,0.126763,0.126456,0.000307
cross_clear_r8__temp_opt_r10,0.134731,0.134165,0.000566
cross_clear_r8__temp_opt_r11,0.125781,0.12521,0.000571
cross_clear_r8__temp_opt_r12,0.100298,0.100152,0.000146
cross_clear_r8__temp_opt_r2,0.122008,0.121398,0.00061
cross_clear_r8__temp_opt_r3,0.10188,0.101732,0.000148
cross_clear_r8__temp_opt_r4,0.118164,0.118495,0.000331
cross_clear_r8__temp_opt_r5,0.098309,0.098523,0.000214
cross_clear_r8__temp_opt_r6,0.092082,0.092505,0.000423
cross_clear_r8__temp_opt_r7,0.102211,0.10227,5.9e-05
cross_clear_r8__temp_opt_r8,0.096668,0.096395,0.000273
cross_clear_r8__temp_opt_r9,0.089641,0.089496,0.000145
cross_clear_r9__lead_cont_r1,0.245174,0.245645,0.000471
cross_clear_r9__lead_cont_r10,0.208297,0.208267,3e-05
cross_clear_r9__lead_cont_r11,0.217681,0.21734,0.000341
cross_clear_r9__lead_cont_r12,0.234673,0.234513,0.00016
cross_clear_r9__lead_cont_r2,0.221111,0.221077,3.4e-05
cross_clear_r9__lead_cont_r3,0.215843,0.216733,0.00089
cross_clear_r9__lead_cont_r4,0.187508,0.186433,0.001075
cross_clear_r9__lead_cont_r5,0.22576,0.225585,0.000175
cross_clear_r9__lead_cont_r6,0.213167,0.213251,8.4e-05
cross_clear_r9__lead_cont_r7,0.2345,0.234513,1.3e-05
cross_clear_r9__lead_cont_r8,0.208842,0.208267,0.000575
cross_clear_r9__lead_cont_r9,0.225068,0.225024,4.4e-05
cross_clear_r9__lead_nec_r1,0.205814,0.208267,0.002453
cross_clear_r9__lead_nec_r10,0.197627,0.197393,0.000234
cross_clear_r9__lead_nec_r11,0.201416,0.201238,0.000178
cross_clear_r9__lead_nec_r12,0.183948,0.182784,0.001164
cross_clear_r9__lead_nec_r2,0.181745,0.18213,0.000385
cross_clear_r9__lead_nec_r3,0.199571,0.201238,0.001667
cross_clear_r9__lead_nec_r4,0.186305,0.186433,0.000128
cross_clear_r9__lead_nec_r5,0.201459,0.201238,0.000221
cross_clear_r9__lead_nec_r6,0.180417,0.180901,0.000484
cross_clear_r9__lead_nec_r7,0.183775,0.182784,0.000991
cross_clear_r9__lead_nec_r8,0.19822,0.197393,0.000827
cross_clear_r9__lead_nec_r9,0.19287,0.193008,0.000138
cross_clear_r9__lead_opt_r1,0.192642,0.193008,0.000366
cross_clear_r9__lead_opt_r10,0.205936,0.208267,0.002331
cross_clear_r9__lead_opt_r11,0.166254,0.166277,2.3e-05
cross_clear_r9__lead_opt_r12,0.178282,0.178472,0.00019
cross_clear_r9__lead_opt_r2,0.176147,0.175721,0.000426
cross_clear_r9__lead_opt_r3,0.203119,0.202886,0.000233
cross_clear_r9__lead_opt_r4,0.178414,0.178472,5.8e-05
cross_clear_r9__lead_opt_r5,0.207916,0.208267,0.000351
cross_clear_r9__lead_opt_r6,0.195848,0.195558,0.00029
cross_clear_r9__lead_opt_r7,0.205898,0.208267,0.002369
cross_clear_r9__lead_opt_r8,0.217499,0.21734,0.000159
cross_clear_r9__lead_opt_r9,0.207813,0.208267,0.000454
cross_clear_r9__temp_opt_r1,0.157606,0.157743,0.000137
cross_clear_r9__temp_opt_r10,0.149638,0.149704,6.6e-05
cross_clear_r9__temp_opt_r11,0.158588,0.158653,6.5e-05
cross_clear_r9__temp_opt_r12,0.216372,0.216733,0.000361
cross_clear_r9__temp_opt_r2,0.162361,0.161378,0.000983
cross_clear_r9__temp_opt_r3,0.182489,0.182532,4.3e-05
cross_clear_r9__temp_opt_r4,0.170394,0.170458,6.4e-05
cross_clear_r9__temp_opt_r5,0.191713,0.191505,0.000208
cross_clear_r9__temp_opt_r6,0.192287,0.191996,0.000291
cross_clear_r9__temp_opt_r7,0.192909,0.193008,9.9e-05
cross_clear_r9__temp_opt_r8,0.228462,0.228355,0.000107
cross_clear_r9__temp_opt_r9,0.227314,0.22801,0.000696
cross_stall_occ_r1__lead_cont_r1,0.012742,0.012752,1e-05
cross_stall_occ_r1__lead_cont_r10,0.069059,0.069051,8e-06
cross_stall_occ_r1__lead_cont_r11,0.064073,0.0641,2.7e-05
cross_stall_occ_r1__lead_cont_r12,0.047081,0.046802,0.000279
cross_stall_occ_r1__lead_cont_r2,0.036806,0.036749,5.7e-05
cross_stall_occ_r1__lead_cont_r3,0.065911,0.065996,8.5e-05
cross_stall_occ_r1__lead_cont_r4,0.091076,0.090856,0.00022
cross_stall_occ_r1__lead_cont_r5,0.051596,0.051443,0.000153
cross_stall_occ_r1__lead_cont_r6,0.067604,0.067608,4e-06
cross_stall_occ_r1__lead_cont_r7,0.047254,0.046802,0.000452
cross_stall_occ_r1__lead_cont_r8,0.068513,0.068504,9e-06
cross_stall_occ_r1__lead_cont_r9,0.056685,0.056582,0.000103
cross_stall_occ_r1__lead_nec_r1,0.350269,0.350279,1e-05
cross_stall_occ_r1__lead_nec_r10,0.358456,0.358353,0.000103
cross_stall_occ_r1__lead_nec_r11,0.354667,0.354625,4.2e-05
cross_stall_occ_r1__lead_nec_r12,0.372135,0.372137,2e-06
cross_stall_occ_r1__lead_nec_r2,0.374338,0.37414,0.000198
cross_stall_occ_r1__lead_nec_r3,0.356513,0.356495,1.8e-05
cross_stall_occ_r1__lead_nec_r4,0.369778,0.369377,0.000401
cross_stall_occ_r1__lead_nec_r5,0.354624,0.354625,1e-06
cross_stall_occ_r1__lead_nec_r6,0.375667,0.375955,0.000288
cross_stall_occ_r1__lead_nec_r7,0.372308,0.37231,2e-06
cross_stall_occ_r1__lead_nec_r8,0.357863,0.357806,5.7e-05
cross_stall_occ_r1__lead_nec_r9,0.363213,0.363132,8.1e-05
cross_stall_occ_r1__lead_opt_r1,0.363441,0.363392,4.9e-05
cross_stall_occ_r1__lead_opt_r10,0.352147,0.351952,0.000195
cross_stall_occ_r1__lead_opt_r11,0.389829,0.388913,0.000916
cross_stall_occ_r1__lead_opt_r12,0.377802,0.37773,7.2e-05
cross_stall_occ_r1__lead_opt_r2,0.379936,0.380049,0.000113
cross_stall_occ_r1__lead_opt_r3,0.353277,0.353285,8e-06
cross_stall_occ_r1__lead_opt_r4,0.377669,0.37773,6.1e-05
cross_stall_occ_r1__lead_opt_r5,0.352776,0.352809,3.3e-05
cross_stall_occ_r1__lead_opt_r6,0.360528,0.360465,6.3e-05
cross_stall_occ_r1__lead_opt_r7,0.358225,0.358149,7.6e-05
cross_stall_occ_r1__lead_opt_r8,0.353835,0.353845,1e-05
cross_stall_occ_r1__lead_opt_r9,0.350587,0.350628,4.1e-05
cross_stall_occ_r1__temp_opt_r1,0.398477,0.397989,0.000488
cross_stall_occ_r1__temp_opt_r10,0.406445,0.406798,0.000353
cross_stall_occ_r1__temp_opt_r11,0.397495,0.397499,4e-06
cross_stall_occ_r1__temp_opt_r12,0.368046,0.36806,1.4e-05
cross_stall_occ_r1__temp_opt_r2,0.393722,0.393452,0.00027
cross_stall_occ_r1__temp_opt_r3,0.373594,0.373598,4e-06
cross_stall_occ_r1__temp_opt_r4,0.389288,0.388913,0.000375
cross_stall_occ_r1__temp_opt_r5,0.367476,0.367468,8e-06
cross_stall_occ_r1__temp_opt_r6,0.363796,0.363852,5.6e-05
cross_stall_occ_r1__temp_opt_r7,0.372054,0.372038,1.6e-05
cross_stall_occ_r1__temp_opt_r8,0.362491,0.362496,5e-06
cross_stall_occ_r1__temp_opt_r9,0.34842,0.348418,2e-06
cross_stall_occ_r10__lead_cont_r1,0.059367,0.059442,7.5e-05
cross_stall_occ_r10__lead_cont_r10,0.066214,0.066101,0.000113
cross_stall_occ_r10__lead_cont_r11,0.016832,0.016813,1.9e-05
cross_stall_occ_r10__lead_cont_r12,0.068759,0.068756,3e-06
cross_stall_occ_r10__lead_cont_r2,0.08343,0.083607,0.000177
cross_stall_occ_r10__lead_cont_r3,0.01867,0.018655,1.5e-05
cross_stall_occ_r10__lead_cont_r4,0.047006,0.046802,0.000204
cross_stall_occ_r10__lead_cont_r5,0.068683,0.068672,1.1e-05
cross_stall_occ_r10__lead_cont_r6,0.084667,0.084678,1.1e-05
cross_stall_occ_r10__lead_cont_r7,0.068932,0.068938,6e-06
cross_stall_occ_r10__lead_cont_r8,0.065668,0.065996,0.000328
cross_stall_occ_r10__lead_cont_r9,0.049442,0.049436,6e-06
cross_stall_occ_r10__lead_nec_r1,0.327975,0.327955,2e-05
cross_stall_occ_r10__lead_nec_r10,0.336162,0.336231,6.9e-05
cross_stall_occ_r10__lead_nec_r11,0.332373,0.332359,1.4e-05
cross_stall_occ_r10__lead_nec_r12,0.349841,0.349829,1.2e-05
cross_stall_occ_r10__lead_nec_r2,0.352044,0.351952,9.2e-05
cross_stall_occ_r10__lead_nec_r3,0.334218,0.334105,0.000113
cross_stall_occ_r10__lead_nec_r4,0.347484,0.347457,2.7e-05
cross_stall_occ_r10__lead_nec_r5,0.33233,0.332359,2.9e-05
cross_stall_occ_r10__lead_nec_r6,0.353372,0.353359,1.3e-05
cross_stall_occ_r10__lead_nec_r7,0.350014,0.35,1.4e-05
cross_stall_occ_r10__lead_nec_r8,0.335569,0.335558,1.1e-05
cross_stall_occ_r10__lead_nec_r9,0.340919,0.340858,6.1e-05
cross_stall_occ_r10__lead_opt_r1,0.341147,0.341151,4e-06
cross_stall_occ_r10__lead_opt_r10,0.329119,0.32914,2.1e-05
cross_stall_occ_r10__lead_opt_r11,0.367535,0.367522,1.3e-05
cross_stall_occ_r10__lead_opt_r12,0.355507,0.355471,3.6e-05
cross_stall_occ_r10__lead_opt_r2,0.357642,0.357639,3e-06
cross_stall_occ_r10__lead_opt_r3,0.330833,0.330862,2.9e-05
cross_stall_occ_r10__lead_opt_r4,0.355375,0.355384,9e-06
cross_stall_occ_r10__lead_opt_r5,0.329422,0.329534,0.000112
cross_stall_occ_r10__lead_opt_r6,0.338143,0.338145,2e-06
cross_stall_occ_r10__lead_opt_r7,0.334781,0.334773,8e-06
cross_stall_occ_r10__lead_opt_r8,0.329886,0.329919,3.3e-05
cross_stall_occ_r10__lead_opt_r9,0.32784,0.327803,3.7e-05
cross_stall_occ_r10__temp_opt_r1,0.376183,0.375955,0.000228
cross_stall_occ_r10__temp_opt_r10,0.384151,0.384165,1.4e-05
cross_stall_occ_r10__temp_opt_r11,0.375201,0.375294,9.3e-05
cross_stall_occ_r10__temp_opt_r12,0.345309,0.345368,5.9e-05
cross_stall_occ_r10__temp_opt_r2,0.371428,0.371215,0.000213
cross_stall_occ_r10__temp_opt_r3,0.3513,0.35118,0.00012
cross_stall_occ_r10__temp_opt_r4,0.366857,0.366843,1.4e-05
cross_stall_occ_r10__temp_opt_r5,0.344842,0.344945,0.000103
cross_stall_occ_r10__temp_opt_r6,0.341502,0.341489,1.3e-05
cross_stall_occ_r10__temp_opt_r7,0.349688,0.349621,6.7e-05
cross_stall_occ_r10__temp_opt_r8,0.339465,0.339477,1.2e-05
cross_stall_occ_r10__temp_opt_r9,0.325844,0.325835,9e-06
cross_stall_occ_r11__lead_cont_r1,0.05335,0.053168,0.000182
cross_stall_occ_r11__lead_cont_r10,0.089119,0.089085,3.4e-05
cross_stall_occ_r11__lead_cont_r11,0.079734,0.079771,3.7e-05
cross_stall_occ_r11__lead_cont_r12,0.062742,0.062649,9.3e-05
cross_stall_occ_r11__lead_cont_r2,0.077413,0.077598,0.000185
cross_stall_occ_r11__lead_cont_r3,0.081572,0.081488,8.4e-05
cross_stall_occ_r11__lead_cont_r4,0.109908,0.110548,0.00064
cross_stall_occ_r11__lead_cont_r5,0.071655,0.071679,2.4e-05
cross_stall_occ_r11__lead_cont_r6,0.084248,0.084231,1.7e-05
cross_stall_occ_r11__lead_cont_r7,0.062916,0.062902,1.4e-05
cross_stall_occ_r11__lead_cont_r8,0.088573,0.088547,2.6e-05
cross_stall_occ_r11__lead_cont_r9,0.072347,0.072168,0.000179
cross_stall_occ_r11__lead_nec_r1,0.390877,0.391344,0.000467
cross_stall_occ_r11__lead_nec_r10,0.399063,0.397989,0.001074
cross_stall_occ_r11__lead_nec_r11,0.395275,0.395117,0.000158
cross_stall_occ_r11__lead_nec_r12,0.412742,0.412757,1.5e-05
cross_stall_occ_r11__lead_nec_r2,0.414946,0.414202,0.000744
cross_stall_occ_r11__lead_nec_r3,0.39712,0.397414,0.000294
cross_stall_occ_r11__lead_nec_r4,0.410386,0.409041,0.001345
cross_stall_occ_r11__lead_nec_r5,0.395232,0.395117,0.000115
cross_stall_occ_r11__lead_nec_r6,0.416274,0.416569,0.000295
cross_stall_occ_r11__lead_nec_r7,0.412916,0.412884,3.2e-05
cross_stall_occ_r11__lead_nec_r8,0.398471,0.397989,0.000482
cross_stall_occ_r11__lead_nec_r9,0.403821,0.403661,0.00016
cross_stall_occ_r11__lead_opt_r1,0.404049,0.404067,1.8e-05
cross_stall_occ_r11__lead_opt_r10,0.390755,0.391344,0.000589
cross_stall_occ_r11__lead_opt_r11,0.430437,0.430318,0.000119
cross_stall_occ_r11__lead_opt_r12,0.418409,0.418222,0.000187
cross_stall_occ_r11__lead_opt_r2,0.420543,0.421764,0.001221
cross_stall_occ_r11__lead_opt_r3,0.393572,0.393452,0.00012
cross_stall_occ_r11__lead_opt_r4,0.418277,0.418222,5.5e-05
cross_stall_occ_r11__lead_opt_r5,0.388775,0.388673,0.000102
cross_stall_occ_r11__lead_opt_r6,0.400843,0.402049,0.001206
cross_stall_occ_r11__lead_opt_r7,0.390792,0.391344,0.000552
cross_stall_occ_r11__lead_opt_r8,0.379192,0.379115,7.7e-05
cross_stall_occ_r11__lead_opt_r9,0.388878,0.388913,3.5e-05
cross_stall_occ_r11__temp_opt_r1,0.439085,0.439085,0.0
cross_stall_occ_r11__temp_opt_r10,0.447053,0.447053,0.0
cross_stall_occ_r11__temp_opt_r11,0.438103,0.438103,0.0
cross_stall_occ_r11__temp_opt_r12,0.384576,0.384576,0.0
cross_stall_occ_r11__temp_opt_r2,0.43433,0.43433,0.0
cross_stall_occ_r11__temp_opt_r3,0.414202,0.414202,0.0
cross_stall_occ_r11__temp_opt_r4,0.426297,0.426297,0.0
cross_stall_occ_r11__temp_opt_r5,0.404978,0.404978,0.0
cross_stall_occ_r11__temp_opt_r6,0.404404,0.404404,0.0
cross_stall_occ_r11__temp_opt_r7,0.406798,0.406798,0.0
cross_stall_occ_r11__temp_opt_r8,0.368229,0.368229,0.0
cross_stall_occ_r11__temp_opt_r9,0.369377,0.369377,0.0
cross_stall_occ_r12__lead_cont_r1,0.071607,0.071679,7.2e-05
cross_stall_occ_r12__lead_cont_r10,0.083435,0.083607,0.000172
cross_stall_occ_r12__lead_cont_r11,0.095561,0.095413,0.000148
cross_stall_occ_r12__lead_cont_r12,0.093773,0.093447,0.000326
cross_stall_occ_r12__lead_cont_r2,0.09567,0.095413,0.000257
cross_stall_occ_r12__lead_cont_r3,0.097399,0.097393,6e-06
cross_stall_occ_r12__lead_cont_r4,0.110385,0.110548,0.000163
cross_stall_occ_r12__lead_cont_r5,0.066101,0.066101,0.0
cross_stall_occ_r12__lead_cont_r6,0.096229,0.096332,0.000103
cross_stall_occ_r12__lead_cont_r7,0.093947,0.093447,0.0005
cross_stall_occ_r12__lead_cont_r8,0.08289,0.082911,2.1e-05
cross_stall_occ_r12__lead_cont_r9,0.093937,0.093447,0.00049
cross_stall_occ_r12__lead_nec_r1,0.336191,0.336231,4e-05
cross_stall_occ_r12__lead_nec_r10,0.344377,0.34448,0.000103
cross_stall_occ_r12__lead_nec_r11,0.340588,0.340569,1.9e-05
cross_stall_occ_r12__lead_nec_r12,0.358056,0.358068,1.2e-05
cross_stall_occ_r12__lead_nec_r2,0.360259,0.360249,1e-05
cross_stall_occ_r12__lead_nec_r3,0.342434,0.342412,2.2e-05
cross_stall_occ_r12__lead_nec_r4,0.355699,0.355823,0.000124
cross_stall_occ_r12__lead_nec_r5,0.340545,0.340569,2.4e-05
cross_stall_occ_r12__lead_nec_r6,0.361588,0.36159,2e-06
cross_stall_occ_r12__lead_nec_r7,0.358229,0.358149,8e-05
cross_stall_occ_r12__lead_nec_r8,0.343785,0.34377,1.5e-05
cross_stall_occ_r12__lead_nec_r9,0.349134,0.349237,0.000103
cross_stall_occ_r12__lead_opt_r1,0.349362,0.349404,4.2e-05
cross_stall_occ_r12__lead_opt_r10,0.336068,0.336039,2.9e-05
cross_stall_occ_r12__lead_opt_r11,0.375751,0.375955,0.000204
cross_stall_occ_r12__lead_opt_r12,0.363723,0.363692,3.1e-05
cross_stall_occ_r12__lead_opt_r2,0.365857,0.365795,6.2e-05
cross_stall_occ_r12__lead_opt_r3,0.338886,0.338971,8.5e-05
cross_stall_occ_r12__lead_opt_r4,0.36359,0.363589,1e-06
cross_stall_occ_r12__lead_opt_r5,0.334089,0.334105,1.6e-05
cross_stall_occ_r12__lead_opt_r6,0.346157,0.346189,3.2e-05
cross_stall_occ_r12__lead_opt_r7,0.336936,0.336967,3.1e-05
cross_stall_occ_r12__lead_opt_r8,0.326003,0.325952,5.1e-05
cross_stall_occ_r12__lead_opt_r9,0.334192,0.334105,8.7e-05
cross_stall_occ_r12__temp_opt_r1,0.384399,0.38434,5.9e-05
cross_stall_occ_r12__temp_opt_r10,0.392367,0.392251,0.000116
cross_stall_occ_r12__temp_opt_r11,0.383417,0.383311,0.000106
cross_stall_occ_r12__temp_opt_r12,0.338256,0.338219,3.7e-05
cross_stall_occ_r12__temp_opt_r2,0.379643,0.37969,4.7e-05
cross_stall_occ_r12__temp_opt_r3,0.359515,0.359525,1e-05
cross_stall_occ_r12__temp_opt_r4,0.372574,0.372615,4.1e-05
cross_stall_occ_r12__temp_opt_r5,0.350292,0.350279,1.3e-05
cross_stall_occ_r12__temp_opt_r6,0.349717,0.349621,9.6e-05
cross_stall_occ_r12__temp_opt_r7,0.35413,0.354037,9.3e-05
cross_stall_occ_r12__temp_opt_r8,0.325548,0.325545,3e-06
cross_stall_occ_r12__temp_opt_r9,0.31469,0.314702,1.2e-05
cross_stall_occ_r2__lead_cont_r1,0.001063,0.001274,0.000211
cross_stall_occ_r2__lead_cont_r10,0.056747,0.056806,5.9e-05
cross_stall_occ_r2__lead_cont_r11,0.050583,0.050582,1e-06
cross_stall_occ_r2__lead_cont_r12,0.033275,0.033317,4.2e-05
cross_stall_occ_r2__lead_cont_r2,0.023,0.023002,2e-06
cross_stall_occ_r2__lead_cont_r3,0.052118,0.0521,1.8e-05
cross_stall_occ_r2__lead_cont_r4,0.07727,0.077208,6.2e-05
cross_stall_occ_r2__lead_cont_r5,0.039479,0.039488,9e-06
cross_stall_occ_r2__lead_cont_r6,0.053798,0.053828,3e-05
cross_stall_occ_r2__lead_cont_r7,0.033448,0.033551,0.000103
cross_stall_occ_r2__lead_cont_r8,0.056201,0.056163,3.8e-05
cross_stall_occ_r2__lead_cont_r9,0.043311,0.043272,3.9e-05
cross_stall_occ_r2__lead_nec_r1,0.33859,0.338623,3.3e-05
cross_stall_occ_r2__lead_nec_r10,0.346133,0.346189,5.6e-05
cross_stall_occ_r2__lead_nec_r11,0.341178,0.341151,2.7e-05
cross_stall_occ_r2__lead_nec_r12,0.358329,0.358353,2.4e-05
cross_stall_occ_r2__lead_nec_r2,0.360532,0.360465,6.7e-05
cross_stall_occ_r2__lead_nec_r3,0.34272,0.342725,5e-06
cross_stall_occ_r2__lead_nec_r4,0.355972,0.356102,0.00013
cross_stall_occ_r2__lead_nec_r5,0.342508,0.342599,9.1e-05
cross_stall_occ_r2__lead_nec_r6,0.361861,0.361879,1.8e-05
cross_stall_occ_r2__lead_nec_r7,0.358502,0.358575,7.3e-05
cross_stall_occ_r2__lead_nec_r8,0.345551,0.345368,0.000183
cross_stall_occ_r2__lead_nec_r9,0.349838,0.349829,9e-06
cross_stall_occ_r2__lead_opt_r1,0.350144,0.350141,3e-06
cross_stall_occ_r2__lead_opt_r10,0.348387,0.348392,5e-06
cross_stall_occ_r2__lead_opt_r11,0.376023,0.375955,6.8e-05
cross_stall_occ_r2__lead_opt_r12,0.363996,0.364048,5.2e-05
cross_stall_occ_r2__lead_opt_r2,0.36613,0.365795,0.000335
cross_stall_occ_r2__lead_opt_r3,0.346602,0.346622,2e-05
cross_stall_occ_r2__lead_opt_r4,0.363863,0.363854,9e-06
cross_stall_occ_r2__lead_opt_r5,0.35039,0.350413,2.3e-05
cross_stall_occ_r2__lead_opt_r6,0.351079,0.351044,3.5e-05
cross_stall_occ_r2__lead_opt_r7,0.354954,0.355033,7.9e-05
cross_stall_occ_r2__lead_opt_r8,0.355749,0.355823,7.4e-05
cross_stall_occ_r2__lead_opt_r9,0.347502,0.347515,1.3e-05
cross_stall_occ_r2__temp_opt_r1,0.384672,0.384711,3.9e-05
cross_stall_occ_r2__temp_opt_r10,0.392639,0.392743,0.000104
cross_stall_occ_r2__temp_opt_r11,0.383689,0.383724,3.5e-05
cross_stall_occ_r2__temp_opt_r12,0.368166,0.368229,6.3e-05
cross_stall_occ_r2__temp_opt_r2,0.380155,0.380049,0.000106
cross_stall_occ_r2__temp_opt_r3,0.359788,0.359565,0.000223
cross_stall_occ_r2__temp_opt_r4,0.377987,0.37773,0.000257
cross_stall_occ_r2__temp_opt_r5,0.362842,0.362847,5e-06
cross_stall_occ_r2__temp_opt_r6,0.354396,0.354283,0.000113
cross_stall_occ_r2__temp_opt_r7,0.362135,0.36215,1.5e-05
cross_stall_occ_r2__temp_opt_r8,0.368266,0.368229,3.7e-05
cross_stall_occ_r2__temp_opt_r9,0.360091,0.360249,0.000158
cross_stall_occ_r3__lead_cont_r1,0.070872,0.070856,1.6e-05
cross_stall_occ_r3__lead_cont_r10,0.077719,0.077676,4.3e-05
cross_stall_occ_r3__lead_cont_r11,0.028338,0.028335,3e-06
cross_stall_occ_r3__lead_cont_r12,0.080264,0.080268,4e-06
cross_stall_occ_r3__lead_cont_r2,0.094935,0.094976,4.1e-05
cross_stall_occ_r3__lead_cont_r3,0.030176,0.030177,1e-06
cross_stall_occ_r3__lead_cont_r4,0.058511,0.058607,9.6e-05
cross_stall_occ_r3__lead_cont_r5,0.080188,0.080268,8e-05
cross_stall_occ_r3__lead_cont_r6,0.096172,0.096332,0.00016
cross_stall_occ_r3__lead_cont_r7,0.080437,0.080268,0.000169
cross_stall_occ_r3__lead_cont_r8,0.077174,0.077196,2.2e-05
cross_stall_occ_r3__lead_cont_r9,0.060948,0.060926,2.2e-05
cross_stall_occ_r3__lead_nec_r1,0.339481,0.339477,4e-06
cross_stall_occ_r3__lead_nec_r10,0.347667,0.347515,0.000152
cross_stall_occ_r3__lead_nec_r11,0.343879,0.343846,3.3e-05
cross_stall_occ_r3__lead_nec_r12,0.361346,0.361418,7.2e-05
cross_stall_occ_r3__lead_nec_r2,0.36355,0.363589,3.9e-05
cross_stall_occ_r3__lead_nec_r3,0.345724,0.345756,3.2e-05
cross_stall_occ_r3__lead_nec_r4,0.358989,0.358973,1.6e-05
cross_stall_occ_r3__lead_nec_r5,0.343836,0.343846,1e-05
cross_stall_occ_r3__lead_nec_r6,0.364878,0.364927,4.9e-05
cross_stall_occ_r3__lead_nec_r7,0.361519,0.361505,1.4e-05
cross_stall_occ_r3__lead_nec_r8,0.347075,0.347094,1.9e-05
cross_stall_occ_r3__lead_nec_r9,0.352424,0.352595,0.000171
cross_stall_occ_r3__lead_opt_r1,0.352653,0.352636,1.7e-05
cross_stall_occ_r3__lead_opt_r10,0.339358,0.339477,0.000119
cross_stall_occ_r3__lead_opt_r11,0.379041,0.379067,2.6e-05
cross_stall_occ_r3__lead_opt_r12,0.367013,0.366912,0.000101
cross_stall_occ_r3__lead_opt_r2,0.369147,0.36917,2.3e-05
cross_stall_occ_r3__lead_opt_r3,0.342176,0.34217,6e-06
cross_stall_occ_r3__lead_opt_r4,0.366881,0.366912,3.1e-05
cross_stall_occ_r3__lead_opt_r5,0.337617,0.337562,5.5e-05
cross_stall_occ_r3__lead_opt_r6,0.349447,0.349404,4.3e-05
cross_stall_occ_r3__lead_opt_r7,0.341526,0.341553,2.7e-05
cross_stall_occ_r3__lead_opt_r8,0.332594,0.332478,0.000116
cross_stall_occ_r3__lead_opt_r9,0.337482,0.337489,7e-06
cross_stall_occ_r3__temp_opt_r1,0.387689,0.388017,0.000328
cross_stall_occ_r3__temp_opt_r10,0.395657,0.396099,0.000442
cross_stall_occ_r3__temp_opt_r11,0.386707,0.388017,0.00131
cross_stall_occ_r3__temp_opt_r12,0.346445,0.346448,3e-06
cross_stall_occ_r3__temp_opt_r2,0.382934,0.38302,8.6e-05
cross_stall_occ_r3__temp_opt_r3,0.362805,0.362817,1.2e-05
cross_stall_occ_r3__temp_opt_r4,0.376769,0.376583,0.000186
cross_stall_occ_r3__temp_opt_r5,0.353582,0.353532,5e-05
cross_stall_occ_r3__temp_opt_r6,0.353008,0.353024,1.6e-05
cross_stall_occ_r3__temp_opt_r7,0.358665,0.358575,9e-05
cross_stall_occ_r3__temp_opt_r8,0.336071,0.336039,3.2e-05
cross_stall_occ_r3__temp_opt_r9,0.320184,0.320127,5.7e-05
cross_stall_occ_r4__lead_cont_r1,0.08102,0.081019,1e-06
cross_stall_occ_r4__lead_cont_r10,0.058027,0.05801,1.7e-05
cross_stall_occ_r4__lead_cont_r11,0.047331,0.046802,0.000529
cross_stall_occ_r4__lead_cont_r12,0.099257,0.099543,0.000286
cross_stall_occ_r4__lead_cont_r2,0.105083,0.104786,0.000297
cross_stall_occ_r4__lead_cont_r3,0.049169,0.049196,2.7e-05
cross_stall_occ_r4__lead_cont_r4,0.057068,0.056998,7e-05
cross_stall_occ_r4__lead_cont_r5,0.06257,0.062552,1.8e-05
cross_stall_occ_r4__lead_cont_r6,0.097243,0.097339,9.6e-05
cross_stall_occ_r4__lead_cont_r7,0.099431,0.099543,0.000112
cross_stall_occ_r4__lead_cont_r8,0.057482,0.057454,2.8e-05
cross_stall_occ_r4__lead_cont_r9,0.075608,0.075576,3.2e-05
cross_stall_occ_r4__lead_nec_r1,0.290725,0.29068,4.5e-05
cross_stall_occ_r4__lead_nec_r10,0.298912,0.298667,0.000245
cross_stall_occ_r4__lead_nec_r11,0.295123,0.295149,2.6e-05
cross_stall_occ_r4__lead_nec_r12,0.312591,0.312723,0.000132
cross_stall_occ_r4__lead_nec_r2,0.314794,0.314841,4.7e-05
cross_stall_occ_r4__lead_nec_r3,0.296968,0.297289,0.000321
cross_stall_occ_r4__lead_nec_r4,0.310234,0.310253,1.9e-05
cross_stall_occ_r4__lead_nec_r5,0.29508,0.295149,6.9e-05
cross_stall_occ_r4__lead_nec_r6,0.316122,0.316247,0.000125
cross_stall_occ_r4__lead_nec_r7,0.312764,0.312723,4.1e-05
cross_stall_occ_r4__lead_nec_r8,0.298319,0.298667,0.000348
cross_stall_occ_r4__lead_nec_r9,0.303669,0.303787,0.000118
cross_stall_occ_r4__lead_opt_r1,0.303897,0.303869,2.8e-05
cross_stall_occ_r4__lead_opt_r10,0.293505,0.293744,0.000239
cross_stall_occ_r4__lead_opt_r11,0.330285,0.330098,0.000187
cross_stall_occ_r4__lead_opt_r12,0.318257,0.318286,2.9e-05
cross_stall_occ_r4__lead_opt_r2,0.320392,0.320267,0.000125
cross_stall_occ_r4__lead_opt_r3,0.294437,0.294338,9.9e-05
cross_stall_occ_r4__lead_opt_r4,0.318125,0.318107,1.8e-05
cross_stall_occ_r4__lead_opt_r5,0.294182,0.294338,0.000156
cross_stall_occ_r4__lead_opt_r6,0.301411,0.301105,0.000306
cross_stall_occ_r4__lead_opt_r7,0.299441,0.299363,7.8e-05
cross_stall_occ_r4__lead_opt_r8,0.29599,0.295149,0.000841
cross_stall_occ_r4__lead_opt_r9,0.292273,0.291686,0.000587
cross_stall_occ_r4__temp_opt_r1,0.338933,0.338971,3.8e-05
cross_stall_occ_r4__temp_opt_r10,0.346901,0.346845,5.6e-05
cross_stall_occ_r4__temp_opt_r11,0.337951,0.337915,3.6e-05
cross_stall_occ_r4__temp_opt_r12,0.311293,0.311283,1e-05
cross_stall_occ_r4__temp_opt_r2,0.334178,0.334105,7.3e-05
cross_stall_occ_r4__temp_opt_r3,0.31405,0.314065,1.5e-05
cross_stall_occ_r4__temp_opt_r4,0.330188,0.330098,9e-05
cross_stall_occ_r4__temp_opt_r5,0.309753,0.309818,6.5e-05
cross_stall_occ_r4__temp_opt_r6,0.304252,0.304151,0.000101
cross_stall_occ_r4__temp_opt_r7,0.313363,0.313354,9e-06
cross_stall_occ_r4__temp_opt_r8,0.306804,0.306738,6.6e-05
cross_stall_occ_r4__temp_opt_r9,0.294634,0.294804,0.00017
cross_stall_occ_r5__lead_cont_r1,0.073897,0.073855,4.2e-05
cross_stall_occ_r5__lead_cont_r10,0.085731,0.085733,2e-06
cross_stall_occ_r5__lead_cont_r11,0.097851,0.0975,0.000351
cross_stall_occ_r5__lead_cont_r12,0.096063,0.095962,0.000101
cross_stall_occ_r5__lead_cont_r2,0.09796,0.0975,0.00046
cross_stall_occ_r5__lead_cont_r3,0.099689,0.099543,0.000146
cross_stall_occ_r5__lead_cont_r4,0.112685,0.112675,1e-05
cross_stall_occ_r5__lead_cont_r5,0.068406,0.068504,9.8e-05
cross_stall_occ_r5__lead_cont_r6,0.098533,0.098523,1e-05
cross_stall_occ_r5__lead_cont_r7,0.096236,0.096332,9.6e-05
cross_stall_occ_r5__lead_cont_r8,0.085185,0.085051,0.000134
cross_stall_occ_r5__lead_cont_r9,0.096246,0.096332,8.6e-05
cross_stall_occ_r5__lead_nec_r1,0.348493,0.348418,7.5e-05
cross_stall_occ_r5__lead_nec_r10,0.356679,0.356747,6.8e-05
cross_stall_occ_r5__lead_nec_r11,0.352891,0.352809,8.2e-05
cross_stall_occ_r5__lead_nec_r12,0.370358,0.370395,3.7e-05
cross_stall_occ_r5__lead_nec_r2,0.372562,0.372615,5.3e-05
cross_stall_occ_r5__lead_nec_r3,0.354736,0.354734,2e-06
cross_stall_occ_r5__lead_nec_r4,0.368001,0.36806,5.9e-05
cross_stall_occ_r5__lead_nec_r5,0.352847,0.352809,3.8e-05
cross_stall_occ_r5__lead_nec_r6,0.37389,0.373864,2.6e-05
cross_stall_occ_r5__lead_nec_r7,0.370531,0.370395,0.000136
cross_stall_occ_r5__lead_nec_r8,0.356087,0.356102,1.5e-05
cross_stall_occ_r5__lead_nec_r9,0.361436,0.361418,1.8e-05
cross_stall_occ_r5__lead_opt_r1,0.361664,0.361625,3.9e-05
cross_stall_occ_r5__lead_opt_r10,0.34837,0.348392,2.2e-05
cross_stall_occ_r5__lead_opt_r11,0.388053,0.388017,3.6e-05
cross_stall_occ_r5__lead_opt_r12,0.376025,0.375955,7e-05
cross_stall_occ_r5__lead_opt_r2,0.378159,0.378423,0.000264
cross_stall_occ_r5__lead_opt_r3,0.351188,0.35118,8e-06
cross_stall_occ_r5__lead_opt_r4,0.375893,0.375955,6.2e-05
cross_stall_occ_r5__lead_opt_r5,0.346391,0.346448,5.7e-05
cross_stall_occ_r5__lead_opt_r6,0.358459,0.358353,0.000106
cross_stall_occ_r5__lead_opt_r7,0.348504,0.348418,8.6e-05
cross_stall_occ_r5__lead_opt_r8,0.336995,0.336967,2.8e-05
cross_stall_occ_r5__lead_opt_r9,0.346494,0.346466,2.8e-05
cross_stall_occ_r5__temp_opt_r1,0.396701,0.396517,0.000184
cross_stall_occ_r5__temp_opt_r10,0.404669,0.404827,0.000158
cross_stall_occ_r5__temp_opt_r11,0.395719,0.396099,0.00038
cross_stall_occ_r5__temp_opt_r12,0.345003,0.345015,1.2e-05
cross_stall_occ_r5__temp_opt_r2,0.391946,0.392251,0.000305
cross_stall_occ_r5__temp_opt_r3,0.371817,0.371865,4.8e-05
cross_stall_occ_r5__temp_opt_r4,0.384227,0.384201,2.6e-05
cross_stall_occ_r5__temp_opt_r5,0.362594,0.362641,4.7e-05
cross_stall_occ_r5__temp_opt_r6,0.362019,0.361992,2.7e-05
cross_stall_occ_r5__temp_opt_r7,0.365091,0.365059,3.2e-05
cross_stall_occ_r5__temp_opt_r8,0.330042,0.330098,5.6e-05
cross_stall_occ_r5__temp_opt_r9,0.326992,0.327027,3.5e-05
cross_stall_occ_r6__lead_cont_r1,0.063294,0.063304,1e-05
cross_stall_occ_r6__lead_cont_r10,0.073031,0.073182,0.000151
cross_stall_occ_r6__lead_cont_r11,0.087413,0.087382,3.1e-05
cross_stall_occ_r6__lead_cont_r12,0.083371,0.083607,0.000236
cross_stall_occ_r6__lead_cont_r2,0.087357,0.087382,2.5e-05
cross_stall_occ_r6__lead_cont_r3,0.089252,0.089371,0.000119
cross_stall_occ_r6__lead_cont_r4,0.10224,0.10227,3e-05
cross_stall_occ_r6__lead_cont_r5,0.055707,0.055858,0.000151
cross_stall_occ_r6__lead_cont_r6,0.085834,0.085903,6.9e-05
cross_stall_occ_r6__lead_cont_r7,0.083544,0.083607,6.3e-05
cross_stall_occ_r6__lead_cont_r8,0.072486,0.07267,0.000184
cross_stall_occ_r6__lead_cont_r9,0.083546,0.083607,6.1e-05
cross_stall_occ_r6__lead_nec_r1,0.339107,0.339097,1e-05
cross_stall_occ_r6__lead_nec_r10,0.347293,0.347301,8e-06
cross_stall_occ_r6__lead_nec_r11,0.343504,0.343624,0.00012
cross_stall_occ_r6__lead_nec_r12,0.360972,0.361131,0.000159
cross_stall_occ_r6__lead_nec_r2,0.363175,0.363132,4.3e-05
cross_stall_occ_r6__lead_nec_r3,0.34535,0.345368,1.8e-05
cross_stall_occ_r6__lead_nec_r4,0.358615,0.358575,4e-05
cross_stall_occ_r6__lead_nec_r5,0.343461,0.343624,0.000163
cross_stall_occ_r6__lead_nec_r6,0.364504,0.364444,6e-05
cross_stall_occ_r6__lead_nec_r7,0.361145,0.361131,1.4e-05
cross_stall_occ_r6__lead_nec_r8,0.346701,0.346711,1e-05
cross_stall_occ_r6__lead_nec_r9,0.35205,0.351952,9.8e-05
cross_stall_occ_r6__lead_opt_r1,0.352278,0.352595,0.000317
cross_stall_occ_r6__lead_opt_r10,0.338984,0.338971,1.3e-05
cross_stall_occ_r6__lead_opt_r11,0.378667,0.378423,0.000244
cross_stall_occ_r6__lead_opt_r12,0.366639,0.366843,0.000204
cross_stall_occ_r6__lead_opt_r2,0.368773,0.368681,9.2e-05
cross_stall_occ_r6__lead_opt_r3,0.341802,0.341864,6.2e-05
cross_stall_occ_r6__lead_opt_r4,0.366506,0.366843,0.000337
cross_stall_occ_r6__lead_opt_r5,0.337093,0.337212,0.000119
cross_stall_occ_r6__lead_opt_r6,0.349073,0.349237,0.000164
cross_stall_occ_r6__lead_opt_r7,0.340564,0.340569,5e-06
cross_stall_occ_r6__lead_opt_r8,0.330459,0.330588,0.000129
cross_stall_occ_r6__lead_opt_r9,0.337108,0.337212,0.000104
cross_stall_occ_r6__temp_opt_r1,0.387315,0.388017,0.000702
cross_stall_occ_r6__temp_opt_r10,0.395283,0.395117,0.000166
cross_stall_occ_r6__temp_opt_r11,0.386333,0.384711,0.001622
cross_stall_occ_r6__temp_opt_r12,0.344324,0.344256,6.8e-05
cross_stall_occ_r6__temp_opt_r2,0.382559,0.382509,5e-05
cross_stall_occ_r6__temp_opt_r3,0.362431,0.362443,1.2e-05
cross_stall_occ_r6__temp_opt_r4,0.376066,0.375955,0.000111
cross_stall_occ_r6__temp_opt_r5,0.353208,0.353285,7.7e-05
cross_stall_occ_r6__temp_opt_r6,0.352633,0.352636,3e-06
cross_stall_occ_r6__temp_opt_r7,0.357938,0.358068,0.00013
cross_stall_occ_r6__temp_opt_r8,0.332867,0.332831,3.6e-05
cross_stall_occ_r6__temp_opt_r9,0.317606,0.31766,5.4e-05
cross_stall_occ_r7__lead_cont_r1,0.024562,0.024629,6.7e-05
cross_stall_occ_r7__lead_cont_r10,0.069347,0.069257,9e-05
cross_stall_occ_r7__lead_cont_r11,0.075893,0.076041,0.000148
cross_stall_occ_r7__lead_cont_r12,0.058901,0.058864,3.7e-05
cross_stall_occ_r7__lead_cont_r2,0.048626,0.048639,1.3e-05
cross_stall_occ_r7__lead_cont_r3,0.077731,0.077676,5.5e-05
cross_stall_occ_r7__lead_cont_r4,0.097622,0.0975,0.000122
cross_stall_occ_r7__lead_cont_r5,0.054537,0.054546,9e-06
cross_stall_occ_r7__lead_cont_r6,0.078483,0.078565,8.2e-05
cross_stall_occ_r7__lead_cont_r7,0.059074,0.059143,6.9e-05
cross_stall_occ_r7__lead_cont_r8,0.068801,0.068826,2.5e-05
cross_stall_occ_r7__lead_cont_r9,0.068505,0.068504,1e-06
cross_stall_occ_r7__lead_nec_r1,0.346299,0.346258,4.1e-05
cross_stall_occ_r7__lead_nec_r10,0.354485,0.354625,0.00014
cross_stall_occ_r7__lead_nec_r11,0.350697,0.350703,6e-06
cross_stall_occ_r7__lead_nec_r12,0.368164,0.368229,6.5e-05
cross_stall_occ_r7__lead_nec_r2,0.370367,0.370395,2.8e-05
cross_stall_occ_r7__lead_nec_r3,0.352542,0.352595,5.3e-05
cross_stall_occ_r7__lead_nec_r4,0.365807,0.365795,1.2e-05
cross_stall_occ_r7__lead_nec_r5,0.350653,0.35067,1.7e-05
cross_stall_occ_r7__lead_nec_r6,0.371696,0.371865,0.000169
cross_stall_occ_r7__lead_nec_r7,0.368337,0.368336,1e-06
cross_stall_occ_r7__lead_nec_r8,0.353893,0.353845,4.8e-05
cross_stall_occ_r7__lead_nec_r9,0.359242,0.359329,8.7e-05
cross_stall_occ_r7__lead_opt_r1,0.35947,0.359481,1.1e-05
cross_stall_occ_r7__lead_opt_r10,0.346761,0.34676,1e-06
cross_stall_occ_r7__lead_opt_r11,0.385859,0.384711,0.001148
cross_stall_occ_r7__lead_opt_r12,0.373831,0.373799,3.2e-05
cross_stall_occ_r7__lead_opt_r2,0.375965,0.375955,1e-05
cross_stall_occ_r7__lead_opt_r3,0.348994,0.348888,0.000106
cross_stall_occ_r7__lead_opt_r4,0.373698,0.373598,0.0001
cross_stall_occ_r7__lead_opt_r5,0.346781,0.346765,1.6e-05
cross_stall_occ_r7__lead_opt_r6,0.356265,0.356102,0.000163
cross_stall_occ_r7__lead_opt_r7,0.352125,0.351952,0.000173
cross_stall_occ_r7__lead_opt_r8,0.346422,0.346448,2.6e-05
cross_stall_occ_r7__lead_opt_r9,0.345123,0.34503,9.3e-05
cross_stall_occ_r7__temp_opt_r1,0.394507,0.394652,0.000145
cross_stall_occ_r7__temp_opt_r10,0.402475,0.402464,1.1e-05
cross_stall_occ_r7__temp_opt_r11,0.393525,0.393452,7.3e-05
cross_stall_occ_r7__temp_opt_r12,0.360516,0.360465,5.1e-05
cross_stall_occ_r7__temp_opt_r2,0.389752,0.388913,0.000839
cross_stall_occ_r7__temp_opt_r3,0.369623,0.369377,0.000246
cross_stall_occ_r7__temp_opt_r4,0.384466,0.384576,0.00011
cross_stall_occ_r7__temp_opt_r5,0.361442,0.361418,2.4e-05
cross_stall_occ_r7__temp_opt_r6,0.359825,0.359565,0.00026
cross_stall_occ_r7__temp_opt_r7,0.367173,0.367193,2e-05
cross_stall_occ_r7__temp_opt_r8,0.353343,0.353359,1.6e-05
cross_stall_occ_r7__temp_opt_r9,0.338204,0.338219,1.5e-05
cross_stall_occ_r8__lead_cont_r1,0.002368,0.002379,1.1e-05
cross_stall_occ_r8__lead_cont_r10,0.058955,0.058864,9.1e-05
cross_stall_occ_r8__lead_cont_r11,0.053698,0.053682,1.6e-05
cross_stall_occ_r8__lead_cont_r12,0.036707,0.036692,1.5e-05
cross_stall_occ_r8__lead_cont_r2,0.026431,0.026473,4.2e-05
cross_stall_occ_r8__lead_cont_r3,0.055536,0.055264,0.000272
cross_stall_occ_r8__lead_cont_r4,0.080702,0.080622,8e-05
cross_stall_occ_r8__lead_cont_r5,0.041443,0.041352,9.1e-05
cross_stall_occ_r8__lead_cont_r6,0.057229,0.057383,0.000154
cross_stall_occ_r8__lead_cont_r7,0.03688,0.036895,1.5e-05
cross_stall_occ_r8__lead_cont_r8,0.05841,0.058607,0.000197
cross_stall_occ_r8__lead_cont_r9,0.046311,0.046006,0.000305
cross_stall_occ_r8__lead_nec_r1,0.339895,0.339956,6.1e-05
cross_stall_occ_r8__lead_nec_r10,0.348352,0.348392,4e-05
cross_stall_occ_r8__lead_nec_r11,0.344293,0.344256,3.7e-05
cross_stall_occ_r8__lead_nec_r12,0.36176,0.361712,4.8e-05
cross_stall_occ_r8__lead_nec_r2,0.363964,0.363897,6.7e-05
cross_stall_occ_r8__lead_nec_r3,0.346138,0.346189,5.1e-05
cross_stall_occ_r8__lead_nec_r4,0.359403,0.359392,1.1e-05
cross_stall_occ_r8__lead_nec_r5,0.344472,0.34448,8e-06
cross_stall_occ_r8__lead_nec_r6,0.365292,0.365059,0.000233
cross_stall_occ_r8__lead_nec_r7,0.361933,0.36197,3.7e-05
cross_stall_occ_r8__lead_nec_r8,0.34776,0.347515,0.000245
cross_stall_occ_r8__lead_nec_r9,0.352838,0.352809,2.9e-05
cross_stall_occ_r8__lead_opt_r1,0.353067,0.353068,1e-06
cross_stall_occ_r8__lead_opt_r10,0.348386,0.348392,6e-06
cross_stall_occ_r8__lead_opt_r11,0.379455,0.379351,0.000104
cross_stall_occ_r8__lead_opt_r12,0.367427,0.367468,4.1e-05
cross_stall_occ_r8__lead_opt_r2,0.369561,0.369377,0.000184
cross_stall_occ_r8__lead_opt_r3,0.347079,0.347094,1.5e-05
cross_stall_occ_r8__lead_opt_r4,0.367295,0.367261,3.4e-05
cross_stall_occ_r8__lead_opt_r5,0.350159,0.350173,1.4e-05
cross_stall_occ_r8__lead_opt_r6,0.352628,0.352636,8e-06
cross_stall_occ_r8__lead_opt_r7,0.35506,0.355033,2.7e-05
cross_stall_occ_r8__lead_opt_r8,0.354613,0.354625,1.2e-05
cross_stall_occ_r8__lead_opt_r9,0.347077,0.347094,1.7e-05
cross_stall_occ_r8__temp_opt_r1,0.388103,0.388017,8.6e-05
cross_stall_occ_r8__temp_opt_r10,0.396071,0.396099,2.8e-05
cross_stall_occ_r8__temp_opt_r11,0.387121,0.388017,0.000896
cross_stall_occ_r8__temp_opt_r12,0.367808,0.367842,3.4e-05
cross_stall_occ_r8__temp_opt_r2,0.383348,0.383311,3.7e-05
cross_stall_occ_r8__temp_opt_r3,0.363219,0.363132,8.7e-05
cross_stall_occ_r8__temp_opt_r4,0.380709,0.38077,6.1e-05
cross_stall_occ_r8__temp_opt_r5,0.36378,0.363852,7.2e-05
cross_stall_occ_r8__temp_opt_r6,0.355327,0.355347,2e-05
cross_stall_occ_r8__temp_opt_r7,0.364438,0.364444,6e-06
cross_stall_occ_r8__temp_opt_r8,0.366493,0.366843,0.00035
cross_stall_occ_r8__temp_opt_r9,0.356765,0.356747,1.8e-05
cross_stall_occ_r9__lead_cont_r1,0.063131,0.063304,0.000173
cross_stall_occ_r9__lead_cont_r10,0.077211,0.077208,3e-06
cross_stall_occ_r9__lead_cont_r11,0.044229,0.044238,9e-06
cross_stall_occ_r9__lead_cont_r12,0.072523,0.07267,0.000147
cross_stall_occ_r9__lead_cont_r2,0.087194,0.087123,7.1e-05
cross_stall_occ_r9__lead_cont_r3,0.046067,0.046006,6.1e-05
cross_stall_occ_r9__lead_cont_r4,0.074403,0.07443,2.7e-05
cross_stall_occ_r9__lead_cont_r5,0.081436,0.081488,5.2e-05
cross_stall_occ_r9__lead_cont_r6,0.094029,0.093447,0.000582
cross_stall_occ_r9__lead_cont_r7,0.072696,0.07267,2.6e-05
cross_stall_occ_r9__lead_cont_r8,0.076665,0.076632,3.3e-05
cross_stall_occ_r9__lead_cont_r9,0.060439,0.060447,8e-06
cross_stall_occ_r9__lead_nec_r1,0.355372,0.355384,1.2e-05
cross_stall_occ_r9__lead_nec_r10,0.363558,0.363589,3.1e-05
cross_stall_occ_r9__lead_nec_r11,0.35977,0.359565,0.000205
cross_stall_occ_r9__lead_nec_r12,0.377238,0.377087,0.000151
cross_stall_occ_r9__lead_nec_r2,0.379441,0.379351,9e-05
cross_stall_occ_r9__lead_nec_r3,0.361615,0.361625,1e-05
cross_stall_occ_r9__lead_nec_r4,0.374881,0.374988,0.000107
cross_stall_occ_r9__lead_nec_r5,0.359727,0.359565,0.000162
cross_stall_occ_r9__lead_nec_r6,0.380769,0.38077,1e-06
cross_stall_occ_r9__lead_nec_r7,0.377411,0.37773,0.000319
cross_stall_occ_r9__lead_nec_r8,0.362966,0.362924,4.2e-05
cross_stall_occ_r9__lead_nec_r9,0.368316,0.368336,2e-05
cross_stall_occ_r9__lead_opt_r1,0.368544,0.368681,0.000137
cross_stall_occ_r9__lead_opt_r10,0.35525,0.355166,8.4e-05
cross_stall_occ_r9__lead_opt_r11,0.394932,0.395117,0.000185
cross_stall_occ_r9__lead_opt_r12,0.382904,0.38302,0.000116
cross_stall_occ_r9__lead_opt_r2,0.385038,0.384711,0.000327
cross_stall_occ_r9__lead_opt_r3,0.358067,0.358068,1e-06
cross_stall_occ_r9__lead_opt_r4,0.382772,0.38302,0.000248
cross_stall_occ_r9__lead_opt_r5,0.35327,0.353285,1.5e-05
cross_stall_occ_r9__lead_opt_r6,0.365338,0.365571,0.000233
cross_stall_occ_r9__lead_opt_r7,0.356588,0.356495,9.3e-05
cross_stall_occ_r9__lead_opt_r8,0.346496,0.346466,3e-05
cross_stall_occ_r9__lead_opt_r9,0.353373,0.353359,1.4e-05
cross_stall_occ_r9__temp_opt_r1,0.40358,0.403661,8.1e-05
cross_stall_occ_r9__temp_opt_r10,0.411548,0.412135,0.000587
cross_stall_occ_r9__temp_opt_r11,0.402598,0.402464,0.000134
cross_stall_occ_r9__temp_opt_r12,0.359091,0.359095,4e-06
cross_stall_occ_r9__temp_opt_r2,0.398825,0.397989,0.000836
cross_stall_occ_r9__temp_opt_r3,0.378697,0.378423,0.000274
cross_stall_occ_r9__temp_opt_r4,0.391988,0.392251,0.000263
cross_stall_occ_r9__temp_opt_r5,0.369473,0.369377,9.6e-05
cross_stall_occ_r9__temp_opt_r6,0.368899,0.369108,0.000209
cross_stall_occ_r9__temp_opt_r7,0.373738,0.373799,6.1e-05
cross_stall_occ_r9__temp_opt_r8,0.347236,0.347301,6.5e-05
cross_stall_occ_r9__temp_opt_r9,0.334052,0.334008,4.4e-05
cross_stall_r1__lead_cont_r1,0.355432,0.355417,1.5e-05
cross_stall_r1__lead_cont_r10,0.335943,0.336039,9.6e-05
cross_stall_r1__lead_cont_r11,0.337844,0.337852,8e-06
cross_stall_r1__lead_cont_r12,0.38977,0.388913,0.000857
cross_stall_r1__lead_cont_r2,0.379495,0.379351,0.000144
cross_stall_r1__lead_cont_r3,0.339682,0.339508,0.000174
cross_stall_r1__lead_cont_r4,0.337854,0.337852,2e-06
cross_stall_r1__lead_cont_r5,0.345836,0.345767,6.9e-05
cross_stall_r1__lead_cont_r6,0.375328,0.375294,3.4e-05
cross_stall_r1__lead_cont_r7,0.389943,0.388913,0.00103
cross_stall_r1__lead_cont_r8,0.335397,0.335385,1.2e-05
cross_stall_r1__lead_cont_r9,0.362322,0.362265,5.7e-05
cross_stall_r1__lead_nec_r1,0.017905,0.01789,1.5e-05
cross_stall_r1__lead_nec_r10,0.026091,0.026068,2.3e-05
cross_stall_r1__lead_nec_r11,0.022303,0.02231,7e-06
cross_stall_r1__lead_nec_r12,0.03977,0.039682,8.8e-05
cross_stall_r1__lead_nec_r2,0.041974,0.042067,9.3e-05
cross_stall_r1__lead_nec_r3,0.024148,0.02414,8e-06
cross_stall_r1__lead_nec_r4,0.037413,0.03749,7.7e-05
cross_stall_r1__lead_nec_r5,0.02226,0.02231,5e-05
cross_stall_r1__lead_nec_r6,0.043302,0.043272,3e-05
cross_stall_r1__lead_nec_r7,0.039943,0.039902,4.1e-05
cross_stall_r1__lead_nec_r8,0.025499,0.025482,1.7e-05
cross_stall_r1__lead_nec_r9,0.030848,0.030836,1.2e-05
cross_stall_r1__lead_opt_r1,0.031077,0.031043,3.4e-05
cross_stall_r1__lead_opt_r10,0.018018,0.01789,0.000128
cross_stall_r1__lead_opt_r11,0.057465,0.057454,1.1e-05
cross_stall_r1__lead_opt_r12,0.045437,0.045471,3.4e-05
cross_stall_r1__lead_opt_r2,0.047571,0.048118,0.000547
cross_stall_r1__lead_opt_r3,0.0206,0.0205,0.0001
cross_stall_r1__lead_opt_r4,0.045305,0.045183,0.000122
cross_stall_r1__lead_opt_r5,0.017757,0.017726,3.1e-05
cross_stall_r1__lead_opt_r6,0.027871,0.027655,0.000216
cross_stall_r1__lead_opt_r7,0.023138,0.023134,4e-06
cross_stall_r1__lead_opt_r8,0.017007,0.017037,3e-05
cross_stall_r1__lead_opt_r9,0.016383,0.016475,9.2e-05
cross_stall_r1__temp_opt_r1,0.066113,0.066101,1.2e-05
cross_stall_r1__temp_opt_r10,0.074081,0.074086,5e-06
cross_stall_r1__temp_opt_r11,0.065131,0.065087,4.4e-05
cross_stall_r1__temp_opt_r12,0.034476,0.034512,3.6e-05
cross_stall_r1__temp_opt_r2,0.061358,0.061414,5.6e-05
cross_stall_r1__temp_opt_r3,0.041229,0.041159,7e-05
cross_stall_r1__temp_opt_r4,0.055878,0.055858,2e-05
cross_stall_r1__temp_opt_r5,0.03252,0.032792,0.000272
cross_stall_r1__temp_opt_r6,0.031432,0.031374,5.8e-05
cross_stall_r1__temp_opt_r7,0.069006,0.069051,4.5e-05
cross_stall_r1__temp_opt_r8,0.023418,0.023423,5e-06
cross_stall_r1__temp_opt_r9,0.008023,0.007984,3.9e-05
cross_stall_r10__lead_cont_r1,0.360068,0.360249,0.000181
cross_stall_r10__lead_cont_r10,0.340579,0.340569,1e-05
cross_stall_r10__lead_cont_r11,0.34248,0.342412,6.8e-05
cross_stall_r10__lead_cont_r12,0.394406,0.394652,0.000246
cross_stall_r10__lead_cont_r2,0.384131,0.384165,3.4e-05
cross_stall_r10__lead_cont_r3,0.344318,0.344256,6.2e-05
cross_stall_r10__lead_cont_r4,0.34249,0.342412,7.8e-05
cross_stall_r10__lead_cont_r5,0.350472,0.350413,5.9e-05
cross_stall_r10__lead_cont_r6,0.379964,0.380049,8.5e-05
cross_stall_r10__lead_cont_r7,0.394579,0.394652,7.3e-05
cross_stall_r10__lead_cont_r8,0.340033,0.340062,2.9e-05
cross_stall_r10__lead_cont_r9,0.366958,0.366912,4.6e-05
cross_stall_r10__lead_nec_r1,0.022541,0.022516,2.5e-05
cross_stall_r10__lead_nec_r10,0.030727,0.030836,0.000109
cross_stall_r10__lead_nec_r11,0.026939,0.026939,0.0
cross_stall_r10__lead_nec_r12,0.044406,0.044447,4.1e-05
cross_stall_r10__lead_nec_r2,0.04661,0.046763,0.000153
cross_stall_r10__lead_nec_r3,0.028784,0.029076,0.000292
cross_stall_r10__lead_nec_r4,0.042049,0.042067,1.8e-05
cross_stall_r10__lead_nec_r5,0.026896,0.026929,3.3e-05
cross_stall_r10__lead_nec_r6,0.047938,0.048118,0.00018
cross_stall_r10__lead_nec_r7,0.044579,0.044578,1e-06
cross_stall_r10__lead_nec_r8,0.030135,0.030177,4.2e-05
cross_stall_r10__lead_nec_r9,0.035484,0.035505,2.1e-05
cross_stall_r10__lead_opt_r1,0.035713,0.035754,4.1e-05
cross_stall_r10__lead_opt_r10,0.022418,0.022516,9.8e-05
cross_stall_r10__lead_opt_r11,0.062101,0.0621,1e-06
cross_stall_r10__lead_opt_r12,0.050073,0.050088,1.5e-05
cross_stall_r10__lead_opt_r2,0.052207,0.052169,3.8e-05
cross_stall_r10__lead_opt_r3,0.025236,0.025268,3.2e-05
cross_stall_r10__lead_opt_r4,0.049941,0.049808,0.000133
cross_stall_r10__lead_opt_r5,0.020863,0.020895,3.2e-05
cross_stall_r10__lead_opt_r6,0.032507,0.032792,0.000285
cross_stall_r10__lead_opt_r7,0.025012,0.025067,5.5e-05
cross_stall_r10__lead_opt_r8,0.016566,0.016475,9.1e-05
cross_stall_r10__lead_opt_r9,0.020542,0.0205,4.2e-05
cross_stall_r10__temp_opt_r1,0.070749,0.070826,7.7e-05
cross_stall_r10__temp_opt_r10,0.078717,0.078729,1.2e-05
cross_stall_r10__temp_opt_r11,0.069767,0.069794,2.7e-05
cross_stall_r10__temp_opt_r12,0.034121,0.034107,1.4e-05
cross_stall_r10__temp_opt_r2,0.065994,0.065996,2e-06
cross_stall_r10__temp_opt_r3,0.045865,0.045972,0.000107
cross_stall_r10__temp_opt_r4,0.060016,0.059787,0.000229
cross_stall_r10__temp_opt_r5,0.036642,0.03661,3.2e-05
cross_stall_r10__temp_opt_r6,0.036067,0.036054,1.3e-05
cross_stall_r10__temp_opt_r7,0.07248,0.07267,0.00019
cross_stall_r10__temp_opt_r8,0.020914,0.020899,1.5e-05
cross_stall_r10__temp_opt_r9,0.00469,0.004674,1.6e-05
cross_stall_r11__lead_cont_r1,0.383138,0.38302,0.000118
cross_stall_r11__lead_cont_r10,0.363649,0.363679,3e-05
cross_stall_r11__lead_cont_r11,0.36555,0.365571,2.1e-05
cross_stall_r11__lead_cont_r12,0.417476,0.417536,6e-05
cross_stall_r11__lead_cont_r2,0.407201,0.407212,1.1e-05
cross_stall_r11__lead_cont_r3,0.367388,0.367468,8e-05
cross_stall_r11__lead_cont_r4,0.36556,0.365571,1.1e-05
cross_stall_r11__lead_cont_r5,0.373542,0.373598,5.6e-05
cross_stall_r11__lead_cont_r6,0.403034,0.403087,5.3e-05
cross_stall_r11__lead_cont_r7,0.417649,0.417536,0.000113
cross_stall_r11__lead_cont_r8,0.363103,0.363132,2.9e-05
cross_stall_r11__lead_cont_r9,0.390028,0.388913,0.001115
cross_stall_r11__lead_nec_r1,0.049017,0.049196,0.000179
cross_stall_r11__lead_nec_r10,0.057203,0.057383,0.00018
cross_stall_r11__lead_nec_r11,0.053414,0.053168,0.000246
cross_stall_r11__lead_nec_r12,0.070882,0.070856,2.6e-05
cross_stall_r11__lead_nec_r2,0.073085,0.073182,9.7e-05
cross_stall_r11__lead_nec_r3,0.05526,0.055264,4e-06
cross_stall_r11__lead_nec_r4,0.068525,0.068504,2.1e-05
cross_stall_r11__lead_nec_r5,0.053371,0.053168,0.000203
cross_stall_r11__lead_nec_r6,0.074414,0.07443,1.6e-05
cross_stall_r11__lead_nec_r7,0.071055,0.071067,1.2e-05
cross_stall_r11__lead_nec_r8,0.056611,0.056582,2.9e-05
cross_stall_r11__lead_nec_r9,0.06196,0.062001,4.1e-05
cross_stall_r11__lead_opt_r1,0.062188,0.0621,8.8e-05
cross_stall_r11__lead_opt_r10,0.048894,0.048772,0.000122
cross_stall_r11__lead_opt_r11,0.088577,0.0886,2.3e-05
cross_stall_r11__lead_opt_r12,0.076549,0.076512,3.7e-05
cross_stall_r11__lead_opt_r2,0.078683,0.078675,8e-06
cross_stall_r11__lead_opt_r3,0.051712,0.051771,5.9e-05
cross_stall_r11__lead_opt_r4,0.076416,0.076512,9.6e-05
cross_stall_r11__lead_opt_r5,0.046915,0.046802,0.000113
cross_stall_r11__lead_opt_r6,0.058982,0.058864,0.000118
cross_stall_r11__lead_opt_r7,0.048932,0.048772,0.00016
cross_stall_r11__lead_opt_r8,0.037331,0.03749,0.000159
cross_stall_r11__lead_opt_r9,0.047018,0.046802,0.000216
cross_stall_r11__temp_opt_r1,0.097225,0.097339,0.000114
cross_stall_r11__temp_opt_r10,0.105193,0.105547,0.000354
cross_stall_r11__temp_opt_r11,0.096242,0.096332,9e-05
cross_stall_r11__temp_opt_r12,0.038459,0.038458,1e-06
cross_stall_r11__temp_opt_r2,0.092469,0.092505,3.6e-05
cross_stall_r11__temp_opt_r3,0.072341,0.072168,0.000173
cross_stall_r11__temp_opt_r4,0.084437,0.08433,0.000107
cross_stall_r11__temp_opt_r5,0.063118,0.063304,0.000186
cross_stall_r11__temp_opt_r6,0.062543,0.062548,5e-06
cross_stall_r11__temp_opt_r7,0.090816,0.090856,4e-05
cross_stall_r11__temp_opt_r8,0.026369,0.026301,6.8e-05
cross_stall_r11__temp_opt_r9,0.027516,0.027522,6e-06
cross_stall_r12__lead_cont_r1,0.366779,0.366843,6.4e-05
cross_stall_r12__lead_cont_r10,0.34729,0.347301,1.1e-05
cross_stall_r12__lead_cont_r11,0.349191,0.349237,4.6e-05
cross_stall_r12__lead_cont_r12,0.401117,0.402049,0.000932
cross_stall_r12__lead_cont_r2,0.390842,0.391344,0.000502
cross_stall_r12__lead_cont_r3,0.351029,0.351044,1.5e-05
cross_stall_r12__lead_cont_r4,0.349201,0.349237,3.6e-05
cross_stall_r12__lead_cont_r5,0.357183,0.357192,9e-06
cross_stall_r12__lead_cont_r6,0.386675,0.388017,0.001342
cross_stall_r12__lead_cont_r7,0.401291,0.402049,0.000758
cross_stall_r12__lead_cont_r8,0.346744,0.346748,4e-06
cross_stall_r12__lead_cont_r9,0.373669,0.373598,7.1e-05
cross_stall_r12__lead_nec_r1,0.029252,0.029352,0.0001
cross_stall_r12__lead_nec_r10,0.037438,0.03749,5.2e-05
cross_stall_r12__lead_nec_r11,0.03365,0.033724,7.4e-05
cross_stall_r12__lead_nec_r12,0.051117,0.051175,5.8e-05
cross_stall_r12__lead_nec_r2,0.053321,0.053168,0.000153
cross_stall_r12__lead_nec_r3,0.035495,0.035505,1e-05
cross_stall_r12__lead_nec_r4,0.048761,0.048772,1.1e-05
cross_stall_r12__lead_nec_r5,0.033607,0.033551,5.6e-05
cross_stall_r12__lead_nec_r6,0.054649,0.054664,1.5e-05
cross_stall_r12__lead_nec_r7,0.051291,0.051245,4.6e-05
cross_stall_r12__lead_nec_r8,0.036846,0.036865,1.9e-05
cross_stall_r12__lead_nec_r9,0.042196,0.042156,4e-05
cross_stall_r12__lead_opt_r1,0.042424,0.042574,0.00015
cross_stall_r12__lead_opt_r10,0.02913,0.029076,5.4e-05
cross_stall_r12__lead_opt_r11,0.068812,0.068826,1.4e-05
cross_stall_r12__lead_opt_r12,0.056784,0.056806,2.2e-05
cross_stall_r12__lead_opt_r2,0.058918,0.058864,5.4e-05
cross_stall_r12__lead_opt_r3,0.031947,0.031966,1.9e-05
cross_stall_r12__lead_opt_r4,0.056652,0.056582,7e-05
cross_stall_r12__lead_opt_r5,0.02715,0.026971,0.000179
cross_stall_r12__lead_opt_r6,0.039218,0.039218,0.0
cross_stall_r12__lead_opt_r7,0.029997,0.029926,7.1e-05
cross_stall_r12__lead_opt_r8,0.019049,0.019154,0.000105
cross_stall_r12__lead_opt_r9,0.027253,0.027396,0.000143
cross_stall_r12__temp_opt_r1,0.07746,0.077598,0.000138
cross_stall_r12__temp_opt_r10,0.085428,0.085702,0.000274
cross_stall_r12__temp_opt_r11,0.076478,0.076512,3.4e-05
cross_stall_r12__temp_opt_r12,0.034646,0.034682,3.6e-05
cross_stall_r12__temp_opt_r2,0.072705,0.07267,3.5e-05
cross_stall_r12__temp_opt_r3,0.052577,0.052438,0.000139
cross_stall_r12__temp_opt_r4,0.065636,0.065298,0.000338
cross_stall_r12__temp_opt_r5,0.043353,0.043272,8.1e-05
cross_stall_r12__temp_opt_r6,0.042779,0.042649,0.00013
cross_stall_r12__temp_opt_r7,0.077674,0.077676,2e-06
cross_stall_r12__temp_opt_r8,0.018409,0.018298,0.000111
cross_stall_r12__temp_opt_r9,0.007752,0.007749,3e-06
cross_stall_r2__lead_cont_r1,0.345384,0.345368,1.6e-05
cross_stall_r2__lead_cont_r10,0.325918,0.325952,3.4e-05
cross_stall_r2__lead_cont_r11,0.327796,0.32779,6e-06
cross_stall_r2__lead_cont_r12,0.379723,0.37969,3.3e-05
cross_stall_r2__lead_cont_r2,0.369447,0.369377,7e-05
cross_stall_r2__lead_cont_r3,0.329634,0.329653,1.9e-05
cross_stall_r2__lead_cont_r4,0.327807,0.327803,4e-06
cross_stall_r2__lead_cont_r5,0.335789,0.335701,8.8e-05
cross_stall_r2__lead_cont_r6,0.365281,0.365059,0.000222
cross_stall_r2__lead_cont_r7,0.379896,0.380049,0.000153
cross_stall_r2__lead_cont_r8,0.325372,0.325401,2.9e-05
cross_stall_r2__lead_cont_r9,0.352275,0.352595,0.00032
cross_stall_r2__lead_nec_r1,0.007857,0.00781,4.7e-05
cross_stall_r2__lead_nec_r10,0.016066,0.016225,0.000159
cross_stall_r2__lead_nec_r11,0.012255,0.012227,2.8e-05
cross_stall_r2__lead_nec_r12,0.029723,0.029751,2.8e-05
cross_stall_r2__lead_nec_r2,0.031926,0.031966,4e-05
cross_stall_r2__lead_nec_r3,0.014101,0.014122,2.1e-05
cross_stall_r2__lead_nec_r4,0.027366,0.027396,3e-05
cross_stall_r2__lead_nec_r5,0.012212,0.012227,1.5e-05
cross_stall_r2__lead_nec_r6,0.033255,0.033218,3.7e-05
cross_stall_r2__lead_nec_r7,0.029896,0.029926,3e-05
cross_stall_r2__lead_nec_r8,0.015474,0.015491,1.7e-05
cross_stall_r2__lead_nec_r9,0.020801,0.020756,4.5e-05
cross_stall_r2__lead_opt_r1,0.021029,0.021043,1.4e-05
cross_stall_r2__lead_opt_r10,0.012606,0.012669,6.3e-05
cross_stall_r2__lead_opt_r11,0.047417,0.046802,0.000615
cross_stall_r2__lead_opt_r12,0.03539,0.035304,8.6e-05
cross_stall_r2__lead_opt_r2,0.037524,0.03749,3.4e-05
cross_stall_r2__lead_opt_r3,0.012309,0.012327,1.8e-05
cross_stall_r2__lead_opt_r4,0.035257,0.035304,4.7e-05
cross_stall_r2__lead_opt_r5,0.013681,0.013679,2e-06
cross_stall_r2__lead_opt_r6,0.018893,0.018908,1.5e-05
cross_stall_r2__lead_opt_r7,0.018972,0.018908,6.4e-05
cross_stall_r2__lead_opt_r8,0.016376,0.016475,9.9e-05
cross_stall_r2__lead_opt_r9,0.010755,0.010763,8e-06
cross_stall_r2__temp_opt_r1,0.056066,0.056086,2e-05
cross_stall_r2__temp_opt_r10,0.064033,0.0641,6.7e-05
cross_stall_r2__temp_opt_r11,0.055083,0.055151,6.8e-05
cross_stall_r2__temp_opt_r12,0.033724,0.033724,0.0
cross_stall_r2__temp_opt_r2,0.05131,0.051245,6.5e-05
cross_stall_r2__temp_opt_r3,0.031182,0.031177,5e-06
cross_stall_r2__temp_opt_r4,0.047456,0.046802,0.000654
cross_stall_r2__temp_opt_r5,0.027916,0.028153,0.000237
cross_stall_r2__temp_opt_r6,0.021475,0.02148,5e-06
cross_stall_r2__temp_opt_r7,0.061364,0.061414,5e-05
cross_stall_r2__temp_opt_r8,0.026685,0.026687,2e-06
cross_stall_r2__temp_opt_r9,0.01449,0.014444,4.6e-05
cross_stall_r3__lead_cont_r1,0.364518,0.364444,7.4e-05
cross_stall_r3__lead_cont_r10,0.345029,0.34503,1e-06
cross_stall_r3__lead_cont_r11,0.34693,0.346981,5.1e-05
cross_stall_r3__lead_cont_r12,0.398857,0.397989,0.000868
cross_stall_r3__lead_cont_r2,0.388582,0.388673,9.1e-05
cross_stall_r3__lead_cont_r3,0.348768,0.348718,5e-05
cross_stall_r3__lead_cont_r4,0.346941,0.346981,4e-05
cross_stall_r3__lead_cont_r5,0.354923,0.354855,6.8e-05
cross_stall_r3__lead_cont_r6,0.384415,0.38434,7.5e-05
cross_stall_r3__lead_cont_r7,0.39903,0.397989,0.001041
cross_stall_r3__lead_cont_r8,0.344484,0.34448,4e-06
cross_stall_r3__lead_cont_r9,0.371409,0.371215,0.000194
cross_stall_r3__lead_nec_r1,0.032027,0.031966,6.1e-05
cross_stall_r3__lead_nec_r10,0.040213,0.040308,9.5e-05
cross_stall_r3__lead_nec_r11,0.036424,0.03661,0.000186
cross_stall_r3__lead_nec_r12,0.053892,0.053828,6.4e-05
cross_stall_r3__lead_nec_r2,0.056095,0.056086,9e-06
cross_stall_r3__lead_nec_r3,0.03827,0.038253,1.7e-05
cross_stall_r3__lead_nec_r4,0.051535,0.051443,9.2e-05
cross_stall_r3__lead_nec_r5,0.036381,0.036174,0.000207
cross_stall_r3__lead_nec_r6,0.057424,0.057444,2e-05
cross_stall_r3__lead_nec_r7,0.054065,0.054011,5.4e-05
cross_stall_r3__lead_nec_r8,0.039621,0.039643,2.2e-05
cross_stall_r3__lead_nec_r9,0.04497,0.044878,9.2e-05
cross_stall_r3__lead_opt_r1,0.045198,0.045183,1.5e-05
cross_stall_r3__lead_opt_r10,0.031904,0.031966,6.2e-05
cross_stall_r3__lead_opt_r11,0.071587,0.071528,5.9e-05
cross_stall_r3__lead_opt_r12,0.059559,0.059442,0.000117
cross_stall_r3__lead_opt_r2,0.061693,0.061713,2e-05
cross_stall_r3__lead_opt_r3,0.034722,0.034682,4e-05
cross_stall_r3__lead_opt_r4,0.059426,0.059442,1.6e-05
cross_stall_r3__lead_opt_r5,0.029925,0.029926,1e-06
cross_stall_r3__lead_opt_r6,0.041993,0.042067,7.4e-05
cross_stall_r3__lead_opt_r7,0.03291,0.032956,4.6e-05
cross_stall_r3__lead_opt_r8,0.022404,0.02231,9.4e-05
cross_stall_r3__lead_opt_r9,0.030028,0.029926,0.000102
cross_stall_r3__temp_opt_r1,0.080235,0.080268,3.3e-05
cross_stall_r3__temp_opt_r10,0.088202,0.088155,4.7e-05
cross_stall_r3__temp_opt_r11,0.079253,0.079323,7e-05
cross_stall_r3__temp_opt_r12,0.034407,0.034338,6.9e-05
cross_stall_r3__temp_opt_r2,0.075479,0.075576,9.7e-05
cross_stall_r3__temp_opt_r3,0.055351,0.055264,8.7e-05
cross_stall_r3__temp_opt_r4,0.068437,0.068504,6.7e-05
cross_stall_r3__temp_opt_r5,0.046128,0.046006,0.000122
cross_stall_r3__temp_opt_r6,0.045553,0.045595,4.2e-05
cross_stall_r3__temp_opt_r7,0.075527,0.075576,4.9e-05
cross_stall_r3__temp_opt_r8,0.022138,0.022137,1e-06
cross_stall_r3__temp_opt_r9,0.010526,0.010477,4.9e-05
cross_stall_r4__lead_cont_r1,0.356367,0.356495,0.000128
cross_stall_r4__lead_cont_r10,0.336878,0.336883,5e-06
cross_stall_r4__lead_cont_r11,0.338779,0.338743,3.6e-05
cross_stall_r4__lead_cont_r12,0.390705,0.391344,0.000639
cross_stall_r4__lead_cont_r2,0.38043,0.380394,3.6e-05
cross_stall_r4__lead_cont_r3,0.340617,0.340635,1.8e-05
cross_stall_r4__lead_cont_r4,0.338789,0.338743,4.6e-05
cross_stall_r4__lead_cont_r5,0.346771,0.346765,6e-06
cross_stall_r4__lead_cont_r6,0.376263,0.375955,0.000308
cross_stall_r4__lead_cont_r7,0.390878,0.391344,0.000466
cross_stall_r4__lead_cont_r8,0.336332,0.336231,0.000101
cross_stall_r4__lead_cont_r9,0.363257,0.363132,0.000125
cross_stall_r4__lead_nec_r1,0.01884,0.018908,6.8e-05
cross_stall_r4__lead_nec_r10,0.027026,0.026971,5.5e-05
cross_stall_r4__lead_nec_r11,0.023238,0.023178,6e-05
cross_stall_r4__lead_nec_r12,0.040705,0.040725,2e-05
cross_stall_r4__lead_nec_r2,0.042909,0.042981,7.2e-05
cross_stall_r4__lead_nec_r3,0.025083,0.025067,1.6e-05
cross_stall_r4__lead_nec_r4,0.038348,0.038353,5e-06
cross_stall_r4__lead_nec_r5,0.023195,0.023178,1.7e-05
cross_stall_r4__lead_nec_r6,0.044237,0.044238,1e-06
cross_stall_r4__lead_nec_r7,0.040878,0.040725,0.000153
cross_stall_r4__lead_nec_r8,0.026434,0.026473,3.9e-05
cross_stall_r4__lead_nec_r9,0.031783,0.031768,1.5e-05
cross_stall_r4__lead_opt_r1,0.032012,0.031966,4.6e-05
cross_stall_r4__lead_opt_r10,0.018718,0.018655,6.3e-05
cross_stall_r4__lead_opt_r11,0.0584,0.058607,0.000207
cross_stall_r4__lead_opt_r12,0.046372,0.046006,0.000366
cross_stall_r4__lead_opt_r2,0.048506,0.048484,2.2e-05
cross_stall_r4__lead_opt_r3,0.021535,0.021507,2.8e-05
cross_stall_r4__lead_opt_r4,0.04624,0.046006,0.000234
cross_stall_r4__lead_opt_r5,0.017437,0.017434,3e-06
cross_stall_r4__lead_opt_r6,0.028806,0.029076,0.00027
cross_stall_r4__lead_opt_r7,0.022139,0.022137,2e-06
cross_stall_r4__lead_opt_r8,0.015114,0.015085,2.9e-05
cross_stall_r4__lead_opt_r9,0.016841,0.016813,2.8e-05
cross_stall_r4__temp_opt_r1,0.067048,0.067223,0.000175
cross_stall_r4__temp_opt_r10,0.075016,0.075046,3e-05
cross_stall_r4__temp_opt_r11,0.066066,0.066101,3.5e-05
cross_stall_r4__temp_opt_r12,0.033414,0.033317,9.7e-05
cross_stall_r4__temp_opt_r2,0.062293,0.062288,5e-06
cross_stall_r4__temp_opt_r3,0.042164,0.042156,8e-06
cross_stall_r4__temp_opt_r4,0.056389,0.056582,0.000193
cross_stall_r4__temp_opt_r5,0.032941,0.032956,1.5e-05
cross_stall_r4__temp_opt_r6,0.032367,0.031966,0.000401
cross_stall_r4__temp_opt_r7,0.069342,0.069257,8.5e-05
cross_stall_r4__temp_opt_r8,0.021707,0.021651,5.6e-05
cross_stall_r4__temp_opt_r9,0.005927,0.005889,3.8e-05
cross_stall_r5__lead_cont_r1,0.363586,0.363589,3e-06
cross_stall_r5__lead_cont_r10,0.344097,0.344253,0.000156
cross_stall_r5__lead_cont_r11,0.345998,0.345942,5.6e-05
cross_stall_r5__lead_cont_r12,0.397924,0.397989,6.5e-05
cross_stall_r5__lead_cont_r2,0.387649,0.388017,0.000368
cross_stall_r5__lead_cont_r3,0.347836,0.347515,0.000321
cross_stall_r5__lead_cont_r4,0.346008,0.345942,6.6e-05
cross_stall_r5__lead_cont_r5,0.35399,0.353996,6e-06
cross_stall_r5__lead_cont_r6,0.383482,0.383551,6.9e-05
cross_stall_r5__lead_cont_r7,0.398097,0.397989,0.000108
cross_stall_r5__lead_cont_r8,0.343551,0.343624,7.3e-05
cross_stall_r5__lead_cont_r9,0.370476,0.370395,8.1e-05
cross_stall_r5__lead_nec_r1,0.058328,0.05813,0.000198
cross_stall_r5__lead_nec_r10,0.066514,0.066498,1.6e-05
cross_stall_r5__lead_nec_r11,0.062726,0.062649,7.7e-05
cross_stall_r5__lead_nec_r12,0.080193,0.080268,7.5e-05
cross_stall_r5__lead_nec_r2,0.082397,0.082355,4.2e-05
cross_stall_r5__lead_nec_r3,0.064571,0.064646,7.5e-05
cross_stall_r5__lead_nec_r4,0.077836,0.077676,0.00016
cross_stall_r5__lead_nec_r5,0.062683,0.062649,3.4e-05
cross_stall_r5__lead_nec_r6,0.083725,0.083608,0.000117
cross_stall_r5__lead_nec_r7,0.080366,0.080268,9.8e-05
cross_stall_r5__lead_nec_r8,0.065922,0.065996,7.4e-05
cross_stall_r5__lead_nec_r9,0.071271,0.071201,7e-05
cross_stall_r5__lead_opt_r1,0.071499,0.071508,9e-06
cross_stall_r5__lead_opt_r10,0.058205,0.05813,7.5e-05
cross_stall_r5__lead_opt_r11,0.097888,0.0975,0.000388
cross_stall_r5__lead_opt_r12,0.08586,0.085903,4.3e-05
cross_stall_r5__lead_opt_r2,0.087994,0.088103,0.000109
cross_stall_r5__lead_opt_r3,0.061023,0.060996,2.7e-05
cross_stall_r5__lead_opt_r4,0.085727,0.085733,6e-06
cross_stall_r5__lead_opt_r5,0.056226,0.056163,6.3e-05
cross_stall_r5__lead_opt_r6,0.068294,0.068504,0.00021
cross_stall_r5__lead_opt_r7,0.058243,0.05813,0.000113
cross_stall_r5__lead_opt_r8,0.046642,0.046763,0.000121
cross_stall_r5__lead_opt_r9,0.056329,0.056163,0.000166
cross_stall_r5__temp_opt_r1,0.106536,0.106555,1.9e-05
cross_stall_r5__temp_opt_r10,0.114504,0.11465,0.000146
cross_stall_r5__temp_opt_r11,0.105554,0.105547,7e-06
cross_stall_r5__temp_opt_r12,0.051084,0.051175,9.1e-05
cross_stall_r5__temp_opt_r2,0.101781,0.101732,4.9e-05
cross_stall_r5__temp_opt_r3,0.081652,0.081488,0.000164
cross_stall_r5__temp_opt_r4,0.093748,0.093447,0.000301
cross_stall_r5__temp_opt_r5,0.072429,0.07267,0.000241
cross_stall_r5__temp_opt_r6,0.071854,0.071936,8.2e-05
cross_stall_r5__temp_opt_r7,0.076307,0.076297,1e-05
cross_stall_r5__temp_opt_r8,0.03568,0.035754,7.4e-05
cross_stall_r5__temp_opt_r9,0.036827,0.036865,3.8e-05
cross_stall_r6__lead_cont_r1,0.362833,0.362822,1.1e-05
cross_stall_r6__lead_cont_r10,0.343344,0.343291,5.3e-05
cross_stall_r6__lead_cont_r11,0.345245,0.345368,0.000123
cross_stall_r6__lead_cont_r12,0.397172,0.397414,0.000242
cross_stall_r6__lead_cont_r2,0.386896,0.388017,0.001121
cross_stall_r6__lead_cont_r3,0.347083,0.347094,1.1e-05
cross_stall_r6__lead_cont_r4,0.345255,0.345368,0.000113
cross_stall_r6__lead_cont_r5,0.353237,0.353285,4.8e-05
cross_stall_r6__lead_cont_r6,0.382729,0.382509,0.00022
cross_stall_r6__lead_cont_r7,0.397345,0.397414,6.9e-05
cross_stall_r6__lead_cont_r8,0.342798,0.342788,1e-05
cross_stall_r6__lead_cont_r9,0.369723,0.369377,0.000346
cross_stall_r6__lead_nec_r1,0.025306,0.025312,6e-06
cross_stall_r6__lead_nec_r10,0.033493,0.033551,5.8e-05
cross_stall_r6__lead_nec_r11,0.029704,0.029666,3.8e-05
cross_stall_r6__lead_nec_r12,0.047172,0.046802,0.00037
cross_stall_r6__lead_nec_r2,0.049375,0.049348,2.7e-05
cross_stall_r6__lead_nec_r3,0.031549,0.031665,0.000116
cross_stall_r6__lead_nec_r4,0.044815,0.044825,1e-05
cross_stall_r6__lead_nec_r5,0.029661,0.029666,5e-06
cross_stall_r6__lead_nec_r6,0.050703,0.050582,0.000121
cross_stall_r6__lead_nec_r7,0.047345,0.046802,0.000543
cross_stall_r6__lead_nec_r8,0.0329,0.032852,4.8e-05
cross_stall_r6__lead_nec_r9,0.03825,0.038253,3e-06
cross_stall_r6__lead_opt_r1,0.038478,0.038458,2e-05
cross_stall_r6__lead_opt_r10,0.025184,0.025197,1.3e-05
cross_stall_r6__lead_opt_r11,0.064866,0.064867,1e-06
cross_stall_r6__lead_opt_r12,0.052838,0.053168,0.00033
cross_stall_r6__lead_opt_r2,0.054973,0.054978,5e-06
cross_stall_r6__lead_opt_r3,0.028001,0.028153,0.000152
cross_stall_r6__lead_opt_r4,0.052706,0.052438,0.000268
cross_stall_r6__lead_opt_r5,0.023293,0.023178,0.000115
cross_stall_r6__lead_opt_r6,0.035272,0.035304,3.2e-05
cross_stall_r6__lead_opt_r7,0.026763,0.02682,5.7e-05
cross_stall_r6__lead_opt_r8,0.016658,0.016723,6.5e-05
cross_stall_r6__lead_opt_r9,0.023308,0.023423,0.000115
cross_stall_r6__temp_opt_r1,0.073514,0.073579,6.5e-05
cross_stall_r6__temp_opt_r10,0.081482,0.081488,6e-06
cross_stall_r6__temp_opt_r11,0.072532,0.07267,0.000138
cross_stall_r6__temp_opt_r12,0.033929,0.033854,7.5e-05
cross_stall_r6__temp_opt_r2,0.068759,0.068756,3e-06
cross_stall_r6__temp_opt_r3,0.048631,0.048639,8e-06
cross_stall_r6__temp_opt_r4,0.062266,0.062288,2.2e-05
cross_stall_r6__temp_opt_r5,0.039407,0.039375,3.2e-05
cross_stall_r6__temp_opt_r6,0.038833,0.038678,0.000155
cross_stall_r6__temp_opt_r7,0.074621,0.07443,0.000191
cross_stall_r6__temp_opt_r8,0.019067,0.019154,8.7e-05
cross_stall_r6__temp_opt_r9,0.003806,0.003846,4e-05
cross_stall_r7__lead_cont_r1,0.359723,0.359565,0.000158
cross_stall_r7__lead_cont_r10,0.340234,0.340237,3e-06
cross_stall_r7__lead_cont_r11,0.342135,0.34217,3.5e-05
cross_stall_r7__lead_cont_r12,0.394062,0.394652,0.00059
cross_stall_r7__lead_cont_r2,0.383786,0.383724,6.2e-05
cross_stall_r7__lead_cont_r3,0.343973,0.343928,4.5e-05
cross_stall_r7__lead_cont_r4,0.342145,0.34217,2.5e-05
cross_stall_r7__lead_cont_r5,0.350128,0.350117,1.1e-05
cross_stall_r7__lead_cont_r6,0.379619,0.37969,7.1e-05
cross_stall_r7__lead_cont_r7,0.394235,0.394652,0.000417
cross_stall_r7__lead_cont_r8,0.339688,0.339508,0.00018
cross_stall_r7__lead_cont_r9,0.366613,0.366843,0.00023
cross_stall_r7__lead_nec_r1,0.022196,0.022194,2e-06
cross_stall_r7__lead_nec_r10,0.030382,0.030548,0.000166
cross_stall_r7__lead_nec_r11,0.026594,0.026617,2.3e-05
cross_stall_r7__lead_nec_r12,0.044062,0.044107,4.5e-05
cross_stall_r7__lead_nec_r2,0.046265,0.046006,0.000259
cross_stall_r7__lead_nec_r3,0.028439,0.028335,0.000104
cross_stall_r7__lead_nec_r4,0.041705,0.041669,3.6e-05
cross_stall_r7__lead_nec_r5,0.026551,0.026617,6.6e-05
cross_stall_r7__lead_nec_r6,0.047593,0.048118,0.000525
cross_stall_r7__lead_nec_r7,0.044235,0.044238,3e-06
cross_stall_r7__lead_nec_r8,0.02979,0.029789,1e-06
cross_stall_r7__lead_nec_r9,0.03514,0.035162,2.2e-05
cross_stall_r7__lead_opt_r1,0.035368,0.035304,6.4e-05
cross_stall_r7__lead_opt_r10,0.022074,0.022072,2e-06
cross_stall_r7__lead_opt_r11,0.061756,0.061713,4.3e-05
cross_stall_r7__lead_opt_r12,0.049728,0.049808,8e-05
cross_stall_r7__lead_opt_r2,0.051863,0.051927,6.4e-05
cross_stall_r7__lead_opt_r3,0.024891,0.024884,7e-06
cross_stall_r7__lead_opt_r4,0.049596,0.049488,0.000108
cross_stall_r7__lead_opt_r5,0.020706,0.020722,1.6e-05
cross_stall_r7__lead_opt_r6,0.032162,0.031966,0.000196
cross_stall_r7__lead_opt_r7,0.025252,0.025268,1.6e-05
cross_stall_r7__lead_opt_r8,0.017922,0.01789,3.2e-05
cross_stall_r7__lead_opt_r9,0.020249,0.020132,0.000117
cross_stall_r7__temp_opt_r1,0.070404,0.070581,0.000177
cross_stall_r7__temp_opt_r10,0.078372,0.078333,3.9e-05
cross_stall_r7__temp_opt_r11,0.069422,0.069513,9.1e-05
cross_stall_r7__temp_opt_r12,0.034879,0.034932,5.3e-05
cross_stall_r7__temp_opt_r2,0.065649,0.065996,0.000347
cross_stall_r7__temp_opt_r3,0.045521,0.045471,5e-05
cross_stall_r7__temp_opt_r4,0.059757,0.059787,3e-05
cross_stall_r7__temp_opt_r5,0.036298,0.036174,0.000124
cross_stall_r7__temp_opt_r6,0.035723,0.035754,3.1e-05
cross_stall_r7__temp_opt_r7,0.072242,0.072168,7.4e-05
cross_stall_r7__temp_opt_r8,0.022314,0.02231,4e-06
cross_stall_r7__temp_opt_r9,0.006933,0.00696,2.7e-05
cross_stall_r8__lead_cont_r1,0.349053,0.348888,0.000165
cross_stall_r8__lead_cont_r10,0.329564,0.329534,3e-05
cross_stall_r8__lead_cont_r11,0.331465,0.331474,9e-06
cross_stall_r8__lead_cont_r12,0.383392,0.383311,8.1e-05
cross_stall_r8__lead_cont_r2,0.373116,0.372972,0.000144
cross_stall_r8__lead_cont_r3,0.333303,0.333374,7.1e-05
cross_stall_r8__lead_cont_r4,0.331475,0.331474,1e-06
cross_stall_r8__lead_cont_r5,0.339457,0.339477,2e-05
cross_stall_r8__lead_cont_r6,0.368949,0.369108,0.000159
cross_stall_r8__lead_cont_r7,0.383565,0.383551,1.4e-05
cross_stall_r8__lead_cont_r8,0.329018,0.32914,0.000122
cross_stall_r8__lead_cont_r9,0.355943,0.355833,0.00011
cross_stall_r8__lead_nec_r1,0.011526,0.011563,3.7e-05
cross_stall_r8__lead_nec_r10,0.019713,0.019714,1e-06
cross_stall_r8__lead_nec_r11,0.015924,0.015883,4.1e-05
cross_stall_r8__lead_nec_r12,0.033392,0.033317,7.5e-05
cross_stall_r8__lead_nec_r2,0.035595,0.035602,7e-06
cross_stall_r8__lead_nec_r3,0.017769,0.017803,3.4e-05
cross_stall_r8__lead_nec_r4,0.031035,0.031043,8e-06
cross_stall_r8__lead_nec_r5,0.015881,0.015883,2e-06
cross_stall_r8__lead_nec_r6,0.036923,0.036895,2.8e-05
cross_stall_r8__lead_nec_r7,0.033565,0.033551,1.4e-05
cross_stall_r8__lead_nec_r8,0.01912,0.019154,3.4e-05
cross_stall_r8__lead_nec_r9,0.02447,0.024345,0.000125
cross_stall_r8__lead_opt_r1,0.024698,0.024695,3e-06
cross_stall_r8__lead_opt_r10,0.013997,0.013914,8.3e-05
cross_stall_r8__lead_opt_r11,0.051086,0.051175,8.9e-05
cross_stall_r8__lead_opt_r12,0.039058,0.039074,1.6e-05
cross_stall_r8__lead_opt_r2,0.041192,0.041159,3.3e-05
cross_stall_r8__lead_opt_r3,0.014721,0.014754,3.3e-05
cross_stall_r8__lead_opt_r4,0.038926,0.03904,0.000114
cross_stall_r8__lead_opt_r5,0.014821,0.014887,6.6e-05
cross_stall_r8__lead_opt_r6,0.021958,0.021988,3e-05
cross_stall_r8__lead_opt_r7,0.020221,0.020132,8.9e-05
cross_stall_r8__lead_opt_r8,0.016242,0.016225,1.7e-05
cross_stall_r8__lead_opt_r9,0.012301,0.012327,2.6e-05
cross_stall_r8__temp_opt_r1,0.059734,0.059787,5.3e-05
cross_stall_r8__temp_opt_r10,0.067702,0.067608,9.4e-05
cross_stall_r8__temp_opt_r11,0.058752,0.058766,1.4e-05
cross_stall_r8__temp_opt_r12,0.033813,0.033854,4.1e-05
cross_stall_r8__temp_opt_r2,0.054979,0.054978,1e-06
cross_stall_r8__temp_opt_r3,0.034851,0.034932,8.1e-05
cross_stall_r8__temp_opt_r4,0.050718,0.050582,0.000136
cross_stall_r8__temp_opt_r5,0.029379,0.029352,2.7e-05
cross_stall_r8__temp_opt_r6,0.025053,0.025067,1.4e-05
cross_stall_r8__temp_opt_r7,0.064082,0.0641,1.8e-05
cross_stall_r8__temp_opt_r8,0.025359,0.025397,3.8e-05
cross_stall_r8__temp_opt_r9,0.011737,0.011806,6.9e-05
cross_stall_r9__lead_cont_r1,0.371657,0.371865,0.000208
cross_stall_r9__lead_cont_r10,0.352168,0.351952,0.000216
cross_stall_r9__lead_cont_r11,0.354069,0.354037,3.2e-05
cross_stall_r9__lead_cont_r12,0.405995,0.405467,0.000528
cross_stall_r9__lead_cont_r2,0.39572,0.396099,0.000379
cross_stall_r9__lead_cont_r3,0.355907,0.355833,7.4e-05
cross_stall_r9__lead_cont_r4,0.354079,0.354037,4.2e-05
cross_stall_r9__lead_cont_r5,0.362061,0.361992,6.9e-05
cross_stall_r9__lead_cont_r6,0.391553,0.391344,0.000209
cross_stall_r9__lead_cont_r7,0.406168,0.406798,0.00063
cross_stall_r9__lead_cont_r8,0.351622,0.351776,0.000154
cross_stall_r9__lead_cont_r9,0.378547,0.378423,0.000124
cross_stall_r9__lead_nec_r1,0.03413,0.034107,2.3e-05
cross_stall_r9__lead_nec_r10,0.042316,0.042156,0.00016
cross_stall_r9__lead_nec_r11,0.038528,0.038458,7e-05
cross_stall_r9__lead_nec_r12,0.055995,0.056086,9.1e-05
cross_stall_r9__lead_nec_r2,0.058199,0.05813,6.9e-05
cross_stall_r9__lead_nec_r3,0.040373,0.04041,3.7e-05
cross_stall_r9__lead_nec_r4,0.053638,0.053682,4.4e-05
cross_stall_r9__lead_nec_r5,0.038485,0.038458,2.7e-05
cross_stall_r9__lead_nec_r6,0.059527,0.059442,8.5e-05
cross_stall_r9__lead_nec_r7,0.056168,0.056163,5e-06
cross_stall_r9__lead_nec_r8,0.041724,0.041669,5.5e-05
cross_stall_r9__lead_nec_r9,0.047073,0.046802,0.000271
cross_stall_r9__lead_opt_r1,0.047302,0.046802,0.0005
cross_stall_r9__lead_opt_r10,0.034008,0.034046,3.8e-05
cross_stall_r9__lead_opt_r11,0.07369,0.073744,5.4e-05
cross_stall_r9__lead_opt_r12,0.061662,0.061713,5.1e-05
cross_stall_r9__lead_opt_r2,0.063796,0.063577,0.000219
cross_stall_r9__lead_opt_r3,0.036825,0.036865,4e-05
cross_stall_r9__lead_opt_r4,0.06153,0.061414,0.000116
cross_stall_r9__lead_opt_r5,0.032028,0.031966,6.2e-05
cross_stall_r9__lead_opt_r6,0.044096,0.044107,1.1e-05
cross_stall_r9__lead_opt_r7,0.034442,0.034512,7e-05
cross_stall_r9__lead_opt_r8,0.022977,0.023002,2.5e-05
cross_stall_r9__lead_opt_r9,0.032131,0.031966,0.000165
cross_stall_r9__temp_opt_r1,0.082338,0.082355,1.7e-05
cross_stall_r9__temp_opt_r10,0.090306,0.090299,7e-06
cross_stall_r9__temp_opt_r11,0.081356,0.081488,0.000132
cross_stall_r9__temp_opt_r12,0.036353,0.036174,0.000179
cross_stall_r9__temp_opt_r2,0.077583,0.077598,1.5e-05
cross_stall_r9__temp_opt_r3,0.057454,0.057454,0.0
cross_stall_r9__temp_opt_r4,0.070165,0.069945,0.00022
cross_stall_r9__temp_opt_r5,0.048231,0.048118,0.000113
cross_stall_r9__temp_opt_r6,0.047657,0.048118,0.000461
cross_stall_r9__temp_opt_r7,0.081638,0.081488,0.00015
cross_stall_r9__temp_opt_r8,0.019096,0.019154,5.8e-05
cross_stall_r9__temp_opt_r9,0.01263,0.012669,3.9e-05
lead_cont_r1__temp_opt_r1,0.385735,0.384711,0.001024
lead_cont_r1__temp_opt_r10,0.393703,0.393452,0.000251
lead_cont_r1__temp_opt_r11,0.384753,0.384711,4.2e-05
lead_cont_r1__temp_opt_r12,0.368081,0.36806,2.1e-05
lead_cont_r1__temp_opt_r2,0.381142,0.381362,0.00022
lead_cont_r1__temp_opt_r3,0.360851,0.360787,6.4e-05
lead_cont_r1__temp_opt_r4,0.378827,0.379002,0.000175
lead_cont_r1__temp_opt_r5,0.363005,0.362924,8.1e-05
lead_cont_r1__temp_opt_r6,0.354517,0.354625,0.000108
lead_cont_r1__temp_opt_r7,0.362834,0.362822,1.2e-05
lead_cont_r1__temp_opt_r8,0.367707,0.367695,1.2e-05
lead_cont_r1__temp_opt_r9,0.359045,0.359059,1.4e-05
lead_cont_r10__temp_opt_r1,0.349967,0.35,3.3e-05
lead_cont_r10__temp_opt_r10,0.357934,0.357806,0.000128
lead_cont_r10__temp_opt_r11,0.348984,0.348888,9.6e-05
lead_cont_r10__temp_opt_r12,0.340341,0.340396,5.5e-05
lead_cont_r10__temp_opt_r2,0.345692,0.345756,6.4e-05
lead_cont_r10__temp_opt_r3,0.325257,0.325303,4.6e-05
lead_cont_r10__temp_opt_r4,0.344772,0.344712,6e-05
lead_cont_r10__temp_opt_r5,0.333789,0.333839,5e-05
lead_cont_r10__temp_opt_r6,0.326574,0.326574,0.0
lead_cont_r10__temp_opt_r7,0.329202,0.329166,3.6e-05
lead_cont_r10__temp_opt_r8,0.34363,0.343624,6e-06
lead_cont_r10__temp_opt_r9,0.339538,0.339508,3e-05
lead_cont_r11__temp_opt_r1,0.359351,0.359329,2.2e-05
lead_cont_r11__temp_opt_r10,0.367319,0.367261,5.8e-05
lead_cont_r11__temp_opt_r11,0.358369,0.358353,1.6e-05
lead_cont_r11__temp_opt_r12,0.345908,0.345942,3.4e-05
lead_cont_r11__temp_opt_r2,0.354835,0.354855,2e-05
lead_cont_r11__temp_opt_r3,0.334468,0.334523,5.5e-05
lead_cont_r11__temp_opt_r4,0.353251,0.353285,3.4e-05
lead_cont_r11__temp_opt_r5,0.339868,0.339956,8.8e-05
lead_cont_r11__temp_opt_r6,0.331723,0.331634,8.9e-05
lead_cont_r11__temp_opt_r7,0.337483,0.337489,6e-06
lead_cont_r11__temp_opt_r8,0.347416,0.347457,4.1e-05
lead_cont_r11__temp_opt_r9,0.341439,0.341489,5e-05
lead_cont_r12__temp_opt_r1,0.376343,0.376583,0.00024
lead_cont_r12__temp_opt_r10,0.384311,0.38434,2.9e-05
lead_cont_r12__temp_opt_r11,0.375361,0.375294,6.7e-05
lead_cont_r12__temp_opt_r12,0.384859,0.384711,0.000148
lead_cont_r12__temp_opt_r2,0.373179,0.373275,9.6e-05
lead_cont_r12__temp_opt_r3,0.359735,0.359565,0.00017
lead_cont_r12__temp_opt_r4,0.374754,0.374988,0.000234
lead_cont_r12__temp_opt_r5,0.373149,0.373275,0.000126
lead_cont_r12__temp_opt_r6,0.369343,0.369343,0.0
lead_cont_r12__temp_opt_r7,0.360933,0.360787,0.000146
lead_cont_r12__temp_opt_r8,0.394899,0.395117,0.000218
lead_cont_r12__temp_opt_r9,0.393366,0.393452,8.6e-05
lead_cont_r2__temp_opt_r1,0.361672,0.361712,4e-05
lead_cont_r2__temp_opt_r10,0.36964,0.369377,0.000263
lead_cont_r2__temp_opt_r11,0.36069,0.360787,9.7e-05
lead_cont_r2__temp_opt_r12,0.373696,0.373598,9.8e-05
lead_cont_r2__temp_opt_r2,0.358837,0.358851,1.4e-05
lead_cont_r2__temp_opt_r3,0.347099,0.347094,5e-06
lead_cont_r2__temp_opt_r4,0.360857,0.360787,7e-05
lead_cont_r2__temp_opt_r5,0.360545,0.360465,8e-05
lead_cont_r2__temp_opt_r6,0.356769,0.356747,2.2e-05
lead_cont_r2__temp_opt_r7,0.347634,0.347515,0.000119
lead_cont_r2__temp_opt_r8,0.384434,0.38434,9.4e-05
lead_cont_r2__temp_opt_r9,0.38309,0.38302,7e-05
lead_cont_r3__temp_opt_r1,0.357513,0.357508,5e-06
lead_cont_r3__temp_opt_r10,0.365481,0.365571,9e-05
lead_cont_r3__temp_opt_r11,0.356531,0.356495,3.6e-05
lead_cont_r3__temp_opt_r12,0.346124,0.346189,6.5e-05
lead_cont_r3__temp_opt_r2,0.352997,0.353024,2.7e-05
lead_cont_r3__temp_opt_r3,0.332629,0.332722,9.3e-05
lead_cont_r3__temp_opt_r4,0.351681,0.351776,9.5e-05
lead_cont_r3__temp_opt_r5,0.339432,0.339477,4.5e-05
lead_cont_r3__temp_opt_r6,0.331669,0.331634,3.5e-05
lead_cont_r3__temp_opt_r7,0.336079,0.336039,4e-05
lead_cont_r3__temp_opt_r8,0.348506,0.348418,8.8e-05
lead_cont_r3__temp_opt_r9,0.343277,0.343288,1.1e-05
lead_cont_r4__temp_opt_r1,0.329178,0.329166,1.2e-05
lead_cont_r4__temp_opt_r10,0.337146,0.337212,6.6e-05
lead_cont_r4__temp_opt_r11,0.328196,0.328333,0.000137
lead_cont_r4__temp_opt_r12,0.334504,0.334523,1.9e-05
lead_cont_r4__temp_opt_r2,0.325754,0.325731,2.3e-05
lead_cont_r4__temp_opt_r3,0.309715,0.309818,0.000103
lead_cont_r4__temp_opt_r4,0.326665,0.326653,1.2e-05
lead_cont_r4__temp_opt_r5,0.323273,0.323351,7.8e-05
lead_cont_r4__temp_opt_r6,0.318596,0.318593,3e-06
lead_cont_r4__temp_opt_r7,0.312769,0.312723,4.6e-05
lead_cont_r4__temp_opt_r8,0.343243,0.343288,4.5e-05
lead_cont_r4__temp_opt_r9,0.341449,0.341489,4e-05
lead_cont_r5__temp_opt_r1,0.36743,0.367468,3.8e-05
lead_cont_r5__temp_opt_r10,0.375398,0.375294,0.000104
lead_cont_r5__temp_opt_r11,0.366448,0.366843,0.000395
lead_cont_r5__temp_opt_r12,0.353533,0.353532,1e-06
lead_cont_r5__temp_opt_r2,0.362913,0.362924,1.1e-05
lead_cont_r5__temp_opt_r3,0.342546,0.342599,5.3e-05
lead_cont_r5__temp_opt_r4,0.361141,0.361131,1e-05
lead_cont_r5__temp_opt_r5,0.347797,0.347515,0.000282
lead_cont_r5__temp_opt_r6,0.339832,0.339956,0.000124
lead_cont_r5__temp_opt_r7,0.345373,0.345368,5e-06
lead_cont_r5__temp_opt_r8,0.355002,0.355033,3.1e-05
lead_cont_r5__temp_opt_r9,0.349432,0.349404,2.8e-05
lead_cont_r6__temp_opt_r1,0.354919,0.354855,6.4e-05
lead_cont_r6__temp_opt_r10,0.362805,0.362817,1.2e-05
lead_cont_r6__temp_opt_r11,0.353855,0.353845,1e-05
lead_cont_r6__temp_opt_r12,0.368305,0.368336,3.1e-05
lead_cont_r6__temp_opt_r2,0.352084,0.351952,0.000132
lead_cont_r6__temp_opt_r3,0.342103,0.342082,2.1e-05
lead_cont_r6__temp_opt_r4,0.354169,0.354283,0.000114
lead_cont_r6__temp_opt_r5,0.355229,0.355166,6.3e-05
lead_cont_r6__temp_opt_r6,0.352562,0.352595,3.3e-05
lead_cont_r6__temp_opt_r7,0.340639,0.340635,4e-06
lead_cont_r6__temp_opt_r8,0.380116,0.380049,6.7e-05
lead_cont_r6__temp_opt_r9,0.378923,0.379002,7.9e-05
lead_cont_r7__temp_opt_r1,0.376252,0.375955,0.000297
lead_cont_r7__temp_opt_r10,0.384138,0.384165,2.7e-05
lead_cont_r7__temp_opt_r11,0.375188,0.375294,0.000106
lead_cont_r7__temp_opt_r12,0.385032,0.384711,0.000321
lead_cont_r7__temp_opt_r2,0.373219,0.373275,5.6e-05
lead_cont_r7__temp_opt_r3,0.359908,0.360249,0.000341
lead_cont_r7__temp_opt_r4,0.374881,0.374988,0.000107
lead_cont_r7__temp_opt_r5,0.373322,0.373275,4.7e-05
lead_cont_r7__temp_opt_r6,0.369516,0.369377,0.000139
lead_cont_r7__temp_opt_r7,0.36106,0.361131,7.1e-05
lead_cont_r7__temp_opt_r8,0.395073,0.395117,4.4e-05
lead_cont_r7__temp_opt_r9,0.393539,0.393452,8.7e-05
lead_cont_r8__temp_opt_r1,0.350512,0.350413,9.9e-05
lead_cont_r8__temp_opt_r10,0.35848,0.358575,9.5e-05
lead_cont_r8__temp_opt_r11,0.34953,0.349621,9.1e-05
lead_cont_r8__temp_opt_r12,0.339796,0.339956,0.00016
lead_cont_r8__temp_opt_r2,0.345996,0.345942,5.4e-05
lead_cont_r8__temp_opt_r3,0.325778,0.325731,4.7e-05
lead_cont_r8__temp_opt_r4,0.344357,0.344256,0.000101
lead_cont_r8__temp_opt_r5,0.333243,0.333182,6.1e-05
lead_cont_r8__temp_opt_r6,0.326029,0.325952,7.7e-05
lead_cont_r8__temp_opt_r7,0.328769,0.328813,4.4e-05
lead_cont_r8__temp_opt_r8,0.343084,0.34309,6e-06
lead_cont_r8__temp_opt_r9,0.338992,0.338971,2.1e-05
lead_cont_r9__temp_opt_r1,0.366738,0.366843,0.000105
lead_cont_r9__temp_opt_r10,0.374706,0.374988,0.000282
lead_cont_r9__temp_opt_r11,0.365756,0.365795,3.9e-05
lead_cont_r9__temp_opt_r12,0.363133,0.363132,1e-06
lead_cont_r9__temp_opt_r2,0.362742,0.362669,7.3e-05
lead_cont_r9__temp_opt_r3,0.343415,0.343291,0.000124
lead_cont_r9__temp_opt_r4,0.362663,0.362669,6e-06
lead_cont_r9__temp_opt_r5,0.35508,0.355097,1.7e-05
lead_cont_r9__temp_opt_r6,0.348986,0.348888,9.8e-05
lead_cont_r9__temp_opt_r7,0.347535,0.347515,2e-05
lead_cont_r9__temp_opt_r8,0.368764,0.368681,8.3e-05
lead_cont_r9__temp_opt_r9,0.365918,0.365795,0.000123
lead_nec_r1__temp_opt_r1,0.048208,0.048118,9e-05
lead_nec_r1__temp_opt_r10,0.056176,0.056163,1.3e-05
lead_nec_r1__temp_opt_r11,0.047226,0.046802,0.000424
lead_nec_r1__temp_opt_r12,0.03396,0.034046,8.6e-05
lead_nec_r1__temp_opt_r2,0.043615,0.043722,0.000107
lead_nec_r1__temp_opt_r3,0.023324,0.023423,9.9e-05
lead_nec_r1__temp_opt_r4,0.0413,0.041352,5.2e-05
lead_nec_r1__temp_opt_r5,0.025478,0.025482,4e-06
lead_nec_r1__temp_opt_r6,0.01699,0.016957,3.3e-05
lead_nec_r1__temp_opt_r7,0.05579,0.055858,6.8e-05
lead_nec_r1__temp_opt_r8,0.03018,0.030177,3e-06
lead_nec_r1__temp_opt_r9,0.021518,0.021507,1.1e-05
lead_nec_r10__temp_opt_r1,0.040022,0.040062,4e-05
lead_nec_r10__temp_opt_r10,0.04799,0.048118,0.000128
lead_nec_r10__temp_opt_r11,0.03904,0.03904,0.0
lead_nec_r10__temp_opt_r12,0.033819,0.033854,3.5e-05
lead_nec_r10__temp_opt_r2,0.035747,0.035754,7e-06
lead_nec_r10__temp_opt_r3,0.015312,0.01529,2.2e-05
lead_nec_r10__temp_opt_r4,0.034827,0.034932,0.000105
lead_nec_r10__temp_opt_r5,0.023857,0.023864,7e-06
lead_nec_r10__temp_opt_r6,0.016654,0.016723,6.9e-05
lead_nec_r10__temp_opt_r7,0.049739,0.049808,6.9e-05
lead_nec_r10__temp_opt_r8,0.033752,0.033724,2.8e-05
lead_nec_r10__temp_opt_r9,0.029687,0.029666,2.1e-05
lead_nec_r11__temp_opt_r1,0.04381,0.043722,8.8e-05
lead_nec_r11__temp_opt_r10,0.051778,0.051771,7e-06
lead_nec_r11__temp_opt_r11,0.042828,0.042981,0.000153
lead_nec_r11__temp_opt_r12,0.033773,0.033724,4.9e-05
lead_nec_r11__temp_opt_r2,0.039294,0.039218,7.6e-05
lead_nec_r11__temp_opt_r3,0.018927,0.018908,1.9e-05
lead_nec_r11__temp_opt_r4,0.03771,0.037923,0.000213
lead_nec_r11__temp_opt_r5,0.024327,0.024345,1.8e-05
lead_nec_r11__temp_opt_r6,0.016182,0.016225,4.3e-05
lead_nec_r11__temp_opt_r7,0.052425,0.052438,1.3e-05
lead_nec_r11__temp_opt_r8,0.031875,0.031966,9.1e-05
lead_nec_r11__temp_opt_r9,0.025898,0.026068,0.00017
lead_nec_r12__temp_opt_r1,0.026343,0.026301,4.2e-05
lead_nec_r12__temp_opt_r10,0.034311,0.034322,1.1e-05
lead_nec_r12__temp_opt_r11,0.025361,0.025397,3.6e-05
lead_nec_r12__temp_opt_r12,0.038264,0.038253,1.1e-05
lead_nec_r12__temp_opt_r2,0.023179,0.023178,1e-06
lead_nec_r12__temp_opt_r3,0.009735,0.009808,7.3e-05
lead_nec_r12__temp_opt_r4,0.024754,0.024695,5.9e-05
lead_nec_r12__temp_opt_r5,0.023149,0.023134,1.5e-05
lead_nec_r12__temp_opt_r6,0.019343,0.019343,0.0
lead_nec_r12__temp_opt_r7,0.041415,0.041352,6.3e-05
lead_nec_r12__temp_opt_r8,0.044899,0.044878,2.1e-05
lead_nec_r12__temp_opt_r9,0.043366,0.043272,9.4e-05
lead_nec_r2__temp_opt_r1,0.024139,0.02414,1e-06
lead_nec_r2__temp_opt_r10,0.032107,0.031966,0.000141
lead_nec_r2__temp_opt_r11,0.023157,0.023178,2.1e-05
lead_nec_r2__temp_opt_r12,0.039569,0.03956,9e-06
lead_nec_r2__temp_opt_r2,0.021305,0.021289,1.6e-05
lead_nec_r2__temp_opt_r3,0.009567,0.009583,1.6e-05
lead_nec_r2__temp_opt_r4,0.023324,0.023423,9.9e-05
lead_nec_r2__temp_opt_r5,0.023013,0.023002,1.1e-05
lead_nec_r2__temp_opt_r6,0.01924,0.01917,7e-05
lead_nec_r2__temp_opt_r7,0.040584,0.040608,2.4e-05
lead_nec_r2__temp_opt_r8,0.046913,0.046802,0.000111
lead_nec_r2__temp_opt_r9,0.045569,0.045595,2.6e-05
lead_nec_r3__temp_opt_r1,0.041965,0.042067,0.000102
lead_nec_r3__temp_opt_r10,0.049933,0.049808,0.000125
lead_nec_r3__temp_opt_r11,0.040983,0.041159,0.000176
lead_nec_r3__temp_opt_r12,0.033982,0.034046,6.4e-05
lead_nec_r3__temp_opt_r2,0.037448,0.03749,4.2e-05
lead_nec_r3__temp_opt_r3,0.017081,0.017037,4.4e-05
lead_nec_r3__temp_opt_r4,0.036133,0.036132,1e-06
lead_nec_r3__temp_opt_r5,0.023884,0.023902,1.8e-05
lead_nec_r3__temp_opt_r6,0.016121,0.016225,0.000104
lead_nec_r3__temp_opt_r7,0.051014,0.050982,3.2e-05
lead_nec_r3__temp_opt_r8,0.032958,0.032956,2e-06
lead_nec_r3__temp_opt_r9,0.027743,0.027655,8.8e-05
lead_nec_r4__temp_opt_r1,0.0287,0.028335,0.000365
lead_nec_r4__temp_opt_r10,0.036667,0.036692,2.5e-05
lead_nec_r4__temp_opt_r11,0.027717,0.027655,6.2e-05
lead_nec_r4__temp_opt_r12,0.037457,0.03749,3.3e-05
lead_nec_r4__temp_opt_r2,0.025276,0.025268,8e-06
lead_nec_r4__temp_opt_r3,0.009237,0.009238,1e-06
lead_nec_r4__temp_opt_r4,0.026187,0.026171,1.6e-05
lead_nec_r4__temp_opt_r5,0.022795,0.022702,9.3e-05
lead_nec_r4__temp_opt_r6,0.018118,0.018229,0.000111
lead_nec_r4__temp_opt_r7,0.042773,0.042649,0.000124
lead_nec_r4__temp_opt_r8,0.042803,0.042649,0.000154
lead_nec_r4__temp_opt_r9,0.041009,0.041159,0.00015
lead_nec_r5__temp_opt_r1,0.043853,0.043934,8.1e-05
lead_nec_r5__temp_opt_r10,0.051821,0.051771,5e-05
lead_nec_r5__temp_opt_r11,0.042871,0.042981,0.00011
lead_nec_r5__temp_opt_r12,0.033362,0.033317,4.5e-05
lead_nec_r5__temp_opt_r2,0.039337,0.039375,3.8e-05
lead_nec_r5__temp_opt_r3,0.01897,0.018908,6.2e-05
lead_nec_r5__temp_opt_r4,0.037565,0.03749,7.5e-05
lead_nec_r5__temp_opt_r5,0.02422,0.024198,2.2e-05
lead_nec_r5__temp_opt_r6,0.016256,0.016225,3.1e-05
lead_nec_r5__temp_opt_r7,0.052279,0.052343,6.4e-05
lead_nec_r5__temp_opt_r8,0.031426,0.031374,5.2e-05
lead_nec_r5__temp_opt_r9,0.025855,0.026068,0.000213
lead_nec_r6__temp_opt_r1,0.022893,0.023002,0.000109
lead_nec_r6__temp_opt_r10,0.030779,0.030836,5.7e-05
lead_nec_r6__temp_opt_r11,0.021829,0.021865,3.6e-05
lead_nec_r6__temp_opt_r12,0.039684,0.039682,2e-06
lead_nec_r6__temp_opt_r2,0.020058,0.020052,6e-06
lead_nec_r6__temp_opt_r3,0.010077,0.010069,8e-06
lead_nec_r6__temp_opt_r4,0.022143,0.022137,6e-06
lead_nec_r6__temp_opt_r5,0.023203,0.023178,2.5e-05
lead_nec_r6__temp_opt_r6,0.020536,0.0205,3.6e-05
lead_nec_r6__temp_opt_r7,0.039096,0.039085,1.1e-05
lead_nec_r6__temp_opt_r8,0.04809,0.048118,2.8e-05
lead_nec_r6__temp_opt_r9,0.046898,0.046802,9.6e-05
lead_nec_r7__temp_opt_r1,0.026252,0.026272,2e-05
lead_nec_r7__temp_opt_r10,0.034138,0.034107,3.1e-05
lead_nec_r7__temp_opt_r11,0.025188,0.025197,9e-06
lead_nec_r7__temp_opt_r12,0.038437,0.038421,1.6e-05
lead_nec_r7__temp_opt_r2,0.023219,0.023178,4.1e-05
lead_nec_r7__temp_opt_r3,0.009908,0.009834,7.4e-05
lead_nec_r7__temp_opt_r4,0.024881,0.024884,3e-06
lead_nec_r7__temp_opt_r5,0.023322,0.023423,0.000101
lead_nec_r7__temp_opt_r6,0.019516,0.019508,8e-06
lead_nec_r7__temp_opt_r7,0.041542,0.041559,1.7e-05
lead_nec_r7__temp_opt_r8,0.045072,0.045103,3.1e-05
lead_nec_r7__temp_opt_r9,0.043539,0.043722,0.000183
lead_nec_r8__temp_opt_r1,0.040614,0.040608,6e-06
lead_nec_r8__temp_opt_r10,0.048582,0.048639,5.7e-05
lead_nec_r8__temp_opt_r11,0.039632,0.039643,1.1e-05
lead_nec_r8__temp_opt_r12,0.033303,0.033317,1.4e-05
lead_nec_r8__temp_opt_r2,0.036097,0.036132,3.5e-05
lead_nec_r8__temp_opt_r3,0.01588,0.015883,3e-06
lead_nec_r8__temp_opt_r4,0.034459,0.034512,5.3e-05
lead_nec_r8__temp_opt_r5,0.023345,0.023423,7.8e-05
lead_nec_r8__temp_opt_r6,0.016131,0.016225,9.4e-05
lead_nec_r8__temp_opt_r7,0.049353,0.049348,5e-06
lead_nec_r8__temp_opt_r8,0.033186,0.033218,3.2e-05
lead_nec_r8__temp_opt_r9,0.029094,0.029076,1.8e-05
lead_nec_r9__temp_opt_r1,0.035265,0.035304,3.9e-05
lead_nec_r9__temp_opt_r10,0.043232,0.043272,4e-05
lead_nec_r9__temp_opt_r11,0.034283,0.034322,3.9e-05
lead_nec_r9__temp_opt_r12,0.035064,0.035027,3.7e-05
lead_nec_r9__temp_opt_r2,0.031268,0.031221,4.7e-05
lead_nec_r9__temp_opt_r3,0.011941,0.011934,7e-06
lead_nec_r9__temp_opt_r4,0.031189,0.031194,5e-06
lead_nec_r9__temp_opt_r5,0.023607,0.02371,0.000103
lead_nec_r9__temp_opt_r6,0.017512,0.017511,1e-06
lead_nec_r9__temp_opt_r7,0.046544,0.046763,0.000219
lead_nec_r9__temp_opt_r8,0.037291,0.037168,0.000123
lead_nec_r9__temp_opt_r9,0.034444,0.034512,6.8e-05
lead_opt_r1__temp_opt_r1,0.035037,0.035027,1e-05
lead_opt_r1__temp_opt_r10,0.043004,0.042981,2.3e-05
lead_opt_r1__temp_opt_r11,0.034054,0.034046,8e-06
lead_opt_r1__temp_opt_r12,0.030214,0.030177,3.7e-05
lead_opt_r1__temp_opt_r2,0.030281,0.030177,0.000104
lead_opt_r1__temp_opt_r3,0.010153,0.010154,1e-06
lead_opt_r1__temp_opt_r4,0.027976,0.028153,0.000177
lead_opt_r1__temp_opt_r5,0.016933,0.016957,2.4e-05
lead_opt_r1__temp_opt_r6,0.011097,0.011125,2.8e-05
lead_opt_r1__temp_opt_r7,0.042916,0.042981,6.5e-05
lead_opt_r1__temp_opt_r8,0.036016,0.036054,3.8e-05
lead_opt_r1__temp_opt_r9,0.034672,0.034682,1e-05
lead_opt_r10__temp_opt_r1,0.048331,0.048484,0.000153
lead_opt_r10__temp_opt_r10,0.056298,0.056163,0.000135
lead_opt_r10__temp_opt_r11,0.047348,0.046802,0.000546
lead_opt_r10__temp_opt_r12,0.025272,0.025268,4e-06
lead_opt_r10__temp_opt_r2,0.043575,0.043722,0.000147
lead_opt_r10__temp_opt_r3,0.023447,0.023423,2.4e-05
lead_opt_r10__temp_opt_r4,0.038334,0.038336,2e-06
lead_opt_r10__temp_opt_r5,0.018385,0.018298,8.7e-05
lead_opt_r10__temp_opt_r6,0.014718,0.014683,3.5e-05
lead_opt_r10__temp_opt_r7,0.051469,0.051443,2.6e-05
lead_opt_r10__temp_opt_r8,0.024424,0.024345,7.9e-05
lead_opt_r10__temp_opt_r9,0.021378,0.021374,4e-06
lead_opt_r11__temp_opt_r1,0.009269,0.009238,3.1e-05
lead_opt_r11__temp_opt_r10,0.016616,0.016723,0.000107
lead_opt_r11__temp_opt_r11,0.007727,0.007716,1.1e-05
lead_opt_r11__temp_opt_r12,0.050118,0.050127,9e-06
lead_opt_r11__temp_opt_r2,0.006923,0.00696,3.7e-05
lead_opt_r11__temp_opt_r3,0.016236,0.016225,1.1e-05
lead_opt_r11__temp_opt_r4,0.011487,0.011563,7.6e-05
lead_opt_r11__temp_opt_r5,0.025807,0.025626,0.000181
lead_opt_r11__temp_opt_r6,0.026619,0.026617,2e-06
lead_opt_r11__temp_opt_r7,0.031151,0.031177,2.6e-05
lead_opt_r11__temp_opt_r8,0.062208,0.062288,8e-05
lead_opt_r11__temp_opt_r9,0.06106,0.060996,6.4e-05
lead_opt_r12__temp_opt_r1,0.020676,0.020722,4.6e-05
lead_opt_r12__temp_opt_r10,0.028644,0.028335,0.000309
lead_opt_r12__temp_opt_r11,0.019694,0.0197,6e-06
lead_opt_r12__temp_opt_r12,0.038345,0.038353,8e-06
lead_opt_r12__temp_opt_r2,0.016594,0.016475,0.000119
lead_opt_r12__temp_opt_r3,0.006983,0.00696,2.3e-05
lead_opt_r12__temp_opt_r4,0.01715,0.017211,6.1e-05
lead_opt_r12__temp_opt_r5,0.019114,0.019154,4e-05
lead_opt_r12__temp_opt_r6,0.018059,0.01789,0.000169
lead_opt_r12__temp_opt_r7,0.033865,0.033854,1.1e-05
lead_opt_r12__temp_opt_r8,0.05018,0.050127,5.3e-05
lead_opt_r12__temp_opt_r9,0.049032,0.049196,0.000164
lead_opt_r2__temp_opt_r1,0.018542,0.018591,4.9e-05
lead_opt_r2__temp_opt_r10,0.02651,0.026476,3.4e-05
lead_opt_r2__temp_opt_r11,0.01756,0.017566,6e-06
lead_opt_r2__temp_opt_r12,0.040271,0.040308,3.7e-05
lead_opt_r2__temp_opt_r2,0.014634,0.014605,2.9e-05
lead_opt_r2__temp_opt_r3,0.007587,0.007639,5.2e-05
lead_opt_r2__temp_opt_r4,0.01598,0.015883,9.7e-05
lead_opt_r2__temp_opt_r5,0.019914,0.019938,2.4e-05
lead_opt_r2__temp_opt_r6,0.0189,0.018908,8e-06
lead_opt_r2__temp_opt_r7,0.033352,0.033317,3.5e-05
lead_opt_r2__temp_opt_r8,0.052314,0.052343,2.9e-05
lead_opt_r2__temp_opt_r9,0.051167,0.051175,8e-06
lead_opt_r3__temp_opt_r1,0.045513,0.045471,4.2e-05
lead_opt_r3__temp_opt_r10,0.053481,0.053682,0.000201
lead_opt_r3__temp_opt_r11,0.044531,0.044556,2.5e-05
lead_opt_r3__temp_opt_r12,0.026243,0.026218,2.5e-05
lead_opt_r3__temp_opt_r2,0.040758,0.040725,3.3e-05
lead_opt_r3__temp_opt_r3,0.020629,0.020722,9.3e-05
lead_opt_r3__temp_opt_r4,0.036024,0.036054,3e-05
lead_opt_r3__temp_opt_r5,0.017653,0.017641,1.2e-05
lead_opt_r3__temp_opt_r6,0.012178,0.01216,1.8e-05
lead_opt_r3__temp_opt_r7,0.049408,0.049436,2.8e-05
lead_opt_r3__temp_opt_r8,0.02683,0.02682,1e-05
lead_opt_r3__temp_opt_r9,0.024195,0.024198,3e-06
lead_opt_r4__temp_opt_r1,0.020808,0.020756,5.2e-05
lead_opt_r4__temp_opt_r10,0.028776,0.029076,0.0003
lead_opt_r4__temp_opt_r11,0.019826,0.019806,2e-05
lead_opt_r4__temp_opt_r12,0.038058,0.038067,9e-06
lead_opt_r4__temp_opt_r2,0.016292,0.016225,6.7e-05
lead_opt_r4__temp_opt_r3,0.007125,0.00715,2.5e-05
lead_opt_r4__temp_opt_r4,0.016227,0.016225,2e-06
lead_opt_r4__temp_opt_r5,0.01821,0.018229,1.9e-05
lead_opt_r4__temp_opt_r6,0.017487,0.017468,1.9e-05
lead_opt_r4__temp_opt_r7,0.032677,0.032792,0.000115
lead_opt_r4__temp_opt_r8,0.050048,0.050088,4e-05
lead_opt_r4__temp_opt_r9,0.0489,0.048772,0.000128
lead_opt_r5__temp_opt_r1,0.05031,0.050347,3.7e-05
lead_opt_r5__temp_opt_r10,0.058278,0.05813,0.000148
lead_opt_r5__temp_opt_r11,0.049328,0.049348,2e-05
lead_opt_r5__temp_opt_r12,0.023508,0.023423,8.5e-05
lead_opt_r5__temp_opt_r2,0.045555,0.045595,4e-05
lead_opt_r5__temp_opt_r3,0.025426,0.025397,2.9e-05
lead_opt_r5__temp_opt_r4,0.039227,0.039218,9e-06
lead_opt_r5__temp_opt_r5,0.018645,0.018655,1e-05
lead_opt_r5__temp_opt_r6,0.016322,0.016225,9.7e-05
lead_opt_r5__temp_opt_r7,0.052031,0.0521,6.9e-05
lead_opt_r5__temp_opt_r8,0.022163,0.022161,2e-06
lead_opt_r5__temp_opt_r9,0.019487,0.019476,1.1e-05
lead_opt_r6__temp_opt_r1,0.038242,0.038253,1.1e-05
lead_opt_r6__temp_opt_r10,0.04621,0.046006,0.000204
lead_opt_r6__temp_opt_r11,0.03726,0.037168,9.2e-05
lead_opt_r6__temp_opt_r12,0.026863,0.02682,4.3e-05
lead_opt_r6__temp_opt_r2,0.033487,0.033551,6.4e-05
lead_opt_r6__temp_opt_r3,0.01341,0.013353,5.7e-05
lead_opt_r6__temp_opt_r4,0.029059,0.029076,1.7e-05
lead_opt_r6__temp_opt_r5,0.015716,0.015721,5e-06
lead_opt_r6__temp_opt_r6,0.011455,0.011382,7.3e-05
lead_opt_r6__temp_opt_r7,0.042964,0.042981,1.7e-05
lead_opt_r6__temp_opt_r8,0.032844,0.032852,8e-06
lead_opt_r6__temp_opt_r9,0.031466,0.031374,9.2e-05
lead_opt_r7__temp_opt_r1,0.048293,0.048118,0.000175
lead_opt_r7__temp_opt_r10,0.056261,0.056163,9.8e-05
lead_opt_r7__temp_opt_r11,0.047311,0.046802,0.000509
lead_opt_r7__temp_opt_r12,0.021061,0.021043,1.8e-05
lead_opt_r7__temp_opt_r2,0.043537,0.043722,0.000185
lead_opt_r7__temp_opt_r3,0.023409,0.023423,1.4e-05
lead_opt_r7__temp_opt_r4,0.035906,0.035953,4.7e-05
lead_opt_r7__temp_opt_r5,0.018098,0.018229,0.000131
lead_opt_r7__temp_opt_r6,0.017442,0.017449,7e-06
lead_opt_r7__temp_opt_r7,0.048153,0.048118,3.5e-05
lead_opt_r7__temp_opt_r8,0.023001,0.023002,1e-06
lead_opt_r7__temp_opt_r9,0.023199,0.023178,2.1e-05
lead_opt_r8__temp_opt_r1,0.059893,0.059787,0.000106
lead_opt_r8__temp_opt_r10,0.067861,0.067834,2.7e-05
lead_opt_r8__temp_opt_r11,0.058911,0.058864,4.7e-05
lead_opt_r8__temp_opt_r12,0.021632,0.021651,1.9e-05
lead_opt_r8__temp_opt_r2,0.055138,0.055151,1.3e-05
lead_opt_r8__temp_opt_r3,0.03501,0.035027,1.7e-05
lead_opt_r8__temp_opt_r4,0.047232,0.046802,0.00043
lead_opt_r8__temp_opt_r5,0.026316,0.026301,1.5e-05
lead_opt_r8__temp_opt_r6,0.025212,0.025197,1.5e-05
lead_opt_r8__temp_opt_r7,0.058913,0.058864,4.9e-05
lead_opt_r8__temp_opt_r8,0.014729,0.014754,2.5e-05
lead_opt_r8__temp_opt_r9,0.013461,0.013353,0.000108
lead_opt_r9__temp_opt_r1,0.050207,0.050262,5.5e-05
lead_opt_r9__temp_opt_r10,0.058175,0.05813,4.5e-05
lead_opt_r9__temp_opt_r11,0.049225,0.049196,2.9e-05
lead_opt_r9__temp_opt_r12,0.024901,0.024884,1.7e-05
lead_opt_r9__temp_opt_r2,0.045452,0.045471,1.9e-05
lead_opt_r9__temp_opt_r3,0.025323,0.025312,1.1e-05
lead_opt_r9__temp_opt_r4,0.039626,0.039643,1.7e-05
lead_opt_r9__temp_opt_r5,0.018387,0.018298,8.9e-05
lead_opt_r9__temp_opt_r6,0.015539,0.015491,4.8e-05
lead_opt_r9__temp_opt_r7,0.05268,0.052438,0.000242
lead_opt_r9__temp_opt_r8,0.023073,0.023045,2.8e-05
lead_opt_r9__temp_opt_r9,0.019502,0.019508,6e-06
