state_id,mechanism,rank,neighbor_id,neighbor_mechanism,d,cross
2e10359a52c4c299,M6_temp_occupancy,1,e8f0bb32d5de2d24,M5_merge,0.017176,1
2e10359a52c4c299,M6_temp_occupancy,2,41e5d0a14afc65fe,M5_merge,0.018543,1
2e10359a52c4c299,M6_temp_occupancy,3,476bce23b3e638d5,M2_vehicle_crossing,0.035236,1
2e10359a52c4c299,M6_temp_occupancy,4,b1dab228a8902a1a,M5_merge,0.059152,1
2e10359a52c4c299,M6_temp_occupancy,5,c1332ddc8f341b8c,M5_merge,0.060145,1
6064f2415be71eba,M2_vehicle_crossing,1,534768c085f72923,M6_temp_occupancy,1e-06,1
6064f2415be71eba,M2_vehicle_crossing,2,8e8850bd484b4c94,M3_vru_crossing,0.00934,1
6064f2415be71eba,M2_vehicle_crossing,3,4c876e42879d5527,M5_merge,0.00934,1
6064f2415be71eba,M2_vehicle_crossing,4,f8c0a8cecce3a643,M3_vru_crossing,0.00934,1
6064f2415be71eba,M2_vehicle_crossing,5,585ffc8db08d83cd,M2_vehicle_crossing,0.00934,0
5618d078fc67e99f,M6_temp_occupancy,1,7ec53982d954fb89,M6_temp_occupancy,0.000929,0
5618d078fc67e99f,M6_temp_occupancy,2,8e1563974ac020a1,M6_temp_occupancy,0.002358,0
5618d078fc67e99f,M6_temp_occupancy,3,cfc120339602119,M4_cut_in,0.002358,1
5618d078fc67e99f,M6_temp_occupancy,4,b1bc03805735b4e4,M3_vru_crossing,0.002602,1
5618d078fc67e99f,M6_temp_occupancy,5,6c50f7bf6b8d17ee,M6_temp_occupancy,0.002602,0
fb6064f3ad03fffb,M1_lead_slow_stop,1,793ca3974b95f19e,M5_merge,0.0,1
fb6064f3ad03fffb,M1_lead_slow_stop,2,d1005ff0ae21f95d,M5_merge,0.0,1
fb6064f3ad03fffb,M1_lead_slow_stop,3,47b9320b31ab33ac,M4_cut_in,0.0,1
fb6064f3ad03fffb,M1_lead_slow_stop,4,bda923bbd61198da,M4_cut_in,0.0,1
fb6064f3ad03fffb,M1_lead_slow_stop,5,a0ba5287bfa5fa01,M6_temp_occupancy,0.0,1
3418ee634f3920df,M6_temp_occupancy,1,7c2ed9ab567e443f,M3_vru_crossing,0.0,1
3418ee634f3920df,M6_temp_occupancy,2,c757f0db71e9ac59,M2_vehicle_crossing,0.0,1
3418ee634f3920df,M6_temp_occupancy,3,9d2059d1b77947bc,M4_cut_in,0.0,1
3418ee634f3920df,M6_temp_occupancy,4,c1e9a535b80c7600,M5_merge,0.0,1
3418ee634f3920df,M6_temp_occupancy,5,26284a71f3345792,M2_vehicle_crossing,0.0,1
63eccbae339d909d,M3_vru_crossing,1,c4edbe4985f2d06d,M4_cut_in,0.04456,1
63eccbae339d909d,M3_vru_crossing,2,5c7ecedbcbb18b21,M5_merge,0.050849,1
63eccbae339d909d,M3_vru_crossing,3,61e1636e2ab9f43e,M1_lead_slow_stop,0.056952,1
63eccbae339d909d,M3_vru_crossing,4,b01112211aeddce1,M1_lead_slow_stop,0.058443,1
63eccbae339d909d,M3_vru_crossing,5,a0a7a5764d3e2c97,M1_lead_slow_stop,0.059489,1
8fe7e309e8650a73,M4_cut_in,1,bd7976b23815850c,M6_temp_occupancy,0.046646,1
8fe7e309e8650a73,M4_cut_in,2,cb86548c32715796,M1_lead_slow_stop,0.049315,1
8fe7e309e8650a73,M4_cut_in,3,bc30f1a4671b4030,M1_lead_slow_stop,0.049533,1
8fe7e309e8650a73,M4_cut_in,4,111da837fe570e37,M4_cut_in,0.049798,0
8fe7e309e8650a73,M4_cut_in,5,6e35ffca282009ab,M4_cut_in,0.054148,0
cb86548c32715796,M1_lead_slow_stop,1,ad89a673afcb15ef,M1_lead_slow_stop,0.017109,0
cb86548c32715796,M1_lead_slow_stop,2,bd7976b23815850c,M6_temp_occupancy,0.017845,1
cb86548c32715796,M1_lead_slow_stop,3,eeea7c01a12a8d7f,M4_cut_in,0.017929,1
cb86548c32715796,M1_lead_slow_stop,4,1a12220e6534c2e2,M5_merge,0.02391,1
cb86548c32715796,M1_lead_slow_stop,5,33baa7bec0df48e6,M6_temp_occupancy,0.024839,1
b1d458988d0b5eae,M1_lead_slow_stop,1,f1eead8948b039b3,M1_lead_slow_stop,0.003335,0
b1d458988d0b5eae,M1_lead_slow_stop,2,8f228d2e5a4fae1e,M1_lead_slow_stop,0.004414,0
b1d458988d0b5eae,M1_lead_slow_stop,3,af8d2b2e7bf74387,M1_lead_slow_stop,0.012662,0
b1d458988d0b5eae,M1_lead_slow_stop,4,46be633224ba688d,M1_lead_slow_stop,0.014016,0
b1d458988d0b5eae,M1_lead_slow_stop,5,94c25b4be74d177b,M1_lead_slow_stop,0.019636,0
61633963c7b2e131,M3_vru_crossing,1,fc2b51fef48a323,M3_vru_crossing,0.002032,0
61633963c7b2e131,M3_vru_crossing,2,b01112211aeddce1,M1_lead_slow_stop,0.033977,1
61633963c7b2e131,M3_vru_crossing,3,d1c30693ca04bbf4,M6_temp_occupancy,0.048686,1
61633963c7b2e131,M3_vru_crossing,4,a05540d6a0f4e3ab,M1_lead_slow_stop,0.053413,1
61633963c7b2e131,M3_vru_crossing,5,338402ef9081de8e,M5_merge,0.054828,1
555d8f939efafbb,M5_merge,1,8dfa61df6468c4b0,M3_vru_crossing,0.046526,1
555d8f939efafbb,M5_merge,2,ec1490e87d122e61,M4_cut_in,0.084752,1
555d8f939efafbb,M5_merge,3,2a15bffe9d0283a6,M2_vehicle_crossing,0.087653,1
555d8f939efafbb,M5_merge,4,582aae15098c3428,M2_vehicle_crossing,0.087937,1
555d8f939efafbb,M5_merge,5,7d68b3426a9bb6ad,M2_vehicle_crossing,0.089466,1
365017521542bd4f,M4_cut_in,1,793ca3974b95f19e,M5_merge,0.0,1
365017521542bd4f,M4_cut_in,2,d1005ff0ae21f95d,M5_merge,0.0,1
365017521542bd4f,M4_cut_in,3,47b9320b31ab33ac,M4_cut_in,0.0,0
365017521542bd4f,M4_cut_in,4,bda923bbd61198da,M4_cut_in,0.0,0
365017521542bd4f,M4_cut_in,5,a0ba5287bfa5fa01,M6_temp_occupancy,0.0,1
39e70c8ed6235491,M5_merge,1,1769632bbd68d1c1,M5_merge,0.003294,0
39e70c8ed6235491,M5_merge,2,39bd73db0d742122,M5_merge,0.003309,0
39e70c8ed6235491,M5_merge,3,5a9136943505a0c8,M4_cut_in,0.004707,1
39e70c8ed6235491,M5_merge,4,d81ce363e8e76181,M5_merge,0.013394,0
39e70c8ed6235491,M5_merge,5,9bfc9cb152799616,M5_merge,0.017082,0
c4a6a9720515bbc5,M2_vehicle_crossing,1,d70bd171d452a911,M6_temp_occupancy,0.007256,1
c4a6a9720515bbc5,M2_vehicle_crossing,2,a7bda27624b52639,M1_lead_slow_stop,0.009543,1
c4a6a9720515bbc5,M2_vehicle_crossing,3,58d55d4e683aa30c,M4_cut_in,0.011188,1
c4a6a9720515bbc5,M2_vehicle_crossing,4,1b7882c46e1bb5be,M6_temp_occupancy,0.015083,1
c4a6a9720515bbc5,M2_vehicle_crossing,5,e9e36d08e891398b,M3_vru_crossing,0.015144,1
831e9f7c915d9a33,M2_vehicle_crossing,1,86e25df75a6995f4,M1_lead_slow_stop,0.002226,1
831e9f7c915d9a33,M2_vehicle_crossing,2,7f159fbdf79377cf,M4_cut_in,0.002516,1
831e9f7c915d9a33,M2_vehicle_crossing,3,8191df8947207928,M1_lead_slow_stop,0.004165,1
831e9f7c915d9a33,M2_vehicle_crossing,4,31ae19fdb4f075ba,M5_merge,0.004782,1
831e9f7c915d9a33,M2_vehicle_crossing,5,612bd3de9ba8eb4b,M4_cut_in,0.005869,1
2657143ee43948be,M5_merge,1,8cc939e8a0e6cf,M5_merge,0.012261,0
2657143ee43948be,M5_merge,2,b51cd423385fd8c3,M4_cut_in,0.018447,1
2657143ee43948be,M5_merge,3,5e0002dca7244f07,M4_cut_in,0.019556,1
2657143ee43948be,M5_merge,4,e81d8e76f45369fd,M4_cut_in,0.019707,1
2657143ee43948be,M5_merge,5,834851971ef51d60,M6_temp_occupancy,0.021212,1
e17b50b6b8aba55b,M6_temp_occupancy,1,82db149ce5803678,M6_temp_occupancy,0.014752,0
e17b50b6b8aba55b,M6_temp_occupancy,2,1b7882c46e1bb5be,M6_temp_occupancy,0.0155,0
e17b50b6b8aba55b,M6_temp_occupancy,3,645144353bbfdecc,M2_vehicle_crossing,0.015833,1
e17b50b6b8aba55b,M6_temp_occupancy,4,c1829351929da04a,M2_vehicle_crossing,0.017127,1
e17b50b6b8aba55b,M6_temp_occupancy,5,5a375264f6e08467,M3_vru_crossing,0.017914,1
702634b51c1ddcf5,M6_temp_occupancy,1,5f76aca0e8d6d060,M6_temp_occupancy,0.0,0
702634b51c1ddcf5,M6_temp_occupancy,2,b18c133f146677a7,M2_vehicle_crossing,0.0,1
702634b51c1ddcf5,M6_temp_occupancy,3,b1bc03805735b4e4,M3_vru_crossing,0.0,1
702634b51c1ddcf5,M6_temp_occupancy,4,e765ea8a0b617a42,M3_vru_crossing,0.0,1
702634b51c1ddcf5,M6_temp_occupancy,5,a47da157cf1535bb,M4_cut_in,0.0,1
1e98bdb2802fdab1,M3_vru_crossing,1,ee8a56fbf694ea41,M4_cut_in,0.002028,1
1e98bdb2802fdab1,M3_vru_crossing,2,df00457ce0737194,M3_vru_crossing,0.00258,0
1e98bdb2802fdab1,M3_vru_crossing,3,9c8c3c7431089e90,M4_cut_in,0.003971,1
1e98bdb2802fdab1,M3_vru_crossing,4,68fd9de9ecd79093,M1_lead_slow_stop,0.004212,1
1e98bdb2802fdab1,M3_vru_crossing,5,270199473a16315,M2_vehicle_crossing,0.004645,1
762f088d61c4d918,M4_cut_in,1,7c2ed9ab567e443f,M3_vru_crossing,0.0,1
762f088d61c4d918,M4_cut_in,2,c757f0db71e9ac59,M2_vehicle_crossing,0.0,1
762f088d61c4d918,M4_cut_in,3,9d2059d1b77947bc,M4_cut_in,0.0,0
762f088d61c4d918,M4_cut_in,4,c1e9a535b80c7600,M5_merge,0.0,1
762f088d61c4d918,M4_cut_in,5,26284a71f3345792,M2_vehicle_crossing,0.0,1
ee768f89b03a5398,M5_merge,1,b44d525c54204290,M5_merge,0.052518,0
ee768f89b03a5398,M5_merge,2,a5cd3520be00add9,M5_merge,0.056409,0
ee768f89b03a5398,M5_merge,3,44b68799dbb7da70,M6_temp_occupancy,0.058391,1
ee768f89b03a5398,M5_merge,4,a33abe19dd2ad254,M5_merge,0.071447,0
ee768f89b03a5398,M5_merge,5,22ea9b030d395c39,M5_merge,0.071806,0
53aaa12123cda64d,M6_temp_occupancy,1,c7a26ee2a91219bc,M6_temp_occupancy,0.021762,0
53aaa12123cda64d,M6_temp_occupancy,2,7ec53982d954fb89,M6_temp_occupancy,0.023937,0
53aaa12123cda64d,M6_temp_occupancy,3,b167788c995cb07,M3_vru_crossing,0.024008,1
53aaa12123cda64d,M6_temp_occupancy,4,5618d078fc67e99f,M6_temp_occupancy,0.024866,0
53aaa12123cda64d,M6_temp_occupancy,5,cfc120339602119,M4_cut_in,0.027224,1
5ff2fe3e4c0d3691,M3_vru_crossing,1,305237d2a2712dd3,M1_lead_slow_stop,0.018212,1
5ff2fe3e4c0d3691,M3_vru_crossing,2,86e4585ee70fd316,M1_lead_slow_stop,0.018332,1
5ff2fe3e4c0d3691,M3_vru_crossing,3,2d25cf74c78398d6,M1_lead_slow_stop,0.018361,1
5ff2fe3e4c0d3691,M3_vru_crossing,4,16423aee2f237dfd,M1_lead_slow_stop,0.018368,1
5ff2fe3e4c0d3691,M3_vru_crossing,5,533ebc889bf91c14,M1_lead_slow_stop,0.018368,1
230e1123fe6c5ae0,M3_vru_crossing,1,febc54f23fd786b7,M3_vru_crossing,0.005492,0
230e1123fe6c5ae0,M3_vru_crossing,2,4a48386f6b1d24d5,M1_lead_slow_stop,0.01326,1
230e1123fe6c5ae0,M3_vru_crossing,3,2d25cf74c78398d6,M1_lead_slow_stop,0.013373,1
230e1123fe6c5ae0,M3_vru_crossing,4,1784b3c9084080c2,M1_lead_slow_stop,0.013382,1
230e1123fe6c5ae0,M3_vru_crossing,5,533ebc889bf91c14,M1_lead_slow_stop,0.013441,1
3f229274b2913801,M3_vru_crossing,1,77f8172643ca02de,M3_vru_crossing,0.0,0
3f229274b2913801,M3_vru_crossing,2,5457633fb7cfc786,M2_vehicle_crossing,0.002408,1
3f229274b2913801,M3_vru_crossing,3,e79fba949827442,M4_cut_in,0.002828,1
3f229274b2913801,M3_vru_crossing,4,315116b299899d4c,M4_cut_in,0.002864,1
3f229274b2913801,M3_vru_crossing,5,5b48eebb6ae9a031,M1_lead_slow_stop,0.002979,1
dfd9bef1399b05fe,M3_vru_crossing,1,ddb565dc089efb79,M3_vru_crossing,0.015625,0
dfd9bef1399b05fe,M3_vru_crossing,2,549511458b4973c3,M2_vehicle_crossing,0.050781,1
dfd9bef1399b05fe,M3_vru_crossing,3,818472857e729867,M3_vru_crossing,0.050781,0
dfd9bef1399b05fe,M3_vru_crossing,4,ea6d597b14182a4,M3_vru_crossing,0.050781,0
dfd9bef1399b05fe,M3_vru_crossing,5,9d2059d1b77947bc,M4_cut_in,0.050781,1
38c3cd000a1ba860,M2_vehicle_crossing,1,c4f810396985181f,M2_vehicle_crossing,0.009827,0
38c3cd000a1ba860,M2_vehicle_crossing,2,a2ca56f7b38e7242,M2_vehicle_crossing,0.01699,0
38c3cd000a1ba860,M2_vehicle_crossing,3,dc948f31a4fb002,M3_vru_crossing,0.021441,1
38c3cd000a1ba860,M2_vehicle_crossing,4,c7a26ee2a91219bc,M6_temp_occupancy,0.021539,1
38c3cd000a1ba860,M2_vehicle_crossing,5,e53427e70b8b956d,M6_temp_occupancy,0.023098,1
b1e5c3613f253cd6,M6_temp_occupancy,1,4c876e42879d5527,M5_merge,0.0,1
b1e5c3613f253cd6,M6_temp_occupancy,2,8e8850bd484b4c94,M3_vru_crossing,0.0,1
b1e5c3613f253cd6,M6_temp_occupancy,3,585ffc8db08d83cd,M2_vehicle_crossing,0.0,1
b1e5c3613f253cd6,M6_temp_occupancy,4,d952c66361dd6dd,M3_vru_crossing,0.0,1
b1e5c3613f253cd6,M6_temp_occupancy,5,fb142b6dfa344e7d,M6_temp_occupancy,0.0,0
e4248acdea6c8a04,M6_temp_occupancy,1,793ca3974b95f19e,M5_merge,0.0,1
e4248acdea6c8a04,M6_temp_occupancy,2,d1005ff0ae21f95d,M5_merge,0.0,1
e4248acdea6c8a04,M6_temp_occupancy,3,47b9320b31ab33ac,M4_cut_in,0.0,1
e4248acdea6c8a04,M6_temp_occupancy,4,bda923bbd61198da,M4_cut_in,0.0,1
e4248acdea6c8a04,M6_temp_occupancy,5,a0ba5287bfa5fa01,M6_temp_occupancy,0.0,0
f4f8114477b9d87,M6_temp_occupancy,1,79c076bb5b2087ca,M6_temp_occupancy,0.075421,0
f4f8114477b9d87,M6_temp_occupancy,2,a955a67397678653,M2_vehicle_crossing,0.080131,1
f4f8114477b9d87,M6_temp_occupancy,3,aff1b25771a6b4e5,M1_lead_slow_stop,0.088365,1
f4f8114477b9d87,M6_temp_occupancy,4,e527e1e12a9fdc28,M1_lead_slow_stop,0.102575,1
f4f8114477b9d87,M6_temp_occupancy,5,be42918ebd3fa0f0,M6_temp_occupancy,0.10412,0
1d5aa678fbcf98f7,M4_cut_in,1,19d0df1d5bb64120,M6_temp_occupancy,0.004454,1
1d5aa678fbcf98f7,M4_cut_in,2,887bd6aace8b75e9,M6_temp_occupancy,0.005171,1
1d5aa678fbcf98f7,M4_cut_in,3,793ca3974b95f19e,M5_merge,0.005511,1
1d5aa678fbcf98f7,M4_cut_in,4,a0ba5287bfa5fa01,M6_temp_occupancy,0.005511,1
1d5aa678fbcf98f7,M4_cut_in,5,3a6c26ba1a3aaad6,M4_cut_in,0.005511,0
df00457ce0737194,M3_vru_crossing,1,1e98bdb2802fdab1,M3_vru_crossing,0.00258,0
df00457ce0737194,M3_vru_crossing,2,ee8a56fbf694ea41,M4_cut_in,0.004607,1
df00457ce0737194,M3_vru_crossing,3,68fd9de9ecd79093,M1_lead_slow_stop,0.005974,1
df00457ce0737194,M3_vru_crossing,4,9c8c3c7431089e90,M4_cut_in,0.006184,1
df00457ce0737194,M3_vru_crossing,5,270199473a16315,M2_vehicle_crossing,0.007225,1
793ca3974b95f19e,M5_merge,1,d1005ff0ae21f95d,M5_merge,0.0,0
793ca3974b95f19e,M5_merge,2,47b9320b31ab33ac,M4_cut_in,0.0,1
793ca3974b95f19e,M5_merge,3,bda923bbd61198da,M4_cut_in,0.0,1
793ca3974b95f19e,M5_merge,4,a0ba5287bfa5fa01,M6_temp_occupancy,0.0,1
793ca3974b95f19e,M5_merge,5,3a6c26ba1a3aaad6,M4_cut_in,0.0,1
96a816b2f4b62e88,M1_lead_slow_stop,1,193973f267c0e3f8,M1_lead_slow_stop,0.067066,0
96a816b2f4b62e88,M1_lead_slow_stop,2,f804b2352d0791d2,M6_temp_occupancy,0.077278,1
96a816b2f4b62e88,M1_lead_slow_stop,3,4f19a78e73788325,M2_vehicle_crossing,0.092478,1
96a816b2f4b62e88,M1_lead_slow_stop,4,c68ab5161508001f,M1_lead_slow_stop,0.097637,0
96a816b2f4b62e88,M1_lead_slow_stop,5,e3b4e3f3a09617e4,M1_lead_slow_stop,0.098304,0
d1005ff0ae21f95d,M5_merge,1,793ca3974b95f19e,M5_merge,0.0,0
d1005ff0ae21f95d,M5_merge,2,47b9320b31ab33ac,M4_cut_in,0.0,1
d1005ff0ae21f95d,M5_merge,3,bda923bbd61198da,M4_cut_in,0.0,1
d1005ff0ae21f95d,M5_merge,4,a0ba5287bfa5fa01,M6_temp_occupancy,0.0,1
d1005ff0ae21f95d,M5_merge,5,3a6c26ba1a3aaad6,M4_cut_in,0.0,1
be42918ebd3fa0f0,M6_temp_occupancy,1,cd10d9c4e582dce2,M6_temp_occupancy,0.057836,0
be42918ebd3fa0f0,M6_temp_occupancy,2,320d7f0fddc558fb,M2_vehicle_crossing,0.059488,1
be42918ebd3fa0f0,M6_temp_occupancy,3,12c4604478212e7f,M4_cut_in,0.074982,1
be42918ebd3fa0f0,M6_temp_occupancy,4,cce2b45ecc9a9a23,M1_lead_slow_stop,0.077707,1
be42918ebd3fa0f0,M6_temp_occupancy,5,c710955bf6df9bd6,M5_merge,0.078893,1
549511458b4973c3,M2_vehicle_crossing,1,7c2ed9ab567e443f,M3_vru_crossing,0.0,1
549511458b4973c3,M2_vehicle_crossing,2,c757f0db71e9ac59,M2_vehicle_crossing,0.0,0
549511458b4973c3,M2_vehicle_crossing,3,9d2059d1b77947bc,M4_cut_in,0.0,1
549511458b4973c3,M2_vehicle_crossing,4,c1e9a535b80c7600,M5_merge,0.0,1
549511458b4973c3,M2_vehicle_crossing,5,26284a71f3345792,M2_vehicle_crossing,0.0,0
e43d8ba5feec2f4c,M5_merge,1,7c2ed9ab567e443f,M3_vru_crossing,0.00055,1
e43d8ba5feec2f4c,M5_merge,2,9d2059d1b77947bc,M4_cut_in,0.00055,1
e43d8ba5feec2f4c,M5_merge,3,c757f0db71e9ac59,M2_vehicle_crossing,0.00055,1
e43d8ba5feec2f4c,M5_merge,4,26284a71f3345792,M2_vehicle_crossing,0.00055,1
e43d8ba5feec2f4c,M5_merge,5,8bf5237dd38f68ae,M4_cut_in,0.00055,1
47b9320b31ab33ac,M4_cut_in,1,793ca3974b95f19e,M5_merge,0.0,1
47b9320b31ab33ac,M4_cut_in,2,d1005ff0ae21f95d,M5_merge,0.0,1
47b9320b31ab33ac,M4_cut_in,3,bda923bbd61198da,M4_cut_in,0.0,0
47b9320b31ab33ac,M4_cut_in,4,a0ba5287bfa5fa01,M6_temp_occupancy,0.0,1
47b9320b31ab33ac,M4_cut_in,5,3a6c26ba1a3aaad6,M4_cut_in,0.0,0
fe2d2a81d65a9c2d,M2_vehicle_crossing,1,dcfab9621bc1420,M4_cut_in,0.012006,1
fe2d2a81d65a9c2d,M2_vehicle_crossing,2,e03381a1e69875df,M5_merge,0.023438,1
fe2d2a81d65a9c2d,M2_vehicle_crossing,3,443c9fa41bef7e1c,M6_temp_occupancy,0.042969,1
fe2d2a81d65a9c2d,M2_vehicle_crossing,4,d7d4b8d47a368383,M5_merge,0.042969,1
fe2d2a81d65a9c2d,M2_vehicle_crossing,5,190944907e8617c0,M6_temp_occupancy,0.042969,1
818472857e729867,M3_vru_crossing,1,7c2ed9ab567e443f,M3_vru_crossing,0.0,0
818472857e729867,M3_vru_crossing,2,c757f0db71e9ac59,M2_vehicle_crossing,0.0,1
818472857e729867,M3_vru_crossing,3,9d2059d1b77947bc,M4_cut_in,0.0,1
818472857e729867,M3_vru_crossing,4,c1e9a535b80c7600,M5_merge,0.0,1
818472857e729867,M3_vru_crossing,5,26284a71f3345792,M2_vehicle_crossing,0.0,1
cdbe6aeb876ca6f8,M5_merge,1,6f94728ea8b0deba,M2_vehicle_crossing,0.007812,1
cdbe6aeb876ca6f8,M5_merge,2,793ca3974b95f19e,M5_merge,0.015625,0
cdbe6aeb876ca6f8,M5_merge,3,d1005ff0ae21f95d,M5_merge,0.015625,0
cdbe6aeb876ca6f8,M5_merge,4,47b9320b31ab33ac,M4_cut_in,0.015625,1
cdbe6aeb876ca6f8,M5_merge,5,3a6c26ba1a3aaad6,M4_cut_in,0.015625,1
675099d84cf0212,M4_cut_in,1,e8f0bb32d5de2d24,M5_merge,0.048745,1
675099d84cf0212,M4_cut_in,2,3b2734e62ea77e0b,M2_vehicle_crossing,0.0516,1
675099d84cf0212,M4_cut_in,3,476bce23b3e638d5,M2_vehicle_crossing,0.055518,1
675099d84cf0212,M4_cut_in,4,41e5d0a14afc65fe,M5_merge,0.059156,1
675099d84cf0212,M4_cut_in,5,2e10359a52c4c299,M6_temp_occupancy,0.065921,1
cccc1c64881dde01,M3_vru_crossing,1,374f7f515942ce08,M2_vehicle_crossing,0.0,1
cccc1c64881dde01,M3_vru_crossing,2,d864c4fbd40d6060,M6_temp_occupancy,0.0,1
cccc1c64881dde01,M3_vru_crossing,3,17c5c69ac611ac01,M6_temp_occupancy,0.00138,1
cccc1c64881dde01,M3_vru_crossing,4,227059f2f85c2a20,M2_vehicle_crossing,0.011719,1
cccc1c64881dde01,M3_vru_crossing,5,8bfeaae8e7475de2,M4_cut_in,0.015518,1
5f76aca0e8d6d060,M6_temp_occupancy,1,b18c133f146677a7,M2_vehicle_crossing,0.0,1
5f76aca0e8d6d060,M6_temp_occupancy,2,b1bc03805735b4e4,M3_vru_crossing,0.0,1
5f76aca0e8d6d060,M6_temp_occupancy,3,e765ea8a0b617a42,M3_vru_crossing,0.0,1
5f76aca0e8d6d060,M6_temp_occupancy,4,a47da157cf1535bb,M4_cut_in,0.0,1
5f76aca0e8d6d060,M6_temp_occupancy,5,6c50f7bf6b8d17ee,M6_temp_occupancy,0.0,0
6f94728ea8b0deba,M2_vehicle_crossing,1,cdbe6aeb876ca6f8,M5_merge,0.007812,1
6f94728ea8b0deba,M2_vehicle_crossing,2,793ca3974b95f19e,M5_merge,0.023438,1
6f94728ea8b0deba,M2_vehicle_crossing,3,d1005ff0ae21f95d,M5_merge,0.023438,1
6f94728ea8b0deba,M2_vehicle_crossing,4,47b9320b31ab33ac,M4_cut_in,0.023438,1
6f94728ea8b0deba,M2_vehicle_crossing,5,3a6c26ba1a3aaad6,M4_cut_in,0.023438,1
bda923bbd61198da,M4_cut_in,1,793ca3974b95f19e,M5_merge,0.0,1
bda923bbd61198da,M4_cut_in,2,d1005ff0ae21f95d,M5_merge,0.0,1
bda923bbd61198da,M4_cut_in,3,47b9320b31ab33ac,M4_cut_in,0.0,0
bda923bbd61198da,M4_cut_in,4,a0ba5287bfa5fa01,M6_temp_occupancy,0.0,1
bda923bbd61198da,M4_cut_in,5,3a6c26ba1a3aaad6,M4_cut_in,0.0,0
4c876e42879d5527,M5_merge,1,8e8850bd484b4c94,M3_vru_crossing,0.0,1
4c876e42879d5527,M5_merge,2,585ffc8db08d83cd,M2_vehicle_crossing,0.0,1
4c876e42879d5527,M5_merge,3,d952c66361dd6dd,M3_vru_crossing,0.0,1
4c876e42879d5527,M5_merge,4,fb142b6dfa344e7d,M6_temp_occupancy,0.0,1
4c876e42879d5527,M5_merge,5,f47f7ad1c8fc8e29,M3_vru_crossing,0.0,1
3201e0ad7075dd38,M2_vehicle_crossing,1,98915e2ef682a0ad,M2_vehicle_crossing,0.050693,0
3201e0ad7075dd38,M2_vehicle_crossing,2,a70f5b2aa2077f39,M1_lead_slow_stop,0.06769,1
3201e0ad7075dd38,M2_vehicle_crossing,3,f7d61c994f5c773,M3_vru_crossing,0.074077,1
3201e0ad7075dd38,M2_vehicle_crossing,4,a85bb8c9decfce02,M2_vehicle_crossing,0.075689,0
3201e0ad7075dd38,M2_vehicle_crossing,5,3921421d5571f009,M6_temp_occupancy,0.079484,1
a0a7a5764d3e2c97,M1_lead_slow_stop,1,62bad9e61da6dc44,M1_lead_slow_stop,0.010785,0
a0a7a5764d3e2c97,M1_lead_slow_stop,2,6e1e3cbc291ef7,M1_lead_slow_stop,0.016288,0
a0a7a5764d3e2c97,M1_lead_slow_stop,3,94c25b4be74d177b,M1_lead_slow_stop,0.020434,0
a0a7a5764d3e2c97,M1_lead_slow_stop,4,b01112211aeddce1,M1_lead_slow_stop,0.022382,0
a0a7a5764d3e2c97,M1_lead_slow_stop,5,af8d2b2e7bf74387,M1_lead_slow_stop,0.028047,0
7d68b3426a9bb6ad,M2_vehicle_crossing,1,22b89ada4ddaaa3e,M5_merge,0.000375,1
7d68b3426a9bb6ad,M2_vehicle_crossing,2,6646d8a4c3d41f86,M5_merge,0.002305,1
7d68b3426a9bb6ad,M2_vehicle_crossing,3,38fc99d2b91ace4f,M2_vehicle_crossing,0.004317,0
7d68b3426a9bb6ad,M2_vehicle_crossing,4,59a52add08359a02,M4_cut_in,0.004576,1
7d68b3426a9bb6ad,M2_vehicle_crossing,5,582aae15098c3428,M2_vehicle_crossing,0.005524,0
799ff247470c3549,M2_vehicle_crossing,1,7deccdd519c13352,M2_vehicle_crossing,0.016461,0
799ff247470c3549,M2_vehicle_crossing,2,ab90c99c62ce9388,M2_vehicle_crossing,0.040591,0
799ff247470c3549,M2_vehicle_crossing,3,e8f0bb32d5de2d24,M5_merge,0.066397,1
799ff247470c3549,M2_vehicle_crossing,4,a3b3a764aab8ba8f,M1_lead_slow_stop,0.066975,1
799ff247470c3549,M2_vehicle_crossing,5,627c9e858445e526,M2_vehicle_crossing,0.07089,0
7a54acbbcff5c08e,M3_vru_crossing,1,92fac5998e2feef1,M1_lead_slow_stop,0.0115,1
7a54acbbcff5c08e,M3_vru_crossing,2,593b60d37e0756a3,M1_lead_slow_stop,0.014705,1
7a54acbbcff5c08e,M3_vru_crossing,3,4d6038940863ff85,M2_vehicle_crossing,0.015532,1
7a54acbbcff5c08e,M3_vru_crossing,4,48176b7209253062,M1_lead_slow_stop,0.016271,1
7a54acbbcff5c08e,M3_vru_crossing,5,f2abf57c98faabf3,M1_lead_slow_stop,0.018343,1
cd10d9c4e582dce2,M6_temp_occupancy,1,be42918ebd3fa0f0,M6_temp_occupancy,0.057836,0
cd10d9c4e582dce2,M6_temp_occupancy,2,ba35d3e87e11a4f4,M5_merge,0.074258,1
cd10d9c4e582dce2,M6_temp_occupancy,3,61e1636e2ab9f43e,M1_lead_slow_stop,0.075198,1
cd10d9c4e582dce2,M6_temp_occupancy,4,f5cf95b720b572f9,M6_temp_occupancy,0.078442,0
cd10d9c4e582dce2,M6_temp_occupancy,5,c99507df4ad4899,M1_lead_slow_stop,0.079098,1
a0ba5287bfa5fa01,M6_temp_occupancy,1,793ca3974b95f19e,M5_merge,0.0,1
a0ba5287bfa5fa01,M6_temp_occupancy,2,d1005ff0ae21f95d,M5_merge,0.0,1
a0ba5287bfa5fa01,M6_temp_occupancy,3,47b9320b31ab33ac,M4_cut_in,0.0,1
a0ba5287bfa5fa01,M6_temp_occupancy,4,bda923bbd61198da,M4_cut_in,0.0,1
a0ba5287bfa5fa01,M6_temp_occupancy,5,3a6c26ba1a3aaad6,M4_cut_in,0.0,1
949fd82d6e44a34d,M2_vehicle_crossing,1,363faaa196b74966,M2_vehicle_crossing,0.004663,0
949fd82d6e44a34d,M2_vehicle_crossing,2,ec1490e87d122e61,M4_cut_in,0.005994,1
949fd82d6e44a34d,M2_vehicle_crossing,3,eaddb9cfd4bdee3,M6_temp_occupancy,0.020832,1
949fd82d6e44a34d,M2_vehicle_crossing,4,529d0c9664dabfba,M4_cut_in,0.029613,1
949fd82d6e44a34d,M2_vehicle_crossing,5,8589a58aaa319e10,M6_temp_occupancy,0.031804,1
56ccc5750f15ed5f,M1_lead_slow_stop,1,e527e1e12a9fdc28,M1_lead_slow_stop,0.05563,0
56ccc5750f15ed5f,M1_lead_slow_stop,2,3392709446e04b2e,M3_vru_crossing,0.076534,1
56ccc5750f15ed5f,M1_lead_slow_stop,3,9928daa89a7f867b,M1_lead_slow_stop,0.092133,0
56ccc5750f15ed5f,M1_lead_slow_stop,4,a955a67397678653,M2_vehicle_crossing,0.102104,1
56ccc5750f15ed5f,M1_lead_slow_stop,5,22a1e427c28a77ad,M3_vru_crossing,0.105082,1
3a6c26ba1a3aaad6,M4_cut_in,1,793ca3974b95f19e,M5_merge,0.0,1
3a6c26ba1a3aaad6,M4_cut_in,2,d1005ff0ae21f95d,M5_merge,0.0,1
3a6c26ba1a3aaad6,M4_cut_in,3,47b9320b31ab33ac,M4_cut_in,0.0,0
3a6c26ba1a3aaad6,M4_cut_in,4,bda923bbd61198da,M4_cut_in,0.0,0
3a6c26ba1a3aaad6,M4_cut_in,5,a0ba5287bfa5fa01,M6_temp_occupancy,0.0,1
cd8a838bce665a70,M2_vehicle_crossing,1,793ca3974b95f19e,M5_merge,0.0,1
cd8a838bce665a70,M2_vehicle_crossing,2,d1005ff0ae21f95d,M5_merge,0.0,1
cd8a838bce665a70,M2_vehicle_crossing,3,47b9320b31ab33ac,M4_cut_in,0.0,1
cd8a838bce665a70,M2_vehicle_crossing,4,bda923bbd61198da,M4_cut_in,0.0,1
cd8a838bce665a70,M2_vehicle_crossing,5,a0ba5287bfa5fa01,M6_temp_occupancy,0.0,1
b18c133f146677a7,M2_vehicle_crossing,1,5f76aca0e8d6d060,M6_temp_occupancy,0.0,1
b18c133f146677a7,M2_vehicle_crossing,2,b1bc03805735b4e4,M3_vru_crossing,0.0,1
b18c133f146677a7,M2_vehicle_crossing,3,e765ea8a0b617a42,M3_vru_crossing,0.0,1
b18c133f146677a7,M2_vehicle_crossing,4,a47da157cf1535bb,M4_cut_in,0.0,1
b18c133f146677a7,M2_vehicle_crossing,5,6c50f7bf6b8d17ee,M6_temp_occupancy,0.0,1
90059d0f51151747,M1_lead_slow_stop,1,5c7ecedbcbb18b21,M5_merge,0.020516,1
90059d0f51151747,M1_lead_slow_stop,2,c4edbe4985f2d06d,M4_cut_in,0.022794,1
90059d0f51151747,M1_lead_slow_stop,3,d1d63331ff4d4642,M1_lead_slow_stop,0.025182,0
90059d0f51151747,M1_lead_slow_stop,4,39e70c8ed6235491,M5_merge,0.025662,1
90059d0f51151747,M1_lead_slow_stop,5,1769632bbd68d1c1,M5_merge,0.026461,1
12b591f1cf3a512f,M5_merge,1,5457633fb7cfc786,M2_vehicle_crossing,0.003447,1
12b591f1cf3a512f,M5_merge,2,5401f9f7a98e3b87,M1_lead_slow_stop,0.003919,1
12b591f1cf3a512f,M5_merge,3,76c55e81fb37f2ac,M3_vru_crossing,0.003955,1
12b591f1cf3a512f,M5_merge,4,3c63c09d67c69f10,M6_temp_occupancy,0.004652,1
12b591f1cf3a512f,M5_merge,5,ada91b10b7953974,M3_vru_crossing,0.004766,1
61e1636e2ab9f43e,M1_lead_slow_stop,1,c4edbe4985f2d06d,M4_cut_in,0.04717,1
61e1636e2ab9f43e,M1_lead_slow_stop,2,5c7ecedbcbb18b21,M5_merge,0.052566,1
61e1636e2ab9f43e,M1_lead_slow_stop,3,63eccbae339d909d,M3_vru_crossing,0.056952,1
61e1636e2ab9f43e,M1_lead_slow_stop,4,90059d0f51151747,M1_lead_slow_stop,0.058318,0
61e1636e2ab9f43e,M1_lead_slow_stop,5,d1d63331ff4d4642,M1_lead_slow_stop,0.061721,0
ee651f48b99ac793,M3_vru_crossing,1,52a0f8dd9925ef2f,M5_merge,0.031086,1
ee651f48b99ac793,M3_vru_crossing,2,d37498e9d40b6473,M1_lead_slow_stop,0.032523,1
ee651f48b99ac793,M3_vru_crossing,3,a766c68d1e0bfa43,M1_lead_slow_stop,0.033973,1
ee651f48b99ac793,M3_vru_crossing,4,78b920001b48881d,M5_merge,0.035955,1
ee651f48b99ac793,M3_vru_crossing,5,d63a72ef3cd6a570,M1_lead_slow_stop,0.040093,1
c65883931103e25c,M3_vru_crossing,1,ae672ec38ffe80b5,M1_lead_slow_stop,0.003343,1
c65883931103e25c,M3_vru_crossing,2,be509a6ffaaa9637,M6_temp_occupancy,0.006523,1
c65883931103e25c,M3_vru_crossing,3,19847cdf4ebaa222,M3_vru_crossing,0.006703,0
c65883931103e25c,M3_vru_crossing,4,2bc410d4ce756f24,M3_vru_crossing,0.009095,0
c65883931103e25c,M3_vru_crossing,5,5e421c535134053,M3_vru_crossing,0.009998,0
f804b2352d0791d2,M6_temp_occupancy,1,4f663890025eab46,M6_temp_occupancy,0.053763,0
f804b2352d0791d2,M6_temp_occupancy,2,d27136ce55af0d05,M6_temp_occupancy,0.055879,0
f804b2352d0791d2,M6_temp_occupancy,3,96a816b2f4b62e88,M1_lead_slow_stop,0.077278,1
f804b2352d0791d2,M6_temp_occupancy,4,376bec12f4590827,M2_vehicle_crossing,0.110408,1
f804b2352d0791d2,M6_temp_occupancy,5,193973f267c0e3f8,M1_lead_slow_stop,0.111801,1
12c4604478212e7f,M4_cut_in,1,cce2b45ecc9a9a23,M1_lead_slow_stop,0.01192,1
12c4604478212e7f,M4_cut_in,2,d6619d51e2a9cb2e,M1_lead_slow_stop,0.016674,1
12c4604478212e7f,M4_cut_in,3,8191df8947207928,M1_lead_slow_stop,0.020647,1
12c4604478212e7f,M4_cut_in,4,9f4270ce0aa3f8c3,M5_merge,0.020854,1
12c4604478212e7f,M4_cut_in,5,8cb51d6f77603a9b,M5_merge,0.021328,1
c757f0db71e9ac59,M2_vehicle_crossing,1,7c2ed9ab567e443f,M3_vru_crossing,0.0,1
c757f0db71e9ac59,M2_vehicle_crossing,2,9d2059d1b77947bc,M4_cut_in,0.0,1
c757f0db71e9ac59,M2_vehicle_crossing,3,c1e9a535b80c7600,M5_merge,0.0,1
c757f0db71e9ac59,M2_vehicle_crossing,4,26284a71f3345792,M2_vehicle_crossing,0.0,0
c757f0db71e9ac59,M2_vehicle_crossing,5,86ea7ff0250ae8b2,M6_temp_occupancy,0.0,1
1650ec864aa4a2fe,M4_cut_in,1,79408bcec5803f6a,M5_merge,0.000434,1
1650ec864aa4a2fe,M4_cut_in,2,1fb56b3dc02f219,M5_merge,0.003131,1
1650ec864aa4a2fe,M4_cut_in,3,7ea9286f24b35ce,M5_merge,0.003384,1
1650ec864aa4a2fe,M4_cut_in,4,6e1eda0e7ef91e27,M5_merge,0.004368,1
1650ec864aa4a2fe,M4_cut_in,5,b080b8a75de6f465,M5_merge,0.004411,1
1b7882c46e1bb5be,M6_temp_occupancy,1,82db149ce5803678,M6_temp_occupancy,0.012246,0
1b7882c46e1bb5be,M6_temp_occupancy,2,645144353bbfdecc,M2_vehicle_crossing,0.014231,1
1b7882c46e1bb5be,M6_temp_occupancy,3,c4a6a9720515bbc5,M2_vehicle_crossing,0.015083,1
1b7882c46e1bb5be,M6_temp_occupancy,4,e17b50b6b8aba55b,M6_temp_occupancy,0.0155,0
1b7882c46e1bb5be,M6_temp_occupancy,5,e9e36d08e891398b,M3_vru_crossing,0.017759,1
8f0d9def6f4a1228,M4_cut_in,1,78b920001b48881d,M5_merge,0.035749,1
8f0d9def6f4a1228,M4_cut_in,2,ee651f48b99ac793,M3_vru_crossing,0.059923,1
8f0d9def6f4a1228,M4_cut_in,3,d257c85a10d5395,M3_vru_crossing,0.06876,1
8f0d9def6f4a1228,M4_cut_in,4,52a0f8dd9925ef2f,M5_merge,0.072038,1
8f0d9def6f4a1228,M4_cut_in,5,374f7f515942ce08,M2_vehicle_crossing,0.072277,1
d7d4b8d47a368383,M5_merge,1,793ca3974b95f19e,M5_merge,0.0,0
d7d4b8d47a368383,M5_merge,2,d1005ff0ae21f95d,M5_merge,0.0,0
d7d4b8d47a368383,M5_merge,3,47b9320b31ab33ac,M4_cut_in,0.0,1
d7d4b8d47a368383,M5_merge,4,bda923bbd61198da,M4_cut_in,0.0,1
d7d4b8d47a368383,M5_merge,5,a0ba5287bfa5fa01,M6_temp_occupancy,0.0,1
aab6b95a0fb95b9f,M4_cut_in,1,2f062e60ee68c1a5,M5_merge,0.016944,1
aab6b95a0fb95b9f,M4_cut_in,2,7ea9286f24b35ce,M5_merge,0.017106,1
aab6b95a0fb95b9f,M4_cut_in,3,36b6d206313b0dc2,M2_vehicle_crossing,0.017896,1
aab6b95a0fb95b9f,M4_cut_in,4,9bfc9cb152799616,M5_merge,0.019664,1
aab6b95a0fb95b9f,M4_cut_in,5,79408bcec5803f6a,M5_merge,0.020149,1
c99507df4ad4899,M1_lead_slow_stop,1,61e1636e2ab9f43e,M1_lead_slow_stop,0.068623,0
c99507df4ad4899,M1_lead_slow_stop,2,cd10d9c4e582dce2,M6_temp_occupancy,0.079098,1
c99507df4ad4899,M1_lead_slow_stop,3,c68ab5161508001f,M1_lead_slow_stop,0.080436,0
c99507df4ad4899,M1_lead_slow_stop,4,c4edbe4985f2d06d,M4_cut_in,0.081879,1
c99507df4ad4899,M1_lead_slow_stop,5,5c7ecedbcbb18b21,M5_merge,0.085474,1
92fac5998e2feef1,M1_lead_slow_stop,1,593b60d37e0756a3,M1_lead_slow_stop,0.008299,0
92fac5998e2feef1,M1_lead_slow_stop,2,48176b7209253062,M1_lead_slow_stop,0.009866,0
92fac5998e2feef1,M1_lead_slow_stop,3,7a54acbbcff5c08e,M3_vru_crossing,0.0115,1
92fac5998e2feef1,M1_lead_slow_stop,4,f2abf57c98faabf3,M1_lead_slow_stop,0.011938,0
92fac5998e2feef1,M1_lead_slow_stop,5,c36348cd92f7095b,M1_lead_slow_stop,0.012134,0
533ebc889bf91c14,M1_lead_slow_stop,1,16423aee2f237dfd,M1_lead_slow_stop,0.0,0
533ebc889bf91c14,M1_lead_slow_stop,2,2d25cf74c78398d6,M1_lead_slow_stop,7.3e-05,0
533ebc889bf91c14,M1_lead_slow_stop,3,1784b3c9084080c2,M1_lead_slow_stop,0.000371,0
533ebc889bf91c14,M1_lead_slow_stop,4,4a48386f6b1d24d5,M1_lead_slow_stop,0.000874,0
533ebc889bf91c14,M1_lead_slow_stop,5,b06bfeb1c578e77,M1_lead_slow_stop,0.000988,0
624d07c6cf70dc90,M4_cut_in,1,a530b3c1fbc880a3,M4_cut_in,0.028881,0
624d07c6cf70dc90,M4_cut_in,2,11baee9e26708b28,M2_vehicle_crossing,0.074998,1
624d07c6cf70dc90,M4_cut_in,3,f36d556878508d27,M5_merge,0.080508,1
624d07c6cf70dc90,M4_cut_in,4,5c7ecedbcbb18b21,M5_merge,0.081462,1
624d07c6cf70dc90,M4_cut_in,5,4c66a1ff494d0326,M5_merge,0.081591,1
c1e9a535b80c7600,M5_merge,1,7c2ed9ab567e443f,M3_vru_crossing,0.0,1
c1e9a535b80c7600,M5_merge,2,c757f0db71e9ac59,M2_vehicle_crossing,0.0,1
c1e9a535b80c7600,M5_merge,3,9d2059d1b77947bc,M4_cut_in,0.0,1
c1e9a535b80c7600,M5_merge,4,26284a71f3345792,M2_vehicle_crossing,0.0,1
c1e9a535b80c7600,M5_merge,5,86ea7ff0250ae8b2,M6_temp_occupancy,0.0,1
e00e8f2f8643f2e,M4_cut_in,1,5e0002dca7244f07,M4_cut_in,0.011719,0
e00e8f2f8643f2e,M4_cut_in,2,a33abe19dd2ad254,M5_merge,0.016227,1
e00e8f2f8643f2e,M4_cut_in,3,e81d8e76f45369fd,M4_cut_in,0.017587,0
e00e8f2f8643f2e,M4_cut_in,4,5f9a42f8298a9eea,M5_merge,0.019531,1
e00e8f2f8643f2e,M4_cut_in,5,179359c3a28d98bc,M4_cut_in,0.019531,0
1769632bbd68d1c1,M5_merge,1,39bd73db0d742122,M5_merge,1.5e-05,0
1769632bbd68d1c1,M5_merge,2,39e70c8ed6235491,M5_merge,0.003294,0
1769632bbd68d1c1,M5_merge,3,5a9136943505a0c8,M4_cut_in,0.008001,1
1769632bbd68d1c1,M5_merge,4,d81ce363e8e76181,M5_merge,0.0101,0
1769632bbd68d1c1,M5_merge,5,9bfc9cb152799616,M5_merge,0.013789,0
e765ea8a0b617a42,M3_vru_crossing,1,5f76aca0e8d6d060,M6_temp_occupancy,0.0,1
e765ea8a0b617a42,M3_vru_crossing,2,b18c133f146677a7,M2_vehicle_crossing,0.0,1
e765ea8a0b617a42,M3_vru_crossing,3,b1bc03805735b4e4,M3_vru_crossing,0.0,0
e765ea8a0b617a42,M3_vru_crossing,4,a47da157cf1535bb,M4_cut_in,0.0,1
e765ea8a0b617a42,M3_vru_crossing,5,6c50f7bf6b8d17ee,M6_temp_occupancy,0.0,1
76c55e81fb37f2ac,M3_vru_crossing,1,3c63c09d67c69f10,M6_temp_occupancy,0.002124,1
76c55e81fb37f2ac,M3_vru_crossing,2,5457633fb7cfc786,M2_vehicle_crossing,0.003359,1
76c55e81fb37f2ac,M3_vru_crossing,3,12b591f1cf3a512f,M5_merge,0.003955,1
76c55e81fb37f2ac,M3_vru_crossing,4,2691891bbf109269,M4_cut_in,0.004254,1
76c55e81fb37f2ac,M3_vru_crossing,5,e79fba949827442,M4_cut_in,0.004493,1
9d2059d1b77947bc,M4_cut_in,1,7c2ed9ab567e443f,M3_vru_crossing,0.0,1
9d2059d1b77947bc,M4_cut_in,2,c757f0db71e9ac59,M2_vehicle_crossing,0.0,1
9d2059d1b77947bc,M4_cut_in,3,c1e9a535b80c7600,M5_merge,0.0,1
9d2059d1b77947bc,M4_cut_in,4,26284a71f3345792,M2_vehicle_crossing,0.0,1
9d2059d1b77947bc,M4_cut_in,5,86ea7ff0250ae8b2,M6_temp_occupancy,0.0,1
563d70d87bbc465b,M6_temp_occupancy,1,8589a58aaa319e10,M6_temp_occupancy,0.041251,0
563d70d87bbc465b,M6_temp_occupancy,2,16204a7755094bb7,M6_temp_occupancy,0.041251,0
563d70d87bbc465b,M6_temp_occupancy,3,c1332ddc8f341b8c,M5_merge,0.051081,1
563d70d87bbc465b,M6_temp_occupancy,4,ca571aa786fe0edc,M3_vru_crossing,0.05133,1
563d70d87bbc465b,M6_temp_occupancy,5,7adf4f9685f36ea6,M5_merge,0.05237,1
1d083ebbbe36e48d,M4_cut_in,1,c66a695593bbb676,M3_vru_crossing,0.02821,1
1d083ebbbe36e48d,M4_cut_in,2,d1874810bd087f05,M2_vehicle_crossing,0.02996,1
1d083ebbbe36e48d,M4_cut_in,3,6b6f521ecacbd19f,M3_vru_crossing,0.032764,1
1d083ebbbe36e48d,M4_cut_in,4,d58bbf57267f9fab,M4_cut_in,0.033985,0
1d083ebbbe36e48d,M4_cut_in,5,19847cdf4ebaa222,M3_vru_crossing,0.034181,1
e0849e47fc78ca2a,M1_lead_slow_stop,1,c0b0cf92f425dd27,M4_cut_in,0.015012,1
e0849e47fc78ca2a,M1_lead_slow_stop,2,8387e91c8d9ef4e5,M1_lead_slow_stop,0.021787,0
e0849e47fc78ca2a,M1_lead_slow_stop,3,ba626816eab28971,M2_vehicle_crossing,0.027904,1
e0849e47fc78ca2a,M1_lead_slow_stop,4,d63a72ef3cd6a570,M1_lead_slow_stop,0.028206,0
e0849e47fc78ca2a,M1_lead_slow_stop,5,88d928bedcb34c09,M4_cut_in,0.035672,1
f638d14064c977ac,M1_lead_slow_stop,1,b1dab228a8902a1a,M5_merge,0.088627,1
f638d14064c977ac,M1_lead_slow_stop,2,4c66a1ff494d0326,M5_merge,0.090535,1
f638d14064c977ac,M1_lead_slow_stop,3,a3b3a764aab8ba8f,M1_lead_slow_stop,0.098204,0
f638d14064c977ac,M1_lead_slow_stop,4,c1332ddc8f341b8c,M5_merge,0.103128,1
f638d14064c977ac,M1_lead_slow_stop,5,624d07c6cf70dc90,M4_cut_in,0.111256,1
6e1eda0e7ef91e27,M5_merge,1,b080b8a75de6f465,M5_merge,0.000232,0
6e1eda0e7ef91e27,M5_merge,2,1fb56b3dc02f219,M5_merge,0.001415,0
6e1eda0e7ef91e27,M5_merge,3,1650ec864aa4a2fe,M4_cut_in,0.004368,1
6e1eda0e7ef91e27,M5_merge,4,79408bcec5803f6a,M5_merge,0.004548,0
6e1eda0e7ef91e27,M5_merge,5,31ae19fdb4f075ba,M5_merge,0.004876,0
b1bc03805735b4e4,M3_vru_crossing,1,5f76aca0e8d6d060,M6_temp_occupancy,0.0,1
b1bc03805735b4e4,M3_vru_crossing,2,b18c133f146677a7,M2_vehicle_crossing,0.0,1
b1bc03805735b4e4,M3_vru_crossing,3,e765ea8a0b617a42,M3_vru_crossing,0.0,0
b1bc03805735b4e4,M3_vru_crossing,4,a47da157cf1535bb,M4_cut_in,0.0,1
b1bc03805735b4e4,M3_vru_crossing,5,6c50f7bf6b8d17ee,M6_temp_occupancy,0.0,1
612bd3de9ba8eb4b,M4_cut_in,1,31ae19fdb4f075ba,M5_merge,0.004048,1
612bd3de9ba8eb4b,M4_cut_in,2,7f159fbdf79377cf,M4_cut_in,0.005265,0
612bd3de9ba8eb4b,M4_cut_in,3,a568f52e21a784d9,M5_merge,0.005636,1
612bd3de9ba8eb4b,M4_cut_in,4,887bd6aace8b75e9,M6_temp_occupancy,0.005777,1
612bd3de9ba8eb4b,M4_cut_in,5,831e9f7c915d9a33,M2_vehicle_crossing,0.005869,1
190944907e8617c0,M6_temp_occupancy,1,793ca3974b95f19e,M5_merge,0.0,1
190944907e8617c0,M6_temp_occupancy,2,d1005ff0ae21f95d,M5_merge,0.0,1
190944907e8617c0,M6_temp_occupancy,3,47b9320b31ab33ac,M4_cut_in,0.0,1
190944907e8617c0,M6_temp_occupancy,4,bda923bbd61198da,M4_cut_in,0.0,1
190944907e8617c0,M6_temp_occupancy,5,a0ba5287bfa5fa01,M6_temp_occupancy,0.0,0
4ef7d4e590e80eef,M3_vru_crossing,1,d1874810bd087f05,M2_vehicle_crossing,0.006477,1
4ef7d4e590e80eef,M3_vru_crossing,2,6b6f521ecacbd19f,M3_vru_crossing,0.009649,0
4ef7d4e590e80eef,M3_vru_crossing,3,d58bbf57267f9fab,M4_cut_in,0.010821,1
4ef7d4e590e80eef,M3_vru_crossing,4,58d55d4e683aa30c,M4_cut_in,0.01257,1
4ef7d4e590e80eef,M3_vru_crossing,5,2bc410d4ce756f24,M3_vru_crossing,0.015109,0
26284a71f3345792,M2_vehicle_crossing,1,7c2ed9ab567e443f,M3_vru_crossing,0.0,1
26284a71f3345792,M2_vehicle_crossing,2,c757f0db71e9ac59,M2_vehicle_crossing,0.0,0
26284a71f3345792,M2_vehicle_crossing,3,9d2059d1b77947bc,M4_cut_in,0.0,1
26284a71f3345792,M2_vehicle_crossing,4,c1e9a535b80c7600,M5_merge,0.0,1
26284a71f3345792,M2_vehicle_crossing,5,86ea7ff0250ae8b2,M6_temp_occupancy,0.0,1
2b77998b1f344810,M1_lead_slow_stop,1,8cc706db611c60f3,M1_lead_slow_stop,0.039508,0
2b77998b1f344810,M1_lead_slow_stop,2,865973078bb706b1,M5_merge,0.07761,1
2b77998b1f344810,M1_lead_slow_stop,3,d709fe4d4c483cf2,M5_merge,0.081516,1
2b77998b1f344810,M1_lead_slow_stop,4,17c5c69ac611ac01,M6_temp_occupancy,0.091855,1
2b77998b1f344810,M1_lead_slow_stop,5,d864c4fbd40d6060,M6_temp_occupancy,0.093235,1
305237d2a2712dd3,M1_lead_slow_stop,1,4a48386f6b1d24d5,M1_lead_slow_stop,0.00135,0
305237d2a2712dd3,M1_lead_slow_stop,2,1784b3c9084080c2,M1_lead_slow_stop,0.001593,0
305237d2a2712dd3,M1_lead_slow_stop,3,86e4585ee70fd316,M1_lead_slow_stop,0.001719,0
305237d2a2712dd3,M1_lead_slow_stop,4,2d25cf74c78398d6,M1_lead_slow_stop,0.001872,0
305237d2a2712dd3,M1_lead_slow_stop,5,16423aee2f237dfd,M1_lead_slow_stop,0.001932,0
c189f693c5a3b02a,M3_vru_crossing,1,44b65a5c4f3c07ed,M2_vehicle_crossing,0.106798,1
c189f693c5a3b02a,M3_vru_crossing,2,f804b2352d0791d2,M6_temp_occupancy,0.111973,1
c189f693c5a3b02a,M3_vru_crossing,3,d27136ce55af0d05,M6_temp_occupancy,0.118832,1
c189f693c5a3b02a,M3_vru_crossing,4,511061c17dcf9cfd,M3_vru_crossing,0.121572,0
c189f693c5a3b02a,M3_vru_crossing,5,4f663890025eab46,M6_temp_occupancy,0.126738,1
124d7f59135f20a5,M6_temp_occupancy,1,793ca3974b95f19e,M5_merge,0.0,1
124d7f59135f20a5,M6_temp_occupancy,2,d1005ff0ae21f95d,M5_merge,0.0,1
124d7f59135f20a5,M6_temp_occupancy,3,47b9320b31ab33ac,M4_cut_in,0.0,1
124d7f59135f20a5,M6_temp_occupancy,4,bda923bbd61198da,M4_cut_in,0.0,1
124d7f59135f20a5,M6_temp_occupancy,5,a0ba5287bfa5fa01,M6_temp_occupancy,0.0,0
78b120a22bfd9f46,M4_cut_in,1,5f76aca0e8d6d060,M6_temp_occupancy,0.0,1
78b120a22bfd9f46,M4_cut_in,2,b18c133f146677a7,M2_vehicle_crossing,0.0,1
78b120a22bfd9f46,M4_cut_in,3,b1bc03805735b4e4,M3_vru_crossing,0.0,1
78b120a22bfd9f46,M4_cut_in,4,e765ea8a0b617a42,M3_vru_crossing,0.0,1
78b120a22bfd9f46,M4_cut_in,5,a47da157cf1535bb,M4_cut_in,0.0,0
9c08d46cf7d1aaaa,M1_lead_slow_stop,1,89a5c1dd7b5e34e2,M1_lead_slow_stop,0.017649,0
9c08d46cf7d1aaaa,M1_lead_slow_stop,2,d81ce363e8e76181,M5_merge,0.019524,1
9c08d46cf7d1aaaa,M1_lead_slow_stop,3,7ea9286f24b35ce,M5_merge,0.020953,1
9c08d46cf7d1aaaa,M1_lead_slow_stop,4,2f062e60ee68c1a5,M5_merge,0.021041,1
9c08d46cf7d1aaaa,M1_lead_slow_stop,5,d1d63331ff4d4642,M1_lead_slow_stop,0.022729,0
cfc120339602119,M4_cut_in,1,8e1563974ac020a1,M6_temp_occupancy,0.0,1
cfc120339602119,M4_cut_in,2,e765ea8a0b617a42,M3_vru_crossing,0.000244,1
cfc120339602119,M4_cut_in,3,5f76aca0e8d6d060,M6_temp_occupancy,0.000244,1
cfc120339602119,M4_cut_in,4,b1bc03805735b4e4,M3_vru_crossing,0.000244,1
cfc120339602119,M4_cut_in,5,6c50f7bf6b8d17ee,M6_temp_occupancy,0.000244,1
3f555b82bde102fc,M6_temp_occupancy,1,f5cf95b720b572f9,M6_temp_occupancy,0.029675,0
3f555b82bde102fc,M6_temp_occupancy,2,e3b4e3f3a09617e4,M1_lead_slow_stop,0.052363,1
3f555b82bde102fc,M6_temp_occupancy,3,320d7f0fddc558fb,M2_vehicle_crossing,0.068511,1
3f555b82bde102fc,M6_temp_occupancy,4,22c359415a84f49e,M2_vehicle_crossing,0.072233,1
3f555b82bde102fc,M6_temp_occupancy,5,6e35ffca282009ab,M4_cut_in,0.073668,1
ac36bc6d71571082,M2_vehicle_crossing,1,1b8e18bccbb016c7,M5_merge,0.003906,1
ac36bc6d71571082,M2_vehicle_crossing,2,3a9e27b39d34f3ab,M4_cut_in,0.003906,1
ac36bc6d71571082,M2_vehicle_crossing,3,beab8af24d4e6e00,M1_lead_slow_stop,0.003906,1
ac36bc6d71571082,M2_vehicle_crossing,4,a33abe19dd2ad254,M5_merge,0.004509,1
ac36bc6d71571082,M2_vehicle_crossing,5,5f9a42f8298a9eea,M5_merge,0.007812,1
9928daa89a7f867b,M1_lead_slow_stop,1,e527e1e12a9fdc28,M1_lead_slow_stop,0.037906,0
9928daa89a7f867b,M1_lead_slow_stop,2,8f228d2e5a4fae1e,M1_lead_slow_stop,0.071732,0
9928daa89a7f867b,M1_lead_slow_stop,3,f1eead8948b039b3,M1_lead_slow_stop,0.072811,0
9928daa89a7f867b,M1_lead_slow_stop,4,b1d458988d0b5eae,M1_lead_slow_stop,0.076146,0
9928daa89a7f867b,M1_lead_slow_stop,5,af8d2b2e7bf74387,M1_lead_slow_stop,0.077284,0
8468181412d01e3,M6_temp_occupancy,1,793ca3974b95f19e,M5_merge,0.0,1
8468181412d01e3,M6_temp_occupancy,2,d1005ff0ae21f95d,M5_merge,0.0,1
8468181412d01e3,M6_temp_occupancy,3,47b9320b31ab33ac,M4_cut_in,0.0,1
8468181412d01e3,M6_temp_occupancy,4,bda923bbd61198da,M4_cut_in,0.0,1
8468181412d01e3,M6_temp_occupancy,5,a0ba5287bfa5fa01,M6_temp_occupancy,0.0,0
a2ca56f7b38e7242,M2_vehicle_crossing,1,e53427e70b8b956d,M6_temp_occupancy,0.006109,1
a2ca56f7b38e7242,M2_vehicle_crossing,2,5618d078fc67e99f,M6_temp_occupancy,0.00792,1
a2ca56f7b38e7242,M2_vehicle_crossing,3,7ec53982d954fb89,M6_temp_occupancy,0.008713,1
a2ca56f7b38e7242,M2_vehicle_crossing,4,8e1563974ac020a1,M6_temp_occupancy,0.008869,1
a2ca56f7b38e7242,M2_vehicle_crossing,5,cfc120339602119,M4_cut_in,0.008869,1
6e35ffca282009ab,M4_cut_in,1,22c359415a84f49e,M2_vehicle_crossing,0.031279,1
6e35ffca282009ab,M4_cut_in,2,1a12220e6534c2e2,M5_merge,0.034474,1
6e35ffca282009ab,M4_cut_in,3,793ca3974b95f19e,M5_merge,0.035007,1
6e35ffca282009ab,M4_cut_in,4,a0ba5287bfa5fa01,M6_temp_occupancy,0.035007,1
6e35ffca282009ab,M4_cut_in,5,3a6c26ba1a3aaad6,M4_cut_in,0.035007,0
111da837fe570e37,M4_cut_in,1,22c359415a84f49e,M2_vehicle_crossing,0.033446,1
111da837fe570e37,M4_cut_in,2,15ab99b9c601cdbb,M5_merge,0.035357,1
111da837fe570e37,M4_cut_in,3,9b52ebee65ba60df,M4_cut_in,0.036918,0
111da837fe570e37,M4_cut_in,4,ef15a936dcbdae22,M5_merge,0.037967,1
111da837fe570e37,M4_cut_in,5,a22e67eb167f1d0f,M5_merge,0.038021,1
5c7ecedbcbb18b21,M5_merge,1,c4edbe4985f2d06d,M4_cut_in,0.00806,1
5c7ecedbcbb18b21,M5_merge,2,5a9136943505a0c8,M4_cut_in,0.015055,1
5c7ecedbcbb18b21,M5_merge,3,39e70c8ed6235491,M5_merge,0.017914,0
5c7ecedbcbb18b21,M5_merge,4,90059d0f51151747,M1_lead_slow_stop,0.020516,1
5c7ecedbcbb18b21,M5_merge,5,1769632bbd68d1c1,M5_merge,0.021208,0
9eaa527e9f58c06d,M3_vru_crossing,1,2171d3475a332588,M3_vru_crossing,0.095849,0
9eaa527e9f58c06d,M3_vru_crossing,2,3201e0ad7075dd38,M2_vehicle_crossing,0.122625,1
9eaa527e9f58c06d,M3_vru_crossing,3,22a1e427c28a77ad,M3_vru_crossing,0.124155,0
9eaa527e9f58c06d,M3_vru_crossing,4,d27136ce55af0d05,M6_temp_occupancy,0.127327,1
9eaa527e9f58c06d,M3_vru_crossing,5,4f663890025eab46,M6_temp_occupancy,0.12913,1
2691891bbf109269,M4_cut_in,1,3c63c09d67c69f10,M6_temp_occupancy,0.002338,1
2691891bbf109269,M4_cut_in,2,9c8c3c7431089e90,M4_cut_in,0.002351,0
2691891bbf109269,M4_cut_in,3,76c55e81fb37f2ac,M3_vru_crossing,0.004254,1
2691891bbf109269,M4_cut_in,4,ee8a56fbf694ea41,M4_cut_in,0.004344,0
2691891bbf109269,M4_cut_in,5,270199473a16315,M2_vehicle_crossing,0.005217,1
585ffc8db08d83cd,M2_vehicle_crossing,1,4c876e42879d5527,M5_merge,0.0,1
585ffc8db08d83cd,M2_vehicle_crossing,2,8e8850bd484b4c94,M3_vru_crossing,0.0,1
585ffc8db08d83cd,M2_vehicle_crossing,3,d952c66361dd6dd,M3_vru_crossing,0.0,1
585ffc8db08d83cd,M2_vehicle_crossing,4,fb142b6dfa344e7d,M6_temp_occupancy,0.0,1
585ffc8db08d83cd,M2_vehicle_crossing,5,f47f7ad1c8fc8e29,M3_vru_crossing,0.0,1
a5cd3520be00add9,M5_merge,1,ddb565dc089efb79,M3_vru_crossing,0.04421,1
a5cd3520be00add9,M5_merge,2,17c5c69ac611ac01,M6_temp_occupancy,0.050642,1
a5cd3520be00add9,M5_merge,3,8bfeaae8e7475de2,M4_cut_in,0.050829,1
a5cd3520be00add9,M5_merge,4,d864c4fbd40d6060,M6_temp_occupancy,0.052023,1
a5cd3520be00add9,M5_merge,5,cccc1c64881dde01,M3_vru_crossing,0.052023,1
cddd2f9c18dc2a3b,M4_cut_in,1,793ca3974b95f19e,M5_merge,0.0,1
cddd2f9c18dc2a3b,M4_cut_in,2,d1005ff0ae21f95d,M5_merge,0.0,1
cddd2f9c18dc2a3b,M4_cut_in,3,47b9320b31ab33ac,M4_cut_in,0.0,0
cddd2f9c18dc2a3b,M4_cut_in,4,bda923bbd61198da,M4_cut_in,0.0,0
cddd2f9c18dc2a3b,M4_cut_in,5,a0ba5287bfa5fa01,M6_temp_occupancy,0.0,1
94c25b4be74d177b,M1_lead_slow_stop,1,af8d2b2e7bf74387,M1_lead_slow_stop,0.007614,0
94c25b4be74d177b,M1_lead_slow_stop,2,8f228d2e5a4fae1e,M1_lead_slow_stop,0.015223,0
94c25b4be74d177b,M1_lead_slow_stop,3,f1eead8948b039b3,M1_lead_slow_stop,0.0163,0
94c25b4be74d177b,M1_lead_slow_stop,4,6e1e3cbc291ef7,M1_lead_slow_stop,0.018035,0
94c25b4be74d177b,M1_lead_slow_stop,5,b1d458988d0b5eae,M1_lead_slow_stop,0.019636,0
f47f7ad1c8fc8e29,M3_vru_crossing,1,4c876e42879d5527,M5_merge,0.0,1
f47f7ad1c8fc8e29,M3_vru_crossing,2,8e8850bd484b4c94,M3_vru_crossing,0.0,0
f47f7ad1c8fc8e29,M3_vru_crossing,3,585ffc8db08d83cd,M2_vehicle_crossing,0.0,1
f47f7ad1c8fc8e29,M3_vru_crossing,4,d952c66361dd6dd,M3_vru_crossing,0.0,0
f47f7ad1c8fc8e29,M3_vru_crossing,5,fb142b6dfa344e7d,M6_temp_occupancy,0.0,1
b1dab228a8902a1a,M5_merge,1,41e5d0a14afc65fe,M5_merge,0.04495,0
b1dab228a8902a1a,M5_merge,2,627c9e858445e526,M2_vehicle_crossing,0.051927,1
b1dab228a8902a1a,M5_merge,3,3b2734e62ea77e0b,M2_vehicle_crossing,0.052106,1
b1dab228a8902a1a,M5_merge,4,e8f0bb32d5de2d24,M5_merge,0.05747,0
b1dab228a8902a1a,M5_merge,5,2e10359a52c4c299,M6_temp_occupancy,0.059152,1
a7f18baa0d6428a,M2_vehicle_crossing,1,b51cd423385fd8c3,M4_cut_in,0.017832,1
a7f18baa0d6428a,M2_vehicle_crossing,2,5e0002dca7244f07,M4_cut_in,0.020065,1
a7f18baa0d6428a,M2_vehicle_crossing,3,e81d8e76f45369fd,M4_cut_in,0.021019,1
a7f18baa0d6428a,M2_vehicle_crossing,4,a26d48ddce5f4f47,M5_merge,0.022723,1
a7f18baa0d6428a,M2_vehicle_crossing,5,8cc939e8a0e6cf,M5_merge,0.030326,1
cfa9e536755eaf1d,M6_temp_occupancy,1,4c876e42879d5527,M5_merge,0.0,1
cfa9e536755eaf1d,M6_temp_occupancy,2,8e8850bd484b4c94,M3_vru_crossing,0.0,1
cfa9e536755eaf1d,M6_temp_occupancy,3,585ffc8db08d83cd,M2_vehicle_crossing,0.0,1
cfa9e536755eaf1d,M6_temp_occupancy,4,d952c66361dd6dd,M3_vru_crossing,0.0,1
cfa9e536755eaf1d,M6_temp_occupancy,5,fb142b6dfa344e7d,M6_temp_occupancy,0.0,0
53523986d5d038fe,M6_temp_occupancy,1,793ca3974b95f19e,M5_merge,0.0,1
53523986d5d038fe,M6_temp_occupancy,2,d1005ff0ae21f95d,M5_merge,0.0,1
53523986d5d038fe,M6_temp_occupancy,3,47b9320b31ab33ac,M4_cut_in,0.0,1
53523986d5d038fe,M6_temp_occupancy,4,bda923bbd61198da,M4_cut_in,0.0,1
53523986d5d038fe,M6_temp_occupancy,5,a0ba5287bfa5fa01,M6_temp_occupancy,0.0,0
683cae1a10f71fcd,M1_lead_slow_stop,1,df45bb47c8a8b6fa,M1_lead_slow_stop,1e-06,0
683cae1a10f71fcd,M1_lead_slow_stop,2,b06bfeb1c578e77,M1_lead_slow_stop,4e-06,0
683cae1a10f71fcd,M1_lead_slow_stop,3,c36348cd92f7095b,M1_lead_slow_stop,0.000883,0
683cae1a10f71fcd,M1_lead_slow_stop,4,2d25cf74c78398d6,M1_lead_slow_stop,0.000918,0
683cae1a10f71fcd,M1_lead_slow_stop,5,533ebc889bf91c14,M1_lead_slow_stop,0.000992,0
d24010aa6888e4e5,M6_temp_occupancy,1,46be633224ba688d,M1_lead_slow_stop,0.020613,1
d24010aa6888e4e5,M6_temp_occupancy,2,b1d458988d0b5eae,M1_lead_slow_stop,0.02276,1
d24010aa6888e4e5,M6_temp_occupancy,3,f1eead8948b039b3,M1_lead_slow_stop,0.024246,1
d24010aa6888e4e5,M6_temp_occupancy,4,8f228d2e5a4fae1e,M1_lead_slow_stop,0.024527,1
d24010aa6888e4e5,M6_temp_occupancy,5,af8d2b2e7bf74387,M1_lead_slow_stop,0.032317,1
dcfab9621bc1420,M4_cut_in,1,fe2d2a81d65a9c2d,M2_vehicle_crossing,0.012006,1
dcfab9621bc1420,M4_cut_in,2,e03381a1e69875df,M5_merge,0.031948,1
dcfab9621bc1420,M4_cut_in,3,1a12220e6534c2e2,M5_merge,0.053581,1
dcfab9621bc1420,M4_cut_in,4,443c9fa41bef7e1c,M6_temp_occupancy,0.054551,1
dcfab9621bc1420,M4_cut_in,5,17b25328341276d5,M5_merge,0.054731,1
22ea9b030d395c39,M5_merge,1,3a9e27b39d34f3ab,M4_cut_in,0.026668,1
22ea9b030d395c39,M5_merge,2,1b8e18bccbb016c7,M5_merge,0.026668,0
22ea9b030d395c39,M5_merge,3,beab8af24d4e6e00,M1_lead_slow_stop,0.026668,1
22ea9b030d395c39,M5_merge,4,ac36bc6d71571082,M2_vehicle_crossing,0.030575,1
22ea9b030d395c39,M5_merge,5,179359c3a28d98bc,M4_cut_in,0.030575,1
8bfeaae8e7475de2,M4_cut_in,1,17c5c69ac611ac01,M6_temp_occupancy,0.014138,1
8bfeaae8e7475de2,M4_cut_in,2,cccc1c64881dde01,M3_vru_crossing,0.015518,1
8bfeaae8e7475de2,M4_cut_in,3,374f7f515942ce08,M2_vehicle_crossing,0.015518,1
8bfeaae8e7475de2,M4_cut_in,4,d864c4fbd40d6060,M6_temp_occupancy,0.015518,1
8bfeaae8e7475de2,M4_cut_in,5,dfce0c3d05c49289,M3_vru_crossing,0.015544,1
31ae19fdb4f075ba,M5_merge,1,7f159fbdf79377cf,M4_cut_in,0.002708,1
31ae19fdb4f075ba,M5_merge,2,612bd3de9ba8eb4b,M4_cut_in,0.004048,1
31ae19fdb4f075ba,M5_merge,3,b080b8a75de6f465,M5_merge,0.004644,0
31ae19fdb4f075ba,M5_merge,4,86e25df75a6995f4,M1_lead_slow_stop,0.00473,1
31ae19fdb4f075ba,M5_merge,5,831e9f7c915d9a33,M2_vehicle_crossing,0.004782,1
d1c30693ca04bbf4,M6_temp_occupancy,1,a05540d6a0f4e3ab,M1_lead_slow_stop,0.019285,1
d1c30693ca04bbf4,M6_temp_occupancy,2,b01112211aeddce1,M1_lead_slow_stop,0.029809,1
d1c30693ca04bbf4,M6_temp_occupancy,3,7ae4b0661a825cbe,M6_temp_occupancy,0.032491,0
d1c30693ca04bbf4,M6_temp_occupancy,4,a0a7a5764d3e2c97,M1_lead_slow_stop,0.044211,1
d1c30693ca04bbf4,M6_temp_occupancy,5,91d61b86be4e7b10,M2_vehicle_crossing,0.044725,1
2533b9fed1fde2ca,M6_temp_occupancy,1,7c2ed9ab567e443f,M3_vru_crossing,0.0,1
2533b9fed1fde2ca,M6_temp_occupancy,2,c757f0db71e9ac59,M2_vehicle_crossing,0.0,1
2533b9fed1fde2ca,M6_temp_occupancy,3,9d2059d1b77947bc,M4_cut_in,0.0,1
2533b9fed1fde2ca,M6_temp_occupancy,4,c1e9a535b80c7600,M5_merge,0.0,1
2533b9fed1fde2ca,M6_temp_occupancy,5,26284a71f3345792,M2_vehicle_crossing,0.0,1
44b65a5c4f3c07ed,M2_vehicle_crossing,1,c189f693c5a3b02a,M3_vru_crossing,0.106798,1
44b65a5c4f3c07ed,M2_vehicle_crossing,2,d27136ce55af0d05,M6_temp_occupancy,0.117951,1
44b65a5c4f3c07ed,M2_vehicle_crossing,3,f804b2352d0791d2,M6_temp_occupancy,0.123595,1
44b65a5c4f3c07ed,M2_vehicle_crossing,4,4f663890025eab46,M6_temp_occupancy,0.133477,1
44b65a5c4f3c07ed,M2_vehicle_crossing,5,9928daa89a7f867b,M1_lead_slow_stop,0.136576,1
f2abf57c98faabf3,M1_lead_slow_stop,1,c36348cd92f7095b,M1_lead_slow_stop,0.000201,0
f2abf57c98faabf3,M1_lead_slow_stop,2,683cae1a10f71fcd,M1_lead_slow_stop,0.001079,0
f2abf57c98faabf3,M1_lead_slow_stop,3,df45bb47c8a8b6fa,M1_lead_slow_stop,0.00108,0
f2abf57c98faabf3,M1_lead_slow_stop,4,b06bfeb1c578e77,M1_lead_slow_stop,0.001082,0
f2abf57c98faabf3,M1_lead_slow_stop,5,2d25cf74c78398d6,M1_lead_slow_stop,0.001997,0
a47da157cf1535bb,M4_cut_in,1,5f76aca0e8d6d060,M6_temp_occupancy,0.0,1
a47da157cf1535bb,M4_cut_in,2,b18c133f146677a7,M2_vehicle_crossing,0.0,1
a47da157cf1535bb,M4_cut_in,3,b1bc03805735b4e4,M3_vru_crossing,0.0,1
a47da157cf1535bb,M4_cut_in,4,e765ea8a0b617a42,M3_vru_crossing,0.0,1
a47da157cf1535bb,M4_cut_in,5,6c50f7bf6b8d17ee,M6_temp_occupancy,0.0,1
376bec12f4590827,M2_vehicle_crossing,1,b2bbecd9aa7c99d8,M2_vehicle_crossing,0.07013,0
376bec12f4590827,M2_vehicle_crossing,2,c5451a572e14ddc8,M4_cut_in,0.080026,1
376bec12f4590827,M2_vehicle_crossing,3,96a816b2f4b62e88,M1_lead_slow_stop,0.105631,1
376bec12f4590827,M2_vehicle_crossing,4,f804b2352d0791d2,M6_temp_occupancy,0.110408,1
376bec12f4590827,M2_vehicle_crossing,5,d63a72ef3cd6a570,M1_lead_slow_stop,0.115871,1
58d55d4e683aa30c,M4_cut_in,1,a7bda27624b52639,M1_lead_slow_stop,0.010887,1
58d55d4e683aa30c,M4_cut_in,2,c4a6a9720515bbc5,M2_vehicle_crossing,0.011188,1
58d55d4e683aa30c,M4_cut_in,3,4ef7d4e590e80eef,M3_vru_crossing,0.01257,1
58d55d4e683aa30c,M4_cut_in,4,2bc410d4ce756f24,M3_vru_crossing,0.013177,1
58d55d4e683aa30c,M4_cut_in,5,6b6f521ecacbd19f,M3_vru_crossing,0.013247,1
b2bbecd9aa7c99d8,M2_vehicle_crossing,1,376bec12f4590827,M2_vehicle_crossing,0.07013,0
b2bbecd9aa7c99d8,M2_vehicle_crossing,2,c5451a572e14ddc8,M4_cut_in,0.077266,1
b2bbecd9aa7c99d8,M2_vehicle_crossing,3,d27136ce55af0d05,M6_temp_occupancy,0.102194,1
b2bbecd9aa7c99d8,M2_vehicle_crossing,4,4f663890025eab46,M6_temp_occupancy,0.10596,1
b2bbecd9aa7c99d8,M2_vehicle_crossing,5,f804b2352d0791d2,M6_temp_occupancy,0.12542,1
a8c0edb805dca37b,M4_cut_in,1,c710955bf6df9bd6,M5_merge,0.039062,1
a8c0edb805dca37b,M4_cut_in,2,cdbe6aeb876ca6f8,M5_merge,0.039062,1
a8c0edb805dca37b,M4_cut_in,3,793ca3974b95f19e,M5_merge,0.046875,1
a8c0edb805dca37b,M4_cut_in,4,190944907e8617c0,M6_temp_occupancy,0.046875,1
a8c0edb805dca37b,M4_cut_in,5,ab7b6b79b724bd2d,M2_vehicle_crossing,0.046875,1
d8c32f51e1a8356a,M3_vru_crossing,1,7ec53982d954fb89,M6_temp_occupancy,0.01789,1
d8c32f51e1a8356a,M3_vru_crossing,2,5618d078fc67e99f,M6_temp_occupancy,0.018819,1
d8c32f51e1a8356a,M3_vru_crossing,3,c7a26ee2a91219bc,M6_temp_occupancy,0.019222,1
d8c32f51e1a8356a,M3_vru_crossing,4,8e1563974ac020a1,M6_temp_occupancy,0.021177,1
d8c32f51e1a8356a,M3_vru_crossing,5,cfc120339602119,M4_cut_in,0.021177,1
6c50f7bf6b8d17ee,M6_temp_occupancy,1,5f76aca0e8d6d060,M6_temp_occupancy,0.0,0
6c50f7bf6b8d17ee,M6_temp_occupancy,2,b18c133f146677a7,M2_vehicle_crossing,0.0,1
6c50f7bf6b8d17ee,M6_temp_occupancy,3,b1bc03805735b4e4,M3_vru_crossing,0.0,1
6c50f7bf6b8d17ee,M6_temp_occupancy,4,e765ea8a0b617a42,M3_vru_crossing,0.0,1
6c50f7bf6b8d17ee,M6_temp_occupancy,5,a47da157cf1535bb,M4_cut_in,0.0,1
71de99ddf789f26,M1_lead_slow_stop,1,48176b7209253062,M1_lead_slow_stop,0.008345,0
71de99ddf789f26,M1_lead_slow_stop,2,593b60d37e0756a3,M1_lead_slow_stop,0.008527,0
71de99ddf789f26,M1_lead_slow_stop,3,f2abf57c98faabf3,M1_lead_slow_stop,0.00885,0
71de99ddf789f26,M1_lead_slow_stop,4,c36348cd92f7095b,M1_lead_slow_stop,0.009049,0
71de99ddf789f26,M1_lead_slow_stop,5,683cae1a10f71fcd,M1_lead_slow_stop,0.009198,0
c4edbe4985f2d06d,M4_cut_in,1,5c7ecedbcbb18b21,M5_merge,0.00806,1
c4edbe4985f2d06d,M4_cut_in,2,5a9136943505a0c8,M4_cut_in,0.02222,0
c4edbe4985f2d06d,M4_cut_in,3,90059d0f51151747,M1_lead_slow_stop,0.022794,1
c4edbe4985f2d06d,M4_cut_in,4,39e70c8ed6235491,M5_merge,0.025975,1
c4edbe4985f2d06d,M4_cut_in,5,1769632bbd68d1c1,M5_merge,0.029268,1
363faaa196b74966,M2_vehicle_crossing,1,949fd82d6e44a34d,M2_vehicle_crossing,0.004663,0
363faaa196b74966,M2_vehicle_crossing,2,ec1490e87d122e61,M4_cut_in,0.010657,1
363faaa196b74966,M2_vehicle_crossing,3,eaddb9cfd4bdee3,M6_temp_occupancy,0.025489,1
363faaa196b74966,M2_vehicle_crossing,4,529d0c9664dabfba,M4_cut_in,0.025749,1
363faaa196b74966,M2_vehicle_crossing,5,8589a58aaa319e10,M6_temp_occupancy,0.036467,1
b06bfeb1c578e77,M1_lead_slow_stop,1,df45bb47c8a8b6fa,M1_lead_slow_stop,2e-06,0
b06bfeb1c578e77,M1_lead_slow_stop,2,683cae1a10f71fcd,M1_lead_slow_stop,4e-06,0
b06bfeb1c578e77,M1_lead_slow_stop,3,c36348cd92f7095b,M1_lead_slow_stop,0.000886,0
b06bfeb1c578e77,M1_lead_slow_stop,4,2d25cf74c78398d6,M1_lead_slow_stop,0.000915,0
b06bfeb1c578e77,M1_lead_slow_stop,5,533ebc889bf91c14,M1_lead_slow_stop,0.000988,0
73806f84d0434ef3,M6_temp_occupancy,1,793ca3974b95f19e,M5_merge,0.0,1
73806f84d0434ef3,M6_temp_occupancy,2,d1005ff0ae21f95d,M5_merge,0.0,1
73806f84d0434ef3,M6_temp_occupancy,3,47b9320b31ab33ac,M4_cut_in,0.0,1
73806f84d0434ef3,M6_temp_occupancy,4,bda923bbd61198da,M4_cut_in,0.0,1
73806f84d0434ef3,M6_temp_occupancy,5,a0ba5287bfa5fa01,M6_temp_occupancy,0.0,0
a766c68d1e0bfa43,M1_lead_slow_stop,1,d37498e9d40b6473,M1_lead_slow_stop,0.023002,0
a766c68d1e0bfa43,M1_lead_slow_stop,2,d63a72ef3cd6a570,M1_lead_slow_stop,0.02618,0
a766c68d1e0bfa43,M1_lead_slow_stop,3,20d86c79c5b93eee,M6_temp_occupancy,0.030398,1
a766c68d1e0bfa43,M1_lead_slow_stop,4,52a0f8dd9925ef2f,M5_merge,0.030742,1
a766c68d1e0bfa43,M1_lead_slow_stop,5,ee651f48b99ac793,M3_vru_crossing,0.033973,1
38e85776dd8b8106,M1_lead_slow_stop,1,a26d48ddce5f4f47,M5_merge,0.096353,1
38e85776dd8b8106,M1_lead_slow_stop,2,501d70fe64c7306f,M4_cut_in,0.100337,1
38e85776dd8b8106,M1_lead_slow_stop,3,b51cd423385fd8c3,M4_cut_in,0.106141,1
38e85776dd8b8106,M1_lead_slow_stop,4,a7f18baa0d6428a,M2_vehicle_crossing,0.108556,1
38e85776dd8b8106,M1_lead_slow_stop,5,8f0d6e6621ba2e93,M1_lead_slow_stop,0.110448,0
77f8172643ca02de,M3_vru_crossing,1,3f229274b2913801,M3_vru_crossing,0.0,0
77f8172643ca02de,M3_vru_crossing,2,5457633fb7cfc786,M2_vehicle_crossing,0.002409,1
77f8172643ca02de,M3_vru_crossing,3,e79fba949827442,M4_cut_in,0.002828,1
77f8172643ca02de,M3_vru_crossing,4,315116b299899d4c,M4_cut_in,0.002863,1
77f8172643ca02de,M3_vru_crossing,5,5b48eebb6ae9a031,M1_lead_slow_stop,0.002979,1
79b3221698f21ee7,M2_vehicle_crossing,1,78b920001b48881d,M5_merge,0.089909,1
79b3221698f21ee7,M2_vehicle_crossing,2,d70c6e96e89f9509,M4_cut_in,0.090511,1
79b3221698f21ee7,M2_vehicle_crossing,3,8f0d9def6f4a1228,M4_cut_in,0.100766,1
79b3221698f21ee7,M2_vehicle_crossing,4,a3a693cb9130f131,M5_merge,0.110063,1
79b3221698f21ee7,M2_vehicle_crossing,5,ee651f48b99ac793,M3_vru_crossing,0.113757,1
dfc3a8f83fb09e3a,M3_vru_crossing,1,91d61b86be4e7b10,M2_vehicle_crossing,0.063339,1
dfc3a8f83fb09e3a,M3_vru_crossing,2,586f01a84f58f4ad,M3_vru_crossing,0.065402,0
dfc3a8f83fb09e3a,M3_vru_crossing,3,f7d61c994f5c773,M3_vru_crossing,0.072071,0
dfc3a8f83fb09e3a,M3_vru_crossing,4,a70f5b2aa2077f39,M1_lead_slow_stop,0.079675,1
dfc3a8f83fb09e3a,M3_vru_crossing,5,98915e2ef682a0ad,M2_vehicle_crossing,0.083136,1
be509a6ffaaa9637,M6_temp_occupancy,1,ada91b10b7953974,M3_vru_crossing,0.005393,1
be509a6ffaaa9637,M6_temp_occupancy,2,c65883931103e25c,M3_vru_crossing,0.006523,1
be509a6ffaaa9637,M6_temp_occupancy,3,5401f9f7a98e3b87,M1_lead_slow_stop,0.006792,1
be509a6ffaaa9637,M6_temp_occupancy,4,19847cdf4ebaa222,M3_vru_crossing,0.008958,1
be509a6ffaaa9637,M6_temp_occupancy,5,ae672ec38ffe80b5,M1_lead_slow_stop,0.009867,1
b96922fb23927f9f,M6_temp_occupancy,1,793ca3974b95f19e,M5_merge,0.0,1
b96922fb23927f9f,M6_temp_occupancy,2,d1005ff0ae21f95d,M5_merge,0.0,1
b96922fb23927f9f,M6_temp_occupancy,3,47b9320b31ab33ac,M4_cut_in,0.0,1
b96922fb23927f9f,M6_temp_occupancy,4,bda923bbd61198da,M4_cut_in,0.0,1
b96922fb23927f9f,M6_temp_occupancy,5,a0ba5287bfa5fa01,M6_temp_occupancy,0.0,0
e53427e70b8b956d,M6_temp_occupancy,1,8e1563974ac020a1,M6_temp_occupancy,0.002761,0
e53427e70b8b956d,M6_temp_occupancy,2,cfc120339602119,M4_cut_in,0.002761,1
e53427e70b8b956d,M6_temp_occupancy,3,5f76aca0e8d6d060,M6_temp_occupancy,0.003005,0
e53427e70b8b956d,M6_temp_occupancy,4,b1bc03805735b4e4,M3_vru_crossing,0.003005,1
e53427e70b8b956d,M6_temp_occupancy,5,a47da157cf1535bb,M4_cut_in,0.003005,1
bb5140b6317d0164,M1_lead_slow_stop,1,cc9c4cee498b7d33,M5_merge,0.100222,1
bb5140b6317d0164,M1_lead_slow_stop,2,56b1e8aced6c7bc0,M3_vru_crossing,0.116496,1
bb5140b6317d0164,M1_lead_slow_stop,3,22a1e427c28a77ad,M3_vru_crossing,0.119804,1
bb5140b6317d0164,M1_lead_slow_stop,4,5ff2fe3e4c0d3691,M3_vru_crossing,0.138771,1
bb5140b6317d0164,M1_lead_slow_stop,5,305237d2a2712dd3,M1_lead_slow_stop,0.141713,0
2171d3475a332588,M3_vru_crossing,1,ef0327f14ab3efa0,M3_vru_crossing,0.092639,0
2171d3475a332588,M3_vru_crossing,2,9eaa527e9f58c06d,M3_vru_crossing,0.095849,0
2171d3475a332588,M3_vru_crossing,3,4f19a78e73788325,M2_vehicle_crossing,0.118037,1
2171d3475a332588,M3_vru_crossing,4,3201e0ad7075dd38,M2_vehicle_crossing,0.124589,1
2171d3475a332588,M3_vru_crossing,5,fc2b51fef48a323,M3_vru_crossing,0.141438,0
ae672ec38ffe80b5,M1_lead_slow_stop,1,c65883931103e25c,M3_vru_crossing,0.003343,1
ae672ec38ffe80b5,M1_lead_slow_stop,2,2bc410d4ce756f24,M3_vru_crossing,0.005752,1
ae672ec38ffe80b5,M1_lead_slow_stop,3,19847cdf4ebaa222,M3_vru_crossing,0.009274,1
ae672ec38ffe80b5,M1_lead_slow_stop,4,6b6f521ecacbd19f,M3_vru_crossing,0.009732,1
ae672ec38ffe80b5,M1_lead_slow_stop,5,be509a6ffaaa9637,M6_temp_occupancy,0.009867,1
68fd9de9ecd79093,M1_lead_slow_stop,1,1e98bdb2802fdab1,M3_vru_crossing,0.004212,1
68fd9de9ecd79093,M1_lead_slow_stop,2,ee8a56fbf694ea41,M4_cut_in,0.004368,1
68fd9de9ecd79093,M1_lead_slow_stop,3,270199473a16315,M2_vehicle_crossing,0.005644,1
68fd9de9ecd79093,M1_lead_slow_stop,4,9c8c3c7431089e90,M4_cut_in,0.005881,1
68fd9de9ecd79093,M1_lead_slow_stop,5,df00457ce0737194,M3_vru_crossing,0.005974,1
5f9a42f8298a9eea,M5_merge,1,a33abe19dd2ad254,M5_merge,0.004509,0
5f9a42f8298a9eea,M5_merge,2,e462adf60f7b5453,M4_cut_in,0.007812,1
5f9a42f8298a9eea,M5_merge,3,7bfe72a95b111c3d,M5_merge,0.007812,0
5f9a42f8298a9eea,M5_merge,4,179359c3a28d98bc,M4_cut_in,0.007812,1
5f9a42f8298a9eea,M5_merge,5,ac36bc6d71571082,M2_vehicle_crossing,0.007812,1
d864c4fbd40d6060,M6_temp_occupancy,1,374f7f515942ce08,M2_vehicle_crossing,0.0,1
d864c4fbd40d6060,M6_temp_occupancy,2,cccc1c64881dde01,M3_vru_crossing,0.0,1
d864c4fbd40d6060,M6_temp_occupancy,3,17c5c69ac611ac01,M6_temp_occupancy,0.00138,0
d864c4fbd40d6060,M6_temp_occupancy,4,227059f2f85c2a20,M2_vehicle_crossing,0.011719,1
d864c4fbd40d6060,M6_temp_occupancy,5,8bfeaae8e7475de2,M4_cut_in,0.015518,1
834851971ef51d60,M6_temp_occupancy,1,8cc939e8a0e6cf,M5_merge,0.017108,1
834851971ef51d60,M6_temp_occupancy,2,5e0002dca7244f07,M4_cut_in,0.018314,1
834851971ef51d60,M6_temp_occupancy,3,e81d8e76f45369fd,M4_cut_in,0.019548,1
834851971ef51d60,M6_temp_occupancy,4,2657143ee43948be,M5_merge,0.021212,1
834851971ef51d60,M6_temp_occupancy,5,b51cd423385fd8c3,M4_cut_in,0.028952,1
227059f2f85c2a20,M2_vehicle_crossing,1,374f7f515942ce08,M2_vehicle_crossing,0.011719,0
227059f2f85c2a20,M2_vehicle_crossing,2,d864c4fbd40d6060,M6_temp_occupancy,0.011719,1
227059f2f85c2a20,M2_vehicle_crossing,3,cccc1c64881dde01,M3_vru_crossing,0.011719,1
227059f2f85c2a20,M2_vehicle_crossing,4,17c5c69ac611ac01,M6_temp_occupancy,0.013099,1
227059f2f85c2a20,M2_vehicle_crossing,5,dfce0c3d05c49289,M3_vru_crossing,0.013248,1
a70f5b2aa2077f39,M1_lead_slow_stop,1,98915e2ef682a0ad,M2_vehicle_crossing,0.029457,1
a70f5b2aa2077f39,M1_lead_slow_stop,2,3921421d5571f009,M6_temp_occupancy,0.040682,1
a70f5b2aa2077f39,M1_lead_slow_stop,3,586f01a84f58f4ad,M3_vru_crossing,0.056874,1
a70f5b2aa2077f39,M1_lead_slow_stop,4,f7d61c994f5c773,M3_vru_crossing,0.05915,1
a70f5b2aa2077f39,M1_lead_slow_stop,5,3201e0ad7075dd38,M2_vehicle_crossing,0.06769,1
a7bda27624b52639,M1_lead_slow_stop,1,c4a6a9720515bbc5,M2_vehicle_crossing,0.009543,1
a7bda27624b52639,M1_lead_slow_stop,2,58d55d4e683aa30c,M4_cut_in,0.010887,1
a7bda27624b52639,M1_lead_slow_stop,3,d70bd171d452a911,M6_temp_occupancy,0.011616,1
a7bda27624b52639,M1_lead_slow_stop,4,2bc410d4ce756f24,M3_vru_crossing,0.013255,1
a7bda27624b52639,M1_lead_slow_stop,5,e9e36d08e891398b,M3_vru_crossing,0.016164,1
970d525be9f42db8,M4_cut_in,1,793ca3974b95f19e,M5_merge,0.0,1
970d525be9f42db8,M4_cut_in,2,d1005ff0ae21f95d,M5_merge,0.0,1
970d525be9f42db8,M4_cut_in,3,47b9320b31ab33ac,M4_cut_in,0.0,0
970d525be9f42db8,M4_cut_in,4,bda923bbd61198da,M4_cut_in,0.0,0
970d525be9f42db8,M4_cut_in,5,a0ba5287bfa5fa01,M6_temp_occupancy,0.0,1
bd7976b23815850c,M6_temp_occupancy,1,cb86548c32715796,M1_lead_slow_stop,0.017845,1
bd7976b23815850c,M6_temp_occupancy,2,ad89a673afcb15ef,M1_lead_slow_stop,0.023337,1
bd7976b23815850c,M6_temp_occupancy,3,eeea7c01a12a8d7f,M4_cut_in,0.024223,1
bd7976b23815850c,M6_temp_occupancy,4,f7193ffab83f342a,M4_cut_in,0.026458,1
bd7976b23815850c,M6_temp_occupancy,5,335d32f832e5f076,M5_merge,0.029732,1
c5451a572e14ddc8,M4_cut_in,1,b2bbecd9aa7c99d8,M2_vehicle_crossing,0.077266,1
c5451a572e14ddc8,M4_cut_in,2,376bec12f4590827,M2_vehicle_crossing,0.080026,1
c5451a572e14ddc8,M4_cut_in,3,96a816b2f4b62e88,M1_lead_slow_stop,0.12531,1
c5451a572e14ddc8,M4_cut_in,4,f638d14064c977ac,M1_lead_slow_stop,0.134493,1
c5451a572e14ddc8,M4_cut_in,5,42c8823444df7298,M4_cut_in,0.136471,0
19d0df1d5bb64120,M6_temp_occupancy,1,1d5aa678fbcf98f7,M4_cut_in,0.004454,1
19d0df1d5bb64120,M6_temp_occupancy,2,8cb51d6f77603a9b,M5_merge,0.007087,1
19d0df1d5bb64120,M6_temp_occupancy,3,887bd6aace8b75e9,M6_temp_occupancy,0.007471,0
19d0df1d5bb64120,M6_temp_occupancy,4,a0ba5287bfa5fa01,M6_temp_occupancy,0.00781,0
19d0df1d5bb64120,M6_temp_occupancy,5,3a6c26ba1a3aaad6,M4_cut_in,0.00781,1
beab8af24d4e6e00,M1_lead_slow_stop,1,1b8e18bccbb016c7,M5_merge,0.0,1
beab8af24d4e6e00,M1_lead_slow_stop,2,3a9e27b39d34f3ab,M4_cut_in,0.0,1
beab8af24d4e6e00,M1_lead_slow_stop,3,ac36bc6d71571082,M2_vehicle_crossing,0.003906,1
beab8af24d4e6e00,M1_lead_slow_stop,4,179359c3a28d98bc,M4_cut_in,0.003906,1
beab8af24d4e6e00,M1_lead_slow_stop,5,a33abe19dd2ad254,M5_merge,0.008415,1
eb6df0134d7ac47f,M5_merge,1,793ca3974b95f19e,M5_merge,0.0,0
eb6df0134d7ac47f,M5_merge,2,d1005ff0ae21f95d,M5_merge,0.0,0
eb6df0134d7ac47f,M5_merge,3,47b9320b31ab33ac,M4_cut_in,0.0,1
eb6df0134d7ac47f,M5_merge,4,bda923bbd61198da,M4_cut_in,0.0,1
eb6df0134d7ac47f,M5_merge,5,a0ba5287bfa5fa01,M6_temp_occupancy,0.0,1
32e165cf3f26d718,M5_merge,1,793ca3974b95f19e,M5_merge,0.0,0
32e165cf3f26d718,M5_merge,2,d1005ff0ae21f95d,M5_merge,0.0,0
32e165cf3f26d718,M5_merge,3,47b9320b31ab33ac,M4_cut_in,0.0,1
32e165cf3f26d718,M5_merge,4,bda923bbd61198da,M4_cut_in,0.0,1
32e165cf3f26d718,M5_merge,5,a0ba5287bfa5fa01,M6_temp_occupancy,0.0,1
42c8823444df7298,M4_cut_in,1,e3b4e3f3a09617e4,M1_lead_slow_stop,0.107502,1
42c8823444df7298,M4_cut_in,2,96a816b2f4b62e88,M1_lead_slow_stop,0.11376,1
42c8823444df7298,M4_cut_in,3,c68ab5161508001f,M1_lead_slow_stop,0.118062,1
42c8823444df7298,M4_cut_in,4,18593071c0511bb8,M1_lead_slow_stop,0.118439,1
42c8823444df7298,M4_cut_in,5,376bec12f4590827,M2_vehicle_crossing,0.121738,1
865973078bb706b1,M5_merge,1,7c2ed9ab567e443f,M3_vru_crossing,0.042969,1
865973078bb706b1,M5_merge,2,c1e9a535b80c7600,M5_merge,0.042969,0
865973078bb706b1,M5_merge,3,8bf5237dd38f68ae,M4_cut_in,0.042969,1
865973078bb706b1,M5_merge,4,86ea7ff0250ae8b2,M6_temp_occupancy,0.042969,1
865973078bb706b1,M5_merge,5,c6229e407151955,M4_cut_in,0.042969,1
df8855a5b77f2ed9,M4_cut_in,1,7c2ed9ab567e443f,M3_vru_crossing,0.0,1
df8855a5b77f2ed9,M4_cut_in,2,c757f0db71e9ac59,M2_vehicle_crossing,0.0,1
df8855a5b77f2ed9,M4_cut_in,3,9d2059d1b77947bc,M4_cut_in,0.0,0
df8855a5b77f2ed9,M4_cut_in,4,c1e9a535b80c7600,M5_merge,0.0,1
df8855a5b77f2ed9,M4_cut_in,5,26284a71f3345792,M2_vehicle_crossing,0.0,1
fc2b51fef48a323,M3_vru_crossing,1,61633963c7b2e131,M3_vru_crossing,0.002032,0
fc2b51fef48a323,M3_vru_crossing,2,b01112211aeddce1,M1_lead_slow_stop,0.032234,1
fc2b51fef48a323,M3_vru_crossing,3,d1c30693ca04bbf4,M6_temp_occupancy,0.0483,1
fc2b51fef48a323,M3_vru_crossing,4,a05540d6a0f4e3ab,M1_lead_slow_stop,0.051579,1
fc2b51fef48a323,M3_vru_crossing,5,338402ef9081de8e,M5_merge,0.052796,1
a568f52e21a784d9,M5_merge,1,17b25328341276d5,M5_merge,0.000256,0
a568f52e21a784d9,M5_merge,2,793ca3974b95f19e,M5_merge,0.00048,0
a568f52e21a784d9,M5_merge,3,d1005ff0ae21f95d,M5_merge,0.00048,0
a568f52e21a784d9,M5_merge,4,a0ba5287bfa5fa01,M6_temp_occupancy,0.00048,1
a568f52e21a784d9,M5_merge,5,3a6c26ba1a3aaad6,M4_cut_in,0.00048,1
6b6f521ecacbd19f,M3_vru_crossing,1,19847cdf4ebaa222,M3_vru_crossing,0.005982,0
6b6f521ecacbd19f,M3_vru_crossing,2,4ef7d4e590e80eef,M3_vru_crossing,0.009649,0
6b6f521ecacbd19f,M3_vru_crossing,3,ae672ec38ffe80b5,M1_lead_slow_stop,0.009732,1
6b6f521ecacbd19f,M3_vru_crossing,4,c65883931103e25c,M3_vru_crossing,0.011489,0
6b6f521ecacbd19f,M3_vru_crossing,5,58d55d4e683aa30c,M4_cut_in,0.013247,1
ed7deb8d2dee3b52,M6_temp_occupancy,1,793ca3974b95f19e,M5_merge,0.0,1
ed7deb8d2dee3b52,M6_temp_occupancy,2,d1005ff0ae21f95d,M5_merge,0.0,1
ed7deb8d2dee3b52,M6_temp_occupancy,3,47b9320b31ab33ac,M4_cut_in,0.0,1
ed7deb8d2dee3b52,M6_temp_occupancy,4,bda923bbd61198da,M4_cut_in,0.0,1
ed7deb8d2dee3b52,M6_temp_occupancy,5,a0ba5287bfa5fa01,M6_temp_occupancy,0.0,0
c0b0cf92f425dd27,M4_cut_in,1,e0849e47fc78ca2a,M1_lead_slow_stop,0.015012,1
c0b0cf92f425dd27,M4_cut_in,2,d63a72ef3cd6a570,M1_lead_slow_stop,0.031128,1
c0b0cf92f425dd27,M4_cut_in,3,8387e91c8d9ef4e5,M1_lead_slow_stop,0.031823,1
c0b0cf92f425dd27,M4_cut_in,4,ba626816eab28971,M2_vehicle_crossing,0.031971,1
c0b0cf92f425dd27,M4_cut_in,5,88d928bedcb34c09,M4_cut_in,0.042446,0
e81d8e76f45369fd,M4_cut_in,1,5e0002dca7244f07,M4_cut_in,0.005868,0
e81d8e76f45369fd,M4_cut_in,2,e00e8f2f8643f2e,M4_cut_in,0.017587,0
e81d8e76f45369fd,M4_cut_in,3,8cc939e8a0e6cf,M5_merge,0.017941,1
e81d8e76f45369fd,M4_cut_in,4,834851971ef51d60,M6_temp_occupancy,0.019548,1
e81d8e76f45369fd,M4_cut_in,5,2657143ee43948be,M5_merge,0.019707,1
22a1e427c28a77ad,M3_vru_crossing,1,3392709446e04b2e,M3_vru_crossing,0.054145,0
22a1e427c28a77ad,M3_vru_crossing,2,ef0327f14ab3efa0,M3_vru_crossing,0.06292,0
22a1e427c28a77ad,M3_vru_crossing,3,593b60d37e0756a3,M1_lead_slow_stop,0.083771,1
22a1e427c28a77ad,M3_vru_crossing,4,48176b7209253062,M1_lead_slow_stop,0.084205,1
22a1e427c28a77ad,M3_vru_crossing,5,f2abf57c98faabf3,M1_lead_slow_stop,0.0854,1
4f663890025eab46,M6_temp_occupancy,1,d27136ce55af0d05,M6_temp_occupancy,0.021354,0
4f663890025eab46,M6_temp_occupancy,2,f804b2352d0791d2,M6_temp_occupancy,0.053763,0
4f663890025eab46,M6_temp_occupancy,3,22a1e427c28a77ad,M3_vru_crossing,0.105103,1
4f663890025eab46,M6_temp_occupancy,4,b2bbecd9aa7c99d8,M2_vehicle_crossing,0.10596,1
4f663890025eab46,M6_temp_occupancy,5,96a816b2f4b62e88,M1_lead_slow_stop,0.108241,1
62bad9e61da6dc44,M1_lead_slow_stop,1,a0a7a5764d3e2c97,M1_lead_slow_stop,0.010785,0
62bad9e61da6dc44,M1_lead_slow_stop,2,94c25b4be74d177b,M1_lead_slow_stop,0.020871,0
62bad9e61da6dc44,M1_lead_slow_stop,3,6e1e3cbc291ef7,M1_lead_slow_stop,0.023377,0
62bad9e61da6dc44,M1_lead_slow_stop,4,af8d2b2e7bf74387,M1_lead_slow_stop,0.028462,0
62bad9e61da6dc44,M1_lead_slow_stop,5,b01112211aeddce1,M1_lead_slow_stop,0.032461,0
e527e1e12a9fdc28,M1_lead_slow_stop,1,9928daa89a7f867b,M1_lead_slow_stop,0.037906,0
e527e1e12a9fdc28,M1_lead_slow_stop,2,56ccc5750f15ed5f,M1_lead_slow_stop,0.05563,0
e527e1e12a9fdc28,M1_lead_slow_stop,3,a955a67397678653,M2_vehicle_crossing,0.06373,1
e527e1e12a9fdc28,M1_lead_slow_stop,4,f4f8114477b9d87,M6_temp_occupancy,0.102575,1
e527e1e12a9fdc28,M1_lead_slow_stop,5,f1eead8948b039b3,M1_lead_slow_stop,0.107887,0
b080b8a75de6f465,M5_merge,1,6e1eda0e7ef91e27,M5_merge,0.000232,0
b080b8a75de6f465,M5_merge,2,1fb56b3dc02f219,M5_merge,0.001563,0
b080b8a75de6f465,M5_merge,3,1650ec864aa4a2fe,M4_cut_in,0.004411,1
b080b8a75de6f465,M5_merge,4,31ae19fdb4f075ba,M5_merge,0.004644,0
b080b8a75de6f465,M5_merge,5,79408bcec5803f6a,M5_merge,0.004781,0
d709fe4d4c483cf2,M5_merge,1,2b77998b1f344810,M1_lead_slow_stop,0.081516,1
d709fe4d4c483cf2,M5_merge,2,e03381a1e69875df,M5_merge,0.085938,0
d709fe4d4c483cf2,M5_merge,3,fe2d2a81d65a9c2d,M2_vehicle_crossing,0.109375,1
d709fe4d4c483cf2,M5_merge,4,db8f0c4bca59d849,M1_lead_slow_stop,0.109819,1
d709fe4d4c483cf2,M5_merge,5,dcfab9621bc1420,M4_cut_in,0.109864,1
a26d48ddce5f4f47,M5_merge,1,b51cd423385fd8c3,M4_cut_in,0.009788,1
a26d48ddce5f4f47,M5_merge,2,2657143ee43948be,M5_merge,0.022604,0
a26d48ddce5f4f47,M5_merge,3,a7f18baa0d6428a,M2_vehicle_crossing,0.022723,1
a26d48ddce5f4f47,M5_merge,4,8cc939e8a0e6cf,M5_merge,0.023231,0
a26d48ddce5f4f47,M5_merge,5,e81d8e76f45369fd,M4_cut_in,0.031328,1
7e92290bd886d936,M6_temp_occupancy,1,7c2ed9ab567e443f,M3_vru_crossing,0.0,1
7e92290bd886d936,M6_temp_occupancy,2,c757f0db71e9ac59,M2_vehicle_crossing,0.0,1
7e92290bd886d936,M6_temp_occupancy,3,9d2059d1b77947bc,M4_cut_in,0.0,1
7e92290bd886d936,M6_temp_occupancy,4,c1e9a535b80c7600,M5_merge,0.0,1
7e92290bd886d936,M6_temp_occupancy,5,26284a71f3345792,M2_vehicle_crossing,0.0,1
c4f810396985181f,M2_vehicle_crossing,1,38c3cd000a1ba860,M2_vehicle_crossing,0.009827,0
c4f810396985181f,M2_vehicle_crossing,2,a2ca56f7b38e7242,M2_vehicle_crossing,0.01189,0
c4f810396985181f,M2_vehicle_crossing,3,dc948f31a4fb002,M3_vru_crossing,0.012296,1
c4f810396985181f,M2_vehicle_crossing,4,e53427e70b8b956d,M6_temp_occupancy,0.017999,1
c4f810396985181f,M2_vehicle_crossing,5,7ec53982d954fb89,M6_temp_occupancy,0.018182,1
b8108d7a8e6d9b0f,M6_temp_occupancy,1,d37498e9d40b6473,M1_lead_slow_stop,0.043486,1
b8108d7a8e6d9b0f,M6_temp_occupancy,2,a766c68d1e0bfa43,M1_lead_slow_stop,0.052793,1
b8108d7a8e6d9b0f,M6_temp_occupancy,3,d257c85a10d5395,M3_vru_crossing,0.054492,1
b8108d7a8e6d9b0f,M6_temp_occupancy,4,e2e8717cc14408e5,M2_vehicle_crossing,0.055451,1
b8108d7a8e6d9b0f,M6_temp_occupancy,5,ee651f48b99ac793,M3_vru_crossing,0.069396,1
964835b104e546b7,M6_temp_occupancy,1,5f76aca0e8d6d060,M6_temp_occupancy,0.0,0
964835b104e546b7,M6_temp_occupancy,2,b18c133f146677a7,M2_vehicle_crossing,0.0,1
964835b104e546b7,M6_temp_occupancy,3,b1bc03805735b4e4,M3_vru_crossing,0.0,1
964835b104e546b7,M6_temp_occupancy,4,e765ea8a0b617a42,M3_vru_crossing,0.0,1
964835b104e546b7,M6_temp_occupancy,5,a47da157cf1535bb,M4_cut_in,0.0,1
6537fe33af0264c4,M4_cut_in,1,cfc488d11f8a14ac,M3_vru_crossing,0.02805,1
6537fe33af0264c4,M4_cut_in,2,16204a7755094bb7,M6_temp_occupancy,0.054314,1
6537fe33af0264c4,M4_cut_in,3,8589a58aaa319e10,M6_temp_occupancy,0.054314,1
6537fe33af0264c4,M4_cut_in,4,ec1490e87d122e61,M4_cut_in,0.078913,0
6537fe33af0264c4,M4_cut_in,5,eaddb9cfd4bdee3,M6_temp_occupancy,0.080838,1
8001dede9725b235,M2_vehicle_crossing,1,12dc24d313153b64,M4_cut_in,0.05121,1
8001dede9725b235,M2_vehicle_crossing,2,6bb19ed8fd73dcaa,M1_lead_slow_stop,0.061925,1
8001dede9725b235,M2_vehicle_crossing,3,205b9be4bd273c8,M5_merge,0.089493,1
8001dede9725b235,M2_vehicle_crossing,4,a7f18baa0d6428a,M2_vehicle_crossing,0.109468,0
8001dede9725b235,M2_vehicle_crossing,5,db8f0c4bca59d849,M1_lead_slow_stop,0.111073,1
bfb4079c7ce63a40,M4_cut_in,1,5f76aca0e8d6d060,M6_temp_occupancy,0.0,1
bfb4079c7ce63a40,M4_cut_in,2,b18c133f146677a7,M2_vehicle_crossing,0.0,1
bfb4079c7ce63a40,M4_cut_in,3,b1bc03805735b4e4,M3_vru_crossing,0.0,1
bfb4079c7ce63a40,M4_cut_in,4,e765ea8a0b617a42,M3_vru_crossing,0.0,1
bfb4079c7ce63a40,M4_cut_in,5,a47da157cf1535bb,M4_cut_in,0.0,0
83aaead1d047fcfd,M6_temp_occupancy,1,7c2ed9ab567e443f,M3_vru_crossing,0.0,1
83aaead1d047fcfd,M6_temp_occupancy,2,c757f0db71e9ac59,M2_vehicle_crossing,0.0,1
83aaead1d047fcfd,M6_temp_occupancy,3,9d2059d1b77947bc,M4_cut_in,0.0,1
83aaead1d047fcfd,M6_temp_occupancy,4,c1e9a535b80c7600,M5_merge,0.0,1
83aaead1d047fcfd,M6_temp_occupancy,5,26284a71f3345792,M2_vehicle_crossing,0.0,1
bdbf44d435f680cc,M3_vru_crossing,1,69563a34cb1da29d,M3_vru_crossing,0.006394,0
bdbf44d435f680cc,M3_vru_crossing,2,df4c6fa6c765ec1b,M3_vru_crossing,0.016095,0
bdbf44d435f680cc,M3_vru_crossing,3,7a54acbbcff5c08e,M3_vru_crossing,0.02518,0
bdbf44d435f680cc,M3_vru_crossing,4,4d6038940863ff85,M2_vehicle_crossing,0.032212,1
bdbf44d435f680cc,M3_vru_crossing,5,593b60d37e0756a3,M1_lead_slow_stop,0.034923,1
37579382cdbc7907,M3_vru_crossing,1,ab6bd2c279f34f6a,M3_vru_crossing,0.013409,0
37579382cdbc7907,M3_vru_crossing,2,c1829351929da04a,M2_vehicle_crossing,0.021993,1
37579382cdbc7907,M3_vru_crossing,3,febc54f23fd786b7,M3_vru_crossing,0.026808,0
37579382cdbc7907,M3_vru_crossing,4,230e1123fe6c5ae0,M3_vru_crossing,0.031548,0
37579382cdbc7907,M3_vru_crossing,5,e17b50b6b8aba55b,M6_temp_occupancy,0.032096,1
51aa6df10ffa1539,M4_cut_in,1,2a15bffe9d0283a6,M2_vehicle_crossing,0.023386,1
51aa6df10ffa1539,M4_cut_in,2,db2d22849b9faaeb,M4_cut_in,0.031124,0
51aa6df10ffa1539,M4_cut_in,3,793ca3974b95f19e,M5_merge,0.03182,1
51aa6df10ffa1539,M4_cut_in,4,a0ba5287bfa5fa01,M6_temp_occupancy,0.03182,1
51aa6df10ffa1539,M4_cut_in,5,d1005ff0ae21f95d,M5_merge,0.03182,1
46ed0d7e95c06e9c,M3_vru_crossing,1,6064f2415be71eba,M2_vehicle_crossing,0.047607,1
46ed0d7e95c06e9c,M3_vru_crossing,2,534768c085f72923,M6_temp_occupancy,0.047607,1
46ed0d7e95c06e9c,M3_vru_crossing,3,f8c0a8cecce3a643,M3_vru_crossing,0.052298,0
46ed0d7e95c06e9c,M3_vru_crossing,4,391579da819e88f8,M4_cut_in,0.052298,1
46ed0d7e95c06e9c,M3_vru_crossing,5,fb142b6dfa344e7d,M6_temp_occupancy,0.052298,1
f7d61c994f5c773,M3_vru_crossing,1,3921421d5571f009,M6_temp_occupancy,0.040253,1
f7d61c994f5c773,M3_vru_crossing,2,98915e2ef682a0ad,M2_vehicle_crossing,0.043904,1
f7d61c994f5c773,M3_vru_crossing,3,bc30f1a4671b4030,M1_lead_slow_stop,0.057267,1
f7d61c994f5c773,M3_vru_crossing,4,a70f5b2aa2077f39,M1_lead_slow_stop,0.05915,1
f7d61c994f5c773,M3_vru_crossing,5,586f01a84f58f4ad,M3_vru_crossing,0.059863,0
3921421d5571f009,M6_temp_occupancy,1,98915e2ef682a0ad,M2_vehicle_crossing,0.037486,1
3921421d5571f009,M6_temp_occupancy,2,f7d61c994f5c773,M3_vru_crossing,0.040253,1
3921421d5571f009,M6_temp_occupancy,3,a70f5b2aa2077f39,M1_lead_slow_stop,0.040682,1
3921421d5571f009,M6_temp_occupancy,4,dc948f31a4fb002,M3_vru_crossing,0.051707,1
3921421d5571f009,M6_temp_occupancy,5,586f01a84f58f4ad,M3_vru_crossing,0.054058,1
89a5c1dd7b5e34e2,M1_lead_slow_stop,1,d1d63331ff4d4642,M1_lead_slow_stop,0.014205,0
89a5c1dd7b5e34e2,M1_lead_slow_stop,2,39bd73db0d742122,M5_merge,0.016549,1
89a5c1dd7b5e34e2,M1_lead_slow_stop,3,1769632bbd68d1c1,M5_merge,0.016551,1
89a5c1dd7b5e34e2,M1_lead_slow_stop,4,9c08d46cf7d1aaaa,M1_lead_slow_stop,0.017649,0
89a5c1dd7b5e34e2,M1_lead_slow_stop,5,d81ce363e8e76181,M5_merge,0.017791,1
1a12220e6534c2e2,M5_merge,1,443c9fa41bef7e1c,M6_temp_occupancy,0.001948,1
1a12220e6534c2e2,M5_merge,2,47b9320b31ab33ac,M4_cut_in,0.002104,1
1a12220e6534c2e2,M5_merge,3,793ca3974b95f19e,M5_merge,0.002104,0
1a12220e6534c2e2,M5_merge,4,a0ba5287bfa5fa01,M6_temp_occupancy,0.002104,1
1a12220e6534c2e2,M5_merge,5,3a6c26ba1a3aaad6,M4_cut_in,0.002104,1
ca571aa786fe0edc,M3_vru_crossing,1,db2d22849b9faaeb,M4_cut_in,0.035501,1
ca571aa786fe0edc,M3_vru_crossing,2,e73bfd50912a81c2,M5_merge,0.035977,1
ca571aa786fe0edc,M3_vru_crossing,3,33baa7bec0df48e6,M6_temp_occupancy,0.036134,1
ca571aa786fe0edc,M3_vru_crossing,4,793ca3974b95f19e,M5_merge,0.036196,1
ca571aa786fe0edc,M3_vru_crossing,5,d1005ff0ae21f95d,M5_merge,0.036196,1
15dd8b00811682c6,M6_temp_occupancy,1,7c2ed9ab567e443f,M3_vru_crossing,0.0,1
15dd8b00811682c6,M6_temp_occupancy,2,c757f0db71e9ac59,M2_vehicle_crossing,0.0,1
15dd8b00811682c6,M6_temp_occupancy,3,9d2059d1b77947bc,M4_cut_in,0.0,1
15dd8b00811682c6,M6_temp_occupancy,4,c1e9a535b80c7600,M5_merge,0.0,1
15dd8b00811682c6,M6_temp_occupancy,5,26284a71f3345792,M2_vehicle_crossing,0.0,1
7f159fbdf79377cf,M4_cut_in,1,86e25df75a6995f4,M1_lead_slow_stop,0.002257,1
7f159fbdf79377cf,M4_cut_in,2,831e9f7c915d9a33,M2_vehicle_crossing,0.002516,1
7f159fbdf79377cf,M4_cut_in,3,31ae19fdb4f075ba,M5_merge,0.002708,1
7f159fbdf79377cf,M4_cut_in,4,8191df8947207928,M1_lead_slow_stop,0.004943,1
7f159fbdf79377cf,M4_cut_in,5,612bd3de9ba8eb4b,M4_cut_in,0.005265,0
8387e91c8d9ef4e5,M1_lead_slow_stop,1,86e4585ee70fd316,M1_lead_slow_stop,0.017866,0
8387e91c8d9ef4e5,M1_lead_slow_stop,2,305237d2a2712dd3,M1_lead_slow_stop,0.019584,0
8387e91c8d9ef4e5,M1_lead_slow_stop,3,c36348cd92f7095b,M1_lead_slow_stop,0.020718,0
8387e91c8d9ef4e5,M1_lead_slow_stop,4,4a48386f6b1d24d5,M1_lead_slow_stop,0.020886,0
8387e91c8d9ef4e5,M1_lead_slow_stop,5,f2abf57c98faabf3,M1_lead_slow_stop,0.020918,0
2d25cf74c78398d6,M1_lead_slow_stop,1,533ebc889bf91c14,M1_lead_slow_stop,7.3e-05,0
2d25cf74c78398d6,M1_lead_slow_stop,2,16423aee2f237dfd,M1_lead_slow_stop,7.3e-05,0
2d25cf74c78398d6,M1_lead_slow_stop,3,1784b3c9084080c2,M1_lead_slow_stop,0.000439,0
2d25cf74c78398d6,M1_lead_slow_stop,4,b06bfeb1c578e77,M1_lead_slow_stop,0.000915,0
2d25cf74c78398d6,M1_lead_slow_stop,5,df45bb47c8a8b6fa,M1_lead_slow_stop,0.000917,0
2a15bffe9d0283a6,M2_vehicle_crossing,1,51aa6df10ffa1539,M4_cut_in,0.023386,1
2a15bffe9d0283a6,M2_vehicle_crossing,2,7adf4f9685f36ea6,M5_merge,0.024314,1
2a15bffe9d0283a6,M2_vehicle_crossing,3,70dffe26f853a7ef,M2_vehicle_crossing,0.02549,0
2a15bffe9d0283a6,M2_vehicle_crossing,4,582aae15098c3428,M2_vehicle_crossing,0.037207,0
2a15bffe9d0283a6,M2_vehicle_crossing,5,7d68b3426a9bb6ad,M2_vehicle_crossing,0.040837,0
567e972333c9f8d2,M2_vehicle_crossing,1,793ca3974b95f19e,M5_merge,0.0,1
567e972333c9f8d2,M2_vehicle_crossing,2,d1005ff0ae21f95d,M5_merge,0.0,1
567e972333c9f8d2,M2_vehicle_crossing,3,47b9320b31ab33ac,M4_cut_in,0.0,1
567e972333c9f8d2,M2_vehicle_crossing,4,bda923bbd61198da,M4_cut_in,0.0,1
567e972333c9f8d2,M2_vehicle_crossing,5,a0ba5287bfa5fa01,M6_temp_occupancy,0.0,1
88d928bedcb34c09,M4_cut_in,1,ba626816eab28971,M2_vehicle_crossing,0.013305,1
88d928bedcb34c09,M4_cut_in,2,52a0f8dd9925ef2f,M5_merge,0.025461,1
88d928bedcb34c09,M4_cut_in,3,d63a72ef3cd6a570,M1_lead_slow_stop,0.034409,1
88d928bedcb34c09,M4_cut_in,4,e0849e47fc78ca2a,M1_lead_slow_stop,0.035672,1
88d928bedcb34c09,M4_cut_in,5,c0b0cf92f425dd27,M4_cut_in,0.042446,0
5a375264f6e08467,M3_vru_crossing,1,82db149ce5803678,M6_temp_occupancy,0.015761,1
5a375264f6e08467,M3_vru_crossing,2,e9e36d08e891398b,M3_vru_crossing,0.017751,0
5a375264f6e08467,M3_vru_crossing,3,e17b50b6b8aba55b,M6_temp_occupancy,0.017914,1
5a375264f6e08467,M3_vru_crossing,4,1b7882c46e1bb5be,M6_temp_occupancy,0.018154,1
5a375264f6e08467,M3_vru_crossing,5,a77a96465790bde4,M3_vru_crossing,0.019402,0
17b25328341276d5,M5_merge,1,a568f52e21a784d9,M5_merge,0.000256,0
17b25328341276d5,M5_merge,2,793ca3974b95f19e,M5_merge,0.00026,0
17b25328341276d5,M5_merge,3,d1005ff0ae21f95d,M5_merge,0.00026,0
17b25328341276d5,M5_merge,4,a0ba5287bfa5fa01,M6_temp_occupancy,0.00026,1
17b25328341276d5,M5_merge,5,3a6c26ba1a3aaad6,M4_cut_in,0.00026,1
a9d519a871369ec9,M5_merge,1,793ca3974b95f19e,M5_merge,0.0,0
a9d519a871369ec9,M5_merge,2,d1005ff0ae21f95d,M5_merge,0.0,0
a9d519a871369ec9,M5_merge,3,47b9320b31ab33ac,M4_cut_in,0.0,1
a9d519a871369ec9,M5_merge,4,bda923bbd61198da,M4_cut_in,0.0,1
a9d519a871369ec9,M5_merge,5,a0ba5287bfa5fa01,M6_temp_occupancy,0.0,1
79c076bb5b2087ca,M6_temp_occupancy,1,f4f8114477b9d87,M6_temp_occupancy,0.075421,0
79c076bb5b2087ca,M6_temp_occupancy,2,aff1b25771a6b4e5,M1_lead_slow_stop,0.096655,1
79c076bb5b2087ca,M6_temp_occupancy,3,5f76aca0e8d6d060,M6_temp_occupancy,0.105469,0
79c076bb5b2087ca,M6_temp_occupancy,4,e765ea8a0b617a42,M3_vru_crossing,0.105469,1
79c076bb5b2087ca,M6_temp_occupancy,5,b18c133f146677a7,M2_vehicle_crossing,0.105469,1
c66a695593bbb676,M3_vru_crossing,1,1d083ebbbe36e48d,M4_cut_in,0.02821,1
c66a695593bbb676,M3_vru_crossing,2,ef74ec33e9f467eb,M3_vru_crossing,0.029641,0
c66a695593bbb676,M3_vru_crossing,3,645144353bbfdecc,M2_vehicle_crossing,0.036169,1
c66a695593bbb676,M3_vru_crossing,4,5c667f775158d5c6,M3_vru_crossing,0.039903,0
c66a695593bbb676,M3_vru_crossing,5,d1874810bd087f05,M2_vehicle_crossing,0.041793,1
180ce0d9525fefad,M5_merge,1,aff1b25771a6b4e5,M1_lead_slow_stop,0.063205,1
180ce0d9525fefad,M5_merge,2,6646d8a4c3d41f86,M5_merge,0.06406,0
180ce0d9525fefad,M5_merge,3,22b89ada4ddaaa3e,M5_merge,0.065483,0
180ce0d9525fefad,M5_merge,4,7d68b3426a9bb6ad,M2_vehicle_crossing,0.065534,1
180ce0d9525fefad,M5_merge,5,338402ef9081de8e,M5_merge,0.065631,0
a577bd257f31c6b3,M2_vehicle_crossing,1,7c2ed9ab567e443f,M3_vru_crossing,0.0,1
a577bd257f31c6b3,M2_vehicle_crossing,2,c757f0db71e9ac59,M2_vehicle_crossing,0.0,0
a577bd257f31c6b3,M2_vehicle_crossing,3,9d2059d1b77947bc,M4_cut_in,0.0,1
a577bd257f31c6b3,M2_vehicle_crossing,4,c1e9a535b80c7600,M5_merge,0.0,1
a577bd257f31c6b3,M2_vehicle_crossing,5,26284a71f3345792,M2_vehicle_crossing,0.0,0
ee8a56fbf694ea41,M4_cut_in,1,1e98bdb2802fdab1,M3_vru_crossing,0.002028,1
ee8a56fbf694ea41,M4_cut_in,2,9c8c3c7431089e90,M4_cut_in,0.002116,0
ee8a56fbf694ea41,M4_cut_in,3,270199473a16315,M2_vehicle_crossing,0.002618,1
ee8a56fbf694ea41,M4_cut_in,4,2691891bbf109269,M4_cut_in,0.004344,0
ee8a56fbf694ea41,M4_cut_in,5,68fd9de9ecd79093,M1_lead_slow_stop,0.004368,1
b917f507b35f5b17,M2_vehicle_crossing,1,e03381a1e69875df,M5_merge,0.086366,1
b917f507b35f5b17,M2_vehicle_crossing,2,2b77998b1f344810,M1_lead_slow_stop,0.099165,1
b917f507b35f5b17,M2_vehicle_crossing,3,dcfab9621bc1420,M4_cut_in,0.105436,1
b917f507b35f5b17,M2_vehicle_crossing,4,fe2d2a81d65a9c2d,M2_vehicle_crossing,0.109803,0
b917f507b35f5b17,M2_vehicle_crossing,5,a8c0edb805dca37b,M4_cut_in,0.113709,1
e3b4e3f3a09617e4,M1_lead_slow_stop,1,3f555b82bde102fc,M6_temp_occupancy,0.052363,1
e3b4e3f3a09617e4,M1_lead_slow_stop,2,f5cf95b720b572f9,M6_temp_occupancy,0.064307,1
e3b4e3f3a09617e4,M1_lead_slow_stop,3,193973f267c0e3f8,M1_lead_slow_stop,0.06693,0
e3b4e3f3a09617e4,M1_lead_slow_stop,4,8fe7e309e8650a73,M4_cut_in,0.076187,1
e3b4e3f3a09617e4,M1_lead_slow_stop,5,18593071c0511bb8,M1_lead_slow_stop,0.078352,0
daaefd02b2e087b4,M4_cut_in,1,793ca3974b95f19e,M5_merge,0.011719,1
daaefd02b2e087b4,M4_cut_in,2,47b9320b31ab33ac,M4_cut_in,0.011719,0
daaefd02b2e087b4,M4_cut_in,3,d1005ff0ae21f95d,M5_merge,0.011719,1
daaefd02b2e087b4,M4_cut_in,4,a0ba5287bfa5fa01,M6_temp_occupancy,0.011719,1
daaefd02b2e087b4,M4_cut_in,5,3a6c26ba1a3aaad6,M4_cut_in,0.011719,0
11baee9e26708b28,M2_vehicle_crossing,1,f36d556878508d27,M5_merge,0.07442,1
11baee9e26708b28,M2_vehicle_crossing,2,624d07c6cf70dc90,M4_cut_in,0.074998,1
11baee9e26708b28,M2_vehicle_crossing,3,5c7ecedbcbb18b21,M5_merge,0.077242,1
11baee9e26708b28,M2_vehicle_crossing,4,a530b3c1fbc880a3,M4_cut_in,0.078646,1
11baee9e26708b28,M2_vehicle_crossing,5,5a9136943505a0c8,M4_cut_in,0.080756,1
6646d8a4c3d41f86,M5_merge,1,7d68b3426a9bb6ad,M2_vehicle_crossing,0.002305,1
6646d8a4c3d41f86,M5_merge,2,22b89ada4ddaaa3e,M5_merge,0.002415,0
6646d8a4c3d41f86,M5_merge,3,59a52add08359a02,M4_cut_in,0.003039,1
6646d8a4c3d41f86,M5_merge,4,38fc99d2b91ace4f,M2_vehicle_crossing,0.00375,1
6646d8a4c3d41f86,M5_merge,5,582aae15098c3428,M2_vehicle_crossing,0.006789,1
315116b299899d4c,M4_cut_in,1,5b48eebb6ae9a031,M1_lead_slow_stop,0.000116,1
315116b299899d4c,M4_cut_in,2,e79fba949827442,M4_cut_in,0.000117,0
315116b299899d4c,M4_cut_in,3,c757f0db71e9ac59,M2_vehicle_crossing,0.00036,1
315116b299899d4c,M4_cut_in,4,9d2059d1b77947bc,M4_cut_in,0.00036,0
315116b299899d4c,M4_cut_in,5,26284a71f3345792,M2_vehicle_crossing,0.00036,1
d81ce363e8e76181,M5_merge,1,9bfc9cb152799616,M5_merge,0.004282,0
d81ce363e8e76181,M5_merge,2,2f062e60ee68c1a5,M5_merge,0.007036,0
d81ce363e8e76181,M5_merge,3,39bd73db0d742122,M5_merge,0.010085,0
d81ce363e8e76181,M5_merge,4,1769632bbd68d1c1,M5_merge,0.0101,0
d81ce363e8e76181,M5_merge,5,7ea9286f24b35ce,M5_merge,0.011184,0
d3ccf3a60c94897b,M6_temp_occupancy,1,5f76aca0e8d6d060,M6_temp_occupancy,0.0,0
d3ccf3a60c94897b,M6_temp_occupancy,2,b18c133f146677a7,M2_vehicle_crossing,0.0,1
d3ccf3a60c94897b,M6_temp_occupancy,3,b1bc03805735b4e4,M3_vru_crossing,0.0,1
d3ccf3a60c94897b,M6_temp_occupancy,4,e765ea8a0b617a42,M3_vru_crossing,0.0,1
d3ccf3a60c94897b,M6_temp_occupancy,5,a47da157cf1535bb,M4_cut_in,0.0,1
e462adf60f7b5453,M4_cut_in,1,63418b1539331901,M5_merge,0.006355,1
e462adf60f7b5453,M4_cut_in,2,5f9a42f8298a9eea,M5_merge,0.007812,1
e462adf60f7b5453,M4_cut_in,3,5e6868e3cf3bf22e,M2_vehicle_crossing,0.008704,1
e462adf60f7b5453,M4_cut_in,4,a33abe19dd2ad254,M5_merge,0.012321,1
e462adf60f7b5453,M4_cut_in,5,179359c3a28d98bc,M4_cut_in,0.015625,0
3392709446e04b2e,M3_vru_crossing,1,22a1e427c28a77ad,M3_vru_crossing,0.054145,0
3392709446e04b2e,M3_vru_crossing,2,7a54acbbcff5c08e,M3_vru_crossing,0.071598,0
3392709446e04b2e,M3_vru_crossing,3,56ccc5750f15ed5f,M1_lead_slow_stop,0.076534,1
3392709446e04b2e,M3_vru_crossing,4,593b60d37e0756a3,M1_lead_slow_stop,0.081374,1
3392709446e04b2e,M3_vru_crossing,5,ef0327f14ab3efa0,M3_vru_crossing,0.081562,0
b44d525c54204290,M5_merge,1,b2893c00477b7f2e,M5_merge,0.03125,0
b44d525c54204290,M5_merge,2,aae6f5e257d7ae7b,M4_cut_in,0.03468,1
b44d525c54204290,M5_merge,3,3a9e27b39d34f3ab,M4_cut_in,0.035156,1
b44d525c54204290,M5_merge,4,beab8af24d4e6e00,M1_lead_slow_stop,0.035156,1
b44d525c54204290,M5_merge,5,1b8e18bccbb016c7,M5_merge,0.035156,0
c6229e407151955,M4_cut_in,1,7c2ed9ab567e443f,M3_vru_crossing,0.0,1
c6229e407151955,M4_cut_in,2,c757f0db71e9ac59,M2_vehicle_crossing,0.0,1
c6229e407151955,M4_cut_in,3,9d2059d1b77947bc,M4_cut_in,0.0,0
c6229e407151955,M4_cut_in,4,c1e9a535b80c7600,M5_merge,0.0,1
c6229e407151955,M4_cut_in,5,26284a71f3345792,M2_vehicle_crossing,0.0,1
335d32f832e5f076,M5_merge,1,31ae19fdb4f075ba,M5_merge,0.014395,0
335d32f832e5f076,M5_merge,2,b080b8a75de6f465,M5_merge,0.016043,0
335d32f832e5f076,M5_merge,3,6e1eda0e7ef91e27,M5_merge,0.016259,0
335d32f832e5f076,M5_merge,4,612bd3de9ba8eb4b,M4_cut_in,0.016446,1
335d32f832e5f076,M5_merge,5,7f159fbdf79377cf,M4_cut_in,0.016983,1
d58bbf57267f9fab,M4_cut_in,1,d1874810bd087f05,M2_vehicle_crossing,0.008814,1
d58bbf57267f9fab,M4_cut_in,2,4ef7d4e590e80eef,M3_vru_crossing,0.010821,1
d58bbf57267f9fab,M4_cut_in,3,fa6889c637e04a42,M3_vru_crossing,0.013842,1
d58bbf57267f9fab,M4_cut_in,4,6b6f521ecacbd19f,M3_vru_crossing,0.017504,1
d58bbf57267f9fab,M4_cut_in,5,a7bda27624b52639,M1_lead_slow_stop,0.01831,1
6e1e3cbc291ef7,M1_lead_slow_stop,1,a0a7a5764d3e2c97,M1_lead_slow_stop,0.016288,0
6e1e3cbc291ef7,M1_lead_slow_stop,2,94c25b4be74d177b,M1_lead_slow_stop,0.018035,0
6e1e3cbc291ef7,M1_lead_slow_stop,3,8f228d2e5a4fae1e,M1_lead_slow_stop,0.021641,0
6e1e3cbc291ef7,M1_lead_slow_stop,4,af8d2b2e7bf74387,M1_lead_slow_stop,0.022469,0
6e1e3cbc291ef7,M1_lead_slow_stop,5,f1eead8948b039b3,M1_lead_slow_stop,0.022712,0
4a48386f6b1d24d5,M1_lead_slow_stop,1,1784b3c9084080c2,M1_lead_slow_stop,0.000526,0
4a48386f6b1d24d5,M1_lead_slow_stop,2,16423aee2f237dfd,M1_lead_slow_stop,0.000874,0
4a48386f6b1d24d5,M1_lead_slow_stop,3,533ebc889bf91c14,M1_lead_slow_stop,0.000874,0
4a48386f6b1d24d5,M1_lead_slow_stop,4,2d25cf74c78398d6,M1_lead_slow_stop,0.000948,0
4a48386f6b1d24d5,M1_lead_slow_stop,5,305237d2a2712dd3,M1_lead_slow_stop,0.00135,0
c1a7220be20f184c,M2_vehicle_crossing,1,793ca3974b95f19e,M5_merge,0.0,1
c1a7220be20f184c,M2_vehicle_crossing,2,d1005ff0ae21f95d,M5_merge,0.0,1
c1a7220be20f184c,M2_vehicle_crossing,3,47b9320b31ab33ac,M4_cut_in,0.0,1
c1a7220be20f184c,M2_vehicle_crossing,4,bda923bbd61198da,M4_cut_in,0.0,1
c1a7220be20f184c,M2_vehicle_crossing,5,a0ba5287bfa5fa01,M6_temp_occupancy,0.0,1
86ea7ff0250ae8b2,M6_temp_occupancy,1,7c2ed9ab567e443f,M3_vru_crossing,0.0,1
86ea7ff0250ae8b2,M6_temp_occupancy,2,c757f0db71e9ac59,M2_vehicle_crossing,0.0,1
86ea7ff0250ae8b2,M6_temp_occupancy,3,9d2059d1b77947bc,M4_cut_in,0.0,1
86ea7ff0250ae8b2,M6_temp_occupancy,4,c1e9a535b80c7600,M5_merge,0.0,1
86ea7ff0250ae8b2,M6_temp_occupancy,5,26284a71f3345792,M2_vehicle_crossing,0.0,1
3e5656d9a79ebc2d,M3_vru_crossing,1,5f76aca0e8d6d060,M6_temp_occupancy,0.0,1
3e5656d9a79ebc2d,M3_vru_crossing,2,b18c133f146677a7,M2_vehicle_crossing,0.0,1
3e5656d9a79ebc2d,M3_vru_crossing,3,b1bc03805735b4e4,M3_vru_crossing,0.0,0
3e5656d9a79ebc2d,M3_vru_crossing,4,e765ea8a0b617a42,M3_vru_crossing,0.0,0
3e5656d9a79ebc2d,M3_vru_crossing,5,a47da157cf1535bb,M4_cut_in,0.0,1
e9e36d08e891398b,M3_vru_crossing,1,d70bd171d452a911,M6_temp_occupancy,0.012139,1
e9e36d08e891398b,M3_vru_crossing,2,58d55d4e683aa30c,M4_cut_in,0.014946,1
e9e36d08e891398b,M3_vru_crossing,3,c4a6a9720515bbc5,M2_vehicle_crossing,0.015144,1
e9e36d08e891398b,M3_vru_crossing,4,a7bda27624b52639,M1_lead_slow_stop,0.016164,1
e9e36d08e891398b,M3_vru_crossing,5,5a375264f6e08467,M3_vru_crossing,0.017751,0
f1eead8948b039b3,M1_lead_slow_stop,1,8f228d2e5a4fae1e,M1_lead_slow_stop,0.001079,0
f1eead8948b039b3,M1_lead_slow_stop,2,b1d458988d0b5eae,M1_lead_slow_stop,0.003335,0
f1eead8948b039b3,M1_lead_slow_stop,3,af8d2b2e7bf74387,M1_lead_slow_stop,0.009327,0
f1eead8948b039b3,M1_lead_slow_stop,4,94c25b4be74d177b,M1_lead_slow_stop,0.0163,0
f1eead8948b039b3,M1_lead_slow_stop,5,46be633224ba688d,M1_lead_slow_stop,0.017351,0
d27136ce55af0d05,M6_temp_occupancy,1,4f663890025eab46,M6_temp_occupancy,0.021354,0
d27136ce55af0d05,M6_temp_occupancy,2,f804b2352d0791d2,M6_temp_occupancy,0.055879,0
d27136ce55af0d05,M6_temp_occupancy,3,22a1e427c28a77ad,M3_vru_crossing,0.092899,1
d27136ce55af0d05,M6_temp_occupancy,4,b2bbecd9aa7c99d8,M2_vehicle_crossing,0.102194,1
d27136ce55af0d05,M6_temp_occupancy,5,96a816b2f4b62e88,M1_lead_slow_stop,0.113482,1
ada91b10b7953974,M3_vru_crossing,1,5401f9f7a98e3b87,M1_lead_slow_stop,0.00239,1
ada91b10b7953974,M3_vru_crossing,2,12b591f1cf3a512f,M5_merge,0.004766,1
ada91b10b7953974,M3_vru_crossing,3,be509a6ffaaa9637,M6_temp_occupancy,0.005393,1
ada91b10b7953974,M3_vru_crossing,4,76c55e81fb37f2ac,M3_vru_crossing,0.005909,0
ada91b10b7953974,M3_vru_crossing,5,5457633fb7cfc786,M2_vehicle_crossing,0.007277,1
c36348cd92f7095b,M1_lead_slow_stop,1,f2abf57c98faabf3,M1_lead_slow_stop,0.000201,0
c36348cd92f7095b,M1_lead_slow_stop,2,683cae1a10f71fcd,M1_lead_slow_stop,0.000883,0
c36348cd92f7095b,M1_lead_slow_stop,3,df45bb47c8a8b6fa,M1_lead_slow_stop,0.000884,0
c36348cd92f7095b,M1_lead_slow_stop,4,b06bfeb1c578e77,M1_lead_slow_stop,0.000886,0
c36348cd92f7095b,M1_lead_slow_stop,5,2d25cf74c78398d6,M1_lead_slow_stop,0.001801,0
63418b1539331901,M5_merge,1,e462adf60f7b5453,M4_cut_in,0.006355,1
63418b1539331901,M5_merge,2,5e6868e3cf3bf22e,M2_vehicle_crossing,0.008029,1
63418b1539331901,M5_merge,3,5f9a42f8298a9eea,M5_merge,0.014167,0
63418b1539331901,M5_merge,4,a33abe19dd2ad254,M5_merge,0.017471,0
63418b1539331901,M5_merge,5,ac36bc6d71571082,M2_vehicle_crossing,0.02198,1
f432b7291cdb4115,M4_cut_in,1,ef15a936dcbdae22,M5_merge,0.001034,1
f432b7291cdb4115,M4_cut_in,2,a22e67eb167f1d0f,M5_merge,0.001247,1
f432b7291cdb4115,M4_cut_in,3,17b25328341276d5,M5_merge,0.003873,1
f432b7291cdb4115,M4_cut_in,4,a568f52e21a784d9,M5_merge,0.004113,1
f432b7291cdb4115,M4_cut_in,5,793ca3974b95f19e,M5_merge,0.004117,1
ef74ec33e9f467eb,M3_vru_crossing,1,645144353bbfdecc,M2_vehicle_crossing,0.023689,1
ef74ec33e9f467eb,M3_vru_crossing,2,ab6bd2c279f34f6a,M3_vru_crossing,0.027414,0
ef74ec33e9f467eb,M3_vru_crossing,3,c66a695593bbb676,M3_vru_crossing,0.029641,0
ef74ec33e9f467eb,M3_vru_crossing,4,e17b50b6b8aba55b,M6_temp_occupancy,0.032534,1
ef74ec33e9f467eb,M3_vru_crossing,5,d58bbf57267f9fab,M4_cut_in,0.034039,1
68d9bc6afeb45562,M2_vehicle_crossing,1,c9b89aa89fab08d3,M4_cut_in,0.039396,1
68d9bc6afeb45562,M2_vehicle_crossing,2,88d928bedcb34c09,M4_cut_in,0.060652,1
68d9bc6afeb45562,M2_vehicle_crossing,3,52a0f8dd9925ef2f,M5_merge,0.061455,1
68d9bc6afeb45562,M2_vehicle_crossing,4,ee651f48b99ac793,M3_vru_crossing,0.063256,1
68d9bc6afeb45562,M2_vehicle_crossing,5,ba626816eab28971,M2_vehicle_crossing,0.07233,0
3b2734e62ea77e0b,M2_vehicle_crossing,1,675099d84cf0212,M4_cut_in,0.0516,1
3b2734e62ea77e0b,M2_vehicle_crossing,2,b1dab228a8902a1a,M5_merge,0.052106,1
3b2734e62ea77e0b,M2_vehicle_crossing,3,627c9e858445e526,M2_vehicle_crossing,0.077009,0
3b2734e62ea77e0b,M2_vehicle_crossing,4,41e5d0a14afc65fe,M5_merge,0.083825,1
3b2734e62ea77e0b,M2_vehicle_crossing,5,476bce23b3e638d5,M2_vehicle_crossing,0.092982,0
4c66a1ff494d0326,M5_merge,1,a3b3a764aab8ba8f,M1_lead_slow_stop,0.012756,1
4c66a1ff494d0326,M5_merge,2,c1332ddc8f341b8c,M5_merge,0.049541,0
4c66a1ff494d0326,M5_merge,3,7deccdd519c13352,M2_vehicle_crossing,0.060074,1
4c66a1ff494d0326,M5_merge,4,ec1490e87d122e61,M4_cut_in,0.060291,1
4c66a1ff494d0326,M5_merge,5,949fd82d6e44a34d,M2_vehicle_crossing,0.066285,1
5c667f775158d5c6,M3_vru_crossing,1,39d2af1de320da61,M3_vru_crossing,0.015099,0
5c667f775158d5c6,M3_vru_crossing,2,fa6889c637e04a42,M3_vru_crossing,0.015623,0
5c667f775158d5c6,M3_vru_crossing,3,68fd9de9ecd79093,M1_lead_slow_stop,0.016077,1
5c667f775158d5c6,M3_vru_crossing,4,270199473a16315,M2_vehicle_crossing,0.016224,1
5c667f775158d5c6,M3_vru_crossing,5,df00457ce0737194,M3_vru_crossing,0.016325,0
7f65791db2146b65,M3_vru_crossing,1,501d70fe64c7306f,M4_cut_in,0.078125,1
7f65791db2146b65,M3_vru_crossing,2,8dfa61df6468c4b0,M3_vru_crossing,0.078125,0
7f65791db2146b65,M3_vru_crossing,3,46ed0d7e95c06e9c,M3_vru_crossing,0.093598,0
7f65791db2146b65,M3_vru_crossing,4,828d5e60ba898919,M3_vru_crossing,0.099726,0
7f65791db2146b65,M3_vru_crossing,5,e00e8f2f8643f2e,M4_cut_in,0.101562,1
44b68799dbb7da70,M6_temp_occupancy,1,5e6868e3cf3bf22e,M2_vehicle_crossing,0.029772,1
44b68799dbb7da70,M6_temp_occupancy,2,5f9a42f8298a9eea,M5_merge,0.030899,1
44b68799dbb7da70,M6_temp_occupancy,3,e462adf60f7b5453,M4_cut_in,0.030899,1
44b68799dbb7da70,M6_temp_occupancy,4,63418b1539331901,M5_merge,0.034428,1
44b68799dbb7da70,M6_temp_occupancy,5,a33abe19dd2ad254,M5_merge,0.034807,1
1a7ff74577475c4a,M3_vru_crossing,1,9f2afbd2995369db,M4_cut_in,0.043913,1
1a7ff74577475c4a,M3_vru_crossing,2,c4edbe4985f2d06d,M4_cut_in,0.068914,1
1a7ff74577475c4a,M3_vru_crossing,3,338402ef9081de8e,M5_merge,0.069174,1
1a7ff74577475c4a,M3_vru_crossing,4,5c7ecedbcbb18b21,M5_merge,0.07009,1
1a7ff74577475c4a,M3_vru_crossing,5,fc2b51fef48a323,M3_vru_crossing,0.071065,0
1fb56b3dc02f219,M5_merge,1,6e1eda0e7ef91e27,M5_merge,0.001415,0
1fb56b3dc02f219,M5_merge,2,b080b8a75de6f465,M5_merge,0.001563,0
1fb56b3dc02f219,M5_merge,3,1650ec864aa4a2fe,M4_cut_in,0.003131,1
1fb56b3dc02f219,M5_merge,4,79408bcec5803f6a,M5_merge,0.003218,0
1fb56b3dc02f219,M5_merge,5,31ae19fdb4f075ba,M5_merge,0.006207,0
8f0d6e6621ba2e93,M1_lead_slow_stop,1,c0b0cf92f425dd27,M4_cut_in,0.077173,1
8f0d6e6621ba2e93,M1_lead_slow_stop,2,e0849e47fc78ca2a,M1_lead_slow_stop,0.079456,0
8f0d6e6621ba2e93,M1_lead_slow_stop,3,8387e91c8d9ef4e5,M1_lead_slow_stop,0.089195,0
8f0d6e6621ba2e93,M1_lead_slow_stop,4,d63a72ef3cd6a570,M1_lead_slow_stop,0.091793,0
8f0d6e6621ba2e93,M1_lead_slow_stop,5,ba626816eab28971,M2_vehicle_crossing,0.101529,1
f31626a269c44694,M6_temp_occupancy,1,89242baa45d9460f,M6_temp_occupancy,0.038466,0
f31626a269c44694,M6_temp_occupancy,2,c12a9f85df574fa5,M4_cut_in,0.044822,1
f31626a269c44694,M6_temp_occupancy,3,511061c17dcf9cfd,M3_vru_crossing,0.051423,1
f31626a269c44694,M6_temp_occupancy,4,f1eead8948b039b3,M1_lead_slow_stop,0.051714,1
f31626a269c44694,M6_temp_occupancy,5,8f228d2e5a4fae1e,M1_lead_slow_stop,0.052618,1
7cbf0e765fca9e76,M5_merge,1,793ca3974b95f19e,M5_merge,0.0,0
7cbf0e765fca9e76,M5_merge,2,d1005ff0ae21f95d,M5_merge,0.0,0
7cbf0e765fca9e76,M5_merge,3,47b9320b31ab33ac,M4_cut_in,0.0,1
7cbf0e765fca9e76,M5_merge,4,bda923bbd61198da,M4_cut_in,0.0,1
7cbf0e765fca9e76,M5_merge,5,a0ba5287bfa5fa01,M6_temp_occupancy,0.0,1
476bce23b3e638d5,M2_vehicle_crossing,1,2e10359a52c4c299,M6_temp_occupancy,0.035236,1
476bce23b3e638d5,M2_vehicle_crossing,2,41e5d0a14afc65fe,M5_merge,0.041406,1
476bce23b3e638d5,M2_vehicle_crossing,3,e8f0bb32d5de2d24,M5_merge,0.042834,1
476bce23b3e638d5,M2_vehicle_crossing,4,675099d84cf0212,M4_cut_in,0.055518,1
476bce23b3e638d5,M2_vehicle_crossing,5,7deccdd519c13352,M2_vehicle_crossing,0.071081,0
51d387a7e090adc5,M3_vru_crossing,1,d1c30693ca04bbf4,M6_temp_occupancy,0.047468,1
51d387a7e090adc5,M3_vru_crossing,2,a05540d6a0f4e3ab,M1_lead_slow_stop,0.052886,1
51d387a7e090adc5,M3_vru_crossing,3,7ae4b0661a825cbe,M6_temp_occupancy,0.055547,1
51d387a7e090adc5,M3_vru_crossing,4,62bad9e61da6dc44,M1_lead_slow_stop,0.066296,1
51d387a7e090adc5,M3_vru_crossing,5,d24010aa6888e4e5,M6_temp_occupancy,0.067236,1
7ec53982d954fb89,M6_temp_occupancy,1,5618d078fc67e99f,M6_temp_occupancy,0.000929,0
7ec53982d954fb89,M6_temp_occupancy,2,c7a26ee2a91219bc,M6_temp_occupancy,0.002861,0
7ec53982d954fb89,M6_temp_occupancy,3,8e1563974ac020a1,M6_temp_occupancy,0.003287,0
7ec53982d954fb89,M6_temp_occupancy,4,cfc120339602119,M4_cut_in,0.003287,1
7ec53982d954fb89,M6_temp_occupancy,5,78b120a22bfd9f46,M4_cut_in,0.003531,1
f5cf95b720b572f9,M6_temp_occupancy,1,3f555b82bde102fc,M6_temp_occupancy,0.029675,0
f5cf95b720b572f9,M6_temp_occupancy,2,22c359415a84f49e,M2_vehicle_crossing,0.057543,1
f5cf95b720b572f9,M6_temp_occupancy,3,6e35ffca282009ab,M4_cut_in,0.061024,1
f5cf95b720b572f9,M6_temp_occupancy,4,320d7f0fddc558fb,M2_vehicle_crossing,0.061057,1
f5cf95b720b572f9,M6_temp_occupancy,5,e3b4e3f3a09617e4,M1_lead_slow_stop,0.064307,1
28db5dc9611a9081,M5_merge,1,793ca3974b95f19e,M5_merge,0.0,0
28db5dc9611a9081,M5_merge,2,d1005ff0ae21f95d,M5_merge,0.0,0
28db5dc9611a9081,M5_merge,3,47b9320b31ab33ac,M4_cut_in,0.0,1
28db5dc9611a9081,M5_merge,4,bda923bbd61198da,M4_cut_in,0.0,1
28db5dc9611a9081,M5_merge,5,a0ba5287bfa5fa01,M6_temp_occupancy,0.0,1
70dffe26f853a7ef,M2_vehicle_crossing,1,7adf4f9685f36ea6,M5_merge,0.002679,1
70dffe26f853a7ef,M2_vehicle_crossing,2,2a15bffe9d0283a6,M2_vehicle_crossing,0.02549,0
70dffe26f853a7ef,M2_vehicle_crossing,3,ec1490e87d122e61,M4_cut_in,0.029189,1
70dffe26f853a7ef,M2_vehicle_crossing,4,949fd82d6e44a34d,M2_vehicle_crossing,0.035184,0
70dffe26f853a7ef,M2_vehicle_crossing,5,363faaa196b74966,M2_vehicle_crossing,0.039847,0
df4c6fa6c765ec1b,M3_vru_crossing,1,bdbf44d435f680cc,M3_vru_crossing,0.016095,0
df4c6fa6c765ec1b,M3_vru_crossing,2,69563a34cb1da29d,M3_vru_crossing,0.016262,0
df4c6fa6c765ec1b,M3_vru_crossing,3,4d6038940863ff85,M2_vehicle_crossing,0.017375,1
df4c6fa6c765ec1b,M3_vru_crossing,4,7a54acbbcff5c08e,M3_vru_crossing,0.032907,0
df4c6fa6c765ec1b,M3_vru_crossing,5,e9e36d08e891398b,M3_vru_crossing,0.034468,0
56b1e8aced6c7bc0,M3_vru_crossing,1,cc9c4cee498b7d33,M5_merge,0.016274,1
56b1e8aced6c7bc0,M3_vru_crossing,2,5ff2fe3e4c0d3691,M3_vru_crossing,0.089848,0
56b1e8aced6c7bc0,M3_vru_crossing,3,305237d2a2712dd3,M1_lead_slow_stop,0.092805,1
56b1e8aced6c7bc0,M3_vru_crossing,4,86e4585ee70fd316,M1_lead_slow_stop,0.092983,1
56b1e8aced6c7bc0,M3_vru_crossing,5,4a48386f6b1d24d5,M1_lead_slow_stop,0.09362,1
f8c0a8cecce3a643,M3_vru_crossing,1,4c876e42879d5527,M5_merge,0.0,1
f8c0a8cecce3a643,M3_vru_crossing,2,8e8850bd484b4c94,M3_vru_crossing,0.0,0
f8c0a8cecce3a643,M3_vru_crossing,3,585ffc8db08d83cd,M2_vehicle_crossing,0.0,1
f8c0a8cecce3a643,M3_vru_crossing,4,d952c66361dd6dd,M3_vru_crossing,0.0,0
f8c0a8cecce3a643,M3_vru_crossing,5,fb142b6dfa344e7d,M6_temp_occupancy,0.0,1
48f93b86942dfe7c,M6_temp_occupancy,1,793ca3974b95f19e,M5_merge,0.0,1
48f93b86942dfe7c,M6_temp_occupancy,2,d1005ff0ae21f95d,M5_merge,0.0,1
48f93b86942dfe7c,M6_temp_occupancy,3,47b9320b31ab33ac,M4_cut_in,0.0,1
48f93b86942dfe7c,M6_temp_occupancy,4,bda923bbd61198da,M4_cut_in,0.0,1
48f93b86942dfe7c,M6_temp_occupancy,5,a0ba5287bfa5fa01,M6_temp_occupancy,0.0,0
16204a7755094bb7,M6_temp_occupancy,1,8589a58aaa319e10,M6_temp_occupancy,0.0,0
16204a7755094bb7,M6_temp_occupancy,2,ec1490e87d122e61,M4_cut_in,0.025809,1
16204a7755094bb7,M6_temp_occupancy,3,949fd82d6e44a34d,M2_vehicle_crossing,0.031804,1
16204a7755094bb7,M6_temp_occupancy,4,c1332ddc8f341b8c,M5_merge,0.035156,1
16204a7755094bb7,M6_temp_occupancy,5,363faaa196b74966,M2_vehicle_crossing,0.036467,1
8589a58aaa319e10,M6_temp_occupancy,1,16204a7755094bb7,M6_temp_occupancy,0.0,0
8589a58aaa319e10,M6_temp_occupancy,2,ec1490e87d122e61,M4_cut_in,0.025809,1
8589a58aaa319e10,M6_temp_occupancy,3,949fd82d6e44a34d,M2_vehicle_crossing,0.031804,1
8589a58aaa319e10,M6_temp_occupancy,4,c1332ddc8f341b8c,M5_merge,0.035156,1
8589a58aaa319e10,M6_temp_occupancy,5,363faaa196b74966,M2_vehicle_crossing,0.036467,1
5ca43a44c81a6987,M3_vru_crossing,1,793ca3974b95f19e,M5_merge,0.0,1
5ca43a44c81a6987,M3_vru_crossing,2,d1005ff0ae21f95d,M5_merge,0.0,1
5ca43a44c81a6987,M3_vru_crossing,3,47b9320b31ab33ac,M4_cut_in,0.0,1
5ca43a44c81a6987,M3_vru_crossing,4,bda923bbd61198da,M4_cut_in,0.0,1
5ca43a44c81a6987,M3_vru_crossing,5,a0ba5287bfa5fa01,M6_temp_occupancy,0.0,1
3523d1b97fde5dd7,M5_merge,1,793ca3974b95f19e,M5_merge,0.0,0
3523d1b97fde5dd7,M5_merge,2,d1005ff0ae21f95d,M5_merge,0.0,0
3523d1b97fde5dd7,M5_merge,3,47b9320b31ab33ac,M4_cut_in,0.0,1
3523d1b97fde5dd7,M5_merge,4,bda923bbd61198da,M4_cut_in,0.0,1
3523d1b97fde5dd7,M5_merge,5,a0ba5287bfa5fa01,M6_temp_occupancy,0.0,1
529d0c9664dabfba,M4_cut_in,1,363faaa196b74966,M2_vehicle_crossing,0.025749,1
529d0c9664dabfba,M4_cut_in,2,eaddb9cfd4bdee3,M6_temp_occupancy,0.02628,1
529d0c9664dabfba,M4_cut_in,3,949fd82d6e44a34d,M2_vehicle_crossing,0.029613,1
529d0c9664dabfba,M4_cut_in,4,ec1490e87d122e61,M4_cut_in,0.035607,0
529d0c9664dabfba,M4_cut_in,5,8589a58aaa319e10,M6_temp_occupancy,0.061416,1
18d655273dfaa17b,M2_vehicle_crossing,1,793ca3974b95f19e,M5_merge,0.0,1
18d655273dfaa17b,M2_vehicle_crossing,2,d1005ff0ae21f95d,M5_merge,0.0,1
18d655273dfaa17b,M2_vehicle_crossing,3,47b9320b31ab33ac,M4_cut_in,0.0,1
18d655273dfaa17b,M2_vehicle_crossing,4,bda923bbd61198da,M4_cut_in,0.0,1
18d655273dfaa17b,M2_vehicle_crossing,5,a0ba5287bfa5fa01,M6_temp_occupancy,0.0,1
ad89a673afcb15ef,M1_lead_slow_stop,1,eeea7c01a12a8d7f,M4_cut_in,0.003145,1
ad89a673afcb15ef,M1_lead_slow_stop,2,cb86548c32715796,M1_lead_slow_stop,0.017109,0
ad89a673afcb15ef,M1_lead_slow_stop,3,f7193ffab83f342a,M4_cut_in,0.017345,1
ad89a673afcb15ef,M1_lead_slow_stop,4,36b6d206313b0dc2,M2_vehicle_crossing,0.019422,1
ad89a673afcb15ef,M1_lead_slow_stop,5,335d32f832e5f076,M5_merge,0.019783,1
5a21770f51a706ec,M4_cut_in,1,338402ef9081de8e,M5_merge,0.04211,1
5a21770f51a706ec,M4_cut_in,2,68222c9de6832012,M4_cut_in,0.043832,0
5a21770f51a706ec,M4_cut_in,3,9b52ebee65ba60df,M4_cut_in,0.045153,0
5a21770f51a706ec,M4_cut_in,4,15ab99b9c601cdbb,M5_merge,0.046329,1
5a21770f51a706ec,M4_cut_in,5,ef15a936dcbdae22,M5_merge,0.047134,1
391579da819e88f8,M4_cut_in,1,4c876e42879d5527,M5_merge,0.0,1
391579da819e88f8,M4_cut_in,2,8e8850bd484b4c94,M3_vru_crossing,0.0,1
391579da819e88f8,M4_cut_in,3,585ffc8db08d83cd,M2_vehicle_crossing,0.0,1
391579da819e88f8,M4_cut_in,4,d952c66361dd6dd,M3_vru_crossing,0.0,1
391579da819e88f8,M4_cut_in,5,fb142b6dfa344e7d,M6_temp_occupancy,0.0,1
48176b7209253062,M1_lead_slow_stop,1,593b60d37e0756a3,M1_lead_slow_stop,0.001566,0
48176b7209253062,M1_lead_slow_stop,2,f2abf57c98faabf3,M1_lead_slow_stop,0.002072,0
48176b7209253062,M1_lead_slow_stop,3,c36348cd92f7095b,M1_lead_slow_stop,0.002268,0
48176b7209253062,M1_lead_slow_stop,4,683cae1a10f71fcd,M1_lead_slow_stop,0.003151,0
48176b7209253062,M1_lead_slow_stop,5,df45bb47c8a8b6fa,M1_lead_slow_stop,0.003152,0
4e1604c6653c917d,M2_vehicle_crossing,1,c757f0db71e9ac59,M2_vehicle_crossing,0.017378,0
4e1604c6653c917d,M2_vehicle_crossing,2,9d2059d1b77947bc,M4_cut_in,0.017378,1
4e1604c6653c917d,M2_vehicle_crossing,3,c1e9a535b80c7600,M5_merge,0.017378,1
4e1604c6653c917d,M2_vehicle_crossing,4,3418ee634f3920df,M6_temp_occupancy,0.017378,1
4e1604c6653c917d,M2_vehicle_crossing,5,8bf5237dd38f68ae,M4_cut_in,0.017378,1
46be633224ba688d,M1_lead_slow_stop,1,b1d458988d0b5eae,M1_lead_slow_stop,0.014016,0
46be633224ba688d,M1_lead_slow_stop,2,f1eead8948b039b3,M1_lead_slow_stop,0.017351,0
46be633224ba688d,M1_lead_slow_stop,3,8f228d2e5a4fae1e,M1_lead_slow_stop,0.01843,0
46be633224ba688d,M1_lead_slow_stop,4,d24010aa6888e4e5,M6_temp_occupancy,0.020613,1
46be633224ba688d,M1_lead_slow_stop,5,af8d2b2e7bf74387,M1_lead_slow_stop,0.026679,0
a22e67eb167f1d0f,M5_merge,1,ef15a936dcbdae22,M5_merge,0.001216,0
a22e67eb167f1d0f,M5_merge,2,f432b7291cdb4115,M4_cut_in,0.001247,1
a22e67eb167f1d0f,M5_merge,3,15ab99b9c601cdbb,M5_merge,0.004083,0
a22e67eb167f1d0f,M5_merge,4,9b52ebee65ba60df,M4_cut_in,0.004107,1
a22e67eb167f1d0f,M5_merge,5,17b25328341276d5,M5_merge,0.004321,0
39d2af1de320da61,M3_vru_crossing,1,270199473a16315,M2_vehicle_crossing,0.004339,1
39d2af1de320da61,M3_vru_crossing,2,9c8c3c7431089e90,M4_cut_in,0.005486,1
39d2af1de320da61,M3_vru_crossing,3,2691891bbf109269,M4_cut_in,0.006336,1
39d2af1de320da61,M3_vru_crossing,4,ee8a56fbf694ea41,M4_cut_in,0.006348,1
39d2af1de320da61,M3_vru_crossing,5,1e98bdb2802fdab1,M3_vru_crossing,0.006902,0
c92800a7dd649eb0,M3_vru_crossing,1,1262b0d5186912a9,M3_vru_crossing,0.091882,0
c92800a7dd649eb0,M3_vru_crossing,2,22a1e427c28a77ad,M3_vru_crossing,0.091963,0
c92800a7dd649eb0,M3_vru_crossing,3,ef0327f14ab3efa0,M3_vru_crossing,0.094037,0
c92800a7dd649eb0,M3_vru_crossing,4,645144353bbfdecc,M2_vehicle_crossing,0.097554,1
c92800a7dd649eb0,M3_vru_crossing,5,1b7882c46e1bb5be,M6_temp_occupancy,0.099577,1
af8d2b2e7bf74387,M1_lead_slow_stop,1,94c25b4be74d177b,M1_lead_slow_stop,0.007614,0
af8d2b2e7bf74387,M1_lead_slow_stop,2,8f228d2e5a4fae1e,M1_lead_slow_stop,0.008249,0
af8d2b2e7bf74387,M1_lead_slow_stop,3,f1eead8948b039b3,M1_lead_slow_stop,0.009327,0
af8d2b2e7bf74387,M1_lead_slow_stop,4,b1d458988d0b5eae,M1_lead_slow_stop,0.012662,0
af8d2b2e7bf74387,M1_lead_slow_stop,5,6e1e3cbc291ef7,M1_lead_slow_stop,0.022469,0
8191df8947207928,M1_lead_slow_stop,1,86e25df75a6995f4,M1_lead_slow_stop,0.003559,0
8191df8947207928,M1_lead_slow_stop,2,831e9f7c915d9a33,M2_vehicle_crossing,0.004165,1
8191df8947207928,M1_lead_slow_stop,3,7f159fbdf79377cf,M4_cut_in,0.004943,1
8191df8947207928,M1_lead_slow_stop,4,d6619d51e2a9cb2e,M1_lead_slow_stop,0.00509,0
8191df8947207928,M1_lead_slow_stop,5,8cb51d6f77603a9b,M5_merge,0.005786,1
8bbba7bd646c0988,M2_vehicle_crossing,1,793ca3974b95f19e,M5_merge,0.0,1
8bbba7bd646c0988,M2_vehicle_crossing,2,d1005ff0ae21f95d,M5_merge,0.0,1
8bbba7bd646c0988,M2_vehicle_crossing,3,47b9320b31ab33ac,M4_cut_in,0.0,1
8bbba7bd646c0988,M2_vehicle_crossing,4,bda923bbd61198da,M4_cut_in,0.0,1
8bbba7bd646c0988,M2_vehicle_crossing,5,a0ba5287bfa5fa01,M6_temp_occupancy,0.0,1
e8f0bb32d5de2d24,M5_merge,1,41e5d0a14afc65fe,M5_merge,0.012519,0
e8f0bb32d5de2d24,M5_merge,2,2e10359a52c4c299,M6_temp_occupancy,0.017176,1
e8f0bb32d5de2d24,M5_merge,3,476bce23b3e638d5,M2_vehicle_crossing,0.042834,1
e8f0bb32d5de2d24,M5_merge,4,c1332ddc8f341b8c,M5_merge,0.042969,0
e8f0bb32d5de2d24,M5_merge,5,675099d84cf0212,M4_cut_in,0.048745,1
c68ab5161508001f,M1_lead_slow_stop,1,18593071c0511bb8,M1_lead_slow_stop,0.010388,0
c68ab5161508001f,M1_lead_slow_stop,2,422031c4323005cb,M1_lead_slow_stop,0.03497,0
c68ab5161508001f,M1_lead_slow_stop,3,498676f3a2f5b632,M1_lead_slow_stop,0.049591,0
c68ab5161508001f,M1_lead_slow_stop,4,193973f267c0e3f8,M1_lead_slow_stop,0.051554,0
c68ab5161508001f,M1_lead_slow_stop,5,bc30f1a4671b4030,M1_lead_slow_stop,0.054274,0
b01112211aeddce1,M1_lead_slow_stop,1,a0a7a5764d3e2c97,M1_lead_slow_stop,0.022382,0
b01112211aeddce1,M1_lead_slow_stop,2,d1c30693ca04bbf4,M6_temp_occupancy,0.029809,1
b01112211aeddce1,M1_lead_slow_stop,3,fc2b51fef48a323,M3_vru_crossing,0.032234,1
b01112211aeddce1,M1_lead_slow_stop,4,62bad9e61da6dc44,M1_lead_slow_stop,0.032461,0
b01112211aeddce1,M1_lead_slow_stop,5,61633963c7b2e131,M3_vru_crossing,0.033977,1
3c878000bc5ecd2e,M6_temp_occupancy,1,5f76aca0e8d6d060,M6_temp_occupancy,0.0,0
3c878000bc5ecd2e,M6_temp_occupancy,2,b18c133f146677a7,M2_vehicle_crossing,0.0,1
3c878000bc5ecd2e,M6_temp_occupancy,3,b1bc03805735b4e4,M3_vru_crossing,0.0,1
3c878000bc5ecd2e,M6_temp_occupancy,4,e765ea8a0b617a42,M3_vru_crossing,0.0,1
3c878000bc5ecd2e,M6_temp_occupancy,5,a47da157cf1535bb,M4_cut_in,0.0,1
c57fca37918359be,M2_vehicle_crossing,1,793ca3974b95f19e,M5_merge,0.0,1
c57fca37918359be,M2_vehicle_crossing,2,d1005ff0ae21f95d,M5_merge,0.0,1
c57fca37918359be,M2_vehicle_crossing,3,47b9320b31ab33ac,M4_cut_in,0.0,1
c57fca37918359be,M2_vehicle_crossing,4,bda923bbd61198da,M4_cut_in,0.0,1
c57fca37918359be,M2_vehicle_crossing,5,a0ba5287bfa5fa01,M6_temp_occupancy,0.0,1
d1874810bd087f05,M2_vehicle_crossing,1,4ef7d4e590e80eef,M3_vru_crossing,0.006477,1
d1874810bd087f05,M2_vehicle_crossing,2,d58bbf57267f9fab,M4_cut_in,0.008814,1
d1874810bd087f05,M2_vehicle_crossing,3,6b6f521ecacbd19f,M3_vru_crossing,0.01438,1
d1874810bd087f05,M2_vehicle_crossing,4,a7bda27624b52639,M1_lead_slow_stop,0.016891,1
d1874810bd087f05,M2_vehicle_crossing,5,58d55d4e683aa30c,M4_cut_in,0.017409,1
9e340849e6807323,M4_cut_in,1,7bfe72a95b111c3d,M5_merge,0.034465,1
9e340849e6807323,M4_cut_in,2,5e6868e3cf3bf22e,M2_vehicle_crossing,0.036984,1
9e340849e6807323,M4_cut_in,3,b2893c00477b7f2e,M5_merge,0.039385,1
9e340849e6807323,M4_cut_in,4,44b68799dbb7da70,M6_temp_occupancy,0.040333,1
9e340849e6807323,M4_cut_in,5,e462adf60f7b5453,M4_cut_in,0.042278,0
fb142b6dfa344e7d,M6_temp_occupancy,1,4c876e42879d5527,M5_merge,0.0,1
fb142b6dfa344e7d,M6_temp_occupancy,2,8e8850bd484b4c94,M3_vru_crossing,0.0,1
fb142b6dfa344e7d,M6_temp_occupancy,3,585ffc8db08d83cd,M2_vehicle_crossing,0.0,1
fb142b6dfa344e7d,M6_temp_occupancy,4,d952c66361dd6dd,M3_vru_crossing,0.0,1
fb142b6dfa344e7d,M6_temp_occupancy,5,f47f7ad1c8fc8e29,M3_vru_crossing,0.0,1
b4593a7849572046,M5_merge,1,793ca3974b95f19e,M5_merge,0.0,0
b4593a7849572046,M5_merge,2,d1005ff0ae21f95d,M5_merge,0.0,0
b4593a7849572046,M5_merge,3,47b9320b31ab33ac,M4_cut_in,0.0,1
b4593a7849572046,M5_merge,4,bda923bbd61198da,M4_cut_in,0.0,1
b4593a7849572046,M5_merge,5,a0ba5287bfa5fa01,M6_temp_occupancy,0.0,1
c1829351929da04a,M2_vehicle_crossing,1,febc54f23fd786b7,M3_vru_crossing,0.015662,1
c1829351929da04a,M2_vehicle_crossing,2,230e1123fe6c5ae0,M3_vru_crossing,0.016452,1
c1829351929da04a,M2_vehicle_crossing,3,e17b50b6b8aba55b,M6_temp_occupancy,0.017127,1
c1829351929da04a,M2_vehicle_crossing,4,82db149ce5803678,M6_temp_occupancy,0.019291,1
c1829351929da04a,M2_vehicle_crossing,5,37579382cdbc7907,M3_vru_crossing,0.021993,1
61c2c10de0115d4c,M4_cut_in,1,3a9e27b39d34f3ab,M4_cut_in,0.040483,0
61c2c10de0115d4c,M4_cut_in,2,beab8af24d4e6e00,M1_lead_slow_stop,0.040483,1
61c2c10de0115d4c,M4_cut_in,3,1b8e18bccbb016c7,M5_merge,0.040483,1
61c2c10de0115d4c,M4_cut_in,4,9edef88b29982e8d,M4_cut_in,0.042026,0
61c2c10de0115d4c,M4_cut_in,5,ac36bc6d71571082,M2_vehicle_crossing,0.044389,1
193973f267c0e3f8,M1_lead_slow_stop,1,18593071c0511bb8,M1_lead_slow_stop,0.048735,0
193973f267c0e3f8,M1_lead_slow_stop,2,c68ab5161508001f,M1_lead_slow_stop,0.051554,0
193973f267c0e3f8,M1_lead_slow_stop,3,422031c4323005cb,M1_lead_slow_stop,0.066114,0
193973f267c0e3f8,M1_lead_slow_stop,4,e3b4e3f3a09617e4,M1_lead_slow_stop,0.06693,0
193973f267c0e3f8,M1_lead_slow_stop,5,96a816b2f4b62e88,M1_lead_slow_stop,0.067066,0
6746a47d4cb56041,M2_vehicle_crossing,1,793ca3974b95f19e,M5_merge,0.0,1
6746a47d4cb56041,M2_vehicle_crossing,2,d1005ff0ae21f95d,M5_merge,0.0,1
6746a47d4cb56041,M2_vehicle_crossing,3,47b9320b31ab33ac,M4_cut_in,0.0,1
6746a47d4cb56041,M2_vehicle_crossing,4,bda923bbd61198da,M4_cut_in,0.0,1
6746a47d4cb56041,M2_vehicle_crossing,5,a0ba5287bfa5fa01,M6_temp_occupancy,0.0,1
8cc939e8a0e6cf,M5_merge,1,2657143ee43948be,M5_merge,0.012261,0
8cc939e8a0e6cf,M5_merge,2,834851971ef51d60,M6_temp_occupancy,0.017108,1
8cc939e8a0e6cf,M5_merge,3,5e0002dca7244f07,M4_cut_in,0.017343,1
8cc939e8a0e6cf,M5_merge,4,e81d8e76f45369fd,M4_cut_in,0.017941,1
8cc939e8a0e6cf,M5_merge,5,b51cd423385fd8c3,M4_cut_in,0.018964,1
ebecaff060dfaf5,M5_merge,1,c1332ddc8f341b8c,M5_merge,0.076144,0
ebecaff060dfaf5,M5_merge,2,8589a58aaa319e10,M6_temp_occupancy,0.08005,1
ebecaff060dfaf5,M5_merge,3,16204a7755094bb7,M6_temp_occupancy,0.08005,1
ebecaff060dfaf5,M5_merge,4,a8c0edb805dca37b,M4_cut_in,0.090543,1
ebecaff060dfaf5,M5_merge,5,ec1490e87d122e61,M4_cut_in,0.10586,1
36b6d206313b0dc2,M2_vehicle_crossing,1,f7193ffab83f342a,M4_cut_in,0.014064,1
36b6d206313b0dc2,M2_vehicle_crossing,2,eeea7c01a12a8d7f,M4_cut_in,0.016277,1
36b6d206313b0dc2,M2_vehicle_crossing,3,aab6b95a0fb95b9f,M4_cut_in,0.017896,1
36b6d206313b0dc2,M2_vehicle_crossing,4,ad89a673afcb15ef,M1_lead_slow_stop,0.019422,1
36b6d206313b0dc2,M2_vehicle_crossing,5,498676f3a2f5b632,M1_lead_slow_stop,0.030213,1
fa7aa51eec4fcc0f,M2_vehicle_crossing,1,793ca3974b95f19e,M5_merge,0.0,1
fa7aa51eec4fcc0f,M2_vehicle_crossing,2,d1005ff0ae21f95d,M5_merge,0.0,1
fa7aa51eec4fcc0f,M2_vehicle_crossing,3,47b9320b31ab33ac,M4_cut_in,0.0,1
fa7aa51eec4fcc0f,M2_vehicle_crossing,4,bda923bbd61198da,M4_cut_in,0.0,1
fa7aa51eec4fcc0f,M2_vehicle_crossing,5,a0ba5287bfa5fa01,M6_temp_occupancy,0.0,1
a3a693cb9130f131,M5_merge,1,7b1f6d0bf6e2d1f6,M2_vehicle_crossing,0.089804,1
a3a693cb9130f131,M5_merge,2,68d9bc6afeb45562,M2_vehicle_crossing,0.092713,1
a3a693cb9130f131,M5_merge,3,799ff247470c3549,M2_vehicle_crossing,0.096129,1
a3a693cb9130f131,M5_merge,4,79b3221698f21ee7,M2_vehicle_crossing,0.110063,1
a3a693cb9130f131,M5_merge,5,7deccdd519c13352,M2_vehicle_crossing,0.110308,1
5e6868e3cf3bf22e,M2_vehicle_crossing,1,63418b1539331901,M5_merge,0.008029,1
5e6868e3cf3bf22e,M2_vehicle_crossing,2,e462adf60f7b5453,M4_cut_in,0.008704,1
5e6868e3cf3bf22e,M2_vehicle_crossing,3,5f9a42f8298a9eea,M5_merge,0.008704,1
5e6868e3cf3bf22e,M2_vehicle_crossing,4,a33abe19dd2ad254,M5_merge,0.012007,1
5e6868e3cf3bf22e,M2_vehicle_crossing,5,ac36bc6d71571082,M2_vehicle_crossing,0.016516,0
db2d22849b9faaeb,M4_cut_in,1,e73bfd50912a81c2,M5_merge,0.001523,1
db2d22849b9faaeb,M4_cut_in,2,17b25328341276d5,M5_merge,0.0021,1
db2d22849b9faaeb,M4_cut_in,3,a568f52e21a784d9,M5_merge,0.002339,1
db2d22849b9faaeb,M4_cut_in,4,a0ba5287bfa5fa01,M6_temp_occupancy,0.002344,1
db2d22849b9faaeb,M4_cut_in,5,793ca3974b95f19e,M5_merge,0.002344,1
4f19a78e73788325,M2_vehicle_crossing,1,c68ab5161508001f,M1_lead_slow_stop,0.089244,1
4f19a78e73788325,M2_vehicle_crossing,2,18593071c0511bb8,M1_lead_slow_stop,0.091166,1
4f19a78e73788325,M2_vehicle_crossing,3,96a816b2f4b62e88,M1_lead_slow_stop,0.092478,1
4f19a78e73788325,M2_vehicle_crossing,4,3201e0ad7075dd38,M2_vehicle_crossing,0.093426,0
4f19a78e73788325,M2_vehicle_crossing,5,193973f267c0e3f8,M1_lead_slow_stop,0.09716,1
cb033836fe55cb71,M1_lead_slow_stop,1,d35138e6f57e58f,M6_temp_occupancy,0.013475,1
cb033836fe55cb71,M1_lead_slow_stop,2,a766c68d1e0bfa43,M1_lead_slow_stop,0.051136,0
cb033836fe55cb71,M1_lead_slow_stop,3,8cc706db611c60f3,M1_lead_slow_stop,0.059884,0
cb033836fe55cb71,M1_lead_slow_stop,4,d37498e9d40b6473,M1_lead_slow_stop,0.062808,0
cb033836fe55cb71,M1_lead_slow_stop,5,52a0f8dd9925ef2f,M5_merge,0.0693,1
ddb565dc089efb79,M3_vru_crossing,1,dfd9bef1399b05fe,M3_vru_crossing,0.015625,0
ddb565dc089efb79,M3_vru_crossing,2,8bf5237dd38f68ae,M4_cut_in,0.035156,1
ddb565dc089efb79,M3_vru_crossing,3,7c2ed9ab567e443f,M3_vru_crossing,0.035156,0
ddb565dc089efb79,M3_vru_crossing,4,c757f0db71e9ac59,M2_vehicle_crossing,0.035156,1
ddb565dc089efb79,M3_vru_crossing,5,86ea7ff0250ae8b2,M6_temp_occupancy,0.035156,1
645144353bbfdecc,M2_vehicle_crossing,1,1b7882c46e1bb5be,M6_temp_occupancy,0.014231,1
645144353bbfdecc,M2_vehicle_crossing,2,e17b50b6b8aba55b,M6_temp_occupancy,0.015833,1
645144353bbfdecc,M2_vehicle_crossing,3,d58bbf57267f9fab,M4_cut_in,0.018737,1
645144353bbfdecc,M2_vehicle_crossing,4,82db149ce5803678,M6_temp_occupancy,0.020975,1
645144353bbfdecc,M2_vehicle_crossing,5,d1874810bd087f05,M2_vehicle_crossing,0.022107,0
d70bd171d452a911,M6_temp_occupancy,1,c4a6a9720515bbc5,M2_vehicle_crossing,0.007256,1
d70bd171d452a911,M6_temp_occupancy,2,a7bda27624b52639,M1_lead_slow_stop,0.011616,1
d70bd171d452a911,M6_temp_occupancy,3,e9e36d08e891398b,M3_vru_crossing,0.012139,1
d70bd171d452a911,M6_temp_occupancy,4,58d55d4e683aa30c,M4_cut_in,0.016064,1
d70bd171d452a911,M6_temp_occupancy,5,5a375264f6e08467,M3_vru_crossing,0.020942,1
2bc410d4ce756f24,M3_vru_crossing,1,ae672ec38ffe80b5,M1_lead_slow_stop,0.005752,1
2bc410d4ce756f24,M3_vru_crossing,2,c65883931103e25c,M3_vru_crossing,0.009095,0
2bc410d4ce756f24,M3_vru_crossing,3,58d55d4e683aa30c,M4_cut_in,0.013177,1
2bc410d4ce756f24,M3_vru_crossing,4,5e421c535134053,M3_vru_crossing,0.013239,0
2bc410d4ce756f24,M3_vru_crossing,5,a7bda27624b52639,M1_lead_slow_stop,0.013255,1
33baa7bec0df48e6,M6_temp_occupancy,1,793ca3974b95f19e,M5_merge,0.001174,1
33baa7bec0df48e6,M6_temp_occupancy,2,47b9320b31ab33ac,M4_cut_in,0.001174,1
33baa7bec0df48e6,M6_temp_occupancy,3,d1005ff0ae21f95d,M5_merge,0.001174,1
33baa7bec0df48e6,M6_temp_occupancy,4,a0ba5287bfa5fa01,M6_temp_occupancy,0.001174,0
33baa7bec0df48e6,M6_temp_occupancy,5,3a6c26ba1a3aaad6,M4_cut_in,0.001174,1
5a9136943505a0c8,M4_cut_in,1,39e70c8ed6235491,M5_merge,0.004707,1
5a9136943505a0c8,M4_cut_in,2,1769632bbd68d1c1,M5_merge,0.008001,1
5a9136943505a0c8,M4_cut_in,3,39bd73db0d742122,M5_merge,0.008016,1
5a9136943505a0c8,M4_cut_in,4,5c7ecedbcbb18b21,M5_merge,0.015055,1
5a9136943505a0c8,M4_cut_in,5,d81ce363e8e76181,M5_merge,0.018102,1
bf4a3094f06db35a,M2_vehicle_crossing,1,793ca3974b95f19e,M5_merge,0.0,1
bf4a3094f06db35a,M2_vehicle_crossing,2,d1005ff0ae21f95d,M5_merge,0.0,1
bf4a3094f06db35a,M2_vehicle_crossing,3,47b9320b31ab33ac,M4_cut_in,0.0,1
bf4a3094f06db35a,M2_vehicle_crossing,4,bda923bbd61198da,M4_cut_in,0.0,1
bf4a3094f06db35a,M2_vehicle_crossing,5,a0ba5287bfa5fa01,M6_temp_occupancy,0.0,1
ef15a936dcbdae22,M5_merge,1,f432b7291cdb4115,M4_cut_in,0.001034,1
ef15a936dcbdae22,M5_merge,2,a22e67eb167f1d0f,M5_merge,0.001216,0
ef15a936dcbdae22,M5_merge,3,9b52ebee65ba60df,M4_cut_in,0.003822,1
ef15a936dcbdae22,M5_merge,4,15ab99b9c601cdbb,M5_merge,0.004029,0
ef15a936dcbdae22,M5_merge,5,a568f52e21a784d9,M5_merge,0.004671,0
5fbe9ec16c1da7,M6_temp_occupancy,1,793ca3974b95f19e,M5_merge,0.0,1
5fbe9ec16c1da7,M6_temp_occupancy,2,d1005ff0ae21f95d,M5_merge,0.0,1
5fbe9ec16c1da7,M6_temp_occupancy,3,47b9320b31ab33ac,M4_cut_in,0.0,1
5fbe9ec16c1da7,M6_temp_occupancy,4,bda923bbd61198da,M4_cut_in,0.0,1
5fbe9ec16c1da7,M6_temp_occupancy,5,a0ba5287bfa5fa01,M6_temp_occupancy,0.0,0
205b9be4bd273c8,M5_merge,1,8001dede9725b235,M2_vehicle_crossing,0.089493,1
205b9be4bd273c8,M5_merge,2,6bb19ed8fd73dcaa,M1_lead_slow_stop,0.090398,1
205b9be4bd273c8,M5_merge,3,12dc24d313153b64,M4_cut_in,0.107607,1
205b9be4bd273c8,M5_merge,4,61c2c10de0115d4c,M4_cut_in,0.112855,1
205b9be4bd273c8,M5_merge,5,a7f18baa0d6428a,M2_vehicle_crossing,0.122108,1
bcf4c2171f3087b3,M3_vru_crossing,1,793ca3974b95f19e,M5_merge,0.0,1
bcf4c2171f3087b3,M3_vru_crossing,2,d1005ff0ae21f95d,M5_merge,0.0,1
bcf4c2171f3087b3,M3_vru_crossing,3,47b9320b31ab33ac,M4_cut_in,0.0,1
bcf4c2171f3087b3,M3_vru_crossing,4,bda923bbd61198da,M4_cut_in,0.0,1
bcf4c2171f3087b3,M3_vru_crossing,5,a0ba5287bfa5fa01,M6_temp_occupancy,0.0,1
e73bfd50912a81c2,M5_merge,1,db2d22849b9faaeb,M4_cut_in,0.001523,1
e73bfd50912a81c2,M5_merge,2,a568f52e21a784d9,M5_merge,0.003274,0
e73bfd50912a81c2,M5_merge,3,887bd6aace8b75e9,M6_temp_occupancy,0.00345,1
e73bfd50912a81c2,M5_merge,4,17b25328341276d5,M5_merge,0.00351,0
e73bfd50912a81c2,M5_merge,5,a0ba5287bfa5fa01,M6_temp_occupancy,0.003754,1
69563a34cb1da29d,M3_vru_crossing,1,bdbf44d435f680cc,M3_vru_crossing,0.006394,0
69563a34cb1da29d,M3_vru_crossing,2,df4c6fa6c765ec1b,M3_vru_crossing,0.016262,0
69563a34cb1da29d,M3_vru_crossing,3,7a54acbbcff5c08e,M3_vru_crossing,0.02852,0
69563a34cb1da29d,M3_vru_crossing,4,4d6038940863ff85,M2_vehicle_crossing,0.032532,1
69563a34cb1da29d,M3_vru_crossing,5,92fac5998e2feef1,M1_lead_slow_stop,0.038916,1
9b52ebee65ba60df,M4_cut_in,1,ef15a936dcbdae22,M5_merge,0.003822,1
9b52ebee65ba60df,M4_cut_in,2,a22e67eb167f1d0f,M5_merge,0.004107,1
9b52ebee65ba60df,M4_cut_in,3,f432b7291cdb4115,M4_cut_in,0.004324,0
9b52ebee65ba60df,M4_cut_in,4,15ab99b9c601cdbb,M5_merge,0.004538,1
9b52ebee65ba60df,M4_cut_in,5,17b25328341276d5,M5_merge,0.008197,1
5b48eebb6ae9a031,M1_lead_slow_stop,1,315116b299899d4c,M4_cut_in,0.000116,1
5b48eebb6ae9a031,M1_lead_slow_stop,2,e79fba949827442,M4_cut_in,0.000232,1
5b48eebb6ae9a031,M1_lead_slow_stop,3,c757f0db71e9ac59,M2_vehicle_crossing,0.000244,1
5b48eebb6ae9a031,M1_lead_slow_stop,4,9d2059d1b77947bc,M4_cut_in,0.000244,1
5b48eebb6ae9a031,M1_lead_slow_stop,5,26284a71f3345792,M2_vehicle_crossing,0.000244,1
338402ef9081de8e,M5_merge,1,582aae15098c3428,M2_vehicle_crossing,0.016764,1
338402ef9081de8e,M5_merge,2,7d68b3426a9bb6ad,M2_vehicle_crossing,0.017809,1
338402ef9081de8e,M5_merge,3,22b89ada4ddaaa3e,M5_merge,0.018184,0
338402ef9081de8e,M5_merge,4,6646d8a4c3d41f86,M5_merge,0.018314,0
338402ef9081de8e,M5_merge,5,59a52add08359a02,M4_cut_in,0.020538,1
d63a72ef3cd6a570,M1_lead_slow_stop,1,a766c68d1e0bfa43,M1_lead_slow_stop,0.02618,0
d63a72ef3cd6a570,M1_lead_slow_stop,2,e0849e47fc78ca2a,M1_lead_slow_stop,0.028206,0
d63a72ef3cd6a570,M1_lead_slow_stop,3,52a0f8dd9925ef2f,M5_merge,0.030177,1
d63a72ef3cd6a570,M1_lead_slow_stop,4,c0b0cf92f425dd27,M4_cut_in,0.031128,1
d63a72ef3cd6a570,M1_lead_slow_stop,5,8387e91c8d9ef4e5,M1_lead_slow_stop,0.033891,0
22c359415a84f49e,M2_vehicle_crossing,1,6e35ffca282009ab,M4_cut_in,0.031279,1
22c359415a84f49e,M2_vehicle_crossing,2,111da837fe570e37,M4_cut_in,0.033446,1
22c359415a84f49e,M2_vehicle_crossing,3,19d0df1d5bb64120,M6_temp_occupancy,0.033586,1
22c359415a84f49e,M2_vehicle_crossing,4,320d7f0fddc558fb,M2_vehicle_crossing,0.033596,0
22c359415a84f49e,M2_vehicle_crossing,5,1d5aa678fbcf98f7,M4_cut_in,0.034564,1
709b4273b440d9df,M6_temp_occupancy,1,793ca3974b95f19e,M5_merge,0.0,1
709b4273b440d9df,M6_temp_occupancy,2,d1005ff0ae21f95d,M5_merge,0.0,1
709b4273b440d9df,M6_temp_occupancy,3,47b9320b31ab33ac,M4_cut_in,0.0,1
709b4273b440d9df,M6_temp_occupancy,4,bda923bbd61198da,M4_cut_in,0.0,1
709b4273b440d9df,M6_temp_occupancy,5,a0ba5287bfa5fa01,M6_temp_occupancy,0.0,0
593b60d37e0756a3,M1_lead_slow_stop,1,48176b7209253062,M1_lead_slow_stop,0.001566,0
593b60d37e0756a3,M1_lead_slow_stop,2,f2abf57c98faabf3,M1_lead_slow_stop,0.003639,0
593b60d37e0756a3,M1_lead_slow_stop,3,c36348cd92f7095b,M1_lead_slow_stop,0.003835,0
593b60d37e0756a3,M1_lead_slow_stop,4,683cae1a10f71fcd,M1_lead_slow_stop,0.004717,0
593b60d37e0756a3,M1_lead_slow_stop,5,df45bb47c8a8b6fa,M1_lead_slow_stop,0.004718,0
a85bb8c9decfce02,M2_vehicle_crossing,1,b167788c995cb07,M3_vru_crossing,0.038492,1
a85bb8c9decfce02,M2_vehicle_crossing,2,89a5c1dd7b5e34e2,M1_lead_slow_stop,0.048209,1
a85bb8c9decfce02,M2_vehicle_crossing,3,9c08d46cf7d1aaaa,M1_lead_slow_stop,0.049013,1
a85bb8c9decfce02,M2_vehicle_crossing,4,d1d63331ff4d4642,M1_lead_slow_stop,0.049684,1
a85bb8c9decfce02,M2_vehicle_crossing,5,aab6b95a0fb95b9f,M4_cut_in,0.05232,1
46089fa0cbe376a,M1_lead_slow_stop,1,5e421c535134053,M3_vru_crossing,0.005624,1
46089fa0cbe376a,M1_lead_slow_stop,2,e43d8ba5feec2f4c,M5_merge,0.010725,1
46089fa0cbe376a,M1_lead_slow_stop,3,5b48eebb6ae9a031,M1_lead_slow_stop,0.011032,0
46089fa0cbe376a,M1_lead_slow_stop,4,315116b299899d4c,M4_cut_in,0.011147,1
46089fa0cbe376a,M1_lead_slow_stop,5,e79fba949827442,M4_cut_in,0.011264,1
15ab99b9c601cdbb,M5_merge,1,ef15a936dcbdae22,M5_merge,0.004029,0
15ab99b9c601cdbb,M5_merge,2,a22e67eb167f1d0f,M5_merge,0.004083,0
15ab99b9c601cdbb,M5_merge,3,f432b7291cdb4115,M4_cut_in,0.00453,1
15ab99b9c601cdbb,M5_merge,4,9b52ebee65ba60df,M4_cut_in,0.004538,1
15ab99b9c601cdbb,M5_merge,5,887bd6aace8b75e9,M6_temp_occupancy,0.008309,1
8cc706db611c60f3,M1_lead_slow_stop,1,2b77998b1f344810,M1_lead_slow_stop,0.039508,0
8cc706db611c60f3,M1_lead_slow_stop,2,d35138e6f57e58f,M6_temp_occupancy,0.058677,1
8cc706db611c60f3,M1_lead_slow_stop,3,cb033836fe55cb71,M1_lead_slow_stop,0.059884,0
8cc706db611c60f3,M1_lead_slow_stop,4,d37498e9d40b6473,M1_lead_slow_stop,0.096665,0
8cc706db611c60f3,M1_lead_slow_stop,5,a766c68d1e0bfa43,M1_lead_slow_stop,0.106472,0
627c9e858445e526,M2_vehicle_crossing,1,b1dab228a8902a1a,M5_merge,0.051927,1
627c9e858445e526,M2_vehicle_crossing,2,7deccdd519c13352,M2_vehicle_crossing,0.065793,0
627c9e858445e526,M2_vehicle_crossing,3,e8f0bb32d5de2d24,M5_merge,0.06582,1
627c9e858445e526,M2_vehicle_crossing,4,799ff247470c3549,M2_vehicle_crossing,0.07089,0
627c9e858445e526,M2_vehicle_crossing,5,3b2734e62ea77e0b,M2_vehicle_crossing,0.077009,0
bc5fbdd7299bfcea,M2_vehicle_crossing,1,7c2ed9ab567e443f,M3_vru_crossing,0.0,1
bc5fbdd7299bfcea,M2_vehicle_crossing,2,c757f0db71e9ac59,M2_vehicle_crossing,0.0,0
bc5fbdd7299bfcea,M2_vehicle_crossing,3,9d2059d1b77947bc,M4_cut_in,0.0,1
bc5fbdd7299bfcea,M2_vehicle_crossing,4,c1e9a535b80c7600,M5_merge,0.0,1
bc5fbdd7299bfcea,M2_vehicle_crossing,5,26284a71f3345792,M2_vehicle_crossing,0.0,0
ba626816eab28971,M2_vehicle_crossing,1,88d928bedcb34c09,M4_cut_in,0.013305,1
ba626816eab28971,M2_vehicle_crossing,2,e0849e47fc78ca2a,M1_lead_slow_stop,0.027904,1
ba626816eab28971,M2_vehicle_crossing,3,c0b0cf92f425dd27,M4_cut_in,0.031971,1
ba626816eab28971,M2_vehicle_crossing,4,d63a72ef3cd6a570,M1_lead_slow_stop,0.035633,1
ba626816eab28971,M2_vehicle_crossing,5,52a0f8dd9925ef2f,M5_merge,0.038766,1
3a05a500c09f362,M6_temp_occupancy,1,793ca3974b95f19e,M5_merge,0.0,1
3a05a500c09f362,M6_temp_occupancy,2,d1005ff0ae21f95d,M5_merge,0.0,1
3a05a500c09f362,M6_temp_occupancy,3,47b9320b31ab33ac,M4_cut_in,0.0,1
3a05a500c09f362,M6_temp_occupancy,4,bda923bbd61198da,M4_cut_in,0.0,1
3a05a500c09f362,M6_temp_occupancy,5,a0ba5287bfa5fa01,M6_temp_occupancy,0.0,0
4fe1a27d65c20624,M4_cut_in,1,2a15bffe9d0283a6,M2_vehicle_crossing,0.052133,1
4fe1a27d65c20624,M4_cut_in,2,70dffe26f853a7ef,M2_vehicle_crossing,0.053134,1
4fe1a27d65c20624,M4_cut_in,3,7adf4f9685f36ea6,M5_merge,0.053912,1
4fe1a27d65c20624,M4_cut_in,4,51aa6df10ffa1539,M4_cut_in,0.056186,0
4fe1a27d65c20624,M4_cut_in,5,ca571aa786fe0edc,M3_vru_crossing,0.062713,1
c5f7559ce637d158,M5_merge,1,7c2ed9ab567e443f,M3_vru_crossing,0.0,1
c5f7559ce637d158,M5_merge,2,c757f0db71e9ac59,M2_vehicle_crossing,0.0,1
c5f7559ce637d158,M5_merge,3,9d2059d1b77947bc,M4_cut_in,0.0,1
c5f7559ce637d158,M5_merge,4,c1e9a535b80c7600,M5_merge,0.0,0
c5f7559ce637d158,M5_merge,5,26284a71f3345792,M2_vehicle_crossing,0.0,1
ec7f75c46b30a664,M6_temp_occupancy,1,7c2ed9ab567e443f,M3_vru_crossing,0.0,1
ec7f75c46b30a664,M6_temp_occupancy,2,c757f0db71e9ac59,M2_vehicle_crossing,0.0,1
ec7f75c46b30a664,M6_temp_occupancy,3,9d2059d1b77947bc,M4_cut_in,0.0,1
ec7f75c46b30a664,M6_temp_occupancy,4,c1e9a535b80c7600,M5_merge,0.0,1
ec7f75c46b30a664,M6_temp_occupancy,5,26284a71f3345792,M2_vehicle_crossing,0.0,1
828d5e60ba898919,M3_vru_crossing,1,8cc939e8a0e6cf,M5_merge,0.06898,1
828d5e60ba898919,M3_vru_crossing,2,834851971ef51d60,M6_temp_occupancy,0.074341,1
828d5e60ba898919,M3_vru_crossing,3,2657143ee43948be,M5_merge,0.074493,1
828d5e60ba898919,M3_vru_crossing,4,a26d48ddce5f4f47,M5_merge,0.077698,1
828d5e60ba898919,M3_vru_crossing,5,b51cd423385fd8c3,M4_cut_in,0.080603,1
5401f9f7a98e3b87,M1_lead_slow_stop,1,ada91b10b7953974,M3_vru_crossing,0.00239,1
5401f9f7a98e3b87,M1_lead_slow_stop,2,12b591f1cf3a512f,M5_merge,0.003919,1
5401f9f7a98e3b87,M1_lead_slow_stop,3,76c55e81fb37f2ac,M3_vru_crossing,0.004518,1
5401f9f7a98e3b87,M1_lead_slow_stop,4,5457633fb7cfc786,M2_vehicle_crossing,0.00631,1
5401f9f7a98e3b87,M1_lead_slow_stop,5,3c63c09d67c69f10,M6_temp_occupancy,0.006641,1
9edef88b29982e8d,M4_cut_in,1,b8b3771d8b3a87bf,M2_vehicle_crossing,0.030236,1
9edef88b29982e8d,M4_cut_in,2,61c2c10de0115d4c,M4_cut_in,0.042026,0
9edef88b29982e8d,M4_cut_in,3,1b8e18bccbb016c7,M5_merge,0.050781,1
9edef88b29982e8d,M4_cut_in,4,beab8af24d4e6e00,M1_lead_slow_stop,0.050781,1
9edef88b29982e8d,M4_cut_in,5,3a9e27b39d34f3ab,M4_cut_in,0.050781,0
d70c6e96e89f9509,M4_cut_in,1,db8f0c4bca59d849,M1_lead_slow_stop,0.06775,1
d70c6e96e89f9509,M4_cut_in,2,865973078bb706b1,M5_merge,0.079912,1
d70c6e96e89f9509,M4_cut_in,3,d35138e6f57e58f,M6_temp_occupancy,0.084259,1
d70c6e96e89f9509,M4_cut_in,4,79b3221698f21ee7,M2_vehicle_crossing,0.090511,1
d70c6e96e89f9509,M4_cut_in,5,78b920001b48881d,M5_merge,0.092699,1
7bfe72a95b111c3d,M5_merge,1,ac36bc6d71571082,M2_vehicle_crossing,0.007812,1
7bfe72a95b111c3d,M5_merge,2,5f9a42f8298a9eea,M5_merge,0.007812,0
7bfe72a95b111c3d,M5_merge,3,3a9e27b39d34f3ab,M4_cut_in,0.011719,1
7bfe72a95b111c3d,M5_merge,4,beab8af24d4e6e00,M1_lead_slow_stop,0.011719,1
7bfe72a95b111c3d,M5_merge,5,1b8e18bccbb016c7,M5_merge,0.011719,0
eaddb9cfd4bdee3,M6_temp_occupancy,1,949fd82d6e44a34d,M2_vehicle_crossing,0.020832,1
eaddb9cfd4bdee3,M6_temp_occupancy,2,ec1490e87d122e61,M4_cut_in,0.023473,1
eaddb9cfd4bdee3,M6_temp_occupancy,3,363faaa196b74966,M2_vehicle_crossing,0.025489,1
eaddb9cfd4bdee3,M6_temp_occupancy,4,529d0c9664dabfba,M4_cut_in,0.02628,1
eaddb9cfd4bdee3,M6_temp_occupancy,5,8589a58aaa319e10,M6_temp_occupancy,0.049283,0
20d86c79c5b93eee,M6_temp_occupancy,1,e17b50b6b8aba55b,M6_temp_occupancy,0.024752,0
20d86c79c5b93eee,M6_temp_occupancy,2,c1829351929da04a,M2_vehicle_crossing,0.03027,1
20d86c79c5b93eee,M6_temp_occupancy,3,a766c68d1e0bfa43,M1_lead_slow_stop,0.030398,1
20d86c79c5b93eee,M6_temp_occupancy,4,82db149ce5803678,M6_temp_occupancy,0.031162,0
20d86c79c5b93eee,M6_temp_occupancy,5,645144353bbfdecc,M2_vehicle_crossing,0.034528,1
6bb19ed8fd73dcaa,M1_lead_slow_stop,1,8001dede9725b235,M2_vehicle_crossing,0.061925,1
6bb19ed8fd73dcaa,M1_lead_slow_stop,2,a7f18baa0d6428a,M2_vehicle_crossing,0.064068,1
6bb19ed8fd73dcaa,M1_lead_slow_stop,3,61c2c10de0115d4c,M4_cut_in,0.068564,1
6bb19ed8fd73dcaa,M1_lead_slow_stop,4,e00e8f2f8643f2e,M4_cut_in,0.07245,1
6bb19ed8fd73dcaa,M1_lead_slow_stop,5,9edef88b29982e8d,M4_cut_in,0.076356,1
f36d556878508d27,M5_merge,1,6f94728ea8b0deba,M2_vehicle_crossing,0.04778,1
f36d556878508d27,M5_merge,2,79408bcec5803f6a,M5_merge,0.051629,0
f36d556878508d27,M5_merge,3,1650ec864aa4a2fe,M4_cut_in,0.052063,1
f36d556878508d27,M5_merge,4,9f4270ce0aa3f8c3,M5_merge,0.052332,0
f36d556878508d27,M5_merge,5,36b6d206313b0dc2,M2_vehicle_crossing,0.053087,1
86e4585ee70fd316,M1_lead_slow_stop,1,305237d2a2712dd3,M1_lead_slow_stop,0.001719,0
86e4585ee70fd316,M1_lead_slow_stop,2,4a48386f6b1d24d5,M1_lead_slow_stop,0.003034,0
86e4585ee70fd316,M1_lead_slow_stop,3,1784b3c9084080c2,M1_lead_slow_stop,0.003132,0
86e4585ee70fd316,M1_lead_slow_stop,4,2d25cf74c78398d6,M1_lead_slow_stop,0.003195,0
86e4585ee70fd316,M1_lead_slow_stop,5,16423aee2f237dfd,M1_lead_slow_stop,0.003255,0
511061c17dcf9cfd,M3_vru_crossing,1,f31626a269c44694,M6_temp_occupancy,0.051423,1
511061c17dcf9cfd,M3_vru_crossing,2,8f228d2e5a4fae1e,M1_lead_slow_stop,0.054405,1
511061c17dcf9cfd,M3_vru_crossing,3,b1d458988d0b5eae,M1_lead_slow_stop,0.054679,1
511061c17dcf9cfd,M3_vru_crossing,4,f1eead8948b039b3,M1_lead_slow_stop,0.054745,1
511061c17dcf9cfd,M3_vru_crossing,5,d24010aa6888e4e5,M6_temp_occupancy,0.057974,1
3fa0d9d7e10ebb40,M1_lead_slow_stop,1,f2abf57c98faabf3,M1_lead_slow_stop,0.012148,0
3fa0d9d7e10ebb40,M1_lead_slow_stop,2,c36348cd92f7095b,M1_lead_slow_stop,0.012344,0
3fa0d9d7e10ebb40,M1_lead_slow_stop,3,683cae1a10f71fcd,M1_lead_slow_stop,0.013226,0
3fa0d9d7e10ebb40,M1_lead_slow_stop,4,df45bb47c8a8b6fa,M1_lead_slow_stop,0.013227,0
3fa0d9d7e10ebb40,M1_lead_slow_stop,5,b06bfeb1c578e77,M1_lead_slow_stop,0.01323,0
c7a26ee2a91219bc,M6_temp_occupancy,1,7ec53982d954fb89,M6_temp_occupancy,0.002861,0
c7a26ee2a91219bc,M6_temp_occupancy,2,5618d078fc67e99f,M6_temp_occupancy,0.003104,0
c7a26ee2a91219bc,M6_temp_occupancy,3,8e1563974ac020a1,M6_temp_occupancy,0.005463,0
c7a26ee2a91219bc,M6_temp_occupancy,4,cfc120339602119,M4_cut_in,0.005463,1
c7a26ee2a91219bc,M6_temp_occupancy,5,78b120a22bfd9f46,M4_cut_in,0.005707,1
c710955bf6df9bd6,M5_merge,1,793ca3974b95f19e,M5_merge,0.007812,0
c710955bf6df9bd6,M5_merge,2,47b9320b31ab33ac,M4_cut_in,0.007812,1
c710955bf6df9bd6,M5_merge,3,d1005ff0ae21f95d,M5_merge,0.007812,0
c710955bf6df9bd6,M5_merge,4,a0ba5287bfa5fa01,M6_temp_occupancy,0.007812,1
c710955bf6df9bd6,M5_merge,5,3a6c26ba1a3aaad6,M4_cut_in,0.007812,1
86e25df75a6995f4,M1_lead_slow_stop,1,831e9f7c915d9a33,M2_vehicle_crossing,0.002226,1
86e25df75a6995f4,M1_lead_slow_stop,2,7f159fbdf79377cf,M4_cut_in,0.002257,1
86e25df75a6995f4,M1_lead_slow_stop,3,8191df8947207928,M1_lead_slow_stop,0.003559,0
86e25df75a6995f4,M1_lead_slow_stop,4,31ae19fdb4f075ba,M5_merge,0.00473,1
86e25df75a6995f4,M1_lead_slow_stop,5,d6619d51e2a9cb2e,M1_lead_slow_stop,0.006452,0
a33abe19dd2ad254,M5_merge,1,ac36bc6d71571082,M2_vehicle_crossing,0.004509,1
a33abe19dd2ad254,M5_merge,2,5f9a42f8298a9eea,M5_merge,0.004509,0
a33abe19dd2ad254,M5_merge,3,179359c3a28d98bc,M4_cut_in,0.004509,1
a33abe19dd2ad254,M5_merge,4,3a9e27b39d34f3ab,M4_cut_in,0.008415,1
a33abe19dd2ad254,M5_merge,5,1b8e18bccbb016c7,M5_merge,0.008415,0
c3c8dba7b2fac99b,M6_temp_occupancy,1,7c2ed9ab567e443f,M3_vru_crossing,0.0,1
c3c8dba7b2fac99b,M6_temp_occupancy,2,c757f0db71e9ac59,M2_vehicle_crossing,0.0,1
c3c8dba7b2fac99b,M6_temp_occupancy,3,9d2059d1b77947bc,M4_cut_in,0.0,1
c3c8dba7b2fac99b,M6_temp_occupancy,4,c1e9a535b80c7600,M5_merge,0.0,1
c3c8dba7b2fac99b,M6_temp_occupancy,5,26284a71f3345792,M2_vehicle_crossing,0.0,1
e79fba949827442,M4_cut_in,1,315116b299899d4c,M4_cut_in,0.000117,0
e79fba949827442,M4_cut_in,2,5b48eebb6ae9a031,M1_lead_slow_stop,0.000232,1
e79fba949827442,M4_cut_in,3,c757f0db71e9ac59,M2_vehicle_crossing,0.000477,1
e79fba949827442,M4_cut_in,4,9d2059d1b77947bc,M4_cut_in,0.000477,0
e79fba949827442,M4_cut_in,5,26284a71f3345792,M2_vehicle_crossing,0.000477,1
db8f0c4bca59d849,M1_lead_slow_stop,1,9edef88b29982e8d,M4_cut_in,0.06685,1
db8f0c4bca59d849,M1_lead_slow_stop,2,d70c6e96e89f9509,M4_cut_in,0.06775,1
db8f0c4bca59d849,M1_lead_slow_stop,3,61c2c10de0115d4c,M4_cut_in,0.070634,1
db8f0c4bca59d849,M1_lead_slow_stop,4,b2893c00477b7f2e,M5_merge,0.074662,1
db8f0c4bca59d849,M1_lead_slow_stop,5,3a9e27b39d34f3ab,M4_cut_in,0.078569,1
10fa6689840a045e,M1_lead_slow_stop,1,c12a9f85df574fa5,M4_cut_in,0.112885,1
10fa6689840a045e,M1_lead_slow_stop,2,3d5ea6d5d8caf0b0,M2_vehicle_crossing,0.117271,1
10fa6689840a045e,M1_lead_slow_stop,3,a70f5b2aa2077f39,M1_lead_slow_stop,0.1238,0
10fa6689840a045e,M1_lead_slow_stop,4,ba2cae3b8abf2fb7,M1_lead_slow_stop,0.134355,0
10fa6689840a045e,M1_lead_slow_stop,5,dfc3a8f83fb09e3a,M3_vru_crossing,0.140879,1
82db149ce5803678,M6_temp_occupancy,1,1b7882c46e1bb5be,M6_temp_occupancy,0.012246,0
82db149ce5803678,M6_temp_occupancy,2,e17b50b6b8aba55b,M6_temp_occupancy,0.014752,0
82db149ce5803678,M6_temp_occupancy,3,5a375264f6e08467,M3_vru_crossing,0.015761,1
82db149ce5803678,M6_temp_occupancy,4,c1829351929da04a,M2_vehicle_crossing,0.019291,1
82db149ce5803678,M6_temp_occupancy,5,a77a96465790bde4,M3_vru_crossing,0.020394,1
d952c66361dd6dd,M3_vru_crossing,1,4c876e42879d5527,M5_merge,0.0,1
d952c66361dd6dd,M3_vru_crossing,2,8e8850bd484b4c94,M3_vru_crossing,0.0,0
d952c66361dd6dd,M3_vru_crossing,3,585ffc8db08d83cd,M2_vehicle_crossing,0.0,1
d952c66361dd6dd,M3_vru_crossing,4,fb142b6dfa344e7d,M6_temp_occupancy,0.0,1
d952c66361dd6dd,M3_vru_crossing,5,f47f7ad1c8fc8e29,M3_vru_crossing,0.0,0
ea6d597b14182a4,M3_vru_crossing,1,7c2ed9ab567e443f,M3_vru_crossing,0.0,0
ea6d597b14182a4,M3_vru_crossing,2,c757f0db71e9ac59,M2_vehicle_crossing,0.0,1
ea6d597b14182a4,M3_vru_crossing,3,9d2059d1b77947bc,M4_cut_in,0.0,1
ea6d597b14182a4,M3_vru_crossing,4,c1e9a535b80c7600,M5_merge,0.0,1
ea6d597b14182a4,M3_vru_crossing,5,26284a71f3345792,M2_vehicle_crossing,0.0,1
aae6f5e257d7ae7b,M4_cut_in,1,1b8e18bccbb016c7,M5_merge,0.022961,1
aae6f5e257d7ae7b,M4_cut_in,2,3a9e27b39d34f3ab,M4_cut_in,0.022961,0
aae6f5e257d7ae7b,M4_cut_in,3,beab8af24d4e6e00,M1_lead_slow_stop,0.022961,1
aae6f5e257d7ae7b,M4_cut_in,4,ac36bc6d71571082,M2_vehicle_crossing,0.026867,1
aae6f5e257d7ae7b,M4_cut_in,5,7bfe72a95b111c3d,M5_merge,0.026867,1
7ea9286f24b35ce,M5_merge,1,1650ec864aa4a2fe,M4_cut_in,0.003384,1
7ea9286f24b35ce,M5_merge,2,79408bcec5803f6a,M5_merge,0.00348,0
7ea9286f24b35ce,M5_merge,3,2f062e60ee68c1a5,M5_merge,0.004216,0
7ea9286f24b35ce,M5_merge,4,1fb56b3dc02f219,M5_merge,0.006364,0
7ea9286f24b35ce,M5_merge,5,9bfc9cb152799616,M5_merge,0.007495,0
68ebb1345abaaa49,M2_vehicle_crossing,1,793ca3974b95f19e,M5_merge,0.0,1
68ebb1345abaaa49,M2_vehicle_crossing,2,d1005ff0ae21f95d,M5_merge,0.0,1
68ebb1345abaaa49,M2_vehicle_crossing,3,47b9320b31ab33ac,M4_cut_in,0.0,1
68ebb1345abaaa49,M2_vehicle_crossing,4,bda923bbd61198da,M4_cut_in,0.0,1
68ebb1345abaaa49,M2_vehicle_crossing,5,a0ba5287bfa5fa01,M6_temp_occupancy,0.0,1
9f2afbd2995369db,M4_cut_in,1,338402ef9081de8e,M5_merge,0.025261,1
9f2afbd2995369db,M4_cut_in,2,38fc99d2b91ace4f,M2_vehicle_crossing,0.033881,1
9f2afbd2995369db,M4_cut_in,3,6646d8a4c3d41f86,M5_merge,0.035236,1
9f2afbd2995369db,M4_cut_in,4,22b89ada4ddaaa3e,M5_merge,0.036126,1
9f2afbd2995369db,M4_cut_in,5,7d68b3426a9bb6ad,M2_vehicle_crossing,0.036501,1
f7193ffab83f342a,M4_cut_in,1,36b6d206313b0dc2,M2_vehicle_crossing,0.014064,1
f7193ffab83f342a,M4_cut_in,2,eeea7c01a12a8d7f,M4_cut_in,0.01573,0
f7193ffab83f342a,M4_cut_in,3,ad89a673afcb15ef,M1_lead_slow_stop,0.017345,1
f7193ffab83f342a,M4_cut_in,4,aab6b95a0fb95b9f,M4_cut_in,0.026048,0
f7193ffab83f342a,M4_cut_in,5,bd7976b23815850c,M6_temp_occupancy,0.026458,1
3c0d54fef36f68c3,M6_temp_occupancy,1,7c2ed9ab567e443f,M3_vru_crossing,0.0,1
3c0d54fef36f68c3,M6_temp_occupancy,2,c757f0db71e9ac59,M2_vehicle_crossing,0.0,1
3c0d54fef36f68c3,M6_temp_occupancy,3,9d2059d1b77947bc,M4_cut_in,0.0,1
3c0d54fef36f68c3,M6_temp_occupancy,4,c1e9a535b80c7600,M5_merge,0.0,1
3c0d54fef36f68c3,M6_temp_occupancy,5,26284a71f3345792,M2_vehicle_crossing,0.0,1
e2e8717cc14408e5,M2_vehicle_crossing,1,17c5c69ac611ac01,M6_temp_occupancy,0.027595,1
e2e8717cc14408e5,M2_vehicle_crossing,2,d37498e9d40b6473,M1_lead_slow_stop,0.027979,1
e2e8717cc14408e5,M2_vehicle_crossing,3,8bfeaae8e7475de2,M4_cut_in,0.02816,1
e2e8717cc14408e5,M2_vehicle_crossing,4,d864c4fbd40d6060,M6_temp_occupancy,0.028976,1
e2e8717cc14408e5,M2_vehicle_crossing,5,cccc1c64881dde01,M3_vru_crossing,0.028976,1
b51cd423385fd8c3,M4_cut_in,1,a26d48ddce5f4f47,M5_merge,0.009788,1
b51cd423385fd8c3,M4_cut_in,2,a7f18baa0d6428a,M2_vehicle_crossing,0.017832,1
b51cd423385fd8c3,M4_cut_in,3,2657143ee43948be,M5_merge,0.018447,1
b51cd423385fd8c3,M4_cut_in,4,8cc939e8a0e6cf,M5_merge,0.018964,1
b51cd423385fd8c3,M4_cut_in,5,e81d8e76f45369fd,M4_cut_in,0.02154,0
d1d63331ff4d4642,M1_lead_slow_stop,1,89a5c1dd7b5e34e2,M1_lead_slow_stop,0.014205,0
d1d63331ff4d4642,M1_lead_slow_stop,2,1769632bbd68d1c1,M5_merge,0.021087,1
d1d63331ff4d4642,M1_lead_slow_stop,3,39bd73db0d742122,M5_merge,0.02109,1
d1d63331ff4d4642,M1_lead_slow_stop,4,9c08d46cf7d1aaaa,M1_lead_slow_stop,0.022729,0
d1d63331ff4d4642,M1_lead_slow_stop,5,39e70c8ed6235491,M5_merge,0.0235,1
bff5b958fa495b42,M1_lead_slow_stop,1,793ca3974b95f19e,M5_merge,0.0,1
bff5b958fa495b42,M1_lead_slow_stop,2,d1005ff0ae21f95d,M5_merge,0.0,1
bff5b958fa495b42,M1_lead_slow_stop,3,47b9320b31ab33ac,M4_cut_in,0.0,1
bff5b958fa495b42,M1_lead_slow_stop,4,bda923bbd61198da,M4_cut_in,0.0,1
bff5b958fa495b42,M1_lead_slow_stop,5,a0ba5287bfa5fa01,M6_temp_occupancy,0.0,1
6d8c999df123683e,M5_merge,1,7c2ed9ab567e443f,M3_vru_crossing,0.0,1
6d8c999df123683e,M5_merge,2,c757f0db71e9ac59,M2_vehicle_crossing,0.0,1
6d8c999df123683e,M5_merge,3,9d2059d1b77947bc,M4_cut_in,0.0,1
6d8c999df123683e,M5_merge,4,c1e9a535b80c7600,M5_merge,0.0,0
6d8c999df123683e,M5_merge,5,26284a71f3345792,M2_vehicle_crossing,0.0,1
2f062e60ee68c1a5,M5_merge,1,9bfc9cb152799616,M5_merge,0.003348,0
2f062e60ee68c1a5,M5_merge,2,7ea9286f24b35ce,M5_merge,0.004216,0
2f062e60ee68c1a5,M5_merge,3,d81ce363e8e76181,M5_merge,0.007036,0
2f062e60ee68c1a5,M5_merge,4,79408bcec5803f6a,M5_merge,0.007064,0
2f062e60ee68c1a5,M5_merge,5,1650ec864aa4a2fe,M4_cut_in,0.007499,1
d547b71b68122235,M2_vehicle_crossing,1,7adf4f9685f36ea6,M5_merge,0.072309,1
d547b71b68122235,M2_vehicle_crossing,2,70dffe26f853a7ef,M2_vehicle_crossing,0.074832,0
d547b71b68122235,M2_vehicle_crossing,3,eaddb9cfd4bdee3,M6_temp_occupancy,0.079549,1
d547b71b68122235,M2_vehicle_crossing,4,ec1490e87d122e61,M4_cut_in,0.079984,1
d547b71b68122235,M2_vehicle_crossing,5,949fd82d6e44a34d,M2_vehicle_crossing,0.08452,0
498676f3a2f5b632,M1_lead_slow_stop,1,bc30f1a4671b4030,M1_lead_slow_stop,0.010976,0
498676f3a2f5b632,M1_lead_slow_stop,2,422031c4323005cb,M1_lead_slow_stop,0.022526,0
498676f3a2f5b632,M1_lead_slow_stop,3,f7193ffab83f342a,M4_cut_in,0.03,1
498676f3a2f5b632,M1_lead_slow_stop,4,36b6d206313b0dc2,M2_vehicle_crossing,0.030213,1
498676f3a2f5b632,M1_lead_slow_stop,5,eeea7c01a12a8d7f,M4_cut_in,0.041218,1
b65a402949fb31f,M2_vehicle_crossing,1,793ca3974b95f19e,M5_merge,0.0,1
b65a402949fb31f,M2_vehicle_crossing,2,d1005ff0ae21f95d,M5_merge,0.0,1
b65a402949fb31f,M2_vehicle_crossing,3,47b9320b31ab33ac,M4_cut_in,0.0,1
b65a402949fb31f,M2_vehicle_crossing,4,bda923bbd61198da,M4_cut_in,0.0,1
b65a402949fb31f,M2_vehicle_crossing,5,a0ba5287bfa5fa01,M6_temp_occupancy,0.0,1
ab6bd2c279f34f6a,M3_vru_crossing,1,37579382cdbc7907,M3_vru_crossing,0.013409,0
ab6bd2c279f34f6a,M3_vru_crossing,2,ef74ec33e9f467eb,M3_vru_crossing,0.027414,0
ab6bd2c279f34f6a,M3_vru_crossing,3,c1829351929da04a,M2_vehicle_crossing,0.027741,1
ab6bd2c279f34f6a,M3_vru_crossing,4,e17b50b6b8aba55b,M6_temp_occupancy,0.029275,1
ab6bd2c279f34f6a,M3_vru_crossing,5,febc54f23fd786b7,M3_vru_crossing,0.036741,0
501d70fe64c7306f,M4_cut_in,1,5e0002dca7244f07,M4_cut_in,0.027344,0
501d70fe64c7306f,M4_cut_in,2,e81d8e76f45369fd,M4_cut_in,0.033212,0
501d70fe64c7306f,M4_cut_in,3,e00e8f2f8643f2e,M4_cut_in,0.039062,0
501d70fe64c7306f,M4_cut_in,4,e462adf60f7b5453,M4_cut_in,0.042969,0
501d70fe64c7306f,M4_cut_in,5,8cc939e8a0e6cf,M5_merge,0.044687,1
eb1cfd2cec3f1bb4,M5_merge,1,793ca3974b95f19e,M5_merge,0.0,0
eb1cfd2cec3f1bb4,M5_merge,2,d1005ff0ae21f95d,M5_merge,0.0,0
eb1cfd2cec3f1bb4,M5_merge,3,47b9320b31ab33ac,M4_cut_in,0.0,1
eb1cfd2cec3f1bb4,M5_merge,4,bda923bbd61198da,M4_cut_in,0.0,1
eb1cfd2cec3f1bb4,M5_merge,5,a0ba5287bfa5fa01,M6_temp_occupancy,0.0,1
df45bb47c8a8b6fa,M1_lead_slow_stop,1,683cae1a10f71fcd,M1_lead_slow_stop,1e-06,0
df45bb47c8a8b6fa,M1_lead_slow_stop,2,b06bfeb1c578e77,M1_lead_slow_stop,2e-06,0
df45bb47c8a8b6fa,M1_lead_slow_stop,3,c36348cd92f7095b,M1_lead_slow_stop,0.000884,0
df45bb47c8a8b6fa,M1_lead_slow_stop,4,2d25cf74c78398d6,M1_lead_slow_stop,0.000917,0
df45bb47c8a8b6fa,M1_lead_slow_stop,5,533ebc889bf91c14,M1_lead_slow_stop,0.000991,0
3c63c09d67c69f10,M6_temp_occupancy,1,76c55e81fb37f2ac,M3_vru_crossing,0.002124,1
3c63c09d67c69f10,M6_temp_occupancy,2,2691891bbf109269,M4_cut_in,0.002338,1
3c63c09d67c69f10,M6_temp_occupancy,3,9c8c3c7431089e90,M4_cut_in,0.004137,1
3c63c09d67c69f10,M6_temp_occupancy,4,5457633fb7cfc786,M2_vehicle_crossing,0.004596,1
3c63c09d67c69f10,M6_temp_occupancy,5,12b591f1cf3a512f,M5_merge,0.004652,1
38fc99d2b91ace4f,M2_vehicle_crossing,1,59a52add08359a02,M4_cut_in,0.003036,1
38fc99d2b91ace4f,M2_vehicle_crossing,2,6646d8a4c3d41f86,M5_merge,0.00375,1
38fc99d2b91ace4f,M2_vehicle_crossing,3,22b89ada4ddaaa3e,M5_merge,0.004098,1
38fc99d2b91ace4f,M2_vehicle_crossing,4,7d68b3426a9bb6ad,M2_vehicle_crossing,0.004317,0
38fc99d2b91ace4f,M2_vehicle_crossing,5,582aae15098c3428,M2_vehicle_crossing,0.00978,0
68222c9de6832012,M4_cut_in,1,f432b7291cdb4115,M4_cut_in,0.009055,0
68222c9de6832012,M4_cut_in,2,ef15a936dcbdae22,M5_merge,0.009352,1
68222c9de6832012,M4_cut_in,3,a22e67eb167f1d0f,M5_merge,0.010302,1
68222c9de6832012,M4_cut_in,4,a568f52e21a784d9,M5_merge,0.010729,1
68222c9de6832012,M4_cut_in,5,612bd3de9ba8eb4b,M4_cut_in,0.010838,0
dd2b57f59de52610,M4_cut_in,1,793ca3974b95f19e,M5_merge,0.0,1
dd2b57f59de52610,M4_cut_in,2,d1005ff0ae21f95d,M5_merge,0.0,1
dd2b57f59de52610,M4_cut_in,3,47b9320b31ab33ac,M4_cut_in,0.0,0
dd2b57f59de52610,M4_cut_in,4,bda923bbd61198da,M4_cut_in,0.0,0
dd2b57f59de52610,M4_cut_in,5,a0ba5287bfa5fa01,M6_temp_occupancy,0.0,1
eeea7c01a12a8d7f,M4_cut_in,1,ad89a673afcb15ef,M1_lead_slow_stop,0.003145,1
eeea7c01a12a8d7f,M4_cut_in,2,f7193ffab83f342a,M4_cut_in,0.01573,0
eeea7c01a12a8d7f,M4_cut_in,3,36b6d206313b0dc2,M2_vehicle_crossing,0.016277,1
eeea7c01a12a8d7f,M4_cut_in,4,cb86548c32715796,M1_lead_slow_stop,0.017929,1
eeea7c01a12a8d7f,M4_cut_in,5,335d32f832e5f076,M5_merge,0.021445,1
19847cdf4ebaa222,M3_vru_crossing,1,6b6f521ecacbd19f,M3_vru_crossing,0.005982,0
19847cdf4ebaa222,M3_vru_crossing,2,c65883931103e25c,M3_vru_crossing,0.006703,0
19847cdf4ebaa222,M3_vru_crossing,3,be509a6ffaaa9637,M6_temp_occupancy,0.008958,1
19847cdf4ebaa222,M3_vru_crossing,4,ae672ec38ffe80b5,M1_lead_slow_stop,0.009274,1
19847cdf4ebaa222,M3_vru_crossing,5,ada91b10b7953974,M3_vru_crossing,0.009882,0
7ae4b0661a825cbe,M6_temp_occupancy,1,a05540d6a0f4e3ab,M1_lead_slow_stop,0.02672,1
7ae4b0661a825cbe,M6_temp_occupancy,2,d1c30693ca04bbf4,M6_temp_occupancy,0.032491,0
7ae4b0661a825cbe,M6_temp_occupancy,3,53aaa12123cda64d,M6_temp_occupancy,0.036168,0
7ae4b0661a825cbe,M6_temp_occupancy,4,91d61b86be4e7b10,M2_vehicle_crossing,0.037383,1
7ae4b0661a825cbe,M6_temp_occupancy,5,d8c32f51e1a8356a,M3_vru_crossing,0.044714,1
51288c5c978c52bb,M6_temp_occupancy,1,793ca3974b95f19e,M5_merge,0.0,1
51288c5c978c52bb,M6_temp_occupancy,2,d1005ff0ae21f95d,M5_merge,0.0,1
51288c5c978c52bb,M6_temp_occupancy,3,47b9320b31ab33ac,M4_cut_in,0.0,1
51288c5c978c52bb,M6_temp_occupancy,4,bda923bbd61198da,M4_cut_in,0.0,1
51288c5c978c52bb,M6_temp_occupancy,5,a0ba5287bfa5fa01,M6_temp_occupancy,0.0,0
15d59741943a4528,M2_vehicle_crossing,1,793ca3974b95f19e,M5_merge,0.0,1
15d59741943a4528,M2_vehicle_crossing,2,d1005ff0ae21f95d,M5_merge,0.0,1
15d59741943a4528,M2_vehicle_crossing,3,47b9320b31ab33ac,M4_cut_in,0.0,1
15d59741943a4528,M2_vehicle_crossing,4,bda923bbd61198da,M4_cut_in,0.0,1
15d59741943a4528,M2_vehicle_crossing,5,a0ba5287bfa5fa01,M6_temp_occupancy,0.0,1
ab7b6b79b724bd2d,M2_vehicle_crossing,1,793ca3974b95f19e,M5_merge,0.0,1
ab7b6b79b724bd2d,M2_vehicle_crossing,2,d1005ff0ae21f95d,M5_merge,0.0,1
ab7b6b79b724bd2d,M2_vehicle_crossing,3,47b9320b31ab33ac,M4_cut_in,0.0,1
ab7b6b79b724bd2d,M2_vehicle_crossing,4,bda923bbd61198da,M4_cut_in,0.0,1
ab7b6b79b724bd2d,M2_vehicle_crossing,5,a0ba5287bfa5fa01,M6_temp_occupancy,0.0,1
8e8850bd484b4c94,M3_vru_crossing,1,4c876e42879d5527,M5_merge,0.0,1
8e8850bd484b4c94,M3_vru_crossing,2,585ffc8db08d83cd,M2_vehicle_crossing,0.0,1
8e8850bd484b4c94,M3_vru_crossing,3,d952c66361dd6dd,M3_vru_crossing,0.0,0
8e8850bd484b4c94,M3_vru_crossing,4,fb142b6dfa344e7d,M6_temp_occupancy,0.0,1
8e8850bd484b4c94,M3_vru_crossing,5,f47f7ad1c8fc8e29,M3_vru_crossing,0.0,0
ba35d3e87e11a4f4,M5_merge,1,8cb51d6f77603a9b,M5_merge,0.036984,0
ba35d3e87e11a4f4,M5_merge,2,320d7f0fddc558fb,M2_vehicle_crossing,0.041619,1
ba35d3e87e11a4f4,M5_merge,3,19d0df1d5bb64120,M6_temp_occupancy,0.041896,1
ba35d3e87e11a4f4,M5_merge,4,8191df8947207928,M1_lead_slow_stop,0.042761,1
ba35d3e87e11a4f4,M5_merge,5,d6619d51e2a9cb2e,M1_lead_slow_stop,0.043368,1
5457633fb7cfc786,M2_vehicle_crossing,1,3f229274b2913801,M3_vru_crossing,0.002408,1
5457633fb7cfc786,M2_vehicle_crossing,2,77f8172643ca02de,M3_vru_crossing,0.002409,1
5457633fb7cfc786,M2_vehicle_crossing,3,e79fba949827442,M4_cut_in,0.003211,1
5457633fb7cfc786,M2_vehicle_crossing,4,315116b299899d4c,M4_cut_in,0.003328,1
5457633fb7cfc786,M2_vehicle_crossing,5,76c55e81fb37f2ac,M3_vru_crossing,0.003359,1
ba2cae3b8abf2fb7,M1_lead_slow_stop,1,c12a9f85df574fa5,M4_cut_in,0.051755,1
ba2cae3b8abf2fb7,M1_lead_slow_stop,2,68618d5784c03bfb,M3_vru_crossing,0.054312,1
ba2cae3b8abf2fb7,M1_lead_slow_stop,3,d24010aa6888e4e5,M6_temp_occupancy,0.064225,1
ba2cae3b8abf2fb7,M1_lead_slow_stop,4,46be633224ba688d,M1_lead_slow_stop,0.067146,0
ba2cae3b8abf2fb7,M1_lead_slow_stop,5,88ef797bb168ea3,M3_vru_crossing,0.068954,1
8f228d2e5a4fae1e,M1_lead_slow_stop,1,f1eead8948b039b3,M1_lead_slow_stop,0.001079,0
8f228d2e5a4fae1e,M1_lead_slow_stop,2,b1d458988d0b5eae,M1_lead_slow_stop,0.004414,0
8f228d2e5a4fae1e,M1_lead_slow_stop,3,af8d2b2e7bf74387,M1_lead_slow_stop,0.008249,0
8f228d2e5a4fae1e,M1_lead_slow_stop,4,94c25b4be74d177b,M1_lead_slow_stop,0.015223,0
8f228d2e5a4fae1e,M1_lead_slow_stop,5,46be633224ba688d,M1_lead_slow_stop,0.01843,0
c1332ddc8f341b8c,M5_merge,1,8589a58aaa319e10,M6_temp_occupancy,0.035156,1
c1332ddc8f341b8c,M5_merge,2,16204a7755094bb7,M6_temp_occupancy,0.035156,1
c1332ddc8f341b8c,M5_merge,3,a3b3a764aab8ba8f,M1_lead_slow_stop,0.042391,1
c1332ddc8f341b8c,M5_merge,4,e8f0bb32d5de2d24,M5_merge,0.042969,0
c1332ddc8f341b8c,M5_merge,5,4c66a1ff494d0326,M5_merge,0.049541,0
cfc488d11f8a14ac,M3_vru_crossing,1,6537fe33af0264c4,M4_cut_in,0.02805,1
cfc488d11f8a14ac,M3_vru_crossing,2,8589a58aaa319e10,M6_temp_occupancy,0.051595,1
cfc488d11f8a14ac,M3_vru_crossing,3,16204a7755094bb7,M6_temp_occupancy,0.051595,1
cfc488d11f8a14ac,M3_vru_crossing,4,ec1490e87d122e61,M4_cut_in,0.070743,1
cfc488d11f8a14ac,M3_vru_crossing,5,949fd82d6e44a34d,M2_vehicle_crossing,0.076738,1
a530b3c1fbc880a3,M4_cut_in,1,624d07c6cf70dc90,M4_cut_in,0.028881,0
a530b3c1fbc880a3,M4_cut_in,2,a955a67397678653,M2_vehicle_crossing,0.070955,1
a530b3c1fbc880a3,M4_cut_in,3,11baee9e26708b28,M2_vehicle_crossing,0.078646,1
a530b3c1fbc880a3,M4_cut_in,4,4c66a1ff494d0326,M5_merge,0.089467,1
a530b3c1fbc880a3,M4_cut_in,5,c4edbe4985f2d06d,M4_cut_in,0.090864,0
68618d5784c03bfb,M3_vru_crossing,1,88ef797bb168ea3,M3_vru_crossing,0.027017,0
68618d5784c03bfb,M3_vru_crossing,2,df2d9878b8d365d5,M4_cut_in,0.04553,1
68618d5784c03bfb,M3_vru_crossing,3,dc948f31a4fb002,M3_vru_crossing,0.050045,0
68618d5784c03bfb,M3_vru_crossing,4,ba2cae3b8abf2fb7,M1_lead_slow_stop,0.054312,1
68618d5784c03bfb,M3_vru_crossing,5,c4f810396985181f,M2_vehicle_crossing,0.058204,1
9c8c3c7431089e90,M4_cut_in,1,ee8a56fbf694ea41,M4_cut_in,0.002116,0
9c8c3c7431089e90,M4_cut_in,2,2691891bbf109269,M4_cut_in,0.002351,0
9c8c3c7431089e90,M4_cut_in,3,270199473a16315,M2_vehicle_crossing,0.003796,1
9c8c3c7431089e90,M4_cut_in,4,1e98bdb2802fdab1,M3_vru_crossing,0.003971,1
9c8c3c7431089e90,M4_cut_in,5,3c63c09d67c69f10,M6_temp_occupancy,0.004137,1
88ef797bb168ea3,M3_vru_crossing,1,68618d5784c03bfb,M3_vru_crossing,0.027017,0
88ef797bb168ea3,M3_vru_crossing,2,df2d9878b8d365d5,M4_cut_in,0.031493,1
88ef797bb168ea3,M3_vru_crossing,3,dc948f31a4fb002,M3_vru_crossing,0.03389,0
88ef797bb168ea3,M3_vru_crossing,4,c4f810396985181f,M2_vehicle_crossing,0.042851,1
88ef797bb168ea3,M3_vru_crossing,5,d8c32f51e1a8356a,M3_vru_crossing,0.043234,0
4d99ac365cde07cb,M5_merge,1,793ca3974b95f19e,M5_merge,0.0,0
4d99ac365cde07cb,M5_merge,2,d1005ff0ae21f95d,M5_merge,0.0,0
4d99ac365cde07cb,M5_merge,3,47b9320b31ab33ac,M4_cut_in,0.0,1
4d99ac365cde07cb,M5_merge,4,bda923bbd61198da,M4_cut_in,0.0,1
4d99ac365cde07cb,M5_merge,5,a0ba5287bfa5fa01,M6_temp_occupancy,0.0,1
c9b89aa89fab08d3,M4_cut_in,1,52a0f8dd9925ef2f,M5_merge,0.035138,1
c9b89aa89fab08d3,M4_cut_in,2,68d9bc6afeb45562,M2_vehicle_crossing,0.039396,1
c9b89aa89fab08d3,M4_cut_in,3,ee651f48b99ac793,M3_vru_crossing,0.052104,1
c9b89aa89fab08d3,M4_cut_in,4,d63a72ef3cd6a570,M1_lead_slow_stop,0.055209,1
c9b89aa89fab08d3,M4_cut_in,5,a766c68d1e0bfa43,M1_lead_slow_stop,0.057067,1
fa6889c637e04a42,M3_vru_crossing,1,d58bbf57267f9fab,M4_cut_in,0.013842,1
fa6889c637e04a42,M3_vru_crossing,2,5c667f775158d5c6,M3_vru_crossing,0.015623,0
fa6889c637e04a42,M3_vru_crossing,3,270199473a16315,M2_vehicle_crossing,0.015958,1
fa6889c637e04a42,M3_vru_crossing,4,d1874810bd087f05,M2_vehicle_crossing,0.017697,1
fa6889c637e04a42,M3_vru_crossing,5,68fd9de9ecd79093,M1_lead_slow_stop,0.017867,1
c12a9f85df574fa5,M4_cut_in,1,f31626a269c44694,M6_temp_occupancy,0.044822,1
c12a9f85df574fa5,M4_cut_in,2,ba2cae3b8abf2fb7,M1_lead_slow_stop,0.051755,1
c12a9f85df574fa5,M4_cut_in,3,d24010aa6888e4e5,M6_temp_occupancy,0.070409,1
c12a9f85df574fa5,M4_cut_in,4,46be633224ba688d,M1_lead_slow_stop,0.072188,1
c12a9f85df574fa5,M4_cut_in,5,a05540d6a0f4e3ab,M1_lead_slow_stop,0.072998,1
363b09f9d01e1606,M5_merge,1,793ca3974b95f19e,M5_merge,0.0,0
363b09f9d01e1606,M5_merge,2,d1005ff0ae21f95d,M5_merge,0.0,0
363b09f9d01e1606,M5_merge,3,47b9320b31ab33ac,M4_cut_in,0.0,1
363b09f9d01e1606,M5_merge,4,bda923bbd61198da,M4_cut_in,0.0,1
363b09f9d01e1606,M5_merge,5,a0ba5287bfa5fa01,M6_temp_occupancy,0.0,1
a955a67397678653,M2_vehicle_crossing,1,e527e1e12a9fdc28,M1_lead_slow_stop,0.06373,1
a955a67397678653,M2_vehicle_crossing,2,a530b3c1fbc880a3,M4_cut_in,0.070955,1
a955a67397678653,M2_vehicle_crossing,3,f4f8114477b9d87,M6_temp_occupancy,0.080131,1
a955a67397678653,M2_vehicle_crossing,4,c99507df4ad4899,M1_lead_slow_stop,0.098716,1
a955a67397678653,M2_vehicle_crossing,5,9928daa89a7f867b,M1_lead_slow_stop,0.09946,1
9f4270ce0aa3f8c3,M5_merge,1,1fb56b3dc02f219,M5_merge,0.007271,0
9f4270ce0aa3f8c3,M5_merge,2,1650ec864aa4a2fe,M4_cut_in,0.007544,1
9f4270ce0aa3f8c3,M5_merge,3,79408bcec5803f6a,M5_merge,0.007639,0
9f4270ce0aa3f8c3,M5_merge,4,7f159fbdf79377cf,M4_cut_in,0.008262,1
9f4270ce0aa3f8c3,M5_merge,5,86e25df75a6995f4,M1_lead_slow_stop,0.008286,1
534768c085f72923,M6_temp_occupancy,1,6064f2415be71eba,M2_vehicle_crossing,1e-06,1
534768c085f72923,M6_temp_occupancy,2,8e8850bd484b4c94,M3_vru_crossing,0.009341,1
534768c085f72923,M6_temp_occupancy,3,4c876e42879d5527,M5_merge,0.009341,1
534768c085f72923,M6_temp_occupancy,4,f8c0a8cecce3a643,M3_vru_crossing,0.009341,1
534768c085f72923,M6_temp_occupancy,5,585ffc8db08d83cd,M2_vehicle_crossing,0.009341,1
8e1563974ac020a1,M6_temp_occupancy,1,cfc120339602119,M4_cut_in,0.0,1
8e1563974ac020a1,M6_temp_occupancy,2,e765ea8a0b617a42,M3_vru_crossing,0.000244,1
8e1563974ac020a1,M6_temp_occupancy,3,5f76aca0e8d6d060,M6_temp_occupancy,0.000244,0
8e1563974ac020a1,M6_temp_occupancy,4,b1bc03805735b4e4,M3_vru_crossing,0.000244,1
8e1563974ac020a1,M6_temp_occupancy,5,6c50f7bf6b8d17ee,M6_temp_occupancy,0.000244,0
8bf5237dd38f68ae,M4_cut_in,1,7c2ed9ab567e443f,M3_vru_crossing,0.0,1
8bf5237dd38f68ae,M4_cut_in,2,c757f0db71e9ac59,M2_vehicle_crossing,0.0,1
8bf5237dd38f68ae,M4_cut_in,3,9d2059d1b77947bc,M4_cut_in,0.0,0
8bf5237dd38f68ae,M4_cut_in,4,c1e9a535b80c7600,M5_merge,0.0,1
8bf5237dd38f68ae,M4_cut_in,5,26284a71f3345792,M2_vehicle_crossing,0.0,1
41e5d0a14afc65fe,M5_merge,1,e8f0bb32d5de2d24,M5_merge,0.012519,0
41e5d0a14afc65fe,M5_merge,2,2e10359a52c4c299,M6_temp_occupancy,0.018543,1
41e5d0a14afc65fe,M5_merge,3,476bce23b3e638d5,M2_vehicle_crossing,0.041406,1
41e5d0a14afc65fe,M5_merge,4,b1dab228a8902a1a,M5_merge,0.04495,0
41e5d0a14afc65fe,M5_merge,5,c1332ddc8f341b8c,M5_merge,0.055488,0
374f7f515942ce08,M2_vehicle_crossing,1,d864c4fbd40d6060,M6_temp_occupancy,0.0,1
374f7f515942ce08,M2_vehicle_crossing,2,cccc1c64881dde01,M3_vru_crossing,0.0,1
374f7f515942ce08,M2_vehicle_crossing,3,17c5c69ac611ac01,M6_temp_occupancy,0.00138,1
374f7f515942ce08,M2_vehicle_crossing,4,227059f2f85c2a20,M2_vehicle_crossing,0.011719,0
374f7f515942ce08,M2_vehicle_crossing,5,8bfeaae8e7475de2,M4_cut_in,0.015518,1
59a52add08359a02,M4_cut_in,1,38fc99d2b91ace4f,M2_vehicle_crossing,0.003036,1
59a52add08359a02,M4_cut_in,2,6646d8a4c3d41f86,M5_merge,0.003039,1
59a52add08359a02,M4_cut_in,3,7d68b3426a9bb6ad,M2_vehicle_crossing,0.004576,1
59a52add08359a02,M4_cut_in,4,22b89ada4ddaaa3e,M5_merge,0.004695,1
59a52add08359a02,M4_cut_in,5,582aae15098c3428,M2_vehicle_crossing,0.006825,1
d37498e9d40b6473,M1_lead_slow_stop,1,a766c68d1e0bfa43,M1_lead_slow_stop,0.023002,0
d37498e9d40b6473,M1_lead_slow_stop,2,e2e8717cc14408e5,M2_vehicle_crossing,0.027979,1
d37498e9d40b6473,M1_lead_slow_stop,3,ee651f48b99ac793,M3_vru_crossing,0.032523,1
d37498e9d40b6473,M1_lead_slow_stop,4,a7bda27624b52639,M1_lead_slow_stop,0.03349,0
d37498e9d40b6473,M1_lead_slow_stop,5,8bfeaae8e7475de2,M4_cut_in,0.03635,1
1b8e18bccbb016c7,M5_merge,1,3a9e27b39d34f3ab,M4_cut_in,0.0,1
1b8e18bccbb016c7,M5_merge,2,beab8af24d4e6e00,M1_lead_slow_stop,0.0,1
1b8e18bccbb016c7,M5_merge,3,ac36bc6d71571082,M2_vehicle_crossing,0.003906,1
1b8e18bccbb016c7,M5_merge,4,179359c3a28d98bc,M4_cut_in,0.003906,1
1b8e18bccbb016c7,M5_merge,5,a33abe19dd2ad254,M5_merge,0.008415,0
ec1490e87d122e61,M4_cut_in,1,949fd82d6e44a34d,M2_vehicle_crossing,0.005994,1
ec1490e87d122e61,M4_cut_in,2,363faaa196b74966,M2_vehicle_crossing,0.010657,1
ec1490e87d122e61,M4_cut_in,3,eaddb9cfd4bdee3,M6_temp_occupancy,0.023473,1
ec1490e87d122e61,M4_cut_in,4,8589a58aaa319e10,M6_temp_occupancy,0.025809,1
ec1490e87d122e61,M4_cut_in,5,16204a7755094bb7,M6_temp_occupancy,0.025809,1
3a9e27b39d34f3ab,M4_cut_in,1,1b8e18bccbb016c7,M5_merge,0.0,1
3a9e27b39d34f3ab,M4_cut_in,2,beab8af24d4e6e00,M1_lead_slow_stop,0.0,1
3a9e27b39d34f3ab,M4_cut_in,3,ac36bc6d71571082,M2_vehicle_crossing,0.003906,1
3a9e27b39d34f3ab,M4_cut_in,4,179359c3a28d98bc,M4_cut_in,0.003906,0
3a9e27b39d34f3ab,M4_cut_in,5,a33abe19dd2ad254,M5_merge,0.008415,1
16423aee2f237dfd,M1_lead_slow_stop,1,533ebc889bf91c14,M1_lead_slow_stop,0.0,0
16423aee2f237dfd,M1_lead_slow_stop,2,2d25cf74c78398d6,M1_lead_slow_stop,7.3e-05,0
16423aee2f237dfd,M1_lead_slow_stop,3,1784b3c9084080c2,M1_lead_slow_stop,0.000371,0
16423aee2f237dfd,M1_lead_slow_stop,4,4a48386f6b1d24d5,M1_lead_slow_stop,0.000874,0
16423aee2f237dfd,M1_lead_slow_stop,5,b06bfeb1c578e77,M1_lead_slow_stop,0.000988,0
454956d673501b9b,M3_vru_crossing,1,d63e959605073881,M3_vru_crossing,0.019803,0
454956d673501b9b,M3_vru_crossing,2,8e8850bd484b4c94,M3_vru_crossing,0.031246,0
454956d673501b9b,M3_vru_crossing,3,4c876e42879d5527,M5_merge,0.031246,1
454956d673501b9b,M3_vru_crossing,4,f8c0a8cecce3a643,M3_vru_crossing,0.031246,0
454956d673501b9b,M3_vru_crossing,5,391579da819e88f8,M4_cut_in,0.031246,1
6dff8688d5814ff6,M6_temp_occupancy,1,793ca3974b95f19e,M5_merge,0.0,1
6dff8688d5814ff6,M6_temp_occupancy,2,d1005ff0ae21f95d,M5_merge,0.0,1
6dff8688d5814ff6,M6_temp_occupancy,3,47b9320b31ab33ac,M4_cut_in,0.0,1
6dff8688d5814ff6,M6_temp_occupancy,4,bda923bbd61198da,M4_cut_in,0.0,1
6dff8688d5814ff6,M6_temp_occupancy,5,a0ba5287bfa5fa01,M6_temp_occupancy,0.0,0
89242baa45d9460f,M6_temp_occupancy,1,f31626a269c44694,M6_temp_occupancy,0.038466,0
89242baa45d9460f,M6_temp_occupancy,2,62bad9e61da6dc44,M1_lead_slow_stop,0.045113,1
89242baa45d9460f,M6_temp_occupancy,3,a0a7a5764d3e2c97,M1_lead_slow_stop,0.049271,1
89242baa45d9460f,M6_temp_occupancy,4,94c25b4be74d177b,M1_lead_slow_stop,0.061834,1
89242baa45d9460f,M6_temp_occupancy,5,6e1e3cbc291ef7,M1_lead_slow_stop,0.062214,1
b167788c995cb07,M3_vru_crossing,1,d6619d51e2a9cb2e,M1_lead_slow_stop,0.022813,1
b167788c995cb07,M3_vru_crossing,2,53aaa12123cda64d,M6_temp_occupancy,0.024008,1
b167788c995cb07,M3_vru_crossing,3,8cb51d6f77603a9b,M5_merge,0.024164,1
b167788c995cb07,M3_vru_crossing,4,8191df8947207928,M1_lead_slow_stop,0.025685,1
b167788c995cb07,M3_vru_crossing,5,daaefd02b2e087b4,M4_cut_in,0.026688,1
b8b3771d8b3a87bf,M2_vehicle_crossing,1,9edef88b29982e8d,M4_cut_in,0.030236,1
b8b3771d8b3a87bf,M2_vehicle_crossing,2,61c2c10de0115d4c,M4_cut_in,0.045563,1
b8b3771d8b3a87bf,M2_vehicle_crossing,3,aae6f5e257d7ae7b,M4_cut_in,0.058312,1
b8b3771d8b3a87bf,M2_vehicle_crossing,4,d257c85a10d5395,M3_vru_crossing,0.064651,1
b8b3771d8b3a87bf,M2_vehicle_crossing,5,beab8af24d4e6e00,M1_lead_slow_stop,0.065393,1
22b89ada4ddaaa3e,M5_merge,1,7d68b3426a9bb6ad,M2_vehicle_crossing,0.000375,1
22b89ada4ddaaa3e,M5_merge,2,6646d8a4c3d41f86,M5_merge,0.002415,0
22b89ada4ddaaa3e,M5_merge,3,38fc99d2b91ace4f,M2_vehicle_crossing,0.004098,1
22b89ada4ddaaa3e,M5_merge,4,59a52add08359a02,M4_cut_in,0.004695,1
22b89ada4ddaaa3e,M5_merge,5,582aae15098c3428,M2_vehicle_crossing,0.005899,1
a3b3a764aab8ba8f,M1_lead_slow_stop,1,4c66a1ff494d0326,M5_merge,0.012756,1
a3b3a764aab8ba8f,M1_lead_slow_stop,2,c1332ddc8f341b8c,M5_merge,0.042391,1
a3b3a764aab8ba8f,M1_lead_slow_stop,3,ec1490e87d122e61,M4_cut_in,0.051737,1
a3b3a764aab8ba8f,M1_lead_slow_stop,4,949fd82d6e44a34d,M2_vehicle_crossing,0.053739,1
a3b3a764aab8ba8f,M1_lead_slow_stop,5,7deccdd519c13352,M2_vehicle_crossing,0.056163,1
7b1f6d0bf6e2d1f6,M2_vehicle_crossing,1,a3a693cb9130f131,M5_merge,0.089804,1
7b1f6d0bf6e2d1f6,M2_vehicle_crossing,2,bdbf44d435f680cc,M3_vru_crossing,0.147964,1
7b1f6d0bf6e2d1f6,M2_vehicle_crossing,3,69563a34cb1da29d,M3_vru_crossing,0.154358,1
7b1f6d0bf6e2d1f6,M2_vehicle_crossing,4,cc9c4cee498b7d33,M5_merge,0.156202,1
7b1f6d0bf6e2d1f6,M2_vehicle_crossing,5,46ed0d7e95c06e9c,M3_vru_crossing,0.15784,1
3d5ea6d5d8caf0b0,M2_vehicle_crossing,1,a26d48ddce5f4f47,M5_merge,0.089943,1
3d5ea6d5d8caf0b0,M2_vehicle_crossing,2,b51cd423385fd8c3,M4_cut_in,0.099731,1
3d5ea6d5d8caf0b0,M2_vehicle_crossing,3,a7f18baa0d6428a,M2_vehicle_crossing,0.106096,0
3d5ea6d5d8caf0b0,M2_vehicle_crossing,4,2657143ee43948be,M5_merge,0.107978,1
3d5ea6d5d8caf0b0,M2_vehicle_crossing,5,8cc939e8a0e6cf,M5_merge,0.10815,1
582aae15098c3428,M2_vehicle_crossing,1,7d68b3426a9bb6ad,M2_vehicle_crossing,0.005524,0
582aae15098c3428,M2_vehicle_crossing,2,22b89ada4ddaaa3e,M5_merge,0.005899,1
582aae15098c3428,M2_vehicle_crossing,3,6646d8a4c3d41f86,M5_merge,0.006789,1
582aae15098c3428,M2_vehicle_crossing,4,59a52add08359a02,M4_cut_in,0.006825,1
582aae15098c3428,M2_vehicle_crossing,5,9b52ebee65ba60df,M4_cut_in,0.008742,1
8f6532811f2857de,M4_cut_in,1,793ca3974b95f19e,M5_merge,0.0,1
8f6532811f2857de,M4_cut_in,2,d1005ff0ae21f95d,M5_merge,0.0,1
8f6532811f2857de,M4_cut_in,3,47b9320b31ab33ac,M4_cut_in,0.0,0
8f6532811f2857de,M4_cut_in,4,bda923bbd61198da,M4_cut_in,0.0,0
8f6532811f2857de,M4_cut_in,5,a0ba5287bfa5fa01,M6_temp_occupancy,0.0,1
cc9c4cee498b7d33,M5_merge,1,56b1e8aced6c7bc0,M3_vru_crossing,0.016274,1
cc9c4cee498b7d33,M5_merge,2,bb5140b6317d0164,M1_lead_slow_stop,0.100222,1
cc9c4cee498b7d33,M5_merge,3,5ff2fe3e4c0d3691,M3_vru_crossing,0.105576,1
cc9c4cee498b7d33,M5_merge,4,305237d2a2712dd3,M1_lead_slow_stop,0.108518,1
cc9c4cee498b7d33,M5_merge,5,86e4585ee70fd316,M1_lead_slow_stop,0.108912,1
d0e6cf812b2c3a6d,M1_lead_slow_stop,1,793ca3974b95f19e,M5_merge,0.0,1
d0e6cf812b2c3a6d,M1_lead_slow_stop,2,d1005ff0ae21f95d,M5_merge,0.0,1
d0e6cf812b2c3a6d,M1_lead_slow_stop,3,47b9320b31ab33ac,M4_cut_in,0.0,1
d0e6cf812b2c3a6d,M1_lead_slow_stop,4,bda923bbd61198da,M4_cut_in,0.0,1
d0e6cf812b2c3a6d,M1_lead_slow_stop,5,a0ba5287bfa5fa01,M6_temp_occupancy,0.0,1
5e421c535134053,M3_vru_crossing,1,46089fa0cbe376a,M1_lead_slow_stop,0.005624,1
5e421c535134053,M3_vru_crossing,2,c65883931103e25c,M3_vru_crossing,0.009998,0
5e421c535134053,M3_vru_crossing,3,ae672ec38ffe80b5,M1_lead_slow_stop,0.011223,1
5e421c535134053,M3_vru_crossing,4,be509a6ffaaa9637,M6_temp_occupancy,0.011485,1
5e421c535134053,M3_vru_crossing,5,2bc410d4ce756f24,M3_vru_crossing,0.013239,0
5e0002dca7244f07,M4_cut_in,1,e81d8e76f45369fd,M4_cut_in,0.005868,0
5e0002dca7244f07,M4_cut_in,2,e00e8f2f8643f2e,M4_cut_in,0.011719,0
5e0002dca7244f07,M4_cut_in,3,e462adf60f7b5453,M4_cut_in,0.015625,0
5e0002dca7244f07,M4_cut_in,4,8cc939e8a0e6cf,M5_merge,0.017343,1
5e0002dca7244f07,M4_cut_in,5,834851971ef51d60,M6_temp_occupancy,0.018314,1
a05540d6a0f4e3ab,M1_lead_slow_stop,1,d1c30693ca04bbf4,M6_temp_occupancy,0.019285,1
a05540d6a0f4e3ab,M1_lead_slow_stop,2,7ae4b0661a825cbe,M6_temp_occupancy,0.02672,1
a05540d6a0f4e3ab,M1_lead_slow_stop,3,91d61b86be4e7b10,M2_vehicle_crossing,0.037279,1
a05540d6a0f4e3ab,M1_lead_slow_stop,4,b01112211aeddce1,M1_lead_slow_stop,0.037788,0
a05540d6a0f4e3ab,M1_lead_slow_stop,5,53aaa12123cda64d,M6_temp_occupancy,0.047018,1
7deccdd519c13352,M2_vehicle_crossing,1,799ff247470c3549,M2_vehicle_crossing,0.016461,0
7deccdd519c13352,M2_vehicle_crossing,2,e8f0bb32d5de2d24,M5_merge,0.050865,1
7deccdd519c13352,M2_vehicle_crossing,3,ab90c99c62ce9388,M2_vehicle_crossing,0.053413,0
7deccdd519c13352,M2_vehicle_crossing,4,a3b3a764aab8ba8f,M1_lead_slow_stop,0.056163,1
7deccdd519c13352,M2_vehicle_crossing,5,4c66a1ff494d0326,M5_merge,0.060074,1
d6619d51e2a9cb2e,M1_lead_slow_stop,1,8191df8947207928,M1_lead_slow_stop,0.00509,0
d6619d51e2a9cb2e,M1_lead_slow_stop,2,86e25df75a6995f4,M1_lead_slow_stop,0.006452,0
d6619d51e2a9cb2e,M1_lead_slow_stop,3,7f159fbdf79377cf,M4_cut_in,0.00684,1
d6619d51e2a9cb2e,M1_lead_slow_stop,4,8cb51d6f77603a9b,M5_merge,0.007305,1
d6619d51e2a9cb2e,M1_lead_slow_stop,5,831e9f7c915d9a33,M2_vehicle_crossing,0.007576,1
b2893c00477b7f2e,M5_merge,1,ac36bc6d71571082,M2_vehicle_crossing,0.015625,1
b2893c00477b7f2e,M5_merge,2,7bfe72a95b111c3d,M5_merge,0.015625,0
b2893c00477b7f2e,M5_merge,3,3a9e27b39d34f3ab,M4_cut_in,0.019531,1
b2893c00477b7f2e,M5_merge,4,beab8af24d4e6e00,M1_lead_slow_stop,0.019531,1
b2893c00477b7f2e,M5_merge,5,1b8e18bccbb016c7,M5_merge,0.019531,0
8cb51d6f77603a9b,M5_merge,1,8191df8947207928,M1_lead_slow_stop,0.005786,1
8cb51d6f77603a9b,M5_merge,2,19d0df1d5bb64120,M6_temp_occupancy,0.007087,1
8cb51d6f77603a9b,M5_merge,3,d6619d51e2a9cb2e,M1_lead_slow_stop,0.007305,1
8cb51d6f77603a9b,M5_merge,4,831e9f7c915d9a33,M2_vehicle_crossing,0.008091,1
8cb51d6f77603a9b,M5_merge,5,86e25df75a6995f4,M1_lead_slow_stop,0.008473,1
91d61b86be4e7b10,M2_vehicle_crossing,1,a05540d6a0f4e3ab,M1_lead_slow_stop,0.037279,1
91d61b86be4e7b10,M2_vehicle_crossing,2,7ae4b0661a825cbe,M6_temp_occupancy,0.037383,1
91d61b86be4e7b10,M2_vehicle_crossing,3,53aaa12123cda64d,M6_temp_occupancy,0.042463,1
91d61b86be4e7b10,M2_vehicle_crossing,4,d1c30693ca04bbf4,M6_temp_occupancy,0.044725,1
91d61b86be4e7b10,M2_vehicle_crossing,5,dc948f31a4fb002,M3_vru_crossing,0.046141,1
febc54f23fd786b7,M3_vru_crossing,1,230e1123fe6c5ae0,M3_vru_crossing,0.005492,0
febc54f23fd786b7,M3_vru_crossing,2,c1829351929da04a,M2_vehicle_crossing,0.015662,1
febc54f23fd786b7,M3_vru_crossing,3,86e4585ee70fd316,M1_lead_slow_stop,0.017676,1
febc54f23fd786b7,M3_vru_crossing,4,305237d2a2712dd3,M1_lead_slow_stop,0.017831,1
febc54f23fd786b7,M3_vru_crossing,5,4a48386f6b1d24d5,M1_lead_slow_stop,0.018712,1
887bd6aace8b75e9,M6_temp_occupancy,1,793ca3974b95f19e,M5_merge,0.000339,1
887bd6aace8b75e9,M6_temp_occupancy,2,47b9320b31ab33ac,M4_cut_in,0.000339,1
887bd6aace8b75e9,M6_temp_occupancy,3,d1005ff0ae21f95d,M5_merge,0.000339,1
887bd6aace8b75e9,M6_temp_occupancy,4,a0ba5287bfa5fa01,M6_temp_occupancy,0.000339,0
887bd6aace8b75e9,M6_temp_occupancy,5,3a6c26ba1a3aaad6,M4_cut_in,0.000339,1
17c5c69ac611ac01,M6_temp_occupancy,1,374f7f515942ce08,M2_vehicle_crossing,0.00138,1
17c5c69ac611ac01,M6_temp_occupancy,2,d864c4fbd40d6060,M6_temp_occupancy,0.00138,0
17c5c69ac611ac01,M6_temp_occupancy,3,cccc1c64881dde01,M3_vru_crossing,0.00138,1
17c5c69ac611ac01,M6_temp_occupancy,4,227059f2f85c2a20,M2_vehicle_crossing,0.013099,1
17c5c69ac611ac01,M6_temp_occupancy,5,8bfeaae8e7475de2,M4_cut_in,0.014138,1
98915e2ef682a0ad,M2_vehicle_crossing,1,a70f5b2aa2077f39,M1_lead_slow_stop,0.029457,1
98915e2ef682a0ad,M2_vehicle_crossing,2,3921421d5571f009,M6_temp_occupancy,0.037486,1
98915e2ef682a0ad,M2_vehicle_crossing,3,f7d61c994f5c773,M3_vru_crossing,0.043904,1
98915e2ef682a0ad,M2_vehicle_crossing,4,586f01a84f58f4ad,M3_vru_crossing,0.048452,1
98915e2ef682a0ad,M2_vehicle_crossing,5,3201e0ad7075dd38,M2_vehicle_crossing,0.050693,0
179359c3a28d98bc,M4_cut_in,1,1b8e18bccbb016c7,M5_merge,0.003906,1
179359c3a28d98bc,M4_cut_in,2,3a9e27b39d34f3ab,M4_cut_in,0.003906,0
179359c3a28d98bc,M4_cut_in,3,beab8af24d4e6e00,M1_lead_slow_stop,0.003906,1
179359c3a28d98bc,M4_cut_in,4,a33abe19dd2ad254,M5_merge,0.004509,1
179359c3a28d98bc,M4_cut_in,5,5f9a42f8298a9eea,M5_merge,0.007812,1
dc948f31a4fb002,M3_vru_crossing,1,c4f810396985181f,M2_vehicle_crossing,0.012296,1
dc948f31a4fb002,M3_vru_crossing,2,38c3cd000a1ba860,M2_vehicle_crossing,0.021441,1
dc948f31a4fb002,M3_vru_crossing,3,a2ca56f7b38e7242,M2_vehicle_crossing,0.022705,1
dc948f31a4fb002,M3_vru_crossing,4,7ec53982d954fb89,M6_temp_occupancy,0.028287,1
dc948f31a4fb002,M3_vru_crossing,5,e53427e70b8b956d,M6_temp_occupancy,0.028814,1
6153a4f94f32296e,M3_vru_crossing,1,4c876e42879d5527,M5_merge,0.0,1
6153a4f94f32296e,M3_vru_crossing,2,8e8850bd484b4c94,M3_vru_crossing,0.0,0
6153a4f94f32296e,M3_vru_crossing,3,585ffc8db08d83cd,M2_vehicle_crossing,0.0,1
6153a4f94f32296e,M3_vru_crossing,4,d952c66361dd6dd,M3_vru_crossing,0.0,0
6153a4f94f32296e,M3_vru_crossing,5,fb142b6dfa344e7d,M6_temp_occupancy,0.0,1
5b236b4877347d5e,M2_vehicle_crossing,1,793ca3974b95f19e,M5_merge,0.0,1
5b236b4877347d5e,M2_vehicle_crossing,2,d1005ff0ae21f95d,M5_merge,0.0,1
5b236b4877347d5e,M2_vehicle_crossing,3,47b9320b31ab33ac,M4_cut_in,0.0,1
5b236b4877347d5e,M2_vehicle_crossing,4,bda923bbd61198da,M4_cut_in,0.0,1
5b236b4877347d5e,M2_vehicle_crossing,5,a0ba5287bfa5fa01,M6_temp_occupancy,0.0,1
443c9fa41bef7e1c,M6_temp_occupancy,1,793ca3974b95f19e,M5_merge,0.000423,1
443c9fa41bef7e1c,M6_temp_occupancy,2,47b9320b31ab33ac,M4_cut_in,0.000423,1
443c9fa41bef7e1c,M6_temp_occupancy,3,d1005ff0ae21f95d,M5_merge,0.000423,1
443c9fa41bef7e1c,M6_temp_occupancy,4,a0ba5287bfa5fa01,M6_temp_occupancy,0.000423,0
443c9fa41bef7e1c,M6_temp_occupancy,5,3a6c26ba1a3aaad6,M4_cut_in,0.000423,1
dfce0c3d05c49289,M3_vru_crossing,1,227059f2f85c2a20,M2_vehicle_crossing,0.013248,1
dfce0c3d05c49289,M3_vru_crossing,2,8bfeaae8e7475de2,M4_cut_in,0.015544,1
dfce0c3d05c49289,M3_vru_crossing,3,df00457ce0737194,M3_vru_crossing,0.020669,0
dfce0c3d05c49289,M3_vru_crossing,4,1e98bdb2802fdab1,M3_vru_crossing,0.023171,0
dfce0c3d05c49289,M3_vru_crossing,5,17c5c69ac611ac01,M6_temp_occupancy,0.023586,1
7adf4f9685f36ea6,M5_merge,1,70dffe26f853a7ef,M2_vehicle_crossing,0.002679,1
7adf4f9685f36ea6,M5_merge,2,2a15bffe9d0283a6,M2_vehicle_crossing,0.024314,1
7adf4f9685f36ea6,M5_merge,3,ec1490e87d122e61,M4_cut_in,0.026511,1
7adf4f9685f36ea6,M5_merge,4,949fd82d6e44a34d,M2_vehicle_crossing,0.032505,1
7adf4f9685f36ea6,M5_merge,5,363faaa196b74966,M2_vehicle_crossing,0.037168,1
1262b0d5186912a9,M3_vru_crossing,1,a7bda27624b52639,M1_lead_slow_stop,0.019268,1
1262b0d5186912a9,M3_vru_crossing,2,1b7882c46e1bb5be,M6_temp_occupancy,0.020423,1
1262b0d5186912a9,M3_vru_crossing,3,c4a6a9720515bbc5,M2_vehicle_crossing,0.020613,1
1262b0d5186912a9,M3_vru_crossing,4,2bc410d4ce756f24,M3_vru_crossing,0.023115,0
1262b0d5186912a9,M3_vru_crossing,5,58d55d4e683aa30c,M4_cut_in,0.023278,1
d63e959605073881,M3_vru_crossing,1,454956d673501b9b,M3_vru_crossing,0.019803,0
d63e959605073881,M3_vru_crossing,2,5e421c535134053,M3_vru_crossing,0.026846,0
d63e959605073881,M3_vru_crossing,3,c65883931103e25c,M3_vru_crossing,0.029622,0
d63e959605073881,M3_vru_crossing,4,ae672ec38ffe80b5,M1_lead_slow_stop,0.02977,1
d63e959605073881,M3_vru_crossing,5,2bc410d4ce756f24,M3_vru_crossing,0.030876,0
ab90c99c62ce9388,M2_vehicle_crossing,1,799ff247470c3549,M2_vehicle_crossing,0.040591,0
ab90c99c62ce9388,M2_vehicle_crossing,2,7deccdd519c13352,M2_vehicle_crossing,0.053413,0
ab90c99c62ce9388,M2_vehicle_crossing,3,a3b3a764aab8ba8f,M1_lead_slow_stop,0.066474,1
ab90c99c62ce9388,M2_vehicle_crossing,4,4c66a1ff494d0326,M5_merge,0.075575,1
ab90c99c62ce9388,M2_vehicle_crossing,5,563d70d87bbc465b,M6_temp_occupancy,0.10277,1
18593071c0511bb8,M1_lead_slow_stop,1,c68ab5161508001f,M1_lead_slow_stop,0.010388,0
18593071c0511bb8,M1_lead_slow_stop,2,422031c4323005cb,M1_lead_slow_stop,0.026964,0
18593071c0511bb8,M1_lead_slow_stop,3,498676f3a2f5b632,M1_lead_slow_stop,0.042102,0
18593071c0511bb8,M1_lead_slow_stop,4,bc30f1a4671b4030,M1_lead_slow_stop,0.046852,0
18593071c0511bb8,M1_lead_slow_stop,5,193973f267c0e3f8,M1_lead_slow_stop,0.048735,0
4d6038940863ff85,M2_vehicle_crossing,1,7a54acbbcff5c08e,M3_vru_crossing,0.015532,1
4d6038940863ff85,M2_vehicle_crossing,2,df4c6fa6c765ec1b,M3_vru_crossing,0.017375,1
4d6038940863ff85,M2_vehicle_crossing,3,a77a96465790bde4,M3_vru_crossing,0.020172,1
4d6038940863ff85,M2_vehicle_crossing,4,92fac5998e2feef1,M1_lead_slow_stop,0.021937,1
4d6038940863ff85,M2_vehicle_crossing,5,5a375264f6e08467,M3_vru_crossing,0.02491,1
5cc2e7d7cf13c9b5,M6_temp_occupancy,1,7c2ed9ab567e443f,M3_vru_crossing,0.0,1
5cc2e7d7cf13c9b5,M6_temp_occupancy,2,c757f0db71e9ac59,M2_vehicle_crossing,0.0,1
5cc2e7d7cf13c9b5,M6_temp_occupancy,3,9d2059d1b77947bc,M4_cut_in,0.0,1
5cc2e7d7cf13c9b5,M6_temp_occupancy,4,c1e9a535b80c7600,M5_merge,0.0,1
5cc2e7d7cf13c9b5,M6_temp_occupancy,5,26284a71f3345792,M2_vehicle_crossing,0.0,1
9bfc9cb152799616,M5_merge,1,2f062e60ee68c1a5,M5_merge,0.003348,0
9bfc9cb152799616,M5_merge,2,d81ce363e8e76181,M5_merge,0.004282,0
9bfc9cb152799616,M5_merge,3,7ea9286f24b35ce,M5_merge,0.007495,0
9bfc9cb152799616,M5_merge,4,79408bcec5803f6a,M5_merge,0.010412,0
9bfc9cb152799616,M5_merge,5,1650ec864aa4a2fe,M4_cut_in,0.010847,1
d35138e6f57e58f,M6_temp_occupancy,1,cb033836fe55cb71,M1_lead_slow_stop,0.013475,1
d35138e6f57e58f,M6_temp_occupancy,2,8cc706db611c60f3,M1_lead_slow_stop,0.058677,1
d35138e6f57e58f,M6_temp_occupancy,3,a766c68d1e0bfa43,M1_lead_slow_stop,0.061023,1
d35138e6f57e58f,M6_temp_occupancy,4,ee651f48b99ac793,M3_vru_crossing,0.06403,1
d35138e6f57e58f,M6_temp_occupancy,5,d37498e9d40b6473,M1_lead_slow_stop,0.066372,1
152448f0895fcd4e,M2_vehicle_crossing,1,68222c9de6832012,M4_cut_in,0.020909,1
152448f0895fcd4e,M2_vehicle_crossing,2,9b52ebee65ba60df,M4_cut_in,0.025026,1
152448f0895fcd4e,M2_vehicle_crossing,3,ef15a936dcbdae22,M5_merge,0.025964,1
152448f0895fcd4e,M2_vehicle_crossing,4,f432b7291cdb4115,M4_cut_in,0.026154,1
152448f0895fcd4e,M2_vehicle_crossing,5,b080b8a75de6f465,M5_merge,0.026755,1
458477bad7645b27,M2_vehicle_crossing,1,793ca3974b95f19e,M5_merge,0.0,1
458477bad7645b27,M2_vehicle_crossing,2,d1005ff0ae21f95d,M5_merge,0.0,1
458477bad7645b27,M2_vehicle_crossing,3,47b9320b31ab33ac,M4_cut_in,0.0,1
458477bad7645b27,M2_vehicle_crossing,4,bda923bbd61198da,M4_cut_in,0.0,1
458477bad7645b27,M2_vehicle_crossing,5,a0ba5287bfa5fa01,M6_temp_occupancy,0.0,1
ef0327f14ab3efa0,M3_vru_crossing,1,22a1e427c28a77ad,M3_vru_crossing,0.06292,0
ef0327f14ab3efa0,M3_vru_crossing,2,3392709446e04b2e,M3_vru_crossing,0.081562,0
ef0327f14ab3efa0,M3_vru_crossing,3,2171d3475a332588,M3_vru_crossing,0.092639,0
ef0327f14ab3efa0,M3_vru_crossing,4,c92800a7dd649eb0,M3_vru_crossing,0.094037,0
ef0327f14ab3efa0,M3_vru_crossing,5,df4c6fa6c765ec1b,M3_vru_crossing,0.099935,0
270199473a16315,M2_vehicle_crossing,1,ee8a56fbf694ea41,M4_cut_in,0.002618,1
270199473a16315,M2_vehicle_crossing,2,9c8c3c7431089e90,M4_cut_in,0.003796,1
270199473a16315,M2_vehicle_crossing,3,39d2af1de320da61,M3_vru_crossing,0.004339,1
270199473a16315,M2_vehicle_crossing,4,1e98bdb2802fdab1,M3_vru_crossing,0.004645,1
270199473a16315,M2_vehicle_crossing,5,2691891bbf109269,M4_cut_in,0.005217,1
79408bcec5803f6a,M5_merge,1,1650ec864aa4a2fe,M4_cut_in,0.000434,1
79408bcec5803f6a,M5_merge,2,1fb56b3dc02f219,M5_merge,0.003218,0
79408bcec5803f6a,M5_merge,3,7ea9286f24b35ce,M5_merge,0.00348,0
79408bcec5803f6a,M5_merge,4,6e1eda0e7ef91e27,M5_merge,0.004548,0
79408bcec5803f6a,M5_merge,5,b080b8a75de6f465,M5_merge,0.004781,0
a4611e9f8d2c2d69,M5_merge,1,7c2ed9ab567e443f,M3_vru_crossing,0.0,1
a4611e9f8d2c2d69,M5_merge,2,c757f0db71e9ac59,M2_vehicle_crossing,0.0,1
a4611e9f8d2c2d69,M5_merge,3,9d2059d1b77947bc,M4_cut_in,0.0,1
a4611e9f8d2c2d69,M5_merge,4,c1e9a535b80c7600,M5_merge,0.0,0
a4611e9f8d2c2d69,M5_merge,5,26284a71f3345792,M2_vehicle_crossing,0.0,1
1784b3c9084080c2,M1_lead_slow_stop,1,533ebc889bf91c14,M1_lead_slow_stop,0.000371,0
1784b3c9084080c2,M1_lead_slow_stop,2,16423aee2f237dfd,M1_lead_slow_stop,0.000371,0
1784b3c9084080c2,M1_lead_slow_stop,3,2d25cf74c78398d6,M1_lead_slow_stop,0.000439,0
1784b3c9084080c2,M1_lead_slow_stop,4,4a48386f6b1d24d5,M1_lead_slow_stop,0.000526,0
1784b3c9084080c2,M1_lead_slow_stop,5,b06bfeb1c578e77,M1_lead_slow_stop,0.001342,0
320d7f0fddc558fb,M2_vehicle_crossing,1,c710955bf6df9bd6,M5_merge,0.032022,1
320d7f0fddc558fb,M2_vehicle_crossing,2,19d0df1d5bb64120,M6_temp_occupancy,0.032025,1
320d7f0fddc558fb,M2_vehicle_crossing,3,22c359415a84f49e,M2_vehicle_crossing,0.033596,0
320d7f0fddc558fb,M2_vehicle_crossing,4,1d5aa678fbcf98f7,M4_cut_in,0.035574,1
320d7f0fddc558fb,M2_vehicle_crossing,5,8cb51d6f77603a9b,M5_merge,0.035765,1
8dfa61df6468c4b0,M3_vru_crossing,1,555d8f939efafbb,M5_merge,0.046526,1
8dfa61df6468c4b0,M3_vru_crossing,2,7f65791db2146b65,M3_vru_crossing,0.078125,0
8dfa61df6468c4b0,M3_vru_crossing,3,5f76aca0e8d6d060,M6_temp_occupancy,0.085938,1
8dfa61df6468c4b0,M3_vru_crossing,4,6c50f7bf6b8d17ee,M6_temp_occupancy,0.085938,1
8dfa61df6468c4b0,M3_vru_crossing,5,b18c133f146677a7,M2_vehicle_crossing,0.085938,1
78b920001b48881d,M5_merge,1,8f0d9def6f4a1228,M4_cut_in,0.035749,1
78b920001b48881d,M5_merge,2,ee651f48b99ac793,M3_vru_crossing,0.035955,1
78b920001b48881d,M5_merge,3,374f7f515942ce08,M2_vehicle_crossing,0.03797,1
78b920001b48881d,M5_merge,4,d864c4fbd40d6060,M6_temp_occupancy,0.03797,1
78b920001b48881d,M5_merge,5,cccc1c64881dde01,M3_vru_crossing,0.03797,1
aff1b25771a6b4e5,M1_lead_slow_stop,1,180ce0d9525fefad,M5_merge,0.063205,1
aff1b25771a6b4e5,M1_lead_slow_stop,2,9c08d46cf7d1aaaa,M1_lead_slow_stop,0.072533,0
aff1b25771a6b4e5,M1_lead_slow_stop,3,be42918ebd3fa0f0,M6_temp_occupancy,0.081784,1
aff1b25771a6b4e5,M1_lead_slow_stop,4,7ea9286f24b35ce,M5_merge,0.087007,1
aff1b25771a6b4e5,M1_lead_slow_stop,5,d81ce363e8e76181,M5_merge,0.087289,1
cce2b45ecc9a9a23,M1_lead_slow_stop,1,12c4604478212e7f,M4_cut_in,0.01192,1
cce2b45ecc9a9a23,M1_lead_slow_stop,2,d6619d51e2a9cb2e,M1_lead_slow_stop,0.012409,0
cce2b45ecc9a9a23,M1_lead_slow_stop,3,7ea9286f24b35ce,M5_merge,0.014284,1
cce2b45ecc9a9a23,M1_lead_slow_stop,4,9f4270ce0aa3f8c3,M5_merge,0.014943,1
cce2b45ecc9a9a23,M1_lead_slow_stop,5,86e25df75a6995f4,M1_lead_slow_stop,0.015497,0
df2d9878b8d365d5,M4_cut_in,1,88ef797bb168ea3,M3_vru_crossing,0.031493,1
df2d9878b8d365d5,M4_cut_in,2,dc948f31a4fb002,M3_vru_crossing,0.038471,1
df2d9878b8d365d5,M4_cut_in,3,d8c32f51e1a8356a,M3_vru_crossing,0.045205,1
df2d9878b8d365d5,M4_cut_in,4,68618d5784c03bfb,M3_vru_crossing,0.04553,1
df2d9878b8d365d5,M4_cut_in,5,38c3cd000a1ba860,M2_vehicle_crossing,0.046204,1
422031c4323005cb,M1_lead_slow_stop,1,498676f3a2f5b632,M1_lead_slow_stop,0.022526,0
422031c4323005cb,M1_lead_slow_stop,2,18593071c0511bb8,M1_lead_slow_stop,0.026964,0
422031c4323005cb,M1_lead_slow_stop,3,bc30f1a4671b4030,M1_lead_slow_stop,0.029479,0
422031c4323005cb,M1_lead_slow_stop,4,c68ab5161508001f,M1_lead_slow_stop,0.03497,0
422031c4323005cb,M1_lead_slow_stop,5,36b6d206313b0dc2,M2_vehicle_crossing,0.04467,1
95bc678c9f413f30,M6_temp_occupancy,1,555d8f939efafbb,M5_merge,0.102247,1
95bc678c9f413f30,M6_temp_occupancy,2,7deccdd519c13352,M2_vehicle_crossing,0.12105,1
95bc678c9f413f30,M6_temp_occupancy,3,41e5d0a14afc65fe,M5_merge,0.123931,1
95bc678c9f413f30,M6_temp_occupancy,4,b1dab228a8902a1a,M5_merge,0.125855,1
95bc678c9f413f30,M6_temp_occupancy,5,828d5e60ba898919,M3_vru_crossing,0.129171,1
12dc24d313153b64,M4_cut_in,1,8001dede9725b235,M2_vehicle_crossing,0.05121,1
12dc24d313153b64,M4_cut_in,2,205b9be4bd273c8,M5_merge,0.107607,1
12dc24d313153b64,M4_cut_in,3,6bb19ed8fd73dcaa,M1_lead_slow_stop,0.113135,1
12dc24d313153b64,M4_cut_in,4,11baee9e26708b28,M2_vehicle_crossing,0.123693,1
12dc24d313153b64,M4_cut_in,5,db8f0c4bca59d849,M1_lead_slow_stop,0.128278,1
90c39184af55bb7b,M3_vru_crossing,1,ee651f48b99ac793,M3_vru_crossing,0.055632,0
90c39184af55bb7b,M3_vru_crossing,2,df4c6fa6c765ec1b,M3_vru_crossing,0.063412,0
90c39184af55bb7b,M3_vru_crossing,3,78b920001b48881d,M5_merge,0.064307,1
90c39184af55bb7b,M3_vru_crossing,4,c9b89aa89fab08d3,M4_cut_in,0.064837,1
90c39184af55bb7b,M3_vru_crossing,5,69563a34cb1da29d,M3_vru_crossing,0.064955,0
d257c85a10d5395,M3_vru_crossing,1,8bfeaae8e7475de2,M4_cut_in,0.029352,1
d257c85a10d5395,M3_vru_crossing,2,17c5c69ac611ac01,M6_temp_occupancy,0.034166,1
d257c85a10d5395,M3_vru_crossing,3,d864c4fbd40d6060,M6_temp_occupancy,0.035546,1
d257c85a10d5395,M3_vru_crossing,4,cccc1c64881dde01,M3_vru_crossing,0.035546,0
d257c85a10d5395,M3_vru_crossing,5,374f7f515942ce08,M2_vehicle_crossing,0.035546,1
e03381a1e69875df,M5_merge,1,fe2d2a81d65a9c2d,M2_vehicle_crossing,0.023438,1
e03381a1e69875df,M5_merge,2,dcfab9621bc1420,M4_cut_in,0.031948,1
e03381a1e69875df,M5_merge,3,c710955bf6df9bd6,M5_merge,0.058594,0
e03381a1e69875df,M5_merge,4,47b9320b31ab33ac,M4_cut_in,0.066406,1
e03381a1e69875df,M5_merge,5,d7d4b8d47a368383,M5_merge,0.066406,0
586f01a84f58f4ad,M3_vru_crossing,1,dc948f31a4fb002,M3_vru_crossing,0.042086,0
586f01a84f58f4ad,M3_vru_crossing,2,38c3cd000a1ba860,M2_vehicle_crossing,0.045321,1
586f01a84f58f4ad,M3_vru_crossing,3,98915e2ef682a0ad,M2_vehicle_crossing,0.048452,1
586f01a84f58f4ad,M3_vru_crossing,4,91d61b86be4e7b10,M2_vehicle_crossing,0.049636,1
586f01a84f58f4ad,M3_vru_crossing,5,c4f810396985181f,M2_vehicle_crossing,0.049858,1
39bd73db0d742122,M5_merge,1,1769632bbd68d1c1,M5_merge,1.5e-05,0
39bd73db0d742122,M5_merge,2,39e70c8ed6235491,M5_merge,0.003309,0
39bd73db0d742122,M5_merge,3,5a9136943505a0c8,M4_cut_in,0.008016,1
39bd73db0d742122,M5_merge,4,d81ce363e8e76181,M5_merge,0.010085,0
39bd73db0d742122,M5_merge,5,9bfc9cb152799616,M5_merge,0.013773,0
5d4586d493da8fa7,M2_vehicle_crossing,1,793ca3974b95f19e,M5_merge,0.0,1
5d4586d493da8fa7,M2_vehicle_crossing,2,d1005ff0ae21f95d,M5_merge,0.0,1
5d4586d493da8fa7,M2_vehicle_crossing,3,47b9320b31ab33ac,M4_cut_in,0.0,1
5d4586d493da8fa7,M2_vehicle_crossing,4,bda923bbd61198da,M4_cut_in,0.0,1
5d4586d493da8fa7,M2_vehicle_crossing,5,a0ba5287bfa5fa01,M6_temp_occupancy,0.0,1
52a0f8dd9925ef2f,M5_merge,1,88d928bedcb34c09,M4_cut_in,0.025461,1
52a0f8dd9925ef2f,M5_merge,2,d63a72ef3cd6a570,M1_lead_slow_stop,0.030177,1
52a0f8dd9925ef2f,M5_merge,3,a766c68d1e0bfa43,M1_lead_slow_stop,0.030742,1
52a0f8dd9925ef2f,M5_merge,4,ee651f48b99ac793,M3_vru_crossing,0.031086,1
52a0f8dd9925ef2f,M5_merge,5,c9b89aa89fab08d3,M4_cut_in,0.035138,1
a77a96465790bde4,M3_vru_crossing,1,92fac5998e2feef1,M1_lead_slow_stop,0.019164,1
a77a96465790bde4,M3_vru_crossing,2,5a375264f6e08467,M3_vru_crossing,0.019402,0
a77a96465790bde4,M3_vru_crossing,3,4d6038940863ff85,M2_vehicle_crossing,0.020172,1
a77a96465790bde4,M3_vru_crossing,4,82db149ce5803678,M6_temp_occupancy,0.020394,1
a77a96465790bde4,M3_vru_crossing,5,7a54acbbcff5c08e,M3_vru_crossing,0.020528,0
7c2ed9ab567e443f,M3_vru_crossing,1,c757f0db71e9ac59,M2_vehicle_crossing,0.0,1
7c2ed9ab567e443f,M3_vru_crossing,2,9d2059d1b77947bc,M4_cut_in,0.0,1
7c2ed9ab567e443f,M3_vru_crossing,3,c1e9a535b80c7600,M5_merge,0.0,1
7c2ed9ab567e443f,M3_vru_crossing,4,26284a71f3345792,M2_vehicle_crossing,0.0,1
7c2ed9ab567e443f,M3_vru_crossing,5,86ea7ff0250ae8b2,M6_temp_occupancy,0.0,1
bc30f1a4671b4030,M1_lead_slow_stop,1,498676f3a2f5b632,M1_lead_slow_stop,0.010976,0
bc30f1a4671b4030,M1_lead_slow_stop,2,422031c4323005cb,M1_lead_slow_stop,0.029479,0
bc30f1a4671b4030,M1_lead_slow_stop,3,f7193ffab83f342a,M4_cut_in,0.030655,1
bc30f1a4671b4030,M1_lead_slow_stop,4,36b6d206313b0dc2,M2_vehicle_crossing,0.030893,1
bc30f1a4671b4030,M1_lead_slow_stop,5,eeea7c01a12a8d7f,M4_cut_in,0.036535,1
