route,config_name,scenario_group,frame,scenario_progress,num_dynamic_actors,dominant_actor_id,dominant_token_idx,D1,D2,D1_D2_ratio,pass_D1,pass_ratio,single_dominant,snapshot_path
route10,ParkingCutIn_3,ParkingCutIn,21268,-1,37,4017,1,0.11929,0.04772,2.386,0,1,0,outputs/gate6/snapshots/exact_town12_route10_route0_09_04_14_40_59/f021268.npz
route10,ParkingCutIn_3,ParkingCutIn,21272,-1,37,4017,1,0.07177,0.05558,1.291,0,0,0,outputs/gate6/snapshots/exact_town12_route10_route0_09_04_14_40_59/f021272.npz
route10,ParkingCutIn_3,ParkingCutIn,21276,-1,38,4968,10,0.0565,0.04032,1.13,0,0,0,outputs/gate6/snapshots/exact_town12_route10_route0_09_04_14_40_59/f021276.npz
route10,ParkingCutIn_3,ParkingCutIn,21280,-1,36,4017,1,0.05238,0.04578,1.048,0,0,0,outputs/gate6/snapshots/exact_town12_route10_route0_09_04_14_40_59/f021280.npz
route10,ParkingCutIn_3,ParkingCutIn,21284,-1,37,4017,1,0.1766,0.08536,2.069,0,1,0,outputs/gate6/snapshots/exact_town12_route10_route0_09_04_14_40_59/f021284.npz
route10,ParkingCutIn_3,ParkingCutIn,21288,-1,37,4017,1,0.18423,0.12319,1.495,0,0,0,outputs/gate6/snapshots/exact_town12_route10_route0_09_04_14_40_59/f021288.npz
route10,ParkingCutIn_3,ParkingCutIn,21292,-1,35,4017,1,0.22715,0.14613,1.554,1,1,1,outputs/gate6/snapshots/exact_town12_route10_route0_09_04_14_40_59/f021292.npz
route10,ParkingCutIn_3,ParkingCutIn,21296,-1,35,4017,1,0.48347,0.14558,3.321,1,1,1,outputs/gate6/snapshots/exact_town12_route10_route0_09_04_14_40_59/f021296.npz
route10,ParkingCutIn_3,ParkingCutIn,21300,-1,33,4017,1,0.82437,0.1705,4.835,1,1,1,outputs/gate6/snapshots/exact_town12_route10_route0_09_04_14_40_59/f021300.npz
route10,ParkingCutIn_3,ParkingCutIn,21304,-1,35,4017,1,2.20669,0.2295,9.615,1,1,1,outputs/gate6/snapshots/exact_town12_route10_route0_09_04_14_40_59/f021304.npz
route10,ParkingCutIn_3,ParkingCutIn,21308,-1,35,4017,1,3.7347,0.35348,10.566,1,1,1,outputs/gate6/snapshots/exact_town12_route10_route0_09_04_14_40_59/f021308.npz
route10,ParkingCutIn_3,ParkingCutIn,21312,-1,33,4017,1,4.67179,0.32961,14.174,1,1,1,outputs/gate6/snapshots/exact_town12_route10_route0_09_04_14_40_59/f021312.npz
route10,ParkingCutIn_3,ParkingCutIn,21316,-1,34,4017,1,5.47796,0.50093,10.936,1,1,1,outputs/gate6/snapshots/exact_town12_route10_route0_09_04_14_40_59/f021316.npz
route10,ParkingCutIn_3,ParkingCutIn,21320,-1,35,4017,1,5.74719,0.45314,12.683,1,1,1,outputs/gate6/snapshots/exact_town12_route10_route0_09_04_14_40_59/f021320.npz
route10,ParkingCutIn_3,ParkingCutIn,21324,-1,36,4017,1,5.66404,0.37901,14.944,1,1,1,outputs/gate6/snapshots/exact_town12_route10_route0_09_04_14_40_59/f021324.npz
route10,ParkingCutIn_3,ParkingCutIn,21328,-1,36,4017,1,5.85609,0.27477,21.312,1,1,1,outputs/gate6/snapshots/exact_town12_route10_route0_09_04_14_40_59/f021328.npz
route10,ParkingCutIn_3,ParkingCutIn,21332,-1,36,4017,1,5.49237,0.61716,8.899,1,1,1,outputs/gate6/snapshots/exact_town12_route10_route0_09_04_14_40_59/f021332.npz
route10,ParkingCutIn_3,ParkingCutIn,21336,-1,36,4017,1,5.40935,0.88162,6.136,1,1,1,outputs/gate6/snapshots/exact_town12_route10_route0_09_04_14_40_59/f021336.npz
route10,ParkingCutIn_3,ParkingCutIn,21340,-1,36,4017,1,2.16905,1.06839,2.03,1,1,1,outputs/gate6/snapshots/exact_town12_route10_route0_09_04_14_40_59/f021340.npz
route10,ParkingCutIn_3,ParkingCutIn,21344,-1,37,4968,15,2.04232,1.33887,1.525,1,1,1,outputs/gate6/snapshots/exact_town12_route10_route0_09_04_14_40_59/f021344.npz
route10,ParkingCutIn_3,ParkingCutIn,21348,-1,37,4968,15,3.06427,0.54686,5.603,1,1,1,outputs/gate6/snapshots/exact_town12_route10_route0_09_04_14_40_59/f021348.npz
route10,ParkingCutIn_3,ParkingCutIn,21352,-1,36,4017,1,3.19534,2.0817,1.535,1,1,1,outputs/gate6/snapshots/exact_town12_route10_route0_09_04_14_40_59/f021352.npz
route10,ParkingCutIn_3,ParkingCutIn,21356,-1,36,4017,1,3.0861,1.75914,1.754,1,1,1,outputs/gate6/snapshots/exact_town12_route10_route0_09_04_14_40_59/f021356.npz
route10,ParkingCutIn_3,ParkingCutIn,21360,-1,35,4968,14,1.69684,1.02222,1.66,1,1,1,outputs/gate6/snapshots/exact_town12_route10_route0_09_04_14_40_59/f021360.npz
route10,ParkingCutIn_3,ParkingCutIn,21364,-1,35,4968,14,1.74842,1.06363,1.644,1,1,1,outputs/gate6/snapshots/exact_town12_route10_route0_09_04_14_40_59/f021364.npz
route10,ParkingCutIn_3,ParkingCutIn,21368,-1,35,4968,14,0.94778,0.93335,1.015,1,0,0,outputs/gate6/snapshots/exact_town12_route10_route0_09_04_14_40_59/f021368.npz
route10,ParkingCutIn_3,ParkingCutIn,21372,-1,35,4017,1,8.79287,0.18101,48.576,1,1,1,outputs/gate6/snapshots/exact_town12_route10_route0_09_04_14_40_59/f021372.npz
route10,ParkingCutIn_3,ParkingCutIn,21376,-1,36,4017,1,8.77975,0.21936,40.024,1,1,1,outputs/gate6/snapshots/exact_town12_route10_route0_09_04_14_40_59/f021376.npz
route10,ParkingCutIn_3,ParkingCutIn,21380,-1,36,4017,1,4.77968,1.53497,3.114,1,1,1,outputs/gate6/snapshots/exact_town12_route10_route0_09_04_14_40_59/f021380.npz
route10,ParkingCutIn_3,ParkingCutIn,21384,-1,36,4017,1,0.23783,0.06294,3.779,1,1,1,outputs/gate6/snapshots/exact_town12_route10_route0_09_04_14_40_59/f021384.npz
route10,ParkingCutIn_3,ParkingCutIn,21388,-1,36,4017,1,0.07165,0.04803,1.433,0,0,0,outputs/gate6/snapshots/exact_town12_route10_route0_09_04_14_40_59/f021388.npz
route10,ParkingCutIn_3,ParkingCutIn,21392,-1,37,4017,1,1.41421,0.81323,1.739,1,1,1,outputs/gate6/snapshots/exact_town12_route10_route0_09_04_14_40_59/f021392.npz
route10,ParkingCutIn_3,ParkingCutIn,21396,-1,37,4968,16,3.25163,2.30995,1.408,1,0,0,outputs/gate6/snapshots/exact_town12_route10_route0_09_04_14_40_59/f021396.npz
route10,ParkingCutIn_3,ParkingCutIn,21400,-1,38,4017,1,4.363,1.67944,2.598,1,1,1,outputs/gate6/snapshots/exact_town12_route10_route0_09_04_14_40_59/f021400.npz
route10,ParkingCutIn_3,ParkingCutIn,21404,-1,37,4017,1,2.06171,0.40544,5.085,1,1,1,outputs/gate6/snapshots/exact_town12_route10_route0_09_04_14_40_59/f021404.npz
route10,ParkingCutIn_3,ParkingCutIn,21408,-1,37,4017,1,3.07151,0.40222,7.636,1,1,1,outputs/gate6/snapshots/exact_town12_route10_route0_09_04_14_40_59/f021408.npz
route10,ParkingCutIn_3,ParkingCutIn,21412,-1,37,4017,1,1.97555,0.10569,18.692,1,1,1,outputs/gate6/snapshots/exact_town12_route10_route0_09_04_14_40_59/f021412.npz
route10,ParkingCutIn_3,ParkingCutIn,21416,-1,36,4017,1,1.34241,0.21664,6.197,1,1,1,outputs/gate6/snapshots/exact_town12_route10_route0_09_04_14_40_59/f021416.npz
route10,ParkingCutIn_3,ParkingCutIn,21420,-1,36,4017,1,0.68623,0.28108,2.441,1,1,1,outputs/gate6/snapshots/exact_town12_route10_route0_09_04_14_40_59/f021420.npz
route10,ParkingCutIn_3,ParkingCutIn,21424,-1,36,4017,1,0.80063,0.34756,2.304,1,1,1,outputs/gate6/snapshots/exact_town12_route10_route0_09_04_14_40_59/f021424.npz
route10,ParkingCutIn_3,ParkingCutIn,21428,-1,32,4017,1,2.61123,0.89377,2.922,1,1,1,outputs/gate6/snapshots/exact_town12_route10_route0_09_04_14_40_59/f021428.npz
route10,ParkingCutIn_3,ParkingCutIn,21432,-1,28,4017,1,0.23478,0.11022,2.13,1,1,1,outputs/gate6/snapshots/exact_town12_route10_route0_09_04_14_40_59/f021432.npz
route10,ParkingCutIn_3,ParkingCutIn,21436,-1,26,4017,1,0.41211,0.30805,1.338,1,0,0,outputs/gate6/snapshots/exact_town12_route10_route0_09_04_14_40_59/f021436.npz
route10,ParkingCutIn_3,ParkingCutIn,21504,-1,26,4974,11,0.7085,0.33872,2.092,1,1,1,outputs/gate6/snapshots/exact_town12_route10_route0_09_04_14_40_59/f021504.npz
route10,ParkingCutIn_3,ParkingCutIn,21508,-1,28,3986,22,0.09941,0.05414,1.836,0,1,0,outputs/gate6/snapshots/exact_town12_route10_route0_09_04_14_40_59/f021508.npz
route10,ParkingCutIn_3,ParkingCutIn,21512,-1,28,3986,22,0.07958,0.06437,1.236,0,0,0,outputs/gate6/snapshots/exact_town12_route10_route0_09_04_14_40_59/f021512.npz
route10,ParkingCutIn_3,ParkingCutIn,21516,-1,26,4968,15,0.05844,0.0432,1.169,0,0,0,outputs/gate6/snapshots/exact_town12_route10_route0_09_04_14_40_59/f021516.npz
route10,ParkingCutIn_3,ParkingCutIn,21520,-1,26,3986,20,0.06221,0.05674,1.097,0,0,0,outputs/gate6/snapshots/exact_town12_route10_route0_09_04_14_40_59/f021520.npz
route10,ParkingCutIn_3,ParkingCutIn,21524,-1,27,4968,16,0.10166,0.088,1.155,0,0,0,outputs/gate6/snapshots/exact_town12_route10_route0_09_04_14_40_59/f021524.npz
route10,ParkingCutIn_3,ParkingCutIn,21528,-1,29,3986,22,0.12412,0.07664,1.619,0,1,0,outputs/gate6/snapshots/exact_town12_route10_route0_09_04_14_40_59/f021528.npz
route10,ParkingCutIn_3,ParkingCutIn,21532,-1,31,4968,17,0.11485,0.10869,1.057,0,0,0,outputs/gate6/snapshots/exact_town12_route10_route0_09_04_14_40_59/f021532.npz
route10,ParkingCutIn_3,ParkingCutIn,21536,-1,23,3986,12,0.05039,0.04128,1.008,0,0,0,outputs/gate6/snapshots/exact_town12_route10_route0_09_04_14_40_59/f021536.npz
route10,ParkingCutIn_3,ParkingCutIn,21540,-1,28,3700,2,0.10389,0.07272,1.429,0,0,0,outputs/gate6/snapshots/exact_town12_route10_route0_09_04_14_40_59/f021540.npz
route10,ParkingCutIn_3,ParkingCutIn,21544,-1,28,3700,2,0.12758,0.05821,2.192,0,1,0,outputs/gate6/snapshots/exact_town12_route10_route0_09_04_14_40_59/f021544.npz
route10,ParkingCutIn_3,ParkingCutIn,21548,-1,27,3700,2,0.12817,0.09375,1.367,0,0,0,outputs/gate6/snapshots/exact_town12_route10_route0_09_04_14_40_59/f021548.npz
route10,ParkingCutIn_3,ParkingCutIn,21552,-1,27,4971,8,0.12699,0.10842,1.171,0,0,0,outputs/gate6/snapshots/exact_town12_route10_route0_09_04_14_40_59/f021552.npz
route10,ParkingCutIn_3,ParkingCutIn,21556,-1,27,4971,8,0.12407,0.12339,1.005,0,0,0,outputs/gate6/snapshots/exact_town12_route10_route0_09_04_14_40_59/f021556.npz
route10,ParkingCutIn_3,ParkingCutIn,21560,-1,27,3700,2,0.19179,0.12071,1.589,0,1,0,outputs/gate6/snapshots/exact_town12_route10_route0_09_04_14_40_59/f021560.npz
route10,ParkingCutIn_3,ParkingCutIn,21564,-1,27,3700,2,0.42133,0.15894,2.651,1,1,1,outputs/gate6/snapshots/exact_town12_route10_route0_09_04_14_40_59/f021564.npz
route10,ParkingCutIn_3,ParkingCutIn,21568,-1,27,3700,2,0.70618,0.1776,3.976,1,1,1,outputs/gate6/snapshots/exact_town12_route10_route0_09_04_14_40_59/f021568.npz
route10,ParkingCutIn_3,ParkingCutIn,21572,-1,27,3700,2,1.27216,0.35978,3.536,1,1,1,outputs/gate6/snapshots/exact_town12_route10_route0_09_04_14_40_59/f021572.npz
route10,ParkingCutIn_3,ParkingCutIn,21576,-1,27,3700,2,1.98246,0.6137,3.23,1,1,1,outputs/gate6/snapshots/exact_town12_route10_route0_09_04_14_40_59/f021576.npz
route10,ParkingCutIn_3,ParkingCutIn,21580,-1,28,3700,2,2.61095,0.87406,2.987,1,1,1,outputs/gate6/snapshots/exact_town12_route10_route0_09_04_14_40_59/f021580.npz
route10,ParkingCutIn_3,ParkingCutIn,21584,-1,28,3700,2,2.31027,1.16031,1.991,1,1,1,outputs/gate6/snapshots/exact_town12_route10_route0_09_04_14_40_59/f021584.npz
route10,ParkingCutIn_3,ParkingCutIn,21588,-1,28,3700,2,2.26601,0.99067,2.287,1,1,1,outputs/gate6/snapshots/exact_town12_route10_route0_09_04_14_40_59/f021588.npz
route10,ParkingCutIn_3,ParkingCutIn,21592,-1,29,3700,2,2.07992,1.30705,1.591,1,1,1,outputs/gate6/snapshots/exact_town12_route10_route0_09_04_14_40_59/f021592.npz
route10,ParkingCutIn_3,ParkingCutIn,21596,-1,29,3700,2,2.57157,1.88726,1.363,1,0,0,outputs/gate6/snapshots/exact_town12_route10_route0_09_04_14_40_59/f021596.npz
route10,ParkingCutIn_3,ParkingCutIn,21600,-1,29,3700,2,2.81503,2.29757,1.225,1,0,0,outputs/gate6/snapshots/exact_town12_route10_route0_09_04_14_40_59/f021600.npz
route10,ParkingCutIn_3,ParkingCutIn,21604,-1,29,3700,2,3.14359,2.817,1.116,1,0,0,outputs/gate6/snapshots/exact_town12_route10_route0_09_04_14_40_59/f021604.npz
route10,ParkingCutIn_3,ParkingCutIn,21608,-1,30,3700,2,4.08657,2.59338,1.576,1,1,1,outputs/gate6/snapshots/exact_town12_route10_route0_09_04_14_40_59/f021608.npz
route10,ParkingCutIn_3,ParkingCutIn,21612,-1,30,3700,2,3.81331,2.55821,1.491,1,0,0,outputs/gate6/snapshots/exact_town12_route10_route0_09_04_14_40_59/f021612.npz
route10,ParkingCutIn_3,ParkingCutIn,21616,-1,31,4986,5,3.87301,3.31154,1.17,1,0,0,outputs/gate6/snapshots/exact_town12_route10_route0_09_04_14_40_59/f021616.npz
route10,ParkingCutIn_3,ParkingCutIn,21620,-1,31,4985,6,4.87637,4.74144,1.028,1,0,0,outputs/gate6/snapshots/exact_town12_route10_route0_09_04_14_40_59/f021620.npz
route10,ParkingCutIn_3,ParkingCutIn,21624,-1,31,4985,6,5.77283,4.38789,1.316,1,0,0,outputs/gate6/snapshots/exact_town12_route10_route0_09_04_14_40_59/f021624.npz
route10,ParkingCutIn_3,ParkingCutIn,21628,-1,31,4985,6,6.15429,4.28226,1.437,1,0,0,outputs/gate6/snapshots/exact_town12_route10_route0_09_04_14_40_59/f021628.npz
route10,ParkingCutIn_3,ParkingCutIn,21632,-1,30,4985,6,5.07933,3.10308,1.637,1,1,1,outputs/gate6/snapshots/exact_town12_route10_route0_09_04_14_40_59/f021632.npz
route10,ParkingCutIn_3,ParkingCutIn,21636,-1,31,4985,6,5.06709,3.1123,1.628,1,1,1,outputs/gate6/snapshots/exact_town12_route10_route0_09_04_14_40_59/f021636.npz
route10,ParkingCutIn_3,ParkingCutIn,21640,-1,32,4985,6,3.32431,2.37443,1.4,1,0,0,outputs/gate6/snapshots/exact_town12_route10_route0_09_04_14_40_59/f021640.npz
route10,ParkingCutIn_3,ParkingCutIn,21644,-1,32,4986,5,4.60432,2.07125,2.223,1,1,1,outputs/gate6/snapshots/exact_town12_route10_route0_09_04_14_40_59/f021644.npz
route10,ParkingCutIn_3,ParkingCutIn,21648,-1,32,4986,5,5.53137,0.98843,5.596,1,1,1,outputs/gate6/snapshots/exact_town12_route10_route0_09_04_14_40_59/f021648.npz
route10,ParkingCutIn_3,ParkingCutIn,21652,-1,32,4986,5,3.22929,0.51467,6.274,1,1,1,outputs/gate6/snapshots/exact_town12_route10_route0_09_04_14_40_59/f021652.npz
route10,ParkingCutIn_3,ParkingCutIn,21656,-1,34,4986,5,1.03068,0.22316,4.619,1,1,1,outputs/gate6/snapshots/exact_town12_route10_route0_09_04_14_40_59/f021656.npz
route10,ParkingCutIn_3,ParkingCutIn,21660,-1,34,3701,1,8.10763,1.88907,4.292,1,1,1,outputs/gate6/snapshots/exact_town12_route10_route0_09_04_14_40_59/f021660.npz
route10,ParkingCutIn_3,ParkingCutIn,21664,-1,35,3701,1,9.25356,2.07601,4.457,1,1,1,outputs/gate6/snapshots/exact_town12_route10_route0_09_04_14_40_59/f021664.npz
route10,ParkingCutIn_3,ParkingCutIn,21668,-1,34,3701,1,11.078,0.70703,15.668,1,1,1,outputs/gate6/snapshots/exact_town12_route10_route0_09_04_14_40_59/f021668.npz
route10,ParkingCutIn_3,ParkingCutIn,21672,-1,34,3701,1,11.36656,0.32089,35.422,1,1,1,outputs/gate6/snapshots/exact_town12_route10_route0_09_04_14_40_59/f021672.npz
route10,ParkingCutIn_3,ParkingCutIn,21676,-1,34,3701,1,10.92261,0.2977,36.69,1,1,1,outputs/gate6/snapshots/exact_town12_route10_route0_09_04_14_40_59/f021676.npz
route10,ParkingCutIn_3,ParkingCutIn,21680,-1,34,3701,1,10.14834,0.20964,48.409,1,1,1,outputs/gate6/snapshots/exact_town12_route10_route0_09_04_14_40_59/f021680.npz
route10,ParkingCutIn_3,ParkingCutIn,21684,-1,34,3701,1,9.19603,0.63378,14.51,1,1,1,outputs/gate6/snapshots/exact_town12_route10_route0_09_04_14_40_59/f021684.npz
route10,ParkingCutIn_3,ParkingCutIn,21688,-1,34,3701,1,8.62765,0.76726,11.245,1,1,1,outputs/gate6/snapshots/exact_town12_route10_route0_09_04_14_40_59/f021688.npz
route10,ParkingCutIn_3,ParkingCutIn,21692,-1,34,3701,1,7.66068,0.45224,16.94,1,1,1,outputs/gate6/snapshots/exact_town12_route10_route0_09_04_14_40_59/f021692.npz
route10,ParkingCutIn_3,ParkingCutIn,21696,-1,35,3701,1,6.87926,0.40228,17.101,1,1,1,outputs/gate6/snapshots/exact_town12_route10_route0_09_04_14_40_59/f021696.npz
route10,ParkingCutIn_3,ParkingCutIn,21700,-1,35,3701,1,6.00187,0.55072,10.898,1,1,1,outputs/gate6/snapshots/exact_town12_route10_route0_09_04_14_40_59/f021700.npz
route10,ParkingCutIn_3,ParkingCutIn,21704,-1,36,3701,1,5.15855,0.44552,11.579,1,1,1,outputs/gate6/snapshots/exact_town12_route10_route0_09_04_14_40_59/f021704.npz
route10,ParkingCutIn_3,ParkingCutIn,21708,-1,36,3701,1,4.637,0.25258,18.358,1,1,1,outputs/gate6/snapshots/exact_town12_route10_route0_09_04_14_40_59/f021708.npz
route10,ParkingCutIn_3,ParkingCutIn,21712,-1,36,3701,1,4.59529,0.2128,21.594,1,1,1,outputs/gate6/snapshots/exact_town12_route10_route0_09_04_14_40_59/f021712.npz
route10,ParkingCutIn_3,ParkingCutIn,21716,-1,36,3701,1,3.5127,0.61183,5.741,1,1,1,outputs/gate6/snapshots/exact_town12_route10_route0_09_04_14_40_59/f021716.npz
route10,ParkingCutIn_3,ParkingCutIn,21720,-1,36,3701,1,3.61416,0.90758,3.982,1,1,1,outputs/gate6/snapshots/exact_town12_route10_route0_09_04_14_40_59/f021720.npz
route10,ParkingCutIn_3,ParkingCutIn,21724,-1,36,3701,1,4.22717,1.39146,3.038,1,1,1,outputs/gate6/snapshots/exact_town12_route10_route0_09_04_14_40_59/f021724.npz
route10,ParkingCutIn_3,ParkingCutIn,21728,-1,37,3701,1,4.78819,1.59085,3.01,1,1,1,outputs/gate6/snapshots/exact_town12_route10_route0_09_04_14_40_59/f021728.npz
route10,ParkingCutIn_3,ParkingCutIn,21732,-1,37,3701,1,5.65479,1.67338,3.379,1,1,1,outputs/gate6/snapshots/exact_town12_route10_route0_09_04_14_40_59/f021732.npz
route10,ParkingCutIn_3,ParkingCutIn,21736,-1,37,3701,1,5.30328,2.16799,2.446,1,1,1,outputs/gate6/snapshots/exact_town12_route10_route0_09_04_14_40_59/f021736.npz
route10,ParkingCutIn_3,ParkingCutIn,21740,-1,37,3701,1,4.93174,2.43822,2.023,1,1,1,outputs/gate6/snapshots/exact_town12_route10_route0_09_04_14_40_59/f021740.npz
route10,ParkingCutIn_3,ParkingCutIn,21744,-1,37,3701,1,4.69629,3.01199,1.559,1,1,1,outputs/gate6/snapshots/exact_town12_route10_route0_09_04_14_40_59/f021744.npz
route10,ParkingCutIn_3,ParkingCutIn,21748,-1,36,3701,1,4.46574,3.38066,1.321,1,0,0,outputs/gate6/snapshots/exact_town12_route10_route0_09_04_14_40_59/f021748.npz
route10,ParkingCutIn_3,ParkingCutIn,21752,-1,37,3701,1,4.61096,3.79655,1.215,1,0,0,outputs/gate6/snapshots/exact_town12_route10_route0_09_04_14_40_59/f021752.npz
route10,ParkingCutIn_3,ParkingCutIn,21756,-1,36,3701,1,4.93325,2.50825,1.967,1,1,1,outputs/gate6/snapshots/exact_town12_route10_route0_09_04_14_40_59/f021756.npz
route10,ParkingCutIn_3,ParkingCutIn,21760,-1,35,3701,1,4.52796,2.71576,1.667,1,1,1,outputs/gate6/snapshots/exact_town12_route10_route0_09_04_14_40_59/f021760.npz
route10,ParkingCutIn_3,ParkingCutIn,21764,-1,35,3701,1,4.15146,3.20494,1.295,1,0,0,outputs/gate6/snapshots/exact_town12_route10_route0_09_04_14_40_59/f021764.npz
route10,ParkingCutIn_3,ParkingCutIn,21768,-1,35,4972,7,3.71844,3.23498,1.149,1,0,0,outputs/gate6/snapshots/exact_town12_route10_route0_09_04_14_40_59/f021768.npz
route10,ParkingCutIn_3,ParkingCutIn,21772,-1,35,4972,7,3.08654,2.69769,1.144,1,0,0,outputs/gate6/snapshots/exact_town12_route10_route0_09_04_14_40_59/f021772.npz
route10,ParkingCutIn_3,ParkingCutIn,21776,-1,35,3701,1,2.68176,2.40565,1.115,1,0,0,outputs/gate6/snapshots/exact_town12_route10_route0_09_04_14_40_59/f021776.npz
route10,ParkingCutIn_3,ParkingCutIn,21780,-1,35,3701,1,2.89048,1.6176,1.787,1,1,1,outputs/gate6/snapshots/exact_town12_route10_route0_09_04_14_40_59/f021780.npz
route10,ParkingCutIn_3,ParkingCutIn,21784,-1,35,3701,1,2.21413,2.00895,1.102,1,0,0,outputs/gate6/snapshots/exact_town12_route10_route0_09_04_14_40_59/f021784.npz
route10,ParkingCutIn_3,ParkingCutIn,21788,-1,35,3701,1,2.34254,1.18143,1.983,1,1,1,outputs/gate6/snapshots/exact_town12_route10_route0_09_04_14_40_59/f021788.npz
route10,ParkingCutIn_3,ParkingCutIn,21792,-1,35,3701,1,2.74398,1.49222,1.839,1,1,1,outputs/gate6/snapshots/exact_town12_route10_route0_09_04_14_40_59/f021792.npz
route10,ParkingCutIn_3,ParkingCutIn,21796,-1,35,3701,1,3.25902,0.98026,3.325,1,1,1,outputs/gate6/snapshots/exact_town12_route10_route0_09_04_14_40_59/f021796.npz
route10,ParkingCutIn_3,ParkingCutIn,21800,-1,35,3701,1,3.25205,1.78167,1.825,1,1,1,outputs/gate6/snapshots/exact_town12_route10_route0_09_04_14_40_59/f021800.npz
route10,ParkingCutIn_3,ParkingCutIn,21804,-1,35,3701,1,3.63695,1.58551,2.294,1,1,1,outputs/gate6/snapshots/exact_town12_route10_route0_09_04_14_40_59/f021804.npz
route10,ParkingCutIn_3,ParkingCutIn,21808,-1,34,3701,1,4.1745,0.87244,4.785,1,1,1,outputs/gate6/snapshots/exact_town12_route10_route0_09_04_14_40_59/f021808.npz
route10,ParkingCutIn_3,ParkingCutIn,21812,-1,34,3701,1,4.42891,1.47906,2.994,1,1,1,outputs/gate6/snapshots/exact_town12_route10_route0_09_04_14_40_59/f021812.npz
route10,ParkingCutIn_3,ParkingCutIn,21816,-1,34,3701,1,4.14305,1.04148,3.978,1,1,1,outputs/gate6/snapshots/exact_town12_route10_route0_09_04_14_40_59/f021816.npz
route10,ParkingCutIn_3,ParkingCutIn,21820,-1,34,3701,1,4.0499,1.8694,2.166,1,1,1,outputs/gate6/snapshots/exact_town12_route10_route0_09_04_14_40_59/f021820.npz
route10,ParkingCutIn_3,ParkingCutIn,21824,-1,35,3701,1,3.1026,1.07228,2.893,1,1,1,outputs/gate6/snapshots/exact_town12_route10_route0_09_04_14_40_59/f021824.npz
route10,ParkingCutIn_3,ParkingCutIn,21828,-1,35,3701,1,3.08358,2.27225,1.357,1,0,0,outputs/gate6/snapshots/exact_town12_route10_route0_09_04_14_40_59/f021828.npz
route10,ParkingCutIn_3,ParkingCutIn,21832,-1,35,3701,1,3.1211,1.95061,1.6,1,1,1,outputs/gate6/snapshots/exact_town12_route10_route0_09_04_14_40_59/f021832.npz
route10,ParkingCutIn_3,ParkingCutIn,21836,-1,35,3701,1,2.57495,1.9266,1.337,1,0,0,outputs/gate6/snapshots/exact_town12_route10_route0_09_04_14_40_59/f021836.npz
route10,ParkingCutIn_3,ParkingCutIn,21840,-1,35,3701,1,2.59252,0.87093,2.977,1,1,1,outputs/gate6/snapshots/exact_town12_route10_route0_09_04_14_40_59/f021840.npz
route10,ParkingCutIn_3,ParkingCutIn,21844,-1,35,3701,1,2.67187,0.91372,2.924,1,1,1,outputs/gate6/snapshots/exact_town12_route10_route0_09_04_14_40_59/f021844.npz
route10,ParkingCutIn_3,ParkingCutIn,21848,-1,35,3701,1,2.34412,1.94602,1.205,1,0,0,outputs/gate6/snapshots/exact_town12_route10_route0_09_04_14_40_59/f021848.npz
route10,ParkingCutIn_3,ParkingCutIn,21852,-1,35,3701,1,2.36829,1.92448,1.231,1,0,0,outputs/gate6/snapshots/exact_town12_route10_route0_09_04_14_40_59/f021852.npz
route10,ParkingCutIn_3,ParkingCutIn,21856,-1,35,3701,1,2.56933,1.91011,1.345,1,0,0,outputs/gate6/snapshots/exact_town12_route10_route0_09_04_14_40_59/f021856.npz
route10,ParkingCutIn_3,ParkingCutIn,21860,-1,35,3701,1,2.37802,1.87394,1.269,1,0,0,outputs/gate6/snapshots/exact_town12_route10_route0_09_04_14_40_59/f021860.npz
route10,ParkingCutIn_3,ParkingCutIn,21864,-1,35,3701,1,2.28477,1.6655,1.372,1,0,0,outputs/gate6/snapshots/exact_town12_route10_route0_09_04_14_40_59/f021864.npz
route10,ParkingCutIn_3,ParkingCutIn,21868,-1,35,3701,1,2.13345,1.05886,2.015,1,1,1,outputs/gate6/snapshots/exact_town12_route10_route0_09_04_14_40_59/f021868.npz
route10,ParkingCutIn_3,ParkingCutIn,21872,-1,35,3701,1,2.58908,0.90282,2.868,1,1,1,outputs/gate6/snapshots/exact_town12_route10_route0_09_04_14_40_59/f021872.npz
route10,ParkingCutIn_3,ParkingCutIn,21876,-1,35,3701,1,1.84613,1.20663,1.53,1,1,1,outputs/gate6/snapshots/exact_town12_route10_route0_09_04_14_40_59/f021876.npz
route10,ParkingCutIn_3,ParkingCutIn,21880,-1,35,3701,1,2.06099,1.0078,2.045,1,1,1,outputs/gate6/snapshots/exact_town12_route10_route0_09_04_14_40_59/f021880.npz
route10,ParkingCutIn_3,ParkingCutIn,21884,-1,35,3701,1,2.07405,1.49935,1.383,1,0,0,outputs/gate6/snapshots/exact_town12_route10_route0_09_04_14_40_59/f021884.npz
route10,ParkingCutIn_3,ParkingCutIn,21888,-1,35,3701,1,2.38885,1.75925,1.358,1,0,0,outputs/gate6/snapshots/exact_town12_route10_route0_09_04_14_40_59/f021888.npz
route10,ParkingCutIn_3,ParkingCutIn,21892,-1,34,3701,1,2.55554,1.89736,1.347,1,0,0,outputs/gate6/snapshots/exact_town12_route10_route0_09_04_14_40_59/f021892.npz
route10,ParkingCutIn_3,ParkingCutIn,21896,-1,34,3701,1,2.99271,0.85908,3.484,1,1,1,outputs/gate6/snapshots/exact_town12_route10_route0_09_04_14_40_59/f021896.npz
route10,ParkingCutIn_3,ParkingCutIn,21900,-1,34,3701,1,3.22559,1.34475,2.399,1,1,1,outputs/gate6/snapshots/exact_town12_route10_route0_09_04_14_40_59/f021900.npz
route10,ParkingCutIn_3,ParkingCutIn,21904,-1,35,3701,1,3.37452,1.72716,1.954,1,1,1,outputs/gate6/snapshots/exact_town12_route10_route0_09_04_14_40_59/f021904.npz
route10,ParkingCutIn_3,ParkingCutIn,21908,-1,35,3701,1,3.74678,0.78665,4.763,1,1,1,outputs/gate6/snapshots/exact_town12_route10_route0_09_04_14_40_59/f021908.npz
route10,ParkingCutIn_3,ParkingCutIn,21912,-1,34,3701,1,3.64599,1.18669,3.072,1,1,1,outputs/gate6/snapshots/exact_town12_route10_route0_09_04_14_40_59/f021912.npz
route10,ParkingCutIn_3,ParkingCutIn,21916,-1,34,3701,1,3.83992,0.75355,5.096,1,1,1,outputs/gate6/snapshots/exact_town12_route10_route0_09_04_14_40_59/f021916.npz
route10,ParkingCutIn_3,ParkingCutIn,21920,-1,33,3701,1,3.71491,0.81691,4.547,1,1,1,outputs/gate6/snapshots/exact_town12_route10_route0_09_04_14_40_59/f021920.npz
route10,ParkingCutIn_3,ParkingCutIn,21924,-1,33,3701,1,3.33318,0.83064,4.013,1,1,1,outputs/gate6/snapshots/exact_town12_route10_route0_09_04_14_40_59/f021924.npz
route10,ParkingCutIn_3,ParkingCutIn,21928,-1,33,3701,1,2.88622,0.89884,3.211,1,1,1,outputs/gate6/snapshots/exact_town12_route10_route0_09_04_14_40_59/f021928.npz
route10,ParkingCutIn_3,ParkingCutIn,21932,-1,33,3701,1,2.96523,0.81045,3.659,1,1,1,outputs/gate6/snapshots/exact_town12_route10_route0_09_04_14_40_59/f021932.npz
route10,ParkingCutIn_3,ParkingCutIn,21936,-1,34,3701,1,3.09772,0.77971,3.973,1,1,1,outputs/gate6/snapshots/exact_town12_route10_route0_09_04_14_40_59/f021936.npz
route10,ParkingCutIn_3,ParkingCutIn,21940,-1,34,3701,1,2.93662,0.85697,3.427,1,1,1,outputs/gate6/snapshots/exact_town12_route10_route0_09_04_14_40_59/f021940.npz
route10,ParkingCutIn_3,ParkingCutIn,21944,-1,34,3701,1,2.92222,0.84997,3.438,1,1,1,outputs/gate6/snapshots/exact_town12_route10_route0_09_04_14_40_59/f021944.npz
route10,ParkingCutIn_3,ParkingCutIn,21948,-1,34,3701,1,2.5105,0.86948,2.887,1,1,1,outputs/gate6/snapshots/exact_town12_route10_route0_09_04_14_40_59/f021948.npz
route10,ParkingCutIn_3,ParkingCutIn,21952,-1,34,3701,1,2.68579,0.81713,3.287,1,1,1,outputs/gate6/snapshots/exact_town12_route10_route0_09_04_14_40_59/f021952.npz
route10,ParkingCutIn_3,ParkingCutIn,21956,-1,34,3701,1,2.64271,0.8196,3.224,1,1,1,outputs/gate6/snapshots/exact_town12_route10_route0_09_04_14_40_59/f021956.npz
route10,ParkingCutIn_3,ParkingCutIn,21960,-1,34,3701,1,2.58952,0.84272,3.073,1,1,1,outputs/gate6/snapshots/exact_town12_route10_route0_09_04_14_40_59/f021960.npz
route10,ParkingCutIn_3,ParkingCutIn,21964,-1,34,3701,1,2.41985,0.97678,2.477,1,1,1,outputs/gate6/snapshots/exact_town12_route10_route0_09_04_14_40_59/f021964.npz
route10,ParkingCutIn_3,ParkingCutIn,21968,-1,34,3701,1,2.59295,0.93938,2.76,1,1,1,outputs/gate6/snapshots/exact_town12_route10_route0_09_04_14_40_59/f021968.npz
route10,ParkingCutIn_3,ParkingCutIn,21972,-1,34,3701,1,2.69341,0.86909,3.099,1,1,1,outputs/gate6/snapshots/exact_town12_route10_route0_09_04_14_40_59/f021972.npz
route10,ParkingCutIn_3,ParkingCutIn,21976,-1,34,3701,1,2.66398,0.81944,3.251,1,1,1,outputs/gate6/snapshots/exact_town12_route10_route0_09_04_14_40_59/f021976.npz
route10,ParkingCutIn_3,ParkingCutIn,21980,-1,34,3701,1,2.57875,0.78022,3.305,1,1,1,outputs/gate6/snapshots/exact_town12_route10_route0_09_04_14_40_59/f021980.npz
route10,ParkingCutIn_3,ParkingCutIn,21984,-1,34,3701,1,2.42218,0.90333,2.681,1,1,1,outputs/gate6/snapshots/exact_town12_route10_route0_09_04_14_40_59/f021984.npz
route10,ParkingCutIn_3,ParkingCutIn,21988,-1,34,3701,1,2.69918,0.81261,3.322,1,1,1,outputs/gate6/snapshots/exact_town12_route10_route0_09_04_14_40_59/f021988.npz
route10,ParkingCutIn_3,ParkingCutIn,21992,-1,34,3701,1,2.82397,0.76732,3.68,1,1,1,outputs/gate6/snapshots/exact_town12_route10_route0_09_04_14_40_59/f021992.npz
route10,ParkingCutIn_3,ParkingCutIn,21996,-1,34,3701,1,3.09927,0.71131,4.357,1,1,1,outputs/gate6/snapshots/exact_town12_route10_route0_09_04_14_40_59/f021996.npz
route10,ParkingCutIn_3,ParkingCutIn,22000,-1,34,3701,1,2.98269,0.8594,3.471,1,1,1,outputs/gate6/snapshots/exact_town12_route10_route0_09_04_14_40_59/f022000.npz
route10,ParkingCutIn_3,ParkingCutIn,22004,-1,34,3701,1,3.2601,0.83006,3.928,1,1,1,outputs/gate6/snapshots/exact_town12_route10_route0_09_04_14_40_59/f022004.npz
route10,ParkingCutIn_3,ParkingCutIn,22008,-1,34,3701,1,3.56264,0.75911,4.693,1,1,1,outputs/gate6/snapshots/exact_town12_route10_route0_09_04_14_40_59/f022008.npz
route10,ParkingCutIn_3,ParkingCutIn,22012,-1,34,3701,1,3.74984,0.74978,5.001,1,1,1,outputs/gate6/snapshots/exact_town12_route10_route0_09_04_14_40_59/f022012.npz
route10,ParkingCutIn_3,ParkingCutIn,22016,-1,34,3701,1,3.94443,0.69053,5.712,1,1,1,outputs/gate6/snapshots/exact_town12_route10_route0_09_04_14_40_59/f022016.npz
route10,ParkingCutIn_3,ParkingCutIn,22020,-1,33,3701,1,3.65021,0.81659,4.47,1,1,1,outputs/gate6/snapshots/exact_town12_route10_route0_09_04_14_40_59/f022020.npz
route10,ParkingCutIn_3,ParkingCutIn,22024,-1,33,3701,1,3.77776,0.75408,5.01,1,1,1,outputs/gate6/snapshots/exact_town12_route10_route0_09_04_14_40_59/f022024.npz
route10,ParkingCutIn_3,ParkingCutIn,22028,-1,33,3701,1,3.74628,0.70481,5.315,1,1,1,outputs/gate6/snapshots/exact_town12_route10_route0_09_04_14_40_59/f022028.npz
route10,ParkingCutIn_3,ParkingCutIn,22032,-1,33,3701,1,3.62265,0.67041,5.404,1,1,1,outputs/gate6/snapshots/exact_town12_route10_route0_09_04_14_40_59/f022032.npz
route10,ParkingCutIn_3,ParkingCutIn,22036,-1,33,3701,1,3.29174,0.80735,4.077,1,1,1,outputs/gate6/snapshots/exact_town12_route10_route0_09_04_14_40_59/f022036.npz
route10,ParkingCutIn_3,ParkingCutIn,22040,-1,33,3701,1,3.33892,0.77829,4.29,1,1,1,outputs/gate6/snapshots/exact_town12_route10_route0_09_04_14_40_59/f022040.npz
route10,ParkingCutIn_3,ParkingCutIn,22044,-1,34,3701,1,3.40166,0.73583,4.623,1,1,1,outputs/gate6/snapshots/exact_town12_route10_route0_09_04_14_40_59/f022044.npz
route10,ParkingCutIn_3,ParkingCutIn,22048,-1,38,3701,1,3.18577,0.63545,5.013,1,1,1,outputs/gate6/snapshots/exact_town12_route10_route0_09_04_14_40_59/f022048.npz
route10,ParkingCutIn_3,ParkingCutIn,22052,-1,38,3701,1,3.08709,0.79748,3.871,1,1,1,outputs/gate6/snapshots/exact_town12_route10_route0_09_04_14_40_59/f022052.npz
route10,ParkingCutIn_3,ParkingCutIn,22056,-1,38,3701,1,3.0399,0.80867,3.759,1,1,1,outputs/gate6/snapshots/exact_town12_route10_route0_09_04_14_40_59/f022056.npz
route10,ParkingCutIn_3,ParkingCutIn,22060,-1,38,3701,1,2.9312,0.81771,3.585,1,1,1,outputs/gate6/snapshots/exact_town12_route10_route0_09_04_14_40_59/f022060.npz
route10,ParkingCutIn_3,ParkingCutIn,22064,-1,38,3701,1,2.86216,0.81755,3.501,1,1,1,outputs/gate6/snapshots/exact_town12_route10_route0_09_04_14_40_59/f022064.npz
route10,ParkingCutIn_3,ParkingCutIn,22068,-1,38,3701,1,2.7766,0.81344,3.413,1,1,1,outputs/gate6/snapshots/exact_town12_route10_route0_09_04_14_40_59/f022068.npz
route10,ParkingCutIn_3,ParkingCutIn,22072,-1,38,3701,1,3.02876,0.79798,3.796,1,1,1,outputs/gate6/snapshots/exact_town12_route10_route0_09_04_14_40_59/f022072.npz
route10,ParkingCutIn_3,ParkingCutIn,22076,-1,38,3701,1,3.15998,0.80234,3.938,1,1,1,outputs/gate6/snapshots/exact_town12_route10_route0_09_04_14_40_59/f022076.npz
route10,ParkingCutIn_3,ParkingCutIn,22080,-1,38,3701,1,3.337,0.76671,4.352,1,1,1,outputs/gate6/snapshots/exact_town12_route10_route0_09_04_14_40_59/f022080.npz
route10,ParkingCutIn_3,ParkingCutIn,22084,-1,40,3701,1,3.21689,0.78846,4.08,1,1,1,outputs/gate6/snapshots/exact_town12_route10_route0_09_04_14_40_59/f022084.npz
route10,ParkingCutIn_3,ParkingCutIn,22088,-1,40,3701,1,2.8277,0.74585,3.791,1,1,1,outputs/gate6/snapshots/exact_town12_route10_route0_09_04_14_40_59/f022088.npz
route10,ParkingCutIn_3,ParkingCutIn,22092,-1,41,3701,1,3.3619,0.76688,4.384,1,1,1,outputs/gate6/snapshots/exact_town12_route10_route0_09_04_14_40_59/f022092.npz
route10,ParkingCutIn_3,ParkingCutIn,22096,-1,41,3701,1,3.5511,0.67124,5.29,1,1,1,outputs/gate6/snapshots/exact_town12_route10_route0_09_04_14_40_59/f022096.npz
route10,ParkingCutIn_3,ParkingCutIn,22100,-1,41,3701,1,3.3132,0.59831,5.538,1,1,1,outputs/gate6/snapshots/exact_town12_route10_route0_09_04_14_40_59/f022100.npz
route10,ParkingCutIn_3,ParkingCutIn,22104,-1,41,3701,1,3.06727,0.64874,4.728,1,1,1,outputs/gate6/snapshots/exact_town12_route10_route0_09_04_14_40_59/f022104.npz
route10,ParkingCutIn_3,ParkingCutIn,22108,-1,41,3701,1,2.799,0.73688,3.798,1,1,1,outputs/gate6/snapshots/exact_town12_route10_route0_09_04_14_40_59/f022108.npz
route10,ParkingCutIn_3,ParkingCutIn,22112,-1,41,3701,1,2.86355,0.72555,3.947,1,1,1,outputs/gate6/snapshots/exact_town12_route10_route0_09_04_14_40_59/f022112.npz
route10,ParkingCutIn_3,ParkingCutIn,22116,-1,41,3701,1,3.03384,0.69862,4.343,1,1,1,outputs/gate6/snapshots/exact_town12_route10_route0_09_04_14_40_59/f022116.npz
route10,ParkingCutIn_3,ParkingCutIn,22120,-1,41,3701,1,3.20078,0.69113,4.631,1,1,1,outputs/gate6/snapshots/exact_town12_route10_route0_09_04_14_40_59/f022120.npz
route10,ParkingCutIn_3,ParkingCutIn,22124,-1,41,3701,1,3.52113,0.58872,5.981,1,1,1,outputs/gate6/snapshots/exact_town12_route10_route0_09_04_14_40_59/f022124.npz
route10,ParkingCutIn_3,ParkingCutIn,22128,-1,40,3701,1,2.99918,0.74791,4.01,1,1,1,outputs/gate6/snapshots/exact_town12_route10_route0_09_04_14_40_59/f022128.npz
route10,ParkingCutIn_3,ParkingCutIn,22132,-1,40,3701,1,3.35714,0.66909,5.017,1,1,1,outputs/gate6/snapshots/exact_town12_route10_route0_09_04_14_40_59/f022132.npz
route10,ParkingCutIn_3,ParkingCutIn,22136,-1,41,3701,1,3.02279,0.73423,4.117,1,1,1,outputs/gate6/snapshots/exact_town12_route10_route0_09_04_14_40_59/f022136.npz
route10,ParkingCutIn_3,ParkingCutIn,22140,-1,41,3701,1,2.93723,0.73129,4.017,1,1,1,outputs/gate6/snapshots/exact_town12_route10_route0_09_04_14_40_59/f022140.npz
route10,ParkingCutIn_3,ParkingCutIn,22144,-1,41,3701,1,2.93552,0.71455,4.108,1,1,1,outputs/gate6/snapshots/exact_town12_route10_route0_09_04_14_40_59/f022144.npz
route10,ParkingCutIn_3,ParkingCutIn,22148,-1,42,3701,1,2.94735,0.70728,4.167,1,1,1,outputs/gate6/snapshots/exact_town12_route10_route0_09_04_14_40_59/f022148.npz
route10,ParkingCutIn_3,ParkingCutIn,22152,-1,42,3701,1,2.83797,0.7207,3.938,1,1,1,outputs/gate6/snapshots/exact_town12_route10_route0_09_04_14_40_59/f022152.npz
route10,ParkingCutIn_3,ParkingCutIn,22156,-1,43,3701,1,2.87203,0.57238,5.018,1,1,1,outputs/gate6/snapshots/exact_town12_route10_route0_09_04_14_40_59/f022156.npz
route10,ParkingCutIn_3,ParkingCutIn,22160,-1,43,3701,1,3.10692,0.49873,6.23,1,1,1,outputs/gate6/snapshots/exact_town12_route10_route0_09_04_14_40_59/f022160.npz
route10,ParkingCutIn_3,ParkingCutIn,22164,-1,43,3701,1,3.06126,0.49375,6.2,1,1,1,outputs/gate6/snapshots/exact_town12_route10_route0_09_04_14_40_59/f022164.npz
route10,ParkingCutIn_3,ParkingCutIn,22168,-1,43,3701,1,3.29037,0.58487,5.626,1,1,1,outputs/gate6/snapshots/exact_town12_route10_route0_09_04_14_40_59/f022168.npz
route10,ParkingCutIn_3,ParkingCutIn,22172,-1,43,3701,1,2.85517,0.66612,4.286,1,1,1,outputs/gate6/snapshots/exact_town12_route10_route0_09_04_14_40_59/f022172.npz
route10,ParkingCutIn_3,ParkingCutIn,22176,-1,43,3701,1,2.91955,0.55635,5.248,1,1,1,outputs/gate6/snapshots/exact_town12_route10_route0_09_04_14_40_59/f022176.npz
route10,ParkingCutIn_3,ParkingCutIn,22180,-1,43,3701,1,2.73685,0.70454,3.885,1,1,1,outputs/gate6/snapshots/exact_town12_route10_route0_09_04_14_40_59/f022180.npz
route10,ParkingCutIn_3,ParkingCutIn,22184,-1,43,3701,1,2.75563,0.6978,3.949,1,1,1,outputs/gate6/snapshots/exact_town12_route10_route0_09_04_14_40_59/f022184.npz
route10,ParkingCutIn_3,ParkingCutIn,22188,-1,43,3701,1,2.7222,0.69941,3.892,1,1,1,outputs/gate6/snapshots/exact_town12_route10_route0_09_04_14_40_59/f022188.npz
route10,ParkingCutIn_3,ParkingCutIn,22192,-1,43,3701,1,2.73342,0.69839,3.914,1,1,1,outputs/gate6/snapshots/exact_town12_route10_route0_09_04_14_40_59/f022192.npz
route10,ParkingCutIn_3,ParkingCutIn,22196,-1,43,3701,1,2.72936,0.69319,3.937,1,1,1,outputs/gate6/snapshots/exact_town12_route10_route0_09_04_14_40_59/f022196.npz
route10,ParkingCutIn_3,ParkingCutIn,22200,-1,43,3701,1,2.72575,0.65001,4.193,1,1,1,outputs/gate6/snapshots/exact_town12_route10_route0_09_04_14_40_59/f022200.npz
route10,ParkingCutIn_3,ParkingCutIn,22204,-1,44,3701,1,2.82041,0.67311,4.19,1,1,1,outputs/gate6/snapshots/exact_town12_route10_route0_09_04_14_40_59/f022204.npz
route10,ParkingCutIn_3,ParkingCutIn,22208,-1,44,3701,1,2.6173,0.6729,3.89,1,1,1,outputs/gate6/snapshots/exact_town12_route10_route0_09_04_14_40_59/f022208.npz
route10,ParkingCutIn_3,ParkingCutIn,22212,-1,44,3701,1,2.63737,0.66795,3.948,1,1,1,outputs/gate6/snapshots/exact_town12_route10_route0_09_04_14_40_59/f022212.npz
route10,ParkingCutIn_3,ParkingCutIn,22216,-1,44,3701,1,2.78969,0.66733,4.18,1,1,1,outputs/gate6/snapshots/exact_town12_route10_route0_09_04_14_40_59/f022216.npz
route10,ParkingCutIn_3,ParkingCutIn,22220,-1,45,3701,1,3.14538,0.69235,4.543,1,1,1,outputs/gate6/snapshots/exact_town12_route10_route0_09_04_14_40_59/f022220.npz
route10,ParkingCutIn_3,ParkingCutIn,22224,-1,46,3701,1,3.39815,0.69148,4.914,1,1,1,outputs/gate6/snapshots/exact_town12_route10_route0_09_04_14_40_59/f022224.npz
route10,ParkingCutIn_3,ParkingCutIn,22228,-1,46,3701,1,3.54075,0.68747,5.15,1,1,1,outputs/gate6/snapshots/exact_town12_route10_route0_09_04_14_40_59/f022228.npz
route10,ParkingCutIn_3,ParkingCutIn,22232,-1,46,3701,1,3.75429,0.68697,5.465,1,1,1,outputs/gate6/snapshots/exact_town12_route10_route0_09_04_14_40_59/f022232.npz
route10,ParkingCutIn_3,ParkingCutIn,22236,-1,45,3701,1,3.79686,0.69708,5.447,1,1,1,outputs/gate6/snapshots/exact_town12_route10_route0_09_04_14_40_59/f022236.npz
route10,ParkingCutIn_3,ParkingCutIn,22240,-1,45,3701,1,3.52261,0.68171,5.167,1,1,1,outputs/gate6/snapshots/exact_town12_route10_route0_09_04_14_40_59/f022240.npz
route10,ParkingCutIn_3,ParkingCutIn,22244,-1,45,3701,1,3.35555,0.67967,4.937,1,1,1,outputs/gate6/snapshots/exact_town12_route10_route0_09_04_14_40_59/f022244.npz
route10,ParkingCutIn_3,ParkingCutIn,22248,-1,45,3701,1,3.29249,0.66608,4.943,1,1,1,outputs/gate6/snapshots/exact_town12_route10_route0_09_04_14_40_59/f022248.npz
route10,ParkingCutIn_3,ParkingCutIn,22252,-1,45,3701,1,3.14118,0.67698,4.64,1,1,1,outputs/gate6/snapshots/exact_town12_route10_route0_09_04_14_40_59/f022252.npz
route10,ParkingCutIn_3,ParkingCutIn,22256,-1,45,3701,1,3.08935,0.67657,4.566,1,1,1,outputs/gate6/snapshots/exact_town12_route10_route0_09_04_14_40_59/f022256.npz
route10,ParkingCutIn_3,ParkingCutIn,22260,-1,45,3701,1,3.04303,0.66272,4.592,1,1,1,outputs/gate6/snapshots/exact_town12_route10_route0_09_04_14_40_59/f022260.npz
route10,ParkingCutIn_3,ParkingCutIn,22264,-1,45,3701,1,2.7944,0.67756,4.124,1,1,1,outputs/gate6/snapshots/exact_town12_route10_route0_09_04_14_40_59/f022264.npz
route10,ParkingCutIn_3,ParkingCutIn,22268,-1,45,3701,1,2.76312,0.67034,4.122,1,1,1,outputs/gate6/snapshots/exact_town12_route10_route0_09_04_14_40_59/f022268.npz
route10,ParkingCutIn_3,ParkingCutIn,22272,-1,45,3701,1,2.78048,0.66427,4.186,1,1,1,outputs/gate6/snapshots/exact_town12_route10_route0_09_04_14_40_59/f022272.npz
route10,ParkingCutIn_3,ParkingCutIn,22276,-1,46,3701,1,2.74641,0.66003,4.161,1,1,1,outputs/gate6/snapshots/exact_town12_route10_route0_09_04_14_40_59/f022276.npz
route10,ParkingCutIn_3,ParkingCutIn,22280,-1,46,3701,1,2.82161,0.65498,4.308,1,1,1,outputs/gate6/snapshots/exact_town12_route10_route0_09_04_14_40_59/f022280.npz
route10,ParkingCutIn_3,ParkingCutIn,22284,-1,46,3701,1,2.7785,0.66376,4.186,1,1,1,outputs/gate6/snapshots/exact_town12_route10_route0_09_04_14_40_59/f022284.npz
route10,ParkingCutIn_3,ParkingCutIn,22288,-1,46,3701,1,2.64671,0.67144,3.942,1,1,1,outputs/gate6/snapshots/exact_town12_route10_route0_09_04_14_40_59/f022288.npz
route10,ParkingCutIn_3,ParkingCutIn,22292,-1,46,3701,1,2.82176,0.66148,4.266,1,1,1,outputs/gate6/snapshots/exact_town12_route10_route0_09_04_14_40_59/f022292.npz
route10,ParkingCutIn_3,ParkingCutIn,22296,-1,46,3701,1,3.06927,0.66005,4.65,1,1,1,outputs/gate6/snapshots/exact_town12_route10_route0_09_04_14_40_59/f022296.npz
route10,ParkingCutIn_3,ParkingCutIn,22300,-1,46,3701,1,3.32763,0.65079,5.113,1,1,1,outputs/gate6/snapshots/exact_town12_route10_route0_09_04_14_40_59/f022300.npz
route10,ParkingCutIn_3,ParkingCutIn,22304,-1,46,3701,1,3.38521,0.66299,5.106,1,1,1,outputs/gate6/snapshots/exact_town12_route10_route0_09_04_14_40_59/f022304.npz
route10,ParkingCutIn_3,ParkingCutIn,22308,-1,45,3701,1,3.40488,0.65905,5.166,1,1,1,outputs/gate6/snapshots/exact_town12_route10_route0_09_04_14_40_59/f022308.npz
route10,ParkingCutIn_3,ParkingCutIn,22312,-1,45,3701,1,3.53338,0.65644,5.383,1,1,1,outputs/gate6/snapshots/exact_town12_route10_route0_09_04_14_40_59/f022312.npz
route10,ParkingCutIn_3,ParkingCutIn,22316,-1,45,3701,1,3.67901,0.64246,5.726,1,1,1,outputs/gate6/snapshots/exact_town12_route10_route0_09_04_14_40_59/f022316.npz
route10,ParkingCutIn_3,ParkingCutIn,22320,-1,45,3701,1,3.92819,0.62737,6.261,1,1,1,outputs/gate6/snapshots/exact_town12_route10_route0_09_04_14_40_59/f022320.npz
route10,ParkingCutIn_3,ParkingCutIn,22324,-1,45,3701,1,3.99568,0.64204,6.223,1,1,1,outputs/gate6/snapshots/exact_town12_route10_route0_09_04_14_40_59/f022324.npz
route10,ParkingCutIn_3,ParkingCutIn,22328,-1,45,3701,1,4.06239,0.64145,6.333,1,1,1,outputs/gate6/snapshots/exact_town12_route10_route0_09_04_14_40_59/f022328.npz
route10,ParkingCutIn_3,ParkingCutIn,22332,-1,45,3701,1,4.07007,0.64088,6.351,1,1,1,outputs/gate6/snapshots/exact_town12_route10_route0_09_04_14_40_59/f022332.npz
route10,ParkingCutIn_3,ParkingCutIn,22336,-1,45,3701,1,3.93438,0.64422,6.107,1,1,1,outputs/gate6/snapshots/exact_town12_route10_route0_09_04_14_40_59/f022336.npz
route10,ParkingCutIn_3,ParkingCutIn,22340,-1,45,3701,1,3.76778,0.64926,5.803,1,1,1,outputs/gate6/snapshots/exact_town12_route10_route0_09_04_14_40_59/f022340.npz
route10,ParkingCutIn_3,ParkingCutIn,22344,-1,45,3701,1,3.37827,0.65712,5.141,1,1,1,outputs/gate6/snapshots/exact_town12_route10_route0_09_04_14_40_59/f022344.npz
route10,ParkingCutIn_3,ParkingCutIn,22348,-1,45,3701,1,2.84596,0.66359,4.289,1,1,1,outputs/gate6/snapshots/exact_town12_route10_route0_09_04_14_40_59/f022348.npz
route10,ParkingCutIn_3,ParkingCutIn,22352,-1,46,3701,1,2.34036,0.67933,3.445,1,1,1,outputs/gate6/snapshots/exact_town12_route10_route0_09_04_14_40_59/f022352.npz
route10,ParkingCutIn_3,ParkingCutIn,22356,-1,46,3701,1,2.20781,0.67847,3.254,1,1,1,outputs/gate6/snapshots/exact_town12_route10_route0_09_04_14_40_59/f022356.npz
route10,ParkingCutIn_3,ParkingCutIn,22360,-1,46,3701,1,2.09469,0.67923,3.084,1,1,1,outputs/gate6/snapshots/exact_town12_route10_route0_09_04_14_40_59/f022360.npz
route10,ParkingCutIn_3,ParkingCutIn,22364,-1,46,3701,1,1.8598,0.6808,2.732,1,1,1,outputs/gate6/snapshots/exact_town12_route10_route0_09_04_14_40_59/f022364.npz
route10,ParkingCutIn_3,ParkingCutIn,22368,-1,46,3701,1,1.76601,0.6822,2.589,1,1,1,outputs/gate6/snapshots/exact_town12_route10_route0_09_04_14_40_59/f022368.npz
route10,ParkingCutIn_3,ParkingCutIn,22372,-1,46,3701,1,1.7451,0.68105,2.562,1,1,1,outputs/gate6/snapshots/exact_town12_route10_route0_09_04_14_40_59/f022372.npz
route10,ParkingCutIn_3,ParkingCutIn,22376,-1,46,3701,1,1.74581,0.68339,2.555,1,1,1,outputs/gate6/snapshots/exact_town12_route10_route0_09_04_14_40_59/f022376.npz
route10,ParkingCutIn_3,ParkingCutIn,22380,-1,46,3701,1,1.8197,0.67038,2.714,1,1,1,outputs/gate6/snapshots/exact_town12_route10_route0_09_04_14_40_59/f022380.npz
route10,ParkingCutIn_3,ParkingCutIn,22384,-1,46,3701,1,1.83082,0.69074,2.651,1,1,1,outputs/gate6/snapshots/exact_town12_route10_route0_09_04_14_40_59/f022384.npz
route10,ParkingCutIn_3,ParkingCutIn,22388,-1,46,3701,1,1.89366,0.68805,2.752,1,1,1,outputs/gate6/snapshots/exact_town12_route10_route0_09_04_14_40_59/f022388.npz
route10,ParkingCutIn_3,ParkingCutIn,22392,-1,45,3701,1,1.81374,0.68512,2.647,1,1,1,outputs/gate6/snapshots/exact_town12_route10_route0_09_04_14_40_59/f022392.npz
route10,ParkingCutIn_3,ParkingCutIn,22396,-1,45,3701,1,1.99721,0.68625,2.91,1,1,1,outputs/gate6/snapshots/exact_town12_route10_route0_09_04_14_40_59/f022396.npz
route10,ParkingCutIn_3,ParkingCutIn,22400,-1,45,3701,1,2.20104,0.67875,3.243,1,1,1,outputs/gate6/snapshots/exact_town12_route10_route0_09_04_14_40_59/f022400.npz
route10,ParkingCutIn_3,ParkingCutIn,22404,-1,45,3701,1,2.30491,0.66702,3.456,1,1,1,outputs/gate6/snapshots/exact_town12_route10_route0_09_04_14_40_59/f022404.npz
route10,ParkingCutIn_3,ParkingCutIn,22408,-1,45,3701,1,2.37215,0.65378,3.628,1,1,1,outputs/gate6/snapshots/exact_town12_route10_route0_09_04_14_40_59/f022408.npz
route10,ParkingCutIn_3,ParkingCutIn,22412,-1,45,3701,1,2.38556,0.65364,3.65,1,1,1,outputs/gate6/snapshots/exact_town12_route10_route0_09_04_14_40_59/f022412.npz
route10,ParkingCutIn_3,ParkingCutIn,22416,-1,45,3701,1,2.47572,0.65586,3.775,1,1,1,outputs/gate6/snapshots/exact_town12_route10_route0_09_04_14_40_59/f022416.npz
route10,ParkingCutIn_3,ParkingCutIn,22420,-1,45,3701,1,2.72497,0.60311,4.518,1,1,1,outputs/gate6/snapshots/exact_town12_route10_route0_09_04_14_40_59/f022420.npz
route10,ParkingCutIn_3,ParkingCutIn,22424,-1,45,3701,1,2.74967,0.64294,4.277,1,1,1,outputs/gate6/snapshots/exact_town12_route10_route0_09_04_14_40_59/f022424.npz
route10,ParkingCutIn_3,ParkingCutIn,22428,-1,45,3701,1,2.81646,0.64126,4.392,1,1,1,outputs/gate6/snapshots/exact_town12_route10_route0_09_04_14_40_59/f022428.npz
route10,ParkingCutIn_3,ParkingCutIn,22432,-1,45,3701,1,2.81117,0.64563,4.354,1,1,1,outputs/gate6/snapshots/exact_town12_route10_route0_09_04_14_40_59/f022432.npz
route10,ParkingCutIn_3,ParkingCutIn,22436,-1,45,3701,1,2.79609,0.65336,4.28,1,1,1,outputs/gate6/snapshots/exact_town12_route10_route0_09_04_14_40_59/f022436.npz
route10,ParkingCutIn_3,ParkingCutIn,22440,-1,45,3701,1,2.73668,0.65729,4.164,1,1,1,outputs/gate6/snapshots/exact_town12_route10_route0_09_04_14_40_59/f022440.npz
route10,ParkingCutIn_3,ParkingCutIn,22444,-1,45,3701,1,2.65409,0.65785,4.034,1,1,1,outputs/gate6/snapshots/exact_town12_route10_route0_09_04_14_40_59/f022444.npz
route10,ParkingCutIn_3,ParkingCutIn,22448,-1,45,3701,1,2.60729,0.65404,3.986,1,1,1,outputs/gate6/snapshots/exact_town12_route10_route0_09_04_14_40_59/f022448.npz
route10,ParkingCutIn_3,ParkingCutIn,22452,-1,45,3701,1,2.59066,0.64912,3.991,1,1,1,outputs/gate6/snapshots/exact_town12_route10_route0_09_04_14_40_59/f022452.npz
route10,ParkingCutIn_3,ParkingCutIn,22456,-1,45,3701,1,2.58293,0.64461,4.007,1,1,1,outputs/gate6/snapshots/exact_town12_route10_route0_09_04_14_40_59/f022456.npz
route10,ParkingCutIn_3,ParkingCutIn,22460,-1,45,3701,1,2.56555,0.64439,3.981,1,1,1,outputs/gate6/snapshots/exact_town12_route10_route0_09_04_14_40_59/f022460.npz
route10,ParkingCutIn_3,ParkingCutIn,22464,-1,45,3701,1,2.54035,0.65004,3.908,1,1,1,outputs/gate6/snapshots/exact_town12_route10_route0_09_04_14_40_59/f022464.npz
route10,ParkingCutIn_3,ParkingCutIn,22468,-1,45,3701,1,2.52448,0.66026,3.823,1,1,1,outputs/gate6/snapshots/exact_town12_route10_route0_09_04_14_40_59/f022468.npz
route10,ParkingCutIn_3,ParkingCutIn,22472,-1,45,3701,1,2.86452,0.62876,4.556,1,1,1,outputs/gate6/snapshots/exact_town12_route10_route0_09_04_14_40_59/f022472.npz
route10,ParkingCutIn_3,ParkingCutIn,22476,-1,45,3701,1,4.16118,2.24902,1.85,1,1,1,outputs/gate6/snapshots/exact_town12_route10_route0_09_04_14_40_59/f022476.npz
route10,ParkingCutIn_3,ParkingCutIn,22480,-1,45,3701,1,4.4516,2.39152,1.861,1,1,1,outputs/gate6/snapshots/exact_town12_route10_route0_09_04_14_40_59/f022480.npz
route10,ParkingCutIn_3,ParkingCutIn,22484,-1,45,3701,1,4.30039,2.22455,1.933,1,1,1,outputs/gate6/snapshots/exact_town12_route10_route0_09_04_14_40_59/f022484.npz
route10,ParkingCutIn_3,ParkingCutIn,22488,-1,45,3701,1,4.71856,2.29316,2.058,1,1,1,outputs/gate6/snapshots/exact_town12_route10_route0_09_04_14_40_59/f022488.npz
route10,ParkingCutIn_3,ParkingCutIn,22492,-1,45,3701,1,5.06168,1.80302,2.807,1,1,1,outputs/gate6/snapshots/exact_town12_route10_route0_09_04_14_40_59/f022492.npz
route10,ParkingCutIn_3,ParkingCutIn,22496,-1,45,3701,1,4.99869,1.50625,3.319,1,1,1,outputs/gate6/snapshots/exact_town12_route10_route0_09_04_14_40_59/f022496.npz
route10,ParkingCutIn_3,ParkingCutIn,22500,-1,45,3701,1,4.86624,1.63243,2.981,1,1,1,outputs/gate6/snapshots/exact_town12_route10_route0_09_04_14_40_59/f022500.npz
route10,ParkingCutIn_3,ParkingCutIn,22504,-1,45,3701,1,4.74582,1.74123,2.726,1,1,1,outputs/gate6/snapshots/exact_town12_route10_route0_09_04_14_40_59/f022504.npz
route10,ParkingCutIn_3,ParkingCutIn,22508,-1,45,3701,1,4.55922,1.49551,3.049,1,1,1,outputs/gate6/snapshots/exact_town12_route10_route0_09_04_14_40_59/f022508.npz
route10,ParkingCutIn_3,ParkingCutIn,22512,-1,45,3701,1,4.55176,1.71123,2.66,1,1,1,outputs/gate6/snapshots/exact_town12_route10_route0_09_04_14_40_59/f022512.npz
route10,ParkingCutIn_4,ParkingCutIn,23184,-1,46,5015,10,2.00177,0.85031,2.354,1,1,1,outputs/gate6/snapshots/exact_town12_route10_route0_09_04_14_40_59/f023184.npz
route10,ParkingCutIn_4,ParkingCutIn,23188,-1,46,5015,10,2.01689,0.63227,3.19,1,1,1,outputs/gate6/snapshots/exact_town12_route10_route0_09_04_14_40_59/f023188.npz
route10,ParkingCutIn_4,ParkingCutIn,23192,-1,46,5015,10,1.43115,0.42413,3.374,1,1,1,outputs/gate6/snapshots/exact_town12_route10_route0_09_04_14_40_59/f023192.npz
route10,ParkingCutIn_4,ParkingCutIn,23196,-1,46,5015,10,1.649,0.43351,3.804,1,1,1,outputs/gate6/snapshots/exact_town12_route10_route0_09_04_14_40_59/f023196.npz
route10,ParkingCutIn_4,ParkingCutIn,23200,-1,45,5015,11,2.54612,0.42541,5.985,1,1,1,outputs/gate6/snapshots/exact_town12_route10_route0_09_04_14_40_59/f023200.npz
route10,ParkingCutIn_4,ParkingCutIn,23204,-1,46,5015,12,3.09649,0.25088,12.343,1,1,1,outputs/gate6/snapshots/exact_town12_route10_route0_09_04_14_40_59/f023204.npz
route10,ParkingCutIn_4,ParkingCutIn,23208,-1,46,5015,12,3.73936,0.39669,9.426,1,1,1,outputs/gate6/snapshots/exact_town12_route10_route0_09_04_14_40_59/f023208.npz
route10,ParkingCutIn_4,ParkingCutIn,23212,-1,44,5015,11,3.85036,0.2623,14.679,1,1,1,outputs/gate6/snapshots/exact_town12_route10_route0_09_04_14_40_59/f023212.npz
route10,ParkingCutIn_4,ParkingCutIn,23216,-1,44,5015,11,4.57942,0.23002,19.909,1,1,1,outputs/gate6/snapshots/exact_town12_route10_route0_09_04_14_40_59/f023216.npz
route10,ParkingCutIn_4,ParkingCutIn,23220,-1,44,5015,11,4.21175,0.2959,14.234,1,1,1,outputs/gate6/snapshots/exact_town12_route10_route0_09_04_14_40_59/f023220.npz
route10,ParkingCutIn_4,ParkingCutIn,23224,-1,45,5015,11,3.83135,0.31209,12.276,1,1,1,outputs/gate6/snapshots/exact_town12_route10_route0_09_04_14_40_59/f023224.npz
route10,ParkingCutIn_4,ParkingCutIn,23228,-1,45,5015,11,3.35355,0.18543,18.085,1,1,1,outputs/gate6/snapshots/exact_town12_route10_route0_09_04_14_40_59/f023228.npz
route10,ParkingCutIn_4,ParkingCutIn,23232,-1,44,5015,10,2.34763,0.17965,13.068,1,1,1,outputs/gate6/snapshots/exact_town12_route10_route0_09_04_14_40_59/f023232.npz
route10,ParkingCutIn_4,ParkingCutIn,23236,-1,44,5015,10,2.2198,0.23065,9.624,1,1,1,outputs/gate6/snapshots/exact_town12_route10_route0_09_04_14_40_59/f023236.npz
route10,ParkingCutIn_4,ParkingCutIn,23240,-1,43,5015,11,2.99965,0.23597,12.712,1,1,1,outputs/gate6/snapshots/exact_town12_route10_route0_09_04_14_40_59/f023240.npz
route10,ParkingCutIn_4,ParkingCutIn,23244,-1,45,5015,11,2.91068,0.28272,10.295,1,1,1,outputs/gate6/snapshots/exact_town12_route10_route0_09_04_14_40_59/f023244.npz
route10,ParkingCutIn_4,ParkingCutIn,23248,-1,45,5015,11,2.78619,0.39867,6.989,1,1,1,outputs/gate6/snapshots/exact_town12_route10_route0_09_04_14_40_59/f023248.npz
route10,ParkingCutIn_4,ParkingCutIn,23252,-1,45,5015,11,1.76353,0.21014,8.392,1,1,1,outputs/gate6/snapshots/exact_town12_route10_route0_09_04_14_40_59/f023252.npz
route10,ParkingCutIn_4,ParkingCutIn,23256,-1,46,5015,12,2.26366,0.26299,8.608,1,1,1,outputs/gate6/snapshots/exact_town12_route10_route0_09_04_14_40_59/f023256.npz
route10,ParkingCutIn_4,ParkingCutIn,23260,-1,45,5015,12,2.73216,0.2521,10.838,1,1,1,outputs/gate6/snapshots/exact_town12_route10_route0_09_04_14_40_59/f023260.npz
route10,ParkingCutIn_4,ParkingCutIn,23264,-1,45,5015,12,1.80115,0.14732,12.226,1,1,1,outputs/gate6/snapshots/exact_town12_route10_route0_09_04_14_40_59/f023264.npz
route10,ParkingCutIn_4,ParkingCutIn,23268,-1,46,5015,12,1.97861,0.10125,19.541,1,1,1,outputs/gate6/snapshots/exact_town12_route10_route0_09_04_14_40_59/f023268.npz
route10,ParkingCutIn_4,ParkingCutIn,23272,-1,45,5015,11,0.43018,0.0929,4.631,1,1,1,outputs/gate6/snapshots/exact_town12_route10_route0_09_04_14_40_59/f023272.npz
route10,ParkingCutIn_4,ParkingCutIn,23276,-1,43,5015,11,0.37365,0.09711,3.848,1,1,1,outputs/gate6/snapshots/exact_town12_route10_route0_09_04_14_40_59/f023276.npz
route10,ParkingCutIn_4,ParkingCutIn,23280,-1,46,5034,11,0.00799,0.00775,0.16,0,0,0,outputs/gate6/snapshots/exact_town12_route10_route0_09_04_14_40_59/f023280.npz
route10,ParkingCutIn_4,ParkingCutIn,23284,-1,46,5034,11,0.00324,0.00127,0.065,0,0,0,outputs/gate6/snapshots/exact_town12_route10_route0_09_04_14_40_59/f023284.npz
route10,ParkingCutIn_4,ParkingCutIn,23288,-1,46,5034,11,0.00326,0.00093,0.065,0,0,0,outputs/gate6/snapshots/exact_town12_route10_route0_09_04_14_40_59/f023288.npz
route10,ParkingCutIn_4,ParkingCutIn,23292,-1,46,5034,11,0.0034,0.00091,0.068,0,0,0,outputs/gate6/snapshots/exact_town12_route10_route0_09_04_14_40_59/f023292.npz
route10,ParkingCutIn_4,ParkingCutIn,23296,-1,46,5034,11,0.00291,0.00089,0.058,0,0,0,outputs/gate6/snapshots/exact_town12_route10_route0_09_04_14_40_59/f023296.npz
route10,ParkingCutIn_4,ParkingCutIn,23300,-1,45,5034,10,0.00147,0.00138,0.029,0,0,0,outputs/gate6/snapshots/exact_town12_route10_route0_09_04_14_40_59/f023300.npz
route10,ParkingCutIn_4,ParkingCutIn,23304,-1,45,5034,10,0.00197,0.00108,0.039,0,0,0,outputs/gate6/snapshots/exact_town12_route10_route0_09_04_14_40_59/f023304.npz
route10,ParkingCutIn_4,ParkingCutIn,23308,-1,45,5034,10,0.00486,0.00103,0.097,0,0,0,outputs/gate6/snapshots/exact_town12_route10_route0_09_04_14_40_59/f023308.npz
route10,ParkingCutIn_4,ParkingCutIn,23312,-1,46,5034,11,0.00595,0.00075,0.119,0,0,0,outputs/gate6/snapshots/exact_town12_route10_route0_09_04_14_40_59/f023312.npz
route10,ParkingCutIn_4,ParkingCutIn,23316,-1,46,5034,11,0.00721,0.00094,0.144,0,0,0,outputs/gate6/snapshots/exact_town12_route10_route0_09_04_14_40_59/f023316.npz
route10,ParkingCutIn_4,ParkingCutIn,23320,-1,46,5034,11,0.00437,0.00118,0.087,0,0,0,outputs/gate6/snapshots/exact_town12_route10_route0_09_04_14_40_59/f023320.npz
route10,ParkingCutIn_4,ParkingCutIn,23324,-1,46,5015,12,0.00144,0.00102,0.029,0,0,0,outputs/gate6/snapshots/exact_town12_route10_route0_09_04_14_40_59/f023324.npz
route10,ParkingCutIn_4,ParkingCutIn,23328,-1,46,5015,12,0.0012,0.00093,0.024,0,0,0,outputs/gate6/snapshots/exact_town12_route10_route0_09_04_14_40_59/f023328.npz
route10,ParkingCutIn_4,ParkingCutIn,23332,-1,46,5015,12,0.00133,0.00132,0.027,0,0,0,outputs/gate6/snapshots/exact_town12_route10_route0_09_04_14_40_59/f023332.npz
route10,ParkingCutIn_4,ParkingCutIn,23336,-1,46,5015,12,0.00137,0.00082,0.027,0,0,0,outputs/gate6/snapshots/exact_town12_route10_route0_09_04_14_40_59/f023336.npz
route10,ParkingCutIn_4,ParkingCutIn,23340,-1,46,5015,12,0.00126,0.00059,0.025,0,0,0,outputs/gate6/snapshots/exact_town12_route10_route0_09_04_14_40_59/f023340.npz
route10,ParkingCutIn_4,ParkingCutIn,23344,-1,46,5015,12,0.00101,0.0006,0.02,0,0,0,outputs/gate6/snapshots/exact_town12_route10_route0_09_04_14_40_59/f023344.npz
route10,ParkingCutIn_4,ParkingCutIn,23348,-1,46,5015,12,0.00089,0.00058,0.018,0,0,0,outputs/gate6/snapshots/exact_town12_route10_route0_09_04_14_40_59/f023348.npz
route10,ParkingCutIn_4,ParkingCutIn,23352,-1,46,5034,11,0.00067,0.0006,0.013,0,0,0,outputs/gate6/snapshots/exact_town12_route10_route0_09_04_14_40_59/f023352.npz
route10,ParkingCutIn_4,ParkingCutIn,23356,-1,46,5036,10,0.00113,0.00078,0.023,0,0,0,outputs/gate6/snapshots/exact_town12_route10_route0_09_04_14_40_59/f023356.npz
route10,ParkingCutIn_4,ParkingCutIn,23360,-1,46,5036,10,0.00113,0.00071,0.023,0,0,0,outputs/gate6/snapshots/exact_town12_route10_route0_09_04_14_40_59/f023360.npz
route10,ParkingCutIn_4,ParkingCutIn,23364,-1,46,5034,11,0.00196,0.00032,0.039,0,0,0,outputs/gate6/snapshots/exact_town12_route10_route0_09_04_14_40_59/f023364.npz
route10,ParkingCutIn_4,ParkingCutIn,23368,-1,46,5034,11,0.00214,0.00045,0.043,0,0,0,outputs/gate6/snapshots/exact_town12_route10_route0_09_04_14_40_59/f023368.npz
route10,ParkingCutIn_4,ParkingCutIn,23372,-1,46,5034,11,0.00253,0.00068,0.051,0,0,0,outputs/gate6/snapshots/exact_town12_route10_route0_09_04_14_40_59/f023372.npz
route10,ParkingCutIn_4,ParkingCutIn,23376,-1,46,5034,11,0.00283,0.00104,0.057,0,0,0,outputs/gate6/snapshots/exact_town12_route10_route0_09_04_14_40_59/f023376.npz
route10,ParkingCutIn_4,ParkingCutIn,23380,-1,47,5034,12,0.00295,0.00104,0.059,0,0,0,outputs/gate6/snapshots/exact_town12_route10_route0_09_04_14_40_59/f023380.npz
route10,ParkingCutIn_4,ParkingCutIn,23384,-1,47,5034,12,0.00223,0.00054,0.045,0,0,0,outputs/gate6/snapshots/exact_town12_route10_route0_09_04_14_40_59/f023384.npz
route10,ParkingCutIn_4,ParkingCutIn,23388,-1,48,5034,13,0.00297,0.00079,0.059,0,0,0,outputs/gate6/snapshots/exact_town12_route10_route0_09_04_14_40_59/f023388.npz
route10,ParkingCutIn_4,ParkingCutIn,23392,-1,48,5034,13,0.00303,0.00117,0.061,0,0,0,outputs/gate6/snapshots/exact_town12_route10_route0_09_04_14_40_59/f023392.npz
route10,ParkingCutIn_4,ParkingCutIn,23396,-1,48,5034,13,0.00212,0.00028,0.042,0,0,0,outputs/gate6/snapshots/exact_town12_route10_route0_09_04_14_40_59/f023396.npz
route10,ParkingCutIn_4,ParkingCutIn,23400,-1,48,5034,13,0.00212,0.0003,0.042,0,0,0,outputs/gate6/snapshots/exact_town12_route10_route0_09_04_14_40_59/f023400.npz
route10,ParkingCutIn_4,ParkingCutIn,23404,-1,48,5034,13,0.00227,0.00031,0.045,0,0,0,outputs/gate6/snapshots/exact_town12_route10_route0_09_04_14_40_59/f023404.npz
route10,ParkingCutIn_4,ParkingCutIn,23408,-1,48,5034,13,0.00232,0.00048,0.046,0,0,0,outputs/gate6/snapshots/exact_town12_route10_route0_09_04_14_40_59/f023408.npz
route10,ParkingCutIn_4,ParkingCutIn,23412,-1,48,5034,13,0.00233,0.00075,0.047,0,0,0,outputs/gate6/snapshots/exact_town12_route10_route0_09_04_14_40_59/f023412.npz
route10,ParkingCutIn_4,ParkingCutIn,23416,-1,48,5034,13,0.00224,0.00103,0.045,0,0,0,outputs/gate6/snapshots/exact_town12_route10_route0_09_04_14_40_59/f023416.npz
route10,ParkingCutIn_4,ParkingCutIn,23420,-1,48,5034,13,0.00222,0.00089,0.044,0,0,0,outputs/gate6/snapshots/exact_town12_route10_route0_09_04_14_40_59/f023420.npz
route10,ParkingCutIn_4,ParkingCutIn,23424,-1,48,5034,13,0.00222,0.00089,0.044,0,0,0,outputs/gate6/snapshots/exact_town12_route10_route0_09_04_14_40_59/f023424.npz
route10,ParkingCutIn_4,ParkingCutIn,23428,-1,49,5034,14,0.00222,0.00091,0.044,0,0,0,outputs/gate6/snapshots/exact_town12_route10_route0_09_04_14_40_59/f023428.npz
route10,ParkingCutIn_4,ParkingCutIn,23432,-1,49,5034,14,0.00224,0.00087,0.045,0,0,0,outputs/gate6/snapshots/exact_town12_route10_route0_09_04_14_40_59/f023432.npz
route10,ParkingCutIn_4,ParkingCutIn,23436,-1,49,5034,14,0.00214,0.00073,0.043,0,0,0,outputs/gate6/snapshots/exact_town12_route10_route0_09_04_14_40_59/f023436.npz
route10,ParkingCutIn_4,ParkingCutIn,23440,-1,49,5034,14,0.00254,0.00058,0.051,0,0,0,outputs/gate6/snapshots/exact_town12_route10_route0_09_04_14_40_59/f023440.npz
route10,ParkingCutIn_4,ParkingCutIn,23444,-1,49,5034,14,0.00289,0.00085,0.058,0,0,0,outputs/gate6/snapshots/exact_town12_route10_route0_09_04_14_40_59/f023444.npz
route10,ParkingCutIn_4,ParkingCutIn,23448,-1,49,5034,14,0.00299,0.0013,0.06,0,0,0,outputs/gate6/snapshots/exact_town12_route10_route0_09_04_14_40_59/f023448.npz
route10,ParkingCutIn_4,ParkingCutIn,23452,-1,49,5034,14,0.00294,0.00124,0.059,0,0,0,outputs/gate6/snapshots/exact_town12_route10_route0_09_04_14_40_59/f023452.npz
route10,ParkingCutIn_4,ParkingCutIn,23456,-1,49,5034,14,0.00133,0.00033,0.027,0,0,0,outputs/gate6/snapshots/exact_town12_route10_route0_09_04_14_40_59/f023456.npz
route10,ParkingCutIn_4,ParkingCutIn,23460,-1,49,5042,9,0.00133,0.00119,0.027,0,0,0,outputs/gate6/snapshots/exact_town12_route10_route0_09_04_14_40_59/f023460.npz
route10,ParkingCutIn_4,ParkingCutIn,23464,-1,49,5042,9,0.00174,0.0014,0.035,0,0,0,outputs/gate6/snapshots/exact_town12_route10_route0_09_04_14_40_59/f023464.npz
route10,ParkingCutIn_4,ParkingCutIn,23468,-1,49,5034,14,0.00115,0.00073,0.023,0,0,0,outputs/gate6/snapshots/exact_town12_route10_route0_09_04_14_40_59/f023468.npz
route10,ParkingCutIn_4,ParkingCutIn,23472,-1,49,5034,14,0.00211,0.00064,0.042,0,0,0,outputs/gate6/snapshots/exact_town12_route10_route0_09_04_14_40_59/f023472.npz
route10,ParkingCutIn_4,ParkingCutIn,23476,-1,49,5034,14,0.00206,0.0006,0.041,0,0,0,outputs/gate6/snapshots/exact_town12_route10_route0_09_04_14_40_59/f023476.npz
route10,ParkingCutIn_4,ParkingCutIn,23480,-1,49,5034,14,0.00244,0.00074,0.049,0,0,0,outputs/gate6/snapshots/exact_town12_route10_route0_09_04_14_40_59/f023480.npz
route10,ParkingCutIn_4,ParkingCutIn,23484,-1,49,5034,14,0.00244,0.00115,0.049,0,0,0,outputs/gate6/snapshots/exact_town12_route10_route0_09_04_14_40_59/f023484.npz
route10,ParkingCutIn_4,ParkingCutIn,23488,-1,49,5034,14,0.00195,0.00136,0.039,0,0,0,outputs/gate6/snapshots/exact_town12_route10_route0_09_04_14_40_59/f023488.npz
route10,ParkingCutIn_4,ParkingCutIn,23492,-1,49,5034,14,0.00206,0.00097,0.041,0,0,0,outputs/gate6/snapshots/exact_town12_route10_route0_09_04_14_40_59/f023492.npz
route10,ParkingCutIn_4,ParkingCutIn,23496,-1,49,5034,14,0.00192,0.00056,0.038,0,0,0,outputs/gate6/snapshots/exact_town12_route10_route0_09_04_14_40_59/f023496.npz
route10,ParkingCutIn_4,ParkingCutIn,23500,-1,49,5034,14,0.00185,0.00043,0.037,0,0,0,outputs/gate6/snapshots/exact_town12_route10_route0_09_04_14_40_59/f023500.npz
route10,ParkingCutIn_4,ParkingCutIn,23504,-1,49,5034,14,0.00177,0.00045,0.035,0,0,0,outputs/gate6/snapshots/exact_town12_route10_route0_09_04_14_40_59/f023504.npz
route10,ParkingCutIn_4,ParkingCutIn,23508,-1,49,5034,14,0.0017,0.00033,0.034,0,0,0,outputs/gate6/snapshots/exact_town12_route10_route0_09_04_14_40_59/f023508.npz
route10,ParkingCutIn_4,ParkingCutIn,23512,-1,49,5034,14,0.00172,0.00037,0.034,0,0,0,outputs/gate6/snapshots/exact_town12_route10_route0_09_04_14_40_59/f023512.npz
route10,ParkingCutIn_4,ParkingCutIn,23516,-1,49,5034,14,0.00171,0.00036,0.034,0,0,0,outputs/gate6/snapshots/exact_town12_route10_route0_09_04_14_40_59/f023516.npz
route10,ParkingCutIn_4,ParkingCutIn,23520,-1,49,5034,14,0.00174,0.00038,0.035,0,0,0,outputs/gate6/snapshots/exact_town12_route10_route0_09_04_14_40_59/f023520.npz
route10,ParkingCutIn_4,ParkingCutIn,23524,-1,49,5034,14,0.00177,0.00039,0.035,0,0,0,outputs/gate6/snapshots/exact_town12_route10_route0_09_04_14_40_59/f023524.npz
route10,ParkingCutIn_4,ParkingCutIn,23528,-1,50,5034,15,0.00177,0.00038,0.035,0,0,0,outputs/gate6/snapshots/exact_town12_route10_route0_09_04_14_40_59/f023528.npz
route10,ParkingCutIn_4,ParkingCutIn,23532,-1,50,5034,15,0.00165,0.00052,0.033,0,0,0,outputs/gate6/snapshots/exact_town12_route10_route0_09_04_14_40_59/f023532.npz
route10,ParkingCutIn_4,ParkingCutIn,23536,-1,50,5034,15,0.00164,0.00076,0.033,0,0,0,outputs/gate6/snapshots/exact_town12_route10_route0_09_04_14_40_59/f023536.npz
route10,ParkingCutIn_4,ParkingCutIn,23540,-1,50,5034,15,0.00171,0.00093,0.034,0,0,0,outputs/gate6/snapshots/exact_town12_route10_route0_09_04_14_40_59/f023540.npz
route10,ParkingCutIn_4,ParkingCutIn,23544,-1,49,5034,14,0.00176,0.00111,0.035,0,0,0,outputs/gate6/snapshots/exact_town12_route10_route0_09_04_14_40_59/f023544.npz
route10,ParkingCutIn_4,ParkingCutIn,23548,-1,49,5034,14,0.00198,0.00054,0.04,0,0,0,outputs/gate6/snapshots/exact_town12_route10_route0_09_04_14_40_59/f023548.npz
route10,ParkingCutIn_4,ParkingCutIn,23552,-1,49,5034,14,0.00197,0.00059,0.039,0,0,0,outputs/gate6/snapshots/exact_town12_route10_route0_09_04_14_40_59/f023552.npz
route10,ParkingCutIn_4,ParkingCutIn,23556,-1,49,5034,14,0.00195,0.00064,0.039,0,0,0,outputs/gate6/snapshots/exact_town12_route10_route0_09_04_14_40_59/f023556.npz
route10,ParkingCutIn_4,ParkingCutIn,23560,-1,49,5034,14,0.00186,0.00058,0.037,0,0,0,outputs/gate6/snapshots/exact_town12_route10_route0_09_04_14_40_59/f023560.npz
route10,ParkingCutIn_4,ParkingCutIn,23564,-1,49,5034,14,0.00185,0.0006,0.037,0,0,0,outputs/gate6/snapshots/exact_town12_route10_route0_09_04_14_40_59/f023564.npz
route10,ParkingCutIn_4,ParkingCutIn,23568,-1,49,5034,14,0.00186,0.0006,0.037,0,0,0,outputs/gate6/snapshots/exact_town12_route10_route0_09_04_14_40_59/f023568.npz
route10,ParkingCutIn_4,ParkingCutIn,23572,-1,49,5034,14,0.00184,0.00058,0.037,0,0,0,outputs/gate6/snapshots/exact_town12_route10_route0_09_04_14_40_59/f023572.npz
route10,ParkingCutIn_4,ParkingCutIn,23576,-1,49,5034,14,0.00183,0.00046,0.037,0,0,0,outputs/gate6/snapshots/exact_town12_route10_route0_09_04_14_40_59/f023576.npz
route10,ParkingCutIn_4,ParkingCutIn,23580,-1,49,5034,14,0.0019,0.00034,0.038,0,0,0,outputs/gate6/snapshots/exact_town12_route10_route0_09_04_14_40_59/f023580.npz
route10,ParkingCutIn_4,ParkingCutIn,23584,-1,49,5034,14,0.0019,0.00031,0.038,0,0,0,outputs/gate6/snapshots/exact_town12_route10_route0_09_04_14_40_59/f023584.npz
route10,ParkingCutIn_4,ParkingCutIn,23588,-1,49,5034,14,0.00191,0.00031,0.038,0,0,0,outputs/gate6/snapshots/exact_town12_route10_route0_09_04_14_40_59/f023588.npz
route10,ParkingCutIn_4,ParkingCutIn,23592,-1,49,5034,14,0.00193,0.00032,0.039,0,0,0,outputs/gate6/snapshots/exact_town12_route10_route0_09_04_14_40_59/f023592.npz
route10,ParkingCutIn_4,ParkingCutIn,23596,-1,50,5034,15,0.00186,0.00046,0.037,0,0,0,outputs/gate6/snapshots/exact_town12_route10_route0_09_04_14_40_59/f023596.npz
route10,ParkingCutIn_4,ParkingCutIn,23600,-1,50,5034,15,0.00173,0.00071,0.035,0,0,0,outputs/gate6/snapshots/exact_town12_route10_route0_09_04_14_40_59/f023600.npz
route10,ParkingCutIn_4,ParkingCutIn,23604,-1,50,5034,15,0.00182,0.00043,0.036,0,0,0,outputs/gate6/snapshots/exact_town12_route10_route0_09_04_14_40_59/f023604.npz
route10,ParkingCutIn_4,ParkingCutIn,23608,-1,50,5034,15,0.00179,0.0004,0.036,0,0,0,outputs/gate6/snapshots/exact_town12_route10_route0_09_04_14_40_59/f023608.npz
route10,ParkingCutIn_4,ParkingCutIn,23612,-1,50,5034,15,0.00184,0.0004,0.037,0,0,0,outputs/gate6/snapshots/exact_town12_route10_route0_09_04_14_40_59/f023612.npz
route10,ParkingCutIn_4,ParkingCutIn,23616,-1,50,5034,15,0.00184,0.00036,0.037,0,0,0,outputs/gate6/snapshots/exact_town12_route10_route0_09_04_14_40_59/f023616.npz
route10,ParkingCutIn_4,ParkingCutIn,23620,-1,50,5034,15,0.00184,0.00033,0.037,0,0,0,outputs/gate6/snapshots/exact_town12_route10_route0_09_04_14_40_59/f023620.npz
route10,ParkingCutIn_4,ParkingCutIn,23624,-1,49,5034,14,0.00182,0.00034,0.036,0,0,0,outputs/gate6/snapshots/exact_town12_route10_route0_09_04_14_40_59/f023624.npz
route10,ParkingCutIn_4,ParkingCutIn,23628,-1,49,5034,14,0.0018,0.00034,0.036,0,0,0,outputs/gate6/snapshots/exact_town12_route10_route0_09_04_14_40_59/f023628.npz
route10,ParkingCutIn_4,ParkingCutIn,23632,-1,49,5034,14,0.0018,0.00035,0.036,0,0,0,outputs/gate6/snapshots/exact_town12_route10_route0_09_04_14_40_59/f023632.npz
route10,ParkingCutIn_4,ParkingCutIn,23636,-1,49,5034,14,0.00181,0.00035,0.036,0,0,0,outputs/gate6/snapshots/exact_town12_route10_route0_09_04_14_40_59/f023636.npz
route10,ParkingCutIn_4,ParkingCutIn,23640,-1,49,5034,14,0.00179,0.00036,0.036,0,0,0,outputs/gate6/snapshots/exact_town12_route10_route0_09_04_14_40_59/f023640.npz
route10,ParkingCutIn_4,ParkingCutIn,23644,-1,49,5034,14,0.00177,0.00035,0.035,0,0,0,outputs/gate6/snapshots/exact_town12_route10_route0_09_04_14_40_59/f023644.npz
route10,ParkingCutIn_4,ParkingCutIn,23648,-1,49,5034,14,0.0017,0.00036,0.034,0,0,0,outputs/gate6/snapshots/exact_town12_route10_route0_09_04_14_40_59/f023648.npz
route10,ParkingCutIn_4,ParkingCutIn,23652,-1,49,5034,14,0.00168,0.00036,0.034,0,0,0,outputs/gate6/snapshots/exact_town12_route10_route0_09_04_14_40_59/f023652.npz
route10,ParkingCutIn_4,ParkingCutIn,23656,-1,49,5034,14,0.00173,0.00036,0.035,0,0,0,outputs/gate6/snapshots/exact_town12_route10_route0_09_04_14_40_59/f023656.npz
route10,ParkingCutIn_4,ParkingCutIn,23660,-1,49,5034,14,0.00179,0.00034,0.036,0,0,0,outputs/gate6/snapshots/exact_town12_route10_route0_09_04_14_40_59/f023660.npz
route10,ParkingCutIn_4,ParkingCutIn,23664,-1,49,5034,14,0.00183,0.00034,0.037,0,0,0,outputs/gate6/snapshots/exact_town12_route10_route0_09_04_14_40_59/f023664.npz
route10,ParkingCutIn_4,ParkingCutIn,23668,-1,49,5034,14,0.00183,0.00034,0.037,0,0,0,outputs/gate6/snapshots/exact_town12_route10_route0_09_04_14_40_59/f023668.npz
route10,ParkingCutIn_4,ParkingCutIn,23672,-1,49,5034,14,0.0019,0.00034,0.038,0,0,0,outputs/gate6/snapshots/exact_town12_route10_route0_09_04_14_40_59/f023672.npz
route10,ParkingCutIn_4,ParkingCutIn,23676,-1,49,5034,14,0.00187,0.00035,0.037,0,0,0,outputs/gate6/snapshots/exact_town12_route10_route0_09_04_14_40_59/f023676.npz
route10,ParkingCutIn_4,ParkingCutIn,23680,-1,49,5034,14,0.00192,0.00035,0.038,0,0,0,outputs/gate6/snapshots/exact_town12_route10_route0_09_04_14_40_59/f023680.npz
route10,ParkingCutIn_4,ParkingCutIn,23684,-1,48,5034,13,0.00191,0.00039,0.038,0,0,0,outputs/gate6/snapshots/exact_town12_route10_route0_09_04_14_40_59/f023684.npz
route10,ParkingCutIn_4,ParkingCutIn,23688,-1,48,5034,13,0.00192,0.00041,0.038,0,0,0,outputs/gate6/snapshots/exact_town12_route10_route0_09_04_14_40_59/f023688.npz
route10,ParkingCutIn_4,ParkingCutIn,23692,-1,48,5034,13,0.00192,0.00042,0.038,0,0,0,outputs/gate6/snapshots/exact_town12_route10_route0_09_04_14_40_59/f023692.npz
route10,ParkingCutIn_4,ParkingCutIn,23696,-1,48,5034,13,0.0019,0.00044,0.038,0,0,0,outputs/gate6/snapshots/exact_town12_route10_route0_09_04_14_40_59/f023696.npz
route10,ParkingCutIn_4,ParkingCutIn,23700,-1,48,5034,13,0.00186,0.00045,0.037,0,0,0,outputs/gate6/snapshots/exact_town12_route10_route0_09_04_14_40_59/f023700.npz
route10,ParkingCutIn_4,ParkingCutIn,23704,-1,48,5034,13,0.00182,0.00046,0.036,0,0,0,outputs/gate6/snapshots/exact_town12_route10_route0_09_04_14_40_59/f023704.npz
route10,ParkingCutIn_4,ParkingCutIn,23708,-1,48,5034,13,0.00183,0.00047,0.037,0,0,0,outputs/gate6/snapshots/exact_town12_route10_route0_09_04_14_40_59/f023708.npz
route10,ParkingCutIn_4,ParkingCutIn,23712,-1,48,5034,13,0.00183,0.00048,0.037,0,0,0,outputs/gate6/snapshots/exact_town12_route10_route0_09_04_14_40_59/f023712.npz
route10,ParkingCutIn_4,ParkingCutIn,23716,-1,48,5034,13,0.00175,0.00049,0.035,0,0,0,outputs/gate6/snapshots/exact_town12_route10_route0_09_04_14_40_59/f023716.npz
route10,ParkingCutIn_4,ParkingCutIn,23720,-1,48,5034,13,0.00172,0.00048,0.034,0,0,0,outputs/gate6/snapshots/exact_town12_route10_route0_09_04_14_40_59/f023720.npz
route10,ParkingCutIn_4,ParkingCutIn,23724,-1,48,5034,13,0.00172,0.00045,0.034,0,0,0,outputs/gate6/snapshots/exact_town12_route10_route0_09_04_14_40_59/f023724.npz
route10,ParkingCutIn_4,ParkingCutIn,23728,-1,48,5034,13,0.00174,0.00044,0.035,0,0,0,outputs/gate6/snapshots/exact_town12_route10_route0_09_04_14_40_59/f023728.npz
route10,ParkingCutIn_4,ParkingCutIn,23732,-1,48,5034,13,0.00166,0.00048,0.033,0,0,0,outputs/gate6/snapshots/exact_town12_route10_route0_09_04_14_40_59/f023732.npz
route10,ParkingCutIn_4,ParkingCutIn,23736,-1,48,5034,13,0.00142,0.00056,0.028,0,0,0,outputs/gate6/snapshots/exact_town12_route10_route0_09_04_14_40_59/f023736.npz
route10,ParkingCutIn_4,ParkingCutIn,23740,-1,48,5034,13,0.00119,0.00061,0.024,0,0,0,outputs/gate6/snapshots/exact_town12_route10_route0_09_04_14_40_59/f023740.npz
route10,ParkingCutIn_4,ParkingCutIn,23744,-1,48,5034,13,0.00117,0.00068,0.023,0,0,0,outputs/gate6/snapshots/exact_town12_route10_route0_09_04_14_40_59/f023744.npz
route10,ParkingCutIn_4,ParkingCutIn,23748,-1,48,5034,13,0.00126,0.00064,0.025,0,0,0,outputs/gate6/snapshots/exact_town12_route10_route0_09_04_14_40_59/f023748.npz
route10,ParkingCutIn_4,ParkingCutIn,23752,-1,48,5034,13,0.00132,0.00052,0.026,0,0,0,outputs/gate6/snapshots/exact_town12_route10_route0_09_04_14_40_59/f023752.npz
route10,ParkingCutIn_4,ParkingCutIn,23756,-1,48,5034,13,0.00139,0.00052,0.028,0,0,0,outputs/gate6/snapshots/exact_town12_route10_route0_09_04_14_40_59/f023756.npz
route10,ParkingCutIn_4,ParkingCutIn,23760,-1,48,5034,13,0.0016,0.00049,0.032,0,0,0,outputs/gate6/snapshots/exact_town12_route10_route0_09_04_14_40_59/f023760.npz
route10,ParkingCutIn_4,ParkingCutIn,23764,-1,48,5034,13,0.00171,0.00046,0.034,0,0,0,outputs/gate6/snapshots/exact_town12_route10_route0_09_04_14_40_59/f023764.npz
route10,ParkingCutIn_4,ParkingCutIn,23768,-1,48,5034,13,0.00178,0.00045,0.036,0,0,0,outputs/gate6/snapshots/exact_town12_route10_route0_09_04_14_40_59/f023768.npz
route10,ParkingCutIn_4,ParkingCutIn,23772,-1,48,5034,13,0.0018,0.00046,0.036,0,0,0,outputs/gate6/snapshots/exact_town12_route10_route0_09_04_14_40_59/f023772.npz
route10,ParkingCutIn_4,ParkingCutIn,23776,-1,48,5034,13,0.00182,0.00046,0.036,0,0,0,outputs/gate6/snapshots/exact_town12_route10_route0_09_04_14_40_59/f023776.npz
route10,ParkingCutIn_4,ParkingCutIn,23780,-1,49,5034,14,0.00193,0.00058,0.039,0,0,0,outputs/gate6/snapshots/exact_town12_route10_route0_09_04_14_40_59/f023780.npz
route10,ParkingCutIn_4,ParkingCutIn,23784,-1,49,5034,14,0.00195,0.00058,0.039,0,0,0,outputs/gate6/snapshots/exact_town12_route10_route0_09_04_14_40_59/f023784.npz
route10,ParkingCutIn_4,ParkingCutIn,23788,-1,49,5034,14,0.00195,0.00056,0.039,0,0,0,outputs/gate6/snapshots/exact_town12_route10_route0_09_04_14_40_59/f023788.npz
route10,ParkingCutIn_4,ParkingCutIn,23792,-1,49,5034,14,0.00194,0.00067,0.039,0,0,0,outputs/gate6/snapshots/exact_town12_route10_route0_09_04_14_40_59/f023792.npz
route10,ParkingCutIn_4,ParkingCutIn,23796,-1,49,5034,14,0.00192,0.00081,0.038,0,0,0,outputs/gate6/snapshots/exact_town12_route10_route0_09_04_14_40_59/f023796.npz
route10,ParkingCutIn_4,ParkingCutIn,23800,-1,49,5034,14,0.00186,0.00091,0.037,0,0,0,outputs/gate6/snapshots/exact_town12_route10_route0_09_04_14_40_59/f023800.npz
route10,ParkingCutIn_4,ParkingCutIn,23804,-1,49,5034,14,0.00174,0.0009,0.035,0,0,0,outputs/gate6/snapshots/exact_town12_route10_route0_09_04_14_40_59/f023804.npz
route10,ParkingCutIn_4,ParkingCutIn,23808,-1,49,5034,14,0.00158,0.00083,0.032,0,0,0,outputs/gate6/snapshots/exact_town12_route10_route0_09_04_14_40_59/f023808.npz
route10,ParkingCutIn_4,ParkingCutIn,23812,-1,49,5034,14,0.00159,0.00072,0.032,0,0,0,outputs/gate6/snapshots/exact_town12_route10_route0_09_04_14_40_59/f023812.npz
route10,ParkingCutIn_4,ParkingCutIn,23816,-1,49,5034,14,0.00167,0.00062,0.033,0,0,0,outputs/gate6/snapshots/exact_town12_route10_route0_09_04_14_40_59/f023816.npz
route10,ParkingCutIn_4,ParkingCutIn,23820,-1,49,5034,14,0.00172,0.00047,0.034,0,0,0,outputs/gate6/snapshots/exact_town12_route10_route0_09_04_14_40_59/f023820.npz
route10,ParkingCutIn_4,ParkingCutIn,23824,-1,49,5034,14,0.00174,0.00043,0.035,0,0,0,outputs/gate6/snapshots/exact_town12_route10_route0_09_04_14_40_59/f023824.npz
route10,ParkingCutIn_4,ParkingCutIn,23828,-1,49,5034,14,0.00175,0.00045,0.035,0,0,0,outputs/gate6/snapshots/exact_town12_route10_route0_09_04_14_40_59/f023828.npz
route10,ParkingCutIn_4,ParkingCutIn,23832,-1,49,5034,14,0.00182,0.00046,0.036,0,0,0,outputs/gate6/snapshots/exact_town12_route10_route0_09_04_14_40_59/f023832.npz
route10,ParkingCutIn_4,ParkingCutIn,23836,-1,49,5034,14,0.00184,0.00045,0.037,0,0,0,outputs/gate6/snapshots/exact_town12_route10_route0_09_04_14_40_59/f023836.npz
route10,ParkingCutIn_4,ParkingCutIn,23840,-1,49,5034,14,0.00174,0.00045,0.035,0,0,0,outputs/gate6/snapshots/exact_town12_route10_route0_09_04_14_40_59/f023840.npz
route10,ParkingCutIn_4,ParkingCutIn,23844,-1,49,5034,14,0.00172,0.00044,0.034,0,0,0,outputs/gate6/snapshots/exact_town12_route10_route0_09_04_14_40_59/f023844.npz
route10,ParkingCutIn_4,ParkingCutIn,23848,-1,49,5034,14,0.0018,0.0004,0.036,0,0,0,outputs/gate6/snapshots/exact_town12_route10_route0_09_04_14_40_59/f023848.npz
route10,ParkingCutIn_4,ParkingCutIn,23852,-1,49,5034,14,0.00181,0.0004,0.036,0,0,0,outputs/gate6/snapshots/exact_town12_route10_route0_09_04_14_40_59/f023852.npz
route10,ParkingCutIn_4,ParkingCutIn,23856,-1,49,5034,14,0.00192,0.00049,0.038,0,0,0,outputs/gate6/snapshots/exact_town12_route10_route0_09_04_14_40_59/f023856.npz
route10,ParkingCutIn_4,ParkingCutIn,23860,-1,49,5034,14,0.00192,0.0006,0.038,0,0,0,outputs/gate6/snapshots/exact_town12_route10_route0_09_04_14_40_59/f023860.npz
route10,ParkingCutIn_4,ParkingCutIn,23864,-1,49,5034,14,0.00197,0.0009,0.039,0,0,0,outputs/gate6/snapshots/exact_town12_route10_route0_09_04_14_40_59/f023864.npz
route10,ParkingCutIn_4,ParkingCutIn,23868,-1,49,5034,14,0.00199,0.00096,0.04,0,0,0,outputs/gate6/snapshots/exact_town12_route10_route0_09_04_14_40_59/f023868.npz
route10,ParkingCutIn_4,ParkingCutIn,23872,-1,50,5034,15,0.00212,0.00115,0.042,0,0,0,outputs/gate6/snapshots/exact_town12_route10_route0_09_04_14_40_59/f023872.npz
route10,ParkingCutIn_4,ParkingCutIn,23876,-1,49,5034,15,0.00223,0.00126,0.045,0,0,0,outputs/gate6/snapshots/exact_town12_route10_route0_09_04_14_40_59/f023876.npz
route10,ParkingCutIn_4,ParkingCutIn,23880,-1,49,5034,15,0.00221,0.00122,0.044,0,0,0,outputs/gate6/snapshots/exact_town12_route10_route0_09_04_14_40_59/f023880.npz
route10,ParkingCutIn_4,ParkingCutIn,23884,-1,49,5034,15,0.00207,0.00098,0.041,0,0,0,outputs/gate6/snapshots/exact_town12_route10_route0_09_04_14_40_59/f023884.npz
route10,ParkingCutIn_4,ParkingCutIn,23888,-1,49,5034,15,0.00204,0.00073,0.041,0,0,0,outputs/gate6/snapshots/exact_town12_route10_route0_09_04_14_40_59/f023888.npz
route10,ParkingCutIn_4,ParkingCutIn,23892,-1,49,5034,15,0.00194,0.00091,0.039,0,0,0,outputs/gate6/snapshots/exact_town12_route10_route0_09_04_14_40_59/f023892.npz
route10,ParkingCutIn_4,ParkingCutIn,23896,-1,49,5034,15,0.00183,0.00111,0.037,0,0,0,outputs/gate6/snapshots/exact_town12_route10_route0_09_04_14_40_59/f023896.npz
route10,ParkingCutIn_4,ParkingCutIn,23900,-1,49,5034,15,0.00169,0.00121,0.034,0,0,0,outputs/gate6/snapshots/exact_town12_route10_route0_09_04_14_40_59/f023900.npz
route10,ParkingCutIn_4,ParkingCutIn,23904,-1,49,5034,15,0.00148,0.00124,0.03,0,0,0,outputs/gate6/snapshots/exact_town12_route10_route0_09_04_14_40_59/f023904.npz
route10,ParkingCutIn_4,ParkingCutIn,23908,-1,49,5034,15,0.00138,0.00123,0.028,0,0,0,outputs/gate6/snapshots/exact_town12_route10_route0_09_04_14_40_59/f023908.npz
route10,ParkingCutIn_4,ParkingCutIn,23912,-1,49,5034,15,0.00131,0.00117,0.026,0,0,0,outputs/gate6/snapshots/exact_town12_route10_route0_09_04_14_40_59/f023912.npz
route10,ParkingCutIn_4,ParkingCutIn,23916,-1,49,5034,15,0.0012,0.00108,0.024,0,0,0,outputs/gate6/snapshots/exact_town12_route10_route0_09_04_14_40_59/f023916.npz
route10,ParkingCutIn_4,ParkingCutIn,23920,-1,49,5034,15,0.00115,0.001,0.023,0,0,0,outputs/gate6/snapshots/exact_town12_route10_route0_09_04_14_40_59/f023920.npz
route10,ParkingCutIn_4,ParkingCutIn,23924,-1,49,5034,15,0.0012,0.00089,0.024,0,0,0,outputs/gate6/snapshots/exact_town12_route10_route0_09_04_14_40_59/f023924.npz
route10,ParkingCutIn_4,ParkingCutIn,23928,-1,49,5034,15,0.0013,0.00068,0.026,0,0,0,outputs/gate6/snapshots/exact_town12_route10_route0_09_04_14_40_59/f023928.npz
route10,ParkingCutIn_4,ParkingCutIn,23932,-1,49,5034,15,0.00154,0.00113,0.031,0,0,0,outputs/gate6/snapshots/exact_town12_route10_route0_09_04_14_40_59/f023932.npz
route10,ParkingCutIn_4,ParkingCutIn,23936,-1,49,5034,15,0.0017,0.00137,0.034,0,0,0,outputs/gate6/snapshots/exact_town12_route10_route0_09_04_14_40_59/f023936.npz
route10,ParkingCutIn_4,ParkingCutIn,23940,-1,48,5034,15,0.00193,0.00126,0.039,0,0,0,outputs/gate6/snapshots/exact_town12_route10_route0_09_04_14_40_59/f023940.npz
route10,ParkingCutIn_4,ParkingCutIn,23944,-1,48,5034,15,0.00191,0.00106,0.038,0,0,0,outputs/gate6/snapshots/exact_town12_route10_route0_09_04_14_40_59/f023944.npz
route10,ParkingCutIn_4,ParkingCutIn,23948,-1,48,5034,15,0.00186,0.00077,0.037,0,0,0,outputs/gate6/snapshots/exact_town12_route10_route0_09_04_14_40_59/f023948.npz
route10,ParkingCutIn_4,ParkingCutIn,23952,-1,48,5034,15,0.00174,0.00051,0.035,0,0,0,outputs/gate6/snapshots/exact_town12_route10_route0_09_04_14_40_59/f023952.npz
route10,ParkingCutIn_4,ParkingCutIn,23956,-1,48,5034,15,0.00165,0.00043,0.033,0,0,0,outputs/gate6/snapshots/exact_town12_route10_route0_09_04_14_40_59/f023956.npz
route10,ParkingCutIn_4,ParkingCutIn,23960,-1,48,5034,15,0.00153,0.00065,0.031,0,0,0,outputs/gate6/snapshots/exact_town12_route10_route0_09_04_14_40_59/f023960.npz
route10,ParkingCutIn_4,ParkingCutIn,23964,-1,48,5034,15,0.00142,0.00092,0.028,0,0,0,outputs/gate6/snapshots/exact_town12_route10_route0_09_04_14_40_59/f023964.npz
route10,ParkingCutIn_4,ParkingCutIn,23968,-1,49,5034,16,0.00134,0.00114,0.027,0,0,0,outputs/gate6/snapshots/exact_town12_route10_route0_09_04_14_40_59/f023968.npz
route10,ParkingCutIn_4,ParkingCutIn,23972,-1,49,5034,16,0.00131,0.00123,0.026,0,0,0,outputs/gate6/snapshots/exact_town12_route10_route0_09_04_14_40_59/f023972.npz
route10,ParkingCutIn_4,ParkingCutIn,23976,-1,49,5047,9,0.00128,0.00123,0.026,0,0,0,outputs/gate6/snapshots/exact_town12_route10_route0_09_04_14_40_59/f023976.npz
route10,ParkingCutIn_4,ParkingCutIn,23980,-1,49,5047,9,0.00138,0.00123,0.028,0,0,0,outputs/gate6/snapshots/exact_town12_route10_route0_09_04_14_40_59/f023980.npz
route10,ParkingCutIn_4,ParkingCutIn,23984,-1,49,5047,9,0.00129,0.00122,0.026,0,0,0,outputs/gate6/snapshots/exact_town12_route10_route0_09_04_14_40_59/f023984.npz
route10,ParkingCutIn_4,ParkingCutIn,23988,-1,49,5034,16,0.00133,0.00112,0.027,0,0,0,outputs/gate6/snapshots/exact_town12_route10_route0_09_04_14_40_59/f023988.npz
route10,ParkingCutIn_4,ParkingCutIn,23992,-1,49,5034,16,0.00139,0.00096,0.028,0,0,0,outputs/gate6/snapshots/exact_town12_route10_route0_09_04_14_40_59/f023992.npz
route10,ParkingCutIn_4,ParkingCutIn,23996,-1,49,5034,16,0.00146,0.00079,0.029,0,0,0,outputs/gate6/snapshots/exact_town12_route10_route0_09_04_14_40_59/f023996.npz
route10,ParkingCutIn_4,ParkingCutIn,24000,-1,49,5034,16,0.00157,0.00064,0.031,0,0,0,outputs/gate6/snapshots/exact_town12_route10_route0_09_04_14_40_59/f024000.npz
route10,ParkingCutIn_4,ParkingCutIn,24004,-1,49,5034,16,0.00159,0.0005,0.032,0,0,0,outputs/gate6/snapshots/exact_town12_route10_route0_09_04_14_40_59/f024004.npz
route10,ParkingCutIn_4,ParkingCutIn,24008,-1,49,5034,16,0.00163,0.00039,0.033,0,0,0,outputs/gate6/snapshots/exact_town12_route10_route0_09_04_14_40_59/f024008.npz
route10,ParkingCutIn_4,ParkingCutIn,24012,-1,49,5034,16,0.0017,0.00037,0.034,0,0,0,outputs/gate6/snapshots/exact_town12_route10_route0_09_04_14_40_59/f024012.npz
route10,ParkingCutIn_4,ParkingCutIn,24016,-1,49,5034,16,0.00174,0.00037,0.035,0,0,0,outputs/gate6/snapshots/exact_town12_route10_route0_09_04_14_40_59/f024016.npz
route10,ParkingCutIn_4,ParkingCutIn,24020,-1,49,5034,16,0.00178,0.00037,0.036,0,0,0,outputs/gate6/snapshots/exact_town12_route10_route0_09_04_14_40_59/f024020.npz
route10,ParkingCutIn_4,ParkingCutIn,24024,-1,49,5034,16,0.00178,0.00036,0.036,0,0,0,outputs/gate6/snapshots/exact_town12_route10_route0_09_04_14_40_59/f024024.npz
route10,ParkingCutIn_4,ParkingCutIn,24028,-1,49,5034,16,0.0018,0.00036,0.036,0,0,0,outputs/gate6/snapshots/exact_town12_route10_route0_09_04_14_40_59/f024028.npz
route10,ParkingCutIn_4,ParkingCutIn,24032,-1,49,5034,16,0.00184,0.00036,0.037,0,0,0,outputs/gate6/snapshots/exact_town12_route10_route0_09_04_14_40_59/f024032.npz
route10,ParkingCutIn_4,ParkingCutIn,24036,-1,49,5034,16,0.00184,0.00036,0.037,0,0,0,outputs/gate6/snapshots/exact_town12_route10_route0_09_04_14_40_59/f024036.npz
route10,ParkingCutIn_4,ParkingCutIn,24040,-1,49,5034,16,0.00184,0.00036,0.037,0,0,0,outputs/gate6/snapshots/exact_town12_route10_route0_09_04_14_40_59/f024040.npz
route10,ParkingCutIn_4,ParkingCutIn,24044,-1,49,5034,16,0.00185,0.00036,0.037,0,0,0,outputs/gate6/snapshots/exact_town12_route10_route0_09_04_14_40_59/f024044.npz
route10,ParkingCutIn_4,ParkingCutIn,24048,-1,49,5034,16,0.00187,0.00035,0.037,0,0,0,outputs/gate6/snapshots/exact_town12_route10_route0_09_04_14_40_59/f024048.npz
route10,ParkingCutIn_4,ParkingCutIn,24052,-1,49,5034,16,0.00187,0.00035,0.037,0,0,0,outputs/gate6/snapshots/exact_town12_route10_route0_09_04_14_40_59/f024052.npz
route10,ParkingCutIn_4,ParkingCutIn,24056,-1,49,5034,16,0.00187,0.00035,0.037,0,0,0,outputs/gate6/snapshots/exact_town12_route10_route0_09_04_14_40_59/f024056.npz
route10,ParkingCutIn_4,ParkingCutIn,24060,-1,49,5034,16,0.00187,0.00035,0.037,0,0,0,outputs/gate6/snapshots/exact_town12_route10_route0_09_04_14_40_59/f024060.npz
route10,ParkingCutIn_4,ParkingCutIn,24064,-1,49,5034,16,0.00187,0.00035,0.037,0,0,0,outputs/gate6/snapshots/exact_town12_route10_route0_09_04_14_40_59/f024064.npz
route10,ParkingCutIn_4,ParkingCutIn,24068,-1,49,5034,16,0.00187,0.00035,0.037,0,0,0,outputs/gate6/snapshots/exact_town12_route10_route0_09_04_14_40_59/f024068.npz
route10,ParkingCutIn_4,ParkingCutIn,24072,-1,49,5034,16,0.00187,0.00035,0.037,0,0,0,outputs/gate6/snapshots/exact_town12_route10_route0_09_04_14_40_59/f024072.npz
route10,ParkingCutIn_4,ParkingCutIn,24076,-1,49,5034,16,0.00187,0.00035,0.037,0,0,0,outputs/gate6/snapshots/exact_town12_route10_route0_09_04_14_40_59/f024076.npz
route10,ParkingCutIn_4,ParkingCutIn,24080,-1,49,5034,16,0.00187,0.00035,0.037,0,0,0,outputs/gate6/snapshots/exact_town12_route10_route0_09_04_14_40_59/f024080.npz
route10,ParkingCutIn_4,ParkingCutIn,24084,-1,49,5034,16,0.00187,0.00035,0.037,0,0,0,outputs/gate6/snapshots/exact_town12_route10_route0_09_04_14_40_59/f024084.npz
route10,ParkingCutIn_4,ParkingCutIn,24088,-1,49,5034,16,0.00187,0.00035,0.037,0,0,0,outputs/gate6/snapshots/exact_town12_route10_route0_09_04_14_40_59/f024088.npz
route10,ParkingCutIn_4,ParkingCutIn,24092,-1,49,5034,16,0.00187,0.00035,0.037,0,0,0,outputs/gate6/snapshots/exact_town12_route10_route0_09_04_14_40_59/f024092.npz
route10,ParkingCutIn_4,ParkingCutIn,24096,-1,49,5034,16,0.00187,0.00035,0.037,0,0,0,outputs/gate6/snapshots/exact_town12_route10_route0_09_04_14_40_59/f024096.npz
route10,ParkingCutIn_4,ParkingCutIn,24100,-1,49,5034,16,0.00187,0.00035,0.037,0,0,0,outputs/gate6/snapshots/exact_town12_route10_route0_09_04_14_40_59/f024100.npz
route10,ParkingCutIn_4,ParkingCutIn,24104,-1,49,5034,16,0.00187,0.00035,0.037,0,0,0,outputs/gate6/snapshots/exact_town12_route10_route0_09_04_14_40_59/f024104.npz
route10,ParkingCutIn_4,ParkingCutIn,24108,-1,49,5034,16,0.00187,0.00035,0.037,0,0,0,outputs/gate6/snapshots/exact_town12_route10_route0_09_04_14_40_59/f024108.npz
route10,ParkingCutIn_4,ParkingCutIn,24112,-1,49,5034,16,0.00187,0.00035,0.037,0,0,0,outputs/gate6/snapshots/exact_town12_route10_route0_09_04_14_40_59/f024112.npz
route10,ParkingCutIn_4,ParkingCutIn,24116,-1,49,5034,16,0.00187,0.00035,0.037,0,0,0,outputs/gate6/snapshots/exact_town12_route10_route0_09_04_14_40_59/f024116.npz
route10,ParkingCutIn_4,ParkingCutIn,24120,-1,49,5034,16,0.00187,0.00035,0.037,0,0,0,outputs/gate6/snapshots/exact_town12_route10_route0_09_04_14_40_59/f024120.npz
route10,ParkingCutIn_4,ParkingCutIn,24124,-1,49,5034,16,0.00187,0.00035,0.037,0,0,0,outputs/gate6/snapshots/exact_town12_route10_route0_09_04_14_40_59/f024124.npz
route10,ParkingCutIn_4,ParkingCutIn,24128,-1,49,5034,16,0.00187,0.00035,0.037,0,0,0,outputs/gate6/snapshots/exact_town12_route10_route0_09_04_14_40_59/f024128.npz
route10,ParkingCutIn_4,ParkingCutIn,24132,-1,49,5034,16,0.00187,0.00035,0.037,0,0,0,outputs/gate6/snapshots/exact_town12_route10_route0_09_04_14_40_59/f024132.npz
route10,ParkingCutIn_4,ParkingCutIn,24136,-1,49,5034,16,0.00187,0.00035,0.037,0,0,0,outputs/gate6/snapshots/exact_town12_route10_route0_09_04_14_40_59/f024136.npz
route10,ParkingCutIn_4,ParkingCutIn,24140,-1,49,5034,16,0.00187,0.00035,0.037,0,0,0,outputs/gate6/snapshots/exact_town12_route10_route0_09_04_14_40_59/f024140.npz
route10,ParkingCutIn_4,ParkingCutIn,24144,-1,49,5034,16,0.00187,0.00035,0.037,0,0,0,outputs/gate6/snapshots/exact_town12_route10_route0_09_04_14_40_59/f024144.npz
route10,ParkingCutIn_4,ParkingCutIn,24148,-1,49,5034,16,0.00187,0.00035,0.037,0,0,0,outputs/gate6/snapshots/exact_town12_route10_route0_09_04_14_40_59/f024148.npz
route10,ParkingCutIn_4,ParkingCutIn,24152,-1,49,5034,16,0.00187,0.00035,0.037,0,0,0,outputs/gate6/snapshots/exact_town12_route10_route0_09_04_14_40_59/f024152.npz
route10,ParkingCutIn_4,ParkingCutIn,24156,-1,49,5034,16,0.00187,0.00035,0.037,0,0,0,outputs/gate6/snapshots/exact_town12_route10_route0_09_04_14_40_59/f024156.npz
route10,ParkingCutIn_4,ParkingCutIn,24160,-1,49,5034,16,0.00187,0.00035,0.037,0,0,0,outputs/gate6/snapshots/exact_town12_route10_route0_09_04_14_40_59/f024160.npz
route10,ParkingCutIn_4,ParkingCutIn,24164,-1,49,5034,16,0.00187,0.00035,0.037,0,0,0,outputs/gate6/snapshots/exact_town12_route10_route0_09_04_14_40_59/f024164.npz
route10,ParkingCutIn_4,ParkingCutIn,24168,-1,49,5034,16,0.00187,0.00035,0.037,0,0,0,outputs/gate6/snapshots/exact_town12_route10_route0_09_04_14_40_59/f024168.npz
route10,ParkingCutIn_4,ParkingCutIn,24172,-1,49,5034,16,0.00187,0.00035,0.037,0,0,0,outputs/gate6/snapshots/exact_town12_route10_route0_09_04_14_40_59/f024172.npz
route10,ParkingCutIn_4,ParkingCutIn,24176,-1,49,5034,16,0.00187,0.00035,0.037,0,0,0,outputs/gate6/snapshots/exact_town12_route10_route0_09_04_14_40_59/f024176.npz
route10,ParkingCutIn_4,ParkingCutIn,24180,-1,49,5034,16,0.00187,0.00035,0.037,0,0,0,outputs/gate6/snapshots/exact_town12_route10_route0_09_04_14_40_59/f024180.npz
route10,ParkingCutIn_4,ParkingCutIn,24184,-1,49,5034,16,0.00187,0.00035,0.037,0,0,0,outputs/gate6/snapshots/exact_town12_route10_route0_09_04_14_40_59/f024184.npz
route10,ParkingCutIn_4,ParkingCutIn,24188,-1,49,5034,16,0.00187,0.00035,0.037,0,0,0,outputs/gate6/snapshots/exact_town12_route10_route0_09_04_14_40_59/f024188.npz
route10,ParkingCutIn_4,ParkingCutIn,24192,-1,49,5034,16,0.00187,0.00035,0.037,0,0,0,outputs/gate6/snapshots/exact_town12_route10_route0_09_04_14_40_59/f024192.npz
route10,ParkingCutIn_4,ParkingCutIn,24196,-1,49,5034,16,0.00187,0.00035,0.037,0,0,0,outputs/gate6/snapshots/exact_town12_route10_route0_09_04_14_40_59/f024196.npz
route10,ParkingCutIn_4,ParkingCutIn,24200,-1,49,5034,16,0.00187,0.00035,0.037,0,0,0,outputs/gate6/snapshots/exact_town12_route10_route0_09_04_14_40_59/f024200.npz
route10,ParkingCutIn_4,ParkingCutIn,24204,-1,49,5034,16,0.00187,0.00035,0.037,0,0,0,outputs/gate6/snapshots/exact_town12_route10_route0_09_04_14_40_59/f024204.npz
route10,ParkingCutIn_4,ParkingCutIn,24208,-1,49,5034,16,0.00187,0.00035,0.037,0,0,0,outputs/gate6/snapshots/exact_town12_route10_route0_09_04_14_40_59/f024208.npz
route10,ParkingCutIn_4,ParkingCutIn,24212,-1,49,5034,16,0.00187,0.00035,0.037,0,0,0,outputs/gate6/snapshots/exact_town12_route10_route0_09_04_14_40_59/f024212.npz
route10,ParkingCutIn_4,ParkingCutIn,24216,-1,49,5034,16,0.00187,0.00035,0.037,0,0,0,outputs/gate6/snapshots/exact_town12_route10_route0_09_04_14_40_59/f024216.npz
route10,ParkingCutIn_4,ParkingCutIn,24220,-1,49,5034,16,0.00187,0.00035,0.037,0,0,0,outputs/gate6/snapshots/exact_town12_route10_route0_09_04_14_40_59/f024220.npz
route10,ParkingCutIn_4,ParkingCutIn,24224,-1,49,5034,16,0.00187,0.00035,0.037,0,0,0,outputs/gate6/snapshots/exact_town12_route10_route0_09_04_14_40_59/f024224.npz
route10,ParkingCutIn_4,ParkingCutIn,24228,-1,49,5034,16,0.00187,0.00035,0.037,0,0,0,outputs/gate6/snapshots/exact_town12_route10_route0_09_04_14_40_59/f024228.npz
route10,ParkingCutIn_4,ParkingCutIn,24232,-1,49,5034,16,0.00187,0.00035,0.037,0,0,0,outputs/gate6/snapshots/exact_town12_route10_route0_09_04_14_40_59/f024232.npz
route10,ParkingCutIn_4,ParkingCutIn,24236,-1,49,5034,16,0.00187,0.00035,0.037,0,0,0,outputs/gate6/snapshots/exact_town12_route10_route0_09_04_14_40_59/f024236.npz
route10,ParkingCutIn_4,ParkingCutIn,24240,-1,49,5034,16,0.00187,0.00035,0.037,0,0,0,outputs/gate6/snapshots/exact_town12_route10_route0_09_04_14_40_59/f024240.npz
route10,ParkingCutIn_4,ParkingCutIn,24244,-1,49,5034,16,0.00187,0.00035,0.037,0,0,0,outputs/gate6/snapshots/exact_town12_route10_route0_09_04_14_40_59/f024244.npz
route10,ParkingCutIn_4,ParkingCutIn,24248,-1,49,5034,16,0.00187,0.00035,0.037,0,0,0,outputs/gate6/snapshots/exact_town12_route10_route0_09_04_14_40_59/f024248.npz
route10,ParkingCutIn_4,ParkingCutIn,24252,-1,49,5034,16,0.00187,0.00035,0.037,0,0,0,outputs/gate6/snapshots/exact_town12_route10_route0_09_04_14_40_59/f024252.npz
route10,ParkingCutIn_4,ParkingCutIn,24256,-1,49,5034,16,0.00187,0.00035,0.037,0,0,0,outputs/gate6/snapshots/exact_town12_route10_route0_09_04_14_40_59/f024256.npz
route10,ParkingCutIn_4,ParkingCutIn,24260,-1,49,5034,16,0.00187,0.00035,0.037,0,0,0,outputs/gate6/snapshots/exact_town12_route10_route0_09_04_14_40_59/f024260.npz
route10,ParkingCutIn_4,ParkingCutIn,24264,-1,49,5034,16,0.00187,0.00035,0.037,0,0,0,outputs/gate6/snapshots/exact_town12_route10_route0_09_04_14_40_59/f024264.npz
route10,ParkingCutIn_4,ParkingCutIn,24268,-1,49,5034,16,0.00187,0.00035,0.037,0,0,0,outputs/gate6/snapshots/exact_town12_route10_route0_09_04_14_40_59/f024268.npz
route10,ParkingCutIn_4,ParkingCutIn,24272,-1,49,5034,16,0.00187,0.00035,0.037,0,0,0,outputs/gate6/snapshots/exact_town12_route10_route0_09_04_14_40_59/f024272.npz
route10,ParkingCutIn_4,ParkingCutIn,24276,-1,49,5034,16,0.00187,0.00035,0.037,0,0,0,outputs/gate6/snapshots/exact_town12_route10_route0_09_04_14_40_59/f024276.npz
route10,ParkingCutIn_4,ParkingCutIn,24280,-1,49,5034,16,3.25849,0.13857,23.515,1,1,1,outputs/gate6/snapshots/exact_town12_route10_route0_09_04_14_40_59/f024280.npz
route10,ParkingCutIn_4,ParkingCutIn,24284,-1,49,5034,16,3.20717,0.14357,22.338,1,1,1,outputs/gate6/snapshots/exact_town12_route10_route0_09_04_14_40_59/f024284.npz
route10,ParkingCutIn_4,ParkingCutIn,24288,-1,49,5034,16,3.14514,0.17619,17.851,1,1,1,outputs/gate6/snapshots/exact_town12_route10_route0_09_04_14_40_59/f024288.npz
route10,ParkingCutIn_4,ParkingCutIn,24292,-1,49,5034,16,2.81248,0.12927,21.756,1,1,1,outputs/gate6/snapshots/exact_town12_route10_route0_09_04_14_40_59/f024292.npz
route10,ParkingCutIn_4,ParkingCutIn,24296,-1,49,5034,16,2.37411,0.1517,15.65,1,1,1,outputs/gate6/snapshots/exact_town12_route10_route0_09_04_14_40_59/f024296.npz
route10,ParkingCutIn_4,ParkingCutIn,24300,-1,48,5034,15,1.00179,0.04257,20.036,1,1,1,outputs/gate6/snapshots/exact_town12_route10_route0_09_04_14_40_59/f024300.npz
route10,ParkingCutIn_4,ParkingCutIn,24304,-1,45,5034,14,0.45435,0.06373,7.129,1,1,1,outputs/gate6/snapshots/exact_town12_route10_route0_09_04_14_40_59/f024304.npz
route10,ParkingCutIn_4,ParkingCutIn,24308,-1,47,5034,14,0.17958,0.04589,3.592,0,1,0,outputs/gate6/snapshots/exact_town12_route10_route0_09_04_14_40_59/f024308.npz
route10,ParkingCutIn_4,ParkingCutIn,24312,-1,47,5034,14,0.08003,0.04038,1.601,0,1,0,outputs/gate6/snapshots/exact_town12_route10_route0_09_04_14_40_59/f024312.npz
route10,ParkingCutIn_4,ParkingCutIn,24316,-1,47,5047,8,0.05436,0.02813,1.087,0,0,0,outputs/gate6/snapshots/exact_town12_route10_route0_09_04_14_40_59/f024316.npz
route10,ParkingCutIn_4,ParkingCutIn,24320,-1,46,5047,8,0.06838,0.0097,1.368,0,0,0,outputs/gate6/snapshots/exact_town12_route10_route0_09_04_14_40_59/f024320.npz
route10,ParkingCutIn_4,ParkingCutIn,24324,-1,46,5047,8,0.0813,0.00879,1.626,0,1,0,outputs/gate6/snapshots/exact_town12_route10_route0_09_04_14_40_59/f024324.npz
route10,ParkingCutIn_4,ParkingCutIn,24328,-1,45,5047,8,0.09538,0.01815,1.908,0,1,0,outputs/gate6/snapshots/exact_town12_route10_route0_09_04_14_40_59/f024328.npz
route10,ParkingCutIn_4,ParkingCutIn,24332,-1,44,5047,8,0.10636,0.0101,2.127,0,1,0,outputs/gate6/snapshots/exact_town12_route10_route0_09_04_14_40_59/f024332.npz
route10,ParkingCutIn_4,ParkingCutIn,24336,-1,44,5047,8,0.08224,0.02305,1.645,0,1,0,outputs/gate6/snapshots/exact_town12_route10_route0_09_04_14_40_59/f024336.npz
route10,ParkingCutIn_4,ParkingCutIn,24340,-1,43,5047,8,0.09343,0.03029,1.869,0,1,0,outputs/gate6/snapshots/exact_town12_route10_route0_09_04_14_40_59/f024340.npz
route10,ParkingCutIn_4,ParkingCutIn,24344,-1,42,5047,8,0.10539,0.04538,2.108,0,1,0,outputs/gate6/snapshots/exact_town12_route10_route0_09_04_14_40_59/f024344.npz
route10,ParkingCutIn_4,ParkingCutIn,24348,-1,38,5047,7,0.10269,0.06999,1.467,0,0,0,outputs/gate6/snapshots/exact_town12_route10_route0_09_04_14_40_59/f024348.npz
route10,ParkingCutIn_4,ParkingCutIn,24352,-1,37,5047,7,0.08975,0.08231,1.09,0,0,0,outputs/gate6/snapshots/exact_town12_route10_route0_09_04_14_40_59/f024352.npz
route10,ParkingCutIn_4,ParkingCutIn,24356,-1,36,5047,7,0.09039,0.04801,1.808,0,1,0,outputs/gate6/snapshots/exact_town12_route10_route0_09_04_14_40_59/f024356.npz
route10,ParkingCutIn_4,ParkingCutIn,24360,-1,36,5047,7,0.09885,0.06356,1.555,0,1,0,outputs/gate6/snapshots/exact_town12_route10_route0_09_04_14_40_59/f024360.npz
route10,ParkingCutIn_4,ParkingCutIn,24364,-1,34,5047,7,0.07142,0.0445,1.428,0,0,0,outputs/gate6/snapshots/exact_town12_route10_route0_09_04_14_40_59/f024364.npz
route10,ParkingCutIn_4,ParkingCutIn,24368,-1,34,5046,8,0.06222,0.05915,1.052,0,0,0,outputs/gate6/snapshots/exact_town12_route10_route0_09_04_14_40_59/f024368.npz
route10,ParkingCutIn_4,ParkingCutIn,24372,-1,34,5046,8,0.07931,0.05366,1.478,0,0,0,outputs/gate6/snapshots/exact_town12_route10_route0_09_04_14_40_59/f024372.npz
route10,ParkingCutIn_4,ParkingCutIn,24376,-1,33,5046,9,0.11932,0.0674,1.77,0,1,0,outputs/gate6/snapshots/exact_town12_route10_route0_09_04_14_40_59/f024376.npz
route10,ParkingCutIn_4,ParkingCutIn,24380,-1,33,3703,2,0.19421,0.14443,1.345,0,0,0,outputs/gate6/snapshots/exact_town12_route10_route0_09_04_14_40_59/f024380.npz
route10,ParkingCutIn_4,ParkingCutIn,24384,-1,33,3703,2,0.42249,0.23523,1.796,1,1,1,outputs/gate6/snapshots/exact_town12_route10_route0_09_04_14_40_59/f024384.npz
route10,ParkingCutIn_4,ParkingCutIn,24388,-1,31,3704,1,0.74263,0.68374,1.086,1,0,0,outputs/gate6/snapshots/exact_town12_route10_route0_09_04_14_40_59/f024388.npz
route10,ParkingCutIn_4,ParkingCutIn,24392,-1,31,3704,1,1.37791,1.03451,1.332,1,0,0,outputs/gate6/snapshots/exact_town12_route10_route0_09_04_14_40_59/f024392.npz
route10,ParkingCutIn_4,ParkingCutIn,24396,-1,31,3704,1,1.86262,1.38604,1.344,1,0,0,outputs/gate6/snapshots/exact_town12_route10_route0_09_04_14_40_59/f024396.npz
route10,ParkingCutIn_4,ParkingCutIn,24400,-1,29,3704,1,2.34442,1.29117,1.816,1,1,1,outputs/gate6/snapshots/exact_town12_route10_route0_09_04_14_40_59/f024400.npz
route10,ParkingCutIn_4,ParkingCutIn,24404,-1,29,3704,1,2.06087,1.25934,1.636,1,1,1,outputs/gate6/snapshots/exact_town12_route10_route0_09_04_14_40_59/f024404.npz
route10,ParkingCutIn_4,ParkingCutIn,24408,-1,29,3704,1,1.8335,1.16821,1.569,1,1,1,outputs/gate6/snapshots/exact_town12_route10_route0_09_04_14_40_59/f024408.npz
route10,ParkingCutIn_4,ParkingCutIn,24412,-1,29,3704,1,1.85029,0.93716,1.974,1,1,1,outputs/gate6/snapshots/exact_town12_route10_route0_09_04_14_40_59/f024412.npz
route10,ParkingCutIn_4,ParkingCutIn,24416,-1,29,3704,1,2.11406,0.78591,2.69,1,1,1,outputs/gate6/snapshots/exact_town12_route10_route0_09_04_14_40_59/f024416.npz
route10,ParkingCutIn_4,ParkingCutIn,24420,-1,30,3704,1,2.3691,0.79978,2.962,1,1,1,outputs/gate6/snapshots/exact_town12_route10_route0_09_04_14_40_59/f024420.npz
route10,ParkingCutIn_4,ParkingCutIn,24424,-1,31,3704,1,2.77508,1.02701,2.702,1,1,1,outputs/gate6/snapshots/exact_town12_route10_route0_09_04_14_40_59/f024424.npz
route10,ParkingCutIn_4,ParkingCutIn,24428,-1,31,3704,1,2.28911,1.63296,1.402,1,0,0,outputs/gate6/snapshots/exact_town12_route10_route0_09_04_14_40_59/f024428.npz
route10,ParkingCutIn_4,ParkingCutIn,24432,-1,31,5056,5,1.71089,1.24896,1.37,1,0,0,outputs/gate6/snapshots/exact_town12_route10_route0_09_04_14_40_59/f024432.npz
route10,ParkingCutIn_4,ParkingCutIn,24436,-1,30,5056,5,1.15062,1.0619,1.084,1,0,0,outputs/gate6/snapshots/exact_town12_route10_route0_09_04_14_40_59/f024436.npz
route10,ParkingCutIn_4,ParkingCutIn,24440,-1,30,3704,1,3.5025,1.07591,3.255,1,1,1,outputs/gate6/snapshots/exact_town12_route10_route0_09_04_14_40_59/f024440.npz
route10,ParkingCutIn_4,ParkingCutIn,24444,-1,30,3704,1,4.09845,1.05535,3.884,1,1,1,outputs/gate6/snapshots/exact_town12_route10_route0_09_04_14_40_59/f024444.npz
route10,ParkingCutIn_4,ParkingCutIn,24448,-1,30,5056,5,3.38317,1.88995,1.79,1,1,1,outputs/gate6/snapshots/exact_town12_route10_route0_09_04_14_40_59/f024448.npz
route10,ParkingCutIn_4,ParkingCutIn,24452,-1,30,5047,9,2.46155,0.89284,2.757,1,1,1,outputs/gate6/snapshots/exact_town12_route10_route0_09_04_14_40_59/f024452.npz
route10,ParkingCutIn_4,ParkingCutIn,24456,-1,30,3704,1,8.58743,0.48064,17.867,1,1,1,outputs/gate6/snapshots/exact_town12_route10_route0_09_04_14_40_59/f024456.npz
route10,ParkingCutIn_4,ParkingCutIn,24460,-1,30,3704,1,9.14147,0.59551,15.351,1,1,1,outputs/gate6/snapshots/exact_town12_route10_route0_09_04_14_40_59/f024460.npz
route10,ParkingCutIn_4,ParkingCutIn,24464,-1,30,3704,1,8.29534,0.4116,20.154,1,1,1,outputs/gate6/snapshots/exact_town12_route10_route0_09_04_14_40_59/f024464.npz
route10,ParkingCutIn_4,ParkingCutIn,24468,-1,30,3704,1,7.15006,0.34762,20.568,1,1,1,outputs/gate6/snapshots/exact_town12_route10_route0_09_04_14_40_59/f024468.npz
route10,ParkingCutIn_4,ParkingCutIn,24472,-1,30,3704,1,5.93693,0.19684,30.161,1,1,1,outputs/gate6/snapshots/exact_town12_route10_route0_09_04_14_40_59/f024472.npz
route10,ParkingCutIn_4,ParkingCutIn,24476,-1,30,3704,1,5.30185,0.19338,27.417,1,1,1,outputs/gate6/snapshots/exact_town12_route10_route0_09_04_14_40_59/f024476.npz
route10,ParkingCutIn_4,ParkingCutIn,24480,-1,29,3704,1,4.75246,0.34683,13.702,1,1,1,outputs/gate6/snapshots/exact_town12_route10_route0_09_04_14_40_59/f024480.npz
route10,ParkingCutIn_4,ParkingCutIn,24484,-1,29,3704,1,4.42963,0.5224,8.479,1,1,1,outputs/gate6/snapshots/exact_town12_route10_route0_09_04_14_40_59/f024484.npz
route10,ParkingCutIn_4,ParkingCutIn,24488,-1,29,3704,1,3.80161,0.62996,6.035,1,1,1,outputs/gate6/snapshots/exact_town12_route10_route0_09_04_14_40_59/f024488.npz
route10,ParkingCutIn_4,ParkingCutIn,24492,-1,29,3704,1,4.41966,1.20088,3.68,1,1,1,outputs/gate6/snapshots/exact_town12_route10_route0_09_04_14_40_59/f024492.npz
route10,ParkingCutIn_4,ParkingCutIn,24496,-1,29,3704,1,4.67653,1.61658,2.893,1,1,1,outputs/gate6/snapshots/exact_town12_route10_route0_09_04_14_40_59/f024496.npz
route10,ParkingCutIn_4,ParkingCutIn,24500,-1,29,3704,1,4.61368,1.9051,2.422,1,1,1,outputs/gate6/snapshots/exact_town12_route10_route0_09_04_14_40_59/f024500.npz
route10,ParkingCutIn_4,ParkingCutIn,24504,-1,29,3704,1,4.83336,2.59298,1.864,1,1,1,outputs/gate6/snapshots/exact_town12_route10_route0_09_04_14_40_59/f024504.npz
route10,ParkingCutIn_4,ParkingCutIn,24508,-1,29,3704,1,5.11223,3.11543,1.641,1,1,1,outputs/gate6/snapshots/exact_town12_route10_route0_09_04_14_40_59/f024508.npz
route10,ParkingCutIn_4,ParkingCutIn,24512,-1,29,3704,1,4.54894,3.64589,1.248,1,0,0,outputs/gate6/snapshots/exact_town12_route10_route0_09_04_14_40_59/f024512.npz
route10,ParkingCutIn_4,ParkingCutIn,24516,-1,27,3704,1,4.38283,3.99006,1.098,1,0,0,outputs/gate6/snapshots/exact_town12_route10_route0_09_04_14_40_59/f024516.npz
route10,ParkingCutIn_4,ParkingCutIn,24520,-1,26,3704,1,4.39523,3.61671,1.215,1,0,0,outputs/gate6/snapshots/exact_town12_route10_route0_09_04_14_40_59/f024520.npz
route10,ParkingCutIn_4,ParkingCutIn,24524,-1,26,3704,1,4.03288,3.08112,1.309,1,0,0,outputs/gate6/snapshots/exact_town12_route10_route0_09_04_14_40_59/f024524.npz
route10,ParkingCutIn_4,ParkingCutIn,24528,-1,26,3704,1,3.9438,2.84515,1.386,1,0,0,outputs/gate6/snapshots/exact_town12_route10_route0_09_04_14_40_59/f024528.npz
route10,ParkingCutIn_4,ParkingCutIn,24532,-1,26,3704,1,4.05223,2.09897,1.931,1,1,1,outputs/gate6/snapshots/exact_town12_route10_route0_09_04_14_40_59/f024532.npz
route10,ParkingCutIn_4,ParkingCutIn,24536,-1,26,3704,1,3.46004,1.8808,1.84,1,1,1,outputs/gate6/snapshots/exact_town12_route10_route0_09_04_14_40_59/f024536.npz
route10,ParkingCutIn_4,ParkingCutIn,24540,-1,27,3704,1,2.68814,1.55577,1.728,1,1,1,outputs/gate6/snapshots/exact_town12_route10_route0_09_04_14_40_59/f024540.npz
route10,ParkingCutIn_4,ParkingCutIn,24544,-1,27,3704,1,2.59762,1.6489,1.575,1,1,1,outputs/gate6/snapshots/exact_town12_route10_route0_09_04_14_40_59/f024544.npz
route10,ParkingCutIn_4,ParkingCutIn,24548,-1,27,5047,8,2.29939,1.52547,1.507,1,1,1,outputs/gate6/snapshots/exact_town12_route10_route0_09_04_14_40_59/f024548.npz
route10,ParkingCutIn_4,ParkingCutIn,24552,-1,27,3704,1,2.16603,2.06309,1.05,1,0,0,outputs/gate6/snapshots/exact_town12_route10_route0_09_04_14_40_59/f024552.npz
route10,ParkingCutIn_4,ParkingCutIn,24556,-1,27,3704,1,2.38327,1.67602,1.422,1,0,0,outputs/gate6/snapshots/exact_town12_route10_route0_09_04_14_40_59/f024556.npz
route10,ParkingCutIn_4,ParkingCutIn,24560,-1,27,3704,1,2.63371,1.61329,1.633,1,1,1,outputs/gate6/snapshots/exact_town12_route10_route0_09_04_14_40_59/f024560.npz
route10,ParkingCutIn_4,ParkingCutIn,24564,-1,27,3704,1,2.43493,1.79641,1.355,1,0,0,outputs/gate6/snapshots/exact_town12_route10_route0_09_04_14_40_59/f024564.npz
route10,ParkingCutIn_4,ParkingCutIn,24568,-1,27,3704,1,2.27955,1.6343,1.395,1,0,0,outputs/gate6/snapshots/exact_town12_route10_route0_09_04_14_40_59/f024568.npz
route10,ParkingCutIn_4,ParkingCutIn,24572,-1,27,3704,1,2.58216,1.7839,1.447,1,0,0,outputs/gate6/snapshots/exact_town12_route10_route0_09_04_14_40_59/f024572.npz
route10,ParkingCutIn_4,ParkingCutIn,24576,-1,26,3704,1,2.82979,2.07979,1.361,1,0,0,outputs/gate6/snapshots/exact_town12_route10_route0_09_04_14_40_59/f024576.npz
route10,ParkingCutIn_4,ParkingCutIn,24580,-1,26,3704,1,2.33904,2.01745,1.159,1,0,0,outputs/gate6/snapshots/exact_town12_route10_route0_09_04_14_40_59/f024580.npz
route10,ParkingCutIn_4,ParkingCutIn,24584,-1,26,3704,1,1.80292,1.42515,1.265,1,0,0,outputs/gate6/snapshots/exact_town12_route10_route0_09_04_14_40_59/f024584.npz
route10,ParkingCutIn_4,ParkingCutIn,24588,-1,26,3704,1,3.15352,1.80294,1.749,1,1,1,outputs/gate6/snapshots/exact_town12_route10_route0_09_04_14_40_59/f024588.npz
route10,ParkingCutIn_4,ParkingCutIn,24592,-1,26,3704,1,3.70325,2.29701,1.612,1,1,1,outputs/gate6/snapshots/exact_town12_route10_route0_09_04_14_40_59/f024592.npz
route10,ParkingCutIn_4,ParkingCutIn,24596,-1,26,3704,1,3.60734,2.20156,1.639,1,1,1,outputs/gate6/snapshots/exact_town12_route10_route0_09_04_14_40_59/f024596.npz
route10,ParkingCutIn_4,ParkingCutIn,24600,-1,26,3704,1,3.82826,2.38967,1.602,1,1,1,outputs/gate6/snapshots/exact_town12_route10_route0_09_04_14_40_59/f024600.npz
route10,ParkingCutIn_4,ParkingCutIn,24604,-1,26,3704,1,4.22688,2.1026,2.01,1,1,1,outputs/gate6/snapshots/exact_town12_route10_route0_09_04_14_40_59/f024604.npz
route10,ParkingCutIn_4,ParkingCutIn,24608,-1,26,3704,1,4.71548,1.98059,2.381,1,1,1,outputs/gate6/snapshots/exact_town12_route10_route0_09_04_14_40_59/f024608.npz
route10,ParkingCutIn_4,ParkingCutIn,24612,-1,26,3704,1,4.97081,1.71038,2.906,1,1,1,outputs/gate6/snapshots/exact_town12_route10_route0_09_04_14_40_59/f024612.npz
route10,ParkingCutIn_4,ParkingCutIn,24616,-1,29,3704,1,4.53074,1.38401,3.274,1,1,1,outputs/gate6/snapshots/exact_town12_route10_route0_09_04_14_40_59/f024616.npz
route10,ParkingCutIn_4,ParkingCutIn,24620,-1,29,3704,1,5.42276,1.79766,3.017,1,1,1,outputs/gate6/snapshots/exact_town12_route10_route0_09_04_14_40_59/f024620.npz
route10,ParkingCutIn_4,ParkingCutIn,24624,-1,29,3704,1,4.942,1.77746,2.78,1,1,1,outputs/gate6/snapshots/exact_town12_route10_route0_09_04_14_40_59/f024624.npz
route10,ParkingCutIn_4,ParkingCutIn,24628,-1,28,3704,1,4.78215,1.62243,2.948,1,1,1,outputs/gate6/snapshots/exact_town12_route10_route0_09_04_14_40_59/f024628.npz
route10,ParkingCutIn_4,ParkingCutIn,24632,-1,29,3704,1,4.7782,1.80763,2.643,1,1,1,outputs/gate6/snapshots/exact_town12_route10_route0_09_04_14_40_59/f024632.npz
route10,ParkingCutIn_4,ParkingCutIn,24636,-1,29,3704,1,4.29158,1.68341,2.549,1,1,1,outputs/gate6/snapshots/exact_town12_route10_route0_09_04_14_40_59/f024636.npz
route10,ParkingCutIn_4,ParkingCutIn,24640,-1,29,3704,1,4.2927,1.34822,3.184,1,1,1,outputs/gate6/snapshots/exact_town12_route10_route0_09_04_14_40_59/f024640.npz
route10,ParkingCutIn_4,ParkingCutIn,24644,-1,30,3704,1,4.63682,1.67525,2.768,1,1,1,outputs/gate6/snapshots/exact_town12_route10_route0_09_04_14_40_59/f024644.npz
route10,ParkingCutIn_4,ParkingCutIn,24648,-1,29,3704,1,4.57948,1.4993,3.054,1,1,1,outputs/gate6/snapshots/exact_town12_route10_route0_09_04_14_40_59/f024648.npz
route10,ParkingCutIn_4,ParkingCutIn,24652,-1,28,3704,1,4.82059,1.39628,3.452,1,1,1,outputs/gate6/snapshots/exact_town12_route10_route0_09_04_14_40_59/f024652.npz
route10,ParkingCutIn_4,ParkingCutIn,24656,-1,31,3704,1,4.39376,1.21031,3.63,1,1,1,outputs/gate6/snapshots/exact_town12_route10_route0_09_04_14_40_59/f024656.npz
route10,ParkingCutIn_4,ParkingCutIn,24660,-1,31,3704,1,4.20396,1.01964,4.123,1,1,1,outputs/gate6/snapshots/exact_town12_route10_route0_09_04_14_40_59/f024660.npz
route10,ParkingCutIn_4,ParkingCutIn,24664,-1,32,3704,1,4.14133,0.80917,5.118,1,1,1,outputs/gate6/snapshots/exact_town12_route10_route0_09_04_14_40_59/f024664.npz
route10,ParkingCutIn_4,ParkingCutIn,24668,-1,32,3704,1,4.04125,0.65627,6.158,1,1,1,outputs/gate6/snapshots/exact_town12_route10_route0_09_04_14_40_59/f024668.npz
route10,ParkingCutIn_4,ParkingCutIn,24672,-1,32,3704,1,4.38787,0.90942,4.825,1,1,1,outputs/gate6/snapshots/exact_town12_route10_route0_09_04_14_40_59/f024672.npz
route10,ParkingCutIn_4,ParkingCutIn,24676,-1,31,3704,1,4.57498,0.98955,4.623,1,1,1,outputs/gate6/snapshots/exact_town12_route10_route0_09_04_14_40_59/f024676.npz
route10,ParkingCutIn_4,ParkingCutIn,24680,-1,30,3704,1,4.30565,0.76316,5.642,1,1,1,outputs/gate6/snapshots/exact_town12_route10_route0_09_04_14_40_59/f024680.npz
route10,PedestrianCrossing_4,PedestrianCrossing,24924,-1,10,5083,4,0.10506,0.04448,2.101,0,1,0,outputs/gate6/snapshots/exact_town12_route10_route0_09_04_14_40_59/f024924.npz
route10,PedestrianCrossing_4,PedestrianCrossing,24928,-1,10,5083,4,0.15189,0.05961,2.548,0,1,0,outputs/gate6/snapshots/exact_town12_route10_route0_09_04_14_40_59/f024928.npz
route10,PedestrianCrossing_4,PedestrianCrossing,24932,-1,11,5083,5,0.16939,0.07934,2.135,0,1,0,outputs/gate6/snapshots/exact_town12_route10_route0_09_04_14_40_59/f024932.npz
route10,PedestrianCrossing_4,PedestrianCrossing,24936,-1,11,5083,5,0.17007,0.12496,1.361,0,0,0,outputs/gate6/snapshots/exact_town12_route10_route0_09_04_14_40_59/f024936.npz
route10,PedestrianCrossing_4,PedestrianCrossing,24940,-1,11,5087,4,0.5335,0.2379,2.243,1,1,1,outputs/gate6/snapshots/exact_town12_route10_route0_09_04_14_40_59/f024940.npz
route10,PedestrianCrossing_4,PedestrianCrossing,24944,-1,10,5087,4,0.84862,0.19567,4.337,1,1,1,outputs/gate6/snapshots/exact_town12_route10_route0_09_04_14_40_59/f024944.npz
route10,PedestrianCrossing_4,PedestrianCrossing,24948,-1,11,5087,4,1.30191,0.15663,8.312,1,1,1,outputs/gate6/snapshots/exact_town12_route10_route0_09_04_14_40_59/f024948.npz
route10,PedestrianCrossing_4,PedestrianCrossing,24952,-1,11,5087,4,1.17396,0.12364,9.495,1,1,1,outputs/gate6/snapshots/exact_town12_route10_route0_09_04_14_40_59/f024952.npz
route10,PedestrianCrossing_4,PedestrianCrossing,24956,-1,11,5087,4,1.02066,0.19253,5.301,1,1,1,outputs/gate6/snapshots/exact_town12_route10_route0_09_04_14_40_59/f024956.npz
route10,PedestrianCrossing_4,PedestrianCrossing,24960,-1,13,5087,6,0.70608,0.55399,1.275,1,0,0,outputs/gate6/snapshots/exact_town12_route10_route0_09_04_14_40_59/f024960.npz
route10,PedestrianCrossing_4,PedestrianCrossing,24964,-1,13,5093,5,0.91354,0.42484,2.15,1,1,1,outputs/gate6/snapshots/exact_town12_route10_route0_09_04_14_40_59/f024964.npz
route10,PedestrianCrossing_4,PedestrianCrossing,24968,-1,13,5093,5,1.0208,0.27807,3.671,1,1,1,outputs/gate6/snapshots/exact_town12_route10_route0_09_04_14_40_59/f024968.npz
route10,PedestrianCrossing_4,PedestrianCrossing,24972,-1,13,5093,5,1.24516,0.20437,6.093,1,1,1,outputs/gate6/snapshots/exact_town12_route10_route0_09_04_14_40_59/f024972.npz
route10,PedestrianCrossing_4,PedestrianCrossing,24976,-1,13,5093,5,0.69929,0.30618,2.284,1,1,1,outputs/gate6/snapshots/exact_town12_route10_route0_09_04_14_40_59/f024976.npz
route10,PedestrianCrossing_4,PedestrianCrossing,24980,-1,13,5093,5,0.83954,0.2709,3.099,1,1,1,outputs/gate6/snapshots/exact_town12_route10_route0_09_04_14_40_59/f024980.npz
route10,PedestrianCrossing_4,PedestrianCrossing,24984,-1,14,5093,6,0.76732,0.43673,1.757,1,1,1,outputs/gate6/snapshots/exact_town12_route10_route0_09_04_14_40_59/f024984.npz
route10,PedestrianCrossing_4,PedestrianCrossing,24988,-1,14,5093,6,0.75275,0.60183,1.251,1,0,0,outputs/gate6/snapshots/exact_town12_route10_route0_09_04_14_40_59/f024988.npz
route10,PedestrianCrossing_4,PedestrianCrossing,24992,-1,14,3708,13,0.72876,0.53309,1.367,1,0,0,outputs/gate6/snapshots/exact_town12_route10_route0_09_04_14_40_59/f024992.npz
route10,PedestrianCrossing_4,PedestrianCrossing,24996,-1,14,3708,13,0.96363,0.34632,2.783,1,1,1,outputs/gate6/snapshots/exact_town12_route10_route0_09_04_14_40_59/f024996.npz
route10,PedestrianCrossing_4,PedestrianCrossing,25000,-1,14,3708,13,1.16052,0.14455,8.028,1,1,1,outputs/gate6/snapshots/exact_town12_route10_route0_09_04_14_40_59/f025000.npz
route10,PedestrianCrossing_4,PedestrianCrossing,25004,-1,13,3708,12,0.95907,0.12984,7.386,1,1,1,outputs/gate6/snapshots/exact_town12_route10_route0_09_04_14_40_59/f025004.npz
route10,PedestrianCrossing_4,PedestrianCrossing,25008,-1,13,3708,12,0.82413,0.47984,1.718,1,1,1,outputs/gate6/snapshots/exact_town12_route10_route0_09_04_14_40_59/f025008.npz
route10,PedestrianCrossing_4,PedestrianCrossing,25012,-1,14,3708,13,0.97615,0.83496,1.169,1,0,0,outputs/gate6/snapshots/exact_town12_route10_route0_09_04_14_40_59/f025012.npz
route10,PedestrianCrossing_4,PedestrianCrossing,25016,-1,14,3708,13,1.32276,1.09434,1.209,1,0,0,outputs/gate6/snapshots/exact_town12_route10_route0_09_04_14_40_59/f025016.npz
route10,PedestrianCrossing_4,PedestrianCrossing,25020,-1,14,3708,13,1.95626,1.02759,1.904,1,1,1,outputs/gate6/snapshots/exact_town12_route10_route0_09_04_14_40_59/f025020.npz
route10,PedestrianCrossing_4,PedestrianCrossing,25024,-1,14,3708,13,2.71002,0.75894,3.571,1,1,1,outputs/gate6/snapshots/exact_town12_route10_route0_09_04_14_40_59/f025024.npz
route10,PedestrianCrossing_4,PedestrianCrossing,25028,-1,14,3708,13,3.714,0.66746,5.564,1,1,1,outputs/gate6/snapshots/exact_town12_route10_route0_09_04_14_40_59/f025028.npz
route10,PedestrianCrossing_4,PedestrianCrossing,25032,-1,13,3708,12,4.49017,0.50376,8.913,1,1,1,outputs/gate6/snapshots/exact_town12_route10_route0_09_04_14_40_59/f025032.npz
route10,PedestrianCrossing_4,PedestrianCrossing,25036,-1,13,3708,12,4.94037,0.39101,12.635,1,1,1,outputs/gate6/snapshots/exact_town12_route10_route0_09_04_14_40_59/f025036.npz
route10,PedestrianCrossing_4,PedestrianCrossing,25040,-1,13,3708,12,4.97874,0.42748,11.647,1,1,1,outputs/gate6/snapshots/exact_town12_route10_route0_09_04_14_40_59/f025040.npz
route10,PedestrianCrossing_4,PedestrianCrossing,25044,-1,14,3708,13,4.83439,0.20825,23.214,1,1,1,outputs/gate6/snapshots/exact_town12_route10_route0_09_04_14_40_59/f025044.npz
route10,PedestrianCrossing_4,PedestrianCrossing,25048,-1,14,3708,13,4.71156,0.25863,18.217,1,1,1,outputs/gate6/snapshots/exact_town12_route10_route0_09_04_14_40_59/f025048.npz
route10,PedestrianCrossing_4,PedestrianCrossing,25052,-1,14,3708,13,4.59194,0.3642,12.608,1,1,1,outputs/gate6/snapshots/exact_town12_route10_route0_09_04_14_40_59/f025052.npz
route10,PedestrianCrossing_4,PedestrianCrossing,25056,-1,13,3708,13,4.5526,0.48499,9.387,1,1,1,outputs/gate6/snapshots/exact_town12_route10_route0_09_04_14_40_59/f025056.npz
route10,PedestrianCrossing_4,PedestrianCrossing,25060,-1,13,3708,13,4.10126,0.64462,6.362,1,1,1,outputs/gate6/snapshots/exact_town12_route10_route0_09_04_14_40_59/f025060.npz
route10,PedestrianCrossing_4,PedestrianCrossing,25064,-1,12,3708,12,4.02232,0.7407,5.43,1,1,1,outputs/gate6/snapshots/exact_town12_route10_route0_09_04_14_40_59/f025064.npz
route10,PedestrianCrossing_4,PedestrianCrossing,25068,-1,12,3708,12,2.70295,0.85592,3.158,1,1,1,outputs/gate6/snapshots/exact_town12_route10_route0_09_04_14_40_59/f025068.npz
route10,PedestrianCrossing_4,PedestrianCrossing,25072,-1,12,3708,12,3.15851,0.66961,4.717,1,1,1,outputs/gate6/snapshots/exact_town12_route10_route0_09_04_14_40_59/f025072.npz
route10,PedestrianCrossing_4,PedestrianCrossing,25076,-1,12,3708,12,2.5467,0.48831,5.215,1,1,1,outputs/gate6/snapshots/exact_town12_route10_route0_09_04_14_40_59/f025076.npz
route10,PedestrianCrossing_4,PedestrianCrossing,25080,-1,12,3708,12,1.27729,0.15133,8.441,1,1,1,outputs/gate6/snapshots/exact_town12_route10_route0_09_04_14_40_59/f025080.npz
route10,PedestrianCrossing_4,PedestrianCrossing,25084,-1,11,3708,11,0.32095,0.10915,2.94,1,1,1,outputs/gate6/snapshots/exact_town12_route10_route0_09_04_14_40_59/f025084.npz
route10,PedestrianCrossing_4,PedestrianCrossing,25088,-1,11,3708,11,0.18496,0.08451,2.189,0,1,0,outputs/gate6/snapshots/exact_town12_route10_route0_09_04_14_40_59/f025088.npz
route10,PedestrianCrossing_4,PedestrianCrossing,25092,-1,11,3708,11,0.12226,0.10658,1.147,0,0,0,outputs/gate6/snapshots/exact_town12_route10_route0_09_04_14_40_59/f025092.npz
route10,PedestrianCrossing_4,PedestrianCrossing,25096,-1,11,3708,11,0.17765,0.11183,1.589,0,1,0,outputs/gate6/snapshots/exact_town12_route10_route0_09_04_14_40_59/f025096.npz
route10,PedestrianCrossing_4,PedestrianCrossing,25100,-1,11,3708,11,0.27898,0.14604,1.91,1,1,1,outputs/gate6/snapshots/exact_town12_route10_route0_09_04_14_40_59/f025100.npz
route10,PedestrianCrossing_4,PedestrianCrossing,25104,-1,11,5097,6,0.15884,0.06746,2.355,0,1,0,outputs/gate6/snapshots/exact_town12_route10_route0_09_04_14_40_59/f025104.npz
route10,PedestrianCrossing_4,PedestrianCrossing,25108,-1,12,5090,9,0.06924,0.06568,1.054,0,0,0,outputs/gate6/snapshots/exact_town12_route10_route0_09_04_14_40_59/f025108.npz
route10,PedestrianCrossing_4,PedestrianCrossing,25112,-1,9,5097,5,0.07997,0.04646,1.599,0,1,0,outputs/gate6/snapshots/exact_town12_route10_route0_09_04_14_40_59/f025112.npz
route10,PedestrianCrossing_4,PedestrianCrossing,25116,-1,9,5097,5,0.10105,0.0462,2.021,0,1,0,outputs/gate6/snapshots/exact_town12_route10_route0_09_04_14_40_59/f025116.npz
route10,PedestrianCrossing_4,PedestrianCrossing,25120,-1,8,5090,6,0.02936,0.02892,0.587,0,0,0,outputs/gate6/snapshots/exact_town12_route10_route0_09_04_14_40_59/f025120.npz
route10,PedestrianCrossing_4,PedestrianCrossing,25124,-1,8,5102,3,0.03794,0.01789,0.759,0,0,0,outputs/gate6/snapshots/exact_town12_route10_route0_09_04_14_40_59/f025124.npz
route10,PedestrianCrossing_4,PedestrianCrossing,25128,-1,8,5089,7,0.01829,0.0157,0.366,0,0,0,outputs/gate6/snapshots/exact_town12_route10_route0_09_04_14_40_59/f025128.npz
route10,ParkingCutIn_5,ParkingCutIn,33860,-1,30,5618,8,0.10799,0.06364,1.697,0,1,0,outputs/gate6/snapshots/exact_town12_route10_route0_09_04_14_40_59/f033860.npz
route10,ParkingCutIn_5,ParkingCutIn,33864,-1,34,5618,8,0.07375,0.05167,1.427,0,0,0,outputs/gate6/snapshots/exact_town12_route10_route0_09_04_14_40_59/f033864.npz
route10,ParkingCutIn_5,ParkingCutIn,33868,-1,38,5618,8,0.04289,0.02772,0.858,0,0,0,outputs/gate6/snapshots/exact_town12_route10_route0_09_04_14_40_59/f033868.npz
route10,ParkingCutIn_5,ParkingCutIn,33872,-1,33,5618,7,0.05665,0.02892,1.133,0,0,0,outputs/gate6/snapshots/exact_town12_route10_route0_09_04_14_40_59/f033872.npz
route10,ParkingCutIn_5,ParkingCutIn,33876,-1,32,5613,8,0.03369,0.03299,0.674,0,0,0,outputs/gate6/snapshots/exact_town12_route10_route0_09_04_14_40_59/f033876.npz
route10,ParkingCutIn_5,ParkingCutIn,33880,-1,31,5613,8,0.04121,0.03212,0.824,0,0,0,outputs/gate6/snapshots/exact_town12_route10_route0_09_04_14_40_59/f033880.npz
route10,ParkingCutIn_5,ParkingCutIn,33884,-1,30,5613,8,0.05055,0.03749,1.011,0,0,0,outputs/gate6/snapshots/exact_town12_route10_route0_09_04_14_40_59/f033884.npz
route10,ParkingCutIn_5,ParkingCutIn,33888,-1,30,5613,8,0.05263,0.04312,1.053,0,0,0,outputs/gate6/snapshots/exact_town12_route10_route0_09_04_14_40_59/f033888.npz
route10,ParkingCutIn_5,ParkingCutIn,33892,-1,28,5613,7,0.04508,0.042,0.902,0,0,0,outputs/gate6/snapshots/exact_town12_route10_route0_09_04_14_40_59/f033892.npz
route10,ParkingCutIn_5,ParkingCutIn,33896,-1,28,3712,2,0.03693,0.03653,0.739,0,0,0,outputs/gate6/snapshots/exact_town12_route10_route0_09_04_14_40_59/f033896.npz
route10,ParkingCutIn_5,ParkingCutIn,33900,-1,29,3712,2,0.0435,0.03998,0.87,0,0,0,outputs/gate6/snapshots/exact_town12_route10_route0_09_04_14_40_59/f033900.npz
route10,ParkingCutIn_5,ParkingCutIn,33904,-1,28,3712,2,0.05281,0.0271,1.056,0,0,0,outputs/gate6/snapshots/exact_town12_route10_route0_09_04_14_40_59/f033904.npz
route10,ParkingCutIn_5,ParkingCutIn,33908,-1,28,3712,2,0.0777,0.03317,1.554,0,1,0,outputs/gate6/snapshots/exact_town12_route10_route0_09_04_14_40_59/f033908.npz
route10,ParkingCutIn_5,ParkingCutIn,33912,-1,28,3712,2,0.08069,0.04804,1.614,0,1,0,outputs/gate6/snapshots/exact_town12_route10_route0_09_04_14_40_59/f033912.npz
route10,ParkingCutIn_5,ParkingCutIn,33916,-1,27,3712,2,0.19359,0.14738,1.314,0,0,0,outputs/gate6/snapshots/exact_town12_route10_route0_09_04_14_40_59/f033916.npz
route10,ParkingCutIn_5,ParkingCutIn,33920,-1,27,3712,2,0.3329,0.32464,1.025,1,0,0,outputs/gate6/snapshots/exact_town12_route10_route0_09_04_14_40_59/f033920.npz
route10,ParkingCutIn_5,ParkingCutIn,33924,-1,29,3713,1,0.50973,0.42265,1.206,1,0,0,outputs/gate6/snapshots/exact_town12_route10_route0_09_04_14_40_59/f033924.npz
route10,ParkingCutIn_5,ParkingCutIn,33928,-1,27,3713,1,1.02932,0.51373,2.004,1,1,1,outputs/gate6/snapshots/exact_town12_route10_route0_09_04_14_40_59/f033928.npz
route10,ParkingCutIn_5,ParkingCutIn,33932,-1,28,3713,1,1.43966,1.02633,1.403,1,0,0,outputs/gate6/snapshots/exact_town12_route10_route0_09_04_14_40_59/f033932.npz
route10,ParkingCutIn_5,ParkingCutIn,33936,-1,28,3713,1,1.77198,1.55278,1.141,1,0,0,outputs/gate6/snapshots/exact_town12_route10_route0_09_04_14_40_59/f033936.npz
route10,ParkingCutIn_5,ParkingCutIn,33940,-1,28,3713,1,2.45782,2.09022,1.176,1,0,0,outputs/gate6/snapshots/exact_town12_route10_route0_09_04_14_40_59/f033940.npz
route10,ParkingCutIn_5,ParkingCutIn,33944,-1,29,5613,8,3.21915,2.437,1.321,1,0,0,outputs/gate6/snapshots/exact_town12_route10_route0_09_04_14_40_59/f033944.npz
route10,ParkingCutIn_5,ParkingCutIn,33948,-1,30,5613,8,4.3285,1.99423,2.171,1,1,1,outputs/gate6/snapshots/exact_town12_route10_route0_09_04_14_40_59/f033948.npz
route10,ParkingCutIn_5,ParkingCutIn,33952,-1,30,5613,8,5.05459,1.67319,3.021,1,1,1,outputs/gate6/snapshots/exact_town12_route10_route0_09_04_14_40_59/f033952.npz
route10,ParkingCutIn_5,ParkingCutIn,33956,-1,30,5613,8,5.57824,1.33467,4.179,1,1,1,outputs/gate6/snapshots/exact_town12_route10_route0_09_04_14_40_59/f033956.npz
route10,ParkingCutIn_5,ParkingCutIn,33960,-1,31,3713,1,1.3322,0.73743,1.807,1,1,1,outputs/gate6/snapshots/exact_town12_route10_route0_09_04_14_40_59/f033960.npz
route10,ParkingCutIn_5,ParkingCutIn,33964,-1,31,3713,1,1.84075,0.9097,2.023,1,1,1,outputs/gate6/snapshots/exact_town12_route10_route0_09_04_14_40_59/f033964.npz
route10,ParkingCutIn_5,ParkingCutIn,33968,-1,32,3713,1,2.39136,0.60492,3.953,1,1,1,outputs/gate6/snapshots/exact_town12_route10_route0_09_04_14_40_59/f033968.npz
route10,ParkingCutIn_5,ParkingCutIn,33972,-1,33,3713,1,3.8283,0.58193,6.579,1,1,1,outputs/gate6/snapshots/exact_town12_route10_route0_09_04_14_40_59/f033972.npz
route10,ParkingCutIn_5,ParkingCutIn,33976,-1,33,3713,1,3.99717,0.441,9.064,1,1,1,outputs/gate6/snapshots/exact_town12_route10_route0_09_04_14_40_59/f033976.npz
route10,ParkingCutIn_5,ParkingCutIn,33980,-1,33,3713,1,3.74551,0.19815,18.902,1,1,1,outputs/gate6/snapshots/exact_town12_route10_route0_09_04_14_40_59/f033980.npz
route10,ParkingCutIn_5,ParkingCutIn,33984,-1,33,3713,1,3.38912,0.08154,41.565,1,1,1,outputs/gate6/snapshots/exact_town12_route10_route0_09_04_14_40_59/f033984.npz
route10,ParkingCutIn_5,ParkingCutIn,33988,-1,33,3713,1,3.22633,0.09165,35.203,1,1,1,outputs/gate6/snapshots/exact_town12_route10_route0_09_04_14_40_59/f033988.npz
route10,ParkingCutIn_5,ParkingCutIn,33992,-1,33,3713,1,3.48847,0.32637,10.689,1,1,1,outputs/gate6/snapshots/exact_town12_route10_route0_09_04_14_40_59/f033992.npz
route10,ParkingCutIn_5,ParkingCutIn,33996,-1,33,3713,1,3.73891,0.46711,8.004,1,1,1,outputs/gate6/snapshots/exact_town12_route10_route0_09_04_14_40_59/f033996.npz
route10,ParkingCutIn_5,ParkingCutIn,34000,-1,33,3713,1,3.86022,0.35504,10.873,1,1,1,outputs/gate6/snapshots/exact_town12_route10_route0_09_04_14_40_59/f034000.npz
route10,ParkingCutIn_5,ParkingCutIn,34004,-1,33,3713,1,3.75722,0.21725,17.295,1,1,1,outputs/gate6/snapshots/exact_town12_route10_route0_09_04_14_40_59/f034004.npz
route10,ParkingCutIn_5,ParkingCutIn,34008,-1,36,3713,1,3.71907,0.18951,19.625,1,1,1,outputs/gate6/snapshots/exact_town12_route10_route0_09_04_14_40_59/f034008.npz
route10,ParkingCutIn_5,ParkingCutIn,34012,-1,36,3713,1,3.73427,0.2605,14.335,1,1,1,outputs/gate6/snapshots/exact_town12_route10_route0_09_04_14_40_59/f034012.npz
route10,ParkingCutIn_5,ParkingCutIn,34016,-1,36,3713,1,3.96243,0.31747,12.481,1,1,1,outputs/gate6/snapshots/exact_town12_route10_route0_09_04_14_40_59/f034016.npz
route10,ParkingCutIn_5,ParkingCutIn,34020,-1,35,3713,1,3.88834,0.335,11.607,1,1,1,outputs/gate6/snapshots/exact_town12_route10_route0_09_04_14_40_59/f034020.npz
route10,ParkingCutIn_5,ParkingCutIn,34024,-1,37,3713,1,3.17114,0.50749,6.249,1,1,1,outputs/gate6/snapshots/exact_town12_route10_route0_09_04_14_40_59/f034024.npz
route10,ParkingCutIn_5,ParkingCutIn,34028,-1,40,3713,1,3.02794,0.29202,10.369,1,1,1,outputs/gate6/snapshots/exact_town12_route10_route0_09_04_14_40_59/f034028.npz
route10,ParkingCutIn_5,ParkingCutIn,34032,-1,38,3713,1,3.15997,0.28446,11.108,1,1,1,outputs/gate6/snapshots/exact_town12_route10_route0_09_04_14_40_59/f034032.npz
route10,ParkingCutIn_5,ParkingCutIn,34036,-1,38,3713,1,3.3628,0.31206,10.776,1,1,1,outputs/gate6/snapshots/exact_town12_route10_route0_09_04_14_40_59/f034036.npz
route10,ParkingCutIn_5,ParkingCutIn,34040,-1,38,3713,1,3.21316,0.24957,12.875,1,1,1,outputs/gate6/snapshots/exact_town12_route10_route0_09_04_14_40_59/f034040.npz
route10,ParkingCutIn_5,ParkingCutIn,34044,-1,40,3713,1,2.79761,0.26458,10.574,1,1,1,outputs/gate6/snapshots/exact_town12_route10_route0_09_04_14_40_59/f034044.npz
route10,ParkingCutIn_5,ParkingCutIn,34048,-1,42,3713,1,2.85416,0.31946,8.934,1,1,1,outputs/gate6/snapshots/exact_town12_route10_route0_09_04_14_40_59/f034048.npz
route10,ParkingCutIn_5,ParkingCutIn,34052,-1,40,3713,1,3.42947,0.30499,11.245,1,1,1,outputs/gate6/snapshots/exact_town12_route10_route0_09_04_14_40_59/f034052.npz
route10,ParkingCutIn_5,ParkingCutIn,34056,-1,39,3713,1,3.63557,0.12137,29.954,1,1,1,outputs/gate6/snapshots/exact_town12_route10_route0_09_04_14_40_59/f034056.npz
route10,ParkingCutIn_5,ParkingCutIn,34060,-1,39,3713,1,4.00965,0.05595,71.663,1,1,1,outputs/gate6/snapshots/exact_town12_route10_route0_09_04_14_40_59/f034060.npz
route10,ParkingCutIn_5,ParkingCutIn,34064,-1,39,3713,1,3.71445,0.14545,25.537,1,1,1,outputs/gate6/snapshots/exact_town12_route10_route0_09_04_14_40_59/f034064.npz
route10,ParkingCutIn_5,ParkingCutIn,34068,-1,39,3713,1,3.64021,0.14706,24.753,1,1,1,outputs/gate6/snapshots/exact_town12_route10_route0_09_04_14_40_59/f034068.npz
route10,ParkingCutIn_5,ParkingCutIn,34072,-1,38,3713,1,2.90662,0.17224,16.875,1,1,1,outputs/gate6/snapshots/exact_town12_route10_route0_09_04_14_40_59/f034072.npz
route10,ParkingCutIn_5,ParkingCutIn,34076,-1,38,3713,1,3.11185,0.25476,12.215,1,1,1,outputs/gate6/snapshots/exact_town12_route10_route0_09_04_14_40_59/f034076.npz
route10,ParkingCutIn_5,ParkingCutIn,34080,-1,40,3713,1,2.67469,0.30602,8.74,1,1,1,outputs/gate6/snapshots/exact_town12_route10_route0_09_04_14_40_59/f034080.npz
route10,PedestrianCrossing_5,PedestrianCrossing,33700,-1,27,5605,5,0.08437,0.04687,1.687,0,1,0,outputs/gate6/snapshots/exact_town12_route10_route0_09_04_14_40_59/f033700.npz
route10,PedestrianCrossing_5,PedestrianCrossing,33704,-1,27,5605,5,0.09004,0.03714,1.801,0,1,0,outputs/gate6/snapshots/exact_town12_route10_route0_09_04_14_40_59/f033704.npz
route10,PedestrianCrossing_5,PedestrianCrossing,33708,-1,27,3736,10,0.32191,0.18724,1.719,1,1,1,outputs/gate6/snapshots/exact_town12_route10_route0_09_04_14_40_59/f033708.npz
route10,PedestrianCrossing_5,PedestrianCrossing,33712,-1,26,3736,9,0.58689,0.50058,1.172,1,0,0,outputs/gate6/snapshots/exact_town12_route10_route0_09_04_14_40_59/f033712.npz
route10,PedestrianCrossing_5,PedestrianCrossing,33716,-1,28,5611,4,0.415,0.30128,1.377,1,0,0,outputs/gate6/snapshots/exact_town12_route10_route0_09_04_14_40_59/f033716.npz
route10,PedestrianCrossing_5,PedestrianCrossing,33720,-1,28,5611,4,1.10796,0.39407,2.812,1,1,1,outputs/gate6/snapshots/exact_town12_route10_route0_09_04_14_40_59/f033720.npz
route10,PedestrianCrossing_5,PedestrianCrossing,33724,-1,29,5611,5,1.34147,0.33327,4.025,1,1,1,outputs/gate6/snapshots/exact_town12_route10_route0_09_04_14_40_59/f033724.npz
route10,PedestrianCrossing_5,PedestrianCrossing,33728,-1,30,5611,5,1.39484,0.20682,6.744,1,1,1,outputs/gate6/snapshots/exact_town12_route10_route0_09_04_14_40_59/f033728.npz
route10,PedestrianCrossing_5,PedestrianCrossing,33732,-1,30,5611,5,1.24327,0.16803,7.399,1,1,1,outputs/gate6/snapshots/exact_town12_route10_route0_09_04_14_40_59/f033732.npz
route10,PedestrianCrossing_5,PedestrianCrossing,33736,-1,31,5611,5,1.01286,0.25609,3.955,1,1,1,outputs/gate6/snapshots/exact_town12_route10_route0_09_04_14_40_59/f033736.npz
route10,PedestrianCrossing_5,PedestrianCrossing,33740,-1,31,5611,5,0.80176,0.44243,1.812,1,1,1,outputs/gate6/snapshots/exact_town12_route10_route0_09_04_14_40_59/f033740.npz
route10,PedestrianCrossing_5,PedestrianCrossing,33744,-1,31,5618,2,0.57573,0.52355,1.1,1,0,0,outputs/gate6/snapshots/exact_town12_route10_route0_09_04_14_40_59/f033744.npz
route10,PedestrianCrossing_5,PedestrianCrossing,33748,-1,32,5618,3,0.6712,0.42458,1.581,1,1,1,outputs/gate6/snapshots/exact_town12_route10_route0_09_04_14_40_59/f033748.npz
route10,PedestrianCrossing_5,PedestrianCrossing,33752,-1,32,5618,3,0.57413,0.39866,1.44,1,0,0,outputs/gate6/snapshots/exact_town12_route10_route0_09_04_14_40_59/f033752.npz
route10,PedestrianCrossing_5,PedestrianCrossing,33756,-1,32,3734,13,0.31223,0.25591,1.22,1,0,0,outputs/gate6/snapshots/exact_town12_route10_route0_09_04_14_40_59/f033756.npz
route10,PedestrianCrossing_5,PedestrianCrossing,33760,-1,32,3734,13,0.32012,0.28386,1.128,1,0,0,outputs/gate6/snapshots/exact_town12_route10_route0_09_04_14_40_59/f033760.npz
route10,PedestrianCrossing_5,PedestrianCrossing,33764,-1,32,5618,3,0.39519,0.34499,1.146,1,0,0,outputs/gate6/snapshots/exact_town12_route10_route0_09_04_14_40_59/f033764.npz
route10,PedestrianCrossing_5,PedestrianCrossing,33768,-1,32,5618,3,0.64591,0.4417,1.462,1,0,0,outputs/gate6/snapshots/exact_town12_route10_route0_09_04_14_40_59/f033768.npz
route10,PedestrianCrossing_5,PedestrianCrossing,33772,-1,33,5618,4,0.74355,0.56385,1.319,1,0,0,outputs/gate6/snapshots/exact_town12_route10_route0_09_04_14_40_59/f033772.npz
route10,PedestrianCrossing_5,PedestrianCrossing,33776,-1,33,5618,4,0.75559,0.696,1.086,1,0,0,outputs/gate6/snapshots/exact_town12_route10_route0_09_04_14_40_59/f033776.npz
route10,PedestrianCrossing_5,PedestrianCrossing,33780,-1,32,3734,13,0.88711,0.64933,1.366,1,0,0,outputs/gate6/snapshots/exact_town12_route10_route0_09_04_14_40_59/f033780.npz
route10,PedestrianCrossing_5,PedestrianCrossing,33784,-1,32,3734,13,0.99962,0.54913,1.82,1,1,1,outputs/gate6/snapshots/exact_town12_route10_route0_09_04_14_40_59/f033784.npz
route10,PedestrianCrossing_5,PedestrianCrossing,33788,-1,32,3734,13,1.1521,0.5407,2.131,1,1,1,outputs/gate6/snapshots/exact_town12_route10_route0_09_04_14_40_59/f033788.npz
route10,PedestrianCrossing_5,PedestrianCrossing,33792,-1,32,3734,13,1.30257,0.47595,2.737,1,1,1,outputs/gate6/snapshots/exact_town12_route10_route0_09_04_14_40_59/f033792.npz
route10,PedestrianCrossing_5,PedestrianCrossing,33796,-1,32,3734,13,1.46309,0.33194,4.408,1,1,1,outputs/gate6/snapshots/exact_town12_route10_route0_09_04_14_40_59/f033796.npz
route10,PedestrianCrossing_5,PedestrianCrossing,33800,-1,32,3734,13,1.49636,0.28427,5.264,1,1,1,outputs/gate6/snapshots/exact_town12_route10_route0_09_04_14_40_59/f033800.npz
route10,PedestrianCrossing_5,PedestrianCrossing,33804,-1,32,3734,13,1.39433,0.47416,2.941,1,1,1,outputs/gate6/snapshots/exact_town12_route10_route0_09_04_14_40_59/f033804.npz
route10,PedestrianCrossing_5,PedestrianCrossing,33808,-1,32,3734,13,1.22145,0.76708,1.592,1,1,1,outputs/gate6/snapshots/exact_town12_route10_route0_09_04_14_40_59/f033808.npz
route10,PedestrianCrossing_5,PedestrianCrossing,33812,-1,32,3734,13,1.00959,0.76351,1.322,1,0,0,outputs/gate6/snapshots/exact_town12_route10_route0_09_04_14_40_59/f033812.npz
route10,PedestrianCrossing_5,PedestrianCrossing,33816,-1,33,5622,3,0.97904,0.70861,1.382,1,0,0,outputs/gate6/snapshots/exact_town12_route10_route0_09_04_14_40_59/f033816.npz
route10,PedestrianCrossing_5,PedestrianCrossing,33820,-1,33,5622,3,1.75459,0.36883,4.757,1,1,1,outputs/gate6/snapshots/exact_town12_route10_route0_09_04_14_40_59/f033820.npz
route10,PedestrianCrossing_5,PedestrianCrossing,33824,-1,33,5622,3,1.71624,0.63669,2.696,1,1,1,outputs/gate6/snapshots/exact_town12_route10_route0_09_04_14_40_59/f033824.npz
route10,PedestrianCrossing_5,PedestrianCrossing,33828,-1,33,5622,3,1.279,0.9505,1.346,1,0,0,outputs/gate6/snapshots/exact_town12_route10_route0_09_04_14_40_59/f033828.npz
route10,PedestrianCrossing_5,PedestrianCrossing,33832,-1,33,5622,3,1.23699,0.71864,1.721,1,1,1,outputs/gate6/snapshots/exact_town12_route10_route0_09_04_14_40_59/f033832.npz
route10,PedestrianCrossing_5,PedestrianCrossing,33836,-1,33,5622,3,1.10825,0.39781,2.786,1,1,1,outputs/gate6/snapshots/exact_town12_route10_route0_09_04_14_40_59/f033836.npz
route10,PedestrianCrossing_5,PedestrianCrossing,33840,-1,32,5622,3,0.52294,0.34681,1.508,1,1,1,outputs/gate6/snapshots/exact_town12_route10_route0_09_04_14_40_59/f033840.npz
route10,PedestrianCrossing_5,PedestrianCrossing,33844,-1,32,5618,6,0.13179,0.10216,1.29,0,0,0,outputs/gate6/snapshots/exact_town12_route10_route0_09_04_14_40_59/f033844.npz
route10,PedestrianCrossing_5,PedestrianCrossing,33848,-1,32,5618,6,0.14833,0.08471,1.751,0,1,0,outputs/gate6/snapshots/exact_town12_route10_route0_09_04_14_40_59/f033848.npz
route10,PedestrianCrossing_5,PedestrianCrossing,33852,-1,32,5618,6,0.09437,0.08606,1.097,0,0,0,outputs/gate6/snapshots/exact_town12_route10_route0_09_04_14_40_59/f033852.npz
route10,PedestrianCrossing_5,PedestrianCrossing,33856,-1,30,5618,6,0.11722,0.11152,1.051,0,0,0,outputs/gate6/snapshots/exact_town12_route10_route0_09_04_14_40_59/f033856.npz
route10,HardBreakRoute_5,HardBreakRoute,208,-1,16,3719,3,0.99652,0.0299,19.93,1,1,1,outputs/gate6/snapshots/exact_town12_route10_route0_09_04_14_40_59/f000208.npz
route10,HardBreakRoute_5,HardBreakRoute,212,-1,16,3719,3,1.62351,0.01693,32.47,1,1,1,outputs/gate6/snapshots/exact_town12_route10_route0_09_04_14_40_59/f000212.npz
route10,HardBreakRoute_5,HardBreakRoute,216,-1,16,3719,3,2.73893,0.01115,54.779,1,1,1,outputs/gate6/snapshots/exact_town12_route10_route0_09_04_14_40_59/f000216.npz
route10,HardBreakRoute_5,HardBreakRoute,220,-1,16,3719,3,3.77369,0.03832,75.474,1,1,1,outputs/gate6/snapshots/exact_town12_route10_route0_09_04_14_40_59/f000220.npz
route10,HardBreakRoute_5,HardBreakRoute,224,-1,20,3719,3,3.22378,0.044,64.476,1,1,1,outputs/gate6/snapshots/exact_town12_route10_route0_09_04_14_40_59/f000224.npz
route10,HardBreakRoute_5,HardBreakRoute,228,-1,20,3719,3,4.75579,0.04221,95.116,1,1,1,outputs/gate6/snapshots/exact_town12_route10_route0_09_04_14_40_59/f000228.npz
route10,HardBreakRoute_5,HardBreakRoute,232,-1,20,3719,3,1.16246,0.18215,6.382,1,1,1,outputs/gate6/snapshots/exact_town12_route10_route0_09_04_14_40_59/f000232.npz
route10,HardBreakRoute_5,HardBreakRoute,236,-1,20,3720,2,0.43548,0.13482,3.23,1,1,1,outputs/gate6/snapshots/exact_town12_route10_route0_09_04_14_40_59/f000236.npz
route10,HardBreakRoute_5,HardBreakRoute,240,-1,19,3720,2,0.6572,0.08595,7.646,1,1,1,outputs/gate6/snapshots/exact_town12_route10_route0_09_04_14_40_59/f000240.npz
route10,HardBreakRoute_5,HardBreakRoute,244,-1,19,3720,2,0.88241,0.04148,17.648,1,1,1,outputs/gate6/snapshots/exact_town12_route10_route0_09_04_14_40_59/f000244.npz
route10,HardBreakRoute_5,HardBreakRoute,248,-1,21,3720,2,0.96317,0.02545,19.263,1,1,1,outputs/gate6/snapshots/exact_town12_route10_route0_09_04_14_40_59/f000248.npz
route10,HardBreakRoute_5,HardBreakRoute,252,-1,21,3720,2,1.53736,0.03955,30.747,1,1,1,outputs/gate6/snapshots/exact_town12_route10_route0_09_04_14_40_59/f000252.npz
route10,HardBreakRoute_5,HardBreakRoute,256,-1,21,3720,2,1.83689,0.02478,36.738,1,1,1,outputs/gate6/snapshots/exact_town12_route10_route0_09_04_14_40_59/f000256.npz
route10,HardBreakRoute_5,HardBreakRoute,260,-1,21,3720,2,2.03912,0.01789,40.782,1,1,1,outputs/gate6/snapshots/exact_town12_route10_route0_09_04_14_40_59/f000260.npz
route10,HardBreakRoute_5,HardBreakRoute,264,-1,21,3720,2,3.07208,0.01034,61.442,1,1,1,outputs/gate6/snapshots/exact_town12_route10_route0_09_04_14_40_59/f000264.npz
route10,HardBreakRoute_5,HardBreakRoute,268,-1,21,3720,2,4.19485,0.00669,83.897,1,1,1,outputs/gate6/snapshots/exact_town12_route10_route0_09_04_14_40_59/f000268.npz
route10,HardBreakRoute_5,HardBreakRoute,272,-1,21,3720,2,5.31431,0.01465,106.286,1,1,1,outputs/gate6/snapshots/exact_town12_route10_route0_09_04_14_40_59/f000272.npz
route10,HardBreakRoute_5,HardBreakRoute,276,-1,23,3720,2,4.88747,0.01581,97.749,1,1,1,outputs/gate6/snapshots/exact_town12_route10_route0_09_04_14_40_59/f000276.npz
route10,HardBreakRoute_5,HardBreakRoute,280,-1,24,3720,3,6.27545,0.13619,46.08,1,1,1,outputs/gate6/snapshots/exact_town12_route10_route0_09_04_14_40_59/f000280.npz
route10,HardBreakRoute_5,HardBreakRoute,284,-1,25,3720,4,4.38611,0.31412,13.963,1,1,1,outputs/gate6/snapshots/exact_town12_route10_route0_09_04_14_40_59/f000284.npz
route10,HardBreakRoute_5,HardBreakRoute,288,-1,25,3720,4,1.03091,0.47163,2.186,1,1,1,outputs/gate6/snapshots/exact_town12_route10_route0_09_04_14_40_59/f000288.npz
route10,HardBreakRoute_5,HardBreakRoute,292,-1,24,3720,4,1.52879,0.92728,1.649,1,1,1,outputs/gate6/snapshots/exact_town12_route10_route0_09_04_14_40_59/f000292.npz
route10,HardBreakRoute_5,HardBreakRoute,296,-1,24,3719,5,1.71949,1.27108,1.353,1,0,0,outputs/gate6/snapshots/exact_town12_route10_route0_09_04_14_40_59/f000296.npz
route10,HardBreakRoute_5,HardBreakRoute,300,-1,24,3719,5,2.00261,0.511,3.919,1,1,1,outputs/gate6/snapshots/exact_town12_route10_route0_09_04_14_40_59/f000300.npz
route10,HardBreakRoute_5,HardBreakRoute,304,-1,24,3719,5,1.54414,0.435,3.55,1,1,1,outputs/gate6/snapshots/exact_town12_route10_route0_09_04_14_40_59/f000304.npz
route10,HardBreakRoute_5,HardBreakRoute,308,-1,24,3719,5,0.61285,0.44824,1.367,1,0,0,outputs/gate6/snapshots/exact_town12_route10_route0_09_04_14_40_59/f000308.npz
route10,HardBreakRoute_5,HardBreakRoute,312,-1,24,3720,4,1.75201,0.99315,1.764,1,1,1,outputs/gate6/snapshots/exact_town12_route10_route0_09_04_14_40_59/f000312.npz
route10,HardBreakRoute_5,HardBreakRoute,316,-1,24,3720,4,4.58218,1.27029,3.607,1,1,1,outputs/gate6/snapshots/exact_town12_route10_route0_09_04_14_40_59/f000316.npz
route10,HardBreakRoute_5,HardBreakRoute,320,-1,23,3720,4,6.55786,1.36216,4.814,1,1,1,outputs/gate6/snapshots/exact_town12_route10_route0_09_04_14_40_59/f000320.npz
route10,HardBreakRoute_5,HardBreakRoute,324,-1,22,3720,4,3.67709,1.47259,2.497,1,1,1,outputs/gate6/snapshots/exact_town12_route10_route0_09_04_14_40_59/f000324.npz
route10,HardBreakRoute_5,HardBreakRoute,328,-1,20,3720,4,4.17111,2.19203,1.903,1,1,1,outputs/gate6/snapshots/exact_town12_route10_route0_09_04_14_40_59/f000328.npz
route10,HardBreakRoute_5,HardBreakRoute,332,-1,19,3720,4,5.34781,2.52768,2.116,1,1,1,outputs/gate6/snapshots/exact_town12_route10_route0_09_04_14_40_59/f000332.npz
route10,HardBreakRoute_5,HardBreakRoute,336,-1,19,3720,4,6.2667,2.5412,2.466,1,1,1,outputs/gate6/snapshots/exact_town12_route10_route0_09_04_14_40_59/f000336.npz
route10,HardBreakRoute_5,HardBreakRoute,340,-1,21,3720,4,6.75679,2.187,3.09,1,1,1,outputs/gate6/snapshots/exact_town12_route10_route0_09_04_14_40_59/f000340.npz
route10,HardBreakRoute_5,HardBreakRoute,344,-1,22,3720,4,6.77522,1.63133,4.153,1,1,1,outputs/gate6/snapshots/exact_town12_route10_route0_09_04_14_40_59/f000344.npz
route10,HardBreakRoute_5,HardBreakRoute,348,-1,24,3720,4,6.65734,3.73952,1.78,1,1,1,outputs/gate6/snapshots/exact_town12_route10_route0_09_04_14_40_59/f000348.npz
route10,HardBreakRoute_5,HardBreakRoute,352,-1,25,3720,4,6.01733,3.28235,1.833,1,1,1,outputs/gate6/snapshots/exact_town12_route10_route0_09_04_14_40_59/f000352.npz
route10,HardBreakRoute_5,HardBreakRoute,356,-1,25,3720,4,5.34804,2.97616,1.797,1,1,1,outputs/gate6/snapshots/exact_town12_route10_route0_09_04_14_40_59/f000356.npz
route10,HardBreakRoute_5,HardBreakRoute,360,-1,25,3720,4,6.63212,1.67137,3.968,1,1,1,outputs/gate6/snapshots/exact_town12_route10_route0_09_04_14_40_59/f000360.npz
route10,HardBreakRoute_5,HardBreakRoute,364,-1,25,3720,4,5.98682,2.97736,2.011,1,1,1,outputs/gate6/snapshots/exact_town12_route10_route0_09_04_14_40_59/f000364.npz
route10,HardBreakRoute_5,HardBreakRoute,368,-1,25,3720,4,5.78639,3.73408,1.55,1,1,1,outputs/gate6/snapshots/exact_town12_route10_route0_09_04_14_40_59/f000368.npz
route10,HardBreakRoute_5,HardBreakRoute,372,-1,27,3720,5,5.54962,2.87738,1.929,1,1,1,outputs/gate6/snapshots/exact_town12_route10_route0_09_04_14_40_59/f000372.npz
route10,HardBreakRoute_5,HardBreakRoute,376,-1,28,3720,5,6.66492,1.74869,3.811,1,1,1,outputs/gate6/snapshots/exact_town12_route10_route0_09_04_14_40_59/f000376.npz
route10,HardBreakRoute_5,HardBreakRoute,380,-1,28,3720,5,5.37635,0.71904,7.477,1,1,1,outputs/gate6/snapshots/exact_town12_route10_route0_09_04_14_40_59/f000380.npz
route10,HardBreakRoute_5,HardBreakRoute,384,-1,28,3720,5,4.36856,0.69788,6.26,1,1,1,outputs/gate6/snapshots/exact_town12_route10_route0_09_04_14_40_59/f000384.npz
route10,HardBreakRoute_5,HardBreakRoute,388,-1,28,3720,5,2.10463,0.62707,3.356,1,1,1,outputs/gate6/snapshots/exact_town12_route10_route0_09_04_14_40_59/f000388.npz
route10,HardBreakRoute_5,HardBreakRoute,392,-1,28,3720,5,3.04806,1.69221,1.801,1,1,1,outputs/gate6/snapshots/exact_town12_route10_route0_09_04_14_40_59/f000392.npz
route10,HardBreakRoute_5,HardBreakRoute,396,-1,29,3720,6,4.01321,2.73842,1.466,1,0,0,outputs/gate6/snapshots/exact_town12_route10_route0_09_04_14_40_59/f000396.npz
route10,HardBreakRoute_5,HardBreakRoute,400,-1,28,3720,5,4.1397,3.88165,1.066,1,0,0,outputs/gate6/snapshots/exact_town12_route10_route0_09_04_14_40_59/f000400.npz
route10,HardBreakRoute_5,HardBreakRoute,404,-1,28,3720,5,3.36745,2.71193,1.242,1,0,0,outputs/gate6/snapshots/exact_town12_route10_route0_09_04_14_40_59/f000404.npz
route10,HardBreakRoute_5,HardBreakRoute,408,-1,27,3720,5,4.68561,1.33574,3.508,1,1,1,outputs/gate6/snapshots/exact_town12_route10_route0_09_04_14_40_59/f000408.npz
route10,HardBreakRoute_5,HardBreakRoute,412,-1,28,3720,5,4.0521,1.10209,3.677,1,1,1,outputs/gate6/snapshots/exact_town12_route10_route0_09_04_14_40_59/f000412.npz
route10,HardBreakRoute_5,HardBreakRoute,416,-1,28,3720,5,3.71382,1.29045,2.878,1,1,1,outputs/gate6/snapshots/exact_town12_route10_route0_09_04_14_40_59/f000416.npz
route10,HardBreakRoute_5,HardBreakRoute,420,-1,28,3720,5,3.28535,1.79258,1.833,1,1,1,outputs/gate6/snapshots/exact_town12_route10_route0_09_04_14_40_59/f000420.npz
route10,HardBreakRoute_5,HardBreakRoute,424,-1,28,3720,5,3.38131,2.11499,1.599,1,1,1,outputs/gate6/snapshots/exact_town12_route10_route0_09_04_14_40_59/f000424.npz
route10,HardBreakRoute_5,HardBreakRoute,428,-1,28,3720,5,4.43117,1.11663,3.968,1,1,1,outputs/gate6/snapshots/exact_town12_route10_route0_09_04_14_40_59/f000428.npz
route10,HardBreakRoute_5,HardBreakRoute,432,-1,28,3720,5,4.53087,1.05338,4.301,1,1,1,outputs/gate6/snapshots/exact_town12_route10_route0_09_04_14_40_59/f000432.npz
route10,HardBreakRoute_5,HardBreakRoute,436,-1,28,3720,5,3.86412,1.0921,3.538,1,1,1,outputs/gate6/snapshots/exact_town12_route10_route0_09_04_14_40_59/f000436.npz
route10,HardBreakRoute_5,HardBreakRoute,440,-1,28,3720,5,2.59706,1.30001,1.998,1,1,1,outputs/gate6/snapshots/exact_town12_route10_route0_09_04_14_40_59/f000440.npz
route10,HardBreakRoute_5,HardBreakRoute,444,-1,28,3720,5,2.46203,1.23094,2.0,1,1,1,outputs/gate6/snapshots/exact_town12_route10_route0_09_04_14_40_59/f000444.npz
route10,HardBreakRoute_5,HardBreakRoute,448,-1,28,3720,5,4.66086,0.66743,6.983,1,1,1,outputs/gate6/snapshots/exact_town12_route10_route0_09_04_14_40_59/f000448.npz
route10,HardBreakRoute_5,HardBreakRoute,452,-1,28,3720,5,3.78444,0.74526,5.078,1,1,1,outputs/gate6/snapshots/exact_town12_route10_route0_09_04_14_40_59/f000452.npz
route10,HardBreakRoute_5,HardBreakRoute,456,-1,28,3720,5,3.71414,0.70197,5.291,1,1,1,outputs/gate6/snapshots/exact_town12_route10_route0_09_04_14_40_59/f000456.npz
route10,HardBreakRoute_5,HardBreakRoute,460,-1,28,3720,5,3.79426,0.69778,5.438,1,1,1,outputs/gate6/snapshots/exact_town12_route10_route0_09_04_14_40_59/f000460.npz
route10,HardBreakRoute_5,HardBreakRoute,464,-1,28,3720,5,4.20906,0.65869,6.39,1,1,1,outputs/gate6/snapshots/exact_town12_route10_route0_09_04_14_40_59/f000464.npz
route10,HardBreakRoute_5,HardBreakRoute,468,-1,28,3720,5,4.19235,0.6184,6.779,1,1,1,outputs/gate6/snapshots/exact_town12_route10_route0_09_04_14_40_59/f000468.npz
route10,HardBreakRoute_5,HardBreakRoute,472,-1,28,3720,5,4.59141,0.57348,8.006,1,1,1,outputs/gate6/snapshots/exact_town12_route10_route0_09_04_14_40_59/f000472.npz
route10,HardBreakRoute_5,HardBreakRoute,476,-1,28,3720,5,4.80967,0.5394,8.917,1,1,1,outputs/gate6/snapshots/exact_town12_route10_route0_09_04_14_40_59/f000476.npz
route10,HardBreakRoute_5,HardBreakRoute,480,-1,28,3720,5,4.80741,0.62923,7.64,1,1,1,outputs/gate6/snapshots/exact_town12_route10_route0_09_04_14_40_59/f000480.npz
route10,HardBreakRoute_5,HardBreakRoute,484,-1,28,3720,5,4.84158,0.64877,7.463,1,1,1,outputs/gate6/snapshots/exact_town12_route10_route0_09_04_14_40_59/f000484.npz
route10,HardBreakRoute_5,HardBreakRoute,488,-1,28,3720,5,4.85312,0.66089,7.343,1,1,1,outputs/gate6/snapshots/exact_town12_route10_route0_09_04_14_40_59/f000488.npz
route10,HardBreakRoute_5,HardBreakRoute,492,-1,28,3720,5,4.98822,0.6317,7.897,1,1,1,outputs/gate6/snapshots/exact_town12_route10_route0_09_04_14_40_59/f000492.npz
route10,HardBreakRoute_5,HardBreakRoute,496,-1,27,3720,4,4.77942,0.66325,7.206,1,1,1,outputs/gate6/snapshots/exact_town12_route10_route0_09_04_14_40_59/f000496.npz
route10,HardBreakRoute_5,HardBreakRoute,500,-1,27,3720,4,4.91201,0.69829,7.034,1,1,1,outputs/gate6/snapshots/exact_town12_route10_route0_09_04_14_40_59/f000500.npz
route10,HardBreakRoute_5,HardBreakRoute,504,-1,27,3720,4,4.94623,0.66558,7.431,1,1,1,outputs/gate6/snapshots/exact_town12_route10_route0_09_04_14_40_59/f000504.npz
route10,HardBreakRoute_5,HardBreakRoute,508,-1,28,3720,5,4.65437,0.72002,6.464,1,1,1,outputs/gate6/snapshots/exact_town12_route10_route0_09_04_14_40_59/f000508.npz
route10,HardBreakRoute_5,HardBreakRoute,512,-1,28,3720,5,4.4051,0.68268,6.453,1,1,1,outputs/gate6/snapshots/exact_town12_route10_route0_09_04_14_40_59/f000512.npz
route10,HardBreakRoute_5,HardBreakRoute,516,-1,28,3720,5,4.4189,0.67842,6.514,1,1,1,outputs/gate6/snapshots/exact_town12_route10_route0_09_04_14_40_59/f000516.npz
route10,HardBreakRoute_5,HardBreakRoute,520,-1,28,3720,5,4.11828,0.65734,6.265,1,1,1,outputs/gate6/snapshots/exact_town12_route10_route0_09_04_14_40_59/f000520.npz
route10,HardBreakRoute_5,HardBreakRoute,524,-1,28,3720,5,4.20342,0.65691,6.399,1,1,1,outputs/gate6/snapshots/exact_town12_route10_route0_09_04_14_40_59/f000524.npz
route10,HardBreakRoute_5,HardBreakRoute,528,-1,28,3720,5,4.30123,0.66612,6.457,1,1,1,outputs/gate6/snapshots/exact_town12_route10_route0_09_04_14_40_59/f000528.npz
route10,HardBreakRoute_5,HardBreakRoute,532,-1,28,3720,5,4.31186,0.65006,6.633,1,1,1,outputs/gate6/snapshots/exact_town12_route10_route0_09_04_14_40_59/f000532.npz
route10,HardBreakRoute_5,HardBreakRoute,536,-1,28,3720,5,4.85859,0.79018,6.149,1,1,1,outputs/gate6/snapshots/exact_town12_route10_route0_09_04_14_40_59/f000536.npz
route10,HardBreakRoute_5,HardBreakRoute,540,-1,28,3720,5,5.0599,0.74252,6.815,1,1,1,outputs/gate6/snapshots/exact_town12_route10_route0_09_04_14_40_59/f000540.npz
route10,HardBreakRoute_5,HardBreakRoute,544,-1,28,3720,5,4.80412,0.78057,6.155,1,1,1,outputs/gate6/snapshots/exact_town12_route10_route0_09_04_14_40_59/f000544.npz
route10,HardBreakRoute_5,HardBreakRoute,548,-1,28,3720,5,4.52641,0.74322,6.09,1,1,1,outputs/gate6/snapshots/exact_town12_route10_route0_09_04_14_40_59/f000548.npz
route10,HardBreakRoute_5,HardBreakRoute,552,-1,28,3720,5,3.99972,0.62728,6.376,1,1,1,outputs/gate6/snapshots/exact_town12_route10_route0_09_04_14_40_59/f000552.npz
route10,HardBreakRoute_5,HardBreakRoute,556,-1,28,3720,5,3.73129,0.56889,6.559,1,1,1,outputs/gate6/snapshots/exact_town12_route10_route0_09_04_14_40_59/f000556.npz
route10,HardBreakRoute_5,HardBreakRoute,560,-1,28,3720,5,3.65754,0.55901,6.543,1,1,1,outputs/gate6/snapshots/exact_town12_route10_route0_09_04_14_40_59/f000560.npz
route10,HardBreakRoute_5,HardBreakRoute,564,-1,28,3720,5,3.43882,1.9284,1.783,1,1,1,outputs/gate6/snapshots/exact_town12_route10_route0_09_04_14_40_59/f000564.npz
route10,HardBreakRoute_5,HardBreakRoute,568,-1,28,3720,5,3.5238,2.28143,1.545,1,1,1,outputs/gate6/snapshots/exact_town12_route10_route0_09_04_14_40_59/f000568.npz
route10,HardBreakRoute_5,HardBreakRoute,572,-1,28,3720,5,3.57425,2.86148,1.249,1,0,0,outputs/gate6/snapshots/exact_town12_route10_route0_09_04_14_40_59/f000572.npz
route10,HardBreakRoute_5,HardBreakRoute,576,-1,28,3720,5,4.07046,3.02992,1.343,1,0,0,outputs/gate6/snapshots/exact_town12_route10_route0_09_04_14_40_59/f000576.npz
route10,HardBreakRoute_5,HardBreakRoute,580,-1,28,3720,5,4.61334,0.61288,7.527,1,1,1,outputs/gate6/snapshots/exact_town12_route10_route0_09_04_14_40_59/f000580.npz
route10,HardBreakRoute_5,HardBreakRoute,584,-1,28,3720,5,4.75083,0.7323,6.488,1,1,1,outputs/gate6/snapshots/exact_town12_route10_route0_09_04_14_40_59/f000584.npz
route10,HardBreakRoute_5,HardBreakRoute,588,-1,28,3720,5,4.2979,0.5421,7.928,1,1,1,outputs/gate6/snapshots/exact_town12_route10_route0_09_04_14_40_59/f000588.npz
route10,HardBreakRoute_5,HardBreakRoute,592,-1,27,3720,5,4.17537,0.68042,6.136,1,1,1,outputs/gate6/snapshots/exact_town12_route10_route0_09_04_14_40_59/f000592.npz
route10,HardBreakRoute_5,HardBreakRoute,596,-1,27,3720,5,4.48595,0.6733,6.663,1,1,1,outputs/gate6/snapshots/exact_town12_route10_route0_09_04_14_40_59/f000596.npz
route10,HardBreakRoute_5,HardBreakRoute,600,-1,27,3720,5,4.47097,0.60896,7.342,1,1,1,outputs/gate6/snapshots/exact_town12_route10_route0_09_04_14_40_59/f000600.npz
route10,HardBreakRoute_5,HardBreakRoute,604,-1,26,3720,4,4.3029,0.58156,7.399,1,1,1,outputs/gate6/snapshots/exact_town12_route10_route0_09_04_14_40_59/f000604.npz
route10,HardBreakRoute_5,HardBreakRoute,608,-1,26,3720,4,4.27686,0.54069,7.91,1,1,1,outputs/gate6/snapshots/exact_town12_route10_route0_09_04_14_40_59/f000608.npz
route10,HardBreakRoute_5,HardBreakRoute,612,-1,26,3720,4,4.66236,0.64905,7.183,1,1,1,outputs/gate6/snapshots/exact_town12_route10_route0_09_04_14_40_59/f000612.npz
route10,HardBreakRoute_5,HardBreakRoute,616,-1,27,3720,5,4.15729,0.71612,5.805,1,1,1,outputs/gate6/snapshots/exact_town12_route10_route0_09_04_14_40_59/f000616.npz
route10,HardBreakRoute_5,HardBreakRoute,620,-1,27,3720,5,3.78992,0.70558,5.371,1,1,1,outputs/gate6/snapshots/exact_town12_route10_route0_09_04_14_40_59/f000620.npz
route10,HardBreakRoute_5,HardBreakRoute,624,-1,27,3720,5,3.76462,0.68269,5.514,1,1,1,outputs/gate6/snapshots/exact_town12_route10_route0_09_04_14_40_59/f000624.npz
route10,HardBreakRoute_5,HardBreakRoute,628,-1,26,3720,5,3.7918,0.73945,5.128,1,1,1,outputs/gate6/snapshots/exact_town12_route10_route0_09_04_14_40_59/f000628.npz
route10,HardBreakRoute_5,HardBreakRoute,632,-1,26,3720,5,3.31368,0.59122,5.605,1,1,1,outputs/gate6/snapshots/exact_town12_route10_route0_09_04_14_40_59/f000632.npz
route10,HardBreakRoute_5,HardBreakRoute,636,-1,26,3720,5,3.50383,0.54309,6.452,1,1,1,outputs/gate6/snapshots/exact_town12_route10_route0_09_04_14_40_59/f000636.npz
route10,HardBreakRoute_5,HardBreakRoute,640,-1,26,3720,5,3.49359,0.56612,6.171,1,1,1,outputs/gate6/snapshots/exact_town12_route10_route0_09_04_14_40_59/f000640.npz
route10,HardBreakRoute_5,HardBreakRoute,644,-1,26,3720,5,3.96111,0.73343,5.401,1,1,1,outputs/gate6/snapshots/exact_town12_route10_route0_09_04_14_40_59/f000644.npz
route10,HardBreakRoute_5,HardBreakRoute,648,-1,26,3720,5,4.0342,0.73625,5.479,1,1,1,outputs/gate6/snapshots/exact_town12_route10_route0_09_04_14_40_59/f000648.npz
route10,HardBreakRoute_5,HardBreakRoute,652,-1,26,3720,5,3.53679,0.69822,5.065,1,1,1,outputs/gate6/snapshots/exact_town12_route10_route0_09_04_14_40_59/f000652.npz
route10,HardBreakRoute_5,HardBreakRoute,656,-1,26,3720,5,3.53488,0.68351,5.172,1,1,1,outputs/gate6/snapshots/exact_town12_route10_route0_09_04_14_40_59/f000656.npz
route10,HardBreakRoute_5,HardBreakRoute,660,-1,26,3720,5,3.25414,0.60531,5.376,1,1,1,outputs/gate6/snapshots/exact_town12_route10_route0_09_04_14_40_59/f000660.npz
route10,HardBreakRoute_5,HardBreakRoute,664,-1,26,3720,5,3.27409,0.56705,5.774,1,1,1,outputs/gate6/snapshots/exact_town12_route10_route0_09_04_14_40_59/f000664.npz
route10,HardBreakRoute_5,HardBreakRoute,668,-1,26,3720,5,3.44432,0.52127,6.607,1,1,1,outputs/gate6/snapshots/exact_town12_route10_route0_09_04_14_40_59/f000668.npz
route10,HardBreakRoute_5,HardBreakRoute,672,-1,26,3720,5,3.51589,0.49845,7.054,1,1,1,outputs/gate6/snapshots/exact_town12_route10_route0_09_04_14_40_59/f000672.npz
route10,HardBreakRoute_5,HardBreakRoute,676,-1,26,3720,5,4.14911,0.59885,6.928,1,1,1,outputs/gate6/snapshots/exact_town12_route10_route0_09_04_14_40_59/f000676.npz
route10,HardBreakRoute_5,HardBreakRoute,680,-1,26,3720,5,4.25991,0.64576,6.597,1,1,1,outputs/gate6/snapshots/exact_town12_route10_route0_09_04_14_40_59/f000680.npz
route10,HardBreakRoute_5,HardBreakRoute,684,-1,26,3720,5,4.1385,0.53581,7.724,1,1,1,outputs/gate6/snapshots/exact_town12_route10_route0_09_04_14_40_59/f000684.npz
route10,HardBreakRoute_5,HardBreakRoute,688,-1,26,3720,5,4.63188,0.61913,7.481,1,1,1,outputs/gate6/snapshots/exact_town12_route10_route0_09_04_14_40_59/f000688.npz
route10,HardBreakRoute_5,HardBreakRoute,692,-1,26,3720,5,4.45751,0.53466,8.337,1,1,1,outputs/gate6/snapshots/exact_town12_route10_route0_09_04_14_40_59/f000692.npz
route10,HardBreakRoute_5,HardBreakRoute,696,-1,26,3720,5,4.47483,0.47392,9.442,1,1,1,outputs/gate6/snapshots/exact_town12_route10_route0_09_04_14_40_59/f000696.npz
route10,HardBreakRoute_5,HardBreakRoute,700,-1,26,3720,5,4.7989,0.61907,7.752,1,1,1,outputs/gate6/snapshots/exact_town12_route10_route0_09_04_14_40_59/f000700.npz
route10,HardBreakRoute_5,HardBreakRoute,704,-1,26,3720,5,4.99012,0.62433,7.993,1,1,1,outputs/gate6/snapshots/exact_town12_route10_route0_09_04_14_40_59/f000704.npz
route10,HardBreakRoute_5,HardBreakRoute,708,-1,25,3720,4,5.06631,0.59055,8.579,1,1,1,outputs/gate6/snapshots/exact_town12_route10_route0_09_04_14_40_59/f000708.npz
route10,HardBreakRoute_5,HardBreakRoute,712,-1,25,3720,4,4.79943,0.62201,7.716,1,1,1,outputs/gate6/snapshots/exact_town12_route10_route0_09_04_14_40_59/f000712.npz
route10,HardBreakRoute_5,HardBreakRoute,716,-1,25,3720,4,4.75844,0.6246,7.618,1,1,1,outputs/gate6/snapshots/exact_town12_route10_route0_09_04_14_40_59/f000716.npz
route10,HardBreakRoute_5,HardBreakRoute,720,-1,25,3720,4,4.74561,0.62911,7.543,1,1,1,outputs/gate6/snapshots/exact_town12_route10_route0_09_04_14_40_59/f000720.npz
route10,HardBreakRoute_5,HardBreakRoute,724,-1,26,3720,5,4.40079,0.69061,6.372,1,1,1,outputs/gate6/snapshots/exact_town12_route10_route0_09_04_14_40_59/f000724.npz
route10,HardBreakRoute_5,HardBreakRoute,728,-1,26,3720,5,4.3955,0.6924,6.348,1,1,1,outputs/gate6/snapshots/exact_town12_route10_route0_09_04_14_40_59/f000728.npz
route10,HardBreakRoute_5,HardBreakRoute,732,-1,26,3720,5,4.41307,0.69425,6.357,1,1,1,outputs/gate6/snapshots/exact_town12_route10_route0_09_04_14_40_59/f000732.npz
route10,HardBreakRoute_5,HardBreakRoute,736,-1,26,3720,5,4.44005,0.70072,6.336,1,1,1,outputs/gate6/snapshots/exact_town12_route10_route0_09_04_14_40_59/f000736.npz
route10,HardBreakRoute_5,HardBreakRoute,740,-1,26,3720,5,4.241,0.70894,5.982,1,1,1,outputs/gate6/snapshots/exact_town12_route10_route0_09_04_14_40_59/f000740.npz
route10,HardBreakRoute_5,HardBreakRoute,744,-1,26,3720,5,4.31156,0.7142,6.037,1,1,1,outputs/gate6/snapshots/exact_town12_route10_route0_09_04_14_40_59/f000744.npz
route10,HardBreakRoute_5,HardBreakRoute,748,-1,26,3720,5,4.36503,0.71641,6.093,1,1,1,outputs/gate6/snapshots/exact_town12_route10_route0_09_04_14_40_59/f000748.npz
route10,HardBreakRoute_5,HardBreakRoute,752,-1,26,3720,5,4.4023,0.71877,6.125,1,1,1,outputs/gate6/snapshots/exact_town12_route10_route0_09_04_14_40_59/f000752.npz
route10,HardBreakRoute_5,HardBreakRoute,756,-1,26,3720,5,4.46894,0.71549,6.246,1,1,1,outputs/gate6/snapshots/exact_town12_route10_route0_09_04_14_40_59/f000756.npz
route10,HardBreakRoute_5,HardBreakRoute,760,-1,26,3720,5,4.49098,0.72244,6.216,1,1,1,outputs/gate6/snapshots/exact_town12_route10_route0_09_04_14_40_59/f000760.npz
route10,HardBreakRoute_5,HardBreakRoute,764,-1,26,3720,5,4.46824,0.71367,6.261,1,1,1,outputs/gate6/snapshots/exact_town12_route10_route0_09_04_14_40_59/f000764.npz
route10,HardBreakRoute_5,HardBreakRoute,768,-1,27,3720,5,4.41756,0.70199,6.293,1,1,1,outputs/gate6/snapshots/exact_town12_route10_route0_09_04_14_40_59/f000768.npz
route10,HardBreakRoute_5,HardBreakRoute,772,-1,27,3720,5,4.04881,0.65562,6.176,1,1,1,outputs/gate6/snapshots/exact_town12_route10_route0_09_04_14_40_59/f000772.npz
route10,HardBreakRoute_5,HardBreakRoute,776,-1,27,3720,5,4.21351,0.6668,6.319,1,1,1,outputs/gate6/snapshots/exact_town12_route10_route0_09_04_14_40_59/f000776.npz
route10,HardBreakRoute_5,HardBreakRoute,780,-1,27,3720,5,4.15019,0.64608,6.424,1,1,1,outputs/gate6/snapshots/exact_town12_route10_route0_09_04_14_40_59/f000780.npz
route10,HardBreakRoute_5,HardBreakRoute,784,-1,27,3720,5,4.20915,0.62949,6.687,1,1,1,outputs/gate6/snapshots/exact_town12_route10_route0_09_04_14_40_59/f000784.npz
route10,HardBreakRoute_5,HardBreakRoute,788,-1,27,3720,5,4.14888,0.60747,6.83,1,1,1,outputs/gate6/snapshots/exact_town12_route10_route0_09_04_14_40_59/f000788.npz
route10,HardBreakRoute_5,HardBreakRoute,792,-1,27,3720,5,4.32457,0.64512,6.704,1,1,1,outputs/gate6/snapshots/exact_town12_route10_route0_09_04_14_40_59/f000792.npz
route10,HardBreakRoute_5,HardBreakRoute,796,-1,27,3720,5,4.32889,0.62543,6.921,1,1,1,outputs/gate6/snapshots/exact_town12_route10_route0_09_04_14_40_59/f000796.npz
route10,HardBreakRoute_5,HardBreakRoute,800,-1,27,3720,5,4.51781,0.5661,7.981,1,1,1,outputs/gate6/snapshots/exact_town12_route10_route0_09_04_14_40_59/f000800.npz
route10,HardBreakRoute_5,HardBreakRoute,804,-1,27,3720,5,4.54794,0.54039,8.416,1,1,1,outputs/gate6/snapshots/exact_town12_route10_route0_09_04_14_40_59/f000804.npz
route10,HardBreakRoute_5,HardBreakRoute,808,-1,27,3720,5,4.57109,0.52604,8.69,1,1,1,outputs/gate6/snapshots/exact_town12_route10_route0_09_04_14_40_59/f000808.npz
route10,HardBreakRoute_5,HardBreakRoute,812,-1,27,3720,5,4.68503,0.60878,7.696,1,1,1,outputs/gate6/snapshots/exact_town12_route10_route0_09_04_14_40_59/f000812.npz
route10,HardBreakRoute_5,HardBreakRoute,816,-1,26,3720,4,4.71987,0.57489,8.21,1,1,1,outputs/gate6/snapshots/exact_town12_route10_route0_09_04_14_40_59/f000816.npz
route10,HardBreakRoute_5,HardBreakRoute,820,-1,26,3720,4,4.78938,0.60692,7.891,1,1,1,outputs/gate6/snapshots/exact_town12_route10_route0_09_04_14_40_59/f000820.npz
route10,HardBreakRoute_5,HardBreakRoute,824,-1,26,3720,4,4.74243,0.60251,7.871,1,1,1,outputs/gate6/snapshots/exact_town12_route10_route0_09_04_14_40_59/f000824.npz
route10,HardBreakRoute_5,HardBreakRoute,828,-1,26,3720,4,4.69376,0.60182,7.799,1,1,1,outputs/gate6/snapshots/exact_town12_route10_route0_09_04_14_40_59/f000828.npz
route10,HardBreakRoute_5,HardBreakRoute,832,-1,26,3720,4,4.65215,0.60304,7.715,1,1,1,outputs/gate6/snapshots/exact_town12_route10_route0_09_04_14_40_59/f000832.npz
route10,HardBreakRoute_5,HardBreakRoute,836,-1,27,3720,5,4.2513,0.65165,6.524,1,1,1,outputs/gate6/snapshots/exact_town12_route10_route0_09_04_14_40_59/f000836.npz
route10,HardBreakRoute_5,HardBreakRoute,840,-1,27,3720,5,4.18904,0.64861,6.459,1,1,1,outputs/gate6/snapshots/exact_town12_route10_route0_09_04_14_40_59/f000840.npz
route10,HardBreakRoute_5,HardBreakRoute,844,-1,27,3720,5,4.19356,0.65165,6.435,1,1,1,outputs/gate6/snapshots/exact_town12_route10_route0_09_04_14_40_59/f000844.npz
route10,HardBreakRoute_5,HardBreakRoute,848,-1,27,3720,5,3.98099,0.65806,6.05,1,1,1,outputs/gate6/snapshots/exact_town12_route10_route0_09_04_14_40_59/f000848.npz
route10,HardBreakRoute_5,HardBreakRoute,852,-1,27,3720,5,4.00818,0.66321,6.044,1,1,1,outputs/gate6/snapshots/exact_town12_route10_route0_09_04_14_40_59/f000852.npz
route10,HardBreakRoute_5,HardBreakRoute,856,-1,27,3720,5,4.0898,0.6681,6.122,1,1,1,outputs/gate6/snapshots/exact_town12_route10_route0_09_04_14_40_59/f000856.npz
route10,HardBreakRoute_5,HardBreakRoute,860,-1,27,3720,5,4.18233,0.67042,6.238,1,1,1,outputs/gate6/snapshots/exact_town12_route10_route0_09_04_14_40_59/f000860.npz
route10,HardBreakRoute_5,HardBreakRoute,864,-1,27,3720,5,4.21299,0.6723,6.267,1,1,1,outputs/gate6/snapshots/exact_town12_route10_route0_09_04_14_40_59/f000864.npz
route10,HardBreakRoute_5,HardBreakRoute,868,-1,27,3720,5,4.19191,0.67078,6.249,1,1,1,outputs/gate6/snapshots/exact_town12_route10_route0_09_04_14_40_59/f000868.npz
route10,HardBreakRoute_5,HardBreakRoute,872,-1,27,3720,5,4.13939,0.66711,6.205,1,1,1,outputs/gate6/snapshots/exact_town12_route10_route0_09_04_14_40_59/f000872.npz
route10,HardBreakRoute_5,HardBreakRoute,876,-1,27,3720,5,4.1382,0.66137,6.257,1,1,1,outputs/gate6/snapshots/exact_town12_route10_route0_09_04_14_40_59/f000876.npz
route10,HardBreakRoute_5,HardBreakRoute,880,-1,27,3720,5,3.9982,0.64778,6.172,1,1,1,outputs/gate6/snapshots/exact_town12_route10_route0_09_04_14_40_59/f000880.npz
route10,HardBreakRoute_5,HardBreakRoute,884,-1,27,3720,5,3.88924,0.62997,6.174,1,1,1,outputs/gate6/snapshots/exact_town12_route10_route0_09_04_14_40_59/f000884.npz
route10,HardBreakRoute_5,HardBreakRoute,888,-1,27,3720,5,3.89763,0.60757,6.415,1,1,1,outputs/gate6/snapshots/exact_town12_route10_route0_09_04_14_40_59/f000888.npz
route10,HardBreakRoute_5,HardBreakRoute,892,-1,27,3720,5,3.96647,0.5929,6.69,1,1,1,outputs/gate6/snapshots/exact_town12_route10_route0_09_04_14_40_59/f000892.npz
route10,HardBreakRoute_5,HardBreakRoute,896,-1,27,3720,5,4.06339,0.58489,6.947,1,1,1,outputs/gate6/snapshots/exact_town12_route10_route0_09_04_14_40_59/f000896.npz
route10,HardBreakRoute_5,HardBreakRoute,900,-1,27,3720,5,4.23923,0.57824,7.331,1,1,1,outputs/gate6/snapshots/exact_town12_route10_route0_09_04_14_40_59/f000900.npz
route10,HardBreakRoute_5,HardBreakRoute,904,-1,27,3720,5,4.37203,0.57551,7.597,1,1,1,outputs/gate6/snapshots/exact_town12_route10_route0_09_04_14_40_59/f000904.npz
route10,HardBreakRoute_5,HardBreakRoute,908,-1,27,3720,5,4.45663,0.57485,7.753,1,1,1,outputs/gate6/snapshots/exact_town12_route10_route0_09_04_14_40_59/f000908.npz
route10,HardBreakRoute_5,HardBreakRoute,912,-1,27,3720,5,4.5371,0.57366,7.909,1,1,1,outputs/gate6/snapshots/exact_town12_route10_route0_09_04_14_40_59/f000912.npz
route10,HardBreakRoute_5,HardBreakRoute,916,-1,27,3720,5,4.61656,0.581,7.946,1,1,1,outputs/gate6/snapshots/exact_town12_route10_route0_09_04_14_40_59/f000916.npz
route10,HardBreakRoute_5,HardBreakRoute,920,-1,27,3720,5,4.59105,0.60799,7.551,1,1,1,outputs/gate6/snapshots/exact_town12_route10_route0_09_04_14_40_59/f000920.npz
route10,HardBreakRoute_5,HardBreakRoute,924,-1,27,3720,5,4.6275,0.60257,7.68,1,1,1,outputs/gate6/snapshots/exact_town12_route10_route0_09_04_14_40_59/f000924.npz
route10,HardBreakRoute_5,HardBreakRoute,928,-1,26,3720,4,4.77925,0.58347,8.191,1,1,1,outputs/gate6/snapshots/exact_town12_route10_route0_09_04_14_40_59/f000928.npz
route10,HardBreakRoute_5,HardBreakRoute,932,-1,26,3720,4,4.72481,0.58227,8.114,1,1,1,outputs/gate6/snapshots/exact_town12_route10_route0_09_04_14_40_59/f000932.npz
route10,HardBreakRoute_5,HardBreakRoute,936,-1,26,3720,4,4.67946,0.58149,8.047,1,1,1,outputs/gate6/snapshots/exact_town12_route10_route0_09_04_14_40_59/f000936.npz
route10,HardBreakRoute_5,HardBreakRoute,940,-1,26,3720,4,4.65455,0.58452,7.963,1,1,1,outputs/gate6/snapshots/exact_town12_route10_route0_09_04_14_40_59/f000940.npz
route10,HardBreakRoute_5,HardBreakRoute,944,-1,27,3720,5,4.20579,0.64071,6.564,1,1,1,outputs/gate6/snapshots/exact_town12_route10_route0_09_04_14_40_59/f000944.npz
route10,HardBreakRoute_5,HardBreakRoute,948,-1,27,3720,5,4.19391,0.64243,6.528,1,1,1,outputs/gate6/snapshots/exact_town12_route10_route0_09_04_14_40_59/f000948.npz
route10,HardBreakRoute_5,HardBreakRoute,952,-1,27,3720,5,4.19989,0.64644,6.497,1,1,1,outputs/gate6/snapshots/exact_town12_route10_route0_09_04_14_40_59/f000952.npz
route10,HardBreakRoute_5,HardBreakRoute,956,-1,27,3720,5,3.99465,0.6541,6.107,1,1,1,outputs/gate6/snapshots/exact_town12_route10_route0_09_04_14_40_59/f000956.npz
route10,HardBreakRoute_5,HardBreakRoute,960,-1,27,3720,5,3.96554,0.65509,6.053,1,1,1,outputs/gate6/snapshots/exact_town12_route10_route0_09_04_14_40_59/f000960.npz
route10,HardBreakRoute_5,HardBreakRoute,964,-1,27,3720,5,4.0071,0.66011,6.07,1,1,1,outputs/gate6/snapshots/exact_town12_route10_route0_09_04_14_40_59/f000964.npz
route10,HardBreakRoute_5,HardBreakRoute,968,-1,27,3720,5,3.92601,0.64133,6.122,1,1,1,outputs/gate6/snapshots/exact_town12_route10_route0_09_04_14_40_59/f000968.npz
route10,HardBreakRoute_5,HardBreakRoute,972,-1,27,3720,5,4.14438,0.66491,6.233,1,1,1,outputs/gate6/snapshots/exact_town12_route10_route0_09_04_14_40_59/f000972.npz
route10,HardBreakRoute_5,HardBreakRoute,976,-1,27,3720,5,4.14997,0.66522,6.238,1,1,1,outputs/gate6/snapshots/exact_town12_route10_route0_09_04_14_40_59/f000976.npz
route10,HardBreakRoute_5,HardBreakRoute,980,-1,27,3720,5,3.99633,0.65022,6.146,1,1,1,outputs/gate6/snapshots/exact_town12_route10_route0_09_04_14_40_59/f000980.npz
route10,HardBreakRoute_5,HardBreakRoute,984,-1,27,3720,5,4.05258,0.65837,6.155,1,1,1,outputs/gate6/snapshots/exact_town12_route10_route0_09_04_14_40_59/f000984.npz
route10,HardBreakRoute_5,HardBreakRoute,988,-1,27,3720,5,3.95475,0.65071,6.078,1,1,1,outputs/gate6/snapshots/exact_town12_route10_route0_09_04_14_40_59/f000988.npz
route10,HardBreakRoute_5,HardBreakRoute,992,-1,27,3720,5,3.76561,0.62915,5.985,1,1,1,outputs/gate6/snapshots/exact_town12_route10_route0_09_04_14_40_59/f000992.npz
route10,HardBreakRoute_5,HardBreakRoute,996,-1,27,3720,5,3.85432,0.61461,6.271,1,1,1,outputs/gate6/snapshots/exact_town12_route10_route0_09_04_14_40_59/f000996.npz
route10,HardBreakRoute_5,HardBreakRoute,1000,-1,27,3720,5,3.87932,0.60261,6.438,1,1,1,outputs/gate6/snapshots/exact_town12_route10_route0_09_04_14_40_59/f001000.npz
route10,HardBreakRoute_5,HardBreakRoute,1004,-1,27,3720,5,3.96858,0.59099,6.715,1,1,1,outputs/gate6/snapshots/exact_town12_route10_route0_09_04_14_40_59/f001004.npz
route10,HardBreakRoute_5,HardBreakRoute,1008,-1,27,3720,5,4.11534,0.58569,7.027,1,1,1,outputs/gate6/snapshots/exact_town12_route10_route0_09_04_14_40_59/f001008.npz
route10,HardBreakRoute_5,HardBreakRoute,1012,-1,27,3720,5,4.28107,0.5795,7.387,1,1,1,outputs/gate6/snapshots/exact_town12_route10_route0_09_04_14_40_59/f001012.npz
route10,HardBreakRoute_5,HardBreakRoute,1016,-1,27,3720,5,4.41052,0.57791,7.632,1,1,1,outputs/gate6/snapshots/exact_town12_route10_route0_09_04_14_40_59/f001016.npz
route10,HardBreakRoute_5,HardBreakRoute,1020,-1,27,3720,5,4.50763,0.56705,7.949,1,1,1,outputs/gate6/snapshots/exact_town12_route10_route0_09_04_14_40_59/f001020.npz
route10,HardBreakRoute_5,HardBreakRoute,1024,-1,27,3720,5,4.55979,0.57042,7.994,1,1,1,outputs/gate6/snapshots/exact_town12_route10_route0_09_04_14_40_59/f001024.npz
route10,HardBreakRoute_5,HardBreakRoute,1028,-1,27,3720,5,4.55804,0.56797,8.025,1,1,1,outputs/gate6/snapshots/exact_town12_route10_route0_09_04_14_40_59/f001028.npz
route10,HardBreakRoute_5,HardBreakRoute,1032,-1,27,3720,5,4.61769,0.58902,7.84,1,1,1,outputs/gate6/snapshots/exact_town12_route10_route0_09_04_14_40_59/f001032.npz
route10,HardBreakRoute_5,HardBreakRoute,1036,-1,26,3720,4,4.80652,0.56994,8.433,1,1,1,outputs/gate6/snapshots/exact_town12_route10_route0_09_04_14_40_59/f001036.npz
route10,HardBreakRoute_5,HardBreakRoute,1040,-1,26,3720,4,4.75003,0.56972,8.337,1,1,1,outputs/gate6/snapshots/exact_town12_route10_route0_09_04_14_40_59/f001040.npz
route10,HardBreakRoute_5,HardBreakRoute,1044,-1,26,3720,4,4.67751,0.56999,8.206,1,1,1,outputs/gate6/snapshots/exact_town12_route10_route0_09_04_14_40_59/f001044.npz
route10,HardBreakRoute_5,HardBreakRoute,1048,-1,26,3720,4,4.64541,0.56892,8.165,1,1,1,outputs/gate6/snapshots/exact_town12_route10_route0_09_04_14_40_59/f001048.npz
route10,HardBreakRoute_5,HardBreakRoute,1052,-1,27,3720,5,4.18626,0.62526,6.695,1,1,1,outputs/gate6/snapshots/exact_town12_route10_route0_09_04_14_40_59/f001052.npz
route10,HardBreakRoute_5,HardBreakRoute,1056,-1,27,3720,5,4.15954,0.62644,6.64,1,1,1,outputs/gate6/snapshots/exact_town12_route10_route0_09_04_14_40_59/f001056.npz
route10,HardBreakRoute_5,HardBreakRoute,1060,-1,27,3720,5,4.14894,0.62952,6.591,1,1,1,outputs/gate6/snapshots/exact_town12_route10_route0_09_04_14_40_59/f001060.npz
route10,HardBreakRoute_5,HardBreakRoute,1064,-1,27,3720,5,3.81856,0.61298,6.23,1,1,1,outputs/gate6/snapshots/exact_town12_route10_route0_09_04_14_40_59/f001064.npz
route10,HardBreakRoute_5,HardBreakRoute,1068,-1,27,3720,5,3.94039,0.63527,6.203,1,1,1,outputs/gate6/snapshots/exact_town12_route10_route0_09_04_14_40_59/f001068.npz
route10,HardBreakRoute_5,HardBreakRoute,1072,-1,27,3720,5,3.96935,0.63969,6.205,1,1,1,outputs/gate6/snapshots/exact_town12_route10_route0_09_04_14_40_59/f001072.npz
route10,HardBreakRoute_5,HardBreakRoute,1076,-1,27,3720,5,3.88389,0.62241,6.24,1,1,1,outputs/gate6/snapshots/exact_town12_route10_route0_09_04_14_40_59/f001076.npz
route10,HardBreakRoute_5,HardBreakRoute,1080,-1,27,3720,5,4.13114,0.64914,6.364,1,1,1,outputs/gate6/snapshots/exact_town12_route10_route0_09_04_14_40_59/f001080.npz
route10,HardBreakRoute_5,HardBreakRoute,1084,-1,27,3720,5,4.16613,0.64622,6.447,1,1,1,outputs/gate6/snapshots/exact_town12_route10_route0_09_04_14_40_59/f001084.npz
route10,HardBreakRoute_5,HardBreakRoute,1088,-1,27,3720,5,4.13424,0.64568,6.403,1,1,1,outputs/gate6/snapshots/exact_town12_route10_route0_09_04_14_40_59/f001088.npz
route10,HardBreakRoute_5,HardBreakRoute,1092,-1,27,3720,5,4.0435,0.63668,6.351,1,1,1,outputs/gate6/snapshots/exact_town12_route10_route0_09_04_14_40_59/f001092.npz
route10,HardBreakRoute_5,HardBreakRoute,1096,-1,27,3720,5,3.79351,0.61126,6.206,1,1,1,outputs/gate6/snapshots/exact_town12_route10_route0_09_04_14_40_59/f001096.npz
route10,HardBreakRoute_5,HardBreakRoute,1100,-1,27,3720,5,3.87511,0.61095,6.343,1,1,1,outputs/gate6/snapshots/exact_town12_route10_route0_09_04_14_40_59/f001100.npz
route10,HardBreakRoute_5,HardBreakRoute,1104,-1,27,3720,5,3.86035,0.59327,6.507,1,1,1,outputs/gate6/snapshots/exact_town12_route10_route0_09_04_14_40_59/f001104.npz
route10,HardBreakRoute_5,HardBreakRoute,1108,-1,27,3720,5,3.77727,0.55956,6.75,1,1,1,outputs/gate6/snapshots/exact_town12_route10_route0_09_04_14_40_59/f001108.npz
route10,HardBreakRoute_5,HardBreakRoute,1112,-1,27,3720,5,4.00754,0.56868,7.047,1,1,1,outputs/gate6/snapshots/exact_town12_route10_route0_09_04_14_40_59/f001112.npz
route10,HardBreakRoute_5,HardBreakRoute,1116,-1,27,3720,5,4.16583,0.5628,7.402,1,1,1,outputs/gate6/snapshots/exact_town12_route10_route0_09_04_14_40_59/f001116.npz
route10,HardBreakRoute_5,HardBreakRoute,1120,-1,27,3720,5,4.3139,0.55677,7.748,1,1,1,outputs/gate6/snapshots/exact_town12_route10_route0_09_04_14_40_59/f001120.npz
route10,HardBreakRoute_5,HardBreakRoute,1124,-1,27,3720,5,4.32412,0.57486,7.522,1,1,1,outputs/gate6/snapshots/exact_town12_route10_route0_09_04_14_40_59/f001124.npz
route10,HardBreakRoute_5,HardBreakRoute,1128,-1,27,3720,5,4.4187,0.57451,7.691,1,1,1,outputs/gate6/snapshots/exact_town12_route10_route0_09_04_14_40_59/f001128.npz
route10,HardBreakRoute_5,HardBreakRoute,1132,-1,27,3720,5,4.48735,0.57786,7.765,1,1,1,outputs/gate6/snapshots/exact_town12_route10_route0_09_04_14_40_59/f001132.npz
route10,HardBreakRoute_5,HardBreakRoute,1136,-1,27,3720,5,4.54681,0.58409,7.784,1,1,1,outputs/gate6/snapshots/exact_town12_route10_route0_09_04_14_40_59/f001136.npz
route10,HardBreakRoute_5,HardBreakRoute,1140,-1,27,3720,5,4.62673,0.57931,7.987,1,1,1,outputs/gate6/snapshots/exact_town12_route10_route0_09_04_14_40_59/f001140.npz
route10,HardBreakRoute_5,HardBreakRoute,1144,-1,26,3720,4,4.77592,0.56037,8.523,1,1,1,outputs/gate6/snapshots/exact_town12_route10_route0_09_04_14_40_59/f001144.npz
route10,HardBreakRoute_5,HardBreakRoute,1148,-1,26,3720,4,4.70504,0.55974,8.406,1,1,1,outputs/gate6/snapshots/exact_town12_route10_route0_09_04_14_40_59/f001148.npz
route10,HardBreakRoute_5,HardBreakRoute,1152,-1,26,3720,4,4.6416,0.56119,8.271,1,1,1,outputs/gate6/snapshots/exact_town12_route10_route0_09_04_14_40_59/f001152.npz
route10,HardBreakRoute_5,HardBreakRoute,1156,-1,26,3720,4,4.5969,0.56261,8.171,1,1,1,outputs/gate6/snapshots/exact_town12_route10_route0_09_04_14_40_59/f001156.npz
route10,HardBreakRoute_5,HardBreakRoute,1160,-1,27,3720,5,4.16025,0.6112,6.807,1,1,1,outputs/gate6/snapshots/exact_town12_route10_route0_09_04_14_40_59/f001160.npz
route10,HardBreakRoute_5,HardBreakRoute,1164,-1,27,3720,5,4.13683,0.61381,6.74,1,1,1,outputs/gate6/snapshots/exact_town12_route10_route0_09_04_14_40_59/f001164.npz
route10,HardBreakRoute_5,HardBreakRoute,1168,-1,27,3720,5,4.12671,0.61527,6.707,1,1,1,outputs/gate6/snapshots/exact_town12_route10_route0_09_04_14_40_59/f001168.npz
route10,HardBreakRoute_5,HardBreakRoute,1172,-1,27,3720,5,4.01217,0.60478,6.634,1,1,1,outputs/gate6/snapshots/exact_town12_route10_route0_09_04_14_40_59/f001172.npz
route10,HardBreakRoute_5,HardBreakRoute,1176,-1,27,3720,5,3.99914,0.62891,6.359,1,1,1,outputs/gate6/snapshots/exact_town12_route10_route0_09_04_14_40_59/f001176.npz
route10,HardBreakRoute_5,HardBreakRoute,1180,-1,27,3720,5,3.94227,0.63449,6.213,1,1,1,outputs/gate6/snapshots/exact_town12_route10_route0_09_04_14_40_59/f001180.npz
route10,HardBreakRoute_5,HardBreakRoute,1184,-1,27,3720,5,3.9365,0.63873,6.163,1,1,1,outputs/gate6/snapshots/exact_town12_route10_route0_09_04_14_40_59/f001184.npz
route10,HardBreakRoute_5,HardBreakRoute,1188,-1,27,3720,5,3.71859,0.61129,6.083,1,1,1,outputs/gate6/snapshots/exact_town12_route10_route0_09_04_14_40_59/f001188.npz
route10,HardBreakRoute_5,HardBreakRoute,1192,-1,27,3720,5,3.97774,0.63464,6.268,1,1,1,outputs/gate6/snapshots/exact_town12_route10_route0_09_04_14_40_59/f001192.npz
route10,HardBreakRoute_5,HardBreakRoute,1196,-1,27,3720,5,3.96628,0.64172,6.181,1,1,1,outputs/gate6/snapshots/exact_town12_route10_route0_09_04_14_40_59/f001196.npz
route10,HardBreakRoute_5,HardBreakRoute,1200,-1,27,3720,5,3.98258,0.63841,6.238,1,1,1,outputs/gate6/snapshots/exact_town12_route10_route0_09_04_14_40_59/f001200.npz
route10,HardBreakRoute_5,HardBreakRoute,1204,-1,27,3720,5,3.99074,0.63543,6.28,1,1,1,outputs/gate6/snapshots/exact_town12_route10_route0_09_04_14_40_59/f001204.npz
route10,HardBreakRoute_5,HardBreakRoute,1208,-1,27,3720,5,3.99469,0.63292,6.312,1,1,1,outputs/gate6/snapshots/exact_town12_route10_route0_09_04_14_40_59/f001208.npz
route10,HardBreakRoute_5,HardBreakRoute,1212,-1,27,3720,5,4.01148,0.63247,6.343,1,1,1,outputs/gate6/snapshots/exact_town12_route10_route0_09_04_14_40_59/f001212.npz
route10,HardBreakRoute_5,HardBreakRoute,1216,-1,27,3720,5,3.81395,0.61549,6.197,1,1,1,outputs/gate6/snapshots/exact_town12_route10_route0_09_04_14_40_59/f001216.npz
route10,HardBreakRoute_5,HardBreakRoute,1220,-1,27,3720,5,3.96172,0.62641,6.325,1,1,1,outputs/gate6/snapshots/exact_town12_route10_route0_09_04_14_40_59/f001220.npz
route10,HardBreakRoute_5,HardBreakRoute,1224,-1,27,3720,5,3.92904,0.61746,6.363,1,1,1,outputs/gate6/snapshots/exact_town12_route10_route0_09_04_14_40_59/f001224.npz
route10,HardBreakRoute_5,HardBreakRoute,1228,-1,27,3720,5,3.72404,0.59702,6.238,1,1,1,outputs/gate6/snapshots/exact_town12_route10_route0_09_04_14_40_59/f001228.npz
route10,HardBreakRoute_5,HardBreakRoute,1232,-1,27,3720,5,3.85704,0.59741,6.456,1,1,1,outputs/gate6/snapshots/exact_town12_route10_route0_09_04_14_40_59/f001232.npz
route10,HardBreakRoute_5,HardBreakRoute,1236,-1,27,3720,5,3.90417,0.5898,6.619,1,1,1,outputs/gate6/snapshots/exact_town12_route10_route0_09_04_14_40_59/f001236.npz
route10,HardBreakRoute_5,HardBreakRoute,1240,-1,27,3720,5,4.0426,0.58211,6.945,1,1,1,outputs/gate6/snapshots/exact_town12_route10_route0_09_04_14_40_59/f001240.npz
route10,HardBreakRoute_5,HardBreakRoute,1244,-1,27,3720,5,4.14062,0.55945,7.401,1,1,1,outputs/gate6/snapshots/exact_town12_route10_route0_09_04_14_40_59/f001244.npz
route10,HardBreakRoute_5,HardBreakRoute,1248,-1,27,3720,5,4.36144,0.56689,7.694,1,1,1,outputs/gate6/snapshots/exact_town12_route10_route0_09_04_14_40_59/f001248.npz
route10,HardBreakRoute_5,HardBreakRoute,1252,-1,26,3720,4,4.6409,0.5542,8.374,1,1,1,outputs/gate6/snapshots/exact_town12_route10_route0_09_04_14_40_59/f001252.npz
route10,HardBreakRoute_5,HardBreakRoute,1256,-1,26,3720,4,4.70749,0.55497,8.482,1,1,1,outputs/gate6/snapshots/exact_town12_route10_route0_09_04_14_40_59/f001256.npz
route10,HardBreakRoute_5,HardBreakRoute,1260,-1,26,3720,4,4.72037,0.55183,8.554,1,1,1,outputs/gate6/snapshots/exact_town12_route10_route0_09_04_14_40_59/f001260.npz
route10,HardBreakRoute_5,HardBreakRoute,1264,-1,26,3720,4,4.80407,0.56201,8.548,1,1,1,outputs/gate6/snapshots/exact_town12_route10_route0_09_04_14_40_59/f001264.npz
route10,HardBreakRoute_5,HardBreakRoute,1268,-1,26,3720,4,4.82376,0.57651,8.367,1,1,1,outputs/gate6/snapshots/exact_town12_route10_route0_09_04_14_40_59/f001268.npz
route10,HardBreakRoute_5,HardBreakRoute,1272,-1,26,3720,4,4.77855,0.57923,8.25,1,1,1,outputs/gate6/snapshots/exact_town12_route10_route0_09_04_14_40_59/f001272.npz
route10,HardBreakRoute_5,HardBreakRoute,1276,-1,26,3720,4,4.7325,0.58006,8.159,1,1,1,outputs/gate6/snapshots/exact_town12_route10_route0_09_04_14_40_59/f001276.npz
route10,HardBreakRoute_5,HardBreakRoute,1280,-1,26,3720,4,4.66611,0.58005,8.044,1,1,1,outputs/gate6/snapshots/exact_town12_route10_route0_09_04_14_40_59/f001280.npz
route10,HardBreakRoute_5,HardBreakRoute,1284,-1,27,3720,5,4.22192,0.61984,6.811,1,1,1,outputs/gate6/snapshots/exact_town12_route10_route0_09_04_14_40_59/f001284.npz
route10,HardBreakRoute_5,HardBreakRoute,1288,-1,27,3720,5,4.21754,0.62193,6.781,1,1,1,outputs/gate6/snapshots/exact_town12_route10_route0_09_04_14_40_59/f001288.npz
route10,HardBreakRoute_5,HardBreakRoute,1292,-1,27,3720,5,4.22346,0.61745,6.84,1,1,1,outputs/gate6/snapshots/exact_town12_route10_route0_09_04_14_40_59/f001292.npz
route10,HardBreakRoute_5,HardBreakRoute,1296,-1,27,3720,5,4.2099,0.62513,6.734,1,1,1,outputs/gate6/snapshots/exact_town12_route10_route0_09_04_14_40_59/f001296.npz
route10,PedestrianCrossing_1,PedestrianCrossing,2828,-1,21,3930,4,0.10682,0.03269,2.136,0,1,0,outputs/gate6/snapshots/exact_town12_route10_route0_09_04_14_40_59/f002828.npz
route10,PedestrianCrossing_1,PedestrianCrossing,2832,-1,25,4360,2,0.029,0.01645,0.58,0,0,0,outputs/gate6/snapshots/exact_town12_route10_route0_09_04_14_40_59/f002832.npz
route10,PedestrianCrossing_1,PedestrianCrossing,2836,-1,25,4360,2,0.03634,0.03118,0.727,0,0,0,outputs/gate6/snapshots/exact_town12_route10_route0_09_04_14_40_59/f002836.npz
route10,PedestrianCrossing_1,PedestrianCrossing,2840,-1,25,4367,3,0.1027,0.08465,1.213,0,0,0,outputs/gate6/snapshots/exact_town12_route10_route0_09_04_14_40_59/f002840.npz
route10,PedestrianCrossing_1,PedestrianCrossing,2844,-1,26,3926,7,0.14354,0.12643,1.135,0,0,0,outputs/gate6/snapshots/exact_town12_route10_route0_09_04_14_40_59/f002844.npz
route10,PedestrianCrossing_1,PedestrianCrossing,2848,-1,26,4364,1,0.2693,0.1823,1.477,1,0,0,outputs/gate6/snapshots/exact_town12_route10_route0_09_04_14_40_59/f002848.npz
route10,PedestrianCrossing_1,PedestrianCrossing,2852,-1,27,4364,1,0.50314,0.21475,2.343,1,1,1,outputs/gate6/snapshots/exact_town12_route10_route0_09_04_14_40_59/f002852.npz
route10,PedestrianCrossing_1,PedestrianCrossing,2856,-1,27,4364,1,0.87138,0.21121,4.126,1,1,1,outputs/gate6/snapshots/exact_town12_route10_route0_09_04_14_40_59/f002856.npz
route10,PedestrianCrossing_1,PedestrianCrossing,2860,-1,27,4364,1,0.79672,0.25091,3.175,1,1,1,outputs/gate6/snapshots/exact_town12_route10_route0_09_04_14_40_59/f002860.npz
route10,PedestrianCrossing_1,PedestrianCrossing,2864,-1,27,4364,1,0.56694,0.32033,1.77,1,1,1,outputs/gate6/snapshots/exact_town12_route10_route0_09_04_14_40_59/f002864.npz
route10,PedestrianCrossing_1,PedestrianCrossing,2868,-1,27,4364,1,0.3881,0.3244,1.196,1,0,0,outputs/gate6/snapshots/exact_town12_route10_route0_09_04_14_40_59/f002868.npz
route10,PedestrianCrossing_1,PedestrianCrossing,2872,-1,27,3926,7,0.40045,0.33411,1.199,1,0,0,outputs/gate6/snapshots/exact_town12_route10_route0_09_04_14_40_59/f002872.npz
route10,PedestrianCrossing_1,PedestrianCrossing,2876,-1,28,3926,8,0.33169,0.18988,1.747,1,1,1,outputs/gate6/snapshots/exact_town12_route10_route0_09_04_14_40_59/f002876.npz
route10,PedestrianCrossing_1,PedestrianCrossing,2880,-1,28,3926,8,0.32497,0.17592,1.847,1,1,1,outputs/gate6/snapshots/exact_town12_route10_route0_09_04_14_40_59/f002880.npz
route10,PedestrianCrossing_1,PedestrianCrossing,2884,-1,28,4364,1,0.35689,0.32908,1.084,1,0,0,outputs/gate6/snapshots/exact_town12_route10_route0_09_04_14_40_59/f002884.npz
route10,PedestrianCrossing_1,PedestrianCrossing,2888,-1,27,3926,7,0.33038,0.26962,1.225,1,0,0,outputs/gate6/snapshots/exact_town12_route10_route0_09_04_14_40_59/f002888.npz
route10,PedestrianCrossing_1,PedestrianCrossing,2892,-1,27,3926,7,0.31533,0.26836,1.175,1,0,0,outputs/gate6/snapshots/exact_town12_route10_route0_09_04_14_40_59/f002892.npz
route10,PedestrianCrossing_1,PedestrianCrossing,2896,-1,27,3928,6,0.38222,0.29412,1.3,1,0,0,outputs/gate6/snapshots/exact_town12_route10_route0_09_04_14_40_59/f002896.npz
route10,PedestrianCrossing_1,PedestrianCrossing,2900,-1,27,3928,6,0.47908,0.23903,2.004,1,1,1,outputs/gate6/snapshots/exact_town12_route10_route0_09_04_14_40_59/f002900.npz
route10,PedestrianCrossing_1,PedestrianCrossing,2904,-1,27,3928,6,0.68206,0.16436,4.15,1,1,1,outputs/gate6/snapshots/exact_town12_route10_route0_09_04_14_40_59/f002904.npz
route10,PedestrianCrossing_1,PedestrianCrossing,2908,-1,28,3928,7,1.03772,0.22714,4.569,1,1,1,outputs/gate6/snapshots/exact_town12_route10_route0_09_04_14_40_59/f002908.npz
route10,PedestrianCrossing_1,PedestrianCrossing,2912,-1,28,3928,7,1.62215,0.30474,5.323,1,1,1,outputs/gate6/snapshots/exact_town12_route10_route0_09_04_14_40_59/f002912.npz
route10,PedestrianCrossing_1,PedestrianCrossing,2916,-1,28,3928,7,2.2003,0.3698,5.95,1,1,1,outputs/gate6/snapshots/exact_town12_route10_route0_09_04_14_40_59/f002916.npz
route10,PedestrianCrossing_1,PedestrianCrossing,2920,-1,29,3928,8,2.93534,0.36408,8.062,1,1,1,outputs/gate6/snapshots/exact_town12_route10_route0_09_04_14_40_59/f002920.npz
route10,PedestrianCrossing_1,PedestrianCrossing,2924,-1,29,3928,8,3.21586,0.58668,5.481,1,1,1,outputs/gate6/snapshots/exact_town12_route10_route0_09_04_14_40_59/f002924.npz
route10,PedestrianCrossing_1,PedestrianCrossing,2928,-1,29,3928,8,3.43963,0.89978,3.823,1,1,1,outputs/gate6/snapshots/exact_town12_route10_route0_09_04_14_40_59/f002928.npz
route10,PedestrianCrossing_1,PedestrianCrossing,2932,-1,30,3928,9,3.14086,0.54289,5.785,1,1,1,outputs/gate6/snapshots/exact_town12_route10_route0_09_04_14_40_59/f002932.npz
route10,PedestrianCrossing_1,PedestrianCrossing,2936,-1,30,3928,9,2.84494,0.18194,15.637,1,1,1,outputs/gate6/snapshots/exact_town12_route10_route0_09_04_14_40_59/f002936.npz
route10,PedestrianCrossing_1,PedestrianCrossing,2940,-1,29,3928,8,2.61422,0.45348,5.765,1,1,1,outputs/gate6/snapshots/exact_town12_route10_route0_09_04_14_40_59/f002940.npz
route10,PedestrianCrossing_1,PedestrianCrossing,2944,-1,29,3928,8,2.76657,0.99059,2.793,1,1,1,outputs/gate6/snapshots/exact_town12_route10_route0_09_04_14_40_59/f002944.npz
route10,PedestrianCrossing_1,PedestrianCrossing,2948,-1,29,3928,8,3.1735,0.93681,3.388,1,1,1,outputs/gate6/snapshots/exact_town12_route10_route0_09_04_14_40_59/f002948.npz
route10,PedestrianCrossing_1,PedestrianCrossing,2952,-1,29,3928,8,1.88489,0.76303,2.47,1,1,1,outputs/gate6/snapshots/exact_town12_route10_route0_09_04_14_40_59/f002952.npz
route10,PedestrianCrossing_1,PedestrianCrossing,2956,-1,27,3928,8,1.30715,0.39854,3.28,1,1,1,outputs/gate6/snapshots/exact_town12_route10_route0_09_04_14_40_59/f002956.npz
route10,PedestrianCrossing_1,PedestrianCrossing,2960,-1,27,4245,2,0.32505,0.31932,1.018,1,0,0,outputs/gate6/snapshots/exact_town12_route10_route0_09_04_14_40_59/f002960.npz
route10,PedestrianCrossing_1,PedestrianCrossing,2964,-1,29,4245,2,0.19203,0.19055,1.008,0,0,0,outputs/gate6/snapshots/exact_town12_route10_route0_09_04_14_40_59/f002964.npz
route10,PedestrianCrossing_1,PedestrianCrossing,2968,-1,28,3928,7,0.13778,0.13265,1.039,0,0,0,outputs/gate6/snapshots/exact_town12_route10_route0_09_04_14_40_59/f002968.npz
route10,PedestrianCrossing_1,PedestrianCrossing,2972,-1,28,3928,7,0.23316,0.17935,1.3,1,0,0,outputs/gate6/snapshots/exact_town12_route10_route0_09_04_14_40_59/f002972.npz
route10,PedestrianCrossing_1,PedestrianCrossing,2976,-1,29,3928,7,0.79573,0.27683,2.874,1,1,1,outputs/gate6/snapshots/exact_town12_route10_route0_09_04_14_40_59/f002976.npz
route10,PedestrianCrossing_1,PedestrianCrossing,2980,-1,33,3928,8,0.16214,0.09335,1.737,0,1,0,outputs/gate6/snapshots/exact_town12_route10_route0_09_04_14_40_59/f002980.npz
route10,PedestrianCrossing_1,PedestrianCrossing,2984,-1,40,4374,8,0.06773,0.04806,1.355,0,0,0,outputs/gate6/snapshots/exact_town12_route10_route0_09_04_14_40_59/f002984.npz
route10,PedestrianCrossing_1,PedestrianCrossing,2988,-1,40,4374,8,0.06419,0.03189,1.284,0,0,0,outputs/gate6/snapshots/exact_town12_route10_route0_09_04_14_40_59/f002988.npz
route10,PedestrianCrossing_1,PedestrianCrossing,2992,-1,40,4374,8,0.07491,0.03225,1.498,0,0,0,outputs/gate6/snapshots/exact_town12_route10_route0_09_04_14_40_59/f002992.npz
route10,PedestrianCrossing_1,PedestrianCrossing,2996,-1,40,4374,8,0.06186,0.02324,1.237,0,0,0,outputs/gate6/snapshots/exact_town12_route10_route0_09_04_14_40_59/f002996.npz
route10,PedestrianCrossing_1,PedestrianCrossing,3000,-1,39,4374,8,0.07879,0.03997,1.576,0,1,0,outputs/gate6/snapshots/exact_town12_route10_route0_09_04_14_40_59/f003000.npz
route10,HardBreakRoute_4,HardBreakRoute,208,-1,16,3719,3,0.99652,0.0299,19.93,1,1,1,outputs/gate6/snapshots/exact_town12_route10_route0_09_04_14_40_59/f000208.npz
route10,HardBreakRoute_4,HardBreakRoute,212,-1,16,3719,3,1.62351,0.01693,32.47,1,1,1,outputs/gate6/snapshots/exact_town12_route10_route0_09_04_14_40_59/f000212.npz
route10,HardBreakRoute_4,HardBreakRoute,216,-1,16,3719,3,2.73893,0.01115,54.779,1,1,1,outputs/gate6/snapshots/exact_town12_route10_route0_09_04_14_40_59/f000216.npz
route10,HardBreakRoute_4,HardBreakRoute,220,-1,16,3719,3,3.77369,0.03832,75.474,1,1,1,outputs/gate6/snapshots/exact_town12_route10_route0_09_04_14_40_59/f000220.npz
route10,HardBreakRoute_4,HardBreakRoute,224,-1,20,3719,3,3.22378,0.044,64.476,1,1,1,outputs/gate6/snapshots/exact_town12_route10_route0_09_04_14_40_59/f000224.npz
route10,HardBreakRoute_4,HardBreakRoute,228,-1,20,3719,3,4.75579,0.04221,95.116,1,1,1,outputs/gate6/snapshots/exact_town12_route10_route0_09_04_14_40_59/f000228.npz
route10,HardBreakRoute_4,HardBreakRoute,232,-1,20,3719,3,1.16246,0.18215,6.382,1,1,1,outputs/gate6/snapshots/exact_town12_route10_route0_09_04_14_40_59/f000232.npz
route10,HardBreakRoute_4,HardBreakRoute,236,-1,20,3720,2,0.43548,0.13482,3.23,1,1,1,outputs/gate6/snapshots/exact_town12_route10_route0_09_04_14_40_59/f000236.npz
route10,HardBreakRoute_4,HardBreakRoute,240,-1,19,3720,2,0.6572,0.08595,7.646,1,1,1,outputs/gate6/snapshots/exact_town12_route10_route0_09_04_14_40_59/f000240.npz
route10,HardBreakRoute_4,HardBreakRoute,244,-1,19,3720,2,0.88241,0.04148,17.648,1,1,1,outputs/gate6/snapshots/exact_town12_route10_route0_09_04_14_40_59/f000244.npz
route10,HardBreakRoute_4,HardBreakRoute,248,-1,21,3720,2,0.96317,0.02545,19.263,1,1,1,outputs/gate6/snapshots/exact_town12_route10_route0_09_04_14_40_59/f000248.npz
route10,HardBreakRoute_4,HardBreakRoute,252,-1,21,3720,2,1.53736,0.03955,30.747,1,1,1,outputs/gate6/snapshots/exact_town12_route10_route0_09_04_14_40_59/f000252.npz
route10,HardBreakRoute_4,HardBreakRoute,256,-1,21,3720,2,1.83689,0.02478,36.738,1,1,1,outputs/gate6/snapshots/exact_town12_route10_route0_09_04_14_40_59/f000256.npz
route10,HardBreakRoute_4,HardBreakRoute,260,-1,21,3720,2,2.03912,0.01789,40.782,1,1,1,outputs/gate6/snapshots/exact_town12_route10_route0_09_04_14_40_59/f000260.npz
route10,HardBreakRoute_4,HardBreakRoute,264,-1,21,3720,2,3.07208,0.01034,61.442,1,1,1,outputs/gate6/snapshots/exact_town12_route10_route0_09_04_14_40_59/f000264.npz
route10,HardBreakRoute_4,HardBreakRoute,268,-1,21,3720,2,4.19485,0.00669,83.897,1,1,1,outputs/gate6/snapshots/exact_town12_route10_route0_09_04_14_40_59/f000268.npz
route10,HardBreakRoute_4,HardBreakRoute,272,-1,21,3720,2,5.31431,0.01465,106.286,1,1,1,outputs/gate6/snapshots/exact_town12_route10_route0_09_04_14_40_59/f000272.npz
route10,HardBreakRoute_4,HardBreakRoute,276,-1,23,3720,2,4.88747,0.01581,97.749,1,1,1,outputs/gate6/snapshots/exact_town12_route10_route0_09_04_14_40_59/f000276.npz
route10,HardBreakRoute_4,HardBreakRoute,280,-1,24,3720,3,6.27545,0.13619,46.08,1,1,1,outputs/gate6/snapshots/exact_town12_route10_route0_09_04_14_40_59/f000280.npz
route10,HardBreakRoute_4,HardBreakRoute,284,-1,25,3720,4,4.38611,0.31412,13.963,1,1,1,outputs/gate6/snapshots/exact_town12_route10_route0_09_04_14_40_59/f000284.npz
route10,HardBreakRoute_4,HardBreakRoute,288,-1,25,3720,4,1.03091,0.47163,2.186,1,1,1,outputs/gate6/snapshots/exact_town12_route10_route0_09_04_14_40_59/f000288.npz
route10,HardBreakRoute_4,HardBreakRoute,292,-1,24,3720,4,1.52879,0.92728,1.649,1,1,1,outputs/gate6/snapshots/exact_town12_route10_route0_09_04_14_40_59/f000292.npz
route10,HardBreakRoute_4,HardBreakRoute,296,-1,24,3719,5,1.71949,1.27108,1.353,1,0,0,outputs/gate6/snapshots/exact_town12_route10_route0_09_04_14_40_59/f000296.npz
route10,HardBreakRoute_4,HardBreakRoute,300,-1,24,3719,5,2.00261,0.511,3.919,1,1,1,outputs/gate6/snapshots/exact_town12_route10_route0_09_04_14_40_59/f000300.npz
route10,HardBreakRoute_4,HardBreakRoute,304,-1,24,3719,5,1.54414,0.435,3.55,1,1,1,outputs/gate6/snapshots/exact_town12_route10_route0_09_04_14_40_59/f000304.npz
route10,HardBreakRoute_4,HardBreakRoute,308,-1,24,3719,5,0.61285,0.44824,1.367,1,0,0,outputs/gate6/snapshots/exact_town12_route10_route0_09_04_14_40_59/f000308.npz
route10,HardBreakRoute_4,HardBreakRoute,312,-1,24,3720,4,1.75201,0.99315,1.764,1,1,1,outputs/gate6/snapshots/exact_town12_route10_route0_09_04_14_40_59/f000312.npz
route10,HardBreakRoute_4,HardBreakRoute,316,-1,24,3720,4,4.58218,1.27029,3.607,1,1,1,outputs/gate6/snapshots/exact_town12_route10_route0_09_04_14_40_59/f000316.npz
route10,HardBreakRoute_4,HardBreakRoute,320,-1,23,3720,4,6.55786,1.36216,4.814,1,1,1,outputs/gate6/snapshots/exact_town12_route10_route0_09_04_14_40_59/f000320.npz
route10,HardBreakRoute_4,HardBreakRoute,324,-1,22,3720,4,3.67709,1.47259,2.497,1,1,1,outputs/gate6/snapshots/exact_town12_route10_route0_09_04_14_40_59/f000324.npz
route10,HardBreakRoute_4,HardBreakRoute,328,-1,20,3720,4,4.17111,2.19203,1.903,1,1,1,outputs/gate6/snapshots/exact_town12_route10_route0_09_04_14_40_59/f000328.npz
route10,HardBreakRoute_4,HardBreakRoute,332,-1,19,3720,4,5.34781,2.52768,2.116,1,1,1,outputs/gate6/snapshots/exact_town12_route10_route0_09_04_14_40_59/f000332.npz
route10,HardBreakRoute_4,HardBreakRoute,336,-1,19,3720,4,6.2667,2.5412,2.466,1,1,1,outputs/gate6/snapshots/exact_town12_route10_route0_09_04_14_40_59/f000336.npz
route10,HardBreakRoute_4,HardBreakRoute,340,-1,21,3720,4,6.75679,2.187,3.09,1,1,1,outputs/gate6/snapshots/exact_town12_route10_route0_09_04_14_40_59/f000340.npz
route10,HardBreakRoute_4,HardBreakRoute,344,-1,22,3720,4,6.77522,1.63133,4.153,1,1,1,outputs/gate6/snapshots/exact_town12_route10_route0_09_04_14_40_59/f000344.npz
route10,HardBreakRoute_4,HardBreakRoute,348,-1,24,3720,4,6.65734,3.73952,1.78,1,1,1,outputs/gate6/snapshots/exact_town12_route10_route0_09_04_14_40_59/f000348.npz
route10,HardBreakRoute_4,HardBreakRoute,352,-1,25,3720,4,6.01733,3.28235,1.833,1,1,1,outputs/gate6/snapshots/exact_town12_route10_route0_09_04_14_40_59/f000352.npz
route10,HardBreakRoute_4,HardBreakRoute,356,-1,25,3720,4,5.34804,2.97616,1.797,1,1,1,outputs/gate6/snapshots/exact_town12_route10_route0_09_04_14_40_59/f000356.npz
route10,HardBreakRoute_4,HardBreakRoute,360,-1,25,3720,4,6.63212,1.67137,3.968,1,1,1,outputs/gate6/snapshots/exact_town12_route10_route0_09_04_14_40_59/f000360.npz
route10,HardBreakRoute_4,HardBreakRoute,364,-1,25,3720,4,5.98682,2.97736,2.011,1,1,1,outputs/gate6/snapshots/exact_town12_route10_route0_09_04_14_40_59/f000364.npz
route10,HardBreakRoute_4,HardBreakRoute,368,-1,25,3720,4,5.78639,3.73408,1.55,1,1,1,outputs/gate6/snapshots/exact_town12_route10_route0_09_04_14_40_59/f000368.npz
route10,HardBreakRoute_4,HardBreakRoute,372,-1,27,3720,5,5.54962,2.87738,1.929,1,1,1,outputs/gate6/snapshots/exact_town12_route10_route0_09_04_14_40_59/f000372.npz
route10,HardBreakRoute_4,HardBreakRoute,376,-1,28,3720,5,6.66492,1.74869,3.811,1,1,1,outputs/gate6/snapshots/exact_town12_route10_route0_09_04_14_40_59/f000376.npz
route10,HardBreakRoute_4,HardBreakRoute,380,-1,28,3720,5,5.37635,0.71904,7.477,1,1,1,outputs/gate6/snapshots/exact_town12_route10_route0_09_04_14_40_59/f000380.npz
route10,HardBreakRoute_4,HardBreakRoute,384,-1,28,3720,5,4.36856,0.69788,6.26,1,1,1,outputs/gate6/snapshots/exact_town12_route10_route0_09_04_14_40_59/f000384.npz
route10,HardBreakRoute_4,HardBreakRoute,388,-1,28,3720,5,2.10463,0.62707,3.356,1,1,1,outputs/gate6/snapshots/exact_town12_route10_route0_09_04_14_40_59/f000388.npz
route10,HardBreakRoute_4,HardBreakRoute,392,-1,28,3720,5,3.04806,1.69221,1.801,1,1,1,outputs/gate6/snapshots/exact_town12_route10_route0_09_04_14_40_59/f000392.npz
route10,HardBreakRoute_4,HardBreakRoute,396,-1,29,3720,6,4.01321,2.73842,1.466,1,0,0,outputs/gate6/snapshots/exact_town12_route10_route0_09_04_14_40_59/f000396.npz
route10,HardBreakRoute_4,HardBreakRoute,400,-1,28,3720,5,4.1397,3.88165,1.066,1,0,0,outputs/gate6/snapshots/exact_town12_route10_route0_09_04_14_40_59/f000400.npz
route10,HardBreakRoute_4,HardBreakRoute,404,-1,28,3720,5,3.36745,2.71193,1.242,1,0,0,outputs/gate6/snapshots/exact_town12_route10_route0_09_04_14_40_59/f000404.npz
route10,HardBreakRoute_4,HardBreakRoute,408,-1,27,3720,5,4.68561,1.33574,3.508,1,1,1,outputs/gate6/snapshots/exact_town12_route10_route0_09_04_14_40_59/f000408.npz
route10,HardBreakRoute_4,HardBreakRoute,412,-1,28,3720,5,4.0521,1.10209,3.677,1,1,1,outputs/gate6/snapshots/exact_town12_route10_route0_09_04_14_40_59/f000412.npz
route10,HardBreakRoute_4,HardBreakRoute,416,-1,28,3720,5,3.71382,1.29045,2.878,1,1,1,outputs/gate6/snapshots/exact_town12_route10_route0_09_04_14_40_59/f000416.npz
route10,HardBreakRoute_4,HardBreakRoute,420,-1,28,3720,5,3.28535,1.79258,1.833,1,1,1,outputs/gate6/snapshots/exact_town12_route10_route0_09_04_14_40_59/f000420.npz
route10,HardBreakRoute_4,HardBreakRoute,424,-1,28,3720,5,3.38131,2.11499,1.599,1,1,1,outputs/gate6/snapshots/exact_town12_route10_route0_09_04_14_40_59/f000424.npz
route10,HardBreakRoute_4,HardBreakRoute,428,-1,28,3720,5,4.43117,1.11663,3.968,1,1,1,outputs/gate6/snapshots/exact_town12_route10_route0_09_04_14_40_59/f000428.npz
route10,HardBreakRoute_4,HardBreakRoute,432,-1,28,3720,5,4.53087,1.05338,4.301,1,1,1,outputs/gate6/snapshots/exact_town12_route10_route0_09_04_14_40_59/f000432.npz
route10,HardBreakRoute_4,HardBreakRoute,436,-1,28,3720,5,3.86412,1.0921,3.538,1,1,1,outputs/gate6/snapshots/exact_town12_route10_route0_09_04_14_40_59/f000436.npz
route10,HardBreakRoute_4,HardBreakRoute,440,-1,28,3720,5,2.59706,1.30001,1.998,1,1,1,outputs/gate6/snapshots/exact_town12_route10_route0_09_04_14_40_59/f000440.npz
route10,HardBreakRoute_4,HardBreakRoute,444,-1,28,3720,5,2.46203,1.23094,2.0,1,1,1,outputs/gate6/snapshots/exact_town12_route10_route0_09_04_14_40_59/f000444.npz
route10,HardBreakRoute_4,HardBreakRoute,448,-1,28,3720,5,4.66086,0.66743,6.983,1,1,1,outputs/gate6/snapshots/exact_town12_route10_route0_09_04_14_40_59/f000448.npz
route10,HardBreakRoute_4,HardBreakRoute,452,-1,28,3720,5,3.78444,0.74526,5.078,1,1,1,outputs/gate6/snapshots/exact_town12_route10_route0_09_04_14_40_59/f000452.npz
route10,HardBreakRoute_4,HardBreakRoute,456,-1,28,3720,5,3.71414,0.70197,5.291,1,1,1,outputs/gate6/snapshots/exact_town12_route10_route0_09_04_14_40_59/f000456.npz
route10,HardBreakRoute_4,HardBreakRoute,460,-1,28,3720,5,3.79426,0.69778,5.438,1,1,1,outputs/gate6/snapshots/exact_town12_route10_route0_09_04_14_40_59/f000460.npz
route10,HardBreakRoute_4,HardBreakRoute,464,-1,28,3720,5,4.20906,0.65869,6.39,1,1,1,outputs/gate6/snapshots/exact_town12_route10_route0_09_04_14_40_59/f000464.npz
route10,HardBreakRoute_4,HardBreakRoute,468,-1,28,3720,5,4.19235,0.6184,6.779,1,1,1,outputs/gate6/snapshots/exact_town12_route10_route0_09_04_14_40_59/f000468.npz
route10,HardBreakRoute_4,HardBreakRoute,472,-1,28,3720,5,4.59141,0.57348,8.006,1,1,1,outputs/gate6/snapshots/exact_town12_route10_route0_09_04_14_40_59/f000472.npz
route10,HardBreakRoute_4,HardBreakRoute,476,-1,28,3720,5,4.80967,0.5394,8.917,1,1,1,outputs/gate6/snapshots/exact_town12_route10_route0_09_04_14_40_59/f000476.npz
route10,HardBreakRoute_4,HardBreakRoute,480,-1,28,3720,5,4.80741,0.62923,7.64,1,1,1,outputs/gate6/snapshots/exact_town12_route10_route0_09_04_14_40_59/f000480.npz
route10,HardBreakRoute_4,HardBreakRoute,484,-1,28,3720,5,4.84158,0.64877,7.463,1,1,1,outputs/gate6/snapshots/exact_town12_route10_route0_09_04_14_40_59/f000484.npz
route10,HardBreakRoute_4,HardBreakRoute,488,-1,28,3720,5,4.85312,0.66089,7.343,1,1,1,outputs/gate6/snapshots/exact_town12_route10_route0_09_04_14_40_59/f000488.npz
route10,HardBreakRoute_4,HardBreakRoute,492,-1,28,3720,5,4.98822,0.6317,7.897,1,1,1,outputs/gate6/snapshots/exact_town12_route10_route0_09_04_14_40_59/f000492.npz
route10,HardBreakRoute_4,HardBreakRoute,496,-1,27,3720,4,4.77942,0.66325,7.206,1,1,1,outputs/gate6/snapshots/exact_town12_route10_route0_09_04_14_40_59/f000496.npz
route10,HardBreakRoute_4,HardBreakRoute,500,-1,27,3720,4,4.91201,0.69829,7.034,1,1,1,outputs/gate6/snapshots/exact_town12_route10_route0_09_04_14_40_59/f000500.npz
route10,HardBreakRoute_4,HardBreakRoute,504,-1,27,3720,4,4.94623,0.66558,7.431,1,1,1,outputs/gate6/snapshots/exact_town12_route10_route0_09_04_14_40_59/f000504.npz
route10,HardBreakRoute_4,HardBreakRoute,508,-1,28,3720,5,4.65437,0.72002,6.464,1,1,1,outputs/gate6/snapshots/exact_town12_route10_route0_09_04_14_40_59/f000508.npz
route10,HardBreakRoute_4,HardBreakRoute,512,-1,28,3720,5,4.4051,0.68268,6.453,1,1,1,outputs/gate6/snapshots/exact_town12_route10_route0_09_04_14_40_59/f000512.npz
route10,HardBreakRoute_4,HardBreakRoute,516,-1,28,3720,5,4.4189,0.67842,6.514,1,1,1,outputs/gate6/snapshots/exact_town12_route10_route0_09_04_14_40_59/f000516.npz
route10,HardBreakRoute_4,HardBreakRoute,520,-1,28,3720,5,4.11828,0.65734,6.265,1,1,1,outputs/gate6/snapshots/exact_town12_route10_route0_09_04_14_40_59/f000520.npz
route10,HardBreakRoute_4,HardBreakRoute,524,-1,28,3720,5,4.20342,0.65691,6.399,1,1,1,outputs/gate6/snapshots/exact_town12_route10_route0_09_04_14_40_59/f000524.npz
route10,HardBreakRoute_4,HardBreakRoute,528,-1,28,3720,5,4.30123,0.66612,6.457,1,1,1,outputs/gate6/snapshots/exact_town12_route10_route0_09_04_14_40_59/f000528.npz
route10,HardBreakRoute_4,HardBreakRoute,532,-1,28,3720,5,4.31186,0.65006,6.633,1,1,1,outputs/gate6/snapshots/exact_town12_route10_route0_09_04_14_40_59/f000532.npz
route10,HardBreakRoute_4,HardBreakRoute,536,-1,28,3720,5,4.85859,0.79018,6.149,1,1,1,outputs/gate6/snapshots/exact_town12_route10_route0_09_04_14_40_59/f000536.npz
route10,HardBreakRoute_4,HardBreakRoute,540,-1,28,3720,5,5.0599,0.74252,6.815,1,1,1,outputs/gate6/snapshots/exact_town12_route10_route0_09_04_14_40_59/f000540.npz
route10,HardBreakRoute_4,HardBreakRoute,544,-1,28,3720,5,4.80412,0.78057,6.155,1,1,1,outputs/gate6/snapshots/exact_town12_route10_route0_09_04_14_40_59/f000544.npz
route10,HardBreakRoute_4,HardBreakRoute,548,-1,28,3720,5,4.52641,0.74322,6.09,1,1,1,outputs/gate6/snapshots/exact_town12_route10_route0_09_04_14_40_59/f000548.npz
route10,HardBreakRoute_4,HardBreakRoute,552,-1,28,3720,5,3.99972,0.62728,6.376,1,1,1,outputs/gate6/snapshots/exact_town12_route10_route0_09_04_14_40_59/f000552.npz
route10,HardBreakRoute_4,HardBreakRoute,556,-1,28,3720,5,3.73129,0.56889,6.559,1,1,1,outputs/gate6/snapshots/exact_town12_route10_route0_09_04_14_40_59/f000556.npz
route10,HardBreakRoute_4,HardBreakRoute,560,-1,28,3720,5,3.65754,0.55901,6.543,1,1,1,outputs/gate6/snapshots/exact_town12_route10_route0_09_04_14_40_59/f000560.npz
route10,HardBreakRoute_4,HardBreakRoute,564,-1,28,3720,5,3.43882,1.9284,1.783,1,1,1,outputs/gate6/snapshots/exact_town12_route10_route0_09_04_14_40_59/f000564.npz
route10,HardBreakRoute_4,HardBreakRoute,568,-1,28,3720,5,3.5238,2.28143,1.545,1,1,1,outputs/gate6/snapshots/exact_town12_route10_route0_09_04_14_40_59/f000568.npz
route10,HardBreakRoute_4,HardBreakRoute,572,-1,28,3720,5,3.57425,2.86148,1.249,1,0,0,outputs/gate6/snapshots/exact_town12_route10_route0_09_04_14_40_59/f000572.npz
route10,HardBreakRoute_4,HardBreakRoute,576,-1,28,3720,5,4.07046,3.02992,1.343,1,0,0,outputs/gate6/snapshots/exact_town12_route10_route0_09_04_14_40_59/f000576.npz
route10,HardBreakRoute_4,HardBreakRoute,580,-1,28,3720,5,4.61334,0.61288,7.527,1,1,1,outputs/gate6/snapshots/exact_town12_route10_route0_09_04_14_40_59/f000580.npz
route10,HardBreakRoute_4,HardBreakRoute,584,-1,28,3720,5,4.75083,0.7323,6.488,1,1,1,outputs/gate6/snapshots/exact_town12_route10_route0_09_04_14_40_59/f000584.npz
route10,HardBreakRoute_4,HardBreakRoute,588,-1,28,3720,5,4.2979,0.5421,7.928,1,1,1,outputs/gate6/snapshots/exact_town12_route10_route0_09_04_14_40_59/f000588.npz
route10,HardBreakRoute_4,HardBreakRoute,592,-1,27,3720,5,4.17537,0.68042,6.136,1,1,1,outputs/gate6/snapshots/exact_town12_route10_route0_09_04_14_40_59/f000592.npz
route10,HardBreakRoute_4,HardBreakRoute,596,-1,27,3720,5,4.48595,0.6733,6.663,1,1,1,outputs/gate6/snapshots/exact_town12_route10_route0_09_04_14_40_59/f000596.npz
route10,HardBreakRoute_4,HardBreakRoute,600,-1,27,3720,5,4.47097,0.60896,7.342,1,1,1,outputs/gate6/snapshots/exact_town12_route10_route0_09_04_14_40_59/f000600.npz
route10,HardBreakRoute_4,HardBreakRoute,604,-1,26,3720,4,4.3029,0.58156,7.399,1,1,1,outputs/gate6/snapshots/exact_town12_route10_route0_09_04_14_40_59/f000604.npz
route10,HardBreakRoute_4,HardBreakRoute,608,-1,26,3720,4,4.27686,0.54069,7.91,1,1,1,outputs/gate6/snapshots/exact_town12_route10_route0_09_04_14_40_59/f000608.npz
route10,HardBreakRoute_4,HardBreakRoute,612,-1,26,3720,4,4.66236,0.64905,7.183,1,1,1,outputs/gate6/snapshots/exact_town12_route10_route0_09_04_14_40_59/f000612.npz
route10,HardBreakRoute_4,HardBreakRoute,616,-1,27,3720,5,4.15729,0.71612,5.805,1,1,1,outputs/gate6/snapshots/exact_town12_route10_route0_09_04_14_40_59/f000616.npz
route10,HardBreakRoute_4,HardBreakRoute,620,-1,27,3720,5,3.78992,0.70558,5.371,1,1,1,outputs/gate6/snapshots/exact_town12_route10_route0_09_04_14_40_59/f000620.npz
route10,HardBreakRoute_4,HardBreakRoute,624,-1,27,3720,5,3.76462,0.68269,5.514,1,1,1,outputs/gate6/snapshots/exact_town12_route10_route0_09_04_14_40_59/f000624.npz
route10,HardBreakRoute_4,HardBreakRoute,628,-1,26,3720,5,3.7918,0.73945,5.128,1,1,1,outputs/gate6/snapshots/exact_town12_route10_route0_09_04_14_40_59/f000628.npz
route10,HardBreakRoute_4,HardBreakRoute,632,-1,26,3720,5,3.31368,0.59122,5.605,1,1,1,outputs/gate6/snapshots/exact_town12_route10_route0_09_04_14_40_59/f000632.npz
route10,HardBreakRoute_4,HardBreakRoute,636,-1,26,3720,5,3.50383,0.54309,6.452,1,1,1,outputs/gate6/snapshots/exact_town12_route10_route0_09_04_14_40_59/f000636.npz
route10,HardBreakRoute_4,HardBreakRoute,640,-1,26,3720,5,3.49359,0.56612,6.171,1,1,1,outputs/gate6/snapshots/exact_town12_route10_route0_09_04_14_40_59/f000640.npz
route10,HardBreakRoute_4,HardBreakRoute,644,-1,26,3720,5,3.96111,0.73343,5.401,1,1,1,outputs/gate6/snapshots/exact_town12_route10_route0_09_04_14_40_59/f000644.npz
route10,HardBreakRoute_4,HardBreakRoute,648,-1,26,3720,5,4.0342,0.73625,5.479,1,1,1,outputs/gate6/snapshots/exact_town12_route10_route0_09_04_14_40_59/f000648.npz
route10,HardBreakRoute_4,HardBreakRoute,652,-1,26,3720,5,3.53679,0.69822,5.065,1,1,1,outputs/gate6/snapshots/exact_town12_route10_route0_09_04_14_40_59/f000652.npz
route10,HardBreakRoute_4,HardBreakRoute,656,-1,26,3720,5,3.53488,0.68351,5.172,1,1,1,outputs/gate6/snapshots/exact_town12_route10_route0_09_04_14_40_59/f000656.npz
route10,HardBreakRoute_4,HardBreakRoute,660,-1,26,3720,5,3.25414,0.60531,5.376,1,1,1,outputs/gate6/snapshots/exact_town12_route10_route0_09_04_14_40_59/f000660.npz
route10,HardBreakRoute_4,HardBreakRoute,664,-1,26,3720,5,3.27409,0.56705,5.774,1,1,1,outputs/gate6/snapshots/exact_town12_route10_route0_09_04_14_40_59/f000664.npz
route10,HardBreakRoute_4,HardBreakRoute,668,-1,26,3720,5,3.44432,0.52127,6.607,1,1,1,outputs/gate6/snapshots/exact_town12_route10_route0_09_04_14_40_59/f000668.npz
route10,HardBreakRoute_4,HardBreakRoute,672,-1,26,3720,5,3.51589,0.49845,7.054,1,1,1,outputs/gate6/snapshots/exact_town12_route10_route0_09_04_14_40_59/f000672.npz
route10,HardBreakRoute_4,HardBreakRoute,676,-1,26,3720,5,4.14911,0.59885,6.928,1,1,1,outputs/gate6/snapshots/exact_town12_route10_route0_09_04_14_40_59/f000676.npz
route10,HardBreakRoute_4,HardBreakRoute,680,-1,26,3720,5,4.25991,0.64576,6.597,1,1,1,outputs/gate6/snapshots/exact_town12_route10_route0_09_04_14_40_59/f000680.npz
route10,HardBreakRoute_4,HardBreakRoute,684,-1,26,3720,5,4.1385,0.53581,7.724,1,1,1,outputs/gate6/snapshots/exact_town12_route10_route0_09_04_14_40_59/f000684.npz
route10,HardBreakRoute_4,HardBreakRoute,688,-1,26,3720,5,4.63188,0.61913,7.481,1,1,1,outputs/gate6/snapshots/exact_town12_route10_route0_09_04_14_40_59/f000688.npz
route10,HardBreakRoute_4,HardBreakRoute,692,-1,26,3720,5,4.45751,0.53466,8.337,1,1,1,outputs/gate6/snapshots/exact_town12_route10_route0_09_04_14_40_59/f000692.npz
route10,HardBreakRoute_4,HardBreakRoute,696,-1,26,3720,5,4.47483,0.47392,9.442,1,1,1,outputs/gate6/snapshots/exact_town12_route10_route0_09_04_14_40_59/f000696.npz
route10,HardBreakRoute_4,HardBreakRoute,700,-1,26,3720,5,4.7989,0.61907,7.752,1,1,1,outputs/gate6/snapshots/exact_town12_route10_route0_09_04_14_40_59/f000700.npz
route10,HardBreakRoute_4,HardBreakRoute,704,-1,26,3720,5,4.99012,0.62433,7.993,1,1,1,outputs/gate6/snapshots/exact_town12_route10_route0_09_04_14_40_59/f000704.npz
route10,HardBreakRoute_4,HardBreakRoute,708,-1,25,3720,4,5.06631,0.59055,8.579,1,1,1,outputs/gate6/snapshots/exact_town12_route10_route0_09_04_14_40_59/f000708.npz
route10,HardBreakRoute_4,HardBreakRoute,712,-1,25,3720,4,4.79943,0.62201,7.716,1,1,1,outputs/gate6/snapshots/exact_town12_route10_route0_09_04_14_40_59/f000712.npz
route10,HardBreakRoute_4,HardBreakRoute,716,-1,25,3720,4,4.75844,0.6246,7.618,1,1,1,outputs/gate6/snapshots/exact_town12_route10_route0_09_04_14_40_59/f000716.npz
route10,HardBreakRoute_4,HardBreakRoute,720,-1,25,3720,4,4.74561,0.62911,7.543,1,1,1,outputs/gate6/snapshots/exact_town12_route10_route0_09_04_14_40_59/f000720.npz
route10,HardBreakRoute_4,HardBreakRoute,724,-1,26,3720,5,4.40079,0.69061,6.372,1,1,1,outputs/gate6/snapshots/exact_town12_route10_route0_09_04_14_40_59/f000724.npz
route10,HardBreakRoute_4,HardBreakRoute,728,-1,26,3720,5,4.3955,0.6924,6.348,1,1,1,outputs/gate6/snapshots/exact_town12_route10_route0_09_04_14_40_59/f000728.npz
route10,HardBreakRoute_4,HardBreakRoute,732,-1,26,3720,5,4.41307,0.69425,6.357,1,1,1,outputs/gate6/snapshots/exact_town12_route10_route0_09_04_14_40_59/f000732.npz
route10,HardBreakRoute_4,HardBreakRoute,736,-1,26,3720,5,4.44005,0.70072,6.336,1,1,1,outputs/gate6/snapshots/exact_town12_route10_route0_09_04_14_40_59/f000736.npz
route10,HardBreakRoute_4,HardBreakRoute,740,-1,26,3720,5,4.241,0.70894,5.982,1,1,1,outputs/gate6/snapshots/exact_town12_route10_route0_09_04_14_40_59/f000740.npz
route10,HardBreakRoute_4,HardBreakRoute,744,-1,26,3720,5,4.31156,0.7142,6.037,1,1,1,outputs/gate6/snapshots/exact_town12_route10_route0_09_04_14_40_59/f000744.npz
route10,HardBreakRoute_4,HardBreakRoute,748,-1,26,3720,5,4.36503,0.71641,6.093,1,1,1,outputs/gate6/snapshots/exact_town12_route10_route0_09_04_14_40_59/f000748.npz
route10,HardBreakRoute_4,HardBreakRoute,752,-1,26,3720,5,4.4023,0.71877,6.125,1,1,1,outputs/gate6/snapshots/exact_town12_route10_route0_09_04_14_40_59/f000752.npz
route10,HardBreakRoute_4,HardBreakRoute,756,-1,26,3720,5,4.46894,0.71549,6.246,1,1,1,outputs/gate6/snapshots/exact_town12_route10_route0_09_04_14_40_59/f000756.npz
route10,HardBreakRoute_4,HardBreakRoute,760,-1,26,3720,5,4.49098,0.72244,6.216,1,1,1,outputs/gate6/snapshots/exact_town12_route10_route0_09_04_14_40_59/f000760.npz
route10,HardBreakRoute_4,HardBreakRoute,764,-1,26,3720,5,4.46824,0.71367,6.261,1,1,1,outputs/gate6/snapshots/exact_town12_route10_route0_09_04_14_40_59/f000764.npz
route10,HardBreakRoute_4,HardBreakRoute,768,-1,27,3720,5,4.41756,0.70199,6.293,1,1,1,outputs/gate6/snapshots/exact_town12_route10_route0_09_04_14_40_59/f000768.npz
route10,HardBreakRoute_4,HardBreakRoute,772,-1,27,3720,5,4.04881,0.65562,6.176,1,1,1,outputs/gate6/snapshots/exact_town12_route10_route0_09_04_14_40_59/f000772.npz
route10,HardBreakRoute_4,HardBreakRoute,776,-1,27,3720,5,4.21351,0.6668,6.319,1,1,1,outputs/gate6/snapshots/exact_town12_route10_route0_09_04_14_40_59/f000776.npz
route10,HardBreakRoute_4,HardBreakRoute,780,-1,27,3720,5,4.15019,0.64608,6.424,1,1,1,outputs/gate6/snapshots/exact_town12_route10_route0_09_04_14_40_59/f000780.npz
route10,HardBreakRoute_4,HardBreakRoute,784,-1,27,3720,5,4.20915,0.62949,6.687,1,1,1,outputs/gate6/snapshots/exact_town12_route10_route0_09_04_14_40_59/f000784.npz
route10,HardBreakRoute_4,HardBreakRoute,788,-1,27,3720,5,4.14888,0.60747,6.83,1,1,1,outputs/gate6/snapshots/exact_town12_route10_route0_09_04_14_40_59/f000788.npz
route10,HardBreakRoute_4,HardBreakRoute,792,-1,27,3720,5,4.32457,0.64512,6.704,1,1,1,outputs/gate6/snapshots/exact_town12_route10_route0_09_04_14_40_59/f000792.npz
route10,HardBreakRoute_4,HardBreakRoute,796,-1,27,3720,5,4.32889,0.62543,6.921,1,1,1,outputs/gate6/snapshots/exact_town12_route10_route0_09_04_14_40_59/f000796.npz
route10,HardBreakRoute_4,HardBreakRoute,800,-1,27,3720,5,4.51781,0.5661,7.981,1,1,1,outputs/gate6/snapshots/exact_town12_route10_route0_09_04_14_40_59/f000800.npz
route10,HardBreakRoute_4,HardBreakRoute,804,-1,27,3720,5,4.54794,0.54039,8.416,1,1,1,outputs/gate6/snapshots/exact_town12_route10_route0_09_04_14_40_59/f000804.npz
route10,HardBreakRoute_4,HardBreakRoute,808,-1,27,3720,5,4.57109,0.52604,8.69,1,1,1,outputs/gate6/snapshots/exact_town12_route10_route0_09_04_14_40_59/f000808.npz
route10,HardBreakRoute_4,HardBreakRoute,812,-1,27,3720,5,4.68503,0.60878,7.696,1,1,1,outputs/gate6/snapshots/exact_town12_route10_route0_09_04_14_40_59/f000812.npz
route10,HardBreakRoute_4,HardBreakRoute,816,-1,26,3720,4,4.71987,0.57489,8.21,1,1,1,outputs/gate6/snapshots/exact_town12_route10_route0_09_04_14_40_59/f000816.npz
route10,HardBreakRoute_4,HardBreakRoute,820,-1,26,3720,4,4.78938,0.60692,7.891,1,1,1,outputs/gate6/snapshots/exact_town12_route10_route0_09_04_14_40_59/f000820.npz
route10,HardBreakRoute_4,HardBreakRoute,824,-1,26,3720,4,4.74243,0.60251,7.871,1,1,1,outputs/gate6/snapshots/exact_town12_route10_route0_09_04_14_40_59/f000824.npz
route10,HardBreakRoute_4,HardBreakRoute,828,-1,26,3720,4,4.69376,0.60182,7.799,1,1,1,outputs/gate6/snapshots/exact_town12_route10_route0_09_04_14_40_59/f000828.npz
route10,HardBreakRoute_4,HardBreakRoute,832,-1,26,3720,4,4.65215,0.60304,7.715,1,1,1,outputs/gate6/snapshots/exact_town12_route10_route0_09_04_14_40_59/f000832.npz
route10,HardBreakRoute_4,HardBreakRoute,836,-1,27,3720,5,4.2513,0.65165,6.524,1,1,1,outputs/gate6/snapshots/exact_town12_route10_route0_09_04_14_40_59/f000836.npz
route10,HardBreakRoute_4,HardBreakRoute,840,-1,27,3720,5,4.18904,0.64861,6.459,1,1,1,outputs/gate6/snapshots/exact_town12_route10_route0_09_04_14_40_59/f000840.npz
route10,HardBreakRoute_4,HardBreakRoute,844,-1,27,3720,5,4.19356,0.65165,6.435,1,1,1,outputs/gate6/snapshots/exact_town12_route10_route0_09_04_14_40_59/f000844.npz
route10,HardBreakRoute_4,HardBreakRoute,848,-1,27,3720,5,3.98099,0.65806,6.05,1,1,1,outputs/gate6/snapshots/exact_town12_route10_route0_09_04_14_40_59/f000848.npz
route10,HardBreakRoute_4,HardBreakRoute,852,-1,27,3720,5,4.00818,0.66321,6.044,1,1,1,outputs/gate6/snapshots/exact_town12_route10_route0_09_04_14_40_59/f000852.npz
route10,HardBreakRoute_4,HardBreakRoute,856,-1,27,3720,5,4.0898,0.6681,6.122,1,1,1,outputs/gate6/snapshots/exact_town12_route10_route0_09_04_14_40_59/f000856.npz
route10,HardBreakRoute_4,HardBreakRoute,860,-1,27,3720,5,4.18233,0.67042,6.238,1,1,1,outputs/gate6/snapshots/exact_town12_route10_route0_09_04_14_40_59/f000860.npz
route10,HardBreakRoute_4,HardBreakRoute,864,-1,27,3720,5,4.21299,0.6723,6.267,1,1,1,outputs/gate6/snapshots/exact_town12_route10_route0_09_04_14_40_59/f000864.npz
route10,HardBreakRoute_4,HardBreakRoute,868,-1,27,3720,5,4.19191,0.67078,6.249,1,1,1,outputs/gate6/snapshots/exact_town12_route10_route0_09_04_14_40_59/f000868.npz
route10,HardBreakRoute_4,HardBreakRoute,872,-1,27,3720,5,4.13939,0.66711,6.205,1,1,1,outputs/gate6/snapshots/exact_town12_route10_route0_09_04_14_40_59/f000872.npz
route10,HardBreakRoute_4,HardBreakRoute,876,-1,27,3720,5,4.1382,0.66137,6.257,1,1,1,outputs/gate6/snapshots/exact_town12_route10_route0_09_04_14_40_59/f000876.npz
route10,HardBreakRoute_4,HardBreakRoute,880,-1,27,3720,5,3.9982,0.64778,6.172,1,1,1,outputs/gate6/snapshots/exact_town12_route10_route0_09_04_14_40_59/f000880.npz
route10,HardBreakRoute_4,HardBreakRoute,884,-1,27,3720,5,3.88924,0.62997,6.174,1,1,1,outputs/gate6/snapshots/exact_town12_route10_route0_09_04_14_40_59/f000884.npz
route10,HardBreakRoute_4,HardBreakRoute,888,-1,27,3720,5,3.89763,0.60757,6.415,1,1,1,outputs/gate6/snapshots/exact_town12_route10_route0_09_04_14_40_59/f000888.npz
route10,HardBreakRoute_4,HardBreakRoute,892,-1,27,3720,5,3.96647,0.5929,6.69,1,1,1,outputs/gate6/snapshots/exact_town12_route10_route0_09_04_14_40_59/f000892.npz
route10,HardBreakRoute_4,HardBreakRoute,896,-1,27,3720,5,4.06339,0.58489,6.947,1,1,1,outputs/gate6/snapshots/exact_town12_route10_route0_09_04_14_40_59/f000896.npz
route10,HardBreakRoute_4,HardBreakRoute,900,-1,27,3720,5,4.23923,0.57824,7.331,1,1,1,outputs/gate6/snapshots/exact_town12_route10_route0_09_04_14_40_59/f000900.npz
route10,HardBreakRoute_4,HardBreakRoute,904,-1,27,3720,5,4.37203,0.57551,7.597,1,1,1,outputs/gate6/snapshots/exact_town12_route10_route0_09_04_14_40_59/f000904.npz
route10,HardBreakRoute_4,HardBreakRoute,908,-1,27,3720,5,4.45663,0.57485,7.753,1,1,1,outputs/gate6/snapshots/exact_town12_route10_route0_09_04_14_40_59/f000908.npz
route10,HardBreakRoute_4,HardBreakRoute,912,-1,27,3720,5,4.5371,0.57366,7.909,1,1,1,outputs/gate6/snapshots/exact_town12_route10_route0_09_04_14_40_59/f000912.npz
route10,HardBreakRoute_4,HardBreakRoute,916,-1,27,3720,5,4.61656,0.581,7.946,1,1,1,outputs/gate6/snapshots/exact_town12_route10_route0_09_04_14_40_59/f000916.npz
route10,HardBreakRoute_4,HardBreakRoute,920,-1,27,3720,5,4.59105,0.60799,7.551,1,1,1,outputs/gate6/snapshots/exact_town12_route10_route0_09_04_14_40_59/f000920.npz
route10,HardBreakRoute_4,HardBreakRoute,924,-1,27,3720,5,4.6275,0.60257,7.68,1,1,1,outputs/gate6/snapshots/exact_town12_route10_route0_09_04_14_40_59/f000924.npz
route10,HardBreakRoute_4,HardBreakRoute,928,-1,26,3720,4,4.77925,0.58347,8.191,1,1,1,outputs/gate6/snapshots/exact_town12_route10_route0_09_04_14_40_59/f000928.npz
route10,HardBreakRoute_4,HardBreakRoute,932,-1,26,3720,4,4.72481,0.58227,8.114,1,1,1,outputs/gate6/snapshots/exact_town12_route10_route0_09_04_14_40_59/f000932.npz
route10,HardBreakRoute_4,HardBreakRoute,936,-1,26,3720,4,4.67946,0.58149,8.047,1,1,1,outputs/gate6/snapshots/exact_town12_route10_route0_09_04_14_40_59/f000936.npz
route10,HardBreakRoute_4,HardBreakRoute,940,-1,26,3720,4,4.65455,0.58452,7.963,1,1,1,outputs/gate6/snapshots/exact_town12_route10_route0_09_04_14_40_59/f000940.npz
route10,HardBreakRoute_4,HardBreakRoute,944,-1,27,3720,5,4.20579,0.64071,6.564,1,1,1,outputs/gate6/snapshots/exact_town12_route10_route0_09_04_14_40_59/f000944.npz
route10,HardBreakRoute_4,HardBreakRoute,948,-1,27,3720,5,4.19391,0.64243,6.528,1,1,1,outputs/gate6/snapshots/exact_town12_route10_route0_09_04_14_40_59/f000948.npz
route10,HardBreakRoute_4,HardBreakRoute,952,-1,27,3720,5,4.19989,0.64644,6.497,1,1,1,outputs/gate6/snapshots/exact_town12_route10_route0_09_04_14_40_59/f000952.npz
route10,HardBreakRoute_4,HardBreakRoute,956,-1,27,3720,5,3.99465,0.6541,6.107,1,1,1,outputs/gate6/snapshots/exact_town12_route10_route0_09_04_14_40_59/f000956.npz
route10,HardBreakRoute_4,HardBreakRoute,960,-1,27,3720,5,3.96554,0.65509,6.053,1,1,1,outputs/gate6/snapshots/exact_town12_route10_route0_09_04_14_40_59/f000960.npz
route10,HardBreakRoute_4,HardBreakRoute,964,-1,27,3720,5,4.0071,0.66011,6.07,1,1,1,outputs/gate6/snapshots/exact_town12_route10_route0_09_04_14_40_59/f000964.npz
route10,HardBreakRoute_4,HardBreakRoute,968,-1,27,3720,5,3.92601,0.64133,6.122,1,1,1,outputs/gate6/snapshots/exact_town12_route10_route0_09_04_14_40_59/f000968.npz
route10,HardBreakRoute_4,HardBreakRoute,972,-1,27,3720,5,4.14438,0.66491,6.233,1,1,1,outputs/gate6/snapshots/exact_town12_route10_route0_09_04_14_40_59/f000972.npz
route10,HardBreakRoute_4,HardBreakRoute,976,-1,27,3720,5,4.14997,0.66522,6.238,1,1,1,outputs/gate6/snapshots/exact_town12_route10_route0_09_04_14_40_59/f000976.npz
route10,HardBreakRoute_4,HardBreakRoute,980,-1,27,3720,5,3.99633,0.65022,6.146,1,1,1,outputs/gate6/snapshots/exact_town12_route10_route0_09_04_14_40_59/f000980.npz
route10,HardBreakRoute_4,HardBreakRoute,984,-1,27,3720,5,4.05258,0.65837,6.155,1,1,1,outputs/gate6/snapshots/exact_town12_route10_route0_09_04_14_40_59/f000984.npz
route10,HardBreakRoute_4,HardBreakRoute,988,-1,27,3720,5,3.95475,0.65071,6.078,1,1,1,outputs/gate6/snapshots/exact_town12_route10_route0_09_04_14_40_59/f000988.npz
route10,HardBreakRoute_4,HardBreakRoute,992,-1,27,3720,5,3.76561,0.62915,5.985,1,1,1,outputs/gate6/snapshots/exact_town12_route10_route0_09_04_14_40_59/f000992.npz
route10,HardBreakRoute_4,HardBreakRoute,996,-1,27,3720,5,3.85432,0.61461,6.271,1,1,1,outputs/gate6/snapshots/exact_town12_route10_route0_09_04_14_40_59/f000996.npz
route10,HardBreakRoute_4,HardBreakRoute,1000,-1,27,3720,5,3.87932,0.60261,6.438,1,1,1,outputs/gate6/snapshots/exact_town12_route10_route0_09_04_14_40_59/f001000.npz
route10,HardBreakRoute_4,HardBreakRoute,1004,-1,27,3720,5,3.96858,0.59099,6.715,1,1,1,outputs/gate6/snapshots/exact_town12_route10_route0_09_04_14_40_59/f001004.npz
route10,HardBreakRoute_4,HardBreakRoute,1008,-1,27,3720,5,4.11534,0.58569,7.027,1,1,1,outputs/gate6/snapshots/exact_town12_route10_route0_09_04_14_40_59/f001008.npz
route10,HardBreakRoute_4,HardBreakRoute,1012,-1,27,3720,5,4.28107,0.5795,7.387,1,1,1,outputs/gate6/snapshots/exact_town12_route10_route0_09_04_14_40_59/f001012.npz
route10,HardBreakRoute_4,HardBreakRoute,1016,-1,27,3720,5,4.41052,0.57791,7.632,1,1,1,outputs/gate6/snapshots/exact_town12_route10_route0_09_04_14_40_59/f001016.npz
route10,HardBreakRoute_4,HardBreakRoute,1020,-1,27,3720,5,4.50763,0.56705,7.949,1,1,1,outputs/gate6/snapshots/exact_town12_route10_route0_09_04_14_40_59/f001020.npz
route10,HardBreakRoute_4,HardBreakRoute,1024,-1,27,3720,5,4.55979,0.57042,7.994,1,1,1,outputs/gate6/snapshots/exact_town12_route10_route0_09_04_14_40_59/f001024.npz
route10,HardBreakRoute_4,HardBreakRoute,1028,-1,27,3720,5,4.55804,0.56797,8.025,1,1,1,outputs/gate6/snapshots/exact_town12_route10_route0_09_04_14_40_59/f001028.npz
route10,HardBreakRoute_4,HardBreakRoute,1032,-1,27,3720,5,4.61769,0.58902,7.84,1,1,1,outputs/gate6/snapshots/exact_town12_route10_route0_09_04_14_40_59/f001032.npz
route10,HardBreakRoute_4,HardBreakRoute,1036,-1,26,3720,4,4.80652,0.56994,8.433,1,1,1,outputs/gate6/snapshots/exact_town12_route10_route0_09_04_14_40_59/f001036.npz
route10,HardBreakRoute_4,HardBreakRoute,1040,-1,26,3720,4,4.75003,0.56972,8.337,1,1,1,outputs/gate6/snapshots/exact_town12_route10_route0_09_04_14_40_59/f001040.npz
route10,HardBreakRoute_4,HardBreakRoute,1044,-1,26,3720,4,4.67751,0.56999,8.206,1,1,1,outputs/gate6/snapshots/exact_town12_route10_route0_09_04_14_40_59/f001044.npz
route10,HardBreakRoute_4,HardBreakRoute,1048,-1,26,3720,4,4.64541,0.56892,8.165,1,1,1,outputs/gate6/snapshots/exact_town12_route10_route0_09_04_14_40_59/f001048.npz
route10,HardBreakRoute_4,HardBreakRoute,1052,-1,27,3720,5,4.18626,0.62526,6.695,1,1,1,outputs/gate6/snapshots/exact_town12_route10_route0_09_04_14_40_59/f001052.npz
route10,HardBreakRoute_4,HardBreakRoute,1056,-1,27,3720,5,4.15954,0.62644,6.64,1,1,1,outputs/gate6/snapshots/exact_town12_route10_route0_09_04_14_40_59/f001056.npz
route10,HardBreakRoute_4,HardBreakRoute,1060,-1,27,3720,5,4.14894,0.62952,6.591,1,1,1,outputs/gate6/snapshots/exact_town12_route10_route0_09_04_14_40_59/f001060.npz
route10,HardBreakRoute_4,HardBreakRoute,1064,-1,27,3720,5,3.81856,0.61298,6.23,1,1,1,outputs/gate6/snapshots/exact_town12_route10_route0_09_04_14_40_59/f001064.npz
route10,HardBreakRoute_4,HardBreakRoute,1068,-1,27,3720,5,3.94039,0.63527,6.203,1,1,1,outputs/gate6/snapshots/exact_town12_route10_route0_09_04_14_40_59/f001068.npz
route10,HardBreakRoute_4,HardBreakRoute,1072,-1,27,3720,5,3.96935,0.63969,6.205,1,1,1,outputs/gate6/snapshots/exact_town12_route10_route0_09_04_14_40_59/f001072.npz
route10,HardBreakRoute_4,HardBreakRoute,1076,-1,27,3720,5,3.88389,0.62241,6.24,1,1,1,outputs/gate6/snapshots/exact_town12_route10_route0_09_04_14_40_59/f001076.npz
route10,HardBreakRoute_4,HardBreakRoute,1080,-1,27,3720,5,4.13114,0.64914,6.364,1,1,1,outputs/gate6/snapshots/exact_town12_route10_route0_09_04_14_40_59/f001080.npz
route10,HardBreakRoute_4,HardBreakRoute,1084,-1,27,3720,5,4.16613,0.64622,6.447,1,1,1,outputs/gate6/snapshots/exact_town12_route10_route0_09_04_14_40_59/f001084.npz
route10,HardBreakRoute_4,HardBreakRoute,1088,-1,27,3720,5,4.13424,0.64568,6.403,1,1,1,outputs/gate6/snapshots/exact_town12_route10_route0_09_04_14_40_59/f001088.npz
route10,HardBreakRoute_4,HardBreakRoute,1092,-1,27,3720,5,4.0435,0.63668,6.351,1,1,1,outputs/gate6/snapshots/exact_town12_route10_route0_09_04_14_40_59/f001092.npz
route10,HardBreakRoute_4,HardBreakRoute,1096,-1,27,3720,5,3.79351,0.61126,6.206,1,1,1,outputs/gate6/snapshots/exact_town12_route10_route0_09_04_14_40_59/f001096.npz
route10,HardBreakRoute_4,HardBreakRoute,1100,-1,27,3720,5,3.87511,0.61095,6.343,1,1,1,outputs/gate6/snapshots/exact_town12_route10_route0_09_04_14_40_59/f001100.npz
route10,HardBreakRoute_4,HardBreakRoute,1104,-1,27,3720,5,3.86035,0.59327,6.507,1,1,1,outputs/gate6/snapshots/exact_town12_route10_route0_09_04_14_40_59/f001104.npz
route10,HardBreakRoute_4,HardBreakRoute,1108,-1,27,3720,5,3.77727,0.55956,6.75,1,1,1,outputs/gate6/snapshots/exact_town12_route10_route0_09_04_14_40_59/f001108.npz
route10,HardBreakRoute_4,HardBreakRoute,1112,-1,27,3720,5,4.00754,0.56868,7.047,1,1,1,outputs/gate6/snapshots/exact_town12_route10_route0_09_04_14_40_59/f001112.npz
route10,HardBreakRoute_4,HardBreakRoute,1116,-1,27,3720,5,4.16583,0.5628,7.402,1,1,1,outputs/gate6/snapshots/exact_town12_route10_route0_09_04_14_40_59/f001116.npz
route10,HardBreakRoute_4,HardBreakRoute,1120,-1,27,3720,5,4.3139,0.55677,7.748,1,1,1,outputs/gate6/snapshots/exact_town12_route10_route0_09_04_14_40_59/f001120.npz
route10,HardBreakRoute_4,HardBreakRoute,1124,-1,27,3720,5,4.32412,0.57486,7.522,1,1,1,outputs/gate6/snapshots/exact_town12_route10_route0_09_04_14_40_59/f001124.npz
route10,HardBreakRoute_4,HardBreakRoute,1128,-1,27,3720,5,4.4187,0.57451,7.691,1,1,1,outputs/gate6/snapshots/exact_town12_route10_route0_09_04_14_40_59/f001128.npz
route10,HardBreakRoute_4,HardBreakRoute,1132,-1,27,3720,5,4.48735,0.57786,7.765,1,1,1,outputs/gate6/snapshots/exact_town12_route10_route0_09_04_14_40_59/f001132.npz
route10,HardBreakRoute_4,HardBreakRoute,1136,-1,27,3720,5,4.54681,0.58409,7.784,1,1,1,outputs/gate6/snapshots/exact_town12_route10_route0_09_04_14_40_59/f001136.npz
route10,HardBreakRoute_4,HardBreakRoute,1140,-1,27,3720,5,4.62673,0.57931,7.987,1,1,1,outputs/gate6/snapshots/exact_town12_route10_route0_09_04_14_40_59/f001140.npz
route10,HardBreakRoute_4,HardBreakRoute,1144,-1,26,3720,4,4.77592,0.56037,8.523,1,1,1,outputs/gate6/snapshots/exact_town12_route10_route0_09_04_14_40_59/f001144.npz
route10,HardBreakRoute_4,HardBreakRoute,1148,-1,26,3720,4,4.70504,0.55974,8.406,1,1,1,outputs/gate6/snapshots/exact_town12_route10_route0_09_04_14_40_59/f001148.npz
route10,HardBreakRoute_4,HardBreakRoute,1152,-1,26,3720,4,4.6416,0.56119,8.271,1,1,1,outputs/gate6/snapshots/exact_town12_route10_route0_09_04_14_40_59/f001152.npz
route10,HardBreakRoute_4,HardBreakRoute,1156,-1,26,3720,4,4.5969,0.56261,8.171,1,1,1,outputs/gate6/snapshots/exact_town12_route10_route0_09_04_14_40_59/f001156.npz
route10,HardBreakRoute_4,HardBreakRoute,1160,-1,27,3720,5,4.16025,0.6112,6.807,1,1,1,outputs/gate6/snapshots/exact_town12_route10_route0_09_04_14_40_59/f001160.npz
route10,HardBreakRoute_4,HardBreakRoute,1164,-1,27,3720,5,4.13683,0.61381,6.74,1,1,1,outputs/gate6/snapshots/exact_town12_route10_route0_09_04_14_40_59/f001164.npz
route10,HardBreakRoute_4,HardBreakRoute,1168,-1,27,3720,5,4.12671,0.61527,6.707,1,1,1,outputs/gate6/snapshots/exact_town12_route10_route0_09_04_14_40_59/f001168.npz
route10,HardBreakRoute_4,HardBreakRoute,1172,-1,27,3720,5,4.01217,0.60478,6.634,1,1,1,outputs/gate6/snapshots/exact_town12_route10_route0_09_04_14_40_59/f001172.npz
route10,HardBreakRoute_4,HardBreakRoute,1176,-1,27,3720,5,3.99914,0.62891,6.359,1,1,1,outputs/gate6/snapshots/exact_town12_route10_route0_09_04_14_40_59/f001176.npz
route10,HardBreakRoute_4,HardBreakRoute,1180,-1,27,3720,5,3.94227,0.63449,6.213,1,1,1,outputs/gate6/snapshots/exact_town12_route10_route0_09_04_14_40_59/f001180.npz
route10,HardBreakRoute_4,HardBreakRoute,1184,-1,27,3720,5,3.9365,0.63873,6.163,1,1,1,outputs/gate6/snapshots/exact_town12_route10_route0_09_04_14_40_59/f001184.npz
route10,HardBreakRoute_4,HardBreakRoute,1188,-1,27,3720,5,3.71859,0.61129,6.083,1,1,1,outputs/gate6/snapshots/exact_town12_route10_route0_09_04_14_40_59/f001188.npz
route10,HardBreakRoute_4,HardBreakRoute,1192,-1,27,3720,5,3.97774,0.63464,6.268,1,1,1,outputs/gate6/snapshots/exact_town12_route10_route0_09_04_14_40_59/f001192.npz
route10,HardBreakRoute_4,HardBreakRoute,1196,-1,27,3720,5,3.96628,0.64172,6.181,1,1,1,outputs/gate6/snapshots/exact_town12_route10_route0_09_04_14_40_59/f001196.npz
route10,HardBreakRoute_4,HardBreakRoute,1200,-1,27,3720,5,3.98258,0.63841,6.238,1,1,1,outputs/gate6/snapshots/exact_town12_route10_route0_09_04_14_40_59/f001200.npz
route10,HardBreakRoute_4,HardBreakRoute,1204,-1,27,3720,5,3.99074,0.63543,6.28,1,1,1,outputs/gate6/snapshots/exact_town12_route10_route0_09_04_14_40_59/f001204.npz
route10,HardBreakRoute_4,HardBreakRoute,1208,-1,27,3720,5,3.99469,0.63292,6.312,1,1,1,outputs/gate6/snapshots/exact_town12_route10_route0_09_04_14_40_59/f001208.npz
route10,HardBreakRoute_4,HardBreakRoute,1212,-1,27,3720,5,4.01148,0.63247,6.343,1,1,1,outputs/gate6/snapshots/exact_town12_route10_route0_09_04_14_40_59/f001212.npz
route10,HardBreakRoute_4,HardBreakRoute,1216,-1,27,3720,5,3.81395,0.61549,6.197,1,1,1,outputs/gate6/snapshots/exact_town12_route10_route0_09_04_14_40_59/f001216.npz
route10,HardBreakRoute_4,HardBreakRoute,1220,-1,27,3720,5,3.96172,0.62641,6.325,1,1,1,outputs/gate6/snapshots/exact_town12_route10_route0_09_04_14_40_59/f001220.npz
route10,HardBreakRoute_4,HardBreakRoute,1224,-1,27,3720,5,3.92904,0.61746,6.363,1,1,1,outputs/gate6/snapshots/exact_town12_route10_route0_09_04_14_40_59/f001224.npz
route10,HardBreakRoute_4,HardBreakRoute,1228,-1,27,3720,5,3.72404,0.59702,6.238,1,1,1,outputs/gate6/snapshots/exact_town12_route10_route0_09_04_14_40_59/f001228.npz
route10,HardBreakRoute_4,HardBreakRoute,1232,-1,27,3720,5,3.85704,0.59741,6.456,1,1,1,outputs/gate6/snapshots/exact_town12_route10_route0_09_04_14_40_59/f001232.npz
route10,HardBreakRoute_4,HardBreakRoute,1236,-1,27,3720,5,3.90417,0.5898,6.619,1,1,1,outputs/gate6/snapshots/exact_town12_route10_route0_09_04_14_40_59/f001236.npz
route10,HardBreakRoute_4,HardBreakRoute,1240,-1,27,3720,5,4.0426,0.58211,6.945,1,1,1,outputs/gate6/snapshots/exact_town12_route10_route0_09_04_14_40_59/f001240.npz
route10,HardBreakRoute_4,HardBreakRoute,1244,-1,27,3720,5,4.14062,0.55945,7.401,1,1,1,outputs/gate6/snapshots/exact_town12_route10_route0_09_04_14_40_59/f001244.npz
route10,HardBreakRoute_4,HardBreakRoute,1248,-1,27,3720,5,4.36144,0.56689,7.694,1,1,1,outputs/gate6/snapshots/exact_town12_route10_route0_09_04_14_40_59/f001248.npz
route10,HardBreakRoute_4,HardBreakRoute,1252,-1,26,3720,4,4.6409,0.5542,8.374,1,1,1,outputs/gate6/snapshots/exact_town12_route10_route0_09_04_14_40_59/f001252.npz
route10,HardBreakRoute_4,HardBreakRoute,1256,-1,26,3720,4,4.70749,0.55497,8.482,1,1,1,outputs/gate6/snapshots/exact_town12_route10_route0_09_04_14_40_59/f001256.npz
route10,HardBreakRoute_4,HardBreakRoute,1260,-1,26,3720,4,4.72037,0.55183,8.554,1,1,1,outputs/gate6/snapshots/exact_town12_route10_route0_09_04_14_40_59/f001260.npz
route10,HardBreakRoute_4,HardBreakRoute,1264,-1,26,3720,4,4.80407,0.56201,8.548,1,1,1,outputs/gate6/snapshots/exact_town12_route10_route0_09_04_14_40_59/f001264.npz
route10,HardBreakRoute_4,HardBreakRoute,1268,-1,26,3720,4,4.82376,0.57651,8.367,1,1,1,outputs/gate6/snapshots/exact_town12_route10_route0_09_04_14_40_59/f001268.npz
route10,HardBreakRoute_4,HardBreakRoute,1272,-1,26,3720,4,4.77855,0.57923,8.25,1,1,1,outputs/gate6/snapshots/exact_town12_route10_route0_09_04_14_40_59/f001272.npz
route10,HardBreakRoute_4,HardBreakRoute,1276,-1,26,3720,4,4.7325,0.58006,8.159,1,1,1,outputs/gate6/snapshots/exact_town12_route10_route0_09_04_14_40_59/f001276.npz
route10,HardBreakRoute_4,HardBreakRoute,1280,-1,26,3720,4,4.66611,0.58005,8.044,1,1,1,outputs/gate6/snapshots/exact_town12_route10_route0_09_04_14_40_59/f001280.npz
route10,HardBreakRoute_4,HardBreakRoute,1284,-1,27,3720,5,4.22192,0.61984,6.811,1,1,1,outputs/gate6/snapshots/exact_town12_route10_route0_09_04_14_40_59/f001284.npz
route10,HardBreakRoute_4,HardBreakRoute,1288,-1,27,3720,5,4.21754,0.62193,6.781,1,1,1,outputs/gate6/snapshots/exact_town12_route10_route0_09_04_14_40_59/f001288.npz
route10,HardBreakRoute_4,HardBreakRoute,1292,-1,27,3720,5,4.22346,0.61745,6.84,1,1,1,outputs/gate6/snapshots/exact_town12_route10_route0_09_04_14_40_59/f001292.npz
route10,HardBreakRoute_4,HardBreakRoute,1296,-1,27,3720,5,4.2099,0.62513,6.734,1,1,1,outputs/gate6/snapshots/exact_town12_route10_route0_09_04_14_40_59/f001296.npz
route10,HardBreakRoute_4,HardBreakRoute,1300,-1,27,3720,5,4.15198,0.63135,6.576,1,1,1,outputs/gate6/snapshots/exact_town12_route10_route0_09_04_14_40_59/f001300.npz
route10,HardBreakRoute_4,HardBreakRoute,1304,-1,27,3720,5,4.00595,0.6363,6.296,1,1,1,outputs/gate6/snapshots/exact_town12_route10_route0_09_04_14_40_59/f001304.npz
route10,HardBreakRoute_4,HardBreakRoute,1308,-1,27,3720,5,3.99684,0.64036,6.242,1,1,1,outputs/gate6/snapshots/exact_town12_route10_route0_09_04_14_40_59/f001308.npz
route10,HardBreakRoute_4,HardBreakRoute,1312,-1,27,3720,5,3.98246,0.64187,6.204,1,1,1,outputs/gate6/snapshots/exact_town12_route10_route0_09_04_14_40_59/f001312.npz
route10,HardBreakRoute_4,HardBreakRoute,1316,-1,27,3720,5,3.93375,0.63911,6.155,1,1,1,outputs/gate6/snapshots/exact_town12_route10_route0_09_04_14_40_59/f001316.npz
route10,HardBreakRoute_4,HardBreakRoute,1320,-1,27,3720,5,4.03182,0.63446,6.355,1,1,1,outputs/gate6/snapshots/exact_town12_route10_route0_09_04_14_40_59/f001320.npz
route10,HardBreakRoute_4,HardBreakRoute,1324,-1,27,3720,5,4.03261,0.63662,6.334,1,1,1,outputs/gate6/snapshots/exact_town12_route10_route0_09_04_14_40_59/f001324.npz
route10,HardBreakRoute_4,HardBreakRoute,1328,-1,27,3720,5,3.90347,0.62491,6.246,1,1,1,outputs/gate6/snapshots/exact_town12_route10_route0_09_04_14_40_59/f001328.npz
route10,HardBreakRoute_2,HardBreakRoute,1436,-1,28,3720,10,4.59076,0.4651,9.871,1,1,1,outputs/gate6/snapshots/exact_town12_route10_route0_09_04_14_40_59/f001436.npz
route10,HardBreakRoute_2,HardBreakRoute,1440,-1,28,3720,10,4.12449,0.4659,8.853,1,1,1,outputs/gate6/snapshots/exact_town12_route10_route0_09_04_14_40_59/f001440.npz
route10,HardBreakRoute_2,HardBreakRoute,1444,-1,28,3720,10,4.34974,0.25957,16.757,1,1,1,outputs/gate6/snapshots/exact_town12_route10_route0_09_04_14_40_59/f001444.npz
route10,HardBreakRoute_2,HardBreakRoute,1448,-1,28,3720,10,4.50277,0.30584,14.723,1,1,1,outputs/gate6/snapshots/exact_town12_route10_route0_09_04_14_40_59/f001448.npz
route10,HardBreakRoute_2,HardBreakRoute,1452,-1,28,3720,10,3.14593,0.50489,6.231,1,1,1,outputs/gate6/snapshots/exact_town12_route10_route0_09_04_14_40_59/f001452.npz
route10,HardBreakRoute_2,HardBreakRoute,1456,-1,28,3720,10,2.49752,0.72036,3.467,1,1,1,outputs/gate6/snapshots/exact_town12_route10_route0_09_04_14_40_59/f001456.npz
route10,HardBreakRoute_2,HardBreakRoute,1460,-1,28,3720,10,3.54124,0.5826,6.078,1,1,1,outputs/gate6/snapshots/exact_town12_route10_route0_09_04_14_40_59/f001460.npz
route10,HardBreakRoute_2,HardBreakRoute,1464,-1,29,3720,11,3.58146,0.55958,6.4,1,1,1,outputs/gate6/snapshots/exact_town12_route10_route0_09_04_14_40_59/f001464.npz
route10,HardBreakRoute_2,HardBreakRoute,1468,-1,29,3720,11,3.15223,0.58331,5.404,1,1,1,outputs/gate6/snapshots/exact_town12_route10_route0_09_04_14_40_59/f001468.npz
route10,HardBreakRoute_2,HardBreakRoute,1472,-1,30,3720,12,3.63444,0.48743,7.456,1,1,1,outputs/gate6/snapshots/exact_town12_route10_route0_09_04_14_40_59/f001472.npz
route10,HardBreakRoute_2,HardBreakRoute,1476,-1,30,3720,12,3.89809,0.56447,6.906,1,1,1,outputs/gate6/snapshots/exact_town12_route10_route0_09_04_14_40_59/f001476.npz
route10,HardBreakRoute_2,HardBreakRoute,1480,-1,30,3720,12,2.58096,0.55937,4.614,1,1,1,outputs/gate6/snapshots/exact_town12_route10_route0_09_04_14_40_59/f001480.npz
route10,HardBreakRoute_2,HardBreakRoute,1484,-1,30,3720,12,2.25198,0.65237,3.452,1,1,1,outputs/gate6/snapshots/exact_town12_route10_route0_09_04_14_40_59/f001484.npz
route10,HardBreakRoute_2,HardBreakRoute,1488,-1,30,3720,12,0.69763,0.67892,1.028,1,0,0,outputs/gate6/snapshots/exact_town12_route10_route0_09_04_14_40_59/f001488.npz
route10,HardBreakRoute_2,HardBreakRoute,1492,-1,30,3720,12,1.96925,0.45532,4.325,1,1,1,outputs/gate6/snapshots/exact_town12_route10_route0_09_04_14_40_59/f001492.npz
route10,HardBreakRoute_2,HardBreakRoute,1496,-1,30,3720,12,1.07012,0.35295,3.032,1,1,1,outputs/gate6/snapshots/exact_town12_route10_route0_09_04_14_40_59/f001496.npz
route10,HardBreakRoute_2,HardBreakRoute,1500,-1,30,3720,12,0.43492,0.21431,2.029,1,1,1,outputs/gate6/snapshots/exact_town12_route10_route0_09_04_14_40_59/f001500.npz
route10,HardBreakRoute_2,HardBreakRoute,1504,-1,30,3720,12,0.6781,0.2598,2.61,1,1,1,outputs/gate6/snapshots/exact_town12_route10_route0_09_04_14_40_59/f001504.npz
route10,HardBreakRoute_2,HardBreakRoute,1508,-1,32,3720,13,0.88252,0.23292,3.789,1,1,1,outputs/gate6/snapshots/exact_town12_route10_route0_09_04_14_40_59/f001508.npz
route10,HardBreakRoute_2,HardBreakRoute,1512,-1,32,3720,13,1.55724,0.10867,14.331,1,1,1,outputs/gate6/snapshots/exact_town12_route10_route0_09_04_14_40_59/f001512.npz
route10,HardBreakRoute_2,HardBreakRoute,1516,-1,32,3720,13,2.25076,0.0788,28.564,1,1,1,outputs/gate6/snapshots/exact_town12_route10_route0_09_04_14_40_59/f001516.npz
route10,HardBreakRoute_2,HardBreakRoute,1520,-1,32,3720,13,2.31186,0.11158,20.72,1,1,1,outputs/gate6/snapshots/exact_town12_route10_route0_09_04_14_40_59/f001520.npz
route10,HardBreakRoute_2,HardBreakRoute,1524,-1,33,3720,13,2.39428,0.0995,24.064,1,1,1,outputs/gate6/snapshots/exact_town12_route10_route0_09_04_14_40_59/f001524.npz
route10,HardBreakRoute_2,HardBreakRoute,1528,-1,33,3720,13,2.28544,0.07033,32.494,1,1,1,outputs/gate6/snapshots/exact_town12_route10_route0_09_04_14_40_59/f001528.npz
route10,HardBreakRoute_2,HardBreakRoute,1532,-1,32,3720,12,2.13211,0.0788,27.058,1,1,1,outputs/gate6/snapshots/exact_town12_route10_route0_09_04_14_40_59/f001532.npz
route10,HardBreakRoute_2,HardBreakRoute,1536,-1,33,3720,11,2.11513,0.05926,35.693,1,1,1,outputs/gate6/snapshots/exact_town12_route10_route0_09_04_14_40_59/f001536.npz
route10,HardBreakRoute_2,HardBreakRoute,1540,-1,34,3720,12,2.12624,0.07385,28.79,1,1,1,outputs/gate6/snapshots/exact_town12_route10_route0_09_04_14_40_59/f001540.npz
route10,HardBreakRoute_2,HardBreakRoute,1544,-1,34,3720,12,1.99521,0.09071,21.996,1,1,1,outputs/gate6/snapshots/exact_town12_route10_route0_09_04_14_40_59/f001544.npz
route10,HardBreakRoute_2,HardBreakRoute,1548,-1,35,3720,13,1.97028,0.09169,21.489,1,1,1,outputs/gate6/snapshots/exact_town12_route10_route0_09_04_14_40_59/f001548.npz
route10,HardBreakRoute_2,HardBreakRoute,1552,-1,35,3720,13,2.00252,0.08379,23.898,1,1,1,outputs/gate6/snapshots/exact_town12_route10_route0_09_04_14_40_59/f001552.npz
route10,HardBreakRoute_2,HardBreakRoute,1556,-1,35,3720,13,2.08568,0.1004,20.774,1,1,1,outputs/gate6/snapshots/exact_town12_route10_route0_09_04_14_40_59/f001556.npz
route10,HardBreakRoute_2,HardBreakRoute,1560,-1,34,3720,13,2.03307,0.06591,30.847,1,1,1,outputs/gate6/snapshots/exact_town12_route10_route0_09_04_14_40_59/f001560.npz
route10,HardBreakRoute_2,HardBreakRoute,1564,-1,34,3720,13,1.90807,0.16324,11.689,1,1,1,outputs/gate6/snapshots/exact_town12_route10_route0_09_04_14_40_59/f001564.npz
route10,HardBreakRoute_2,HardBreakRoute,1568,-1,33,3720,13,1.66222,0.18895,8.797,1,1,1,outputs/gate6/snapshots/exact_town12_route10_route0_09_04_14_40_59/f001568.npz
route10,HardBreakRoute_2,HardBreakRoute,1572,-1,26,3720,5,1.53393,0.1944,7.89,1,1,1,outputs/gate6/snapshots/exact_town12_route10_route0_09_04_14_40_59/f001572.npz
route10,HardBreakRoute_2,HardBreakRoute,1576,-1,26,3720,5,1.40031,0.20513,6.826,1,1,1,outputs/gate6/snapshots/exact_town12_route10_route0_09_04_14_40_59/f001576.npz
route10,HardBreakRoute_2,HardBreakRoute,1580,-1,25,3720,5,1.24348,0.29319,4.241,1,1,1,outputs/gate6/snapshots/exact_town12_route10_route0_09_04_14_40_59/f001580.npz
route10,HardBreakRoute_2,HardBreakRoute,1584,-1,25,3720,5,1.1917,0.2066,5.768,1,1,1,outputs/gate6/snapshots/exact_town12_route10_route0_09_04_14_40_59/f001584.npz
route10,HardBreakRoute_2,HardBreakRoute,1588,-1,25,3720,5,0.88531,0.06904,12.823,1,1,1,outputs/gate6/snapshots/exact_town12_route10_route0_09_04_14_40_59/f001588.npz
route10,HardBreakRoute_2,HardBreakRoute,1592,-1,25,3720,5,0.7613,0.08371,9.094,1,1,1,outputs/gate6/snapshots/exact_town12_route10_route0_09_04_14_40_59/f001592.npz
route10,HardBreakRoute_2,HardBreakRoute,1596,-1,25,3720,5,0.70314,0.10455,6.725,1,1,1,outputs/gate6/snapshots/exact_town12_route10_route0_09_04_14_40_59/f001596.npz
route10,HardBreakRoute_2,HardBreakRoute,1600,-1,26,3720,5,0.846,0.1123,7.533,1,1,1,outputs/gate6/snapshots/exact_town12_route10_route0_09_04_14_40_59/f001600.npz
route10,HardBreakRoute_2,HardBreakRoute,1604,-1,24,3720,5,0.89276,0.09113,9.797,1,1,1,outputs/gate6/snapshots/exact_town12_route10_route0_09_04_14_40_59/f001604.npz
route10,HardBreakRoute_2,HardBreakRoute,1608,-1,24,3720,5,0.0707,0.05971,1.184,0,0,0,outputs/gate6/snapshots/exact_town12_route10_route0_09_04_14_40_59/f001608.npz
route10,HardBreakRoute_2,HardBreakRoute,1612,-1,24,3720,5,0.10817,0.08129,1.331,0,0,0,outputs/gate6/snapshots/exact_town12_route10_route0_09_04_14_40_59/f001612.npz
route10,HardBreakRoute_2,HardBreakRoute,1616,-1,23,3720,5,0.16396,0.09637,1.701,0,1,0,outputs/gate6/snapshots/exact_town12_route10_route0_09_04_14_40_59/f001616.npz
route10,HardBreakRoute_2,HardBreakRoute,1620,-1,23,3720,5,0.21064,0.12651,1.665,1,1,1,outputs/gate6/snapshots/exact_town12_route10_route0_09_04_14_40_59/f001620.npz
route10,HardBreakRoute_2,HardBreakRoute,1624,-1,24,3720,5,0.24099,0.15241,1.581,1,1,1,outputs/gate6/snapshots/exact_town12_route10_route0_09_04_14_40_59/f001624.npz
route10,HardBreakRoute_2,HardBreakRoute,1628,-1,24,3716,6,0.28178,0.27656,1.019,1,0,0,outputs/gate6/snapshots/exact_town12_route10_route0_09_04_14_40_59/f001628.npz
route10,HardBreakRoute_2,HardBreakRoute,1632,-1,24,3716,6,0.39949,0.28234,1.415,1,0,0,outputs/gate6/snapshots/exact_town12_route10_route0_09_04_14_40_59/f001632.npz
route10,HardBreakRoute_2,HardBreakRoute,1636,-1,25,3716,6,0.60794,0.35376,1.718,1,1,1,outputs/gate6/snapshots/exact_town12_route10_route0_09_04_14_40_59/f001636.npz
route10,HardBreakRoute_2,HardBreakRoute,1640,-1,26,3716,6,0.89331,0.59001,1.514,1,1,1,outputs/gate6/snapshots/exact_town12_route10_route0_09_04_14_40_59/f001640.npz
route10,HardBreakRoute_2,HardBreakRoute,1644,-1,26,3716,6,1.3423,0.76896,1.746,1,1,1,outputs/gate6/snapshots/exact_town12_route10_route0_09_04_14_40_59/f001644.npz
route10,HardBreakRoute_2,HardBreakRoute,1648,-1,28,3716,6,1.47577,0.80064,1.843,1,1,1,outputs/gate6/snapshots/exact_town12_route10_route0_09_04_14_40_59/f001648.npz
route10,HardBreakRoute_2,HardBreakRoute,1652,-1,28,3724,10,0.12837,0.062,2.07,0,1,0,outputs/gate6/snapshots/exact_town12_route10_route0_09_04_14_40_59/f001652.npz
route10,HardBreakRoute_2,HardBreakRoute,1656,-1,26,3724,8,3.62047,0.06028,60.061,1,1,1,outputs/gate6/snapshots/exact_town12_route10_route0_09_04_14_40_59/f001656.npz
route10,HardBreakRoute_2,HardBreakRoute,1660,-1,28,3724,8,4.60079,0.06882,66.855,1,1,1,outputs/gate6/snapshots/exact_town12_route10_route0_09_04_14_40_59/f001660.npz
route10,HardBreakRoute_2,HardBreakRoute,1664,-1,28,3724,8,5.44443,0.05525,98.543,1,1,1,outputs/gate6/snapshots/exact_town12_route10_route0_09_04_14_40_59/f001664.npz
route10,HardBreakRoute_2,HardBreakRoute,1668,-1,28,3724,8,5.90098,0.06862,85.999,1,1,1,outputs/gate6/snapshots/exact_town12_route10_route0_09_04_14_40_59/f001668.npz
route10,HardBreakRoute_2,HardBreakRoute,1672,-1,28,3724,8,6.4259,0.09249,69.473,1,1,1,outputs/gate6/snapshots/exact_town12_route10_route0_09_04_14_40_59/f001672.npz
route10,HardBreakRoute_2,HardBreakRoute,1676,-1,28,3724,8,6.63364,0.11099,59.77,1,1,1,outputs/gate6/snapshots/exact_town12_route10_route0_09_04_14_40_59/f001676.npz
route10,HardBreakRoute_2,HardBreakRoute,1680,-1,28,3724,7,6.77816,0.11385,59.535,1,1,1,outputs/gate6/snapshots/exact_town12_route10_route0_09_04_14_40_59/f001680.npz
route10,HardBreakRoute_2,HardBreakRoute,1684,-1,28,3724,7,7.10943,0.13923,51.063,1,1,1,outputs/gate6/snapshots/exact_town12_route10_route0_09_04_14_40_59/f001684.npz
route10,HardBreakRoute_2,HardBreakRoute,1688,-1,28,3724,7,7.46677,0.15215,49.076,1,1,1,outputs/gate6/snapshots/exact_town12_route10_route0_09_04_14_40_59/f001688.npz
route10,HardBreakRoute_2,HardBreakRoute,1692,-1,28,3724,7,7.68869,0.16612,46.283,1,1,1,outputs/gate6/snapshots/exact_town12_route10_route0_09_04_14_40_59/f001692.npz
route10,HardBreakRoute_2,HardBreakRoute,1696,-1,28,3724,7,7.59866,0.18622,40.804,1,1,1,outputs/gate6/snapshots/exact_town12_route10_route0_09_04_14_40_59/f001696.npz
route10,HardBreakRoute_2,HardBreakRoute,1700,-1,28,3724,7,7.4054,0.24414,30.332,1,1,1,outputs/gate6/snapshots/exact_town12_route10_route0_09_04_14_40_59/f001700.npz
route10,HardBreakRoute_2,HardBreakRoute,1704,-1,28,3724,7,6.72386,0.25863,25.998,1,1,1,outputs/gate6/snapshots/exact_town12_route10_route0_09_04_14_40_59/f001704.npz
route10,HardBreakRoute_2,HardBreakRoute,1708,-1,28,3724,7,5.92975,0.14727,40.263,1,1,1,outputs/gate6/snapshots/exact_town12_route10_route0_09_04_14_40_59/f001708.npz
route10,HardBreakRoute_2,HardBreakRoute,1712,-1,29,3724,8,6.50723,1.18455,5.493,1,1,1,outputs/gate6/snapshots/exact_town12_route10_route0_09_04_14_40_59/f001712.npz
route10,HardBreakRoute_2,HardBreakRoute,1716,-1,31,3724,8,5.46376,0.79659,6.859,1,1,1,outputs/gate6/snapshots/exact_town12_route10_route0_09_04_14_40_59/f001716.npz
route10,HardBreakRoute_2,HardBreakRoute,1720,-1,30,3724,7,4.4044,0.75929,5.801,1,1,1,outputs/gate6/snapshots/exact_town12_route10_route0_09_04_14_40_59/f001720.npz
route10,HardBreakRoute_2,HardBreakRoute,1724,-1,31,3724,8,2.77365,0.53401,5.194,1,1,1,outputs/gate6/snapshots/exact_town12_route10_route0_09_04_14_40_59/f001724.npz
route10,HardBreakRoute_2,HardBreakRoute,1728,-1,32,3724,9,1.24576,0.48135,2.588,1,1,1,outputs/gate6/snapshots/exact_town12_route10_route0_09_04_14_40_59/f001728.npz
route10,HardBreakRoute_2,HardBreakRoute,1732,-1,31,3699,7,0.06719,0.02775,1.344,0,0,0,outputs/gate6/snapshots/exact_town12_route10_route0_09_04_14_40_59/f001732.npz
route10,HardBreakRoute_2,HardBreakRoute,1736,-1,32,3699,8,0.23764,0.04254,4.753,1,1,1,outputs/gate6/snapshots/exact_town12_route10_route0_09_04_14_40_59/f001736.npz
route10,HardBreakRoute_2,HardBreakRoute,1740,-1,33,3699,9,0.24561,0.04405,4.912,1,1,1,outputs/gate6/snapshots/exact_town12_route10_route0_09_04_14_40_59/f001740.npz
route10,HardBreakRoute_2,HardBreakRoute,1744,-1,33,3699,9,0.08605,0.03807,1.721,0,1,0,outputs/gate6/snapshots/exact_town12_route10_route0_09_04_14_40_59/f001744.npz
route10,HardBreakRoute_2,HardBreakRoute,1748,-1,33,3699,9,0.06251,0.05181,1.207,0,0,0,outputs/gate6/snapshots/exact_town12_route10_route0_09_04_14_40_59/f001748.npz
route10,HardBreakRoute_2,HardBreakRoute,1752,-1,34,3699,9,0.30736,0.06908,4.449,1,1,1,outputs/gate6/snapshots/exact_town12_route10_route0_09_04_14_40_59/f001752.npz
route10,HardBreakRoute_2,HardBreakRoute,1756,-1,33,3699,9,1.23579,0.34107,3.623,1,1,1,outputs/gate6/snapshots/exact_town12_route10_route0_09_04_14_40_59/f001756.npz
route10,HardBreakRoute_2,HardBreakRoute,1760,-1,34,3699,10,0.95116,0.20529,4.633,1,1,1,outputs/gate6/snapshots/exact_town12_route10_route0_09_04_14_40_59/f001760.npz
route10,HardBreakRoute_2,HardBreakRoute,1764,-1,33,3699,9,1.39389,0.22465,6.205,1,1,1,outputs/gate6/snapshots/exact_town12_route10_route0_09_04_14_40_59/f001764.npz
route10,HardBreakRoute_2,HardBreakRoute,1768,-1,32,3699,9,2.08697,0.21608,9.658,1,1,1,outputs/gate6/snapshots/exact_town12_route10_route0_09_04_14_40_59/f001768.npz
route10,HardBreakRoute_2,HardBreakRoute,1772,-1,32,3699,9,2.93788,0.39542,7.43,1,1,1,outputs/gate6/snapshots/exact_town12_route10_route0_09_04_14_40_59/f001772.npz
route10,HardBreakRoute_2,HardBreakRoute,1776,-1,33,3699,9,4.3464,0.26843,16.192,1,1,1,outputs/gate6/snapshots/exact_town12_route10_route0_09_04_14_40_59/f001776.npz
route10,HardBreakRoute_2,HardBreakRoute,1780,-1,33,3699,9,5.19377,0.22419,23.167,1,1,1,outputs/gate6/snapshots/exact_town12_route10_route0_09_04_14_40_59/f001780.npz
route10,HardBreakRoute_2,HardBreakRoute,1784,-1,36,3699,12,5.40111,0.18604,29.032,1,1,1,outputs/gate6/snapshots/exact_town12_route10_route0_09_04_14_40_59/f001784.npz
route10,HardBreakRoute_2,HardBreakRoute,1788,-1,37,3699,12,5.34006,0.32237,16.565,1,1,1,outputs/gate6/snapshots/exact_town12_route10_route0_09_04_14_40_59/f001788.npz
route10,HardBreakRoute_2,HardBreakRoute,1792,-1,37,3699,12,5.75859,0.43286,13.304,1,1,1,outputs/gate6/snapshots/exact_town12_route10_route0_09_04_14_40_59/f001792.npz
route10,HardBreakRoute_2,HardBreakRoute,1796,-1,37,3699,12,6.17157,0.82879,7.447,1,1,1,outputs/gate6/snapshots/exact_town12_route10_route0_09_04_14_40_59/f001796.npz
route10,HardBreakRoute_2,HardBreakRoute,1800,-1,36,3699,12,6.22924,0.68221,9.131,1,1,1,outputs/gate6/snapshots/exact_town12_route10_route0_09_04_14_40_59/f001800.npz
route10,HardBreakRoute_2,HardBreakRoute,1804,-1,36,3699,12,5.97382,1.03479,5.773,1,1,1,outputs/gate6/snapshots/exact_town12_route10_route0_09_04_14_40_59/f001804.npz
route10,HardBreakRoute_2,HardBreakRoute,1808,-1,36,3699,12,4.7485,1.30907,3.627,1,1,1,outputs/gate6/snapshots/exact_town12_route10_route0_09_04_14_40_59/f001808.npz
route10,HardBreakRoute_2,HardBreakRoute,1812,-1,36,3699,12,4.06737,1.12252,3.623,1,1,1,outputs/gate6/snapshots/exact_town12_route10_route0_09_04_14_40_59/f001812.npz
route10,HardBreakRoute_2,HardBreakRoute,1816,-1,36,3699,12,4.15865,1.48134,2.807,1,1,1,outputs/gate6/snapshots/exact_town12_route10_route0_09_04_14_40_59/f001816.npz
route10,HardBreakRoute_2,HardBreakRoute,1820,-1,35,3699,12,2.00674,0.60939,3.293,1,1,1,outputs/gate6/snapshots/exact_town12_route10_route0_09_04_14_40_59/f001820.npz
route10,HardBreakRoute_2,HardBreakRoute,1824,-1,35,3699,12,1.57666,0.60581,2.603,1,1,1,outputs/gate6/snapshots/exact_town12_route10_route0_09_04_14_40_59/f001824.npz
route10,HardBreakRoute_2,HardBreakRoute,1828,-1,36,3699,13,1.31698,0.90147,1.461,1,0,0,outputs/gate6/snapshots/exact_town12_route10_route0_09_04_14_40_59/f001828.npz
route10,HardBreakRoute_2,HardBreakRoute,1832,-1,36,3699,14,3.2334,1.65923,1.949,1,1,1,outputs/gate6/snapshots/exact_town12_route10_route0_09_04_14_40_59/f001832.npz
route10,HardBreakRoute_2,HardBreakRoute,1836,-1,36,4099,10,0.07435,0.03355,1.487,0,0,0,outputs/gate6/snapshots/exact_town12_route10_route0_09_04_14_40_59/f001836.npz
route10,HardBreakRoute_2,HardBreakRoute,1840,-1,36,4099,10,0.08716,0.02668,1.743,0,1,0,outputs/gate6/snapshots/exact_town12_route10_route0_09_04_14_40_59/f001840.npz
route10,HardBreakRoute_2,HardBreakRoute,1844,-1,38,4099,10,0.10498,0.03806,2.1,0,1,0,outputs/gate6/snapshots/exact_town12_route10_route0_09_04_14_40_59/f001844.npz
route10,HardBreakRoute_2,HardBreakRoute,1848,-1,39,3699,15,2.79794,0.90348,3.097,1,1,1,outputs/gate6/snapshots/exact_town12_route10_route0_09_04_14_40_59/f001848.npz
route10,HardBreakRoute_2,HardBreakRoute,1852,-1,39,3699,15,1.98973,0.32427,6.136,1,1,1,outputs/gate6/snapshots/exact_town12_route10_route0_09_04_14_40_59/f001852.npz
route10,HardBreakRoute_2,HardBreakRoute,1856,-1,40,3699,15,0.88713,0.41817,2.121,1,1,1,outputs/gate6/snapshots/exact_town12_route10_route0_09_04_14_40_59/f001856.npz
route10,HardBreakRoute_2,HardBreakRoute,1860,-1,40,4099,11,0.20267,0.05943,3.41,1,1,1,outputs/gate6/snapshots/exact_town12_route10_route0_09_04_14_40_59/f001860.npz
route10,HardBreakRoute_2,HardBreakRoute,1864,-1,40,4099,11,0.12972,0.05785,2.243,0,1,0,outputs/gate6/snapshots/exact_town12_route10_route0_09_04_14_40_59/f001864.npz
route10,HardBreakRoute_2,HardBreakRoute,1868,-1,40,4099,11,0.14831,0.06186,2.398,0,1,0,outputs/gate6/snapshots/exact_town12_route10_route0_09_04_14_40_59/f001868.npz
route10,HardBreakRoute_2,HardBreakRoute,1872,-1,40,4099,11,0.19666,0.09511,2.068,0,1,0,outputs/gate6/snapshots/exact_town12_route10_route0_09_04_14_40_59/f001872.npz
route10,HardBreakRoute_2,HardBreakRoute,1876,-1,40,4099,11,0.23291,0.163,1.429,1,0,0,outputs/gate6/snapshots/exact_town12_route10_route0_09_04_14_40_59/f001876.npz
route10,HardBreakRoute_2,HardBreakRoute,1880,-1,40,4099,11,0.34772,0.27225,1.277,1,0,0,outputs/gate6/snapshots/exact_town12_route10_route0_09_04_14_40_59/f001880.npz
route10,HardBreakRoute_2,HardBreakRoute,1884,-1,32,4098,5,0.50725,0.36707,1.382,1,0,0,outputs/gate6/snapshots/exact_town12_route10_route0_09_04_14_40_59/f001884.npz
route10,HardBreakRoute_2,HardBreakRoute,1888,-1,31,4098,5,0.49859,0.36436,1.368,1,0,0,outputs/gate6/snapshots/exact_town12_route10_route0_09_04_14_40_59/f001888.npz
route10,HardBreakRoute_2,HardBreakRoute,1892,-1,30,4098,5,0.59169,0.25717,2.301,1,1,1,outputs/gate6/snapshots/exact_town12_route10_route0_09_04_14_40_59/f001892.npz
route10,HardBreakRoute_2,HardBreakRoute,1896,-1,30,4098,5,0.53224,0.22534,2.362,1,1,1,outputs/gate6/snapshots/exact_town12_route10_route0_09_04_14_40_59/f001896.npz
route10,HardBreakRoute_2,HardBreakRoute,1900,-1,29,4098,5,0.46731,0.16678,2.802,1,1,1,outputs/gate6/snapshots/exact_town12_route10_route0_09_04_14_40_59/f001900.npz
route10,HardBreakRoute_2,HardBreakRoute,1904,-1,29,4098,5,0.42739,0.18389,2.324,1,1,1,outputs/gate6/snapshots/exact_town12_route10_route0_09_04_14_40_59/f001904.npz
route10,HardBreakRoute_2,HardBreakRoute,1908,-1,29,4099,4,0.18554,0.18314,1.013,0,0,0,outputs/gate6/snapshots/exact_town12_route10_route0_09_04_14_40_59/f001908.npz
route10,HardBreakRoute_2,HardBreakRoute,1912,-1,30,4098,5,0.19953,0.11841,1.685,0,1,0,outputs/gate6/snapshots/exact_town12_route10_route0_09_04_14_40_59/f001912.npz
route10,HardBreakRoute_2,HardBreakRoute,1916,-1,30,4099,4,0.1785,0.02237,3.57,0,1,0,outputs/gate6/snapshots/exact_town12_route10_route0_09_04_14_40_59/f001916.npz
route10,HardBreakRoute_2,HardBreakRoute,1920,-1,30,4099,4,0.22907,0.06056,3.783,1,1,1,outputs/gate6/snapshots/exact_town12_route10_route0_09_04_14_40_59/f001920.npz
route10,HardBreakRoute_2,HardBreakRoute,1924,-1,32,4099,4,0.22749,0.07149,3.182,1,1,1,outputs/gate6/snapshots/exact_town12_route10_route0_09_04_14_40_59/f001924.npz
route10,HardBreakRoute_2,HardBreakRoute,1928,-1,32,4099,4,0.25392,0.03368,5.078,1,1,1,outputs/gate6/snapshots/exact_town12_route10_route0_09_04_14_40_59/f001928.npz
route10,HardBreakRoute_2,HardBreakRoute,1932,-1,32,4099,4,0.25813,0.09292,2.778,1,1,1,outputs/gate6/snapshots/exact_town12_route10_route0_09_04_14_40_59/f001932.npz
route10,HardBreakRoute_2,HardBreakRoute,1936,-1,32,4099,4,0.30915,0.14001,2.208,1,1,1,outputs/gate6/snapshots/exact_town12_route10_route0_09_04_14_40_59/f001936.npz
route10,HardBreakRoute_2,HardBreakRoute,1940,-1,32,4099,4,0.32221,0.03553,6.444,1,1,1,outputs/gate6/snapshots/exact_town12_route10_route0_09_04_14_40_59/f001940.npz
route10,HardBreakRoute_2,HardBreakRoute,1944,-1,33,4099,4,0.2965,0.13799,2.149,1,1,1,outputs/gate6/snapshots/exact_town12_route10_route0_09_04_14_40_59/f001944.npz
route10,HardBreakRoute_2,HardBreakRoute,1948,-1,34,4099,4,0.2483,0.14575,1.704,1,1,1,outputs/gate6/snapshots/exact_town12_route10_route0_09_04_14_40_59/f001948.npz
route10,HardBreakRoute_2,HardBreakRoute,1952,-1,35,4099,5,0.20887,0.12169,1.716,1,1,1,outputs/gate6/snapshots/exact_town12_route10_route0_09_04_14_40_59/f001952.npz
route10,HardBreakRoute_2,HardBreakRoute,1956,-1,34,4099,4,0.18511,0.063,2.938,0,1,0,outputs/gate6/snapshots/exact_town12_route10_route0_09_04_14_40_59/f001956.npz
route10,HardBreakRoute_2,HardBreakRoute,1960,-1,35,4098,6,0.60062,0.20074,2.992,1,1,1,outputs/gate6/snapshots/exact_town12_route10_route0_09_04_14_40_59/f001960.npz
route10,HardBreakRoute_2,HardBreakRoute,1964,-1,35,4098,6,1.6371,0.3685,4.443,1,1,1,outputs/gate6/snapshots/exact_town12_route10_route0_09_04_14_40_59/f001964.npz
route10,HardBreakRoute_2,HardBreakRoute,1968,-1,36,4098,6,1.509,0.57844,2.609,1,1,1,outputs/gate6/snapshots/exact_town12_route10_route0_09_04_14_40_59/f001968.npz
route10,HardBreakRoute_2,HardBreakRoute,1972,-1,37,4098,6,1.12292,0.99422,1.129,1,0,0,outputs/gate6/snapshots/exact_town12_route10_route0_09_04_14_40_59/f001972.npz
route10,HardBreakRoute_2,HardBreakRoute,1976,-1,37,4099,5,1.65186,0.67675,2.441,1,1,1,outputs/gate6/snapshots/exact_town12_route10_route0_09_04_14_40_59/f001976.npz
route10,HardBreakRoute_2,HardBreakRoute,1980,-1,37,4099,5,2.22583,0.57464,3.873,1,1,1,outputs/gate6/snapshots/exact_town12_route10_route0_09_04_14_40_59/f001980.npz
route10,HardBreakRoute_2,HardBreakRoute,1984,-1,36,4099,5,2.4974,0.2172,11.498,1,1,1,outputs/gate6/snapshots/exact_town12_route10_route0_09_04_14_40_59/f001984.npz
route10,HardBreakRoute_2,HardBreakRoute,1988,-1,34,4143,3,0.04502,0.04416,0.9,0,0,0,outputs/gate6/snapshots/exact_town12_route10_route0_09_04_14_40_59/f001988.npz
route10,HardBreakRoute_2,HardBreakRoute,1992,-1,34,4143,3,0.05382,0.05233,1.028,0,0,0,outputs/gate6/snapshots/exact_town12_route10_route0_09_04_14_40_59/f001992.npz
route10,HardBreakRoute_2,HardBreakRoute,1996,-1,36,4143,4,0.0335,0.03101,0.67,0,0,0,outputs/gate6/snapshots/exact_town12_route10_route0_09_04_14_40_59/f001996.npz
route10,HardBreakRoute_2,HardBreakRoute,2000,-1,35,4149,6,0.03563,0.02824,0.713,0,0,0,outputs/gate6/snapshots/exact_town12_route10_route0_09_04_14_40_59/f002000.npz
route10,HardBreakRoute_2,HardBreakRoute,2004,-1,34,4149,5,0.02036,0.01556,0.407,0,0,0,outputs/gate6/snapshots/exact_town12_route10_route0_09_04_14_40_59/f002004.npz
route10,HardBreakRoute_2,HardBreakRoute,2008,-1,33,4149,4,0.0228,0.02067,0.456,0,0,0,outputs/gate6/snapshots/exact_town12_route10_route0_09_04_14_40_59/f002008.npz
route10,HardBreakRoute_2,HardBreakRoute,2012,-1,33,3873,19,0.02884,0.02006,0.577,0,0,0,outputs/gate6/snapshots/exact_town12_route10_route0_09_04_14_40_59/f002012.npz
route10,HardBreakRoute_2,HardBreakRoute,2016,-1,35,4186,1,0.11259,0.03478,2.252,0,1,0,outputs/gate6/snapshots/exact_town12_route10_route0_09_04_14_40_59/f002016.npz
route10,HardBreakRoute_2,HardBreakRoute,2020,-1,34,4186,1,0.07731,0.05458,1.417,0,0,0,outputs/gate6/snapshots/exact_town12_route10_route0_09_04_14_40_59/f002020.npz
route10,HardBreakRoute_2,HardBreakRoute,2024,-1,34,4186,1,0.10482,0.06625,1.582,0,1,0,outputs/gate6/snapshots/exact_town12_route10_route0_09_04_14_40_59/f002024.npz
route10,HardBreakRoute_2,HardBreakRoute,2028,-1,35,4180,2,0.18107,0.13297,1.362,0,0,0,outputs/gate6/snapshots/exact_town12_route10_route0_09_04_14_40_59/f002028.npz
route10,HardBreakRoute_2,HardBreakRoute,2032,-1,34,4180,2,0.85253,0.10707,7.962,1,1,1,outputs/gate6/snapshots/exact_town12_route10_route0_09_04_14_40_59/f002032.npz
route10,HardBreakRoute_2,HardBreakRoute,2036,-1,33,4180,2,1.54279,0.15099,10.218,1,1,1,outputs/gate6/snapshots/exact_town12_route10_route0_09_04_14_40_59/f002036.npz
route10,HardBreakRoute_2,HardBreakRoute,2040,-1,33,4180,2,1.86637,0.16299,11.451,1,1,1,outputs/gate6/snapshots/exact_town12_route10_route0_09_04_14_40_59/f002040.npz
route10,HardBreakRoute_2,HardBreakRoute,2044,-1,33,4180,2,2.18695,0.17829,12.266,1,1,1,outputs/gate6/snapshots/exact_town12_route10_route0_09_04_14_40_59/f002044.npz
route10,HardBreakRoute_2,HardBreakRoute,2048,-1,35,4180,2,2.46837,0.09908,24.913,1,1,1,outputs/gate6/snapshots/exact_town12_route10_route0_09_04_14_40_59/f002048.npz
route10,HardBreakRoute_2,HardBreakRoute,2052,-1,35,4180,2,2.66176,0.08993,29.6,1,1,1,outputs/gate6/snapshots/exact_town12_route10_route0_09_04_14_40_59/f002052.npz
route10,HardBreakRoute_2,HardBreakRoute,2056,-1,35,4180,2,2.93712,0.11486,25.572,1,1,1,outputs/gate6/snapshots/exact_town12_route10_route0_09_04_14_40_59/f002056.npz
route10,HardBreakRoute_2,HardBreakRoute,2060,-1,35,4180,2,3.31211,0.18909,17.516,1,1,1,outputs/gate6/snapshots/exact_town12_route10_route0_09_04_14_40_59/f002060.npz
route10,HardBreakRoute_2,HardBreakRoute,2064,-1,35,4180,2,2.53853,0.23555,10.777,1,1,1,outputs/gate6/snapshots/exact_town12_route10_route0_09_04_14_40_59/f002064.npz
route10,HardBreakRoute_2,HardBreakRoute,2068,-1,34,4180,2,1.79202,0.33011,5.428,1,1,1,outputs/gate6/snapshots/exact_town12_route10_route0_09_04_14_40_59/f002068.npz
route10,HardBreakRoute_2,HardBreakRoute,2072,-1,35,4180,3,1.8319,0.50488,3.628,1,1,1,outputs/gate6/snapshots/exact_town12_route10_route0_09_04_14_40_59/f002072.npz
route10,HardBreakRoute_2,HardBreakRoute,2076,-1,35,4180,3,1.78213,0.64774,2.751,1,1,1,outputs/gate6/snapshots/exact_town12_route10_route0_09_04_14_40_59/f002076.npz
route10,HardBreakRoute_2,HardBreakRoute,2080,-1,36,4180,3,1.07817,0.74924,1.439,1,0,0,outputs/gate6/snapshots/exact_town12_route10_route0_09_04_14_40_59/f002080.npz
route10,HardBreakRoute_2,HardBreakRoute,2084,-1,37,4180,3,0.95917,0.81484,1.177,1,0,0,outputs/gate6/snapshots/exact_town12_route10_route0_09_04_14_40_59/f002084.npz
route10,HardBreakRoute_2,HardBreakRoute,2088,-1,38,4180,3,0.74418,0.50009,1.488,1,0,0,outputs/gate6/snapshots/exact_town12_route10_route0_09_04_14_40_59/f002088.npz
route10,HardBreakRoute_2,HardBreakRoute,2092,-1,36,4180,3,0.72232,0.23961,3.015,1,1,1,outputs/gate6/snapshots/exact_town12_route10_route0_09_04_14_40_59/f002092.npz
route10,HardBreakRoute_2,HardBreakRoute,2096,-1,36,4180,3,0.92939,0.21569,4.309,1,1,1,outputs/gate6/snapshots/exact_town12_route10_route0_09_04_14_40_59/f002096.npz
route10,HardBreakRoute_2,HardBreakRoute,2100,-1,35,4180,3,0.6907,0.67903,1.017,1,0,0,outputs/gate6/snapshots/exact_town12_route10_route0_09_04_14_40_59/f002100.npz
route10,HardBreakRoute_2,HardBreakRoute,2104,-1,33,4149,6,0.81447,0.26217,3.107,1,1,1,outputs/gate6/snapshots/exact_town12_route10_route0_09_04_14_40_59/f002104.npz
route10,HardBreakRoute_2,HardBreakRoute,2108,-1,33,4149,6,0.4961,0.1328,3.736,1,1,1,outputs/gate6/snapshots/exact_town12_route10_route0_09_04_14_40_59/f002108.npz
route10,HardBreakRoute_2,HardBreakRoute,2112,-1,34,4149,6,0.47497,0.14854,3.198,1,1,1,outputs/gate6/snapshots/exact_town12_route10_route0_09_04_14_40_59/f002112.npz
route10,HardBreakRoute_2,HardBreakRoute,2116,-1,33,4149,6,0.29793,0.07589,3.926,1,1,1,outputs/gate6/snapshots/exact_town12_route10_route0_09_04_14_40_59/f002116.npz
route10,HardBreakRoute_2,HardBreakRoute,2120,-1,31,4203,5,0.11139,0.07233,1.54,0,1,0,outputs/gate6/snapshots/exact_town12_route10_route0_09_04_14_40_59/f002120.npz
route10,HardBreakRoute_2,HardBreakRoute,2124,-1,26,4180,3,0.10837,0.0556,1.949,0,1,0,outputs/gate6/snapshots/exact_town12_route10_route0_09_04_14_40_59/f002124.npz
route10,HardBreakRoute_2,HardBreakRoute,2128,-1,24,4180,3,0.12215,0.03429,2.443,0,1,0,outputs/gate6/snapshots/exact_town12_route10_route0_09_04_14_40_59/f002128.npz
route10,HardBreakRoute_2,HardBreakRoute,2132,-1,22,4180,3,0.11268,0.01873,2.254,0,1,0,outputs/gate6/snapshots/exact_town12_route10_route0_09_04_14_40_59/f002132.npz
route10,HardBreakRoute_2,HardBreakRoute,2136,-1,22,4180,3,0.09367,0.02929,1.873,0,1,0,outputs/gate6/snapshots/exact_town12_route10_route0_09_04_14_40_59/f002136.npz
route10,HardBreakRoute_2,HardBreakRoute,2140,-1,23,4180,4,0.08768,0.04445,1.754,0,1,0,outputs/gate6/snapshots/exact_town12_route10_route0_09_04_14_40_59/f002140.npz
route10,HardBreakRoute_2,HardBreakRoute,2144,-1,24,4180,4,0.08908,0.06918,1.288,0,0,0,outputs/gate6/snapshots/exact_town12_route10_route0_09_04_14_40_59/f002144.npz
route10,HardBreakRoute_2,HardBreakRoute,2148,-1,23,4185,3,0.07511,0.06508,1.154,0,0,0,outputs/gate6/snapshots/exact_town12_route10_route0_09_04_14_40_59/f002148.npz
route10,HardBreakRoute_2,HardBreakRoute,2152,-1,18,4185,1,0.08162,0.0177,1.632,0,1,0,outputs/gate6/snapshots/exact_town12_route10_route0_09_04_14_40_59/f002152.npz
route10,HardBreakRoute_2,HardBreakRoute,2156,-1,18,4185,1,0.08185,0.02132,1.637,0,1,0,outputs/gate6/snapshots/exact_town12_route10_route0_09_04_14_40_59/f002156.npz
route10,HardBreakRoute_2,HardBreakRoute,2160,-1,19,4185,1,0.03693,0.02241,0.739,0,0,0,outputs/gate6/snapshots/exact_town12_route10_route0_09_04_14_40_59/f002160.npz
route10,HardBreakRoute_2,HardBreakRoute,2164,-1,20,4185,2,0.02275,0.0215,0.455,0,0,0,outputs/gate6/snapshots/exact_town12_route10_route0_09_04_14_40_59/f002164.npz
route10,HardBreakRoute_2,HardBreakRoute,2168,-1,18,4185,2,0.01095,0.00606,0.219,0,0,0,outputs/gate6/snapshots/exact_town12_route10_route0_09_04_14_40_59/f002168.npz
route10,HardBreakRoute_2,HardBreakRoute,2172,-1,19,4185,2,0.01203,0.00836,0.241,0,0,0,outputs/gate6/snapshots/exact_town12_route10_route0_09_04_14_40_59/f002172.npz
route10,HardBreakRoute_2,HardBreakRoute,2176,-1,19,4185,2,0.02478,0.00783,0.496,0,0,0,outputs/gate6/snapshots/exact_town12_route10_route0_09_04_14_40_59/f002176.npz
route10,HardBreakRoute_2,HardBreakRoute,2180,-1,19,4185,3,0.03806,0.02187,0.761,0,0,0,outputs/gate6/snapshots/exact_town12_route10_route0_09_04_14_40_59/f002180.npz
route10,HardBreakRoute_2,HardBreakRoute,2184,-1,17,4185,3,0.05286,0.01374,1.057,0,0,0,outputs/gate6/snapshots/exact_town12_route10_route0_09_04_14_40_59/f002184.npz
route10,HardBreakRoute_2,HardBreakRoute,2188,-1,17,4185,3,0.06751,0.01305,1.35,0,0,0,outputs/gate6/snapshots/exact_town12_route10_route0_09_04_14_40_59/f002188.npz
route10,HardBreakRoute_2,HardBreakRoute,2192,-1,17,4185,3,0.08139,0.01373,1.628,0,1,0,outputs/gate6/snapshots/exact_town12_route10_route0_09_04_14_40_59/f002192.npz
route10,HardBreakRoute_2,HardBreakRoute,2196,-1,15,4245,1,0.01782,0.01129,0.356,0,0,0,outputs/gate6/snapshots/exact_town12_route10_route0_09_04_14_40_59/f002196.npz
route10,HardBreakRoute_2,HardBreakRoute,2200,-1,13,4245,1,0.02325,0.01297,0.465,0,0,0,outputs/gate6/snapshots/exact_town12_route10_route0_09_04_14_40_59/f002200.npz
route10,HardBreakRoute_2,HardBreakRoute,2204,-1,13,4245,1,0.02809,0.01545,0.562,0,0,0,outputs/gate6/snapshots/exact_town12_route10_route0_09_04_14_40_59/f002204.npz
route10,HardBreakRoute_2,HardBreakRoute,2208,-1,13,4245,1,0.03307,0.01435,0.661,0,0,0,outputs/gate6/snapshots/exact_town12_route10_route0_09_04_14_40_59/f002208.npz
route10,HardBreakRoute_2,HardBreakRoute,2212,-1,11,4245,1,0.02777,0.01357,0.555,0,0,0,outputs/gate6/snapshots/exact_town12_route10_route0_09_04_14_40_59/f002212.npz
route10,HardBreakRoute_2,HardBreakRoute,2216,-1,10,4245,1,0.02291,0.02106,0.458,0,0,0,outputs/gate6/snapshots/exact_town12_route10_route0_09_04_14_40_59/f002216.npz
route10,HardBreakRoute_2,HardBreakRoute,2220,-1,11,4231,3,0.03194,0.02563,0.639,0,0,0,outputs/gate6/snapshots/exact_town12_route10_route0_09_04_14_40_59/f002220.npz
route10,HardBreakRoute_2,HardBreakRoute,2224,-1,10,3726,7,0.04351,0.03087,0.87,0,0,0,outputs/gate6/snapshots/exact_town12_route10_route0_09_04_14_40_59/f002224.npz
route10,HardBreakRoute_2,HardBreakRoute,2228,-1,8,3726,7,0.06161,0.02814,1.232,0,0,0,outputs/gate6/snapshots/exact_town12_route10_route0_09_04_14_40_59/f002228.npz
route10,HardBreakRoute_2,HardBreakRoute,2232,-1,7,3726,7,0.07524,0.02742,1.505,0,1,0,outputs/gate6/snapshots/exact_town12_route10_route0_09_04_14_40_59/f002232.npz
route10,HardBreakRoute_2,HardBreakRoute,2236,-1,7,3726,7,0.08391,0.03485,1.678,0,1,0,outputs/gate6/snapshots/exact_town12_route10_route0_09_04_14_40_59/f002236.npz
route10,HardBreakRoute_2,HardBreakRoute,2240,-1,7,3726,7,0.09458,0.04211,1.892,0,1,0,outputs/gate6/snapshots/exact_town12_route10_route0_09_04_14_40_59/f002240.npz
route10,HardBreakRoute_2,HardBreakRoute,2244,-1,7,3726,7,0.11091,0.04671,2.218,0,1,0,outputs/gate6/snapshots/exact_town12_route10_route0_09_04_14_40_59/f002244.npz
route10,HardBreakRoute_2,HardBreakRoute,2248,-1,7,3726,7,0.12666,0.0524,2.417,0,1,0,outputs/gate6/snapshots/exact_town12_route10_route0_09_04_14_40_59/f002248.npz
route10,HardBreakRoute_2,HardBreakRoute,2252,-1,7,3726,7,0.14516,0.05294,2.742,0,1,0,outputs/gate6/snapshots/exact_town12_route10_route0_09_04_14_40_59/f002252.npz
route10,HardBreakRoute_2,HardBreakRoute,2256,-1,7,3726,7,0.1658,0.05695,2.911,0,1,0,outputs/gate6/snapshots/exact_town12_route10_route0_09_04_14_40_59/f002256.npz
route10,HardBreakRoute_2,HardBreakRoute,2260,-1,7,3726,7,0.20691,0.06312,3.278,1,1,1,outputs/gate6/snapshots/exact_town12_route10_route0_09_04_14_40_59/f002260.npz
route10,HardBreakRoute_2,HardBreakRoute,2264,-1,7,3726,7,0.25232,0.07254,3.479,1,1,1,outputs/gate6/snapshots/exact_town12_route10_route0_09_04_14_40_59/f002264.npz
route10,HardBreakRoute_2,HardBreakRoute,2268,-1,8,3726,8,0.2946,0.07302,4.034,1,1,1,outputs/gate6/snapshots/exact_town12_route10_route0_09_04_14_40_59/f002268.npz
route10,HardBreakRoute_2,HardBreakRoute,2272,-1,8,3726,8,0.37485,0.07755,4.834,1,1,1,outputs/gate6/snapshots/exact_town12_route10_route0_09_04_14_40_59/f002272.npz
route10,HardBreakRoute_2,HardBreakRoute,2276,-1,8,3726,8,0.50133,0.07774,6.449,1,1,1,outputs/gate6/snapshots/exact_town12_route10_route0_09_04_14_40_59/f002276.npz
route10,HardBreakRoute_2,HardBreakRoute,2280,-1,8,3726,8,0.67185,0.09628,6.978,1,1,1,outputs/gate6/snapshots/exact_town12_route10_route0_09_04_14_40_59/f002280.npz
route10,HardBreakRoute_2,HardBreakRoute,2284,-1,8,3726,8,0.93881,0.16424,5.716,1,1,1,outputs/gate6/snapshots/exact_town12_route10_route0_09_04_14_40_59/f002284.npz
route10,HardBreakRoute_2,HardBreakRoute,2288,-1,8,3726,8,1.32288,0.22217,5.954,1,1,1,outputs/gate6/snapshots/exact_town12_route10_route0_09_04_14_40_59/f002288.npz
route10,HardBreakRoute_2,HardBreakRoute,2292,-1,8,3726,8,1.70698,0.2494,6.844,1,1,1,outputs/gate6/snapshots/exact_town12_route10_route0_09_04_14_40_59/f002292.npz
route10,HardBreakRoute_2,HardBreakRoute,2296,-1,8,3726,8,2.25422,0.14588,15.453,1,1,1,outputs/gate6/snapshots/exact_town12_route10_route0_09_04_14_40_59/f002296.npz
route10,HardBreakRoute_2,HardBreakRoute,2300,-1,8,3726,8,2.91242,0.22503,12.943,1,1,1,outputs/gate6/snapshots/exact_town12_route10_route0_09_04_14_40_59/f002300.npz
route10,HardBreakRoute_2,HardBreakRoute,2304,-1,8,3726,8,3.58837,0.32091,11.182,1,1,1,outputs/gate6/snapshots/exact_town12_route10_route0_09_04_14_40_59/f002304.npz
route10,HardBreakRoute_2,HardBreakRoute,2308,-1,8,3726,8,3.84411,0.23643,16.259,1,1,1,outputs/gate6/snapshots/exact_town12_route10_route0_09_04_14_40_59/f002308.npz
route10,HardBreakRoute_2,HardBreakRoute,2312,-1,9,3726,9,3.8844,0.23468,16.552,1,1,1,outputs/gate6/snapshots/exact_town12_route10_route0_09_04_14_40_59/f002312.npz
route10,HardBreakRoute_2,HardBreakRoute,2316,-1,9,3726,9,4.03478,0.25863,15.601,1,1,1,outputs/gate6/snapshots/exact_town12_route10_route0_09_04_14_40_59/f002316.npz
route10,HardBreakRoute_2,HardBreakRoute,2320,-1,10,3726,10,5.02474,0.89987,5.584,1,1,1,outputs/gate6/snapshots/exact_town12_route10_route0_09_04_14_40_59/f002320.npz
route10,HardBreakRoute_2,HardBreakRoute,2324,-1,9,3726,9,5.51461,1.22335,4.508,1,1,1,outputs/gate6/snapshots/exact_town12_route10_route0_09_04_14_40_59/f002324.npz
route10,HardBreakRoute_2,HardBreakRoute,2328,-1,9,3726,9,6.47195,1.90031,3.406,1,1,1,outputs/gate6/snapshots/exact_town12_route10_route0_09_04_14_40_59/f002328.npz
route10,HardBreakRoute_2,HardBreakRoute,2332,-1,9,3726,9,7.49305,2.83002,2.648,1,1,1,outputs/gate6/snapshots/exact_town12_route10_route0_09_04_14_40_59/f002332.npz
route10,HardBreakRoute_2,HardBreakRoute,2336,-1,9,3726,9,7.5055,2.90604,2.583,1,1,1,outputs/gate6/snapshots/exact_town12_route10_route0_09_04_14_40_59/f002336.npz
route10,HardBreakRoute_2,HardBreakRoute,2340,-1,9,3726,9,7.97427,2.90643,2.744,1,1,1,outputs/gate6/snapshots/exact_town12_route10_route0_09_04_14_40_59/f002340.npz
route10,HardBreakRoute_2,HardBreakRoute,2344,-1,9,3726,9,8.38941,3.19037,2.63,1,1,1,outputs/gate6/snapshots/exact_town12_route10_route0_09_04_14_40_59/f002344.npz
route10,HardBreakRoute_2,HardBreakRoute,2348,-1,9,3726,9,8.51205,3.16375,2.69,1,1,1,outputs/gate6/snapshots/exact_town12_route10_route0_09_04_14_40_59/f002348.npz
route10,HardBreakRoute_2,HardBreakRoute,2352,-1,10,3726,10,8.52955,3.05248,2.794,1,1,1,outputs/gate6/snapshots/exact_town12_route10_route0_09_04_14_40_59/f002352.npz
route10,HardBreakRoute_2,HardBreakRoute,2356,-1,10,3726,10,8.31361,2.94744,2.821,1,1,1,outputs/gate6/snapshots/exact_town12_route10_route0_09_04_14_40_59/f002356.npz
route10,HardBreakRoute_2,HardBreakRoute,2360,-1,10,3726,10,7.66252,2.79141,2.745,1,1,1,outputs/gate6/snapshots/exact_town12_route10_route0_09_04_14_40_59/f002360.npz
route10,HardBreakRoute_2,HardBreakRoute,2364,-1,10,3726,10,7.60748,2.52489,3.013,1,1,1,outputs/gate6/snapshots/exact_town12_route10_route0_09_04_14_40_59/f002364.npz
route10,HardBreakRoute_2,HardBreakRoute,2368,-1,10,3726,10,7.23562,2.06623,3.502,1,1,1,outputs/gate6/snapshots/exact_town12_route10_route0_09_04_14_40_59/f002368.npz
route10,HardBreakRoute_2,HardBreakRoute,2372,-1,10,3726,10,6.65516,1.55553,4.278,1,1,1,outputs/gate6/snapshots/exact_town12_route10_route0_09_04_14_40_59/f002372.npz
route10,HardBreakRoute_2,HardBreakRoute,2376,-1,10,3726,10,6.2777,0.87999,7.134,1,1,1,outputs/gate6/snapshots/exact_town12_route10_route0_09_04_14_40_59/f002376.npz
route10,HardBreakRoute_2,HardBreakRoute,2380,-1,10,3726,10,6.18631,0.52242,11.842,1,1,1,outputs/gate6/snapshots/exact_town12_route10_route0_09_04_14_40_59/f002380.npz
route10,HardBreakRoute_2,HardBreakRoute,2384,-1,10,3726,10,5.87704,0.49919,11.773,1,1,1,outputs/gate6/snapshots/exact_town12_route10_route0_09_04_14_40_59/f002384.npz
route10,HardBreakRoute_2,HardBreakRoute,2388,-1,10,3726,10,5.13795,0.60338,8.515,1,1,1,outputs/gate6/snapshots/exact_town12_route10_route0_09_04_14_40_59/f002388.npz
route10,HardBreakRoute_2,HardBreakRoute,2392,-1,10,3726,10,4.99791,1.14266,4.374,1,1,1,outputs/gate6/snapshots/exact_town12_route10_route0_09_04_14_40_59/f002392.npz
route10,HardBreakRoute_2,HardBreakRoute,2396,-1,10,3726,10,5.01253,1.97812,2.534,1,1,1,outputs/gate6/snapshots/exact_town12_route10_route0_09_04_14_40_59/f002396.npz
route10,HardBreakRoute_2,HardBreakRoute,2400,-1,10,3726,10,5.11648,3.8168,1.341,1,0,0,outputs/gate6/snapshots/exact_town12_route10_route0_09_04_14_40_59/f002400.npz
route10,HardBreakRoute_2,HardBreakRoute,2404,-1,10,4318,1,5.77661,4.90688,1.177,1,0,0,outputs/gate6/snapshots/exact_town12_route10_route0_09_04_14_40_59/f002404.npz
route10,HardBreakRoute_2,HardBreakRoute,2408,-1,10,4318,1,6.63899,3.03707,2.186,1,1,1,outputs/gate6/snapshots/exact_town12_route10_route0_09_04_14_40_59/f002408.npz
route10,HardBreakRoute_2,HardBreakRoute,2412,-1,10,4318,1,7.37372,2.77858,2.654,1,1,1,outputs/gate6/snapshots/exact_town12_route10_route0_09_04_14_40_59/f002412.npz
route10,HardBreakRoute_2,HardBreakRoute,2416,-1,10,4318,1,7.62406,1.70531,4.471,1,1,1,outputs/gate6/snapshots/exact_town12_route10_route0_09_04_14_40_59/f002416.npz
route10,HardBreakRoute_2,HardBreakRoute,2420,-1,10,4318,1,8.17438,1.492,5.479,1,1,1,outputs/gate6/snapshots/exact_town12_route10_route0_09_04_14_40_59/f002420.npz
route10,HardBreakRoute_2,HardBreakRoute,2424,-1,9,4318,1,8.4881,1.67536,5.066,1,1,1,outputs/gate6/snapshots/exact_town12_route10_route0_09_04_14_40_59/f002424.npz
route10,HardBreakRoute_2,HardBreakRoute,2428,-1,9,4318,1,8.7527,2.07153,4.225,1,1,1,outputs/gate6/snapshots/exact_town12_route10_route0_09_04_14_40_59/f002428.npz
route10,HardBreakRoute_2,HardBreakRoute,2432,-1,9,4318,1,9.23891,1.79824,5.138,1,1,1,outputs/gate6/snapshots/exact_town12_route10_route0_09_04_14_40_59/f002432.npz
route10,HardBreakRoute_2,HardBreakRoute,2436,-1,9,4318,1,9.36728,1.86522,5.022,1,1,1,outputs/gate6/snapshots/exact_town12_route10_route0_09_04_14_40_59/f002436.npz
route10,HardBreakRoute_2,HardBreakRoute,2440,-1,9,4318,1,8.4482,2.1544,3.921,1,1,1,outputs/gate6/snapshots/exact_town12_route10_route0_09_04_14_40_59/f002440.npz
route10,HardBreakRoute_2,HardBreakRoute,2444,-1,9,4318,1,6.67808,2.85264,2.341,1,1,1,outputs/gate6/snapshots/exact_town12_route10_route0_09_04_14_40_59/f002444.npz
route10,HardBreakRoute_2,HardBreakRoute,2448,-1,9,4318,1,4.87465,1.17206,4.159,1,1,1,outputs/gate6/snapshots/exact_town12_route10_route0_09_04_14_40_59/f002448.npz
route10,HardBreakRoute_2,HardBreakRoute,2452,-1,9,4318,1,3.87652,1.25367,3.092,1,1,1,outputs/gate6/snapshots/exact_town12_route10_route0_09_04_14_40_59/f002452.npz
route10,HardBreakRoute_2,HardBreakRoute,2456,-1,10,4318,2,1.92172,1.67813,1.145,1,0,0,outputs/gate6/snapshots/exact_town12_route10_route0_09_04_14_40_59/f002456.npz
route10,HardBreakRoute_2,HardBreakRoute,2460,-1,10,3726,10,1.72288,1.38741,1.242,1,0,0,outputs/gate6/snapshots/exact_town12_route10_route0_09_04_14_40_59/f002460.npz
route10,HardBreakRoute_2,HardBreakRoute,2464,-1,10,3726,10,1.74925,1.15601,1.513,1,1,1,outputs/gate6/snapshots/exact_town12_route10_route0_09_04_14_40_59/f002464.npz
route10,HardBreakRoute_2,HardBreakRoute,2468,-1,10,3726,10,1.69553,1.14275,1.484,1,0,0,outputs/gate6/snapshots/exact_town12_route10_route0_09_04_14_40_59/f002468.npz
route10,HardBreakRoute_2,HardBreakRoute,2472,-1,10,4318,2,1.45888,1.38688,1.052,1,0,0,outputs/gate6/snapshots/exact_town12_route10_route0_09_04_14_40_59/f002472.npz
route10,HardBreakRoute_2,HardBreakRoute,2476,-1,10,4318,2,1.75422,1.44412,1.215,1,0,0,outputs/gate6/snapshots/exact_town12_route10_route0_09_04_14_40_59/f002476.npz
route10,HardBreakRoute_2,HardBreakRoute,2480,-1,10,4318,2,1.93217,1.6257,1.189,1,0,0,outputs/gate6/snapshots/exact_town12_route10_route0_09_04_14_40_59/f002480.npz
route10,HardBreakRoute_2,HardBreakRoute,2484,-1,10,4318,2,1.92635,1.92559,1.0,1,0,0,outputs/gate6/snapshots/exact_town12_route10_route0_09_04_14_40_59/f002484.npz
route10,HardBreakRoute_2,HardBreakRoute,2488,-1,10,3726,10,2.19921,1.58029,1.392,1,0,0,outputs/gate6/snapshots/exact_town12_route10_route0_09_04_14_40_59/f002488.npz
route10,HardBreakRoute_2,HardBreakRoute,2492,-1,10,3726,10,2.50582,1.60158,1.565,1,1,1,outputs/gate6/snapshots/exact_town12_route10_route0_09_04_14_40_59/f002492.npz
route10,HardBreakRoute_2,HardBreakRoute,2496,-1,10,3726,10,3.50658,1.5201,2.307,1,1,1,outputs/gate6/snapshots/exact_town12_route10_route0_09_04_14_40_59/f002496.npz
route10,HardBreakRoute_2,HardBreakRoute,2500,-1,10,3726,10,4.79879,1.85321,2.589,1,1,1,outputs/gate6/snapshots/exact_town12_route10_route0_09_04_14_40_59/f002500.npz
route10,HardBreakRoute_2,HardBreakRoute,2504,-1,10,3726,10,5.85949,2.24909,2.605,1,1,1,outputs/gate6/snapshots/exact_town12_route10_route0_09_04_14_40_59/f002504.npz
route10,HardBreakRoute_2,HardBreakRoute,2508,-1,10,3726,10,6.2837,3.68062,1.707,1,1,1,outputs/gate6/snapshots/exact_town12_route10_route0_09_04_14_40_59/f002508.npz
route10,HardBreakRoute_2,HardBreakRoute,2512,-1,10,3726,10,5.15855,5.08879,1.014,1,0,0,outputs/gate6/snapshots/exact_town12_route10_route0_09_04_14_40_59/f002512.npz
route10,HardBreakRoute_2,HardBreakRoute,2516,-1,10,4320,1,6.17978,2.96767,2.082,1,1,1,outputs/gate6/snapshots/exact_town12_route10_route0_09_04_14_40_59/f002516.npz
route10,HardBreakRoute_2,HardBreakRoute,2520,-1,10,4320,1,7.27458,2.43362,2.989,1,1,1,outputs/gate6/snapshots/exact_town12_route10_route0_09_04_14_40_59/f002520.npz
route10,HardBreakRoute_2,HardBreakRoute,2524,-1,9,4320,1,8.20329,2.55286,3.213,1,1,1,outputs/gate6/snapshots/exact_town12_route10_route0_09_04_14_40_59/f002524.npz
route10,HardBreakRoute_2,HardBreakRoute,2528,-1,9,4320,1,9.00541,2.49713,3.606,1,1,1,outputs/gate6/snapshots/exact_town12_route10_route0_09_04_14_40_59/f002528.npz
route10,HardBreakRoute_2,HardBreakRoute,2532,-1,9,4320,1,9.71032,2.52522,3.845,1,1,1,outputs/gate6/snapshots/exact_town12_route10_route0_09_04_14_40_59/f002532.npz
route10,HardBreakRoute_2,HardBreakRoute,2536,-1,9,4320,1,10.16145,2.9815,3.408,1,1,1,outputs/gate6/snapshots/exact_town12_route10_route0_09_04_14_40_59/f002536.npz
route10,HardBreakRoute_2,HardBreakRoute,2540,-1,9,4320,1,10.24609,3.00357,3.411,1,1,1,outputs/gate6/snapshots/exact_town12_route10_route0_09_04_14_40_59/f002540.npz
route10,HardBreakRoute_2,HardBreakRoute,2544,-1,9,4320,1,9.78398,3.00973,3.251,1,1,1,outputs/gate6/snapshots/exact_town12_route10_route0_09_04_14_40_59/f002544.npz
route10,HardBreakRoute_2,HardBreakRoute,2548,-1,9,4320,1,8.41941,2.25093,3.74,1,1,1,outputs/gate6/snapshots/exact_town12_route10_route0_09_04_14_40_59/f002548.npz
route10,HardBreakRoute_2,HardBreakRoute,2552,-1,9,4320,1,6.65172,1.98032,3.359,1,1,1,outputs/gate6/snapshots/exact_town12_route10_route0_09_04_14_40_59/f002552.npz
route10,HardBreakRoute_2,HardBreakRoute,2556,-1,9,4320,1,4.56385,1.88141,2.426,1,1,1,outputs/gate6/snapshots/exact_town12_route10_route0_09_04_14_40_59/f002556.npz
route10,HardBreakRoute_2,HardBreakRoute,2560,-1,9,4320,1,4.00837,1.73342,2.312,1,1,1,outputs/gate6/snapshots/exact_town12_route10_route0_09_04_14_40_59/f002560.npz
route10,HardBreakRoute_2,HardBreakRoute,2564,-1,9,4320,1,3.70155,1.61044,2.298,1,1,1,outputs/gate6/snapshots/exact_town12_route10_route0_09_04_14_40_59/f002564.npz
route10,HardBreakRoute_2,HardBreakRoute,2568,-1,9,4320,1,3.62244,1.4857,2.438,1,1,1,outputs/gate6/snapshots/exact_town12_route10_route0_09_04_14_40_59/f002568.npz
route10,HardBreakRoute_2,HardBreakRoute,2572,-1,9,4320,1,3.58953,1.3573,2.645,1,1,1,outputs/gate6/snapshots/exact_town12_route10_route0_09_04_14_40_59/f002572.npz
route10,HardBreakRoute_2,HardBreakRoute,2576,-1,9,4320,1,3.52211,1.21761,2.893,1,1,1,outputs/gate6/snapshots/exact_town12_route10_route0_09_04_14_40_59/f002576.npz
route10,HardBreakRoute_2,HardBreakRoute,2580,-1,9,4320,1,3.36322,1.05933,3.175,1,1,1,outputs/gate6/snapshots/exact_town12_route10_route0_09_04_14_40_59/f002580.npz
route10,HardBreakRoute_2,HardBreakRoute,2584,-1,9,4320,1,3.13124,1.10164,2.842,1,1,1,outputs/gate6/snapshots/exact_town12_route10_route0_09_04_14_40_59/f002584.npz
route10,HardBreakRoute_2,HardBreakRoute,2588,-1,9,4320,1,2.98992,1.35762,2.202,1,1,1,outputs/gate6/snapshots/exact_town12_route10_route0_09_04_14_40_59/f002588.npz
route10,HardBreakRoute_2,HardBreakRoute,2592,-1,9,4320,1,3.08284,1.77005,1.742,1,1,1,outputs/gate6/snapshots/exact_town12_route10_route0_09_04_14_40_59/f002592.npz
route10,HardBreakRoute_2,HardBreakRoute,2596,-1,9,4320,1,3.31121,2.21836,1.493,1,0,0,outputs/gate6/snapshots/exact_town12_route10_route0_09_04_14_40_59/f002596.npz
route10,HardBreakRoute_2,HardBreakRoute,2600,-1,9,4320,1,3.49601,2.61486,1.337,1,0,0,outputs/gate6/snapshots/exact_town12_route10_route0_09_04_14_40_59/f002600.npz
route10,HardBreakRoute_2,HardBreakRoute,2604,-1,9,4320,1,3.61363,2.98105,1.212,1,0,0,outputs/gate6/snapshots/exact_town12_route10_route0_09_04_14_40_59/f002604.npz
route10,HardBreakRoute_2,HardBreakRoute,2608,-1,9,4320,1,3.65395,3.29011,1.111,1,0,0,outputs/gate6/snapshots/exact_town12_route10_route0_09_04_14_40_59/f002608.npz
route10,HardBreakRoute_2,HardBreakRoute,2612,-1,9,4320,1,4.05784,3.41694,1.188,1,0,0,outputs/gate6/snapshots/exact_town12_route10_route0_09_04_14_40_59/f002612.npz
route10,HardBreakRoute_2,HardBreakRoute,2616,-1,9,3726,9,3.45153,3.22321,1.071,1,0,0,outputs/gate6/snapshots/exact_town12_route10_route0_09_04_14_40_59/f002616.npz
route10,HardBreakRoute_2,HardBreakRoute,2620,-1,9,3726,9,3.33878,2.66979,1.251,1,0,0,outputs/gate6/snapshots/exact_town12_route10_route0_09_04_14_40_59/f002620.npz
route10,HardBreakRoute_2,HardBreakRoute,2624,-1,9,3726,9,3.32482,2.95149,1.126,1,0,0,outputs/gate6/snapshots/exact_town12_route10_route0_09_04_14_40_59/f002624.npz
route10,HardBreakRoute_2,HardBreakRoute,2628,-1,9,3726,9,2.93818,2.09585,1.402,1,0,0,outputs/gate6/snapshots/exact_town12_route10_route0_09_04_14_40_59/f002628.npz
route10,HardBreakRoute_2,HardBreakRoute,2632,-1,8,3726,8,3.08398,1.77199,1.74,1,1,1,outputs/gate6/snapshots/exact_town12_route10_route0_09_04_14_40_59/f002632.npz
route10,VehicleTurningRoute_1,VehicleTurningRoute,14124,-1,31,4087,1,1.62611,1.43088,1.136,1,0,0,outputs/gate6/snapshots/exact_town12_route10_route0_09_04_14_40_59/f014124.npz
route10,VehicleTurningRoute_1,VehicleTurningRoute,14128,-1,32,4749,7,0.2171,0.19199,1.131,1,0,0,outputs/gate6/snapshots/exact_town12_route10_route0_09_04_14_40_59/f014128.npz
route10,VehicleTurningRoute_1,VehicleTurningRoute,14132,-1,31,4736,8,0.33563,0.195,1.721,1,1,1,outputs/gate6/snapshots/exact_town12_route10_route0_09_04_14_40_59/f014132.npz
route10,VehicleTurningRoute_1,VehicleTurningRoute,14136,-1,31,4755,4,0.28901,0.16784,1.722,1,1,1,outputs/gate6/snapshots/exact_town12_route10_route0_09_04_14_40_59/f014136.npz
route10,VehicleTurningRoute_1,VehicleTurningRoute,14140,-1,31,4749,6,0.09148,0.04736,1.83,0,1,0,outputs/gate6/snapshots/exact_town12_route10_route0_09_04_14_40_59/f014140.npz
route10,VehicleTurningRoute_1,VehicleTurningRoute,14144,-1,31,4749,6,0.0421,0.02995,0.842,0,0,0,outputs/gate6/snapshots/exact_town12_route10_route0_09_04_14_40_59/f014144.npz
route10,VehicleTurningRoute_1,VehicleTurningRoute,14148,-1,32,4749,6,0.04216,0.03361,0.843,0,0,0,outputs/gate6/snapshots/exact_town12_route10_route0_09_04_14_40_59/f014148.npz
route10,VehicleTurningRoute_1,VehicleTurningRoute,14152,-1,32,4749,6,0.0517,0.03868,1.034,0,0,0,outputs/gate6/snapshots/exact_town12_route10_route0_09_04_14_40_59/f014152.npz
route10,VehicleTurningRoute_1,VehicleTurningRoute,14156,-1,32,4749,6,0.04971,0.04381,0.994,0,0,0,outputs/gate6/snapshots/exact_town12_route10_route0_09_04_14_40_59/f014156.npz
route10,VehicleTurningRoute_1,VehicleTurningRoute,14160,-1,33,4133,19,0.04576,0.04267,0.915,0,0,0,outputs/gate6/snapshots/exact_town12_route10_route0_09_04_14_40_59/f014160.npz
route10,VehicleTurningRoute_1,VehicleTurningRoute,14164,-1,33,4133,19,0.05422,0.04799,1.084,0,0,0,outputs/gate6/snapshots/exact_town12_route10_route0_09_04_14_40_59/f014164.npz
route10,VehicleTurningRoute_1,VehicleTurningRoute,14168,-1,33,4133,19,0.06472,0.05994,1.08,0,0,0,outputs/gate6/snapshots/exact_town12_route10_route0_09_04_14_40_59/f014168.npz
route10,VehicleTurningRoute_1,VehicleTurningRoute,14172,-1,36,4749,7,0.07803,0.07026,1.111,0,0,0,outputs/gate6/snapshots/exact_town12_route10_route0_09_04_14_40_59/f014172.npz
route10,VehicleTurningRoute_1,VehicleTurningRoute,14176,-1,35,4133,19,0.06231,0.06133,1.016,0,0,0,outputs/gate6/snapshots/exact_town12_route10_route0_09_04_14_40_59/f014176.npz
route10,VehicleTurningRoute_1,VehicleTurningRoute,14180,-1,35,4133,19,0.06378,0.05118,1.246,0,0,0,outputs/gate6/snapshots/exact_town12_route10_route0_09_04_14_40_59/f014180.npz
route10,VehicleTurningRoute_1,VehicleTurningRoute,14184,-1,35,4133,19,0.06573,0.04642,1.315,0,0,0,outputs/gate6/snapshots/exact_town12_route10_route0_09_04_14_40_59/f014184.npz
route10,VehicleTurningRoute_1,VehicleTurningRoute,14188,-1,34,4749,6,0.04511,0.04138,0.902,0,0,0,outputs/gate6/snapshots/exact_town12_route10_route0_09_04_14_40_59/f014188.npz
route10,VehicleTurningRoute_1,VehicleTurningRoute,14192,-1,36,4749,6,0.03457,0.02621,0.691,0,0,0,outputs/gate6/snapshots/exact_town12_route10_route0_09_04_14_40_59/f014192.npz
route10,VehicleTurningRoute_1,VehicleTurningRoute,14196,-1,36,4749,6,0.03562,0.02015,0.712,0,0,0,outputs/gate6/snapshots/exact_town12_route10_route0_09_04_14_40_59/f014196.npz
route10,VehicleTurningRoute_1,VehicleTurningRoute,14200,-1,36,4749,6,0.04347,0.02249,0.869,0,0,0,outputs/gate6/snapshots/exact_town12_route10_route0_09_04_14_40_59/f014200.npz
route10,VehicleTurningRoute_1,VehicleTurningRoute,14204,-1,37,4749,6,0.05297,0.03124,1.059,0,0,0,outputs/gate6/snapshots/exact_town12_route10_route0_09_04_14_40_59/f014204.npz
route10,VehicleTurningRoute_1,VehicleTurningRoute,14208,-1,38,4763,2,0.25962,0.08264,3.142,1,1,1,outputs/gate6/snapshots/exact_town12_route10_route0_09_04_14_40_59/f014208.npz
route10,VehicleTurningRoute_1,VehicleTurningRoute,14212,-1,38,4749,8,0.0872,0.08038,1.085,0,0,0,outputs/gate6/snapshots/exact_town12_route10_route0_09_04_14_40_59/f014212.npz
route10,VehicleTurningRoute_1,VehicleTurningRoute,14216,-1,40,4763,2,0.08292,0.08082,1.026,0,0,0,outputs/gate6/snapshots/exact_town12_route10_route0_09_04_14_40_59/f014216.npz
route10,VehicleTurningRoute_1,VehicleTurningRoute,14220,-1,40,4762,3,0.09344,0.07439,1.256,0,0,0,outputs/gate6/snapshots/exact_town12_route10_route0_09_04_14_40_59/f014220.npz
route10,VehicleTurningRoute_1,VehicleTurningRoute,14224,-1,37,4762,3,0.14503,0.12867,1.127,0,0,0,outputs/gate6/snapshots/exact_town12_route10_route0_09_04_14_40_59/f014224.npz
route10,VehicleTurningRoute_1,VehicleTurningRoute,14228,-1,39,4762,3,0.16216,0.06883,2.356,0,1,0,outputs/gate6/snapshots/exact_town12_route10_route0_09_04_14_40_59/f014228.npz
route10,VehicleTurningRoute_1,VehicleTurningRoute,14232,-1,39,4762,3,0.17394,0.14692,1.184,0,0,0,outputs/gate6/snapshots/exact_town12_route10_route0_09_04_14_40_59/f014232.npz
route10,VehicleTurningRoute_1,VehicleTurningRoute,14236,-1,37,4763,2,0.22696,0.13494,1.682,1,1,1,outputs/gate6/snapshots/exact_town12_route10_route0_09_04_14_40_59/f014236.npz
route10,VehicleTurningRoute_1,VehicleTurningRoute,14240,-1,39,4762,3,0.56151,0.1594,3.523,1,1,1,outputs/gate6/snapshots/exact_town12_route10_route0_09_04_14_40_59/f014240.npz
route10,VehicleTurningRoute_1,VehicleTurningRoute,14244,-1,40,4762,4,0.1644,0.16131,1.019,0,0,0,outputs/gate6/snapshots/exact_town12_route10_route0_09_04_14_40_59/f014244.npz
route10,VehicleTurningRoute_1,VehicleTurningRoute,14248,-1,39,4758,5,0.13231,0.06536,2.024,0,1,0,outputs/gate6/snapshots/exact_town12_route10_route0_09_04_14_40_59/f014248.npz
route10,VehicleTurningRoute_1,VehicleTurningRoute,14252,-1,41,4758,5,0.18937,0.08695,2.178,0,1,0,outputs/gate6/snapshots/exact_town12_route10_route0_09_04_14_40_59/f014252.npz
route10,VehicleTurningRoute_1,VehicleTurningRoute,14256,-1,40,4758,5,0.49564,0.18695,2.651,1,1,1,outputs/gate6/snapshots/exact_town12_route10_route0_09_04_14_40_59/f014256.npz
route10,VehicleTurningRoute_1,VehicleTurningRoute,14260,-1,40,4758,6,0.51573,0.27509,1.875,1,1,1,outputs/gate6/snapshots/exact_town12_route10_route0_09_04_14_40_59/f014260.npz
route10,VehicleTurningRoute_1,VehicleTurningRoute,14264,-1,42,4749,8,0.47599,0.30152,1.579,1,1,1,outputs/gate6/snapshots/exact_town12_route10_route0_09_04_14_40_59/f014264.npz
route10,VehicleTurningRoute_1,VehicleTurningRoute,14268,-1,43,4749,9,0.98066,0.40319,2.432,1,1,1,outputs/gate6/snapshots/exact_town12_route10_route0_09_04_14_40_59/f014268.npz
route10,VehicleTurningRoute_1,VehicleTurningRoute,14272,-1,41,4749,9,1.20554,0.35116,3.433,1,1,1,outputs/gate6/snapshots/exact_town12_route10_route0_09_04_14_40_59/f014272.npz
route10,VehicleTurningRoute_1,VehicleTurningRoute,14276,-1,42,4749,9,0.42906,0.37017,1.159,1,0,0,outputs/gate6/snapshots/exact_town12_route10_route0_09_04_14_40_59/f014276.npz
route10,VehicleTurningRoute_1,VehicleTurningRoute,14280,-1,42,4749,9,0.49186,0.30761,1.599,1,1,1,outputs/gate6/snapshots/exact_town12_route10_route0_09_04_14_40_59/f014280.npz
route10,VehicleTurningRoute_1,VehicleTurningRoute,14284,-1,40,4749,9,1.01689,0.32505,3.128,1,1,1,outputs/gate6/snapshots/exact_town12_route10_route0_09_04_14_40_59/f014284.npz
route10,VehicleTurningRoute_1,VehicleTurningRoute,14288,-1,40,4087,1,0.60013,0.17815,3.369,1,1,1,outputs/gate6/snapshots/exact_town12_route10_route0_09_04_14_40_59/f014288.npz
route10,VehicleTurningRoute_1,VehicleTurningRoute,14292,-1,36,4087,1,1.58905,0.44876,3.541,1,1,1,outputs/gate6/snapshots/exact_town12_route10_route0_09_04_14_40_59/f014292.npz
route10,VehicleTurningRoute_1,VehicleTurningRoute,14296,-1,30,4087,1,2.4096,0.08711,27.662,1,1,1,outputs/gate6/snapshots/exact_town12_route10_route0_09_04_14_40_59/f014296.npz
route10,VehicleTurningRoute_1,VehicleTurningRoute,14300,-1,30,4087,1,3.25273,0.07764,41.897,1,1,1,outputs/gate6/snapshots/exact_town12_route10_route0_09_04_14_40_59/f014300.npz
route10,VehicleTurningRoute_1,VehicleTurningRoute,14304,-1,30,4087,1,4.13584,0.14184,29.158,1,1,1,outputs/gate6/snapshots/exact_town12_route10_route0_09_04_14_40_59/f014304.npz
route10,VehicleTurningRoute_1,VehicleTurningRoute,14308,-1,28,4087,1,4.67808,0.19493,23.998,1,1,1,outputs/gate6/snapshots/exact_town12_route10_route0_09_04_14_40_59/f014308.npz
route10,VehicleTurningRoute_1,VehicleTurningRoute,14312,-1,28,4087,1,5.10675,0.12247,41.697,1,1,1,outputs/gate6/snapshots/exact_town12_route10_route0_09_04_14_40_59/f014312.npz
route10,VehicleTurningRoute_1,VehicleTurningRoute,14316,-1,29,4087,1,5.54135,0.06628,83.605,1,1,1,outputs/gate6/snapshots/exact_town12_route10_route0_09_04_14_40_59/f014316.npz
route10,VehicleTurningRoute_1,VehicleTurningRoute,14320,-1,29,4087,1,6.05451,0.04618,121.09,1,1,1,outputs/gate6/snapshots/exact_town12_route10_route0_09_04_14_40_59/f014320.npz
route10,VehicleTurningRoute_1,VehicleTurningRoute,14324,-1,29,4087,1,6.49117,0.06781,95.732,1,1,1,outputs/gate6/snapshots/exact_town12_route10_route0_09_04_14_40_59/f014324.npz
route10,VehicleTurningRoute_1,VehicleTurningRoute,14328,-1,29,4087,1,6.78215,0.07241,93.658,1,1,1,outputs/gate6/snapshots/exact_town12_route10_route0_09_04_14_40_59/f014328.npz
route10,VehicleTurningRoute_1,VehicleTurningRoute,14332,-1,29,4087,1,7.10582,0.09353,75.973,1,1,1,outputs/gate6/snapshots/exact_town12_route10_route0_09_04_14_40_59/f014332.npz
route10,VehicleTurningRoute_1,VehicleTurningRoute,14336,-1,29,4087,1,7.68665,0.06947,110.654,1,1,1,outputs/gate6/snapshots/exact_town12_route10_route0_09_04_14_40_59/f014336.npz
route10,VehicleTurningRoute_1,VehicleTurningRoute,14340,-1,25,4087,1,8.32914,0.05309,156.892,1,1,1,outputs/gate6/snapshots/exact_town12_route10_route0_09_04_14_40_59/f014340.npz
route10,VehicleTurningRoute_1,VehicleTurningRoute,14344,-1,25,4087,1,8.70682,0.10006,87.019,1,1,1,outputs/gate6/snapshots/exact_town12_route10_route0_09_04_14_40_59/f014344.npz
route10,VehicleTurningRoute_1,VehicleTurningRoute,14348,-1,25,4087,1,8.78971,0.11659,75.387,1,1,1,outputs/gate6/snapshots/exact_town12_route10_route0_09_04_14_40_59/f014348.npz
route10,VehicleTurningRoute_1,VehicleTurningRoute,14352,-1,25,4087,1,9.00102,0.14686,61.291,1,1,1,outputs/gate6/snapshots/exact_town12_route10_route0_09_04_14_40_59/f014352.npz
route10,VehicleTurningRoute_1,VehicleTurningRoute,14356,-1,25,4087,1,9.27949,0.12129,76.509,1,1,1,outputs/gate6/snapshots/exact_town12_route10_route0_09_04_14_40_59/f014356.npz
route10,VehicleTurningRoute_1,VehicleTurningRoute,14360,-1,25,4087,1,9.23616,0.06173,149.613,1,1,1,outputs/gate6/snapshots/exact_town12_route10_route0_09_04_14_40_59/f014360.npz
route10,VehicleTurningRoute_1,VehicleTurningRoute,14364,-1,24,4087,1,9.42103,0.13116,71.831,1,1,1,outputs/gate6/snapshots/exact_town12_route10_route0_09_04_14_40_59/f014364.npz
route10,VehicleTurningRoute_1,VehicleTurningRoute,14368,-1,24,4087,1,9.53741,0.08602,110.871,1,1,1,outputs/gate6/snapshots/exact_town12_route10_route0_09_04_14_40_59/f014368.npz
route10,VehicleTurningRoute_1,VehicleTurningRoute,14372,-1,24,4087,1,9.68922,0.10363,93.494,1,1,1,outputs/gate6/snapshots/exact_town12_route10_route0_09_04_14_40_59/f014372.npz
route10,VehicleTurningRoute_1,VehicleTurningRoute,14376,-1,24,4087,1,9.86717,0.11246,87.738,1,1,1,outputs/gate6/snapshots/exact_town12_route10_route0_09_04_14_40_59/f014376.npz
route10,VehicleTurningRoute_1,VehicleTurningRoute,14380,-1,24,4087,1,9.98125,0.14432,69.162,1,1,1,outputs/gate6/snapshots/exact_town12_route10_route0_09_04_14_40_59/f014380.npz
route10,VehicleTurningRoute_1,VehicleTurningRoute,14384,-1,24,4087,1,10.01246,0.10993,91.078,1,1,1,outputs/gate6/snapshots/exact_town12_route10_route0_09_04_14_40_59/f014384.npz
route10,VehicleTurningRoute_1,VehicleTurningRoute,14388,-1,24,4087,1,10.12889,0.08699,116.432,1,1,1,outputs/gate6/snapshots/exact_town12_route10_route0_09_04_14_40_59/f014388.npz
route10,VehicleTurningRoute_1,VehicleTurningRoute,14392,-1,25,4087,1,10.16741,0.10443,97.36,1,1,1,outputs/gate6/snapshots/exact_town12_route10_route0_09_04_14_40_59/f014392.npz
route10,VehicleTurningRoute_1,VehicleTurningRoute,14396,-1,25,4087,1,10.27459,0.14773,69.552,1,1,1,outputs/gate6/snapshots/exact_town12_route10_route0_09_04_14_40_59/f014396.npz
route10,VehicleTurningRoute_1,VehicleTurningRoute,14400,-1,25,4087,1,10.38635,0.1704,60.951,1,1,1,outputs/gate6/snapshots/exact_town12_route10_route0_09_04_14_40_59/f014400.npz
route10,VehicleTurningRoute_1,VehicleTurningRoute,14404,-1,24,4087,1,10.40587,0.1654,62.912,1,1,1,outputs/gate6/snapshots/exact_town12_route10_route0_09_04_14_40_59/f014404.npz
route10,VehicleTurningRoute_1,VehicleTurningRoute,14408,-1,24,4087,1,10.48386,0.19543,53.646,1,1,1,outputs/gate6/snapshots/exact_town12_route10_route0_09_04_14_40_59/f014408.npz
route10,VehicleTurningRoute_1,VehicleTurningRoute,14412,-1,24,4087,1,10.5035,0.28218,37.222,1,1,1,outputs/gate6/snapshots/exact_town12_route10_route0_09_04_14_40_59/f014412.npz
route10,VehicleTurningRoute_1,VehicleTurningRoute,14416,-1,24,4087,1,10.64904,0.31898,33.385,1,1,1,outputs/gate6/snapshots/exact_town12_route10_route0_09_04_14_40_59/f014416.npz
route10,VehicleTurningRoute_1,VehicleTurningRoute,14420,-1,24,4087,1,10.60316,0.18534,57.209,1,1,1,outputs/gate6/snapshots/exact_town12_route10_route0_09_04_14_40_59/f014420.npz
route10,VehicleTurningRoute_1,VehicleTurningRoute,14424,-1,24,4087,1,10.51759,0.09718,108.227,1,1,1,outputs/gate6/snapshots/exact_town12_route10_route0_09_04_14_40_59/f014424.npz
route10,VehicleTurningRoute_1,VehicleTurningRoute,14428,-1,24,4087,1,10.60339,0.16231,65.328,1,1,1,outputs/gate6/snapshots/exact_town12_route10_route0_09_04_14_40_59/f014428.npz
route10,VehicleTurningRoute_1,VehicleTurningRoute,14432,-1,24,4087,1,10.70055,0.19593,54.614,1,1,1,outputs/gate6/snapshots/exact_town12_route10_route0_09_04_14_40_59/f014432.npz
route10,VehicleTurningRoute_1,VehicleTurningRoute,14436,-1,24,4087,1,10.72155,0.18705,57.319,1,1,1,outputs/gate6/snapshots/exact_town12_route10_route0_09_04_14_40_59/f014436.npz
route10,VehicleTurningRoute_1,VehicleTurningRoute,14440,-1,24,4087,1,10.7638,0.19832,54.275,1,1,1,outputs/gate6/snapshots/exact_town12_route10_route0_09_04_14_40_59/f014440.npz
route10,VehicleTurningRoute_1,VehicleTurningRoute,14444,-1,25,4087,1,10.7602,0.2086,51.584,1,1,1,outputs/gate6/snapshots/exact_town12_route10_route0_09_04_14_40_59/f014444.npz
route10,VehicleTurningRoute_1,VehicleTurningRoute,14448,-1,24,4087,1,10.69522,0.20205,52.934,1,1,1,outputs/gate6/snapshots/exact_town12_route10_route0_09_04_14_40_59/f014448.npz
route10,VehicleTurningRoute_1,VehicleTurningRoute,14452,-1,24,4087,1,10.73365,0.2427,44.226,1,1,1,outputs/gate6/snapshots/exact_town12_route10_route0_09_04_14_40_59/f014452.npz
route10,VehicleTurningRoute_1,VehicleTurningRoute,14456,-1,24,4087,1,10.71657,0.21293,50.329,1,1,1,outputs/gate6/snapshots/exact_town12_route10_route0_09_04_14_40_59/f014456.npz
route10,VehicleTurningRoute_1,VehicleTurningRoute,14460,-1,24,4087,1,10.62931,0.13868,76.646,1,1,1,outputs/gate6/snapshots/exact_town12_route10_route0_09_04_14_40_59/f014460.npz
route10,VehicleTurningRoute_1,VehicleTurningRoute,14464,-1,24,4087,1,10.71701,0.19904,53.844,1,1,1,outputs/gate6/snapshots/exact_town12_route10_route0_09_04_14_40_59/f014464.npz
route10,VehicleTurningRoute_1,VehicleTurningRoute,14468,-1,24,4087,1,10.81352,0.22141,48.839,1,1,1,outputs/gate6/snapshots/exact_town12_route10_route0_09_04_14_40_59/f014468.npz
route10,VehicleTurningRoute_1,VehicleTurningRoute,14472,-1,25,4087,1,10.79931,0.2477,43.599,1,1,1,outputs/gate6/snapshots/exact_town12_route10_route0_09_04_14_40_59/f014472.npz
route10,VehicleTurningRoute_1,VehicleTurningRoute,14476,-1,25,4087,1,10.86746,0.30209,35.974,1,1,1,outputs/gate6/snapshots/exact_town12_route10_route0_09_04_14_40_59/f014476.npz
route10,VehicleTurningRoute_1,VehicleTurningRoute,14480,-1,25,4087,1,10.914,0.32302,33.788,1,1,1,outputs/gate6/snapshots/exact_town12_route10_route0_09_04_14_40_59/f014480.npz
route10,VehicleTurningRoute_1,VehicleTurningRoute,14484,-1,25,4087,1,10.95653,0.3316,33.041,1,1,1,outputs/gate6/snapshots/exact_town12_route10_route0_09_04_14_40_59/f014484.npz
route10,VehicleTurningRoute_1,VehicleTurningRoute,14488,-1,25,4087,1,10.98608,0.33638,32.66,1,1,1,outputs/gate6/snapshots/exact_town12_route10_route0_09_04_14_40_59/f014488.npz
route10,VehicleTurningRoute_1,VehicleTurningRoute,14492,-1,25,4087,1,10.96037,0.28797,38.06,1,1,1,outputs/gate6/snapshots/exact_town12_route10_route0_09_04_14_40_59/f014492.npz
route10,VehicleTurningRoute_1,VehicleTurningRoute,14496,-1,25,4087,1,10.92802,0.25026,43.667,1,1,1,outputs/gate6/snapshots/exact_town12_route10_route0_09_04_14_40_59/f014496.npz
route10,VehicleTurningRoute_1,VehicleTurningRoute,14500,-1,25,4087,1,10.93025,0.18918,57.777,1,1,1,outputs/gate6/snapshots/exact_town12_route10_route0_09_04_14_40_59/f014500.npz
route10,VehicleTurningRoute_1,VehicleTurningRoute,14504,-1,25,4087,1,10.9306,0.13739,79.559,1,1,1,outputs/gate6/snapshots/exact_town12_route10_route0_09_04_14_40_59/f014504.npz
route10,VehicleTurningRoute_1,VehicleTurningRoute,14508,-1,25,4087,1,10.92895,0.1059,103.202,1,1,1,outputs/gate6/snapshots/exact_town12_route10_route0_09_04_14_40_59/f014508.npz
route10,VehicleTurningRoute_1,VehicleTurningRoute,14512,-1,25,4087,1,10.92872,0.08193,133.384,1,1,1,outputs/gate6/snapshots/exact_town12_route10_route0_09_04_14_40_59/f014512.npz
route10,VehicleTurningRoute_1,VehicleTurningRoute,14516,-1,25,4087,1,10.94641,0.05299,206.575,1,1,1,outputs/gate6/snapshots/exact_town12_route10_route0_09_04_14_40_59/f014516.npz
route10,VehicleTurningRoute_1,VehicleTurningRoute,14520,-1,25,4087,1,10.95353,0.03804,219.071,1,1,1,outputs/gate6/snapshots/exact_town12_route10_route0_09_04_14_40_59/f014520.npz
route10,VehicleTurningRoute_1,VehicleTurningRoute,14524,-1,25,4087,1,10.96953,0.04022,219.391,1,1,1,outputs/gate6/snapshots/exact_town12_route10_route0_09_04_14_40_59/f014524.npz
route10,VehicleTurningRoute_1,VehicleTurningRoute,14528,-1,25,4087,1,10.97955,0.03094,219.591,1,1,1,outputs/gate6/snapshots/exact_town12_route10_route0_09_04_14_40_59/f014528.npz
route10,VehicleTurningRoute_1,VehicleTurningRoute,14532,-1,25,4087,1,11.00402,0.02216,220.08,1,1,1,outputs/gate6/snapshots/exact_town12_route10_route0_09_04_14_40_59/f014532.npz
route10,VehicleTurningRoute_1,VehicleTurningRoute,14536,-1,25,4087,1,11.00204,0.03291,220.041,1,1,1,outputs/gate6/snapshots/exact_town12_route10_route0_09_04_14_40_59/f014536.npz
route10,VehicleTurningRoute_1,VehicleTurningRoute,14540,-1,24,4087,1,10.99684,0.03449,219.937,1,1,1,outputs/gate6/snapshots/exact_town12_route10_route0_09_04_14_40_59/f014540.npz
route10,VehicleTurningRoute_1,VehicleTurningRoute,14544,-1,24,4087,1,11.00484,0.0394,220.097,1,1,1,outputs/gate6/snapshots/exact_town12_route10_route0_09_04_14_40_59/f014544.npz
route10,VehicleTurningRoute_1,VehicleTurningRoute,14548,-1,24,4087,1,11.0153,0.04573,220.306,1,1,1,outputs/gate6/snapshots/exact_town12_route10_route0_09_04_14_40_59/f014548.npz
route10,VehicleTurningRoute_1,VehicleTurningRoute,14552,-1,24,4087,1,11.0283,0.06083,181.311,1,1,1,outputs/gate6/snapshots/exact_town12_route10_route0_09_04_14_40_59/f014552.npz
route10,VehicleTurningRoute_1,VehicleTurningRoute,14556,-1,24,4087,1,11.05503,0.04412,221.101,1,1,1,outputs/gate6/snapshots/exact_town12_route10_route0_09_04_14_40_59/f014556.npz
route10,VehicleTurningRoute_1,VehicleTurningRoute,14560,-1,24,4087,1,11.10473,0.03041,222.095,1,1,1,outputs/gate6/snapshots/exact_town12_route10_route0_09_04_14_40_59/f014560.npz
route10,VehicleTurningRoute_1,VehicleTurningRoute,14564,-1,24,4087,1,11.14316,0.0302,222.863,1,1,1,outputs/gate6/snapshots/exact_town12_route10_route0_09_04_14_40_59/f014564.npz
route10,VehicleTurningRoute_1,VehicleTurningRoute,14568,-1,24,4087,1,11.17878,0.03621,223.576,1,1,1,outputs/gate6/snapshots/exact_town12_route10_route0_09_04_14_40_59/f014568.npz
route10,VehicleTurningRoute_1,VehicleTurningRoute,14572,-1,23,4087,1,11.17261,0.07739,144.374,1,1,1,outputs/gate6/snapshots/exact_town12_route10_route0_09_04_14_40_59/f014572.npz
route10,VehicleTurningRoute_1,VehicleTurningRoute,14576,-1,22,4087,1,11.15094,0.08855,125.925,1,1,1,outputs/gate6/snapshots/exact_town12_route10_route0_09_04_14_40_59/f014576.npz
route10,VehicleTurningRoute_1,VehicleTurningRoute,14580,-1,22,4087,1,11.1795,0.06616,168.966,1,1,1,outputs/gate6/snapshots/exact_town12_route10_route0_09_04_14_40_59/f014580.npz
route10,VehicleTurningRoute_1,VehicleTurningRoute,14584,-1,22,4087,1,11.20486,0.03924,224.097,1,1,1,outputs/gate6/snapshots/exact_town12_route10_route0_09_04_14_40_59/f014584.npz
route10,VehicleTurningRoute_1,VehicleTurningRoute,14588,-1,22,4087,1,11.20358,0.02375,224.072,1,1,1,outputs/gate6/snapshots/exact_town12_route10_route0_09_04_14_40_59/f014588.npz
route10,VehicleTurningRoute_1,VehicleTurningRoute,14592,-1,22,4087,1,11.19933,0.02332,223.987,1,1,1,outputs/gate6/snapshots/exact_town12_route10_route0_09_04_14_40_59/f014592.npz
route10,VehicleTurningRoute_1,VehicleTurningRoute,14596,-1,22,4087,1,11.19896,0.02417,223.979,1,1,1,outputs/gate6/snapshots/exact_town12_route10_route0_09_04_14_40_59/f014596.npz
route10,VehicleTurningRoute_1,VehicleTurningRoute,14600,-1,22,4087,1,11.21348,0.03732,224.27,1,1,1,outputs/gate6/snapshots/exact_town12_route10_route0_09_04_14_40_59/f014600.npz
route10,VehicleTurningRoute_1,VehicleTurningRoute,14604,-1,22,4087,1,11.22572,0.04992,224.514,1,1,1,outputs/gate6/snapshots/exact_town12_route10_route0_09_04_14_40_59/f014604.npz
route10,VehicleTurningRoute_1,VehicleTurningRoute,14608,-1,23,4087,1,11.22395,0.05159,217.548,1,1,1,outputs/gate6/snapshots/exact_town12_route10_route0_09_04_14_40_59/f014608.npz
route10,VehicleTurningRoute_1,VehicleTurningRoute,14612,-1,23,4087,1,11.24226,0.04059,224.845,1,1,1,outputs/gate6/snapshots/exact_town12_route10_route0_09_04_14_40_59/f014612.npz
route10,VehicleTurningRoute_1,VehicleTurningRoute,14616,-1,23,4087,1,11.26191,0.03057,225.238,1,1,1,outputs/gate6/snapshots/exact_town12_route10_route0_09_04_14_40_59/f014616.npz
route10,VehicleTurningRoute_1,VehicleTurningRoute,14620,-1,22,4087,1,11.23942,0.03171,224.788,1,1,1,outputs/gate6/snapshots/exact_town12_route10_route0_09_04_14_40_59/f014620.npz
route10,VehicleTurningRoute_1,VehicleTurningRoute,14624,-1,22,4087,1,11.26567,0.02743,225.313,1,1,1,outputs/gate6/snapshots/exact_town12_route10_route0_09_04_14_40_59/f014624.npz
route10,VehicleTurningRoute_1,VehicleTurningRoute,14628,-1,22,4087,1,11.28833,0.02772,225.767,1,1,1,outputs/gate6/snapshots/exact_town12_route10_route0_09_04_14_40_59/f014628.npz
route10,VehicleTurningRoute_1,VehicleTurningRoute,14632,-1,22,4087,1,11.41454,0.07277,156.851,1,1,1,outputs/gate6/snapshots/exact_town12_route10_route0_09_04_14_40_59/f014632.npz
route10,VehicleTurningRoute_1,VehicleTurningRoute,14636,-1,22,4087,1,11.48863,0.08087,142.072,1,1,1,outputs/gate6/snapshots/exact_town12_route10_route0_09_04_14_40_59/f014636.npz
route10,VehicleTurningRoute_1,VehicleTurningRoute,14640,-1,22,4087,1,11.42494,0.08583,133.106,1,1,1,outputs/gate6/snapshots/exact_town12_route10_route0_09_04_14_40_59/f014640.npz
route10,VehicleTurningRoute_1,VehicleTurningRoute,14644,-1,22,4087,1,11.29909,0.08935,126.462,1,1,1,outputs/gate6/snapshots/exact_town12_route10_route0_09_04_14_40_59/f014644.npz
route10,VehicleTurningRoute_1,VehicleTurningRoute,14648,-1,22,4087,1,11.1027,0.08625,128.723,1,1,1,outputs/gate6/snapshots/exact_town12_route10_route0_09_04_14_40_59/f014648.npz
route10,VehicleTurningRoute_1,VehicleTurningRoute,14652,-1,21,4087,1,10.58609,0.08741,121.105,1,1,1,outputs/gate6/snapshots/exact_town12_route10_route0_09_04_14_40_59/f014652.npz
route10,VehicleTurningRoute_1,VehicleTurningRoute,14656,-1,21,4087,1,10.21895,0.08612,118.657,1,1,1,outputs/gate6/snapshots/exact_town12_route10_route0_09_04_14_40_59/f014656.npz
route10,VehicleTurningRoute_1,VehicleTurningRoute,14660,-1,21,4087,1,9.85289,0.09952,99.0,1,1,1,outputs/gate6/snapshots/exact_town12_route10_route0_09_04_14_40_59/f014660.npz
route10,VehicleTurningRoute_1,VehicleTurningRoute,14664,-1,21,4087,1,9.04617,0.10919,82.846,1,1,1,outputs/gate6/snapshots/exact_town12_route10_route0_09_04_14_40_59/f014664.npz
route10,VehicleTurningRoute_1,VehicleTurningRoute,14668,-1,21,4087,1,8.1936,0.10752,76.203,1,1,1,outputs/gate6/snapshots/exact_town12_route10_route0_09_04_14_40_59/f014668.npz
route10,VehicleTurningRoute_1,VehicleTurningRoute,14672,-1,21,4087,1,6.69215,0.12325,54.298,1,1,1,outputs/gate6/snapshots/exact_town12_route10_route0_09_04_14_40_59/f014672.npz
route10,VehicleTurningRoute_1,VehicleTurningRoute,14676,-1,21,4087,1,5.22286,0.15075,34.645,1,1,1,outputs/gate6/snapshots/exact_town12_route10_route0_09_04_14_40_59/f014676.npz
route10,VehicleTurningRoute_1,VehicleTurningRoute,14680,-1,21,4087,1,3.05501,0.17901,17.066,1,1,1,outputs/gate6/snapshots/exact_town12_route10_route0_09_04_14_40_59/f014680.npz
route10,VehicleTurningRoute_1,VehicleTurningRoute,14684,-1,21,4087,1,1.36178,0.13275,10.258,1,1,1,outputs/gate6/snapshots/exact_town12_route10_route0_09_04_14_40_59/f014684.npz
route10,VehicleTurningRoute_1,VehicleTurningRoute,14688,-1,21,4087,1,0.44814,0.02948,8.963,1,1,1,outputs/gate6/snapshots/exact_town12_route10_route0_09_04_14_40_59/f014688.npz
route10,VehicleTurningRoute_1,VehicleTurningRoute,14692,-1,20,4087,1,0.11737,0.0317,2.347,0,1,0,outputs/gate6/snapshots/exact_town12_route10_route0_09_04_14_40_59/f014692.npz
route10,ParkingCutIn_2,ParkingCutIn,13688,-1,33,4279,22,0.07345,0.06028,1.219,0,0,0,outputs/gate6/snapshots/exact_town12_route10_route0_09_04_14_40_59/f013688.npz
route10,ParkingCutIn_2,ParkingCutIn,13692,-1,34,4279,23,0.04638,0.03428,0.928,0,0,0,outputs/gate6/snapshots/exact_town12_route10_route0_09_04_14_40_59/f013692.npz
route10,ParkingCutIn_2,ParkingCutIn,13696,-1,27,4742,4,0.04501,0.04166,0.9,0,0,0,outputs/gate6/snapshots/exact_town12_route10_route0_09_04_14_40_59/f013696.npz
route10,ParkingCutIn_2,ParkingCutIn,13700,-1,28,4740,6,0.02831,0.02793,0.566,0,0,0,outputs/gate6/snapshots/exact_town12_route10_route0_09_04_14_40_59/f013700.npz
route10,ParkingCutIn_2,ParkingCutIn,13704,-1,28,4740,6,0.03272,0.02221,0.654,0,0,0,outputs/gate6/snapshots/exact_town12_route10_route0_09_04_14_40_59/f013704.npz
route10,ParkingCutIn_2,ParkingCutIn,13708,-1,28,4744,4,0.03186,0.01802,0.637,0,0,0,outputs/gate6/snapshots/exact_town12_route10_route0_09_04_14_40_59/f013708.npz
route10,ParkingCutIn_2,ParkingCutIn,13712,-1,28,4744,4,0.0274,0.01995,0.548,0,0,0,outputs/gate6/snapshots/exact_town12_route10_route0_09_04_14_40_59/f013712.npz
route10,ParkingCutIn_2,ParkingCutIn,13716,-1,27,4736,8,0.02152,0.01406,0.43,0,0,0,outputs/gate6/snapshots/exact_town12_route10_route0_09_04_14_40_59/f013716.npz
route10,ParkingCutIn_2,ParkingCutIn,13720,-1,27,4736,8,0.02143,0.01882,0.429,0,0,0,outputs/gate6/snapshots/exact_town12_route10_route0_09_04_14_40_59/f013720.npz
route10,ParkingCutIn_2,ParkingCutIn,13724,-1,28,4737,8,0.02639,0.02337,0.528,0,0,0,outputs/gate6/snapshots/exact_town12_route10_route0_09_04_14_40_59/f013724.npz
route10,ParkingCutIn_2,ParkingCutIn,13728,-1,29,4737,8,0.03136,0.01699,0.627,0,0,0,outputs/gate6/snapshots/exact_town12_route10_route0_09_04_14_40_59/f013728.npz
route10,ParkingCutIn_2,ParkingCutIn,13732,-1,29,4737,8,0.03919,0.01665,0.784,0,0,0,outputs/gate6/snapshots/exact_town12_route10_route0_09_04_14_40_59/f013732.npz
route10,ParkingCutIn_2,ParkingCutIn,13736,-1,29,4737,8,0.04814,0.01681,0.963,0,0,0,outputs/gate6/snapshots/exact_town12_route10_route0_09_04_14_40_59/f013736.npz
route10,ParkingCutIn_2,ParkingCutIn,13740,-1,29,4737,8,0.0599,0.01698,1.198,0,0,0,outputs/gate6/snapshots/exact_town12_route10_route0_09_04_14_40_59/f013740.npz
route10,ParkingCutIn_2,ParkingCutIn,13744,-1,29,4737,8,0.07693,0.01811,1.539,0,1,0,outputs/gate6/snapshots/exact_town12_route10_route0_09_04_14_40_59/f013744.npz
route10,ParkingCutIn_2,ParkingCutIn,13748,-1,30,4737,8,0.14706,0.04382,2.941,0,1,0,outputs/gate6/snapshots/exact_town12_route10_route0_09_04_14_40_59/f013748.npz
route10,ParkingCutIn_2,ParkingCutIn,13752,-1,30,4737,8,0.26225,0.13278,1.975,1,1,1,outputs/gate6/snapshots/exact_town12_route10_route0_09_04_14_40_59/f013752.npz
route10,ParkingCutIn_2,ParkingCutIn,13756,-1,30,4737,8,0.28648,0.26622,1.076,1,0,0,outputs/gate6/snapshots/exact_town12_route10_route0_09_04_14_40_59/f013756.npz
route10,ParkingCutIn_2,ParkingCutIn,13760,-1,33,4737,9,0.24603,0.04488,4.921,1,1,1,outputs/gate6/snapshots/exact_town12_route10_route0_09_04_14_40_59/f013760.npz
route10,ParkingCutIn_2,ParkingCutIn,13764,-1,33,4737,9,0.25551,0.06956,3.673,1,1,1,outputs/gate6/snapshots/exact_town12_route10_route0_09_04_14_40_59/f013764.npz
route10,ParkingCutIn_2,ParkingCutIn,13768,-1,33,4737,9,0.31036,0.10728,2.893,1,1,1,outputs/gate6/snapshots/exact_town12_route10_route0_09_04_14_40_59/f013768.npz
route10,ParkingCutIn_2,ParkingCutIn,13772,-1,34,4737,8,0.39953,0.16813,2.376,1,1,1,outputs/gate6/snapshots/exact_town12_route10_route0_09_04_14_40_59/f013772.npz
route10,ParkingCutIn_2,ParkingCutIn,13776,-1,34,4737,8,0.45177,0.21221,2.129,1,1,1,outputs/gate6/snapshots/exact_town12_route10_route0_09_04_14_40_59/f013776.npz
route10,ParkingCutIn_2,ParkingCutIn,13780,-1,34,4737,8,0.41478,0.19118,2.17,1,1,1,outputs/gate6/snapshots/exact_town12_route10_route0_09_04_14_40_59/f013780.npz
route10,ParkingCutIn_2,ParkingCutIn,13784,-1,35,4737,8,0.18588,0.08752,2.124,0,1,0,outputs/gate6/snapshots/exact_town12_route10_route0_09_04_14_40_59/f013784.npz
route10,ParkingCutIn_2,ParkingCutIn,13788,-1,36,4737,9,0.15403,0.13985,1.101,0,0,0,outputs/gate6/snapshots/exact_town12_route10_route0_09_04_14_40_59/f013788.npz
route10,ParkingCutIn_2,ParkingCutIn,13792,-1,36,4736,10,0.20356,0.17593,1.157,1,0,0,outputs/gate6/snapshots/exact_town12_route10_route0_09_04_14_40_59/f013792.npz
route10,ParkingCutIn_2,ParkingCutIn,13796,-1,37,4736,10,0.37642,0.28112,1.339,1,0,0,outputs/gate6/snapshots/exact_town12_route10_route0_09_04_14_40_59/f013796.npz
route10,ParkingCutIn_2,ParkingCutIn,13800,-1,36,4736,9,0.50467,0.37681,1.339,1,0,0,outputs/gate6/snapshots/exact_town12_route10_route0_09_04_14_40_59/f013800.npz
route10,ParkingCutIn_2,ParkingCutIn,13804,-1,36,4736,9,0.6989,0.43378,1.611,1,1,1,outputs/gate6/snapshots/exact_town12_route10_route0_09_04_14_40_59/f013804.npz
route10,ParkingCutIn_2,ParkingCutIn,13808,-1,39,4736,10,0.85946,0.36178,2.376,1,1,1,outputs/gate6/snapshots/exact_town12_route10_route0_09_04_14_40_59/f013808.npz
route10,ParkingCutIn_2,ParkingCutIn,13812,-1,38,4736,10,0.80572,0.38955,2.068,1,1,1,outputs/gate6/snapshots/exact_town12_route10_route0_09_04_14_40_59/f013812.npz
route10,ParkingCutIn_2,ParkingCutIn,13816,-1,38,4736,10,0.68285,0.37609,1.816,1,1,1,outputs/gate6/snapshots/exact_town12_route10_route0_09_04_14_40_59/f013816.npz
route10,ParkingCutIn_2,ParkingCutIn,13820,-1,38,4736,9,0.55918,0.30793,1.816,1,1,1,outputs/gate6/snapshots/exact_town12_route10_route0_09_04_14_40_59/f013820.npz
route10,ParkingCutIn_2,ParkingCutIn,13824,-1,37,4736,9,0.55691,0.27126,2.053,1,1,1,outputs/gate6/snapshots/exact_town12_route10_route0_09_04_14_40_59/f013824.npz
route10,ParkingCutIn_2,ParkingCutIn,13828,-1,37,4737,8,0.30703,0.18331,1.675,1,1,1,outputs/gate6/snapshots/exact_town12_route10_route0_09_04_14_40_59/f013828.npz
route10,ParkingCutIn_2,ParkingCutIn,13832,-1,39,4737,8,0.29421,0.26505,1.11,1,0,0,outputs/gate6/snapshots/exact_town12_route10_route0_09_04_14_40_59/f013832.npz
route10,ParkingCutIn_2,ParkingCutIn,13836,-1,39,4175,1,0.82233,0.2369,3.471,1,1,1,outputs/gate6/snapshots/exact_town12_route10_route0_09_04_14_40_59/f013836.npz
route10,ParkingCutIn_2,ParkingCutIn,13840,-1,40,4175,1,1.64645,0.30725,5.359,1,1,1,outputs/gate6/snapshots/exact_town12_route10_route0_09_04_14_40_59/f013840.npz
route10,ParkingCutIn_2,ParkingCutIn,13844,-1,40,4175,1,2.1244,0.64323,3.303,1,1,1,outputs/gate6/snapshots/exact_town12_route10_route0_09_04_14_40_59/f013844.npz
route10,ParkingCutIn_2,ParkingCutIn,13848,-1,38,4175,1,2.11747,0.72794,2.909,1,1,1,outputs/gate6/snapshots/exact_town12_route10_route0_09_04_14_40_59/f013848.npz
route10,ParkingCutIn_2,ParkingCutIn,13852,-1,38,4175,1,1.89866,0.83127,2.284,1,1,1,outputs/gate6/snapshots/exact_town12_route10_route0_09_04_14_40_59/f013852.npz
route10,ParkingCutIn_2,ParkingCutIn,13856,-1,40,4175,1,1.90466,0.86922,2.191,1,1,1,outputs/gate6/snapshots/exact_town12_route10_route0_09_04_14_40_59/f013856.npz
route10,ParkingCutIn_2,ParkingCutIn,13860,-1,39,4175,1,1.92136,1.04297,1.842,1,1,1,outputs/gate6/snapshots/exact_town12_route10_route0_09_04_14_40_59/f013860.npz
route10,ParkingCutIn_2,ParkingCutIn,13864,-1,37,4175,1,2.11369,0.84242,2.509,1,1,1,outputs/gate6/snapshots/exact_town12_route10_route0_09_04_14_40_59/f013864.npz
route10,ParkingCutIn_2,ParkingCutIn,13868,-1,38,4175,1,2.14292,0.72804,2.943,1,1,1,outputs/gate6/snapshots/exact_town12_route10_route0_09_04_14_40_59/f013868.npz
route10,ParkingCutIn_2,ParkingCutIn,13872,-1,39,4175,1,1.94944,1.40083,1.392,1,0,0,outputs/gate6/snapshots/exact_town12_route10_route0_09_04_14_40_59/f013872.npz
route10,ParkingCutIn_2,ParkingCutIn,13876,-1,39,4175,1,2.14674,1.42314,1.508,1,1,1,outputs/gate6/snapshots/exact_town12_route10_route0_09_04_14_40_59/f013876.npz
route10,ParkingCutIn_2,ParkingCutIn,13880,-1,39,4175,1,1.89456,1.68965,1.121,1,0,0,outputs/gate6/snapshots/exact_town12_route10_route0_09_04_14_40_59/f013880.npz
route10,ParkingCutIn_2,ParkingCutIn,13884,-1,39,4749,7,1.88123,1.86439,1.009,1,0,0,outputs/gate6/snapshots/exact_town12_route10_route0_09_04_14_40_59/f013884.npz
route10,ParkingCutIn_2,ParkingCutIn,13888,-1,39,4749,7,2.64128,1.46547,1.802,1,1,1,outputs/gate6/snapshots/exact_town12_route10_route0_09_04_14_40_59/f013888.npz
route10,ParkingCutIn_2,ParkingCutIn,13892,-1,38,4175,1,3.81841,1.34817,2.832,1,1,1,outputs/gate6/snapshots/exact_town12_route10_route0_09_04_14_40_59/f013892.npz
route10,ParkingCutIn_2,ParkingCutIn,13896,-1,38,4175,1,4.88529,2.23281,2.188,1,1,1,outputs/gate6/snapshots/exact_town12_route10_route0_09_04_14_40_59/f013896.npz
route10,ParkingCutIn_2,ParkingCutIn,13900,-1,38,4175,1,6.011,3.54412,1.696,1,1,1,outputs/gate6/snapshots/exact_town12_route10_route0_09_04_14_40_59/f013900.npz
route10,ParkingCutIn_2,ParkingCutIn,13904,-1,38,4175,1,6.77415,2.42516,2.793,1,1,1,outputs/gate6/snapshots/exact_town12_route10_route0_09_04_14_40_59/f013904.npz
route10,ParkingCutIn_2,ParkingCutIn,13908,-1,38,4175,1,6.54477,2.28686,2.862,1,1,1,outputs/gate6/snapshots/exact_town12_route10_route0_09_04_14_40_59/f013908.npz
route10,ParkingCutIn_2,ParkingCutIn,13912,-1,38,4175,1,7.45957,1.97171,3.783,1,1,1,outputs/gate6/snapshots/exact_town12_route10_route0_09_04_14_40_59/f013912.npz
route10,ParkingCutIn_2,ParkingCutIn,13916,-1,38,4175,1,7.80641,2.1084,3.703,1,1,1,outputs/gate6/snapshots/exact_town12_route10_route0_09_04_14_40_59/f013916.npz
route10,ParkingCutIn_2,ParkingCutIn,13920,-1,39,4175,1,7.20163,2.67248,2.695,1,1,1,outputs/gate6/snapshots/exact_town12_route10_route0_09_04_14_40_59/f013920.npz
route10,ParkingCutIn_2,ParkingCutIn,13924,-1,39,4753,4,4.27747,3.72693,1.148,1,0,0,outputs/gate6/snapshots/exact_town12_route10_route0_09_04_14_40_59/f013924.npz
route10,ParkingCutIn_2,ParkingCutIn,13928,-1,39,4752,5,5.56078,3.32891,1.67,1,1,1,outputs/gate6/snapshots/exact_town12_route10_route0_09_04_14_40_59/f013928.npz
route10,ParkingCutIn_2,ParkingCutIn,13932,-1,38,4753,4,6.35949,5.26637,1.208,1,0,0,outputs/gate6/snapshots/exact_town12_route10_route0_09_04_14_40_59/f013932.npz
route10,ParkingCutIn_2,ParkingCutIn,13936,-1,36,4753,4,7.99573,6.72082,1.19,1,0,0,outputs/gate6/snapshots/exact_town12_route10_route0_09_04_14_40_59/f013936.npz
route10,ParkingCutIn_2,ParkingCutIn,13940,-1,36,4753,4,7.69174,6.60132,1.165,1,0,0,outputs/gate6/snapshots/exact_town12_route10_route0_09_04_14_40_59/f013940.npz
route10,ParkingCutIn_2,ParkingCutIn,13944,-1,36,4753,4,8.41235,6.61201,1.272,1,0,0,outputs/gate6/snapshots/exact_town12_route10_route0_09_04_14_40_59/f013944.npz
route10,ParkingCutIn_2,ParkingCutIn,13948,-1,36,4753,4,7.83423,6.94325,1.128,1,0,0,outputs/gate6/snapshots/exact_town12_route10_route0_09_04_14_40_59/f013948.npz
route10,ParkingCutIn_2,ParkingCutIn,13952,-1,36,4175,1,8.90408,3.54614,2.511,1,1,1,outputs/gate6/snapshots/exact_town12_route10_route0_09_04_14_40_59/f013952.npz
route10,ParkingCutIn_2,ParkingCutIn,13956,-1,36,4175,1,9.67206,0.78431,12.332,1,1,1,outputs/gate6/snapshots/exact_town12_route10_route0_09_04_14_40_59/f013956.npz
route10,ParkingCutIn_2,ParkingCutIn,13960,-1,36,4175,1,8.0989,0.68505,11.822,1,1,1,outputs/gate6/snapshots/exact_town12_route10_route0_09_04_14_40_59/f013960.npz
route10,ParkingCutIn_2,ParkingCutIn,13964,-1,36,4175,1,7.65081,0.87917,8.702,1,1,1,outputs/gate6/snapshots/exact_town12_route10_route0_09_04_14_40_59/f013964.npz
route10,ParkingCutIn_2,ParkingCutIn,13968,-1,36,4175,1,5.72915,1.04061,5.506,1,1,1,outputs/gate6/snapshots/exact_town12_route10_route0_09_04_14_40_59/f013968.npz
route10,ParkingCutIn_2,ParkingCutIn,13972,-1,36,4175,1,3.48361,1.01273,3.44,1,1,1,outputs/gate6/snapshots/exact_town12_route10_route0_09_04_14_40_59/f013972.npz
route10,ParkingCutIn_2,ParkingCutIn,13976,-1,36,4175,1,0.89333,0.79237,1.127,1,0,0,outputs/gate6/snapshots/exact_town12_route10_route0_09_04_14_40_59/f013976.npz
route10,ParkingCutIn_2,ParkingCutIn,13980,-1,36,4175,1,1.37806,0.37767,3.649,1,1,1,outputs/gate6/snapshots/exact_town12_route10_route0_09_04_14_40_59/f013980.npz
route10,ParkingCutIn_2,ParkingCutIn,13984,-1,38,4175,1,2.43023,0.13136,18.501,1,1,1,outputs/gate6/snapshots/exact_town12_route10_route0_09_04_14_40_59/f013984.npz
route10,ParkingCutIn_2,ParkingCutIn,13988,-1,38,4175,1,3.81766,0.10861,35.15,1,1,1,outputs/gate6/snapshots/exact_town12_route10_route0_09_04_14_40_59/f013988.npz
route10,ParkingCutIn_2,ParkingCutIn,13992,-1,38,4175,1,4.37563,0.12047,36.32,1,1,1,outputs/gate6/snapshots/exact_town12_route10_route0_09_04_14_40_59/f013992.npz
route10,ParkingCutIn_2,ParkingCutIn,13996,-1,38,4175,1,5.57299,0.07202,77.383,1,1,1,outputs/gate6/snapshots/exact_town12_route10_route0_09_04_14_40_59/f013996.npz
route10,ParkingCutIn_2,ParkingCutIn,14000,-1,38,4175,1,5.61658,0.12649,44.404,1,1,1,outputs/gate6/snapshots/exact_town12_route10_route0_09_04_14_40_59/f014000.npz
route10,ParkingCutIn_2,ParkingCutIn,14004,-1,39,4175,1,5.21185,0.16718,31.175,1,1,1,outputs/gate6/snapshots/exact_town12_route10_route0_09_04_14_40_59/f014004.npz
route10,ParkingCutIn_2,ParkingCutIn,14008,-1,40,4175,1,4.74537,0.1892,25.081,1,1,1,outputs/gate6/snapshots/exact_town12_route10_route0_09_04_14_40_59/f014008.npz
route10,ParkingCutIn_2,ParkingCutIn,14012,-1,40,4175,1,4.0263,0.12483,32.255,1,1,1,outputs/gate6/snapshots/exact_town12_route10_route0_09_04_14_40_59/f014012.npz
route10,ParkingCutIn_2,ParkingCutIn,14016,-1,39,4175,1,3.8887,0.50956,7.631,1,1,1,outputs/gate6/snapshots/exact_town12_route10_route0_09_04_14_40_59/f014016.npz
route10,ParkingCutIn_2,ParkingCutIn,14020,-1,37,4175,1,3.97906,0.54251,7.335,1,1,1,outputs/gate6/snapshots/exact_town12_route10_route0_09_04_14_40_59/f014020.npz
route10,ParkingCutIn_2,ParkingCutIn,14024,-1,37,4175,1,4.399,0.63172,6.964,1,1,1,outputs/gate6/snapshots/exact_town12_route10_route0_09_04_14_40_59/f014024.npz
route10,ParkingCutIn_2,ParkingCutIn,14028,-1,38,4175,1,4.82576,0.44411,10.866,1,1,1,outputs/gate6/snapshots/exact_town12_route10_route0_09_04_14_40_59/f014028.npz
route10,ParkingCutIn_2,ParkingCutIn,14032,-1,38,4175,1,4.5258,0.36187,12.507,1,1,1,outputs/gate6/snapshots/exact_town12_route10_route0_09_04_14_40_59/f014032.npz
route10,ParkingCutIn_2,ParkingCutIn,14036,-1,38,4175,1,3.64143,0.30586,11.906,1,1,1,outputs/gate6/snapshots/exact_town12_route10_route0_09_04_14_40_59/f014036.npz
route10,ParkingCutIn_2,ParkingCutIn,14040,-1,37,4175,1,2.61521,0.22134,11.815,1,1,1,outputs/gate6/snapshots/exact_town12_route10_route0_09_04_14_40_59/f014040.npz
route10,ParkingCutIn_2,ParkingCutIn,14044,-1,36,4175,1,1.64153,0.15343,10.699,1,1,1,outputs/gate6/snapshots/exact_town12_route10_route0_09_04_14_40_59/f014044.npz
route10,ParkingCutIn_2,ParkingCutIn,14048,-1,36,4175,1,2.15235,0.20031,10.745,1,1,1,outputs/gate6/snapshots/exact_town12_route10_route0_09_04_14_40_59/f014048.npz
route10,ParkingCutIn_2,ParkingCutIn,14052,-1,36,4175,1,3.41484,0.17959,19.015,1,1,1,outputs/gate6/snapshots/exact_town12_route10_route0_09_04_14_40_59/f014052.npz
route10,ParkingCutIn_2,ParkingCutIn,14056,-1,36,4175,1,3.88338,0.15693,24.746,1,1,1,outputs/gate6/snapshots/exact_town12_route10_route0_09_04_14_40_59/f014056.npz
route10,ParkingCutIn_2,ParkingCutIn,14060,-1,36,4175,1,3.63285,0.18237,19.92,1,1,1,outputs/gate6/snapshots/exact_town12_route10_route0_09_04_14_40_59/f014060.npz
route10,ParkingCutIn_2,ParkingCutIn,14064,-1,36,4175,1,3.41766,0.20333,16.809,1,1,1,outputs/gate6/snapshots/exact_town12_route10_route0_09_04_14_40_59/f014064.npz
route10,ParkingCutIn_2,ParkingCutIn,14068,-1,36,4175,1,3.20475,0.21135,15.163,1,1,1,outputs/gate6/snapshots/exact_town12_route10_route0_09_04_14_40_59/f014068.npz
route10,ParkingCutIn_2,ParkingCutIn,14072,-1,36,4175,1,2.69818,0.18419,14.649,1,1,1,outputs/gate6/snapshots/exact_town12_route10_route0_09_04_14_40_59/f014072.npz
route10,ParkingCutIn_2,ParkingCutIn,14076,-1,36,4175,1,2.35149,0.18381,12.793,1,1,1,outputs/gate6/snapshots/exact_town12_route10_route0_09_04_14_40_59/f014076.npz
route10,ParkingCutIn_2,ParkingCutIn,14080,-1,35,4175,1,3.99654,0.62215,6.424,1,1,1,outputs/gate6/snapshots/exact_town12_route10_route0_09_04_14_40_59/f014080.npz
route10,HardBreakRoute_1,HardBreakRoute,1980,-1,37,4099,5,2.22583,0.57464,3.873,1,1,1,outputs/gate6/snapshots/exact_town12_route10_route0_09_04_14_40_59/f001980.npz
route10,HardBreakRoute_1,HardBreakRoute,1984,-1,36,4099,5,2.4974,0.2172,11.498,1,1,1,outputs/gate6/snapshots/exact_town12_route10_route0_09_04_14_40_59/f001984.npz
route10,HardBreakRoute_1,HardBreakRoute,1988,-1,34,4143,3,0.04502,0.04416,0.9,0,0,0,outputs/gate6/snapshots/exact_town12_route10_route0_09_04_14_40_59/f001988.npz
route10,HardBreakRoute_1,HardBreakRoute,1992,-1,34,4143,3,0.05382,0.05233,1.028,0,0,0,outputs/gate6/snapshots/exact_town12_route10_route0_09_04_14_40_59/f001992.npz
route10,HardBreakRoute_1,HardBreakRoute,1996,-1,36,4143,4,0.0335,0.03101,0.67,0,0,0,outputs/gate6/snapshots/exact_town12_route10_route0_09_04_14_40_59/f001996.npz
route10,HardBreakRoute_1,HardBreakRoute,2000,-1,35,4149,6,0.03563,0.02824,0.713,0,0,0,outputs/gate6/snapshots/exact_town12_route10_route0_09_04_14_40_59/f002000.npz
route10,HardBreakRoute_1,HardBreakRoute,2004,-1,34,4149,5,0.02036,0.01556,0.407,0,0,0,outputs/gate6/snapshots/exact_town12_route10_route0_09_04_14_40_59/f002004.npz
route10,HardBreakRoute_1,HardBreakRoute,2008,-1,33,4149,4,0.0228,0.02067,0.456,0,0,0,outputs/gate6/snapshots/exact_town12_route10_route0_09_04_14_40_59/f002008.npz
route10,HardBreakRoute_1,HardBreakRoute,2012,-1,33,3873,19,0.02884,0.02006,0.577,0,0,0,outputs/gate6/snapshots/exact_town12_route10_route0_09_04_14_40_59/f002012.npz
route10,HardBreakRoute_1,HardBreakRoute,2016,-1,35,4186,1,0.11259,0.03478,2.252,0,1,0,outputs/gate6/snapshots/exact_town12_route10_route0_09_04_14_40_59/f002016.npz
route10,HardBreakRoute_1,HardBreakRoute,2020,-1,34,4186,1,0.07731,0.05458,1.417,0,0,0,outputs/gate6/snapshots/exact_town12_route10_route0_09_04_14_40_59/f002020.npz
route10,HardBreakRoute_1,HardBreakRoute,2024,-1,34,4186,1,0.10482,0.06625,1.582,0,1,0,outputs/gate6/snapshots/exact_town12_route10_route0_09_04_14_40_59/f002024.npz
route10,HardBreakRoute_1,HardBreakRoute,2028,-1,35,4180,2,0.18107,0.13297,1.362,0,0,0,outputs/gate6/snapshots/exact_town12_route10_route0_09_04_14_40_59/f002028.npz
route10,HardBreakRoute_1,HardBreakRoute,2032,-1,34,4180,2,0.85253,0.10707,7.962,1,1,1,outputs/gate6/snapshots/exact_town12_route10_route0_09_04_14_40_59/f002032.npz
route10,HardBreakRoute_1,HardBreakRoute,2036,-1,33,4180,2,1.54279,0.15099,10.218,1,1,1,outputs/gate6/snapshots/exact_town12_route10_route0_09_04_14_40_59/f002036.npz
route10,HardBreakRoute_1,HardBreakRoute,2040,-1,33,4180,2,1.86637,0.16299,11.451,1,1,1,outputs/gate6/snapshots/exact_town12_route10_route0_09_04_14_40_59/f002040.npz
route10,HardBreakRoute_1,HardBreakRoute,2044,-1,33,4180,2,2.18695,0.17829,12.266,1,1,1,outputs/gate6/snapshots/exact_town12_route10_route0_09_04_14_40_59/f002044.npz
route10,HardBreakRoute_1,HardBreakRoute,2048,-1,35,4180,2,2.46837,0.09908,24.913,1,1,1,outputs/gate6/snapshots/exact_town12_route10_route0_09_04_14_40_59/f002048.npz
route10,HardBreakRoute_1,HardBreakRoute,2052,-1,35,4180,2,2.66176,0.08993,29.6,1,1,1,outputs/gate6/snapshots/exact_town12_route10_route0_09_04_14_40_59/f002052.npz
route10,HardBreakRoute_1,HardBreakRoute,2056,-1,35,4180,2,2.93712,0.11486,25.572,1,1,1,outputs/gate6/snapshots/exact_town12_route10_route0_09_04_14_40_59/f002056.npz
route10,HardBreakRoute_1,HardBreakRoute,2060,-1,35,4180,2,3.31211,0.18909,17.516,1,1,1,outputs/gate6/snapshots/exact_town12_route10_route0_09_04_14_40_59/f002060.npz
route10,HardBreakRoute_1,HardBreakRoute,2064,-1,35,4180,2,2.53853,0.23555,10.777,1,1,1,outputs/gate6/snapshots/exact_town12_route10_route0_09_04_14_40_59/f002064.npz
route10,HardBreakRoute_1,HardBreakRoute,2068,-1,34,4180,2,1.79202,0.33011,5.428,1,1,1,outputs/gate6/snapshots/exact_town12_route10_route0_09_04_14_40_59/f002068.npz
route10,HardBreakRoute_1,HardBreakRoute,2072,-1,35,4180,3,1.8319,0.50488,3.628,1,1,1,outputs/gate6/snapshots/exact_town12_route10_route0_09_04_14_40_59/f002072.npz
route10,HardBreakRoute_1,HardBreakRoute,2076,-1,35,4180,3,1.78213,0.64774,2.751,1,1,1,outputs/gate6/snapshots/exact_town12_route10_route0_09_04_14_40_59/f002076.npz
route10,HardBreakRoute_1,HardBreakRoute,2080,-1,36,4180,3,1.07817,0.74924,1.439,1,0,0,outputs/gate6/snapshots/exact_town12_route10_route0_09_04_14_40_59/f002080.npz
route10,HardBreakRoute_1,HardBreakRoute,2084,-1,37,4180,3,0.95917,0.81484,1.177,1,0,0,outputs/gate6/snapshots/exact_town12_route10_route0_09_04_14_40_59/f002084.npz
route10,HardBreakRoute_1,HardBreakRoute,2088,-1,38,4180,3,0.74418,0.50009,1.488,1,0,0,outputs/gate6/snapshots/exact_town12_route10_route0_09_04_14_40_59/f002088.npz
route10,HardBreakRoute_1,HardBreakRoute,2092,-1,36,4180,3,0.72232,0.23961,3.015,1,1,1,outputs/gate6/snapshots/exact_town12_route10_route0_09_04_14_40_59/f002092.npz
route10,HardBreakRoute_1,HardBreakRoute,2096,-1,36,4180,3,0.92939,0.21569,4.309,1,1,1,outputs/gate6/snapshots/exact_town12_route10_route0_09_04_14_40_59/f002096.npz
route10,HardBreakRoute_1,HardBreakRoute,2100,-1,35,4180,3,0.6907,0.67903,1.017,1,0,0,outputs/gate6/snapshots/exact_town12_route10_route0_09_04_14_40_59/f002100.npz
route10,HardBreakRoute_1,HardBreakRoute,2104,-1,33,4149,6,0.81447,0.26217,3.107,1,1,1,outputs/gate6/snapshots/exact_town12_route10_route0_09_04_14_40_59/f002104.npz
route10,HardBreakRoute_1,HardBreakRoute,2108,-1,33,4149,6,0.4961,0.1328,3.736,1,1,1,outputs/gate6/snapshots/exact_town12_route10_route0_09_04_14_40_59/f002108.npz
route10,HardBreakRoute_1,HardBreakRoute,2112,-1,34,4149,6,0.47497,0.14854,3.198,1,1,1,outputs/gate6/snapshots/exact_town12_route10_route0_09_04_14_40_59/f002112.npz
route10,HardBreakRoute_1,HardBreakRoute,2116,-1,33,4149,6,0.29793,0.07589,3.926,1,1,1,outputs/gate6/snapshots/exact_town12_route10_route0_09_04_14_40_59/f002116.npz
route10,HardBreakRoute_1,HardBreakRoute,2120,-1,31,4203,5,0.11139,0.07233,1.54,0,1,0,outputs/gate6/snapshots/exact_town12_route10_route0_09_04_14_40_59/f002120.npz
route10,HardBreakRoute_1,HardBreakRoute,2124,-1,26,4180,3,0.10837,0.0556,1.949,0,1,0,outputs/gate6/snapshots/exact_town12_route10_route0_09_04_14_40_59/f002124.npz
route10,HardBreakRoute_1,HardBreakRoute,2128,-1,24,4180,3,0.12215,0.03429,2.443,0,1,0,outputs/gate6/snapshots/exact_town12_route10_route0_09_04_14_40_59/f002128.npz
route10,HardBreakRoute_1,HardBreakRoute,2132,-1,22,4180,3,0.11268,0.01873,2.254,0,1,0,outputs/gate6/snapshots/exact_town12_route10_route0_09_04_14_40_59/f002132.npz
route10,HardBreakRoute_1,HardBreakRoute,2136,-1,22,4180,3,0.09367,0.02929,1.873,0,1,0,outputs/gate6/snapshots/exact_town12_route10_route0_09_04_14_40_59/f002136.npz
route10,HardBreakRoute_1,HardBreakRoute,2140,-1,23,4180,4,0.08768,0.04445,1.754,0,1,0,outputs/gate6/snapshots/exact_town12_route10_route0_09_04_14_40_59/f002140.npz
route10,HardBreakRoute_1,HardBreakRoute,2144,-1,24,4180,4,0.08908,0.06918,1.288,0,0,0,outputs/gate6/snapshots/exact_town12_route10_route0_09_04_14_40_59/f002144.npz
route10,HardBreakRoute_1,HardBreakRoute,2148,-1,23,4185,3,0.07511,0.06508,1.154,0,0,0,outputs/gate6/snapshots/exact_town12_route10_route0_09_04_14_40_59/f002148.npz
route10,HardBreakRoute_1,HardBreakRoute,2152,-1,18,4185,1,0.08162,0.0177,1.632,0,1,0,outputs/gate6/snapshots/exact_town12_route10_route0_09_04_14_40_59/f002152.npz
route10,HardBreakRoute_1,HardBreakRoute,2156,-1,18,4185,1,0.08185,0.02132,1.637,0,1,0,outputs/gate6/snapshots/exact_town12_route10_route0_09_04_14_40_59/f002156.npz
route10,HardBreakRoute_1,HardBreakRoute,2160,-1,19,4185,1,0.03693,0.02241,0.739,0,0,0,outputs/gate6/snapshots/exact_town12_route10_route0_09_04_14_40_59/f002160.npz
route10,HardBreakRoute_1,HardBreakRoute,2164,-1,20,4185,2,0.02275,0.0215,0.455,0,0,0,outputs/gate6/snapshots/exact_town12_route10_route0_09_04_14_40_59/f002164.npz
route10,HardBreakRoute_1,HardBreakRoute,2168,-1,18,4185,2,0.01095,0.00606,0.219,0,0,0,outputs/gate6/snapshots/exact_town12_route10_route0_09_04_14_40_59/f002168.npz
route10,HardBreakRoute_1,HardBreakRoute,2172,-1,19,4185,2,0.01203,0.00836,0.241,0,0,0,outputs/gate6/snapshots/exact_town12_route10_route0_09_04_14_40_59/f002172.npz
route10,HardBreakRoute_1,HardBreakRoute,2176,-1,19,4185,2,0.02478,0.00783,0.496,0,0,0,outputs/gate6/snapshots/exact_town12_route10_route0_09_04_14_40_59/f002176.npz
route10,HardBreakRoute_1,HardBreakRoute,2180,-1,19,4185,3,0.03806,0.02187,0.761,0,0,0,outputs/gate6/snapshots/exact_town12_route10_route0_09_04_14_40_59/f002180.npz
route10,HardBreakRoute_1,HardBreakRoute,2184,-1,17,4185,3,0.05286,0.01374,1.057,0,0,0,outputs/gate6/snapshots/exact_town12_route10_route0_09_04_14_40_59/f002184.npz
route10,HardBreakRoute_1,HardBreakRoute,2188,-1,17,4185,3,0.06751,0.01305,1.35,0,0,0,outputs/gate6/snapshots/exact_town12_route10_route0_09_04_14_40_59/f002188.npz
route10,HardBreakRoute_1,HardBreakRoute,2192,-1,17,4185,3,0.08139,0.01373,1.628,0,1,0,outputs/gate6/snapshots/exact_town12_route10_route0_09_04_14_40_59/f002192.npz
route10,HardBreakRoute_1,HardBreakRoute,2196,-1,15,4245,1,0.01782,0.01129,0.356,0,0,0,outputs/gate6/snapshots/exact_town12_route10_route0_09_04_14_40_59/f002196.npz
route10,HardBreakRoute_1,HardBreakRoute,2200,-1,13,4245,1,0.02325,0.01297,0.465,0,0,0,outputs/gate6/snapshots/exact_town12_route10_route0_09_04_14_40_59/f002200.npz
route10,HardBreakRoute_1,HardBreakRoute,2204,-1,13,4245,1,0.02809,0.01545,0.562,0,0,0,outputs/gate6/snapshots/exact_town12_route10_route0_09_04_14_40_59/f002204.npz
route10,HardBreakRoute_1,HardBreakRoute,2208,-1,13,4245,1,0.03307,0.01435,0.661,0,0,0,outputs/gate6/snapshots/exact_town12_route10_route0_09_04_14_40_59/f002208.npz
route10,HardBreakRoute_1,HardBreakRoute,2212,-1,11,4245,1,0.02777,0.01357,0.555,0,0,0,outputs/gate6/snapshots/exact_town12_route10_route0_09_04_14_40_59/f002212.npz
route10,HardBreakRoute_1,HardBreakRoute,2216,-1,10,4245,1,0.02291,0.02106,0.458,0,0,0,outputs/gate6/snapshots/exact_town12_route10_route0_09_04_14_40_59/f002216.npz
route10,HardBreakRoute_1,HardBreakRoute,2220,-1,11,4231,3,0.03194,0.02563,0.639,0,0,0,outputs/gate6/snapshots/exact_town12_route10_route0_09_04_14_40_59/f002220.npz
route10,HardBreakRoute_1,HardBreakRoute,2224,-1,10,3726,7,0.04351,0.03087,0.87,0,0,0,outputs/gate6/snapshots/exact_town12_route10_route0_09_04_14_40_59/f002224.npz
route10,HardBreakRoute_1,HardBreakRoute,2228,-1,8,3726,7,0.06161,0.02814,1.232,0,0,0,outputs/gate6/snapshots/exact_town12_route10_route0_09_04_14_40_59/f002228.npz
route10,HardBreakRoute_1,HardBreakRoute,2232,-1,7,3726,7,0.07524,0.02742,1.505,0,1,0,outputs/gate6/snapshots/exact_town12_route10_route0_09_04_14_40_59/f002232.npz
route10,HardBreakRoute_1,HardBreakRoute,2236,-1,7,3726,7,0.08391,0.03485,1.678,0,1,0,outputs/gate6/snapshots/exact_town12_route10_route0_09_04_14_40_59/f002236.npz
route10,HardBreakRoute_1,HardBreakRoute,2240,-1,7,3726,7,0.09458,0.04211,1.892,0,1,0,outputs/gate6/snapshots/exact_town12_route10_route0_09_04_14_40_59/f002240.npz
route10,HardBreakRoute_1,HardBreakRoute,2244,-1,7,3726,7,0.11091,0.04671,2.218,0,1,0,outputs/gate6/snapshots/exact_town12_route10_route0_09_04_14_40_59/f002244.npz
route10,HardBreakRoute_1,HardBreakRoute,2248,-1,7,3726,7,0.12666,0.0524,2.417,0,1,0,outputs/gate6/snapshots/exact_town12_route10_route0_09_04_14_40_59/f002248.npz
route10,HardBreakRoute_1,HardBreakRoute,2252,-1,7,3726,7,0.14516,0.05294,2.742,0,1,0,outputs/gate6/snapshots/exact_town12_route10_route0_09_04_14_40_59/f002252.npz
route10,HardBreakRoute_1,HardBreakRoute,2256,-1,7,3726,7,0.1658,0.05695,2.911,0,1,0,outputs/gate6/snapshots/exact_town12_route10_route0_09_04_14_40_59/f002256.npz
route10,HardBreakRoute_1,HardBreakRoute,2260,-1,7,3726,7,0.20691,0.06312,3.278,1,1,1,outputs/gate6/snapshots/exact_town12_route10_route0_09_04_14_40_59/f002260.npz
route10,HardBreakRoute_1,HardBreakRoute,2264,-1,7,3726,7,0.25232,0.07254,3.479,1,1,1,outputs/gate6/snapshots/exact_town12_route10_route0_09_04_14_40_59/f002264.npz
route10,HardBreakRoute_1,HardBreakRoute,2268,-1,8,3726,8,0.2946,0.07302,4.034,1,1,1,outputs/gate6/snapshots/exact_town12_route10_route0_09_04_14_40_59/f002268.npz
route10,HardBreakRoute_1,HardBreakRoute,2272,-1,8,3726,8,0.37485,0.07755,4.834,1,1,1,outputs/gate6/snapshots/exact_town12_route10_route0_09_04_14_40_59/f002272.npz
route10,HardBreakRoute_1,HardBreakRoute,2276,-1,8,3726,8,0.50133,0.07774,6.449,1,1,1,outputs/gate6/snapshots/exact_town12_route10_route0_09_04_14_40_59/f002276.npz
route10,HardBreakRoute_1,HardBreakRoute,2280,-1,8,3726,8,0.67185,0.09628,6.978,1,1,1,outputs/gate6/snapshots/exact_town12_route10_route0_09_04_14_40_59/f002280.npz
route10,HardBreakRoute_1,HardBreakRoute,2284,-1,8,3726,8,0.93881,0.16424,5.716,1,1,1,outputs/gate6/snapshots/exact_town12_route10_route0_09_04_14_40_59/f002284.npz
route10,HardBreakRoute_1,HardBreakRoute,2288,-1,8,3726,8,1.32288,0.22217,5.954,1,1,1,outputs/gate6/snapshots/exact_town12_route10_route0_09_04_14_40_59/f002288.npz
route10,HardBreakRoute_1,HardBreakRoute,2292,-1,8,3726,8,1.70698,0.2494,6.844,1,1,1,outputs/gate6/snapshots/exact_town12_route10_route0_09_04_14_40_59/f002292.npz
route10,HardBreakRoute_1,HardBreakRoute,2296,-1,8,3726,8,2.25422,0.14588,15.453,1,1,1,outputs/gate6/snapshots/exact_town12_route10_route0_09_04_14_40_59/f002296.npz
route10,HardBreakRoute_1,HardBreakRoute,2300,-1,8,3726,8,2.91242,0.22503,12.943,1,1,1,outputs/gate6/snapshots/exact_town12_route10_route0_09_04_14_40_59/f002300.npz
route10,HardBreakRoute_1,HardBreakRoute,2304,-1,8,3726,8,3.58837,0.32091,11.182,1,1,1,outputs/gate6/snapshots/exact_town12_route10_route0_09_04_14_40_59/f002304.npz
route10,HardBreakRoute_1,HardBreakRoute,2308,-1,8,3726,8,3.84411,0.23643,16.259,1,1,1,outputs/gate6/snapshots/exact_town12_route10_route0_09_04_14_40_59/f002308.npz
route10,HardBreakRoute_1,HardBreakRoute,2312,-1,9,3726,9,3.8844,0.23468,16.552,1,1,1,outputs/gate6/snapshots/exact_town12_route10_route0_09_04_14_40_59/f002312.npz
route10,HardBreakRoute_1,HardBreakRoute,2316,-1,9,3726,9,4.03478,0.25863,15.601,1,1,1,outputs/gate6/snapshots/exact_town12_route10_route0_09_04_14_40_59/f002316.npz
route10,HardBreakRoute_1,HardBreakRoute,2320,-1,10,3726,10,5.02474,0.89987,5.584,1,1,1,outputs/gate6/snapshots/exact_town12_route10_route0_09_04_14_40_59/f002320.npz
route10,HardBreakRoute_1,HardBreakRoute,2324,-1,9,3726,9,5.51461,1.22335,4.508,1,1,1,outputs/gate6/snapshots/exact_town12_route10_route0_09_04_14_40_59/f002324.npz
route10,HardBreakRoute_1,HardBreakRoute,2328,-1,9,3726,9,6.47195,1.90031,3.406,1,1,1,outputs/gate6/snapshots/exact_town12_route10_route0_09_04_14_40_59/f002328.npz
route10,HardBreakRoute_1,HardBreakRoute,2332,-1,9,3726,9,7.49305,2.83002,2.648,1,1,1,outputs/gate6/snapshots/exact_town12_route10_route0_09_04_14_40_59/f002332.npz
route10,HardBreakRoute_1,HardBreakRoute,2336,-1,9,3726,9,7.5055,2.90604,2.583,1,1,1,outputs/gate6/snapshots/exact_town12_route10_route0_09_04_14_40_59/f002336.npz
route10,HardBreakRoute_1,HardBreakRoute,2340,-1,9,3726,9,7.97427,2.90643,2.744,1,1,1,outputs/gate6/snapshots/exact_town12_route10_route0_09_04_14_40_59/f002340.npz
route10,HardBreakRoute_1,HardBreakRoute,2344,-1,9,3726,9,8.38941,3.19037,2.63,1,1,1,outputs/gate6/snapshots/exact_town12_route10_route0_09_04_14_40_59/f002344.npz
route10,HardBreakRoute_1,HardBreakRoute,2348,-1,9,3726,9,8.51205,3.16375,2.69,1,1,1,outputs/gate6/snapshots/exact_town12_route10_route0_09_04_14_40_59/f002348.npz
route10,HardBreakRoute_1,HardBreakRoute,2352,-1,10,3726,10,8.52955,3.05248,2.794,1,1,1,outputs/gate6/snapshots/exact_town12_route10_route0_09_04_14_40_59/f002352.npz
route10,HardBreakRoute_1,HardBreakRoute,2356,-1,10,3726,10,8.31361,2.94744,2.821,1,1,1,outputs/gate6/snapshots/exact_town12_route10_route0_09_04_14_40_59/f002356.npz
route10,HardBreakRoute_1,HardBreakRoute,2360,-1,10,3726,10,7.66252,2.79141,2.745,1,1,1,outputs/gate6/snapshots/exact_town12_route10_route0_09_04_14_40_59/f002360.npz
route10,HardBreakRoute_1,HardBreakRoute,2364,-1,10,3726,10,7.60748,2.52489,3.013,1,1,1,outputs/gate6/snapshots/exact_town12_route10_route0_09_04_14_40_59/f002364.npz
route10,HardBreakRoute_1,HardBreakRoute,2368,-1,10,3726,10,7.23562,2.06623,3.502,1,1,1,outputs/gate6/snapshots/exact_town12_route10_route0_09_04_14_40_59/f002368.npz
route10,HardBreakRoute_1,HardBreakRoute,2372,-1,10,3726,10,6.65516,1.55553,4.278,1,1,1,outputs/gate6/snapshots/exact_town12_route10_route0_09_04_14_40_59/f002372.npz
route10,HardBreakRoute_1,HardBreakRoute,2376,-1,10,3726,10,6.2777,0.87999,7.134,1,1,1,outputs/gate6/snapshots/exact_town12_route10_route0_09_04_14_40_59/f002376.npz
route10,HardBreakRoute_1,HardBreakRoute,2380,-1,10,3726,10,6.18631,0.52242,11.842,1,1,1,outputs/gate6/snapshots/exact_town12_route10_route0_09_04_14_40_59/f002380.npz
route10,HardBreakRoute_1,HardBreakRoute,2384,-1,10,3726,10,5.87704,0.49919,11.773,1,1,1,outputs/gate6/snapshots/exact_town12_route10_route0_09_04_14_40_59/f002384.npz
route10,HardBreakRoute_1,HardBreakRoute,2388,-1,10,3726,10,5.13795,0.60338,8.515,1,1,1,outputs/gate6/snapshots/exact_town12_route10_route0_09_04_14_40_59/f002388.npz
route10,HardBreakRoute_1,HardBreakRoute,2392,-1,10,3726,10,4.99791,1.14266,4.374,1,1,1,outputs/gate6/snapshots/exact_town12_route10_route0_09_04_14_40_59/f002392.npz
route10,HardBreakRoute_1,HardBreakRoute,2396,-1,10,3726,10,5.01253,1.97812,2.534,1,1,1,outputs/gate6/snapshots/exact_town12_route10_route0_09_04_14_40_59/f002396.npz
route10,HardBreakRoute_1,HardBreakRoute,2400,-1,10,3726,10,5.11648,3.8168,1.341,1,0,0,outputs/gate6/snapshots/exact_town12_route10_route0_09_04_14_40_59/f002400.npz
route10,HardBreakRoute_1,HardBreakRoute,2404,-1,10,4318,1,5.77661,4.90688,1.177,1,0,0,outputs/gate6/snapshots/exact_town12_route10_route0_09_04_14_40_59/f002404.npz
route10,HardBreakRoute_1,HardBreakRoute,2408,-1,10,4318,1,6.63899,3.03707,2.186,1,1,1,outputs/gate6/snapshots/exact_town12_route10_route0_09_04_14_40_59/f002408.npz
route10,HardBreakRoute_1,HardBreakRoute,2412,-1,10,4318,1,7.37372,2.77858,2.654,1,1,1,outputs/gate6/snapshots/exact_town12_route10_route0_09_04_14_40_59/f002412.npz
route10,HardBreakRoute_1,HardBreakRoute,2416,-1,10,4318,1,7.62406,1.70531,4.471,1,1,1,outputs/gate6/snapshots/exact_town12_route10_route0_09_04_14_40_59/f002416.npz
route10,HardBreakRoute_1,HardBreakRoute,2420,-1,10,4318,1,8.17438,1.492,5.479,1,1,1,outputs/gate6/snapshots/exact_town12_route10_route0_09_04_14_40_59/f002420.npz
route10,HardBreakRoute_1,HardBreakRoute,2424,-1,9,4318,1,8.4881,1.67536,5.066,1,1,1,outputs/gate6/snapshots/exact_town12_route10_route0_09_04_14_40_59/f002424.npz
route10,HardBreakRoute_1,HardBreakRoute,2428,-1,9,4318,1,8.7527,2.07153,4.225,1,1,1,outputs/gate6/snapshots/exact_town12_route10_route0_09_04_14_40_59/f002428.npz
route10,HardBreakRoute_1,HardBreakRoute,2432,-1,9,4318,1,9.23891,1.79824,5.138,1,1,1,outputs/gate6/snapshots/exact_town12_route10_route0_09_04_14_40_59/f002432.npz
route10,HardBreakRoute_1,HardBreakRoute,2436,-1,9,4318,1,9.36728,1.86522,5.022,1,1,1,outputs/gate6/snapshots/exact_town12_route10_route0_09_04_14_40_59/f002436.npz
route10,HardBreakRoute_1,HardBreakRoute,2440,-1,9,4318,1,8.4482,2.1544,3.921,1,1,1,outputs/gate6/snapshots/exact_town12_route10_route0_09_04_14_40_59/f002440.npz
route10,HardBreakRoute_1,HardBreakRoute,2444,-1,9,4318,1,6.67808,2.85264,2.341,1,1,1,outputs/gate6/snapshots/exact_town12_route10_route0_09_04_14_40_59/f002444.npz
route10,HardBreakRoute_1,HardBreakRoute,2448,-1,9,4318,1,4.87465,1.17206,4.159,1,1,1,outputs/gate6/snapshots/exact_town12_route10_route0_09_04_14_40_59/f002448.npz
route10,HardBreakRoute_1,HardBreakRoute,2452,-1,9,4318,1,3.87652,1.25367,3.092,1,1,1,outputs/gate6/snapshots/exact_town12_route10_route0_09_04_14_40_59/f002452.npz
route10,HardBreakRoute_1,HardBreakRoute,2456,-1,10,4318,2,1.92172,1.67813,1.145,1,0,0,outputs/gate6/snapshots/exact_town12_route10_route0_09_04_14_40_59/f002456.npz
route10,HardBreakRoute_1,HardBreakRoute,2460,-1,10,3726,10,1.72288,1.38741,1.242,1,0,0,outputs/gate6/snapshots/exact_town12_route10_route0_09_04_14_40_59/f002460.npz
route10,HardBreakRoute_1,HardBreakRoute,2464,-1,10,3726,10,1.74925,1.15601,1.513,1,1,1,outputs/gate6/snapshots/exact_town12_route10_route0_09_04_14_40_59/f002464.npz
route10,HardBreakRoute_1,HardBreakRoute,2468,-1,10,3726,10,1.69553,1.14275,1.484,1,0,0,outputs/gate6/snapshots/exact_town12_route10_route0_09_04_14_40_59/f002468.npz
route10,HardBreakRoute_1,HardBreakRoute,2472,-1,10,4318,2,1.45888,1.38688,1.052,1,0,0,outputs/gate6/snapshots/exact_town12_route10_route0_09_04_14_40_59/f002472.npz
route10,HardBreakRoute_1,HardBreakRoute,2476,-1,10,4318,2,1.75422,1.44412,1.215,1,0,0,outputs/gate6/snapshots/exact_town12_route10_route0_09_04_14_40_59/f002476.npz
route10,HardBreakRoute_1,HardBreakRoute,2480,-1,10,4318,2,1.93217,1.6257,1.189,1,0,0,outputs/gate6/snapshots/exact_town12_route10_route0_09_04_14_40_59/f002480.npz
route10,HardBreakRoute_1,HardBreakRoute,2484,-1,10,4318,2,1.92635,1.92559,1.0,1,0,0,outputs/gate6/snapshots/exact_town12_route10_route0_09_04_14_40_59/f002484.npz
route10,HardBreakRoute_1,HardBreakRoute,2488,-1,10,3726,10,2.19921,1.58029,1.392,1,0,0,outputs/gate6/snapshots/exact_town12_route10_route0_09_04_14_40_59/f002488.npz
route10,HardBreakRoute_1,HardBreakRoute,2492,-1,10,3726,10,2.50582,1.60158,1.565,1,1,1,outputs/gate6/snapshots/exact_town12_route10_route0_09_04_14_40_59/f002492.npz
route10,HardBreakRoute_1,HardBreakRoute,2496,-1,10,3726,10,3.50658,1.5201,2.307,1,1,1,outputs/gate6/snapshots/exact_town12_route10_route0_09_04_14_40_59/f002496.npz
route10,HardBreakRoute_1,HardBreakRoute,2500,-1,10,3726,10,4.79879,1.85321,2.589,1,1,1,outputs/gate6/snapshots/exact_town12_route10_route0_09_04_14_40_59/f002500.npz
route10,HardBreakRoute_1,HardBreakRoute,2504,-1,10,3726,10,5.85949,2.24909,2.605,1,1,1,outputs/gate6/snapshots/exact_town12_route10_route0_09_04_14_40_59/f002504.npz
route10,HardBreakRoute_1,HardBreakRoute,2508,-1,10,3726,10,6.2837,3.68062,1.707,1,1,1,outputs/gate6/snapshots/exact_town12_route10_route0_09_04_14_40_59/f002508.npz
route10,HardBreakRoute_1,HardBreakRoute,2512,-1,10,3726,10,5.15855,5.08879,1.014,1,0,0,outputs/gate6/snapshots/exact_town12_route10_route0_09_04_14_40_59/f002512.npz
route10,HardBreakRoute_1,HardBreakRoute,2516,-1,10,4320,1,6.17978,2.96767,2.082,1,1,1,outputs/gate6/snapshots/exact_town12_route10_route0_09_04_14_40_59/f002516.npz
route10,HardBreakRoute_1,HardBreakRoute,2520,-1,10,4320,1,7.27458,2.43362,2.989,1,1,1,outputs/gate6/snapshots/exact_town12_route10_route0_09_04_14_40_59/f002520.npz
route10,HardBreakRoute_1,HardBreakRoute,2524,-1,9,4320,1,8.20329,2.55286,3.213,1,1,1,outputs/gate6/snapshots/exact_town12_route10_route0_09_04_14_40_59/f002524.npz
route10,HardBreakRoute_1,HardBreakRoute,2528,-1,9,4320,1,9.00541,2.49713,3.606,1,1,1,outputs/gate6/snapshots/exact_town12_route10_route0_09_04_14_40_59/f002528.npz
route10,HardBreakRoute_1,HardBreakRoute,2532,-1,9,4320,1,9.71032,2.52522,3.845,1,1,1,outputs/gate6/snapshots/exact_town12_route10_route0_09_04_14_40_59/f002532.npz
route10,HardBreakRoute_1,HardBreakRoute,2536,-1,9,4320,1,10.16145,2.9815,3.408,1,1,1,outputs/gate6/snapshots/exact_town12_route10_route0_09_04_14_40_59/f002536.npz
route10,HardBreakRoute_1,HardBreakRoute,2540,-1,9,4320,1,10.24609,3.00357,3.411,1,1,1,outputs/gate6/snapshots/exact_town12_route10_route0_09_04_14_40_59/f002540.npz
route10,HardBreakRoute_1,HardBreakRoute,2544,-1,9,4320,1,9.78398,3.00973,3.251,1,1,1,outputs/gate6/snapshots/exact_town12_route10_route0_09_04_14_40_59/f002544.npz
route10,HardBreakRoute_1,HardBreakRoute,2548,-1,9,4320,1,8.41941,2.25093,3.74,1,1,1,outputs/gate6/snapshots/exact_town12_route10_route0_09_04_14_40_59/f002548.npz
route10,HardBreakRoute_1,HardBreakRoute,2552,-1,9,4320,1,6.65172,1.98032,3.359,1,1,1,outputs/gate6/snapshots/exact_town12_route10_route0_09_04_14_40_59/f002552.npz
route10,HardBreakRoute_1,HardBreakRoute,2556,-1,9,4320,1,4.56385,1.88141,2.426,1,1,1,outputs/gate6/snapshots/exact_town12_route10_route0_09_04_14_40_59/f002556.npz
route10,HardBreakRoute_1,HardBreakRoute,2560,-1,9,4320,1,4.00837,1.73342,2.312,1,1,1,outputs/gate6/snapshots/exact_town12_route10_route0_09_04_14_40_59/f002560.npz
route10,HardBreakRoute_1,HardBreakRoute,2564,-1,9,4320,1,3.70155,1.61044,2.298,1,1,1,outputs/gate6/snapshots/exact_town12_route10_route0_09_04_14_40_59/f002564.npz
route10,HardBreakRoute_1,HardBreakRoute,2568,-1,9,4320,1,3.62244,1.4857,2.438,1,1,1,outputs/gate6/snapshots/exact_town12_route10_route0_09_04_14_40_59/f002568.npz
route10,HardBreakRoute_1,HardBreakRoute,2572,-1,9,4320,1,3.58953,1.3573,2.645,1,1,1,outputs/gate6/snapshots/exact_town12_route10_route0_09_04_14_40_59/f002572.npz
route10,HardBreakRoute_1,HardBreakRoute,2576,-1,9,4320,1,3.52211,1.21761,2.893,1,1,1,outputs/gate6/snapshots/exact_town12_route10_route0_09_04_14_40_59/f002576.npz
route10,HardBreakRoute_1,HardBreakRoute,2580,-1,9,4320,1,3.36322,1.05933,3.175,1,1,1,outputs/gate6/snapshots/exact_town12_route10_route0_09_04_14_40_59/f002580.npz
route10,HardBreakRoute_1,HardBreakRoute,2584,-1,9,4320,1,3.13124,1.10164,2.842,1,1,1,outputs/gate6/snapshots/exact_town12_route10_route0_09_04_14_40_59/f002584.npz
route10,HardBreakRoute_1,HardBreakRoute,2588,-1,9,4320,1,2.98992,1.35762,2.202,1,1,1,outputs/gate6/snapshots/exact_town12_route10_route0_09_04_14_40_59/f002588.npz
route10,HardBreakRoute_1,HardBreakRoute,2592,-1,9,4320,1,3.08284,1.77005,1.742,1,1,1,outputs/gate6/snapshots/exact_town12_route10_route0_09_04_14_40_59/f002592.npz
route10,HardBreakRoute_1,HardBreakRoute,2596,-1,9,4320,1,3.31121,2.21836,1.493,1,0,0,outputs/gate6/snapshots/exact_town12_route10_route0_09_04_14_40_59/f002596.npz
route10,HardBreakRoute_1,HardBreakRoute,2600,-1,9,4320,1,3.49601,2.61486,1.337,1,0,0,outputs/gate6/snapshots/exact_town12_route10_route0_09_04_14_40_59/f002600.npz
route10,HardBreakRoute_1,HardBreakRoute,2604,-1,9,4320,1,3.61363,2.98105,1.212,1,0,0,outputs/gate6/snapshots/exact_town12_route10_route0_09_04_14_40_59/f002604.npz
route10,HardBreakRoute_1,HardBreakRoute,2608,-1,9,4320,1,3.65395,3.29011,1.111,1,0,0,outputs/gate6/snapshots/exact_town12_route10_route0_09_04_14_40_59/f002608.npz
route10,HardBreakRoute_1,HardBreakRoute,2612,-1,9,4320,1,4.05784,3.41694,1.188,1,0,0,outputs/gate6/snapshots/exact_town12_route10_route0_09_04_14_40_59/f002612.npz
route10,HardBreakRoute_1,HardBreakRoute,2616,-1,9,3726,9,3.45153,3.22321,1.071,1,0,0,outputs/gate6/snapshots/exact_town12_route10_route0_09_04_14_40_59/f002616.npz
route10,HardBreakRoute_1,HardBreakRoute,2620,-1,9,3726,9,3.33878,2.66979,1.251,1,0,0,outputs/gate6/snapshots/exact_town12_route10_route0_09_04_14_40_59/f002620.npz
route10,HardBreakRoute_1,HardBreakRoute,2624,-1,9,3726,9,3.32482,2.95149,1.126,1,0,0,outputs/gate6/snapshots/exact_town12_route10_route0_09_04_14_40_59/f002624.npz
route10,HardBreakRoute_1,HardBreakRoute,2628,-1,9,3726,9,2.93818,2.09585,1.402,1,0,0,outputs/gate6/snapshots/exact_town12_route10_route0_09_04_14_40_59/f002628.npz
route10,HardBreakRoute_1,HardBreakRoute,2632,-1,8,3726,8,3.08398,1.77199,1.74,1,1,1,outputs/gate6/snapshots/exact_town12_route10_route0_09_04_14_40_59/f002632.npz
route10,HardBreakRoute_1,HardBreakRoute,2636,-1,8,3726,8,2.65088,0.98923,2.68,1,1,1,outputs/gate6/snapshots/exact_town12_route10_route0_09_04_14_40_59/f002636.npz
route10,HardBreakRoute_1,HardBreakRoute,2640,-1,8,3726,8,2.25311,0.42716,5.275,1,1,1,outputs/gate6/snapshots/exact_town12_route10_route0_09_04_14_40_59/f002640.npz
route10,HardBreakRoute_1,HardBreakRoute,2644,-1,8,3726,8,2.70748,0.46614,5.808,1,1,1,outputs/gate6/snapshots/exact_town12_route10_route0_09_04_14_40_59/f002644.npz
route10,HardBreakRoute_1,HardBreakRoute,2648,-1,8,4245,4,0.85876,0.50852,1.689,1,1,1,outputs/gate6/snapshots/exact_town12_route10_route0_09_04_14_40_59/f002648.npz
route10,HardBreakRoute_1,HardBreakRoute,2652,-1,8,4245,4,0.67473,0.32654,2.066,1,1,1,outputs/gate6/snapshots/exact_town12_route10_route0_09_04_14_40_59/f002652.npz
route10,HardBreakRoute_1,HardBreakRoute,2656,-1,8,4245,4,0.43476,0.36099,1.204,1,0,0,outputs/gate6/snapshots/exact_town12_route10_route0_09_04_14_40_59/f002656.npz
route10,HardBreakRoute_1,HardBreakRoute,2660,-1,8,3726,8,0.504,0.34259,1.471,1,0,0,outputs/gate6/snapshots/exact_town12_route10_route0_09_04_14_40_59/f002660.npz
route10,HardBreakRoute_1,HardBreakRoute,2664,-1,9,3726,9,0.88405,0.42845,2.063,1,1,1,outputs/gate6/snapshots/exact_town12_route10_route0_09_04_14_40_59/f002664.npz
route10,HardBreakRoute_1,HardBreakRoute,2668,-1,9,3726,9,1.44748,1.06178,1.363,1,0,0,outputs/gate6/snapshots/exact_town12_route10_route0_09_04_14_40_59/f002668.npz
route10,HardBreakRoute_1,HardBreakRoute,2672,-1,9,3726,9,1.33432,1.23352,1.082,1,0,0,outputs/gate6/snapshots/exact_town12_route10_route0_09_04_14_40_59/f002672.npz
route10,HardBreakRoute_1,HardBreakRoute,2676,-1,9,3728,7,1.17678,1.04776,1.123,1,0,0,outputs/gate6/snapshots/exact_town12_route10_route0_09_04_14_40_59/f002676.npz
route10,HardBreakRoute_1,HardBreakRoute,2680,-1,9,3726,9,0.944,0.93121,1.014,1,0,0,outputs/gate6/snapshots/exact_town12_route10_route0_09_04_14_40_59/f002680.npz
route10,HardBreakRoute_1,HardBreakRoute,2684,-1,7,3726,7,0.57175,0.54036,1.058,1,0,0,outputs/gate6/snapshots/exact_town12_route10_route0_09_04_14_40_59/f002684.npz
route10,HardBreakRoute_1,HardBreakRoute,2688,-1,7,3726,7,0.31115,0.25913,1.201,1,0,0,outputs/gate6/snapshots/exact_town12_route10_route0_09_04_14_40_59/f002688.npz
route10,HardBreakRoute_1,HardBreakRoute,2692,-1,7,4185,4,0.69505,0.24208,2.871,1,1,1,outputs/gate6/snapshots/exact_town12_route10_route0_09_04_14_40_59/f002692.npz
route10,HardBreakRoute_1,HardBreakRoute,2696,-1,7,4185,4,0.24925,0.06531,3.816,1,1,1,outputs/gate6/snapshots/exact_town12_route10_route0_09_04_14_40_59/f002696.npz
route10,HardBreakRoute_1,HardBreakRoute,2700,-1,7,4185,4,0.20549,0.05391,3.812,1,1,1,outputs/gate6/snapshots/exact_town12_route10_route0_09_04_14_40_59/f002700.npz
route10,HardBreakRoute_1,HardBreakRoute,2704,-1,8,3726,7,1.18145,0.1235,9.566,1,1,1,outputs/gate6/snapshots/exact_town12_route10_route0_09_04_14_40_59/f002704.npz
route10,HardBreakRoute_1,HardBreakRoute,2708,-1,8,3726,7,2.69217,1.34947,1.995,1,1,1,outputs/gate6/snapshots/exact_town12_route10_route0_09_04_14_40_59/f002708.npz
route10,HardBreakRoute_1,HardBreakRoute,2712,-1,10,3726,7,2.12298,0.05596,37.935,1,1,1,outputs/gate6/snapshots/exact_town12_route10_route0_09_04_14_40_59/f002712.npz
route10,HardBreakRoute_1,HardBreakRoute,2716,-1,9,3726,6,0.17754,0.0515,3.447,0,1,0,outputs/gate6/snapshots/exact_town12_route10_route0_09_04_14_40_59/f002716.npz
route10,HardBreakRoute_1,HardBreakRoute,2720,-1,9,4185,3,0.05755,0.04659,1.151,0,0,0,outputs/gate6/snapshots/exact_town12_route10_route0_09_04_14_40_59/f002720.npz
route10,HardBreakRoute_1,HardBreakRoute,2724,-1,11,4185,3,0.08858,0.02198,1.772,0,1,0,outputs/gate6/snapshots/exact_town12_route10_route0_09_04_14_40_59/f002724.npz
route10,HardBreakRoute_1,HardBreakRoute,2728,-1,11,4185,3,0.09886,0.01784,1.977,0,1,0,outputs/gate6/snapshots/exact_town12_route10_route0_09_04_14_40_59/f002728.npz
route10,HardBreakRoute_1,HardBreakRoute,2732,-1,12,4185,3,0.09659,0.02278,1.932,0,1,0,outputs/gate6/snapshots/exact_town12_route10_route0_09_04_14_40_59/f002732.npz
route10,HardBreakRoute_1,HardBreakRoute,2736,-1,12,4185,3,0.08254,0.04047,1.651,0,1,0,outputs/gate6/snapshots/exact_town12_route10_route0_09_04_14_40_59/f002736.npz
route10,HardBreakRoute_1,HardBreakRoute,2740,-1,13,4185,2,0.11562,0.03008,2.312,0,1,0,outputs/gate6/snapshots/exact_town12_route10_route0_09_04_14_40_59/f002740.npz
route10,HardBreakRoute_1,HardBreakRoute,2744,-1,13,4185,2,0.13547,0.03097,2.709,0,1,0,outputs/gate6/snapshots/exact_town12_route10_route0_09_04_14_40_59/f002744.npz
route10,HardBreakRoute_1,HardBreakRoute,2748,-1,15,4185,2,0.1284,0.04063,2.568,0,1,0,outputs/gate6/snapshots/exact_town12_route10_route0_09_04_14_40_59/f002748.npz
route10,HardBreakRoute_1,HardBreakRoute,2752,-1,15,4185,2,0.13379,0.03616,2.676,0,1,0,outputs/gate6/snapshots/exact_town12_route10_route0_09_04_14_40_59/f002752.npz
route10,HardBreakRoute_1,HardBreakRoute,2756,-1,17,4185,2,0.12954,0.02761,2.591,0,1,0,outputs/gate6/snapshots/exact_town12_route10_route0_09_04_14_40_59/f002756.npz
route10,HardBreakRoute_1,HardBreakRoute,2760,-1,16,4185,2,0.15957,0.01554,3.191,0,1,0,outputs/gate6/snapshots/exact_town12_route10_route0_09_04_14_40_59/f002760.npz
route10,HardBreakRoute_1,HardBreakRoute,2764,-1,16,4185,2,0.17177,0.02509,3.435,0,1,0,outputs/gate6/snapshots/exact_town12_route10_route0_09_04_14_40_59/f002764.npz
route10,HardBreakRoute_1,HardBreakRoute,2768,-1,16,4185,2,0.18309,0.03173,3.662,0,1,0,outputs/gate6/snapshots/exact_town12_route10_route0_09_04_14_40_59/f002768.npz
route10,HardBreakRoute_1,HardBreakRoute,2772,-1,18,4185,3,0.20326,0.02901,4.065,1,1,1,outputs/gate6/snapshots/exact_town12_route10_route0_09_04_14_40_59/f002772.npz
route10,HardBreakRoute_1,HardBreakRoute,2776,-1,18,4185,3,0.21605,0.02583,4.321,1,1,1,outputs/gate6/snapshots/exact_town12_route10_route0_09_04_14_40_59/f002776.npz
route10,HardBreakRoute_1,HardBreakRoute,2780,-1,17,4185,3,0.23521,0.02161,4.704,1,1,1,outputs/gate6/snapshots/exact_town12_route10_route0_09_04_14_40_59/f002780.npz
route10,HardBreakRoute_1,HardBreakRoute,2784,-1,18,4356,3,0.02987,0.0244,0.597,0,0,0,outputs/gate6/snapshots/exact_town12_route10_route0_09_04_14_40_59/f002784.npz
route10,HardBreakRoute_1,HardBreakRoute,2788,-1,19,4356,3,0.0504,0.02167,1.008,0,0,0,outputs/gate6/snapshots/exact_town12_route10_route0_09_04_14_40_59/f002788.npz
route10,HardBreakRoute_1,HardBreakRoute,2792,-1,16,4360,2,0.01417,0.00965,0.283,0,0,0,outputs/gate6/snapshots/exact_town12_route10_route0_09_04_14_40_59/f002792.npz
route10,HardBreakRoute_1,HardBreakRoute,2796,-1,18,4360,2,0.01377,0.01165,0.275,0,0,0,outputs/gate6/snapshots/exact_town12_route10_route0_09_04_14_40_59/f002796.npz
route10,HardBreakRoute_1,HardBreakRoute,2800,-1,17,4360,1,0.03327,0.01202,0.665,0,0,0,outputs/gate6/snapshots/exact_town12_route10_route0_09_04_14_40_59/f002800.npz
route10,HardBreakRoute_1,HardBreakRoute,2804,-1,17,4360,1,0.03492,0.01444,0.698,0,0,0,outputs/gate6/snapshots/exact_town12_route10_route0_09_04_14_40_59/f002804.npz
route10,HardBreakRoute_1,HardBreakRoute,2808,-1,17,4360,1,0.04085,0.01644,0.817,0,0,0,outputs/gate6/snapshots/exact_town12_route10_route0_09_04_14_40_59/f002808.npz
route10,HardBreakRoute_1,HardBreakRoute,2812,-1,19,4360,1,0.03005,0.02265,0.601,0,0,0,outputs/gate6/snapshots/exact_town12_route10_route0_09_04_14_40_59/f002812.npz
route10,HardBreakRoute_1,HardBreakRoute,2816,-1,20,4360,1,0.03215,0.02625,0.643,0,0,0,outputs/gate6/snapshots/exact_town12_route10_route0_09_04_14_40_59/f002816.npz
route10,HardBreakRoute_1,HardBreakRoute,2820,-1,20,4360,1,0.03856,0.03292,0.771,0,0,0,outputs/gate6/snapshots/exact_town12_route10_route0_09_04_14_40_59/f002820.npz
route10,HardBreakRoute_1,HardBreakRoute,2824,-1,20,4360,1,0.04284,0.03154,0.857,0,0,0,outputs/gate6/snapshots/exact_town12_route10_route0_09_04_14_40_59/f002824.npz
route10,HardBreakRoute_1,HardBreakRoute,2828,-1,21,3930,4,0.10682,0.03269,2.136,0,1,0,outputs/gate6/snapshots/exact_town12_route10_route0_09_04_14_40_59/f002828.npz
route10,HardBreakRoute_1,HardBreakRoute,2832,-1,25,4360,2,0.029,0.01645,0.58,0,0,0,outputs/gate6/snapshots/exact_town12_route10_route0_09_04_14_40_59/f002832.npz
route10,HardBreakRoute_1,HardBreakRoute,2836,-1,25,4360,2,0.03634,0.03118,0.727,0,0,0,outputs/gate6/snapshots/exact_town12_route10_route0_09_04_14_40_59/f002836.npz
route10,HardBreakRoute_1,HardBreakRoute,2840,-1,25,4367,3,0.1027,0.08465,1.213,0,0,0,outputs/gate6/snapshots/exact_town12_route10_route0_09_04_14_40_59/f002840.npz
route10,HardBreakRoute_1,HardBreakRoute,2844,-1,26,3926,7,0.14354,0.12643,1.135,0,0,0,outputs/gate6/snapshots/exact_town12_route10_route0_09_04_14_40_59/f002844.npz
route10,HardBreakRoute_1,HardBreakRoute,2848,-1,26,4364,1,0.2693,0.1823,1.477,1,0,0,outputs/gate6/snapshots/exact_town12_route10_route0_09_04_14_40_59/f002848.npz
route10,HardBreakRoute_1,HardBreakRoute,2852,-1,27,4364,1,0.50314,0.21475,2.343,1,1,1,outputs/gate6/snapshots/exact_town12_route10_route0_09_04_14_40_59/f002852.npz
route10,HardBreakRoute_1,HardBreakRoute,2856,-1,27,4364,1,0.87138,0.21121,4.126,1,1,1,outputs/gate6/snapshots/exact_town12_route10_route0_09_04_14_40_59/f002856.npz
route10,HardBreakRoute_1,HardBreakRoute,2860,-1,27,4364,1,0.79672,0.25091,3.175,1,1,1,outputs/gate6/snapshots/exact_town12_route10_route0_09_04_14_40_59/f002860.npz
route10,HardBreakRoute_1,HardBreakRoute,2864,-1,27,4364,1,0.56694,0.32033,1.77,1,1,1,outputs/gate6/snapshots/exact_town12_route10_route0_09_04_14_40_59/f002864.npz
route10,HardBreakRoute_1,HardBreakRoute,2868,-1,27,4364,1,0.3881,0.3244,1.196,1,0,0,outputs/gate6/snapshots/exact_town12_route10_route0_09_04_14_40_59/f002868.npz
route10,HardBreakRoute_1,HardBreakRoute,2872,-1,27,3926,7,0.40045,0.33411,1.199,1,0,0,outputs/gate6/snapshots/exact_town12_route10_route0_09_04_14_40_59/f002872.npz
route10,HardBreakRoute_1,HardBreakRoute,2876,-1,28,3926,8,0.33169,0.18988,1.747,1,1,1,outputs/gate6/snapshots/exact_town12_route10_route0_09_04_14_40_59/f002876.npz
route10,HardBreakRoute_1,HardBreakRoute,2880,-1,28,3926,8,0.32497,0.17592,1.847,1,1,1,outputs/gate6/snapshots/exact_town12_route10_route0_09_04_14_40_59/f002880.npz
route10,HardBreakRoute_1,HardBreakRoute,2884,-1,28,4364,1,0.35689,0.32908,1.084,1,0,0,outputs/gate6/snapshots/exact_town12_route10_route0_09_04_14_40_59/f002884.npz
route10,HardBreakRoute_1,HardBreakRoute,2888,-1,27,3926,7,0.33038,0.26962,1.225,1,0,0,outputs/gate6/snapshots/exact_town12_route10_route0_09_04_14_40_59/f002888.npz
route10,HardBreakRoute_1,HardBreakRoute,2892,-1,27,3926,7,0.31533,0.26836,1.175,1,0,0,outputs/gate6/snapshots/exact_town12_route10_route0_09_04_14_40_59/f002892.npz
route10,HardBreakRoute_1,HardBreakRoute,2896,-1,27,3928,6,0.38222,0.29412,1.3,1,0,0,outputs/gate6/snapshots/exact_town12_route10_route0_09_04_14_40_59/f002896.npz
route10,HardBreakRoute_1,HardBreakRoute,2900,-1,27,3928,6,0.47908,0.23903,2.004,1,1,1,outputs/gate6/snapshots/exact_town12_route10_route0_09_04_14_40_59/f002900.npz
route10,HardBreakRoute_1,HardBreakRoute,2904,-1,27,3928,6,0.68206,0.16436,4.15,1,1,1,outputs/gate6/snapshots/exact_town12_route10_route0_09_04_14_40_59/f002904.npz
route10,HardBreakRoute_1,HardBreakRoute,2908,-1,28,3928,7,1.03772,0.22714,4.569,1,1,1,outputs/gate6/snapshots/exact_town12_route10_route0_09_04_14_40_59/f002908.npz
route10,HardBreakRoute_1,HardBreakRoute,2912,-1,28,3928,7,1.62215,0.30474,5.323,1,1,1,outputs/gate6/snapshots/exact_town12_route10_route0_09_04_14_40_59/f002912.npz
route10,HardBreakRoute_1,HardBreakRoute,2916,-1,28,3928,7,2.2003,0.3698,5.95,1,1,1,outputs/gate6/snapshots/exact_town12_route10_route0_09_04_14_40_59/f002916.npz
route10,HardBreakRoute_1,HardBreakRoute,2920,-1,29,3928,8,2.93534,0.36408,8.062,1,1,1,outputs/gate6/snapshots/exact_town12_route10_route0_09_04_14_40_59/f002920.npz
route10,HardBreakRoute_1,HardBreakRoute,2924,-1,29,3928,8,3.21586,0.58668,5.481,1,1,1,outputs/gate6/snapshots/exact_town12_route10_route0_09_04_14_40_59/f002924.npz
route10,HardBreakRoute_1,HardBreakRoute,2928,-1,29,3928,8,3.43963,0.89978,3.823,1,1,1,outputs/gate6/snapshots/exact_town12_route10_route0_09_04_14_40_59/f002928.npz
route10,HardBreakRoute_1,HardBreakRoute,2932,-1,30,3928,9,3.14086,0.54289,5.785,1,1,1,outputs/gate6/snapshots/exact_town12_route10_route0_09_04_14_40_59/f002932.npz
route10,HardBreakRoute_1,HardBreakRoute,2936,-1,30,3928,9,2.84494,0.18194,15.637,1,1,1,outputs/gate6/snapshots/exact_town12_route10_route0_09_04_14_40_59/f002936.npz
route10,HardBreakRoute_1,HardBreakRoute,2940,-1,29,3928,8,2.61422,0.45348,5.765,1,1,1,outputs/gate6/snapshots/exact_town12_route10_route0_09_04_14_40_59/f002940.npz
route10,HardBreakRoute_1,HardBreakRoute,2944,-1,29,3928,8,2.76657,0.99059,2.793,1,1,1,outputs/gate6/snapshots/exact_town12_route10_route0_09_04_14_40_59/f002944.npz
route10,HardBreakRoute_1,HardBreakRoute,2948,-1,29,3928,8,3.1735,0.93681,3.388,1,1,1,outputs/gate6/snapshots/exact_town12_route10_route0_09_04_14_40_59/f002948.npz
route10,HardBreakRoute_1,HardBreakRoute,2952,-1,29,3928,8,1.88489,0.76303,2.47,1,1,1,outputs/gate6/snapshots/exact_town12_route10_route0_09_04_14_40_59/f002952.npz
route10,HardBreakRoute_1,HardBreakRoute,2956,-1,27,3928,8,1.30715,0.39854,3.28,1,1,1,outputs/gate6/snapshots/exact_town12_route10_route0_09_04_14_40_59/f002956.npz
route10,HardBreakRoute_1,HardBreakRoute,2960,-1,27,4245,2,0.32505,0.31932,1.018,1,0,0,outputs/gate6/snapshots/exact_town12_route10_route0_09_04_14_40_59/f002960.npz
route10,HardBreakRoute_1,HardBreakRoute,2964,-1,29,4245,2,0.19203,0.19055,1.008,0,0,0,outputs/gate6/snapshots/exact_town12_route10_route0_09_04_14_40_59/f002964.npz
route10,HardBreakRoute_1,HardBreakRoute,2968,-1,28,3928,7,0.13778,0.13265,1.039,0,0,0,outputs/gate6/snapshots/exact_town12_route10_route0_09_04_14_40_59/f002968.npz
route10,HardBreakRoute_1,HardBreakRoute,2972,-1,28,3928,7,0.23316,0.17935,1.3,1,0,0,outputs/gate6/snapshots/exact_town12_route10_route0_09_04_14_40_59/f002972.npz
route10,HardBreakRoute_1,HardBreakRoute,2976,-1,29,3928,7,0.79573,0.27683,2.874,1,1,1,outputs/gate6/snapshots/exact_town12_route10_route0_09_04_14_40_59/f002976.npz
route10,HardBreakRoute_1,HardBreakRoute,2980,-1,33,3928,8,0.16214,0.09335,1.737,0,1,0,outputs/gate6/snapshots/exact_town12_route10_route0_09_04_14_40_59/f002980.npz
route10,HardBreakRoute_1,HardBreakRoute,2984,-1,40,4374,8,0.06773,0.04806,1.355,0,0,0,outputs/gate6/snapshots/exact_town12_route10_route0_09_04_14_40_59/f002984.npz
route10,HardBreakRoute_1,HardBreakRoute,2988,-1,40,4374,8,0.06419,0.03189,1.284,0,0,0,outputs/gate6/snapshots/exact_town12_route10_route0_09_04_14_40_59/f002988.npz
route10,HardBreakRoute_1,HardBreakRoute,2992,-1,40,4374,8,0.07491,0.03225,1.498,0,0,0,outputs/gate6/snapshots/exact_town12_route10_route0_09_04_14_40_59/f002992.npz
route10,HardBreakRoute_1,HardBreakRoute,2996,-1,40,4374,8,0.06186,0.02324,1.237,0,0,0,outputs/gate6/snapshots/exact_town12_route10_route0_09_04_14_40_59/f002996.npz
route10,HardBreakRoute_1,HardBreakRoute,3000,-1,39,4374,8,0.07879,0.03997,1.576,0,1,0,outputs/gate6/snapshots/exact_town12_route10_route0_09_04_14_40_59/f003000.npz
route10,HardBreakRoute_1,HardBreakRoute,3004,-1,38,4374,8,0.06655,0.02507,1.331,0,0,0,outputs/gate6/snapshots/exact_town12_route10_route0_09_04_14_40_59/f003004.npz
route10,HardBreakRoute_1,HardBreakRoute,3008,-1,34,4369,1,0.03099,0.01718,0.62,0,0,0,outputs/gate6/snapshots/exact_town12_route10_route0_09_04_14_40_59/f003008.npz
route10,HardBreakRoute_1,HardBreakRoute,3012,-1,34,4369,1,0.02435,0.0177,0.487,0,0,0,outputs/gate6/snapshots/exact_town12_route10_route0_09_04_14_40_59/f003012.npz
route10,HardBreakRoute_1,HardBreakRoute,3016,-1,35,4369,1,0.02398,0.02108,0.48,0,0,0,outputs/gate6/snapshots/exact_town12_route10_route0_09_04_14_40_59/f003016.npz
route10,HardBreakRoute_1,HardBreakRoute,3020,-1,33,3885,22,0.0214,0.01865,0.428,0,0,0,outputs/gate6/snapshots/exact_town12_route10_route0_09_04_14_40_59/f003020.npz
route10,HardBreakRoute_1,HardBreakRoute,3024,-1,33,3885,22,0.02137,0.01086,0.427,0,0,0,outputs/gate6/snapshots/exact_town12_route10_route0_09_04_14_40_59/f003024.npz
route10,HardBreakRoute_1,HardBreakRoute,3028,-1,33,3885,22,0.02091,0.00929,0.418,0,0,0,outputs/gate6/snapshots/exact_town12_route10_route0_09_04_14_40_59/f003028.npz
route10,HardBreakRoute_1,HardBreakRoute,3032,-1,31,3885,20,0.02164,0.01478,0.433,0,0,0,outputs/gate6/snapshots/exact_town12_route10_route0_09_04_14_40_59/f003032.npz
route10,HardBreakRoute_1,HardBreakRoute,3036,-1,31,4369,1,0.0219,0.01829,0.438,0,0,0,outputs/gate6/snapshots/exact_town12_route10_route0_09_04_14_40_59/f003036.npz
route10,HardBreakRoute_1,HardBreakRoute,3040,-1,31,4369,1,0.03021,0.02609,0.604,0,0,0,outputs/gate6/snapshots/exact_town12_route10_route0_09_04_14_40_59/f003040.npz
route10,HardBreakRoute_1,HardBreakRoute,3044,-1,30,4369,1,0.04943,0.02871,0.989,0,0,0,outputs/gate6/snapshots/exact_town12_route10_route0_09_04_14_40_59/f003044.npz
route10,HardBreakRoute_1,HardBreakRoute,3048,-1,31,4369,1,0.0578,0.03153,1.156,0,0,0,outputs/gate6/snapshots/exact_town12_route10_route0_09_04_14_40_59/f003048.npz
route10,HardBreakRoute_1,HardBreakRoute,3052,-1,31,4369,1,0.08357,0.03591,1.671,0,1,0,outputs/gate6/snapshots/exact_town12_route10_route0_09_04_14_40_59/f003052.npz
route10,HardBreakRoute_1,HardBreakRoute,3056,-1,32,4369,1,0.10766,0.02884,2.153,0,1,0,outputs/gate6/snapshots/exact_town12_route10_route0_09_04_14_40_59/f003056.npz
route10,HardBreakRoute_1,HardBreakRoute,3060,-1,33,4369,1,0.24317,0.11975,2.031,1,1,1,outputs/gate6/snapshots/exact_town12_route10_route0_09_04_14_40_59/f003060.npz
route10,HardBreakRoute_1,HardBreakRoute,3064,-1,33,4369,1,0.26339,0.06725,3.916,1,1,1,outputs/gate6/snapshots/exact_town12_route10_route0_09_04_14_40_59/f003064.npz
route10,HardBreakRoute_1,HardBreakRoute,3068,-1,32,4369,1,0.31792,0.0395,6.358,1,1,1,outputs/gate6/snapshots/exact_town12_route10_route0_09_04_14_40_59/f003068.npz
route10,HardBreakRoute_1,HardBreakRoute,3072,-1,34,4369,1,0.3618,0.03342,7.236,1,1,1,outputs/gate6/snapshots/exact_town12_route10_route0_09_04_14_40_59/f003072.npz
route10,HardBreakRoute_1,HardBreakRoute,3076,-1,34,4369,1,0.33565,0.04402,6.713,1,1,1,outputs/gate6/snapshots/exact_town12_route10_route0_09_04_14_40_59/f003076.npz
route10,HardBreakRoute_1,HardBreakRoute,3080,-1,34,4369,1,0.35676,0.06184,5.769,1,1,1,outputs/gate6/snapshots/exact_town12_route10_route0_09_04_14_40_59/f003080.npz
route10,HardBreakRoute_1,HardBreakRoute,3084,-1,37,4369,1,0.58714,0.07496,7.832,1,1,1,outputs/gate6/snapshots/exact_town12_route10_route0_09_04_14_40_59/f003084.npz
route10,HardBreakRoute_1,HardBreakRoute,3088,-1,36,4369,1,0.60007,0.09446,6.352,1,1,1,outputs/gate6/snapshots/exact_town12_route10_route0_09_04_14_40_59/f003088.npz
route10,HardBreakRoute_1,HardBreakRoute,3092,-1,36,4369,1,0.60261,0.08065,7.472,1,1,1,outputs/gate6/snapshots/exact_town12_route10_route0_09_04_14_40_59/f003092.npz
route10,HardBreakRoute_1,HardBreakRoute,3096,-1,36,4369,1,0.64349,0.08357,7.7,1,1,1,outputs/gate6/snapshots/exact_town12_route10_route0_09_04_14_40_59/f003096.npz
route10,HardBreakRoute_1,HardBreakRoute,3100,-1,36,4369,1,0.7622,0.08007,9.519,1,1,1,outputs/gate6/snapshots/exact_town12_route10_route0_09_04_14_40_59/f003100.npz
route10,HardBreakRoute_1,HardBreakRoute,3104,-1,37,4369,1,0.7536,0.08735,8.627,1,1,1,outputs/gate6/snapshots/exact_town12_route10_route0_09_04_14_40_59/f003104.npz
route10,HardBreakRoute_1,HardBreakRoute,3108,-1,39,4369,1,0.76745,0.32921,2.331,1,1,1,outputs/gate6/snapshots/exact_town12_route10_route0_09_04_14_40_59/f003108.npz
route10,HardBreakRoute_1,HardBreakRoute,3112,-1,40,4369,1,0.72836,0.12754,5.711,1,1,1,outputs/gate6/snapshots/exact_town12_route10_route0_09_04_14_40_59/f003112.npz
route10,HardBreakRoute_1,HardBreakRoute,3116,-1,40,4369,1,0.42576,0.18393,2.315,1,1,1,outputs/gate6/snapshots/exact_town12_route10_route0_09_04_14_40_59/f003116.npz
route10,HardBreakRoute_1,HardBreakRoute,3120,-1,41,4369,1,0.25963,0.08721,2.977,1,1,1,outputs/gate6/snapshots/exact_town12_route10_route0_09_04_14_40_59/f003120.npz
route10,HardBreakRoute_1,HardBreakRoute,3124,-1,41,4369,1,0.0921,0.08271,1.113,0,0,0,outputs/gate6/snapshots/exact_town12_route10_route0_09_04_14_40_59/f003124.npz
route10,HardBreakRoute_1,HardBreakRoute,3128,-1,41,4404,7,0.11287,0.0607,1.859,0,1,0,outputs/gate6/snapshots/exact_town12_route10_route0_09_04_14_40_59/f003128.npz
route10,HardBreakRoute_1,HardBreakRoute,3132,-1,42,4414,6,0.15423,0.13759,1.121,0,0,0,outputs/gate6/snapshots/exact_town12_route10_route0_09_04_14_40_59/f003132.npz
route10,HardBreakRoute_1,HardBreakRoute,3136,-1,42,4369,1,0.1564,0.0997,1.569,0,1,0,outputs/gate6/snapshots/exact_town12_route10_route0_09_04_14_40_59/f003136.npz
route10,HardBreakRoute_1,HardBreakRoute,3140,-1,41,4404,8,0.09917,0.09343,1.061,0,0,0,outputs/gate6/snapshots/exact_town12_route10_route0_09_04_14_40_59/f003140.npz
route10,HardBreakRoute_1,HardBreakRoute,3144,-1,41,4414,6,0.09837,0.08361,1.176,0,0,0,outputs/gate6/snapshots/exact_town12_route10_route0_09_04_14_40_59/f003144.npz
route10,HardBreakRoute_1,HardBreakRoute,3148,-1,41,4414,6,0.13237,0.08565,1.546,0,1,0,outputs/gate6/snapshots/exact_town12_route10_route0_09_04_14_40_59/f003148.npz
route10,HardBreakRoute_1,HardBreakRoute,3152,-1,41,4417,3,0.10849,0.08773,1.237,0,0,0,outputs/gate6/snapshots/exact_town12_route10_route0_09_04_14_40_59/f003152.npz
route10,HardBreakRoute_1,HardBreakRoute,3156,-1,41,4417,3,0.24388,0.12893,1.892,1,1,1,outputs/gate6/snapshots/exact_town12_route10_route0_09_04_14_40_59/f003156.npz
route10,HardBreakRoute_1,HardBreakRoute,3160,-1,42,4417,5,0.36634,0.18397,1.991,1,1,1,outputs/gate6/snapshots/exact_town12_route10_route0_09_04_14_40_59/f003160.npz
route10,HardBreakRoute_1,HardBreakRoute,3164,-1,42,4417,5,0.26932,0.10314,2.611,1,1,1,outputs/gate6/snapshots/exact_town12_route10_route0_09_04_14_40_59/f003164.npz
route10,HardBreakRoute_1,HardBreakRoute,3168,-1,42,4414,8,0.10437,0.09446,1.105,0,0,0,outputs/gate6/snapshots/exact_town12_route10_route0_09_04_14_40_59/f003168.npz
route10,HardBreakRoute_1,HardBreakRoute,3172,-1,42,4414,8,0.10113,0.07257,1.394,0,0,0,outputs/gate6/snapshots/exact_town12_route10_route0_09_04_14_40_59/f003172.npz
route10,HardBreakRoute_1,HardBreakRoute,3176,-1,42,4404,10,0.09241,0.08873,1.041,0,0,0,outputs/gate6/snapshots/exact_town12_route10_route0_09_04_14_40_59/f003176.npz
route10,ParkingCutIn_1,ParkingCutIn,4732,-1,41,4512,12,0.20375,0.04554,4.075,1,1,1,outputs/gate6/snapshots/exact_town12_route10_route0_09_04_14_40_59/f004732.npz
route10,ParkingCutIn_1,ParkingCutIn,4736,-1,40,4512,11,0.86735,0.15874,5.464,1,1,1,outputs/gate6/snapshots/exact_town12_route10_route0_09_04_14_40_59/f004736.npz
route10,ParkingCutIn_1,ParkingCutIn,4740,-1,40,4512,11,0.48185,0.32102,1.501,1,1,1,outputs/gate6/snapshots/exact_town12_route10_route0_09_04_14_40_59/f004740.npz
route10,ParkingCutIn_1,ParkingCutIn,4744,-1,40,4530,9,0.35673,0.13405,2.661,1,1,1,outputs/gate6/snapshots/exact_town12_route10_route0_09_04_14_40_59/f004744.npz
route10,ParkingCutIn_1,ParkingCutIn,4748,-1,41,4512,12,0.40888,0.04857,8.178,1,1,1,outputs/gate6/snapshots/exact_town12_route10_route0_09_04_14_40_59/f004748.npz
route10,ParkingCutIn_1,ParkingCutIn,4752,-1,41,4512,13,0.58465,0.08153,7.171,1,1,1,outputs/gate6/snapshots/exact_town12_route10_route0_09_04_14_40_59/f004752.npz
route10,ParkingCutIn_1,ParkingCutIn,4756,-1,41,4512,13,0.39301,0.09067,4.335,1,1,1,outputs/gate6/snapshots/exact_town12_route10_route0_09_04_14_40_59/f004756.npz
route10,ParkingCutIn_1,ParkingCutIn,4760,-1,39,4512,13,0.60566,0.10369,5.841,1,1,1,outputs/gate6/snapshots/exact_town12_route10_route0_09_04_14_40_59/f004760.npz
route10,ParkingCutIn_1,ParkingCutIn,4764,-1,40,4529,12,2.64152,1.2653,2.088,1,1,1,outputs/gate6/snapshots/exact_town12_route10_route0_09_04_14_40_59/f004764.npz
route10,ParkingCutIn_1,ParkingCutIn,4768,-1,41,4533,9,0.10339,0.0886,1.167,0,0,0,outputs/gate6/snapshots/exact_town12_route10_route0_09_04_14_40_59/f004768.npz
route10,ParkingCutIn_1,ParkingCutIn,4772,-1,41,4533,9,0.11648,0.05182,2.248,0,1,0,outputs/gate6/snapshots/exact_town12_route10_route0_09_04_14_40_59/f004772.npz
route10,ParkingCutIn_1,ParkingCutIn,4776,-1,43,4533,9,0.11511,0.0325,2.302,0,1,0,outputs/gate6/snapshots/exact_town12_route10_route0_09_04_14_40_59/f004776.npz
route10,ParkingCutIn_1,ParkingCutIn,4780,-1,43,4533,9,0.11854,0.02426,2.371,0,1,0,outputs/gate6/snapshots/exact_town12_route10_route0_09_04_14_40_59/f004780.npz
route10,ParkingCutIn_1,ParkingCutIn,4784,-1,43,4533,10,0.12723,0.02436,2.545,0,1,0,outputs/gate6/snapshots/exact_town12_route10_route0_09_04_14_40_59/f004784.npz
route10,ParkingCutIn_1,ParkingCutIn,4788,-1,43,4533,10,0.12951,0.025,2.59,0,1,0,outputs/gate6/snapshots/exact_town12_route10_route0_09_04_14_40_59/f004788.npz
route10,ParkingCutIn_1,ParkingCutIn,4792,-1,43,4533,10,0.08873,0.03186,1.775,0,1,0,outputs/gate6/snapshots/exact_town12_route10_route0_09_04_14_40_59/f004792.npz
route10,ParkingCutIn_1,ParkingCutIn,4796,-1,42,4533,10,0.09373,0.03758,1.875,0,1,0,outputs/gate6/snapshots/exact_town12_route10_route0_09_04_14_40_59/f004796.npz
route10,ParkingCutIn_1,ParkingCutIn,4800,-1,44,4533,11,0.10176,0.05325,1.911,0,1,0,outputs/gate6/snapshots/exact_town12_route10_route0_09_04_14_40_59/f004800.npz
route10,ParkingCutIn_1,ParkingCutIn,4804,-1,43,4533,11,0.10804,0.0605,1.786,0,1,0,outputs/gate6/snapshots/exact_town12_route10_route0_09_04_14_40_59/f004804.npz
route10,ParkingCutIn_1,ParkingCutIn,4808,-1,36,4533,7,0.11966,0.10652,1.123,0,0,0,outputs/gate6/snapshots/exact_town12_route10_route0_09_04_14_40_59/f004808.npz
route10,ParkingCutIn_1,ParkingCutIn,4812,-1,37,4532,8,0.12864,0.10512,1.224,0,0,0,outputs/gate6/snapshots/exact_town12_route10_route0_09_04_14_40_59/f004812.npz
route10,ParkingCutIn_1,ParkingCutIn,4816,-1,36,4532,8,0.17976,0.15721,1.143,0,0,0,outputs/gate6/snapshots/exact_town12_route10_route0_09_04_14_40_59/f004816.npz
route10,ParkingCutIn_1,ParkingCutIn,4820,-1,37,4532,8,0.40256,0.2755,1.461,1,0,0,outputs/gate6/snapshots/exact_town12_route10_route0_09_04_14_40_59/f004820.npz
route10,ParkingCutIn_1,ParkingCutIn,4824,-1,37,4532,8,0.38556,0.28037,1.375,1,0,0,outputs/gate6/snapshots/exact_town12_route10_route0_09_04_14_40_59/f004824.npz
route10,ParkingCutIn_1,ParkingCutIn,4828,-1,36,4532,8,0.30351,0.30273,1.003,1,0,0,outputs/gate6/snapshots/exact_town12_route10_route0_09_04_14_40_59/f004828.npz
route10,ParkingCutIn_1,ParkingCutIn,4832,-1,36,4533,7,0.28168,0.18869,1.493,1,0,0,outputs/gate6/snapshots/exact_town12_route10_route0_09_04_14_40_59/f004832.npz
route10,ParkingCutIn_1,ParkingCutIn,4836,-1,36,4533,7,0.24695,0.14107,1.751,1,1,1,outputs/gate6/snapshots/exact_town12_route10_route0_09_04_14_40_59/f004836.npz
route10,ParkingCutIn_1,ParkingCutIn,4840,-1,35,4533,8,0.25567,0.2038,1.255,1,0,0,outputs/gate6/snapshots/exact_town12_route10_route0_09_04_14_40_59/f004840.npz
route10,ParkingCutIn_1,ParkingCutIn,4844,-1,37,4533,8,0.33244,0.21366,1.556,1,1,1,outputs/gate6/snapshots/exact_town12_route10_route0_09_04_14_40_59/f004844.npz
route10,ParkingCutIn_1,ParkingCutIn,4848,-1,37,4533,8,0.24751,0.1498,1.652,1,1,1,outputs/gate6/snapshots/exact_town12_route10_route0_09_04_14_40_59/f004848.npz
route10,ParkingCutIn_1,ParkingCutIn,4852,-1,35,4533,8,0.17776,0.0747,2.38,0,1,0,outputs/gate6/snapshots/exact_town12_route10_route0_09_04_14_40_59/f004852.npz
route10,ParkingCutIn_1,ParkingCutIn,4856,-1,36,4533,8,0.1385,0.10777,1.285,0,0,0,outputs/gate6/snapshots/exact_town12_route10_route0_09_04_14_40_59/f004856.npz
route10,ParkingCutIn_1,ParkingCutIn,4860,-1,37,4275,2,0.0911,0.06322,1.441,0,0,0,outputs/gate6/snapshots/exact_town12_route10_route0_09_04_14_40_59/f004860.npz
route10,ParkingCutIn_1,ParkingCutIn,4864,-1,35,4275,2,0.08874,0.05854,1.516,0,1,0,outputs/gate6/snapshots/exact_town12_route10_route0_09_04_14_40_59/f004864.npz
route10,ParkingCutIn_1,ParkingCutIn,4868,-1,36,4275,2,0.07994,0.0569,1.405,0,0,0,outputs/gate6/snapshots/exact_town12_route10_route0_09_04_14_40_59/f004868.npz
route10,ParkingCutIn_1,ParkingCutIn,4872,-1,36,4275,2,0.04966,0.03846,0.993,0,0,0,outputs/gate6/snapshots/exact_town12_route10_route0_09_04_14_40_59/f004872.npz
route10,ParkingCutIn_1,ParkingCutIn,4876,-1,36,4275,2,0.1588,0.10276,1.545,0,1,0,outputs/gate6/snapshots/exact_town12_route10_route0_09_04_14_40_59/f004876.npz
route10,ParkingCutIn_1,ParkingCutIn,4880,-1,38,4275,2,0.26904,0.11493,2.341,1,1,1,outputs/gate6/snapshots/exact_town12_route10_route0_09_04_14_40_59/f004880.npz
route10,ParkingCutIn_1,ParkingCutIn,4884,-1,38,4275,2,0.50214,0.15741,3.19,1,1,1,outputs/gate6/snapshots/exact_town12_route10_route0_09_04_14_40_59/f004884.npz
route10,ParkingCutIn_1,ParkingCutIn,4888,-1,40,4275,2,0.88809,0.27866,3.187,1,1,1,outputs/gate6/snapshots/exact_town12_route10_route0_09_04_14_40_59/f004888.npz
route10,ParkingCutIn_1,ParkingCutIn,4892,-1,39,4275,2,1.2746,0.66629,1.913,1,1,1,outputs/gate6/snapshots/exact_town12_route10_route0_09_04_14_40_59/f004892.npz
route10,ParkingCutIn_1,ParkingCutIn,4896,-1,39,4275,2,1.37815,0.82916,1.662,1,1,1,outputs/gate6/snapshots/exact_town12_route10_route0_09_04_14_40_59/f004896.npz
route10,ParkingCutIn_1,ParkingCutIn,4900,-1,40,4275,2,0.97118,0.56848,1.708,1,1,1,outputs/gate6/snapshots/exact_town12_route10_route0_09_04_14_40_59/f004900.npz
route10,ParkingCutIn_1,ParkingCutIn,4904,-1,41,4276,1,0.52547,0.5243,1.002,1,0,0,outputs/gate6/snapshots/exact_town12_route10_route0_09_04_14_40_59/f004904.npz
route10,ParkingCutIn_1,ParkingCutIn,4908,-1,42,4276,1,0.62328,0.5777,1.079,1,0,0,outputs/gate6/snapshots/exact_town12_route10_route0_09_04_14_40_59/f004908.npz
route10,ParkingCutIn_1,ParkingCutIn,4912,-1,42,4548,5,0.8482,0.75253,1.127,1,0,0,outputs/gate6/snapshots/exact_town12_route10_route0_09_04_14_40_59/f004912.npz
route10,ParkingCutIn_1,ParkingCutIn,4916,-1,42,4533,10,3.50509,1.24859,2.807,1,1,1,outputs/gate6/snapshots/exact_town12_route10_route0_09_04_14_40_59/f004916.npz
route10,ParkingCutIn_1,ParkingCutIn,4920,-1,42,4533,10,4.67193,1.36379,3.426,1,1,1,outputs/gate6/snapshots/exact_town12_route10_route0_09_04_14_40_59/f004920.npz
route10,ParkingCutIn_1,ParkingCutIn,4924,-1,42,4533,10,5.22577,1.84745,2.829,1,1,1,outputs/gate6/snapshots/exact_town12_route10_route0_09_04_14_40_59/f004924.npz
route10,ParkingCutIn_1,ParkingCutIn,4928,-1,41,4533,9,4.93652,3.60065,1.371,1,0,0,outputs/gate6/snapshots/exact_town12_route10_route0_09_04_14_40_59/f004928.npz
route10,ParkingCutIn_1,ParkingCutIn,4932,-1,41,4548,5,6.22009,5.56838,1.117,1,0,0,outputs/gate6/snapshots/exact_town12_route10_route0_09_04_14_40_59/f004932.npz
route10,ParkingCutIn_1,ParkingCutIn,4936,-1,41,4548,5,6.02171,5.15121,1.169,1,0,0,outputs/gate6/snapshots/exact_town12_route10_route0_09_04_14_40_59/f004936.npz
route10,ParkingCutIn_1,ParkingCutIn,4940,-1,41,4533,9,6.64175,4.59014,1.447,1,0,0,outputs/gate6/snapshots/exact_town12_route10_route0_09_04_14_40_59/f004940.npz
route10,ParkingCutIn_1,ParkingCutIn,4944,-1,41,4533,9,5.84025,3.82301,1.528,1,1,1,outputs/gate6/snapshots/exact_town12_route10_route0_09_04_14_40_59/f004944.npz
route10,ParkingCutIn_1,ParkingCutIn,4948,-1,41,4533,9,6.14428,3.78496,1.623,1,1,1,outputs/gate6/snapshots/exact_town12_route10_route0_09_04_14_40_59/f004948.npz
route10,ParkingCutIn_1,ParkingCutIn,4952,-1,41,4533,9,4.81798,3.59333,1.341,1,0,0,outputs/gate6/snapshots/exact_town12_route10_route0_09_04_14_40_59/f004952.npz
route10,ParkingCutIn_1,ParkingCutIn,4956,-1,41,4547,6,5.45298,2.48516,2.194,1,1,1,outputs/gate6/snapshots/exact_town12_route10_route0_09_04_14_40_59/f004956.npz
route10,ParkingCutIn_1,ParkingCutIn,4960,-1,41,4548,5,5.66014,5.62561,1.006,1,0,0,outputs/gate6/snapshots/exact_town12_route10_route0_09_04_14_40_59/f004960.npz
route10,ParkingCutIn_1,ParkingCutIn,4964,-1,41,4548,5,4.63953,4.54089,1.022,1,0,0,outputs/gate6/snapshots/exact_town12_route10_route0_09_04_14_40_59/f004964.npz
route10,ParkingCutIn_1,ParkingCutIn,4968,-1,41,4548,5,4.21463,4.06212,1.038,1,0,0,outputs/gate6/snapshots/exact_town12_route10_route0_09_04_14_40_59/f004968.npz
route10,ParkingCutIn_1,ParkingCutIn,4972,-1,41,4547,6,3.90515,3.64604,1.071,1,0,0,outputs/gate6/snapshots/exact_town12_route10_route0_09_04_14_40_59/f004972.npz
route10,ParkingCutIn_1,ParkingCutIn,4976,-1,41,4548,5,3.88542,2.80852,1.383,1,0,0,outputs/gate6/snapshots/exact_town12_route10_route0_09_04_14_40_59/f004976.npz
route10,ParkingCutIn_1,ParkingCutIn,4980,-1,39,4548,5,2.70123,2.10865,1.281,1,0,0,outputs/gate6/snapshots/exact_town12_route10_route0_09_04_14_40_59/f004980.npz
route10,ParkingCutIn_1,ParkingCutIn,4984,-1,39,4276,1,2.79436,2.56078,1.091,1,0,0,outputs/gate6/snapshots/exact_town12_route10_route0_09_04_14_40_59/f004984.npz
route10,ParkingCutIn_1,ParkingCutIn,4988,-1,39,4547,6,2.91854,0.66787,4.37,1,1,1,outputs/gate6/snapshots/exact_town12_route10_route0_09_04_14_40_59/f004988.npz
route10,ParkingCutIn_1,ParkingCutIn,4992,-1,41,4547,6,1.18104,0.52194,2.263,1,1,1,outputs/gate6/snapshots/exact_town12_route10_route0_09_04_14_40_59/f004992.npz
route10,ParkingCutIn_1,ParkingCutIn,4996,-1,42,4547,7,0.9872,0.4386,2.251,1,1,1,outputs/gate6/snapshots/exact_town12_route10_route0_09_04_14_40_59/f004996.npz
route10,ParkingCutIn_1,ParkingCutIn,5000,-1,40,4547,7,0.55197,0.3148,1.753,1,1,1,outputs/gate6/snapshots/exact_town12_route10_route0_09_04_14_40_59/f005000.npz
route10,ParkingCutIn_1,ParkingCutIn,5004,-1,41,4276,1,10.90069,3.1206,3.493,1,1,1,outputs/gate6/snapshots/exact_town12_route10_route0_09_04_14_40_59/f005004.npz
route10,ParkingCutIn_1,ParkingCutIn,5008,-1,40,4276,1,10.72918,1.19888,8.949,1,1,1,outputs/gate6/snapshots/exact_town12_route10_route0_09_04_14_40_59/f005008.npz
route10,ParkingCutIn_1,ParkingCutIn,5012,-1,38,4276,1,11.50674,0.33654,34.191,1,1,1,outputs/gate6/snapshots/exact_town12_route10_route0_09_04_14_40_59/f005012.npz
route10,ParkingCutIn_1,ParkingCutIn,5016,-1,38,4276,1,11.7417,0.0505,232.494,1,1,1,outputs/gate6/snapshots/exact_town12_route10_route0_09_04_14_40_59/f005016.npz
route10,ParkingCutIn_1,ParkingCutIn,5020,-1,39,4276,1,11.50232,0.04897,230.046,1,1,1,outputs/gate6/snapshots/exact_town12_route10_route0_09_04_14_40_59/f005020.npz
route10,ParkingCutIn_1,ParkingCutIn,5024,-1,39,4276,1,11.3932,0.24799,45.943,1,1,1,outputs/gate6/snapshots/exact_town12_route10_route0_09_04_14_40_59/f005024.npz
route10,ParkingCutIn_1,ParkingCutIn,5028,-1,39,4276,1,10.72054,0.18681,57.387,1,1,1,outputs/gate6/snapshots/exact_town12_route10_route0_09_04_14_40_59/f005028.npz
route10,ParkingCutIn_1,ParkingCutIn,5032,-1,39,4276,1,10.28404,0.373,27.571,1,1,1,outputs/gate6/snapshots/exact_town12_route10_route0_09_04_14_40_59/f005032.npz
route10,ParkingCutIn_1,ParkingCutIn,5036,-1,40,4276,1,8.65419,0.69448,12.461,1,1,1,outputs/gate6/snapshots/exact_town12_route10_route0_09_04_14_40_59/f005036.npz
route10,ParkingCutIn_1,ParkingCutIn,5040,-1,40,4276,1,5.56701,0.33465,16.635,1,1,1,outputs/gate6/snapshots/exact_town12_route10_route0_09_04_14_40_59/f005040.npz
route10,ParkingCutIn_1,ParkingCutIn,5044,-1,40,4276,1,4.59664,0.23965,19.181,1,1,1,outputs/gate6/snapshots/exact_town12_route10_route0_09_04_14_40_59/f005044.npz
route10,ParkingCutIn_1,ParkingCutIn,5048,-1,40,4276,1,2.93507,0.22223,13.208,1,1,1,outputs/gate6/snapshots/exact_town12_route10_route0_09_04_14_40_59/f005048.npz
route10,ParkingCutIn_1,ParkingCutIn,5052,-1,40,4276,1,4.68878,0.21158,22.161,1,1,1,outputs/gate6/snapshots/exact_town12_route10_route0_09_04_14_40_59/f005052.npz
route10,ParkingCutIn_1,ParkingCutIn,5056,-1,40,4276,1,4.96332,0.20651,24.035,1,1,1,outputs/gate6/snapshots/exact_town12_route10_route0_09_04_14_40_59/f005056.npz
route10,ParkingCutIn_1,ParkingCutIn,5060,-1,39,4276,1,2.81073,0.23353,12.036,1,1,1,outputs/gate6/snapshots/exact_town12_route10_route0_09_04_14_40_59/f005060.npz
route10,ParkingCutIn_1,ParkingCutIn,5064,-1,40,4276,1,2.92241,0.37347,7.825,1,1,1,outputs/gate6/snapshots/exact_town12_route10_route0_09_04_14_40_59/f005064.npz
route10,ParkingCutIn_1,ParkingCutIn,5068,-1,39,4276,1,2.75271,0.89702,3.069,1,1,1,outputs/gate6/snapshots/exact_town12_route10_route0_09_04_14_40_59/f005068.npz
route10,ParkingCutIn_1,ParkingCutIn,5072,-1,40,4276,1,2.9499,1.22072,2.417,1,1,1,outputs/gate6/snapshots/exact_town12_route10_route0_09_04_14_40_59/f005072.npz
route10,ParkingCutIn_1,ParkingCutIn,5076,-1,41,4276,1,3.70405,1.03612,3.575,1,1,1,outputs/gate6/snapshots/exact_town12_route10_route0_09_04_14_40_59/f005076.npz
route10,ParkingCutIn_1,ParkingCutIn,5080,-1,41,4276,1,3.96278,1.18222,3.352,1,1,1,outputs/gate6/snapshots/exact_town12_route10_route0_09_04_14_40_59/f005080.npz
route10,ParkingCutIn_1,ParkingCutIn,5084,-1,40,4276,1,4.19104,1.07267,3.907,1,1,1,outputs/gate6/snapshots/exact_town12_route10_route0_09_04_14_40_59/f005084.npz
route10,ParkingCutIn_1,ParkingCutIn,5088,-1,40,4276,1,2.07648,1.49951,1.385,1,0,0,outputs/gate6/snapshots/exact_town12_route10_route0_09_04_14_40_59/f005088.npz
route10,ParkingCutIn_1,ParkingCutIn,5092,-1,40,4550,5,1.30491,1.18789,1.099,1,0,0,outputs/gate6/snapshots/exact_town12_route10_route0_09_04_14_40_59/f005092.npz
route10,ParkingCutIn_1,ParkingCutIn,5096,-1,41,4276,1,1.95994,0.75086,2.61,1,1,1,outputs/gate6/snapshots/exact_town12_route10_route0_09_04_14_40_59/f005096.npz
route10,ParkingCutIn_1,ParkingCutIn,5100,-1,41,4276,1,1.80165,0.25384,7.098,1,1,1,outputs/gate6/snapshots/exact_town12_route10_route0_09_04_14_40_59/f005100.npz
route10,ParkingCutIn_1,ParkingCutIn,5104,-1,41,4276,1,1.30565,0.16385,7.968,1,1,1,outputs/gate6/snapshots/exact_town12_route10_route0_09_04_14_40_59/f005104.npz
route10,ParkingCutIn_1,ParkingCutIn,5108,-1,41,4276,1,1.18584,0.1025,11.569,1,1,1,outputs/gate6/snapshots/exact_town12_route10_route0_09_04_14_40_59/f005108.npz
route10,ParkingCutIn_1,ParkingCutIn,5112,-1,41,4276,1,1.97588,0.10217,19.338,1,1,1,outputs/gate6/snapshots/exact_town12_route10_route0_09_04_14_40_59/f005112.npz
route10,ParkingCutIn_1,ParkingCutIn,5116,-1,41,4276,1,1.33358,0.15562,8.569,1,1,1,outputs/gate6/snapshots/exact_town12_route10_route0_09_04_14_40_59/f005116.npz
route10,ParkingCutIn_1,ParkingCutIn,5120,-1,41,4276,1,2.06132,0.19509,10.566,1,1,1,outputs/gate6/snapshots/exact_town12_route10_route0_09_04_14_40_59/f005120.npz
route10,ParkingCutIn_1,ParkingCutIn,5124,-1,43,4276,1,2.66383,0.26542,10.036,1,1,1,outputs/gate6/snapshots/exact_town12_route10_route0_09_04_14_40_59/f005124.npz
route10,PedestrianCrossing_2,PedestrianCrossing,12792,-1,15,4683,4,0.04617,0.04477,0.923,0,0,0,outputs/gate6/snapshots/exact_town12_route10_route0_09_04_14_40_59/f012792.npz
route10,PedestrianCrossing_2,PedestrianCrossing,12796,-1,16,4443,8,0.05894,0.0438,1.179,0,0,0,outputs/gate6/snapshots/exact_town12_route10_route0_09_04_14_40_59/f012796.npz
route10,PedestrianCrossing_2,PedestrianCrossing,12800,-1,17,4443,8,0.08155,0.05615,1.452,0,0,0,outputs/gate6/snapshots/exact_town12_route10_route0_09_04_14_40_59/f012800.npz
route10,PedestrianCrossing_2,PedestrianCrossing,12804,-1,18,4439,10,0.0606,0.04222,1.212,0,0,0,outputs/gate6/snapshots/exact_town12_route10_route0_09_04_14_40_59/f012804.npz
route10,PedestrianCrossing_2,PedestrianCrossing,12808,-1,18,4439,10,0.12948,0.06194,2.09,0,1,0,outputs/gate6/snapshots/exact_town12_route10_route0_09_04_14_40_59/f012808.npz
route10,PedestrianCrossing_2,PedestrianCrossing,12812,-1,19,4439,10,0.2074,0.05592,3.709,1,1,1,outputs/gate6/snapshots/exact_town12_route10_route0_09_04_14_40_59/f012812.npz
route10,PedestrianCrossing_2,PedestrianCrossing,12816,-1,20,4439,11,0.22171,0.07874,2.816,1,1,1,outputs/gate6/snapshots/exact_town12_route10_route0_09_04_14_40_59/f012816.npz
route10,PedestrianCrossing_2,PedestrianCrossing,12820,-1,21,4439,12,0.27832,0.07567,3.678,1,1,1,outputs/gate6/snapshots/exact_town12_route10_route0_09_04_14_40_59/f012820.npz
route10,PedestrianCrossing_2,PedestrianCrossing,12824,-1,23,4439,12,0.30809,0.16054,1.919,1,1,1,outputs/gate6/snapshots/exact_town12_route10_route0_09_04_14_40_59/f012824.npz
route10,PedestrianCrossing_2,PedestrianCrossing,12828,-1,23,4439,12,0.35484,0.21974,1.615,1,1,1,outputs/gate6/snapshots/exact_town12_route10_route0_09_04_14_40_59/f012828.npz
route10,PedestrianCrossing_2,PedestrianCrossing,12832,-1,23,4687,5,0.41502,0.2537,1.636,1,1,1,outputs/gate6/snapshots/exact_town12_route10_route0_09_04_14_40_59/f012832.npz
route10,PedestrianCrossing_2,PedestrianCrossing,12836,-1,24,4687,6,0.72225,0.22456,3.216,1,1,1,outputs/gate6/snapshots/exact_town12_route10_route0_09_04_14_40_59/f012836.npz
route10,PedestrianCrossing_2,PedestrianCrossing,12840,-1,25,4687,7,0.96108,0.27047,3.553,1,1,1,outputs/gate6/snapshots/exact_town12_route10_route0_09_04_14_40_59/f012840.npz
route10,PedestrianCrossing_2,PedestrianCrossing,12844,-1,26,4687,8,0.86092,0.54495,1.58,1,1,1,outputs/gate6/snapshots/exact_town12_route10_route0_09_04_14_40_59/f012844.npz
route10,PedestrianCrossing_2,PedestrianCrossing,12848,-1,26,4687,8,0.85233,0.50553,1.686,1,1,1,outputs/gate6/snapshots/exact_town12_route10_route0_09_04_14_40_59/f012848.npz
route10,PedestrianCrossing_2,PedestrianCrossing,12852,-1,26,4687,9,0.61295,0.46722,1.312,1,0,0,outputs/gate6/snapshots/exact_town12_route10_route0_09_04_14_40_59/f012852.npz
route10,PedestrianCrossing_2,PedestrianCrossing,12856,-1,28,4696,5,0.56104,0.44799,1.252,1,0,0,outputs/gate6/snapshots/exact_town12_route10_route0_09_04_14_40_59/f012856.npz
route10,PedestrianCrossing_2,PedestrianCrossing,12860,-1,28,4441,14,0.45096,0.43266,1.042,1,0,0,outputs/gate6/snapshots/exact_town12_route10_route0_09_04_14_40_59/f012860.npz
route10,PedestrianCrossing_2,PedestrianCrossing,12864,-1,28,4441,14,0.59487,0.26479,2.247,1,1,1,outputs/gate6/snapshots/exact_town12_route10_route0_09_04_14_40_59/f012864.npz
route10,PedestrianCrossing_2,PedestrianCrossing,12868,-1,28,4441,14,0.78712,0.15633,5.035,1,1,1,outputs/gate6/snapshots/exact_town12_route10_route0_09_04_14_40_59/f012868.npz
route10,PedestrianCrossing_2,PedestrianCrossing,12872,-1,28,4441,14,1.10712,0.43926,2.52,1,1,1,outputs/gate6/snapshots/exact_town12_route10_route0_09_04_14_40_59/f012872.npz
route10,PedestrianCrossing_2,PedestrianCrossing,12876,-1,27,4441,13,1.69345,0.62357,2.716,1,1,1,outputs/gate6/snapshots/exact_town12_route10_route0_09_04_14_40_59/f012876.npz
route10,PedestrianCrossing_2,PedestrianCrossing,12880,-1,27,4441,13,2.10533,0.54346,3.874,1,1,1,outputs/gate6/snapshots/exact_town12_route10_route0_09_04_14_40_59/f012880.npz
route10,PedestrianCrossing_2,PedestrianCrossing,12884,-1,27,4441,13,2.47301,0.56345,4.389,1,1,1,outputs/gate6/snapshots/exact_town12_route10_route0_09_04_14_40_59/f012884.npz
route10,PedestrianCrossing_2,PedestrianCrossing,12888,-1,27,4441,13,3.04811,0.78671,3.874,1,1,1,outputs/gate6/snapshots/exact_town12_route10_route0_09_04_14_40_59/f012888.npz
route10,PedestrianCrossing_2,PedestrianCrossing,12892,-1,28,4441,14,3.1383,0.92252,3.402,1,1,1,outputs/gate6/snapshots/exact_town12_route10_route0_09_04_14_40_59/f012892.npz
route10,PedestrianCrossing_2,PedestrianCrossing,12896,-1,28,4441,14,2.73694,0.66716,4.102,1,1,1,outputs/gate6/snapshots/exact_town12_route10_route0_09_04_14_40_59/f012896.npz
route10,PedestrianCrossing_2,PedestrianCrossing,12900,-1,28,4441,14,2.42116,0.24836,9.749,1,1,1,outputs/gate6/snapshots/exact_town12_route10_route0_09_04_14_40_59/f012900.npz
route10,PedestrianCrossing_2,PedestrianCrossing,12904,-1,28,4441,14,2.20765,0.1723,12.813,1,1,1,outputs/gate6/snapshots/exact_town12_route10_route0_09_04_14_40_59/f012904.npz
route10,PedestrianCrossing_2,PedestrianCrossing,12908,-1,28,4441,14,1.91662,0.42354,4.525,1,1,1,outputs/gate6/snapshots/exact_town12_route10_route0_09_04_14_40_59/f012908.npz
route10,PedestrianCrossing_2,PedestrianCrossing,12912,-1,29,4441,14,1.14116,0.67036,1.702,1,1,1,outputs/gate6/snapshots/exact_town12_route10_route0_09_04_14_40_59/f012912.npz
route10,PedestrianCrossing_2,PedestrianCrossing,12916,-1,30,4441,14,1.30488,0.50132,2.603,1,1,1,outputs/gate6/snapshots/exact_town12_route10_route0_09_04_14_40_59/f012916.npz
route10,PedestrianCrossing_2,PedestrianCrossing,12920,-1,30,4441,14,0.69502,0.40775,1.705,1,1,1,outputs/gate6/snapshots/exact_town12_route10_route0_09_04_14_40_59/f012920.npz
route10,PedestrianCrossing_2,PedestrianCrossing,12924,-1,30,4441,14,0.25194,0.19332,1.303,1,0,0,outputs/gate6/snapshots/exact_town12_route10_route0_09_04_14_40_59/f012924.npz
route10,PedestrianCrossing_2,PedestrianCrossing,12928,-1,32,4680,14,0.13287,0.0853,1.558,0,1,0,outputs/gate6/snapshots/exact_town12_route10_route0_09_04_14_40_59/f012928.npz
route10,PedestrianCrossing_2,PedestrianCrossing,12932,-1,30,4439,16,0.08819,0.06277,1.405,0,0,0,outputs/gate6/snapshots/exact_town12_route10_route0_09_04_14_40_59/f012932.npz
route10,PedestrianCrossing_2,PedestrianCrossing,12936,-1,23,4441,15,0.12755,0.03948,2.551,0,1,0,outputs/gate6/snapshots/exact_town12_route10_route0_09_04_14_40_59/f012936.npz
route10,PedestrianCrossing_2,PedestrianCrossing,12940,-1,21,4441,15,0.10247,0.02964,2.049,0,1,0,outputs/gate6/snapshots/exact_town12_route10_route0_09_04_14_40_59/f012940.npz
route10,PedestrianCrossing_2,PedestrianCrossing,12944,-1,20,4441,15,0.06248,0.03411,1.25,0,0,0,outputs/gate6/snapshots/exact_town12_route10_route0_09_04_14_40_59/f012944.npz
route10,PedestrianCrossing_2,PedestrianCrossing,12948,-1,20,4696,8,0.04627,0.0308,0.925,0,0,0,outputs/gate6/snapshots/exact_town12_route10_route0_09_04_14_40_59/f012948.npz
route10,PedestrianCrossing_2,PedestrianCrossing,12952,-1,19,4696,8,0.05022,0.01781,1.004,0,0,0,outputs/gate6/snapshots/exact_town12_route10_route0_09_04_14_40_59/f012952.npz
route10,PedestrianCrossing_2,PedestrianCrossing,12956,-1,15,4696,8,0.02362,0.01842,0.472,0,0,0,outputs/gate6/snapshots/exact_town12_route10_route0_09_04_14_40_59/f012956.npz
route10,PedestrianCrossing_2,PedestrianCrossing,12960,-1,15,4696,8,0.01962,0.01408,0.392,0,0,0,outputs/gate6/snapshots/exact_town12_route10_route0_09_04_14_40_59/f012960.npz
route10,PedestrianCrossing_3,PedestrianCrossing,17576,-1,4,4875,1,0.37663,0.13513,2.787,1,1,1,outputs/gate6/snapshots/exact_town12_route10_route0_09_04_14_40_59/f017576.npz
route10,PedestrianCrossing_3,PedestrianCrossing,17580,-1,5,4875,2,0.11274,0.10408,1.083,0,0,0,outputs/gate6/snapshots/exact_town12_route10_route0_09_04_14_40_59/f017580.npz
route10,PedestrianCrossing_3,PedestrianCrossing,17584,-1,6,4653,6,0.39595,0.18538,2.136,1,1,1,outputs/gate6/snapshots/exact_town12_route10_route0_09_04_14_40_59/f017584.npz
route10,PedestrianCrossing_3,PedestrianCrossing,17588,-1,7,4653,7,0.37117,0.21552,1.722,1,1,1,outputs/gate6/snapshots/exact_town12_route10_route0_09_04_14_40_59/f017588.npz
route10,PedestrianCrossing_3,PedestrianCrossing,17592,-1,7,4653,7,0.40651,0.31367,1.296,1,0,0,outputs/gate6/snapshots/exact_town12_route10_route0_09_04_14_40_59/f017592.npz
route10,PedestrianCrossing_3,PedestrianCrossing,17596,-1,7,4877,2,0.48676,0.41119,1.184,1,0,0,outputs/gate6/snapshots/exact_town12_route10_route0_09_04_14_40_59/f017596.npz
route10,PedestrianCrossing_3,PedestrianCrossing,17600,-1,7,4877,2,0.82718,0.39642,2.087,1,1,1,outputs/gate6/snapshots/exact_town12_route10_route0_09_04_14_40_59/f017600.npz
route10,PedestrianCrossing_3,PedestrianCrossing,17604,-1,7,4877,2,0.95761,0.39649,2.415,1,1,1,outputs/gate6/snapshots/exact_town12_route10_route0_09_04_14_40_59/f017604.npz
route10,PedestrianCrossing_3,PedestrianCrossing,17608,-1,7,4877,2,1.16296,0.32807,3.545,1,1,1,outputs/gate6/snapshots/exact_town12_route10_route0_09_04_14_40_59/f017608.npz
route10,PedestrianCrossing_3,PedestrianCrossing,17612,-1,7,4877,2,1.23222,0.36383,3.387,1,1,1,outputs/gate6/snapshots/exact_town12_route10_route0_09_04_14_40_59/f017612.npz
route10,PedestrianCrossing_3,PedestrianCrossing,17616,-1,7,4877,2,1.12632,0.38513,2.924,1,1,1,outputs/gate6/snapshots/exact_town12_route10_route0_09_04_14_40_59/f017616.npz
route10,PedestrianCrossing_3,PedestrianCrossing,17620,-1,7,4877,2,0.82516,0.38828,2.125,1,1,1,outputs/gate6/snapshots/exact_town12_route10_route0_09_04_14_40_59/f017620.npz
route10,PedestrianCrossing_3,PedestrianCrossing,17624,-1,7,4877,2,0.81911,0.38227,2.143,1,1,1,outputs/gate6/snapshots/exact_town12_route10_route0_09_04_14_40_59/f017624.npz
route10,PedestrianCrossing_3,PedestrianCrossing,17628,-1,7,4877,2,0.66738,0.38745,1.722,1,1,1,outputs/gate6/snapshots/exact_town12_route10_route0_09_04_14_40_59/f017628.npz
route10,PedestrianCrossing_3,PedestrianCrossing,17632,-1,7,4877,3,0.54948,0.41339,1.329,1,0,0,outputs/gate6/snapshots/exact_town12_route10_route0_09_04_14_40_59/f017632.npz
route10,PedestrianCrossing_3,PedestrianCrossing,17636,-1,7,4877,3,0.55117,0.44119,1.249,1,0,0,outputs/gate6/snapshots/exact_town12_route10_route0_09_04_14_40_59/f017636.npz
route10,PedestrianCrossing_3,PedestrianCrossing,17640,-1,7,4655,6,0.82363,0.44006,1.872,1,1,1,outputs/gate6/snapshots/exact_town12_route10_route0_09_04_14_40_59/f017640.npz
route10,PedestrianCrossing_3,PedestrianCrossing,17644,-1,7,4655,6,1.37439,0.31091,4.421,1,1,1,outputs/gate6/snapshots/exact_town12_route10_route0_09_04_14_40_59/f017644.npz
route10,PedestrianCrossing_3,PedestrianCrossing,17648,-1,7,4655,6,2.10578,0.21962,9.588,1,1,1,outputs/gate6/snapshots/exact_town12_route10_route0_09_04_14_40_59/f017648.npz
route10,PedestrianCrossing_3,PedestrianCrossing,17652,-1,8,4655,7,2.6344,0.16868,15.617,1,1,1,outputs/gate6/snapshots/exact_town12_route10_route0_09_04_14_40_59/f017652.npz
route10,PedestrianCrossing_3,PedestrianCrossing,17656,-1,8,4655,7,3.40025,0.13649,24.913,1,1,1,outputs/gate6/snapshots/exact_town12_route10_route0_09_04_14_40_59/f017656.npz
route10,PedestrianCrossing_3,PedestrianCrossing,17660,-1,8,4655,7,3.77656,0.10372,36.412,1,1,1,outputs/gate6/snapshots/exact_town12_route10_route0_09_04_14_40_59/f017660.npz
route10,PedestrianCrossing_3,PedestrianCrossing,17664,-1,9,4655,8,4.01624,0.10049,39.968,1,1,1,outputs/gate6/snapshots/exact_town12_route10_route0_09_04_14_40_59/f017664.npz
route10,PedestrianCrossing_3,PedestrianCrossing,17668,-1,9,4655,8,4.09795,0.12932,31.688,1,1,1,outputs/gate6/snapshots/exact_town12_route10_route0_09_04_14_40_59/f017668.npz
route10,PedestrianCrossing_3,PedestrianCrossing,17672,-1,9,4655,8,3.60564,0.19031,18.946,1,1,1,outputs/gate6/snapshots/exact_town12_route10_route0_09_04_14_40_59/f017672.npz
route10,PedestrianCrossing_3,PedestrianCrossing,17676,-1,8,4655,7,1.62146,0.36593,4.431,1,1,1,outputs/gate6/snapshots/exact_town12_route10_route0_09_04_14_40_59/f017676.npz
route10,PedestrianCrossing_3,PedestrianCrossing,17680,-1,8,4655,7,0.51614,0.49654,1.039,1,0,0,outputs/gate6/snapshots/exact_town12_route10_route0_09_04_14_40_59/f017680.npz
route10,PedestrianCrossing_3,PedestrianCrossing,17684,-1,8,4882,2,1.09446,0.15868,6.897,1,1,1,outputs/gate6/snapshots/exact_town12_route10_route0_09_04_14_40_59/f017684.npz
route10,PedestrianCrossing_3,PedestrianCrossing,17688,-1,8,4882,2,1.82684,0.77232,2.365,1,1,1,outputs/gate6/snapshots/exact_town12_route10_route0_09_04_14_40_59/f017688.npz
route10,PedestrianCrossing_3,PedestrianCrossing,17692,-1,8,4882,2,2.11398,0.83254,2.539,1,1,1,outputs/gate6/snapshots/exact_town12_route10_route0_09_04_14_40_59/f017692.npz
route10,PedestrianCrossing_3,PedestrianCrossing,17696,-1,6,4882,2,2.1745,0.70787,3.072,1,1,1,outputs/gate6/snapshots/exact_town12_route10_route0_09_04_14_40_59/f017696.npz
route10,PedestrianCrossing_3,PedestrianCrossing,17700,-1,9,4882,4,1.65422,0.78576,2.105,1,1,1,outputs/gate6/snapshots/exact_town12_route10_route0_09_04_14_40_59/f017700.npz
route10,PedestrianCrossing_3,PedestrianCrossing,17704,-1,9,4882,4,1.19136,1.15525,1.031,1,0,0,outputs/gate6/snapshots/exact_town12_route10_route0_09_04_14_40_59/f017704.npz
route10,PedestrianCrossing_3,PedestrianCrossing,17708,-1,9,4655,9,1.61609,1.01412,1.594,1,1,1,outputs/gate6/snapshots/exact_town12_route10_route0_09_04_14_40_59/f017708.npz
route10,PedestrianCrossing_3,PedestrianCrossing,17712,-1,9,4655,9,2.05972,0.6613,3.115,1,1,1,outputs/gate6/snapshots/exact_town12_route10_route0_09_04_14_40_59/f017712.npz
route10,PedestrianCrossing_3,PedestrianCrossing,17716,-1,9,4655,9,1.92991,0.5587,3.454,1,1,1,outputs/gate6/snapshots/exact_town12_route10_route0_09_04_14_40_59/f017716.npz
route10,PedestrianCrossing_3,PedestrianCrossing,17720,-1,9,4882,4,1.51586,0.96656,1.568,1,1,1,outputs/gate6/snapshots/exact_town12_route10_route0_09_04_14_40_59/f017720.npz
route10,PedestrianCrossing_3,PedestrianCrossing,17724,-1,8,4882,4,2.21663,0.3998,5.544,1,1,1,outputs/gate6/snapshots/exact_town12_route10_route0_09_04_14_40_59/f017724.npz
route10,PedestrianCrossing_3,PedestrianCrossing,17728,-1,8,4882,4,2.2846,0.23458,9.739,1,1,1,outputs/gate6/snapshots/exact_town12_route10_route0_09_04_14_40_59/f017728.npz
route10,PedestrianCrossing_3,PedestrianCrossing,17732,-1,8,4882,4,2.05258,0.45134,4.548,1,1,1,outputs/gate6/snapshots/exact_town12_route10_route0_09_04_14_40_59/f017732.npz
route10,PedestrianCrossing_3,PedestrianCrossing,17736,-1,8,4882,4,3.34348,1.37666,2.429,1,1,1,outputs/gate6/snapshots/exact_town12_route10_route0_09_04_14_40_59/f017736.npz
route10,PedestrianCrossing_3,PedestrianCrossing,17740,-1,8,4882,4,1.16096,0.11153,10.409,1,1,1,outputs/gate6/snapshots/exact_town12_route10_route0_09_04_14_40_59/f017740.npz
route10,PedestrianCrossing_3,PedestrianCrossing,17744,-1,8,4882,4,0.41215,0.28785,1.432,1,0,0,outputs/gate6/snapshots/exact_town12_route10_route0_09_04_14_40_59/f017744.npz
route10,PedestrianCrossing_3,PedestrianCrossing,17748,-1,8,4882,4,0.20669,0.13566,1.524,1,1,1,outputs/gate6/snapshots/exact_town12_route10_route0_09_04_14_40_59/f017748.npz
route10,PedestrianCrossing_3,PedestrianCrossing,17752,-1,9,4882,4,0.57403,0.07356,7.803,1,1,1,outputs/gate6/snapshots/exact_town12_route10_route0_09_04_14_40_59/f017752.npz
route10,PedestrianCrossing_3,PedestrianCrossing,17756,-1,9,4882,4,0.67449,0.07361,9.163,1,1,1,outputs/gate6/snapshots/exact_town12_route10_route0_09_04_14_40_59/f017756.npz
route10,PedestrianCrossing_3,PedestrianCrossing,17760,-1,8,4882,5,0.54382,0.12091,4.498,1,1,1,outputs/gate6/snapshots/exact_town12_route10_route0_09_04_14_40_59/f017760.npz
route10,PedestrianCrossing_3,PedestrianCrossing,17764,-1,8,4882,5,0.41829,0.14265,2.932,1,1,1,outputs/gate6/snapshots/exact_town12_route10_route0_09_04_14_40_59/f017764.npz
route10,PedestrianCrossing_3,PedestrianCrossing,17768,-1,8,4882,5,0.28254,0.13865,2.038,1,1,1,outputs/gate6/snapshots/exact_town12_route10_route0_09_04_14_40_59/f017768.npz
route10,PedestrianCrossing_3,PedestrianCrossing,17772,-1,8,4882,5,0.22578,0.14143,1.596,1,1,1,outputs/gate6/snapshots/exact_town12_route10_route0_09_04_14_40_59/f017772.npz
route10,HardBreakRoute_3,HardBreakRoute,12696,-1,7,4663,7,0.71462,0.5195,1.376,1,0,0,outputs/gate6/snapshots/exact_town12_route10_route0_09_04_14_40_59/f012696.npz
route10,HardBreakRoute_3,HardBreakRoute,12700,-1,7,4663,7,0.4992,0.45835,1.089,1,0,0,outputs/gate6/snapshots/exact_town12_route10_route0_09_04_14_40_59/f012700.npz
route10,HardBreakRoute_3,HardBreakRoute,12704,-1,7,4664,6,0.40759,0.31821,1.281,1,0,0,outputs/gate6/snapshots/exact_town12_route10_route0_09_04_14_40_59/f012704.npz
route10,HardBreakRoute_3,HardBreakRoute,12708,-1,7,4664,6,0.41942,0.41714,1.005,1,0,0,outputs/gate6/snapshots/exact_town12_route10_route0_09_04_14_40_59/f012708.npz
route10,HardBreakRoute_3,HardBreakRoute,12712,-1,7,4663,7,0.67515,0.47965,1.408,1,0,0,outputs/gate6/snapshots/exact_town12_route10_route0_09_04_14_40_59/f012712.npz
route10,HardBreakRoute_3,HardBreakRoute,12716,-1,7,4663,7,0.55297,0.47123,1.173,1,0,0,outputs/gate6/snapshots/exact_town12_route10_route0_09_04_14_40_59/f012716.npz
route10,HardBreakRoute_3,HardBreakRoute,12720,-1,7,4664,6,0.47506,0.09982,4.759,1,1,1,outputs/gate6/snapshots/exact_town12_route10_route0_09_04_14_40_59/f012720.npz
route10,HardBreakRoute_3,HardBreakRoute,12724,-1,7,4664,6,0.49944,0.24751,2.018,1,1,1,outputs/gate6/snapshots/exact_town12_route10_route0_09_04_14_40_59/f012724.npz
route10,HardBreakRoute_3,HardBreakRoute,12728,-1,9,4664,6,0.48506,0.3566,1.36,1,0,0,outputs/gate6/snapshots/exact_town12_route10_route0_09_04_14_40_59/f012728.npz
route10,HardBreakRoute_3,HardBreakRoute,12732,-1,10,4664,7,0.46934,0.39489,1.189,1,0,0,outputs/gate6/snapshots/exact_town12_route10_route0_09_04_14_40_59/f012732.npz
route10,HardBreakRoute_3,HardBreakRoute,12736,-1,10,4664,7,0.51961,0.35136,1.479,1,0,0,outputs/gate6/snapshots/exact_town12_route10_route0_09_04_14_40_59/f012736.npz
route10,HardBreakRoute_3,HardBreakRoute,12740,-1,11,4664,7,0.55702,0.23513,2.369,1,1,1,outputs/gate6/snapshots/exact_town12_route10_route0_09_04_14_40_59/f012740.npz
route10,HardBreakRoute_3,HardBreakRoute,12744,-1,10,4664,6,0.66273,0.36568,1.812,1,1,1,outputs/gate6/snapshots/exact_town12_route10_route0_09_04_14_40_59/f012744.npz
route10,HardBreakRoute_3,HardBreakRoute,12748,-1,10,4664,6,0.72663,0.47758,1.521,1,1,1,outputs/gate6/snapshots/exact_town12_route10_route0_09_04_14_40_59/f012748.npz
route10,HardBreakRoute_3,HardBreakRoute,12752,-1,11,4664,7,0.75393,0.48863,1.543,1,1,1,outputs/gate6/snapshots/exact_town12_route10_route0_09_04_14_40_59/f012752.npz
route10,HardBreakRoute_3,HardBreakRoute,12756,-1,11,4664,7,0.8854,0.44964,1.969,1,1,1,outputs/gate6/snapshots/exact_town12_route10_route0_09_04_14_40_59/f012756.npz
route10,HardBreakRoute_3,HardBreakRoute,12760,-1,11,4680,5,0.05028,0.04944,1.006,0,0,0,outputs/gate6/snapshots/exact_town12_route10_route0_09_04_14_40_59/f012760.npz
route10,HardBreakRoute_3,HardBreakRoute,12764,-1,13,4685,1,0.06285,0.04988,1.257,0,0,0,outputs/gate6/snapshots/exact_town12_route10_route0_09_04_14_40_59/f012764.npz
route10,HardBreakRoute_3,HardBreakRoute,12768,-1,12,4685,1,0.06223,0.05931,1.049,0,0,0,outputs/gate6/snapshots/exact_town12_route10_route0_09_04_14_40_59/f012768.npz
route10,HardBreakRoute_3,HardBreakRoute,12772,-1,12,4685,1,0.08725,0.06711,1.3,0,0,0,outputs/gate6/snapshots/exact_town12_route10_route0_09_04_14_40_59/f012772.npz
route10,HardBreakRoute_3,HardBreakRoute,12776,-1,14,4685,2,0.16903,0.09546,1.771,0,1,0,outputs/gate6/snapshots/exact_town12_route10_route0_09_04_14_40_59/f012776.npz
route10,HardBreakRoute_3,HardBreakRoute,12780,-1,14,4685,2,0.19876,0.12604,1.577,0,1,0,outputs/gate6/snapshots/exact_town12_route10_route0_09_04_14_40_59/f012780.npz
route10,HardBreakRoute_3,HardBreakRoute,12784,-1,16,4683,5,0.1077,0.0612,1.76,0,1,0,outputs/gate6/snapshots/exact_town12_route10_route0_09_04_14_40_59/f012784.npz
route10,HardBreakRoute_3,HardBreakRoute,12788,-1,14,4683,4,0.12279,0.08773,1.4,0,0,0,outputs/gate6/snapshots/exact_town12_route10_route0_09_04_14_40_59/f012788.npz
route10,HardBreakRoute_3,HardBreakRoute,12792,-1,15,4683,4,0.04617,0.04477,0.923,0,0,0,outputs/gate6/snapshots/exact_town12_route10_route0_09_04_14_40_59/f012792.npz
route10,HardBreakRoute_3,HardBreakRoute,12796,-1,16,4443,8,0.05894,0.0438,1.179,0,0,0,outputs/gate6/snapshots/exact_town12_route10_route0_09_04_14_40_59/f012796.npz
route10,HardBreakRoute_3,HardBreakRoute,12800,-1,17,4443,8,0.08155,0.05615,1.452,0,0,0,outputs/gate6/snapshots/exact_town12_route10_route0_09_04_14_40_59/f012800.npz
route10,HardBreakRoute_3,HardBreakRoute,12804,-1,18,4439,10,0.0606,0.04222,1.212,0,0,0,outputs/gate6/snapshots/exact_town12_route10_route0_09_04_14_40_59/f012804.npz
route10,HardBreakRoute_3,HardBreakRoute,12808,-1,18,4439,10,0.12948,0.06194,2.09,0,1,0,outputs/gate6/snapshots/exact_town12_route10_route0_09_04_14_40_59/f012808.npz
route10,HardBreakRoute_3,HardBreakRoute,12812,-1,19,4439,10,0.2074,0.05592,3.709,1,1,1,outputs/gate6/snapshots/exact_town12_route10_route0_09_04_14_40_59/f012812.npz
route10,HardBreakRoute_3,HardBreakRoute,12816,-1,20,4439,11,0.22171,0.07874,2.816,1,1,1,outputs/gate6/snapshots/exact_town12_route10_route0_09_04_14_40_59/f012816.npz
route10,HardBreakRoute_3,HardBreakRoute,12820,-1,21,4439,12,0.27832,0.07567,3.678,1,1,1,outputs/gate6/snapshots/exact_town12_route10_route0_09_04_14_40_59/f012820.npz
route10,HardBreakRoute_3,HardBreakRoute,12824,-1,23,4439,12,0.30809,0.16054,1.919,1,1,1,outputs/gate6/snapshots/exact_town12_route10_route0_09_04_14_40_59/f012824.npz
route10,HardBreakRoute_3,HardBreakRoute,12828,-1,23,4439,12,0.35484,0.21974,1.615,1,1,1,outputs/gate6/snapshots/exact_town12_route10_route0_09_04_14_40_59/f012828.npz
route10,HardBreakRoute_3,HardBreakRoute,12832,-1,23,4687,5,0.41502,0.2537,1.636,1,1,1,outputs/gate6/snapshots/exact_town12_route10_route0_09_04_14_40_59/f012832.npz
route10,HardBreakRoute_3,HardBreakRoute,12836,-1,24,4687,6,0.72225,0.22456,3.216,1,1,1,outputs/gate6/snapshots/exact_town12_route10_route0_09_04_14_40_59/f012836.npz
route10,HardBreakRoute_3,HardBreakRoute,12840,-1,25,4687,7,0.96108,0.27047,3.553,1,1,1,outputs/gate6/snapshots/exact_town12_route10_route0_09_04_14_40_59/f012840.npz
route10,HardBreakRoute_3,HardBreakRoute,12844,-1,26,4687,8,0.86092,0.54495,1.58,1,1,1,outputs/gate6/snapshots/exact_town12_route10_route0_09_04_14_40_59/f012844.npz
route10,HardBreakRoute_3,HardBreakRoute,12848,-1,26,4687,8,0.85233,0.50553,1.686,1,1,1,outputs/gate6/snapshots/exact_town12_route10_route0_09_04_14_40_59/f012848.npz
route10,HardBreakRoute_3,HardBreakRoute,12852,-1,26,4687,9,0.61295,0.46722,1.312,1,0,0,outputs/gate6/snapshots/exact_town12_route10_route0_09_04_14_40_59/f012852.npz
route10,HardBreakRoute_3,HardBreakRoute,12856,-1,28,4696,5,0.56104,0.44799,1.252,1,0,0,outputs/gate6/snapshots/exact_town12_route10_route0_09_04_14_40_59/f012856.npz
route10,HardBreakRoute_3,HardBreakRoute,12860,-1,28,4441,14,0.45096,0.43266,1.042,1,0,0,outputs/gate6/snapshots/exact_town12_route10_route0_09_04_14_40_59/f012860.npz
route10,HardBreakRoute_3,HardBreakRoute,12864,-1,28,4441,14,0.59487,0.26479,2.247,1,1,1,outputs/gate6/snapshots/exact_town12_route10_route0_09_04_14_40_59/f012864.npz
route10,HardBreakRoute_3,HardBreakRoute,12868,-1,28,4441,14,0.78712,0.15633,5.035,1,1,1,outputs/gate6/snapshots/exact_town12_route10_route0_09_04_14_40_59/f012868.npz
route10,HardBreakRoute_3,HardBreakRoute,12872,-1,28,4441,14,1.10712,0.43926,2.52,1,1,1,outputs/gate6/snapshots/exact_town12_route10_route0_09_04_14_40_59/f012872.npz
route10,HardBreakRoute_3,HardBreakRoute,12876,-1,27,4441,13,1.69345,0.62357,2.716,1,1,1,outputs/gate6/snapshots/exact_town12_route10_route0_09_04_14_40_59/f012876.npz
route10,HardBreakRoute_3,HardBreakRoute,12880,-1,27,4441,13,2.10533,0.54346,3.874,1,1,1,outputs/gate6/snapshots/exact_town12_route10_route0_09_04_14_40_59/f012880.npz
route10,HardBreakRoute_3,HardBreakRoute,12884,-1,27,4441,13,2.47301,0.56345,4.389,1,1,1,outputs/gate6/snapshots/exact_town12_route10_route0_09_04_14_40_59/f012884.npz
route10,HardBreakRoute_3,HardBreakRoute,12888,-1,27,4441,13,3.04811,0.78671,3.874,1,1,1,outputs/gate6/snapshots/exact_town12_route10_route0_09_04_14_40_59/f012888.npz
route10,HardBreakRoute_3,HardBreakRoute,12892,-1,28,4441,14,3.1383,0.92252,3.402,1,1,1,outputs/gate6/snapshots/exact_town12_route10_route0_09_04_14_40_59/f012892.npz
route10,HardBreakRoute_3,HardBreakRoute,12896,-1,28,4441,14,2.73694,0.66716,4.102,1,1,1,outputs/gate6/snapshots/exact_town12_route10_route0_09_04_14_40_59/f012896.npz
route10,HardBreakRoute_3,HardBreakRoute,12900,-1,28,4441,14,2.42116,0.24836,9.749,1,1,1,outputs/gate6/snapshots/exact_town12_route10_route0_09_04_14_40_59/f012900.npz
route10,HardBreakRoute_3,HardBreakRoute,12904,-1,28,4441,14,2.20765,0.1723,12.813,1,1,1,outputs/gate6/snapshots/exact_town12_route10_route0_09_04_14_40_59/f012904.npz
route10,HardBreakRoute_3,HardBreakRoute,12908,-1,28,4441,14,1.91662,0.42354,4.525,1,1,1,outputs/gate6/snapshots/exact_town12_route10_route0_09_04_14_40_59/f012908.npz
route10,HardBreakRoute_3,HardBreakRoute,12912,-1,29,4441,14,1.14116,0.67036,1.702,1,1,1,outputs/gate6/snapshots/exact_town12_route10_route0_09_04_14_40_59/f012912.npz
route10,HardBreakRoute_3,HardBreakRoute,12916,-1,30,4441,14,1.30488,0.50132,2.603,1,1,1,outputs/gate6/snapshots/exact_town12_route10_route0_09_04_14_40_59/f012916.npz
route10,HardBreakRoute_3,HardBreakRoute,12920,-1,30,4441,14,0.69502,0.40775,1.705,1,1,1,outputs/gate6/snapshots/exact_town12_route10_route0_09_04_14_40_59/f012920.npz
route10,HardBreakRoute_3,HardBreakRoute,12924,-1,30,4441,14,0.25194,0.19332,1.303,1,0,0,outputs/gate6/snapshots/exact_town12_route10_route0_09_04_14_40_59/f012924.npz
route10,HardBreakRoute_3,HardBreakRoute,12928,-1,32,4680,14,0.13287,0.0853,1.558,0,1,0,outputs/gate6/snapshots/exact_town12_route10_route0_09_04_14_40_59/f012928.npz
route10,HardBreakRoute_3,HardBreakRoute,12932,-1,30,4439,16,0.08819,0.06277,1.405,0,0,0,outputs/gate6/snapshots/exact_town12_route10_route0_09_04_14_40_59/f012932.npz
route10,HardBreakRoute_3,HardBreakRoute,12936,-1,23,4441,15,0.12755,0.03948,2.551,0,1,0,outputs/gate6/snapshots/exact_town12_route10_route0_09_04_14_40_59/f012936.npz
route10,HardBreakRoute_3,HardBreakRoute,12940,-1,21,4441,15,0.10247,0.02964,2.049,0,1,0,outputs/gate6/snapshots/exact_town12_route10_route0_09_04_14_40_59/f012940.npz
route10,HardBreakRoute_3,HardBreakRoute,12944,-1,20,4441,15,0.06248,0.03411,1.25,0,0,0,outputs/gate6/snapshots/exact_town12_route10_route0_09_04_14_40_59/f012944.npz
route10,HardBreakRoute_3,HardBreakRoute,12948,-1,20,4696,8,0.04627,0.0308,0.925,0,0,0,outputs/gate6/snapshots/exact_town12_route10_route0_09_04_14_40_59/f012948.npz
route10,HardBreakRoute_3,HardBreakRoute,12952,-1,19,4696,8,0.05022,0.01781,1.004,0,0,0,outputs/gate6/snapshots/exact_town12_route10_route0_09_04_14_40_59/f012952.npz
route10,HardBreakRoute_3,HardBreakRoute,12956,-1,15,4696,8,0.02362,0.01842,0.472,0,0,0,outputs/gate6/snapshots/exact_town12_route10_route0_09_04_14_40_59/f012956.npz
route10,HardBreakRoute_3,HardBreakRoute,12960,-1,15,4696,8,0.01962,0.01408,0.392,0,0,0,outputs/gate6/snapshots/exact_town12_route10_route0_09_04_14_40_59/f012960.npz
route10,HardBreakRoute_3,HardBreakRoute,12964,-1,16,4696,8,0.01883,0.00914,0.377,0,0,0,outputs/gate6/snapshots/exact_town12_route10_route0_09_04_14_40_59/f012964.npz
route10,HardBreakRoute_3,HardBreakRoute,12968,-1,16,4696,8,0.04375,0.00872,0.875,0,0,0,outputs/gate6/snapshots/exact_town12_route10_route0_09_04_14_40_59/f012968.npz
route10,HardBreakRoute_3,HardBreakRoute,12972,-1,15,4696,8,0.06187,0.00839,1.237,0,0,0,outputs/gate6/snapshots/exact_town12_route10_route0_09_04_14_40_59/f012972.npz
route10,HardBreakRoute_3,HardBreakRoute,12976,-1,13,4690,10,0.01149,0.01004,0.23,0,0,0,outputs/gate6/snapshots/exact_town12_route10_route0_09_04_14_40_59/f012976.npz
route10,HardBreakRoute_3,HardBreakRoute,12980,-1,13,4692,9,0.01249,0.01131,0.25,0,0,0,outputs/gate6/snapshots/exact_town12_route10_route0_09_04_14_40_59/f012980.npz
route10,HardBreakRoute_3,HardBreakRoute,12984,-1,17,4692,11,0.01534,0.00929,0.307,0,0,0,outputs/gate6/snapshots/exact_town12_route10_route0_09_04_14_40_59/f012984.npz
route10,HardBreakRoute_3,HardBreakRoute,12988,-1,17,4692,11,0.01558,0.00912,0.312,0,0,0,outputs/gate6/snapshots/exact_town12_route10_route0_09_04_14_40_59/f012988.npz
route10,HardBreakRoute_3,HardBreakRoute,12992,-1,16,4692,11,0.01227,0.00836,0.245,0,0,0,outputs/gate6/snapshots/exact_town12_route10_route0_09_04_14_40_59/f012992.npz
route10,HardBreakRoute_3,HardBreakRoute,12996,-1,16,4692,11,0.01078,0.00667,0.216,0,0,0,outputs/gate6/snapshots/exact_town12_route10_route0_09_04_14_40_59/f012996.npz
route10,HardBreakRoute_3,HardBreakRoute,13000,-1,16,4713,1,0.01017,0.0071,0.203,0,0,0,outputs/gate6/snapshots/exact_town12_route10_route0_09_04_14_40_59/f013000.npz
route10,HardBreakRoute_3,HardBreakRoute,13004,-1,17,4708,6,0.01029,0.00968,0.206,0,0,0,outputs/gate6/snapshots/exact_town12_route10_route0_09_04_14_40_59/f013004.npz
route10,HardBreakRoute_3,HardBreakRoute,13008,-1,17,4695,11,0.01128,0.00978,0.226,0,0,0,outputs/gate6/snapshots/exact_town12_route10_route0_09_04_14_40_59/f013008.npz
route10,HardBreakRoute_3,HardBreakRoute,13012,-1,17,4689,16,0.01157,0.01136,0.231,0,0,0,outputs/gate6/snapshots/exact_town12_route10_route0_09_04_14_40_59/f013012.npz
route10,HardBreakRoute_3,HardBreakRoute,13016,-1,17,4691,14,0.01145,0.01099,0.229,0,0,0,outputs/gate6/snapshots/exact_town12_route10_route0_09_04_14_40_59/f013016.npz
route10,HardBreakRoute_3,HardBreakRoute,13020,-1,16,4692,13,0.01358,0.01303,0.272,0,0,0,outputs/gate6/snapshots/exact_town12_route10_route0_09_04_14_40_59/f013020.npz
route10,HardBreakRoute_3,HardBreakRoute,13024,-1,16,4692,13,0.01873,0.01262,0.375,0,0,0,outputs/gate6/snapshots/exact_town12_route10_route0_09_04_14_40_59/f013024.npz
route10,HardBreakRoute_3,HardBreakRoute,13028,-1,16,4692,13,0.02511,0.01195,0.502,0,0,0,outputs/gate6/snapshots/exact_town12_route10_route0_09_04_14_40_59/f013028.npz
route10,HardBreakRoute_3,HardBreakRoute,13032,-1,15,4692,12,0.03272,0.01281,0.654,0,0,0,outputs/gate6/snapshots/exact_town12_route10_route0_09_04_14_40_59/f013032.npz
route10,HardBreakRoute_3,HardBreakRoute,13036,-1,14,4692,11,0.03592,0.01374,0.718,0,0,0,outputs/gate6/snapshots/exact_town12_route10_route0_09_04_14_40_59/f013036.npz
route10,HardBreakRoute_3,HardBreakRoute,13040,-1,14,4692,11,0.04632,0.01609,0.926,0,0,0,outputs/gate6/snapshots/exact_town12_route10_route0_09_04_14_40_59/f013040.npz
route10,HardBreakRoute_3,HardBreakRoute,13044,-1,14,4692,11,0.05685,0.01864,1.137,0,0,0,outputs/gate6/snapshots/exact_town12_route10_route0_09_04_14_40_59/f013044.npz
route10,HardBreakRoute_3,HardBreakRoute,13048,-1,16,4692,13,0.06582,0.02454,1.316,0,0,0,outputs/gate6/snapshots/exact_town12_route10_route0_09_04_14_40_59/f013048.npz
route10,HardBreakRoute_3,HardBreakRoute,13052,-1,17,4692,14,0.08003,0.02912,1.601,0,1,0,outputs/gate6/snapshots/exact_town12_route10_route0_09_04_14_40_59/f013052.npz
route10,HardBreakRoute_3,HardBreakRoute,13056,-1,16,4692,13,0.09129,0.03606,1.826,0,1,0,outputs/gate6/snapshots/exact_town12_route10_route0_09_04_14_40_59/f013056.npz
route10,HardBreakRoute_3,HardBreakRoute,13060,-1,16,4692,13,0.10421,0.04029,2.084,0,1,0,outputs/gate6/snapshots/exact_town12_route10_route0_09_04_14_40_59/f013060.npz
route10,HardBreakRoute_3,HardBreakRoute,13064,-1,16,4692,13,0.11982,0.05569,2.151,0,1,0,outputs/gate6/snapshots/exact_town12_route10_route0_09_04_14_40_59/f013064.npz
route10,HardBreakRoute_3,HardBreakRoute,13068,-1,15,4692,12,0.13616,0.06911,1.97,0,1,0,outputs/gate6/snapshots/exact_town12_route10_route0_09_04_14_40_59/f013068.npz
route10,HardBreakRoute_3,HardBreakRoute,13072,-1,14,4692,11,0.13055,0.07206,1.812,0,1,0,outputs/gate6/snapshots/exact_town12_route10_route0_09_04_14_40_59/f013072.npz
route10,HardBreakRoute_3,HardBreakRoute,13076,-1,14,4692,11,0.12266,0.09051,1.355,0,0,0,outputs/gate6/snapshots/exact_town12_route10_route0_09_04_14_40_59/f013076.npz
route10,HardBreakRoute_3,HardBreakRoute,13080,-1,14,4692,11,0.12357,0.09166,1.348,0,0,0,outputs/gate6/snapshots/exact_town12_route10_route0_09_04_14_40_59/f013080.npz
route10,HardBreakRoute_3,HardBreakRoute,13084,-1,14,4692,11,0.13585,0.09815,1.384,0,0,0,outputs/gate6/snapshots/exact_town12_route10_route0_09_04_14_40_59/f013084.npz
route10,HardBreakRoute_3,HardBreakRoute,13088,-1,14,4692,11,0.15521,0.08775,1.769,0,1,0,outputs/gate6/snapshots/exact_town12_route10_route0_09_04_14_40_59/f013088.npz
route10,HardBreakRoute_3,HardBreakRoute,13092,-1,14,4692,11,0.19995,0.06934,2.884,0,1,0,outputs/gate6/snapshots/exact_town12_route10_route0_09_04_14_40_59/f013092.npz
route10,HardBreakRoute_3,HardBreakRoute,13096,-1,15,4692,12,0.25242,0.04026,5.048,1,1,1,outputs/gate6/snapshots/exact_town12_route10_route0_09_04_14_40_59/f013096.npz
route10,HardBreakRoute_3,HardBreakRoute,13100,-1,14,4692,11,0.24939,0.041,4.988,1,1,1,outputs/gate6/snapshots/exact_town12_route10_route0_09_04_14_40_59/f013100.npz
route10,HardBreakRoute_3,HardBreakRoute,13104,-1,14,4692,11,0.62642,0.3191,1.963,1,1,1,outputs/gate6/snapshots/exact_town12_route10_route0_09_04_14_40_59/f013104.npz
route10,HardBreakRoute_3,HardBreakRoute,13108,-1,14,4692,11,0.51226,0.0686,7.467,1,1,1,outputs/gate6/snapshots/exact_town12_route10_route0_09_04_14_40_59/f013108.npz
route10,HardBreakRoute_3,HardBreakRoute,13112,-1,14,4692,11,0.59351,0.08951,6.63,1,1,1,outputs/gate6/snapshots/exact_town12_route10_route0_09_04_14_40_59/f013112.npz
route10,HardBreakRoute_3,HardBreakRoute,13116,-1,14,4692,11,0.69787,0.11725,5.952,1,1,1,outputs/gate6/snapshots/exact_town12_route10_route0_09_04_14_40_59/f013116.npz
route10,HardBreakRoute_3,HardBreakRoute,13120,-1,14,4692,11,0.4548,0.12569,3.618,1,1,1,outputs/gate6/snapshots/exact_town12_route10_route0_09_04_14_40_59/f013120.npz
route10,HardBreakRoute_3,HardBreakRoute,13124,-1,14,4692,11,0.80587,0.13883,5.805,1,1,1,outputs/gate6/snapshots/exact_town12_route10_route0_09_04_14_40_59/f013124.npz
route10,HardBreakRoute_3,HardBreakRoute,13128,-1,14,4692,11,0.8782,0.13399,6.554,1,1,1,outputs/gate6/snapshots/exact_town12_route10_route0_09_04_14_40_59/f013128.npz
route10,HardBreakRoute_3,HardBreakRoute,13132,-1,14,4692,11,0.89262,0.15015,5.945,1,1,1,outputs/gate6/snapshots/exact_town12_route10_route0_09_04_14_40_59/f013132.npz
route10,HardBreakRoute_3,HardBreakRoute,13136,-1,14,4692,11,0.98732,0.15047,6.561,1,1,1,outputs/gate6/snapshots/exact_town12_route10_route0_09_04_14_40_59/f013136.npz
route10,HardBreakRoute_3,HardBreakRoute,13140,-1,14,4692,11,1.52236,0.37293,4.082,1,1,1,outputs/gate6/snapshots/exact_town12_route10_route0_09_04_14_40_59/f013140.npz
route10,HardBreakRoute_3,HardBreakRoute,13144,-1,15,4692,12,4.77178,2.8026,1.703,1,1,1,outputs/gate6/snapshots/exact_town12_route10_route0_09_04_14_40_59/f013144.npz
route10,HardBreakRoute_3,HardBreakRoute,13148,-1,15,4692,12,7.58776,2.82042,2.69,1,1,1,outputs/gate6/snapshots/exact_town12_route10_route0_09_04_14_40_59/f013148.npz
route10,HardBreakRoute_3,HardBreakRoute,13152,-1,13,4692,10,9.24431,2.10995,4.381,1,1,1,outputs/gate6/snapshots/exact_town12_route10_route0_09_04_14_40_59/f013152.npz
route10,HardBreakRoute_3,HardBreakRoute,13156,-1,14,4692,12,9.32177,1.7749,5.252,1,1,1,outputs/gate6/snapshots/exact_town12_route10_route0_09_04_14_40_59/f013156.npz
route10,HardBreakRoute_3,HardBreakRoute,13160,-1,14,4692,12,9.4591,1.16411,8.126,1,1,1,outputs/gate6/snapshots/exact_town12_route10_route0_09_04_14_40_59/f013160.npz
route10,HardBreakRoute_3,HardBreakRoute,13164,-1,14,4692,12,8.35899,1.33636,6.255,1,1,1,outputs/gate6/snapshots/exact_town12_route10_route0_09_04_14_40_59/f013164.npz
route10,HardBreakRoute_3,HardBreakRoute,13168,-1,14,4692,12,8.03606,2.63249,3.053,1,1,1,outputs/gate6/snapshots/exact_town12_route10_route0_09_04_14_40_59/f013168.npz
route10,HardBreakRoute_3,HardBreakRoute,13172,-1,14,4692,12,8.42243,0.79064,10.653,1,1,1,outputs/gate6/snapshots/exact_town12_route10_route0_09_04_14_40_59/f013172.npz
route10,HardBreakRoute_3,HardBreakRoute,13176,-1,14,4692,12,8.8955,0.60008,14.824,1,1,1,outputs/gate6/snapshots/exact_town12_route10_route0_09_04_14_40_59/f013176.npz
route10,HardBreakRoute_3,HardBreakRoute,13180,-1,14,4692,12,6.45434,1.02412,6.302,1,1,1,outputs/gate6/snapshots/exact_town12_route10_route0_09_04_14_40_59/f013180.npz
route10,HardBreakRoute_3,HardBreakRoute,13184,-1,14,4692,12,6.06618,1.04732,5.792,1,1,1,outputs/gate6/snapshots/exact_town12_route10_route0_09_04_14_40_59/f013184.npz
route10,HardBreakRoute_3,HardBreakRoute,13188,-1,14,4692,12,3.73486,0.48155,7.756,1,1,1,outputs/gate6/snapshots/exact_town12_route10_route0_09_04_14_40_59/f013188.npz
route10,HardBreakRoute_3,HardBreakRoute,13192,-1,14,4692,12,8.01532,0.82782,9.682,1,1,1,outputs/gate6/snapshots/exact_town12_route10_route0_09_04_14_40_59/f013192.npz
route10,HardBreakRoute_3,HardBreakRoute,13196,-1,14,4692,12,7.83002,1.02528,7.637,1,1,1,outputs/gate6/snapshots/exact_town12_route10_route0_09_04_14_40_59/f013196.npz
route10,HardBreakRoute_3,HardBreakRoute,13200,-1,14,4692,12,7.30194,1.06757,6.84,1,1,1,outputs/gate6/snapshots/exact_town12_route10_route0_09_04_14_40_59/f013200.npz
route10,HardBreakRoute_3,HardBreakRoute,13204,-1,14,4692,12,3.81705,0.97574,3.912,1,1,1,outputs/gate6/snapshots/exact_town12_route10_route0_09_04_14_40_59/f013204.npz
route10,HardBreakRoute_3,HardBreakRoute,13208,-1,14,4692,12,6.27923,1.34152,4.681,1,1,1,outputs/gate6/snapshots/exact_town12_route10_route0_09_04_14_40_59/f013208.npz
route10,HardBreakRoute_3,HardBreakRoute,13212,-1,14,4692,12,5.25611,1.37266,3.829,1,1,1,outputs/gate6/snapshots/exact_town12_route10_route0_09_04_14_40_59/f013212.npz
route10,HardBreakRoute_3,HardBreakRoute,13216,-1,14,4692,12,4.88617,1.36729,3.574,1,1,1,outputs/gate6/snapshots/exact_town12_route10_route0_09_04_14_40_59/f013216.npz
route10,HardBreakRoute_3,HardBreakRoute,13220,-1,14,4692,12,4.66326,1.13814,4.097,1,1,1,outputs/gate6/snapshots/exact_town12_route10_route0_09_04_14_40_59/f013220.npz
route10,HardBreakRoute_3,HardBreakRoute,13224,-1,14,4692,12,5.11734,1.31569,3.889,1,1,1,outputs/gate6/snapshots/exact_town12_route10_route0_09_04_14_40_59/f013224.npz
route10,HardBreakRoute_3,HardBreakRoute,13228,-1,14,4692,12,3.81167,1.18032,3.229,1,1,1,outputs/gate6/snapshots/exact_town12_route10_route0_09_04_14_40_59/f013228.npz
route10,HardBreakRoute_3,HardBreakRoute,13232,-1,14,4692,12,1.72254,1.13689,1.515,1,1,1,outputs/gate6/snapshots/exact_town12_route10_route0_09_04_14_40_59/f013232.npz
route10,HardBreakRoute_3,HardBreakRoute,13236,-1,14,4692,12,1.57195,0.81459,1.93,1,1,1,outputs/gate6/snapshots/exact_town12_route10_route0_09_04_14_40_59/f013236.npz
route10,HardBreakRoute_3,HardBreakRoute,13240,-1,15,4692,13,3.68773,0.98565,3.741,1,1,1,outputs/gate6/snapshots/exact_town12_route10_route0_09_04_14_40_59/f013240.npz
route10,HardBreakRoute_3,HardBreakRoute,13244,-1,15,4692,13,2.8713,1.01156,2.838,1,1,1,outputs/gate6/snapshots/exact_town12_route10_route0_09_04_14_40_59/f013244.npz
route10,HardBreakRoute_3,HardBreakRoute,13248,-1,14,4692,12,1.34349,1.12169,1.198,1,0,0,outputs/gate6/snapshots/exact_town12_route10_route0_09_04_14_40_59/f013248.npz
route10,HardBreakRoute_3,HardBreakRoute,13252,-1,14,4692,12,2.54965,0.97691,2.61,1,1,1,outputs/gate6/snapshots/exact_town12_route10_route0_09_04_14_40_59/f013252.npz
route10,HardBreakRoute_3,HardBreakRoute,13256,-1,14,4692,12,4.8104,0.91684,5.247,1,1,1,outputs/gate6/snapshots/exact_town12_route10_route0_09_04_14_40_59/f013256.npz
route10,HardBreakRoute_3,HardBreakRoute,13260,-1,15,4692,13,1.61989,0.93029,1.741,1,1,1,outputs/gate6/snapshots/exact_town12_route10_route0_09_04_14_40_59/f013260.npz
route10,HardBreakRoute_3,HardBreakRoute,13264,-1,14,4692,12,3.02668,0.87689,3.452,1,1,1,outputs/gate6/snapshots/exact_town12_route10_route0_09_04_14_40_59/f013264.npz
route10,HardBreakRoute_3,HardBreakRoute,13268,-1,14,4692,12,4.65569,0.89486,5.203,1,1,1,outputs/gate6/snapshots/exact_town12_route10_route0_09_04_14_40_59/f013268.npz
route10,HardBreakRoute_3,HardBreakRoute,13272,-1,14,4692,12,3.5689,0.7554,4.724,1,1,1,outputs/gate6/snapshots/exact_town12_route10_route0_09_04_14_40_59/f013272.npz
route10,HardBreakRoute_3,HardBreakRoute,13276,-1,14,4692,12,1.14202,0.93133,1.226,1,0,0,outputs/gate6/snapshots/exact_town12_route10_route0_09_04_14_40_59/f013276.npz
route10,HardBreakRoute_3,HardBreakRoute,13280,-1,14,4692,12,4.60007,0.87694,5.246,1,1,1,outputs/gate6/snapshots/exact_town12_route10_route0_09_04_14_40_59/f013280.npz
route10,HardBreakRoute_3,HardBreakRoute,13284,-1,14,4692,12,1.44371,0.69229,2.085,1,1,1,outputs/gate6/snapshots/exact_town12_route10_route0_09_04_14_40_59/f013284.npz
route10,HardBreakRoute_3,HardBreakRoute,13288,-1,14,4692,12,1.65815,0.68274,2.429,1,1,1,outputs/gate6/snapshots/exact_town12_route10_route0_09_04_14_40_59/f013288.npz
route10,HardBreakRoute_3,HardBreakRoute,13292,-1,14,4692,12,4.2508,0.88728,4.791,1,1,1,outputs/gate6/snapshots/exact_town12_route10_route0_09_04_14_40_59/f013292.npz
route10,HardBreakRoute_3,HardBreakRoute,13296,-1,14,4692,12,3.31121,0.85589,3.869,1,1,1,outputs/gate6/snapshots/exact_town12_route10_route0_09_04_14_40_59/f013296.npz
route10,HardBreakRoute_3,HardBreakRoute,13300,-1,14,4713,10,0.90391,0.8474,1.067,1,0,0,outputs/gate6/snapshots/exact_town12_route10_route0_09_04_14_40_59/f013300.npz
route10,HardBreakRoute_3,HardBreakRoute,13304,-1,14,4692,12,2.72752,1.30611,2.088,1,1,1,outputs/gate6/snapshots/exact_town12_route10_route0_09_04_14_40_59/f013304.npz
route10,HardBreakRoute_3,HardBreakRoute,13308,-1,14,4713,10,0.86792,0.71015,1.222,1,0,0,outputs/gate6/snapshots/exact_town12_route10_route0_09_04_14_40_59/f013308.npz
route10,HardBreakRoute_3,HardBreakRoute,13312,-1,14,4713,10,0.79105,0.77973,1.015,1,0,0,outputs/gate6/snapshots/exact_town12_route10_route0_09_04_14_40_59/f013312.npz
route10,HardBreakRoute_3,HardBreakRoute,13316,-1,14,4713,10,0.81739,0.68689,1.19,1,0,0,outputs/gate6/snapshots/exact_town12_route10_route0_09_04_14_40_59/f013316.npz
route10,HardBreakRoute_3,HardBreakRoute,13320,-1,14,4713,10,0.78648,0.69917,1.125,1,0,0,outputs/gate6/snapshots/exact_town12_route10_route0_09_04_14_40_59/f013320.npz
route10,HardBreakRoute_3,HardBreakRoute,13324,-1,14,4692,12,0.82228,0.72719,1.131,1,0,0,outputs/gate6/snapshots/exact_town12_route10_route0_09_04_14_40_59/f013324.npz
route10,HardBreakRoute_3,HardBreakRoute,13328,-1,14,4692,12,0.8271,0.6873,1.203,1,0,0,outputs/gate6/snapshots/exact_town12_route10_route0_09_04_14_40_59/f013328.npz
route10,HardBreakRoute_3,HardBreakRoute,13332,-1,14,4713,10,1.05704,0.63761,1.658,1,1,1,outputs/gate6/snapshots/exact_town12_route10_route0_09_04_14_40_59/f013332.npz
route10,HardBreakRoute_3,HardBreakRoute,13336,-1,14,4713,10,1.05411,0.62975,1.674,1,1,1,outputs/gate6/snapshots/exact_town12_route10_route0_09_04_14_40_59/f013336.npz
route10,HardBreakRoute_3,HardBreakRoute,13340,-1,14,4713,10,0.93844,0.66305,1.415,1,0,0,outputs/gate6/snapshots/exact_town12_route10_route0_09_04_14_40_59/f013340.npz
route10,HardBreakRoute_3,HardBreakRoute,13344,-1,15,4690,15,1.32848,0.89519,1.484,1,0,0,outputs/gate6/snapshots/exact_town12_route10_route0_09_04_14_40_59/f013344.npz
route10,HardBreakRoute_3,HardBreakRoute,13348,-1,15,4690,15,1.40919,0.83552,1.687,1,1,1,outputs/gate6/snapshots/exact_town12_route10_route0_09_04_14_40_59/f013348.npz
route10,HardBreakRoute_3,HardBreakRoute,13352,-1,14,4690,14,1.2132,0.91948,1.319,1,0,0,outputs/gate6/snapshots/exact_town12_route10_route0_09_04_14_40_59/f013352.npz
route10,HardBreakRoute_3,HardBreakRoute,13356,-1,14,4692,12,1.21699,0.88909,1.369,1,0,0,outputs/gate6/snapshots/exact_town12_route10_route0_09_04_14_40_59/f013356.npz
route10,HardBreakRoute_3,HardBreakRoute,13360,-1,15,4692,13,1.03896,0.72208,1.439,1,0,0,outputs/gate6/snapshots/exact_town12_route10_route0_09_04_14_40_59/f013360.npz
route10,HardBreakRoute_3,HardBreakRoute,13364,-1,14,4692,12,0.6418,0.62136,1.033,1,0,0,outputs/gate6/snapshots/exact_town12_route10_route0_09_04_14_40_59/f013364.npz
route10,HardBreakRoute_3,HardBreakRoute,13368,-1,14,4692,12,0.86359,0.4855,1.779,1,1,1,outputs/gate6/snapshots/exact_town12_route10_route0_09_04_14_40_59/f013368.npz
route10,HardBreakRoute_3,HardBreakRoute,13372,-1,14,4692,12,1.46526,0.56521,2.592,1,1,1,outputs/gate6/snapshots/exact_town12_route10_route0_09_04_14_40_59/f013372.npz
route10,HardBreakRoute_3,HardBreakRoute,13376,-1,14,4692,12,2.10299,0.99028,2.124,1,1,1,outputs/gate6/snapshots/exact_town12_route10_route0_09_04_14_40_59/f013376.npz
route10,HardBreakRoute_3,HardBreakRoute,13380,-1,14,4692,12,2.97837,1.12333,2.651,1,1,1,outputs/gate6/snapshots/exact_town12_route10_route0_09_04_14_40_59/f013380.npz
route10,HardBreakRoute_3,HardBreakRoute,13384,-1,14,4692,12,2.77455,0.73551,3.772,1,1,1,outputs/gate6/snapshots/exact_town12_route10_route0_09_04_14_40_59/f013384.npz
route10,HardBreakRoute_3,HardBreakRoute,13388,-1,14,4692,12,1.82512,1.46427,1.246,1,0,0,outputs/gate6/snapshots/exact_town12_route10_route0_09_04_14_40_59/f013388.npz
route10,HardBreakRoute_3,HardBreakRoute,13392,-1,14,4713,10,1.24853,1.1234,1.111,1,0,0,outputs/gate6/snapshots/exact_town12_route10_route0_09_04_14_40_59/f013392.npz
route10,HardBreakRoute_3,HardBreakRoute,13396,-1,14,4713,10,1.17041,0.66327,1.765,1,1,1,outputs/gate6/snapshots/exact_town12_route10_route0_09_04_14_40_59/f013396.npz
route10,HardBreakRoute_3,HardBreakRoute,13400,-1,14,4713,10,1.39345,0.74779,1.863,1,1,1,outputs/gate6/snapshots/exact_town12_route10_route0_09_04_14_40_59/f013400.npz
route10,HardBreakRoute_3,HardBreakRoute,13404,-1,14,4712,11,1.01202,0.82805,1.222,1,0,0,outputs/gate6/snapshots/exact_town12_route10_route0_09_04_14_40_59/f013404.npz
route10,HardBreakRoute_3,HardBreakRoute,13408,-1,14,4712,11,2.17913,0.66039,3.3,1,1,1,outputs/gate6/snapshots/exact_town12_route10_route0_09_04_14_40_59/f013408.npz
route10,HardBreakRoute_3,HardBreakRoute,13412,-1,15,4712,12,2.79289,1.71327,1.63,1,1,1,outputs/gate6/snapshots/exact_town12_route10_route0_09_04_14_40_59/f013412.npz
route10,HardBreakRoute_3,HardBreakRoute,13416,-1,15,4713,11,1.28152,0.77634,1.651,1,1,1,outputs/gate6/snapshots/exact_town12_route10_route0_09_04_14_40_59/f013416.npz
route10,HardBreakRoute_3,HardBreakRoute,13420,-1,14,4716,9,3.85163,1.35319,2.846,1,1,1,outputs/gate6/snapshots/exact_town12_route10_route0_09_04_14_40_59/f013420.npz
route10,HardBreakRoute_3,HardBreakRoute,13424,-1,15,4713,11,0.92974,0.91616,1.015,1,0,0,outputs/gate6/snapshots/exact_town12_route10_route0_09_04_14_40_59/f013424.npz
route10,HardBreakRoute_3,HardBreakRoute,13428,-1,14,4716,9,0.29621,0.21514,1.377,1,0,0,outputs/gate6/snapshots/exact_town12_route10_route0_09_04_14_40_59/f013428.npz
route10,HardBreakRoute_3,HardBreakRoute,13432,-1,14,4716,9,0.20908,0.13968,1.497,1,0,0,outputs/gate6/snapshots/exact_town12_route10_route0_09_04_14_40_59/f013432.npz
route10,HardBreakRoute_3,HardBreakRoute,13436,-1,14,4712,11,4.3421,2.19526,1.978,1,1,1,outputs/gate6/snapshots/exact_town12_route10_route0_09_04_14_40_59/f013436.npz
route10,HardBreakRoute_3,HardBreakRoute,13440,-1,15,4716,9,11.99701,0.94791,12.656,1,1,1,outputs/gate6/snapshots/exact_town12_route10_route0_09_04_14_40_59/f013440.npz
route10,HardBreakRoute_3,HardBreakRoute,13444,-1,16,4716,9,10.9992,0.97633,11.266,1,1,1,outputs/gate6/snapshots/exact_town12_route10_route0_09_04_14_40_59/f013444.npz
route10,HardBreakRoute_3,HardBreakRoute,13448,-1,17,4716,9,7.7925,1.72543,4.516,1,1,1,outputs/gate6/snapshots/exact_town12_route10_route0_09_04_14_40_59/f013448.npz
route10,HardBreakRoute_3,HardBreakRoute,13452,-1,16,4716,9,10.28542,0.88338,11.643,1,1,1,outputs/gate6/snapshots/exact_town12_route10_route0_09_04_14_40_59/f013452.npz
route10,HardBreakRoute_3,HardBreakRoute,13456,-1,16,4716,9,10.47637,0.28318,36.995,1,1,1,outputs/gate6/snapshots/exact_town12_route10_route0_09_04_14_40_59/f013456.npz
route10,HardBreakRoute_3,HardBreakRoute,13460,-1,17,4716,10,10.05132,0.1644,61.141,1,1,1,outputs/gate6/snapshots/exact_town12_route10_route0_09_04_14_40_59/f013460.npz
route10,HardBreakRoute_3,HardBreakRoute,13464,-1,18,4716,10,6.21429,0.88763,7.001,1,1,1,outputs/gate6/snapshots/exact_town12_route10_route0_09_04_14_40_59/f013464.npz
route10,HardBreakRoute_3,HardBreakRoute,13468,-1,18,4716,10,5.78081,0.70872,8.157,1,1,1,outputs/gate6/snapshots/exact_town12_route10_route0_09_04_14_40_59/f013468.npz
route10,HardBreakRoute_3,HardBreakRoute,13472,-1,20,4716,12,3.79997,0.66694,5.698,1,1,1,outputs/gate6/snapshots/exact_town12_route10_route0_09_04_14_40_59/f013472.npz
route10,HardBreakRoute_3,HardBreakRoute,13476,-1,19,4716,12,1.98539,0.31416,6.32,1,1,1,outputs/gate6/snapshots/exact_town12_route10_route0_09_04_14_40_59/f013476.npz
route10,HardBreakRoute_3,HardBreakRoute,13480,-1,17,4712,13,1.67381,1.12022,1.494,1,0,0,outputs/gate6/snapshots/exact_town12_route10_route0_09_04_14_40_59/f013480.npz
route10,HardBreakRoute_3,HardBreakRoute,13484,-1,17,4712,13,2.60797,1.65943,1.572,1,1,1,outputs/gate6/snapshots/exact_town12_route10_route0_09_04_14_40_59/f013484.npz
route10,HardBreakRoute_3,HardBreakRoute,13488,-1,16,4712,12,2.99346,2.14231,1.397,1,0,0,outputs/gate6/snapshots/exact_town12_route10_route0_09_04_14_40_59/f013488.npz
route10,HardBreakRoute_3,HardBreakRoute,13492,-1,16,4716,10,1.84815,1.82514,1.013,1,0,0,outputs/gate6/snapshots/exact_town12_route10_route0_09_04_14_40_59/f013492.npz
route10,HardBreakRoute_3,HardBreakRoute,13496,-1,15,4716,9,0.58374,0.56567,1.032,1,0,0,outputs/gate6/snapshots/exact_town12_route10_route0_09_04_14_40_59/f013496.npz
route10,HardBreakRoute_3,HardBreakRoute,13500,-1,15,4716,9,0.33495,0.17893,1.872,1,1,1,outputs/gate6/snapshots/exact_town12_route10_route0_09_04_14_40_59/f013500.npz
route10,HardBreakRoute_3,HardBreakRoute,13504,-1,15,4716,9,0.84751,0.31199,2.716,1,1,1,outputs/gate6/snapshots/exact_town12_route10_route0_09_04_14_40_59/f013504.npz
route10,HardBreakRoute_3,HardBreakRoute,13508,-1,15,4716,9,0.91116,0.41739,2.183,1,1,1,outputs/gate6/snapshots/exact_town12_route10_route0_09_04_14_40_59/f013508.npz
route10,HardBreakRoute_3,HardBreakRoute,13512,-1,15,4716,9,0.78454,0.61119,1.284,1,0,0,outputs/gate6/snapshots/exact_town12_route10_route0_09_04_14_40_59/f013512.npz
route10,HardBreakRoute_3,HardBreakRoute,13516,-1,12,4729,4,0.03661,0.02699,0.732,0,0,0,outputs/gate6/snapshots/exact_town12_route10_route0_09_04_14_40_59/f013516.npz
route10,HardBreakRoute_3,HardBreakRoute,13520,-1,12,4713,10,0.03156,0.03049,0.631,0,0,0,outputs/gate6/snapshots/exact_town12_route10_route0_09_04_14_40_59/f013520.npz
route10,HardBreakRoute_3,HardBreakRoute,13524,-1,12,4713,10,0.04218,0.02299,0.844,0,0,0,outputs/gate6/snapshots/exact_town12_route10_route0_09_04_14_40_59/f013524.npz
route10,HardBreakRoute_3,HardBreakRoute,13528,-1,11,4713,9,0.05467,0.03509,1.093,0,0,0,outputs/gate6/snapshots/exact_town12_route10_route0_09_04_14_40_59/f013528.npz
route10,HardBreakRoute_3,HardBreakRoute,13532,-1,12,4713,9,0.03417,0.03201,0.683,0,0,0,outputs/gate6/snapshots/exact_town12_route10_route0_09_04_14_40_59/f013532.npz
route10,HardBreakRoute_3,HardBreakRoute,13536,-1,11,4716,7,0.03528,0.02798,0.706,0,0,0,outputs/gate6/snapshots/exact_town12_route10_route0_09_04_14_40_59/f013536.npz
route10,HardBreakRoute_3,HardBreakRoute,13540,-1,11,4716,7,0.0424,0.04123,0.848,0,0,0,outputs/gate6/snapshots/exact_town12_route10_route0_09_04_14_40_59/f013540.npz
route10,HardBreakRoute_3,HardBreakRoute,13544,-1,11,4716,7,0.05384,0.04072,1.077,0,0,0,outputs/gate6/snapshots/exact_town12_route10_route0_09_04_14_40_59/f013544.npz
route10,HardBreakRoute_3,HardBreakRoute,13548,-1,12,4716,8,0.06952,0.03113,1.39,0,0,0,outputs/gate6/snapshots/exact_town12_route10_route0_09_04_14_40_59/f013548.npz
route10,HardBreakRoute_3,HardBreakRoute,13552,-1,13,4716,8,0.08061,0.04627,1.612,0,1,0,outputs/gate6/snapshots/exact_town12_route10_route0_09_04_14_40_59/f013552.npz
route10,HardBreakRoute_3,HardBreakRoute,13556,-1,13,4716,8,0.08955,0.04021,1.791,0,1,0,outputs/gate6/snapshots/exact_town12_route10_route0_09_04_14_40_59/f013556.npz
route10,HardBreakRoute_3,HardBreakRoute,13560,-1,12,4716,7,0.0822,0.03734,1.644,0,1,0,outputs/gate6/snapshots/exact_town12_route10_route0_09_04_14_40_59/f013560.npz
route10,HardBreakRoute_3,HardBreakRoute,13564,-1,12,4716,7,0.08824,0.03418,1.765,0,1,0,outputs/gate6/snapshots/exact_town12_route10_route0_09_04_14_40_59/f013564.npz
route10,HardBreakRoute_3,HardBreakRoute,13568,-1,12,4716,7,0.09521,0.03587,1.904,0,1,0,outputs/gate6/snapshots/exact_town12_route10_route0_09_04_14_40_59/f013568.npz
route10,HardBreakRoute_3,HardBreakRoute,13572,-1,14,4716,8,0.08699,0.05626,1.546,0,1,0,outputs/gate6/snapshots/exact_town12_route10_route0_09_04_14_40_59/f013572.npz
route10,HardBreakRoute_3,HardBreakRoute,13576,-1,14,4716,8,0.07298,0.04814,1.46,0,0,0,outputs/gate6/snapshots/exact_town12_route10_route0_09_04_14_40_59/f013576.npz
route10,HardBreakRoute_3,HardBreakRoute,13580,-1,14,4716,8,0.04953,0.03618,0.991,0,0,0,outputs/gate6/snapshots/exact_town12_route10_route0_09_04_14_40_59/f013580.npz
route10,HardBreakRoute_3,HardBreakRoute,13584,-1,14,4734,3,0.03719,0.03278,0.744,0,0,0,outputs/gate6/snapshots/exact_town12_route10_route0_09_04_14_40_59/f013584.npz
route10,HardBreakRoute_3,HardBreakRoute,13588,-1,15,4734,3,0.04605,0.02499,0.921,0,0,0,outputs/gate6/snapshots/exact_town12_route10_route0_09_04_14_40_59/f013588.npz
route10,HardBreakRoute_3,HardBreakRoute,13592,-1,15,4734,3,0.06051,0.04492,1.21,0,0,0,outputs/gate6/snapshots/exact_town12_route10_route0_09_04_14_40_59/f013592.npz
route10,HardBreakRoute_3,HardBreakRoute,13596,-1,15,4734,3,0.37397,0.22129,1.69,1,1,1,outputs/gate6/snapshots/exact_town12_route10_route0_09_04_14_40_59/f013596.npz
route10,HardBreakRoute_3,HardBreakRoute,13600,-1,16,4734,4,0.25201,0.1891,1.333,1,0,0,outputs/gate6/snapshots/exact_town12_route10_route0_09_04_14_40_59/f013600.npz
route10,HardBreakRoute_3,HardBreakRoute,13604,-1,15,4734,4,0.08543,0.05658,1.51,0,1,0,outputs/gate6/snapshots/exact_town12_route10_route0_09_04_14_40_59/f013604.npz
route10,HardBreakRoute_3,HardBreakRoute,13608,-1,14,4734,4,0.16374,0.05523,2.965,0,1,0,outputs/gate6/snapshots/exact_town12_route10_route0_09_04_14_40_59/f013608.npz
route10,HardBreakRoute_3,HardBreakRoute,13612,-1,14,4734,4,0.39413,0.10133,3.889,1,1,1,outputs/gate6/snapshots/exact_town12_route10_route0_09_04_14_40_59/f013612.npz
route10,HardBreakRoute_3,HardBreakRoute,13616,-1,14,4738,3,0.06748,0.04345,1.35,0,0,0,outputs/gate6/snapshots/exact_town12_route10_route0_09_04_14_40_59/f013616.npz
route10,HardBreakRoute_3,HardBreakRoute,13620,-1,14,4738,3,0.06312,0.06177,1.022,0,0,0,outputs/gate6/snapshots/exact_town12_route10_route0_09_04_14_40_59/f013620.npz
route10,HardBreakRoute_3,HardBreakRoute,13624,-1,15,4738,4,0.09576,0.07898,1.213,0,0,0,outputs/gate6/snapshots/exact_town12_route10_route0_09_04_14_40_59/f013624.npz
route10,HardBreakRoute_3,HardBreakRoute,13628,-1,15,4739,3,0.17347,0.16045,1.081,0,0,0,outputs/gate6/snapshots/exact_town12_route10_route0_09_04_14_40_59/f013628.npz
route10,HardBreakRoute_3,HardBreakRoute,13632,-1,15,4734,5,0.65964,0.37506,1.759,1,1,1,outputs/gate6/snapshots/exact_town12_route10_route0_09_04_14_40_59/f013632.npz
route10,HardBreakRoute_3,HardBreakRoute,13636,-1,16,4734,6,3.75861,0.83179,4.519,1,1,1,outputs/gate6/snapshots/exact_town12_route10_route0_09_04_14_40_59/f013636.npz
route10,HardBreakRoute_3,HardBreakRoute,13640,-1,16,4734,6,1.74956,0.64726,2.703,1,1,1,outputs/gate6/snapshots/exact_town12_route10_route0_09_04_14_40_59/f013640.npz
route10,HardBreakRoute_3,HardBreakRoute,13644,-1,16,4734,6,3.90768,2.42245,1.613,1,1,1,outputs/gate6/snapshots/exact_town12_route10_route0_09_04_14_40_59/f013644.npz
route10,HardBreakRoute_3,HardBreakRoute,13648,-1,16,4739,4,1.22497,0.36327,3.372,1,1,1,outputs/gate6/snapshots/exact_town12_route10_route0_09_04_14_40_59/f013648.npz
route10,HardBreakRoute_3,HardBreakRoute,13652,-1,16,4739,4,0.44266,0.24674,1.794,1,1,1,outputs/gate6/snapshots/exact_town12_route10_route0_09_04_14_40_59/f013652.npz
route10,HardBreakRoute_3,HardBreakRoute,13656,-1,18,4739,5,0.14055,0.13395,1.049,0,0,0,outputs/gate6/snapshots/exact_town12_route10_route0_09_04_14_40_59/f013656.npz
route10,HardBreakRoute_3,HardBreakRoute,13660,-1,18,4742,2,0.06689,0.0387,1.338,0,0,0,outputs/gate6/snapshots/exact_town12_route10_route0_09_04_14_40_59/f013660.npz
route10,HardBreakRoute_3,HardBreakRoute,13664,-1,21,4734,8,0.06574,0.05692,1.155,0,0,0,outputs/gate6/snapshots/exact_town12_route10_route0_09_04_14_40_59/f013664.npz
route10,HardBreakRoute_3,HardBreakRoute,13668,-1,21,4734,8,0.08253,0.04691,1.651,0,1,0,outputs/gate6/snapshots/exact_town12_route10_route0_09_04_14_40_59/f013668.npz
route10,HardBreakRoute_3,HardBreakRoute,13672,-1,24,4734,8,0.09076,0.03832,1.815,0,1,0,outputs/gate6/snapshots/exact_town12_route10_route0_09_04_14_40_59/f013672.npz
route10,HardBreakRoute_3,HardBreakRoute,13676,-1,25,4734,8,0.11933,0.05038,2.369,0,1,0,outputs/gate6/snapshots/exact_town12_route10_route0_09_04_14_40_59/f013676.npz
route10,HardBreakRoute_3,HardBreakRoute,13680,-1,28,4734,8,0.06705,0.0654,1.025,0,0,0,outputs/gate6/snapshots/exact_town12_route10_route0_09_04_14_40_59/f013680.npz
route10,HardBreakRoute_3,HardBreakRoute,13684,-1,32,4734,9,0.09051,0.06012,1.505,0,1,0,outputs/gate6/snapshots/exact_town12_route10_route0_09_04_14_40_59/f013684.npz
route10,HardBreakRoute_3,HardBreakRoute,13688,-1,33,4279,22,0.07345,0.06028,1.219,0,0,0,outputs/gate6/snapshots/exact_town12_route10_route0_09_04_14_40_59/f013688.npz
route10,HardBreakRoute_3,HardBreakRoute,13692,-1,34,4279,23,0.04638,0.03428,0.928,0,0,0,outputs/gate6/snapshots/exact_town12_route10_route0_09_04_14_40_59/f013692.npz
route10,HardBreakRoute_3,HardBreakRoute,13696,-1,27,4742,4,0.04501,0.04166,0.9,0,0,0,outputs/gate6/snapshots/exact_town12_route10_route0_09_04_14_40_59/f013696.npz
route10,HardBreakRoute_3,HardBreakRoute,13700,-1,28,4740,6,0.02831,0.02793,0.566,0,0,0,outputs/gate6/snapshots/exact_town12_route10_route0_09_04_14_40_59/f013700.npz
route10,HardBreakRoute_3,HardBreakRoute,13704,-1,28,4740,6,0.03272,0.02221,0.654,0,0,0,outputs/gate6/snapshots/exact_town12_route10_route0_09_04_14_40_59/f013704.npz
route10,HardBreakRoute_3,HardBreakRoute,13708,-1,28,4744,4,0.03186,0.01802,0.637,0,0,0,outputs/gate6/snapshots/exact_town12_route10_route0_09_04_14_40_59/f013708.npz
route10,HardBreakRoute_3,HardBreakRoute,13712,-1,28,4744,4,0.0274,0.01995,0.548,0,0,0,outputs/gate6/snapshots/exact_town12_route10_route0_09_04_14_40_59/f013712.npz
route10,HardBreakRoute_3,HardBreakRoute,13716,-1,27,4736,8,0.02152,0.01406,0.43,0,0,0,outputs/gate6/snapshots/exact_town12_route10_route0_09_04_14_40_59/f013716.npz
route10,HardBreakRoute_3,HardBreakRoute,13720,-1,27,4736,8,0.02143,0.01882,0.429,0,0,0,outputs/gate6/snapshots/exact_town12_route10_route0_09_04_14_40_59/f013720.npz
route10,HardBreakRoute_3,HardBreakRoute,13724,-1,28,4737,8,0.02639,0.02337,0.528,0,0,0,outputs/gate6/snapshots/exact_town12_route10_route0_09_04_14_40_59/f013724.npz
route10,HardBreakRoute_3,HardBreakRoute,13728,-1,29,4737,8,0.03136,0.01699,0.627,0,0,0,outputs/gate6/snapshots/exact_town12_route10_route0_09_04_14_40_59/f013728.npz
route10,HardBreakRoute_3,HardBreakRoute,13732,-1,29,4737,8,0.03919,0.01665,0.784,0,0,0,outputs/gate6/snapshots/exact_town12_route10_route0_09_04_14_40_59/f013732.npz
route10,HardBreakRoute_3,HardBreakRoute,13736,-1,29,4737,8,0.04814,0.01681,0.963,0,0,0,outputs/gate6/snapshots/exact_town12_route10_route0_09_04_14_40_59/f013736.npz
route10,HardBreakRoute_3,HardBreakRoute,13740,-1,29,4737,8,0.0599,0.01698,1.198,0,0,0,outputs/gate6/snapshots/exact_town12_route10_route0_09_04_14_40_59/f013740.npz
route10,HardBreakRoute_3,HardBreakRoute,13744,-1,29,4737,8,0.07693,0.01811,1.539,0,1,0,outputs/gate6/snapshots/exact_town12_route10_route0_09_04_14_40_59/f013744.npz
route10,HardBreakRoute_3,HardBreakRoute,13748,-1,30,4737,8,0.14706,0.04382,2.941,0,1,0,outputs/gate6/snapshots/exact_town12_route10_route0_09_04_14_40_59/f013748.npz
route10,HardBreakRoute_3,HardBreakRoute,13752,-1,30,4737,8,0.26225,0.13278,1.975,1,1,1,outputs/gate6/snapshots/exact_town12_route10_route0_09_04_14_40_59/f013752.npz
route10,HardBreakRoute_3,HardBreakRoute,13756,-1,30,4737,8,0.28648,0.26622,1.076,1,0,0,outputs/gate6/snapshots/exact_town12_route10_route0_09_04_14_40_59/f013756.npz
route10,HardBreakRoute_3,HardBreakRoute,13760,-1,33,4737,9,0.24603,0.04488,4.921,1,1,1,outputs/gate6/snapshots/exact_town12_route10_route0_09_04_14_40_59/f013760.npz
route10,HardBreakRoute_3,HardBreakRoute,13764,-1,33,4737,9,0.25551,0.06956,3.673,1,1,1,outputs/gate6/snapshots/exact_town12_route10_route0_09_04_14_40_59/f013764.npz
route10,HardBreakRoute_3,HardBreakRoute,13768,-1,33,4737,9,0.31036,0.10728,2.893,1,1,1,outputs/gate6/snapshots/exact_town12_route10_route0_09_04_14_40_59/f013768.npz
route10,HardBreakRoute_3,HardBreakRoute,13772,-1,34,4737,8,0.39953,0.16813,2.376,1,1,1,outputs/gate6/snapshots/exact_town12_route10_route0_09_04_14_40_59/f013772.npz
route10,HardBreakRoute_3,HardBreakRoute,13776,-1,34,4737,8,0.45177,0.21221,2.129,1,1,1,outputs/gate6/snapshots/exact_town12_route10_route0_09_04_14_40_59/f013776.npz
route10,HardBreakRoute_3,HardBreakRoute,13780,-1,34,4737,8,0.41478,0.19118,2.17,1,1,1,outputs/gate6/snapshots/exact_town12_route10_route0_09_04_14_40_59/f013780.npz
route10,HardBreakRoute_3,HardBreakRoute,13784,-1,35,4737,8,0.18588,0.08752,2.124,0,1,0,outputs/gate6/snapshots/exact_town12_route10_route0_09_04_14_40_59/f013784.npz
route10,HardBreakRoute_3,HardBreakRoute,13788,-1,36,4737,9,0.15403,0.13985,1.101,0,0,0,outputs/gate6/snapshots/exact_town12_route10_route0_09_04_14_40_59/f013788.npz
route10,HardBreakRoute_3,HardBreakRoute,13792,-1,36,4736,10,0.20356,0.17593,1.157,1,0,0,outputs/gate6/snapshots/exact_town12_route10_route0_09_04_14_40_59/f013792.npz
route10,HardBreakRoute_3,HardBreakRoute,13796,-1,37,4736,10,0.37642,0.28112,1.339,1,0,0,outputs/gate6/snapshots/exact_town12_route10_route0_09_04_14_40_59/f013796.npz
route10,HardBreakRoute_3,HardBreakRoute,13800,-1,36,4736,9,0.50467,0.37681,1.339,1,0,0,outputs/gate6/snapshots/exact_town12_route10_route0_09_04_14_40_59/f013800.npz
route10,HardBreakRoute_3,HardBreakRoute,13804,-1,36,4736,9,0.6989,0.43378,1.611,1,1,1,outputs/gate6/snapshots/exact_town12_route10_route0_09_04_14_40_59/f013804.npz
route10,HardBreakRoute_3,HardBreakRoute,13808,-1,39,4736,10,0.85946,0.36178,2.376,1,1,1,outputs/gate6/snapshots/exact_town12_route10_route0_09_04_14_40_59/f013808.npz
route10,HardBreakRoute_3,HardBreakRoute,13812,-1,38,4736,10,0.80572,0.38955,2.068,1,1,1,outputs/gate6/snapshots/exact_town12_route10_route0_09_04_14_40_59/f013812.npz
route10,HardBreakRoute_3,HardBreakRoute,13816,-1,38,4736,10,0.68285,0.37609,1.816,1,1,1,outputs/gate6/snapshots/exact_town12_route10_route0_09_04_14_40_59/f013816.npz
route10,HardBreakRoute_3,HardBreakRoute,13820,-1,38,4736,9,0.55918,0.30793,1.816,1,1,1,outputs/gate6/snapshots/exact_town12_route10_route0_09_04_14_40_59/f013820.npz
route10,HardBreakRoute_3,HardBreakRoute,13824,-1,37,4736,9,0.55691,0.27126,2.053,1,1,1,outputs/gate6/snapshots/exact_town12_route10_route0_09_04_14_40_59/f013824.npz
route10,HardBreakRoute_3,HardBreakRoute,13828,-1,37,4737,8,0.30703,0.18331,1.675,1,1,1,outputs/gate6/snapshots/exact_town12_route10_route0_09_04_14_40_59/f013828.npz
route10,HardBreakRoute_3,HardBreakRoute,13832,-1,39,4737,8,0.29421,0.26505,1.11,1,0,0,outputs/gate6/snapshots/exact_town12_route10_route0_09_04_14_40_59/f013832.npz
route10,HardBreakRoute_3,HardBreakRoute,13836,-1,39,4175,1,0.82233,0.2369,3.471,1,1,1,outputs/gate6/snapshots/exact_town12_route10_route0_09_04_14_40_59/f013836.npz
route10,HardBreakRoute_3,HardBreakRoute,13840,-1,40,4175,1,1.64645,0.30725,5.359,1,1,1,outputs/gate6/snapshots/exact_town12_route10_route0_09_04_14_40_59/f013840.npz
route10,HardBreakRoute_3,HardBreakRoute,13844,-1,40,4175,1,2.1244,0.64323,3.303,1,1,1,outputs/gate6/snapshots/exact_town12_route10_route0_09_04_14_40_59/f013844.npz
route10,HardBreakRoute_3,HardBreakRoute,13848,-1,38,4175,1,2.11747,0.72794,2.909,1,1,1,outputs/gate6/snapshots/exact_town12_route10_route0_09_04_14_40_59/f013848.npz
route10,HardBreakRoute_3,HardBreakRoute,13852,-1,38,4175,1,1.89866,0.83127,2.284,1,1,1,outputs/gate6/snapshots/exact_town12_route10_route0_09_04_14_40_59/f013852.npz
route10,HardBreakRoute_3,HardBreakRoute,13856,-1,40,4175,1,1.90466,0.86922,2.191,1,1,1,outputs/gate6/snapshots/exact_town12_route10_route0_09_04_14_40_59/f013856.npz
route10,HardBreakRoute_3,HardBreakRoute,13860,-1,39,4175,1,1.92136,1.04297,1.842,1,1,1,outputs/gate6/snapshots/exact_town12_route10_route0_09_04_14_40_59/f013860.npz
route10,HardBreakRoute_3,HardBreakRoute,13864,-1,37,4175,1,2.11369,0.84242,2.509,1,1,1,outputs/gate6/snapshots/exact_town12_route10_route0_09_04_14_40_59/f013864.npz
route10,HardBreakRoute_3,HardBreakRoute,13868,-1,38,4175,1,2.14292,0.72804,2.943,1,1,1,outputs/gate6/snapshots/exact_town12_route10_route0_09_04_14_40_59/f013868.npz
route10,HardBreakRoute_3,HardBreakRoute,13872,-1,39,4175,1,1.94944,1.40083,1.392,1,0,0,outputs/gate6/snapshots/exact_town12_route10_route0_09_04_14_40_59/f013872.npz
route10,HardBreakRoute_3,HardBreakRoute,13876,-1,39,4175,1,2.14674,1.42314,1.508,1,1,1,outputs/gate6/snapshots/exact_town12_route10_route0_09_04_14_40_59/f013876.npz
route10,HardBreakRoute_3,HardBreakRoute,13880,-1,39,4175,1,1.89456,1.68965,1.121,1,0,0,outputs/gate6/snapshots/exact_town12_route10_route0_09_04_14_40_59/f013880.npz
route10,HardBreakRoute_3,HardBreakRoute,13884,-1,39,4749,7,1.88123,1.86439,1.009,1,0,0,outputs/gate6/snapshots/exact_town12_route10_route0_09_04_14_40_59/f013884.npz
route10,HardBreakRoute_3,HardBreakRoute,13888,-1,39,4749,7,2.64128,1.46547,1.802,1,1,1,outputs/gate6/snapshots/exact_town12_route10_route0_09_04_14_40_59/f013888.npz
route10,HardBreakRoute_3,HardBreakRoute,13892,-1,38,4175,1,3.81841,1.34817,2.832,1,1,1,outputs/gate6/snapshots/exact_town12_route10_route0_09_04_14_40_59/f013892.npz
route10,VehicleTurningRoute_2,VehicleTurningRoute,18332,-1,8,4894,6,0.26868,0.13057,2.058,1,1,1,outputs/gate6/snapshots/exact_town12_route10_route0_09_04_14_40_59/f018332.npz
route10,VehicleTurningRoute_2,VehicleTurningRoute,18336,-1,8,4894,6,0.2638,0.08508,3.101,1,1,1,outputs/gate6/snapshots/exact_town12_route10_route0_09_04_14_40_59/f018336.npz
route10,VehicleTurningRoute_2,VehicleTurningRoute,18340,-1,8,4894,6,0.23094,0.06465,3.572,1,1,1,outputs/gate6/snapshots/exact_town12_route10_route0_09_04_14_40_59/f018340.npz
route10,VehicleTurningRoute_2,VehicleTurningRoute,18344,-1,8,4894,6,0.23403,0.09854,2.375,1,1,1,outputs/gate6/snapshots/exact_town12_route10_route0_09_04_14_40_59/f018344.npz
route10,VehicleTurningRoute_2,VehicleTurningRoute,18348,-1,8,4894,6,0.25867,0.13313,1.943,1,1,1,outputs/gate6/snapshots/exact_town12_route10_route0_09_04_14_40_59/f018348.npz
route10,VehicleTurningRoute_2,VehicleTurningRoute,18352,-1,8,4894,6,0.29486,0.15506,1.902,1,1,1,outputs/gate6/snapshots/exact_town12_route10_route0_09_04_14_40_59/f018352.npz
route10,VehicleTurningRoute_2,VehicleTurningRoute,18356,-1,9,4894,7,0.2971,0.07915,3.753,1,1,1,outputs/gate6/snapshots/exact_town12_route10_route0_09_04_14_40_59/f018356.npz
route10,VehicleTurningRoute_2,VehicleTurningRoute,18360,-1,8,4894,6,0.32076,0.04218,6.415,1,1,1,outputs/gate6/snapshots/exact_town12_route10_route0_09_04_14_40_59/f018360.npz
route10,VehicleTurningRoute_2,VehicleTurningRoute,18364,-1,8,4894,6,0.31271,0.04864,6.254,1,1,1,outputs/gate6/snapshots/exact_town12_route10_route0_09_04_14_40_59/f018364.npz
route10,VehicleTurningRoute_2,VehicleTurningRoute,18368,-1,8,4894,6,0.30115,0.11343,2.655,1,1,1,outputs/gate6/snapshots/exact_town12_route10_route0_09_04_14_40_59/f018368.npz
route10,VehicleTurningRoute_2,VehicleTurningRoute,18372,-1,8,4894,6,0.31977,0.11448,2.793,1,1,1,outputs/gate6/snapshots/exact_town12_route10_route0_09_04_14_40_59/f018372.npz
route10,VehicleTurningRoute_2,VehicleTurningRoute,18376,-1,8,4893,7,0.84217,0.4973,1.693,1,1,1,outputs/gate6/snapshots/exact_town12_route10_route0_09_04_14_40_59/f018376.npz
route10,VehicleTurningRoute_2,VehicleTurningRoute,18380,-1,8,4894,6,1.946,0.92679,2.1,1,1,1,outputs/gate6/snapshots/exact_town12_route10_route0_09_04_14_40_59/f018380.npz
route10,VehicleTurningRoute_2,VehicleTurningRoute,18384,-1,8,4894,6,2.99785,0.80798,3.71,1,1,1,outputs/gate6/snapshots/exact_town12_route10_route0_09_04_14_40_59/f018384.npz
route10,VehicleTurningRoute_2,VehicleTurningRoute,18388,-1,8,4894,6,3.78925,0.61537,6.158,1,1,1,outputs/gate6/snapshots/exact_town12_route10_route0_09_04_14_40_59/f018388.npz
route10,VehicleTurningRoute_2,VehicleTurningRoute,18392,-1,8,4894,6,4.68873,0.58229,8.052,1,1,1,outputs/gate6/snapshots/exact_town12_route10_route0_09_04_14_40_59/f018392.npz
route10,VehicleTurningRoute_2,VehicleTurningRoute,18396,-1,8,4894,6,5.46479,0.61572,8.875,1,1,1,outputs/gate6/snapshots/exact_town12_route10_route0_09_04_14_40_59/f018396.npz
route10,VehicleTurningRoute_2,VehicleTurningRoute,18400,-1,8,4894,6,6.3983,0.62437,10.248,1,1,1,outputs/gate6/snapshots/exact_town12_route10_route0_09_04_14_40_59/f018400.npz
route10,VehicleTurningRoute_2,VehicleTurningRoute,18404,-1,8,4894,6,6.86665,0.89451,7.676,1,1,1,outputs/gate6/snapshots/exact_town12_route10_route0_09_04_14_40_59/f018404.npz
route10,VehicleTurningRoute_2,VehicleTurningRoute,18408,-1,8,4894,6,7.43178,1.15878,6.413,1,1,1,outputs/gate6/snapshots/exact_town12_route10_route0_09_04_14_40_59/f018408.npz
route10,VehicleTurningRoute_2,VehicleTurningRoute,18412,-1,8,4894,6,8.01297,1.33623,5.997,1,1,1,outputs/gate6/snapshots/exact_town12_route10_route0_09_04_14_40_59/f018412.npz
route10,VehicleTurningRoute_2,VehicleTurningRoute,18416,-1,7,4894,5,8.26303,1.26633,6.525,1,1,1,outputs/gate6/snapshots/exact_town12_route10_route0_09_04_14_40_59/f018416.npz
route10,VehicleTurningRoute_2,VehicleTurningRoute,18420,-1,7,4894,5,8.35054,0.88524,9.433,1,1,1,outputs/gate6/snapshots/exact_town12_route10_route0_09_04_14_40_59/f018420.npz
route10,VehicleTurningRoute_2,VehicleTurningRoute,18424,-1,7,4894,5,8.69104,0.76047,11.429,1,1,1,outputs/gate6/snapshots/exact_town12_route10_route0_09_04_14_40_59/f018424.npz
route10,VehicleTurningRoute_2,VehicleTurningRoute,18428,-1,7,4894,5,8.7166,0.63251,13.781,1,1,1,outputs/gate6/snapshots/exact_town12_route10_route0_09_04_14_40_59/f018428.npz
route10,VehicleTurningRoute_2,VehicleTurningRoute,18432,-1,7,4894,5,8.52153,0.38334,22.229,1,1,1,outputs/gate6/snapshots/exact_town12_route10_route0_09_04_14_40_59/f018432.npz
route10,VehicleTurningRoute_2,VehicleTurningRoute,18436,-1,8,4894,6,8.72557,0.27961,31.206,1,1,1,outputs/gate6/snapshots/exact_town12_route10_route0_09_04_14_40_59/f018436.npz
route10,VehicleTurningRoute_2,VehicleTurningRoute,18440,-1,8,4894,6,8.32325,0.30119,27.635,1,1,1,outputs/gate6/snapshots/exact_town12_route10_route0_09_04_14_40_59/f018440.npz
route10,VehicleTurningRoute_2,VehicleTurningRoute,18444,-1,8,4894,6,8.15453,0.30621,26.631,1,1,1,outputs/gate6/snapshots/exact_town12_route10_route0_09_04_14_40_59/f018444.npz
route10,VehicleTurningRoute_2,VehicleTurningRoute,18448,-1,8,4894,6,8.48102,0.33393,25.398,1,1,1,outputs/gate6/snapshots/exact_town12_route10_route0_09_04_14_40_59/f018448.npz
route10,VehicleTurningRoute_2,VehicleTurningRoute,18452,-1,8,4894,6,8.54024,0.37328,22.879,1,1,1,outputs/gate6/snapshots/exact_town12_route10_route0_09_04_14_40_59/f018452.npz
route10,VehicleTurningRoute_2,VehicleTurningRoute,18456,-1,8,4894,6,7.98308,0.45603,17.505,1,1,1,outputs/gate6/snapshots/exact_town12_route10_route0_09_04_14_40_59/f018456.npz
route10,VehicleTurningRoute_2,VehicleTurningRoute,18460,-1,8,4894,6,7.80784,0.49946,15.633,1,1,1,outputs/gate6/snapshots/exact_town12_route10_route0_09_04_14_40_59/f018460.npz
route10,VehicleTurningRoute_2,VehicleTurningRoute,18464,-1,8,4894,6,7.91593,0.5133,15.422,1,1,1,outputs/gate6/snapshots/exact_town12_route10_route0_09_04_14_40_59/f018464.npz
route10,VehicleTurningRoute_2,VehicleTurningRoute,18468,-1,8,4894,6,7.9427,0.46177,17.201,1,1,1,outputs/gate6/snapshots/exact_town12_route10_route0_09_04_14_40_59/f018468.npz
route10,VehicleTurningRoute_2,VehicleTurningRoute,18472,-1,8,4894,6,6.64376,0.47805,13.898,1,1,1,outputs/gate6/snapshots/exact_town12_route10_route0_09_04_14_40_59/f018472.npz
route10,VehicleTurningRoute_2,VehicleTurningRoute,18476,-1,8,4894,6,7.57345,0.49553,15.284,1,1,1,outputs/gate6/snapshots/exact_town12_route10_route0_09_04_14_40_59/f018476.npz
route10,VehicleTurningRoute_2,VehicleTurningRoute,18480,-1,8,4894,6,7.69798,0.56922,13.524,1,1,1,outputs/gate6/snapshots/exact_town12_route10_route0_09_04_14_40_59/f018480.npz
route10,VehicleTurningRoute_2,VehicleTurningRoute,18484,-1,8,4894,6,7.53494,0.70585,10.675,1,1,1,outputs/gate6/snapshots/exact_town12_route10_route0_09_04_14_40_59/f018484.npz
route10,VehicleTurningRoute_2,VehicleTurningRoute,18488,-1,8,4894,6,7.16796,0.6692,10.711,1,1,1,outputs/gate6/snapshots/exact_town12_route10_route0_09_04_14_40_59/f018488.npz
route10,VehicleTurningRoute_2,VehicleTurningRoute,18492,-1,8,4894,6,7.47349,0.68991,10.833,1,1,1,outputs/gate6/snapshots/exact_town12_route10_route0_09_04_14_40_59/f018492.npz
route10,VehicleTurningRoute_2,VehicleTurningRoute,18496,-1,8,4894,6,7.25366,0.76824,9.442,1,1,1,outputs/gate6/snapshots/exact_town12_route10_route0_09_04_14_40_59/f018496.npz
route10,VehicleTurningRoute_2,VehicleTurningRoute,18500,-1,8,4894,6,6.7894,0.8073,8.41,1,1,1,outputs/gate6/snapshots/exact_town12_route10_route0_09_04_14_40_59/f018500.npz
route10,VehicleTurningRoute_2,VehicleTurningRoute,18504,-1,8,4894,6,6.55253,0.80773,8.112,1,1,1,outputs/gate6/snapshots/exact_town12_route10_route0_09_04_14_40_59/f018504.npz
route10,VehicleTurningRoute_2,VehicleTurningRoute,18508,-1,8,4894,6,5.97252,0.91409,6.534,1,1,1,outputs/gate6/snapshots/exact_town12_route10_route0_09_04_14_40_59/f018508.npz
route10,VehicleTurningRoute_2,VehicleTurningRoute,18512,-1,8,4894,6,5.35035,1.0495,5.098,1,1,1,outputs/gate6/snapshots/exact_town12_route10_route0_09_04_14_40_59/f018512.npz
route10,VehicleTurningRoute_2,VehicleTurningRoute,18516,-1,7,4894,5,3.13416,1.19507,2.623,1,1,1,outputs/gate6/snapshots/exact_town12_route10_route0_09_04_14_40_59/f018516.npz
route10,VehicleTurningRoute_2,VehicleTurningRoute,18520,-1,7,4894,5,3.01651,1.04543,2.885,1,1,1,outputs/gate6/snapshots/exact_town12_route10_route0_09_04_14_40_59/f018520.npz
route10,VehicleTurningRoute_2,VehicleTurningRoute,18524,-1,7,4894,5,2.84622,0.95094,2.993,1,1,1,outputs/gate6/snapshots/exact_town12_route10_route0_09_04_14_40_59/f018524.npz
route10,VehicleTurningRoute_2,VehicleTurningRoute,18528,-1,7,4894,5,2.83242,0.89548,3.163,1,1,1,outputs/gate6/snapshots/exact_town12_route10_route0_09_04_14_40_59/f018528.npz
route10,VehicleTurningRoute_2,VehicleTurningRoute,18532,-1,7,4894,5,3.16023,0.8313,3.802,1,1,1,outputs/gate6/snapshots/exact_town12_route10_route0_09_04_14_40_59/f018532.npz
route10,VehicleTurningRoute_2,VehicleTurningRoute,18536,-1,7,4894,5,2.68729,0.96285,2.791,1,1,1,outputs/gate6/snapshots/exact_town12_route10_route0_09_04_14_40_59/f018536.npz
route10,VehicleTurningRoute_2,VehicleTurningRoute,18540,-1,7,4894,5,3.40113,0.87609,3.882,1,1,1,outputs/gate6/snapshots/exact_town12_route10_route0_09_04_14_40_59/f018540.npz
route10,VehicleTurningRoute_2,VehicleTurningRoute,18544,-1,7,4894,5,3.61279,0.8703,4.151,1,1,1,outputs/gate6/snapshots/exact_town12_route10_route0_09_04_14_40_59/f018544.npz
route10,VehicleTurningRoute_2,VehicleTurningRoute,18548,-1,8,4894,6,4.18051,0.77624,5.386,1,1,1,outputs/gate6/snapshots/exact_town12_route10_route0_09_04_14_40_59/f018548.npz
route10,VehicleTurningRoute_2,VehicleTurningRoute,18552,-1,8,4894,6,3.77501,0.88742,4.254,1,1,1,outputs/gate6/snapshots/exact_town12_route10_route0_09_04_14_40_59/f018552.npz
route10,VehicleTurningRoute_2,VehicleTurningRoute,18556,-1,8,4894,6,4.7575,0.77593,6.131,1,1,1,outputs/gate6/snapshots/exact_town12_route10_route0_09_04_14_40_59/f018556.npz
route10,VehicleTurningRoute_2,VehicleTurningRoute,18560,-1,8,4894,6,5.11454,0.7615,6.716,1,1,1,outputs/gate6/snapshots/exact_town12_route10_route0_09_04_14_40_59/f018560.npz
route10,VehicleTurningRoute_2,VehicleTurningRoute,18564,-1,7,4894,5,5.67018,0.79067,7.171,1,1,1,outputs/gate6/snapshots/exact_town12_route10_route0_09_04_14_40_59/f018564.npz
route10,VehicleTurningRoute_2,VehicleTurningRoute,18568,-1,7,4894,5,4.96669,0.95401,5.206,1,1,1,outputs/gate6/snapshots/exact_town12_route10_route0_09_04_14_40_59/f018568.npz
route10,VehicleTurningRoute_2,VehicleTurningRoute,18572,-1,7,4894,5,5.04073,0.93238,5.406,1,1,1,outputs/gate6/snapshots/exact_town12_route10_route0_09_04_14_40_59/f018572.npz
route10,VehicleTurningRoute_2,VehicleTurningRoute,18576,-1,7,4894,5,5.11872,0.65602,7.803,1,1,1,outputs/gate6/snapshots/exact_town12_route10_route0_09_04_14_40_59/f018576.npz
route10,VehicleTurningRoute_2,VehicleTurningRoute,18580,-1,7,4894,5,4.12088,0.5326,7.737,1,1,1,outputs/gate6/snapshots/exact_town12_route10_route0_09_04_14_40_59/f018580.npz
route10,VehicleTurningRoute_2,VehicleTurningRoute,18584,-1,7,4894,5,4.25715,0.51515,8.264,1,1,1,outputs/gate6/snapshots/exact_town12_route10_route0_09_04_14_40_59/f018584.npz
route10,VehicleTurningRoute_2,VehicleTurningRoute,18588,-1,7,4894,5,4.31054,0.3113,13.847,1,1,1,outputs/gate6/snapshots/exact_town12_route10_route0_09_04_14_40_59/f018588.npz
route10,VehicleTurningRoute_2,VehicleTurningRoute,18592,-1,7,4894,5,2.52744,0.3161,7.996,1,1,1,outputs/gate6/snapshots/exact_town12_route10_route0_09_04_14_40_59/f018592.npz
route10,VehicleTurningRoute_2,VehicleTurningRoute,18596,-1,7,4894,5,3.93684,0.55347,7.113,1,1,1,outputs/gate6/snapshots/exact_town12_route10_route0_09_04_14_40_59/f018596.npz
route10,VehicleTurningRoute_2,VehicleTurningRoute,18600,-1,7,4894,5,3.46286,0.75362,4.595,1,1,1,outputs/gate6/snapshots/exact_town12_route10_route0_09_04_14_40_59/f018600.npz
route10,VehicleTurningRoute_2,VehicleTurningRoute,18604,-1,7,4894,5,3.43127,0.78499,4.371,1,1,1,outputs/gate6/snapshots/exact_town12_route10_route0_09_04_14_40_59/f018604.npz
route10,VehicleTurningRoute_2,VehicleTurningRoute,18608,-1,7,4894,5,3.22969,0.60267,5.359,1,1,1,outputs/gate6/snapshots/exact_town12_route10_route0_09_04_14_40_59/f018608.npz
route10,VehicleTurningRoute_2,VehicleTurningRoute,18612,-1,7,4894,5,3.24186,0.88468,3.664,1,1,1,outputs/gate6/snapshots/exact_town12_route10_route0_09_04_14_40_59/f018612.npz
route10,VehicleTurningRoute_2,VehicleTurningRoute,18616,-1,7,4894,5,2.83989,1.15802,2.452,1,1,1,outputs/gate6/snapshots/exact_town12_route10_route0_09_04_14_40_59/f018616.npz
route10,VehicleTurningRoute_2,VehicleTurningRoute,18620,-1,7,4894,5,3.03761,1.33883,2.269,1,1,1,outputs/gate6/snapshots/exact_town12_route10_route0_09_04_14_40_59/f018620.npz
route10,VehicleTurningRoute_2,VehicleTurningRoute,18624,-1,7,4894,5,2.93493,1.02354,2.867,1,1,1,outputs/gate6/snapshots/exact_town12_route10_route0_09_04_14_40_59/f018624.npz
route10,VehicleTurningRoute_2,VehicleTurningRoute,18628,-1,7,4894,5,2.96608,1.04482,2.839,1,1,1,outputs/gate6/snapshots/exact_town12_route10_route0_09_04_14_40_59/f018628.npz
route10,VehicleTurningRoute_2,VehicleTurningRoute,18632,-1,9,4894,7,2.96956,0.43554,6.818,1,1,1,outputs/gate6/snapshots/exact_town12_route10_route0_09_04_14_40_59/f018632.npz
route10,VehicleTurningRoute_2,VehicleTurningRoute,18636,-1,8,4894,6,3.57555,0.45346,7.885,1,1,1,outputs/gate6/snapshots/exact_town12_route10_route0_09_04_14_40_59/f018636.npz
route10,VehicleTurningRoute_2,VehicleTurningRoute,18640,-1,7,4894,5,4.13526,0.84318,4.904,1,1,1,outputs/gate6/snapshots/exact_town12_route10_route0_09_04_14_40_59/f018640.npz
route10,VehicleTurningRoute_2,VehicleTurningRoute,18644,-1,7,4894,5,4.14418,1.28998,3.213,1,1,1,outputs/gate6/snapshots/exact_town12_route10_route0_09_04_14_40_59/f018644.npz
route10,VehicleTurningRoute_2,VehicleTurningRoute,18648,-1,7,4894,5,3.83817,1.5208,2.524,1,1,1,outputs/gate6/snapshots/exact_town12_route10_route0_09_04_14_40_59/f018648.npz
route10,VehicleTurningRoute_2,VehicleTurningRoute,18652,-1,7,4894,5,4.04382,1.60379,2.521,1,1,1,outputs/gate6/snapshots/exact_town12_route10_route0_09_04_14_40_59/f018652.npz
route10,VehicleTurningRoute_2,VehicleTurningRoute,18656,-1,7,4894,5,4.75065,0.33506,14.178,1,1,1,outputs/gate6/snapshots/exact_town12_route10_route0_09_04_14_40_59/f018656.npz
route10,VehicleTurningRoute_2,VehicleTurningRoute,18660,-1,8,4894,6,4.73661,0.31635,14.973,1,1,1,outputs/gate6/snapshots/exact_town12_route10_route0_09_04_14_40_59/f018660.npz
route10,VehicleTurningRoute_2,VehicleTurningRoute,18664,-1,8,4894,6,4.37575,0.31036,14.099,1,1,1,outputs/gate6/snapshots/exact_town12_route10_route0_09_04_14_40_59/f018664.npz
route10,VehicleTurningRoute_2,VehicleTurningRoute,18668,-1,8,4894,6,3.84747,0.3225,11.93,1,1,1,outputs/gate6/snapshots/exact_town12_route10_route0_09_04_14_40_59/f018668.npz
route10,VehicleTurningRoute_2,VehicleTurningRoute,18672,-1,8,4894,6,3.70582,0.3953,9.375,1,1,1,outputs/gate6/snapshots/exact_town12_route10_route0_09_04_14_40_59/f018672.npz
route10,VehicleTurningRoute_2,VehicleTurningRoute,18676,-1,8,4894,6,4.39887,0.45288,9.713,1,1,1,outputs/gate6/snapshots/exact_town12_route10_route0_09_04_14_40_59/f018676.npz
route10,VehicleTurningRoute_2,VehicleTurningRoute,18680,-1,8,4894,6,4.84041,0.33766,14.335,1,1,1,outputs/gate6/snapshots/exact_town12_route10_route0_09_04_14_40_59/f018680.npz
route10,VehicleTurningRoute_2,VehicleTurningRoute,18684,-1,8,4894,6,4.79523,0.28857,16.617,1,1,1,outputs/gate6/snapshots/exact_town12_route10_route0_09_04_14_40_59/f018684.npz
route10,VehicleTurningRoute_2,VehicleTurningRoute,18688,-1,8,4894,6,4.64663,0.17139,27.112,1,1,1,outputs/gate6/snapshots/exact_town12_route10_route0_09_04_14_40_59/f018688.npz
route10,VehicleTurningRoute_2,VehicleTurningRoute,18692,-1,8,4894,6,4.78848,0.05338,89.702,1,1,1,outputs/gate6/snapshots/exact_town12_route10_route0_09_04_14_40_59/f018692.npz
route10,VehicleTurningRoute_2,VehicleTurningRoute,18696,-1,8,4894,6,4.47563,0.09634,46.455,1,1,1,outputs/gate6/snapshots/exact_town12_route10_route0_09_04_14_40_59/f018696.npz
route10,VehicleTurningRoute_2,VehicleTurningRoute,18700,-1,8,4894,6,4.26205,0.27953,15.247,1,1,1,outputs/gate6/snapshots/exact_town12_route10_route0_09_04_14_40_59/f018700.npz
route10,VehicleTurningRoute_2,VehicleTurningRoute,18704,-1,9,4894,7,4.40617,0.25823,17.063,1,1,1,outputs/gate6/snapshots/exact_town12_route10_route0_09_04_14_40_59/f018704.npz
route10,VehicleTurningRoute_2,VehicleTurningRoute,18708,-1,9,4894,7,4.14194,0.29564,14.01,1,1,1,outputs/gate6/snapshots/exact_town12_route10_route0_09_04_14_40_59/f018708.npz
route10,VehicleTurningRoute_2,VehicleTurningRoute,18712,-1,8,4894,6,4.67107,0.58407,7.997,1,1,1,outputs/gate6/snapshots/exact_town12_route10_route0_09_04_14_40_59/f018712.npz
route10,VehicleTurningRoute_2,VehicleTurningRoute,18716,-1,8,4894,6,4.46061,0.53761,8.297,1,1,1,outputs/gate6/snapshots/exact_town12_route10_route0_09_04_14_40_59/f018716.npz
route10,VehicleTurningRoute_2,VehicleTurningRoute,18720,-1,8,4894,6,4.4095,0.3257,13.538,1,1,1,outputs/gate6/snapshots/exact_town12_route10_route0_09_04_14_40_59/f018720.npz
route10,VehicleTurningRoute_2,VehicleTurningRoute,18724,-1,8,4894,6,4.69426,0.29867,15.717,1,1,1,outputs/gate6/snapshots/exact_town12_route10_route0_09_04_14_40_59/f018724.npz
route10,VehicleTurningRoute_2,VehicleTurningRoute,18728,-1,8,4894,6,4.00968,0.29107,13.776,1,1,1,outputs/gate6/snapshots/exact_town12_route10_route0_09_04_14_40_59/f018728.npz
route10,VehicleTurningRoute_2,VehicleTurningRoute,18732,-1,9,4894,7,3.59277,0.21272,16.89,1,1,1,outputs/gate6/snapshots/exact_town12_route10_route0_09_04_14_40_59/f018732.npz
route10,VehicleTurningRoute_2,VehicleTurningRoute,18736,-1,9,4894,7,3.95767,0.20974,18.87,1,1,1,outputs/gate6/snapshots/exact_town12_route10_route0_09_04_14_40_59/f018736.npz
route10,VehicleTurningRoute_2,VehicleTurningRoute,18740,-1,9,4894,7,0.94215,0.08791,10.717,1,1,1,outputs/gate6/snapshots/exact_town12_route10_route0_09_04_14_40_59/f018740.npz
route10,VehicleTurningRoute_2,VehicleTurningRoute,18744,-1,9,4894,7,0.39892,0.16969,2.351,1,1,1,outputs/gate6/snapshots/exact_town12_route10_route0_09_04_14_40_59/f018744.npz
route10,VehicleTurningRoute_2,VehicleTurningRoute,18748,-1,7,4894,5,0.32717,0.18359,1.782,1,1,1,outputs/gate6/snapshots/exact_town12_route10_route0_09_04_14_40_59/f018748.npz
route10,VehicleTurningRoute_2,VehicleTurningRoute,18752,-1,8,4894,6,0.1384,0.07707,1.796,0,1,0,outputs/gate6/snapshots/exact_town12_route10_route0_09_04_14_40_59/f018752.npz
route10,VehicleTurningRoute_2,VehicleTurningRoute,18756,-1,8,4894,6,0.16476,0.10342,1.593,0,1,0,outputs/gate6/snapshots/exact_town12_route10_route0_09_04_14_40_59/f018756.npz
route10,VehicleTurningRoute_2,VehicleTurningRoute,18760,-1,8,4917,5,0.21745,0.21093,1.031,1,0,0,outputs/gate6/snapshots/exact_town12_route10_route0_09_04_14_40_59/f018760.npz
route10,VehicleTurningRoute_2,VehicleTurningRoute,18764,-1,8,4917,5,0.17348,0.15825,1.096,0,0,0,outputs/gate6/snapshots/exact_town12_route10_route0_09_04_14_40_59/f018764.npz
route10,VehicleTurningRoute_2,VehicleTurningRoute,18768,-1,9,4917,6,0.19833,0.11102,1.786,0,1,0,outputs/gate6/snapshots/exact_town12_route10_route0_09_04_14_40_59/f018768.npz
route10,VehicleTurningRoute_2,VehicleTurningRoute,18772,-1,9,4917,6,0.20024,0.11934,1.678,1,1,1,outputs/gate6/snapshots/exact_town12_route10_route0_09_04_14_40_59/f018772.npz
route10,VehicleTurningRoute_2,VehicleTurningRoute,18776,-1,9,4917,6,0.31059,0.15025,2.067,1,1,1,outputs/gate6/snapshots/exact_town12_route10_route0_09_04_14_40_59/f018776.npz
route10,VehicleTurningRoute_2,VehicleTurningRoute,18780,-1,9,4917,6,0.57531,0.2321,2.479,1,1,1,outputs/gate6/snapshots/exact_town12_route10_route0_09_04_14_40_59/f018780.npz
route10,VehicleTurningRoute_2,VehicleTurningRoute,18784,-1,9,4917,6,0.7682,0.29707,2.586,1,1,1,outputs/gate6/snapshots/exact_town12_route10_route0_09_04_14_40_59/f018784.npz
route10,VehicleTurningRoute_2,VehicleTurningRoute,18788,-1,9,4917,6,0.94195,0.19267,4.889,1,1,1,outputs/gate6/snapshots/exact_town12_route10_route0_09_04_14_40_59/f018788.npz
route10,VehicleTurningRoute_2,VehicleTurningRoute,18792,-1,9,4917,6,1.02896,0.18433,5.582,1,1,1,outputs/gate6/snapshots/exact_town12_route10_route0_09_04_14_40_59/f018792.npz
route10,VehicleTurningRoute_2,VehicleTurningRoute,18796,-1,9,4917,6,1.03389,0.22796,4.535,1,1,1,outputs/gate6/snapshots/exact_town12_route10_route0_09_04_14_40_59/f018796.npz
route10,VehicleTurningRoute_2,VehicleTurningRoute,18800,-1,9,4917,6,1.05268,0.20144,5.226,1,1,1,outputs/gate6/snapshots/exact_town12_route10_route0_09_04_14_40_59/f018800.npz
route10,VehicleTurningRoute_2,VehicleTurningRoute,18804,-1,9,4917,6,1.33076,0.32986,4.034,1,1,1,outputs/gate6/snapshots/exact_town12_route10_route0_09_04_14_40_59/f018804.npz
route10,VehicleTurningRoute_2,VehicleTurningRoute,18808,-1,9,4917,6,0.91889,0.31668,2.902,1,1,1,outputs/gate6/snapshots/exact_town12_route10_route0_09_04_14_40_59/f018808.npz
route10,VehicleTurningRoute_2,VehicleTurningRoute,18812,-1,9,4917,6,0.78706,0.21471,3.666,1,1,1,outputs/gate6/snapshots/exact_town12_route10_route0_09_04_14_40_59/f018812.npz
route10,VehicleTurningRoute_2,VehicleTurningRoute,18816,-1,8,4917,6,0.88598,0.10286,8.614,1,1,1,outputs/gate6/snapshots/exact_town12_route10_route0_09_04_14_40_59/f018816.npz
route10,VehicleTurningRoute_2,VehicleTurningRoute,18820,-1,8,4917,6,1.41217,0.18083,7.809,1,1,1,outputs/gate6/snapshots/exact_town12_route10_route0_09_04_14_40_59/f018820.npz
route10,VehicleTurningRoute_2,VehicleTurningRoute,18824,-1,8,4917,6,1.2517,0.23743,5.272,1,1,1,outputs/gate6/snapshots/exact_town12_route10_route0_09_04_14_40_59/f018824.npz
route10,VehicleTurningRoute_2,VehicleTurningRoute,18828,-1,8,4917,6,1.21493,0.15571,7.802,1,1,1,outputs/gate6/snapshots/exact_town12_route10_route0_09_04_14_40_59/f018828.npz
route10,VehicleTurningRoute_2,VehicleTurningRoute,18832,-1,8,4917,6,1.51265,0.05203,29.071,1,1,1,outputs/gate6/snapshots/exact_town12_route10_route0_09_04_14_40_59/f018832.npz
route10,VehicleTurningRoute_2,VehicleTurningRoute,18836,-1,8,4917,6,1.3166,0.19806,6.647,1,1,1,outputs/gate6/snapshots/exact_town12_route10_route0_09_04_14_40_59/f018836.npz
route10,VehicleTurningRoute_2,VehicleTurningRoute,18840,-1,9,4917,7,1.48826,0.24975,5.959,1,1,1,outputs/gate6/snapshots/exact_town12_route10_route0_09_04_14_40_59/f018840.npz
route10,VehicleTurningRoute_2,VehicleTurningRoute,18844,-1,9,4917,7,1.38673,0.11163,12.423,1,1,1,outputs/gate6/snapshots/exact_town12_route10_route0_09_04_14_40_59/f018844.npz
route10,VehicleTurningRoute_2,VehicleTurningRoute,18848,-1,9,4917,7,1.2686,0.23153,5.479,1,1,1,outputs/gate6/snapshots/exact_town12_route10_route0_09_04_14_40_59/f018848.npz
route10,VehicleTurningRoute_2,VehicleTurningRoute,18852,-1,9,4917,7,1.31029,0.11561,11.333,1,1,1,outputs/gate6/snapshots/exact_town12_route10_route0_09_04_14_40_59/f018852.npz
route10,VehicleTurningRoute_2,VehicleTurningRoute,18856,-1,9,4917,7,1.04838,0.0618,16.964,1,1,1,outputs/gate6/snapshots/exact_town12_route10_route0_09_04_14_40_59/f018856.npz
route10,VehicleTurningRoute_2,VehicleTurningRoute,18860,-1,9,4917,7,0.93647,0.04514,18.729,1,1,1,outputs/gate6/snapshots/exact_town12_route10_route0_09_04_14_40_59/f018860.npz
route10,VehicleTurningRoute_2,VehicleTurningRoute,18864,-1,9,4917,7,0.9426,0.05804,16.241,1,1,1,outputs/gate6/snapshots/exact_town12_route10_route0_09_04_14_40_59/f018864.npz
route10,VehicleTurningRoute_2,VehicleTurningRoute,18868,-1,10,4917,8,1.26982,0.02144,25.396,1,1,1,outputs/gate6/snapshots/exact_town12_route10_route0_09_04_14_40_59/f018868.npz
route10,VehicleTurningRoute_2,VehicleTurningRoute,18872,-1,10,4917,8,1.32031,0.02503,26.406,1,1,1,outputs/gate6/snapshots/exact_town12_route10_route0_09_04_14_40_59/f018872.npz
route10,VehicleTurningRoute_2,VehicleTurningRoute,18876,-1,10,4917,8,1.28946,0.0149,25.789,1,1,1,outputs/gate6/snapshots/exact_town12_route10_route0_09_04_14_40_59/f018876.npz
route10,VehicleTurningRoute_2,VehicleTurningRoute,18880,-1,10,4917,8,1.16101,0.01162,23.22,1,1,1,outputs/gate6/snapshots/exact_town12_route10_route0_09_04_14_40_59/f018880.npz
route10,VehicleTurningRoute_2,VehicleTurningRoute,18884,-1,10,4917,8,1.15255,0.02004,23.051,1,1,1,outputs/gate6/snapshots/exact_town12_route10_route0_09_04_14_40_59/f018884.npz
route10,VehicleTurningRoute_2,VehicleTurningRoute,18888,-1,10,4917,8,1.17766,0.04607,23.553,1,1,1,outputs/gate6/snapshots/exact_town12_route10_route0_09_04_14_40_59/f018888.npz
route10,VehicleTurningRoute_2,VehicleTurningRoute,18892,-1,10,4917,8,1.22411,0.01618,24.482,1,1,1,outputs/gate6/snapshots/exact_town12_route10_route0_09_04_14_40_59/f018892.npz
route10,VehicleTurningRoute_2,VehicleTurningRoute,18896,-1,10,4917,8,1.20377,0.01209,24.075,1,1,1,outputs/gate6/snapshots/exact_town12_route10_route0_09_04_14_40_59/f018896.npz
route10,VehicleTurningRoute_2,VehicleTurningRoute,18900,-1,10,4917,8,1.23209,0.01185,24.642,1,1,1,outputs/gate6/snapshots/exact_town12_route10_route0_09_04_14_40_59/f018900.npz
route10,VehicleTurningRoute_2,VehicleTurningRoute,18904,-1,10,4917,8,1.2101,0.00975,24.202,1,1,1,outputs/gate6/snapshots/exact_town12_route10_route0_09_04_14_40_59/f018904.npz
route10,VehicleTurningRoute_2,VehicleTurningRoute,18908,-1,10,4917,8,1.22323,0.0113,24.465,1,1,1,outputs/gate6/snapshots/exact_town12_route10_route0_09_04_14_40_59/f018908.npz
route10,VehicleTurningRoute_2,VehicleTurningRoute,18912,-1,10,4917,8,1.18984,0.01009,23.797,1,1,1,outputs/gate6/snapshots/exact_town12_route10_route0_09_04_14_40_59/f018912.npz
route10,VehicleTurningRoute_2,VehicleTurningRoute,18916,-1,10,4917,8,1.16997,0.01469,23.399,1,1,1,outputs/gate6/snapshots/exact_town12_route10_route0_09_04_14_40_59/f018916.npz
route10,VehicleTurningRoute_2,VehicleTurningRoute,18920,-1,10,4917,8,1.12448,0.00917,22.49,1,1,1,outputs/gate6/snapshots/exact_town12_route10_route0_09_04_14_40_59/f018920.npz
route10,VehicleTurningRoute_2,VehicleTurningRoute,18924,-1,10,4917,8,1.0585,0.00995,21.17,1,1,1,outputs/gate6/snapshots/exact_town12_route10_route0_09_04_14_40_59/f018924.npz
route10,VehicleTurningRoute_2,VehicleTurningRoute,18928,-1,10,4917,8,1.01385,0.01066,20.277,1,1,1,outputs/gate6/snapshots/exact_town12_route10_route0_09_04_14_40_59/f018928.npz
route10,VehicleTurningRoute_2,VehicleTurningRoute,18932,-1,10,4917,8,1.048,0.01022,20.96,1,1,1,outputs/gate6/snapshots/exact_town12_route10_route0_09_04_14_40_59/f018932.npz
route10,VehicleTurningRoute_2,VehicleTurningRoute,18936,-1,10,4917,8,1.10903,0.00898,22.181,1,1,1,outputs/gate6/snapshots/exact_town12_route10_route0_09_04_14_40_59/f018936.npz
route10,VehicleTurningRoute_2,VehicleTurningRoute,18940,-1,10,4917,8,1.0894,0.01022,21.788,1,1,1,outputs/gate6/snapshots/exact_town12_route10_route0_09_04_14_40_59/f018940.npz
route10,VehicleTurningRoute_2,VehicleTurningRoute,18944,-1,10,4917,8,1.11833,0.0121,22.367,1,1,1,outputs/gate6/snapshots/exact_town12_route10_route0_09_04_14_40_59/f018944.npz
route10,VehicleTurningRoute_2,VehicleTurningRoute,18948,-1,10,4917,8,1.14024,0.00927,22.805,1,1,1,outputs/gate6/snapshots/exact_town12_route10_route0_09_04_14_40_59/f018948.npz
route10,VehicleTurningRoute_2,VehicleTurningRoute,18952,-1,10,4917,8,1.00452,0.00672,20.09,1,1,1,outputs/gate6/snapshots/exact_town12_route10_route0_09_04_14_40_59/f018952.npz
route10,VehicleTurningRoute_2,VehicleTurningRoute,18956,-1,10,4917,8,1.08507,0.00789,21.701,1,1,1,outputs/gate6/snapshots/exact_town12_route10_route0_09_04_14_40_59/f018956.npz
route10,VehicleTurningRoute_2,VehicleTurningRoute,18960,-1,10,4917,8,1.15034,0.00926,23.007,1,1,1,outputs/gate6/snapshots/exact_town12_route10_route0_09_04_14_40_59/f018960.npz
route10,VehicleTurningRoute_2,VehicleTurningRoute,18964,-1,11,4917,9,1.19396,0.00702,23.879,1,1,1,outputs/gate6/snapshots/exact_town12_route10_route0_09_04_14_40_59/f018964.npz
route10,VehicleTurningRoute_2,VehicleTurningRoute,18968,-1,11,4917,9,1.18741,0.00748,23.748,1,1,1,outputs/gate6/snapshots/exact_town12_route10_route0_09_04_14_40_59/f018968.npz
route10,VehicleTurningRoute_2,VehicleTurningRoute,18972,-1,11,4917,9,1.24149,0.00769,24.83,1,1,1,outputs/gate6/snapshots/exact_town12_route10_route0_09_04_14_40_59/f018972.npz
route10,VehicleTurningRoute_2,VehicleTurningRoute,18976,-1,11,4917,9,1.25443,0.00917,25.089,1,1,1,outputs/gate6/snapshots/exact_town12_route10_route0_09_04_14_40_59/f018976.npz
route10,VehicleTurningRoute_2,VehicleTurningRoute,18980,-1,11,4917,9,1.25605,0.01432,25.121,1,1,1,outputs/gate6/snapshots/exact_town12_route10_route0_09_04_14_40_59/f018980.npz
route10,VehicleTurningRoute_2,VehicleTurningRoute,18984,-1,11,4917,9,1.25681,0.01752,25.136,1,1,1,outputs/gate6/snapshots/exact_town12_route10_route0_09_04_14_40_59/f018984.npz
route10,VehicleTurningRoute_2,VehicleTurningRoute,18988,-1,11,4917,9,1.23895,0.0181,24.779,1,1,1,outputs/gate6/snapshots/exact_town12_route10_route0_09_04_14_40_59/f018988.npz
route10,VehicleTurningRoute_2,VehicleTurningRoute,18992,-1,11,4917,9,1.21686,0.01568,24.337,1,1,1,outputs/gate6/snapshots/exact_town12_route10_route0_09_04_14_40_59/f018992.npz
route10,VehicleTurningRoute_2,VehicleTurningRoute,18996,-1,11,4917,9,1.20106,0.01565,24.021,1,1,1,outputs/gate6/snapshots/exact_town12_route10_route0_09_04_14_40_59/f018996.npz
route10,VehicleTurningRoute_2,VehicleTurningRoute,19000,-1,11,4917,9,1.21044,0.01473,24.209,1,1,1,outputs/gate6/snapshots/exact_town12_route10_route0_09_04_14_40_59/f019000.npz
route10,VehicleTurningRoute_2,VehicleTurningRoute,19004,-1,11,4917,9,1.22811,0.0123,24.562,1,1,1,outputs/gate6/snapshots/exact_town12_route10_route0_09_04_14_40_59/f019004.npz
route10,VehicleTurningRoute_2,VehicleTurningRoute,19008,-1,11,4917,9,1.22564,0.00998,24.513,1,1,1,outputs/gate6/snapshots/exact_town12_route10_route0_09_04_14_40_59/f019008.npz
route10,VehicleTurningRoute_2,VehicleTurningRoute,19012,-1,11,4917,9,1.20619,0.00872,24.124,1,1,1,outputs/gate6/snapshots/exact_town12_route10_route0_09_04_14_40_59/f019012.npz
route10,VehicleTurningRoute_2,VehicleTurningRoute,19016,-1,11,4917,9,1.1988,0.00927,23.976,1,1,1,outputs/gate6/snapshots/exact_town12_route10_route0_09_04_14_40_59/f019016.npz
route10,VehicleTurningRoute_2,VehicleTurningRoute,19020,-1,11,4917,9,1.19374,0.01149,23.875,1,1,1,outputs/gate6/snapshots/exact_town12_route10_route0_09_04_14_40_59/f019020.npz
route10,VehicleTurningRoute_2,VehicleTurningRoute,19024,-1,11,4917,9,1.18826,0.01197,23.765,1,1,1,outputs/gate6/snapshots/exact_town12_route10_route0_09_04_14_40_59/f019024.npz
route10,VehicleTurningRoute_2,VehicleTurningRoute,19028,-1,11,4917,9,1.18266,0.01143,23.653,1,1,1,outputs/gate6/snapshots/exact_town12_route10_route0_09_04_14_40_59/f019028.npz
route10,VehicleTurningRoute_2,VehicleTurningRoute,19032,-1,11,4917,9,1.2023,0.01045,24.046,1,1,1,outputs/gate6/snapshots/exact_town12_route10_route0_09_04_14_40_59/f019032.npz
route10,VehicleTurningRoute_2,VehicleTurningRoute,19036,-1,11,4917,9,1.25769,0.0113,25.154,1,1,1,outputs/gate6/snapshots/exact_town12_route10_route0_09_04_14_40_59/f019036.npz
route10,VehicleTurningRoute_2,VehicleTurningRoute,19040,-1,11,4917,9,1.26156,0.01046,25.231,1,1,1,outputs/gate6/snapshots/exact_town12_route10_route0_09_04_14_40_59/f019040.npz
route10,VehicleTurningRoute_2,VehicleTurningRoute,19044,-1,11,4917,9,1.2863,0.0136,25.726,1,1,1,outputs/gate6/snapshots/exact_town12_route10_route0_09_04_14_40_59/f019044.npz
route10,VehicleTurningRoute_2,VehicleTurningRoute,19048,-1,11,4917,9,1.29527,0.01667,25.905,1,1,1,outputs/gate6/snapshots/exact_town12_route10_route0_09_04_14_40_59/f019048.npz
route10,VehicleTurningRoute_2,VehicleTurningRoute,19052,-1,12,4917,10,1.26164,0.02007,25.233,1,1,1,outputs/gate6/snapshots/exact_town12_route10_route0_09_04_14_40_59/f019052.npz
route10,VehicleTurningRoute_2,VehicleTurningRoute,19056,-1,12,4917,10,1.23981,0.02087,24.796,1,1,1,outputs/gate6/snapshots/exact_town12_route10_route0_09_04_14_40_59/f019056.npz
route10,VehicleTurningRoute_2,VehicleTurningRoute,19060,-1,12,4917,10,1.22597,0.02486,24.519,1,1,1,outputs/gate6/snapshots/exact_town12_route10_route0_09_04_14_40_59/f019060.npz
route10,VehicleTurningRoute_2,VehicleTurningRoute,19064,-1,12,4917,10,1.19336,0.02501,23.867,1,1,1,outputs/gate6/snapshots/exact_town12_route10_route0_09_04_14_40_59/f019064.npz
route10,VehicleTurningRoute_2,VehicleTurningRoute,19068,-1,11,4917,9,1.16893,0.00898,23.379,1,1,1,outputs/gate6/snapshots/exact_town12_route10_route0_09_04_14_40_59/f019068.npz
route10,VehicleTurningRoute_2,VehicleTurningRoute,19072,-1,11,4917,9,1.16877,0.00835,23.375,1,1,1,outputs/gate6/snapshots/exact_town12_route10_route0_09_04_14_40_59/f019072.npz
route10,VehicleTurningRoute_2,VehicleTurningRoute,19076,-1,11,4917,9,1.13809,0.00759,22.762,1,1,1,outputs/gate6/snapshots/exact_town12_route10_route0_09_04_14_40_59/f019076.npz
route10,VehicleTurningRoute_2,VehicleTurningRoute,19080,-1,11,4917,9,1.08071,0.0072,21.614,1,1,1,outputs/gate6/snapshots/exact_town12_route10_route0_09_04_14_40_59/f019080.npz
route10,VehicleTurningRoute_2,VehicleTurningRoute,19084,-1,11,4917,9,0.95402,0.00694,19.08,1,1,1,outputs/gate6/snapshots/exact_town12_route10_route0_09_04_14_40_59/f019084.npz
route10,VehicleTurningRoute_2,VehicleTurningRoute,19088,-1,11,4917,9,0.91743,0.0074,18.349,1,1,1,outputs/gate6/snapshots/exact_town12_route10_route0_09_04_14_40_59/f019088.npz
route10,VehicleTurningRoute_2,VehicleTurningRoute,19092,-1,11,4917,9,0.87747,0.00761,17.549,1,1,1,outputs/gate6/snapshots/exact_town12_route10_route0_09_04_14_40_59/f019092.npz
route10,VehicleTurningRoute_2,VehicleTurningRoute,19096,-1,11,4917,9,0.84984,0.00673,16.997,1,1,1,outputs/gate6/snapshots/exact_town12_route10_route0_09_04_14_40_59/f019096.npz
route10,VehicleTurningRoute_2,VehicleTurningRoute,19100,-1,11,4917,9,0.83902,0.00517,16.78,1,1,1,outputs/gate6/snapshots/exact_town12_route10_route0_09_04_14_40_59/f019100.npz
route10,VehicleTurningRoute_2,VehicleTurningRoute,19104,-1,11,4917,9,0.84854,0.00418,16.971,1,1,1,outputs/gate6/snapshots/exact_town12_route10_route0_09_04_14_40_59/f019104.npz
route10,VehicleTurningRoute_2,VehicleTurningRoute,19108,-1,11,4917,9,0.92922,0.00443,18.584,1,1,1,outputs/gate6/snapshots/exact_town12_route10_route0_09_04_14_40_59/f019108.npz
route10,VehicleTurningRoute_2,VehicleTurningRoute,19112,-1,11,4917,9,0.98708,0.00682,19.742,1,1,1,outputs/gate6/snapshots/exact_town12_route10_route0_09_04_14_40_59/f019112.npz
route10,VehicleTurningRoute_2,VehicleTurningRoute,19116,-1,11,4917,9,1.01846,0.0108,20.369,1,1,1,outputs/gate6/snapshots/exact_town12_route10_route0_09_04_14_40_59/f019116.npz
route10,VehicleTurningRoute_2,VehicleTurningRoute,19120,-1,11,4917,9,0.96409,0.01089,19.282,1,1,1,outputs/gate6/snapshots/exact_town12_route10_route0_09_04_14_40_59/f019120.npz
route10,VehicleTurningRoute_2,VehicleTurningRoute,19124,-1,11,4917,9,0.94016,0.0127,18.803,1,1,1,outputs/gate6/snapshots/exact_town12_route10_route0_09_04_14_40_59/f019124.npz
route10,VehicleTurningRoute_2,VehicleTurningRoute,19128,-1,11,4917,9,0.92098,0.01154,18.42,1,1,1,outputs/gate6/snapshots/exact_town12_route10_route0_09_04_14_40_59/f019128.npz
route10,VehicleTurningRoute_2,VehicleTurningRoute,19132,-1,11,4917,9,0.88697,0.00713,17.739,1,1,1,outputs/gate6/snapshots/exact_town12_route10_route0_09_04_14_40_59/f019132.npz
route10,VehicleTurningRoute_2,VehicleTurningRoute,19136,-1,11,4917,9,0.86632,0.00484,17.326,1,1,1,outputs/gate6/snapshots/exact_town12_route10_route0_09_04_14_40_59/f019136.npz
route10,VehicleTurningRoute_2,VehicleTurningRoute,19140,-1,11,4917,9,0.73084,0.00413,14.617,1,1,1,outputs/gate6/snapshots/exact_town12_route10_route0_09_04_14_40_59/f019140.npz
route10,VehicleTurningRoute_2,VehicleTurningRoute,19144,-1,11,4917,9,0.71112,0.0039,14.222,1,1,1,outputs/gate6/snapshots/exact_town12_route10_route0_09_04_14_40_59/f019144.npz
route10,VehicleTurningRoute_2,VehicleTurningRoute,19148,-1,11,4917,9,0.71654,0.00409,14.331,1,1,1,outputs/gate6/snapshots/exact_town12_route10_route0_09_04_14_40_59/f019148.npz
route10,VehicleTurningRoute_2,VehicleTurningRoute,19152,-1,11,4917,9,0.72292,0.00385,14.458,1,1,1,outputs/gate6/snapshots/exact_town12_route10_route0_09_04_14_40_59/f019152.npz
route10,VehicleTurningRoute_2,VehicleTurningRoute,19156,-1,11,4917,9,0.72172,0.00392,14.434,1,1,1,outputs/gate6/snapshots/exact_town12_route10_route0_09_04_14_40_59/f019156.npz
route10,VehicleTurningRoute_2,VehicleTurningRoute,19160,-1,11,4917,9,0.71306,0.00389,14.261,1,1,1,outputs/gate6/snapshots/exact_town12_route10_route0_09_04_14_40_59/f019160.npz
route10,VehicleTurningRoute_2,VehicleTurningRoute,19164,-1,11,4917,9,0.70116,0.00402,14.023,1,1,1,outputs/gate6/snapshots/exact_town12_route10_route0_09_04_14_40_59/f019164.npz
route10,VehicleTurningRoute_2,VehicleTurningRoute,19168,-1,11,4917,9,0.70429,0.00338,14.086,1,1,1,outputs/gate6/snapshots/exact_town12_route10_route0_09_04_14_40_59/f019168.npz
route10,VehicleTurningRoute_2,VehicleTurningRoute,19172,-1,11,4917,9,0.70653,0.00359,14.131,1,1,1,outputs/gate6/snapshots/exact_town12_route10_route0_09_04_14_40_59/f019172.npz
route10,VehicleTurningRoute_2,VehicleTurningRoute,19176,-1,11,4917,9,0.71037,0.00396,14.207,1,1,1,outputs/gate6/snapshots/exact_town12_route10_route0_09_04_14_40_59/f019176.npz
route10,VehicleTurningRoute_2,VehicleTurningRoute,19180,-1,11,4917,9,0.70467,0.00365,14.093,1,1,1,outputs/gate6/snapshots/exact_town12_route10_route0_09_04_14_40_59/f019180.npz
route10,VehicleTurningRoute_2,VehicleTurningRoute,19184,-1,12,4917,10,0.67532,0.00441,13.506,1,1,1,outputs/gate6/snapshots/exact_town12_route10_route0_09_04_14_40_59/f019184.npz
route10,VehicleTurningRoute_2,VehicleTurningRoute,19188,-1,12,4917,10,0.6876,0.0046,13.752,1,1,1,outputs/gate6/snapshots/exact_town12_route10_route0_09_04_14_40_59/f019188.npz
route10,VehicleTurningRoute_2,VehicleTurningRoute,19192,-1,12,4917,10,0.68845,0.00456,13.769,1,1,1,outputs/gate6/snapshots/exact_town12_route10_route0_09_04_14_40_59/f019192.npz
route10,VehicleTurningRoute_2,VehicleTurningRoute,19196,-1,12,4917,10,0.70479,0.00472,14.096,1,1,1,outputs/gate6/snapshots/exact_town12_route10_route0_09_04_14_40_59/f019196.npz
route10,VehicleTurningRoute_2,VehicleTurningRoute,19200,-1,12,4917,10,0.70338,0.00483,14.068,1,1,1,outputs/gate6/snapshots/exact_town12_route10_route0_09_04_14_40_59/f019200.npz
route10,VehicleTurningRoute_2,VehicleTurningRoute,19204,-1,12,4917,10,0.7118,0.00514,14.236,1,1,1,outputs/gate6/snapshots/exact_town12_route10_route0_09_04_14_40_59/f019204.npz
route10,VehicleTurningRoute_2,VehicleTurningRoute,19208,-1,12,4917,10,0.70182,0.00505,14.036,1,1,1,outputs/gate6/snapshots/exact_town12_route10_route0_09_04_14_40_59/f019208.npz
route10,VehicleTurningRoute_2,VehicleTurningRoute,19212,-1,12,4917,10,0.70765,0.00513,14.153,1,1,1,outputs/gate6/snapshots/exact_town12_route10_route0_09_04_14_40_59/f019212.npz
route10,VehicleTurningRoute_2,VehicleTurningRoute,19216,-1,12,4917,10,0.71726,0.00525,14.345,1,1,1,outputs/gate6/snapshots/exact_town12_route10_route0_09_04_14_40_59/f019216.npz
route10,VehicleTurningRoute_2,VehicleTurningRoute,19220,-1,12,4917,10,0.74331,0.00604,14.866,1,1,1,outputs/gate6/snapshots/exact_town12_route10_route0_09_04_14_40_59/f019220.npz
route10,VehicleTurningRoute_2,VehicleTurningRoute,19224,-1,12,4917,10,0.7416,0.0057,14.832,1,1,1,outputs/gate6/snapshots/exact_town12_route10_route0_09_04_14_40_59/f019224.npz
route10,VehicleTurningRoute_2,VehicleTurningRoute,19228,-1,12,4917,10,0.69919,0.00464,13.984,1,1,1,outputs/gate6/snapshots/exact_town12_route10_route0_09_04_14_40_59/f019228.npz
route10,VehicleTurningRoute_2,VehicleTurningRoute,19232,-1,12,4917,10,0.67673,0.00413,13.535,1,1,1,outputs/gate6/snapshots/exact_town12_route10_route0_09_04_14_40_59/f019232.npz
route10,VehicleTurningRoute_2,VehicleTurningRoute,19236,-1,12,4917,10,0.67488,0.00417,13.498,1,1,1,outputs/gate6/snapshots/exact_town12_route10_route0_09_04_14_40_59/f019236.npz
route10,VehicleTurningRoute_2,VehicleTurningRoute,19240,-1,12,4917,10,0.67073,0.00431,13.415,1,1,1,outputs/gate6/snapshots/exact_town12_route10_route0_09_04_14_40_59/f019240.npz
route10,VehicleTurningRoute_2,VehicleTurningRoute,19244,-1,12,4917,10,0.68261,0.00468,13.652,1,1,1,outputs/gate6/snapshots/exact_town12_route10_route0_09_04_14_40_59/f019244.npz
route10,VehicleTurningRoute_2,VehicleTurningRoute,19248,-1,12,4917,10,0.70042,0.00496,14.008,1,1,1,outputs/gate6/snapshots/exact_town12_route10_route0_09_04_14_40_59/f019248.npz
route10,VehicleTurningRoute_2,VehicleTurningRoute,19252,-1,12,4917,10,0.68595,0.00479,13.719,1,1,1,outputs/gate6/snapshots/exact_town12_route10_route0_09_04_14_40_59/f019252.npz
route10,VehicleTurningRoute_2,VehicleTurningRoute,19256,-1,12,4917,10,0.68444,0.00425,13.689,1,1,1,outputs/gate6/snapshots/exact_town12_route10_route0_09_04_14_40_59/f019256.npz
route10,VehicleTurningRoute_2,VehicleTurningRoute,19260,-1,12,4917,10,0.68442,0.00425,13.688,1,1,1,outputs/gate6/snapshots/exact_town12_route10_route0_09_04_14_40_59/f019260.npz
route10,VehicleTurningRoute_2,VehicleTurningRoute,19264,-1,12,4917,10,0.68442,0.00425,13.688,1,1,1,outputs/gate6/snapshots/exact_town12_route10_route0_09_04_14_40_59/f019264.npz
route10,VehicleTurningRoute_2,VehicleTurningRoute,19268,-1,12,4917,10,0.68441,0.00425,13.688,1,1,1,outputs/gate6/snapshots/exact_town12_route10_route0_09_04_14_40_59/f019268.npz
route10,VehicleTurningRoute_2,VehicleTurningRoute,19272,-1,12,4917,10,0.68441,0.00425,13.688,1,1,1,outputs/gate6/snapshots/exact_town12_route10_route0_09_04_14_40_59/f019272.npz
route10,VehicleTurningRoute_2,VehicleTurningRoute,19276,-1,12,4917,10,0.68441,0.00425,13.688,1,1,1,outputs/gate6/snapshots/exact_town12_route10_route0_09_04_14_40_59/f019276.npz
route10,VehicleTurningRoute_2,VehicleTurningRoute,19280,-1,12,4917,10,0.68441,0.00425,13.688,1,1,1,outputs/gate6/snapshots/exact_town12_route10_route0_09_04_14_40_59/f019280.npz
route10,VehicleTurningRoute_2,VehicleTurningRoute,19284,-1,12,4917,10,0.68441,0.00425,13.688,1,1,1,outputs/gate6/snapshots/exact_town12_route10_route0_09_04_14_40_59/f019284.npz
route10,VehicleTurningRoute_2,VehicleTurningRoute,19288,-1,12,4917,10,0.68441,0.00425,13.688,1,1,1,outputs/gate6/snapshots/exact_town12_route10_route0_09_04_14_40_59/f019288.npz
route10,VehicleTurningRoute_2,VehicleTurningRoute,19292,-1,12,4917,10,0.68441,0.00425,13.688,1,1,1,outputs/gate6/snapshots/exact_town12_route10_route0_09_04_14_40_59/f019292.npz
route10,VehicleTurningRoute_2,VehicleTurningRoute,19296,-1,12,4917,10,0.68441,0.00425,13.688,1,1,1,outputs/gate6/snapshots/exact_town12_route10_route0_09_04_14_40_59/f019296.npz
route10,VehicleTurningRoute_2,VehicleTurningRoute,19300,-1,12,4917,10,0.68441,0.00425,13.688,1,1,1,outputs/gate6/snapshots/exact_town12_route10_route0_09_04_14_40_59/f019300.npz
route10,VehicleTurningRoute_2,VehicleTurningRoute,19304,-1,12,4917,10,0.68441,0.00425,13.688,1,1,1,outputs/gate6/snapshots/exact_town12_route10_route0_09_04_14_40_59/f019304.npz
route10,VehicleTurningRoute_2,VehicleTurningRoute,19308,-1,12,4917,10,0.68441,0.00425,13.688,1,1,1,outputs/gate6/snapshots/exact_town12_route10_route0_09_04_14_40_59/f019308.npz
route10,VehicleTurningRoute_2,VehicleTurningRoute,19312,-1,12,4917,10,0.68441,0.00425,13.688,1,1,1,outputs/gate6/snapshots/exact_town12_route10_route0_09_04_14_40_59/f019312.npz
route10,VehicleTurningRoute_2,VehicleTurningRoute,19316,-1,12,4917,10,0.68441,0.00425,13.688,1,1,1,outputs/gate6/snapshots/exact_town12_route10_route0_09_04_14_40_59/f019316.npz
route10,VehicleTurningRoute_2,VehicleTurningRoute,19320,-1,12,4917,10,0.68441,0.00425,13.688,1,1,1,outputs/gate6/snapshots/exact_town12_route10_route0_09_04_14_40_59/f019320.npz
route10,VehicleTurningRoute_2,VehicleTurningRoute,19324,-1,12,4917,10,0.68441,0.00425,13.688,1,1,1,outputs/gate6/snapshots/exact_town12_route10_route0_09_04_14_40_59/f019324.npz
route10,VehicleTurningRoute_2,VehicleTurningRoute,19328,-1,12,4917,10,0.68441,0.00425,13.688,1,1,1,outputs/gate6/snapshots/exact_town12_route10_route0_09_04_14_40_59/f019328.npz
route10,VehicleTurningRoute_2,VehicleTurningRoute,19332,-1,12,4917,10,0.68441,0.00425,13.688,1,1,1,outputs/gate6/snapshots/exact_town12_route10_route0_09_04_14_40_59/f019332.npz
route10,VehicleTurningRoute_2,VehicleTurningRoute,19336,-1,12,4917,10,0.68441,0.00425,13.688,1,1,1,outputs/gate6/snapshots/exact_town12_route10_route0_09_04_14_40_59/f019336.npz
route10,VehicleTurningRoute_2,VehicleTurningRoute,19340,-1,12,4917,10,0.68441,0.00425,13.688,1,1,1,outputs/gate6/snapshots/exact_town12_route10_route0_09_04_14_40_59/f019340.npz
route10,VehicleTurningRoute_2,VehicleTurningRoute,19344,-1,12,4917,10,0.68441,0.00425,13.688,1,1,1,outputs/gate6/snapshots/exact_town12_route10_route0_09_04_14_40_59/f019344.npz
route10,VehicleTurningRoute_2,VehicleTurningRoute,19348,-1,12,4917,10,0.68441,0.00425,13.688,1,1,1,outputs/gate6/snapshots/exact_town12_route10_route0_09_04_14_40_59/f019348.npz
route10,VehicleTurningRoute_2,VehicleTurningRoute,19352,-1,12,4917,10,0.68441,0.00425,13.688,1,1,1,outputs/gate6/snapshots/exact_town12_route10_route0_09_04_14_40_59/f019352.npz
route10,VehicleTurningRoute_2,VehicleTurningRoute,19356,-1,12,4917,10,0.68441,0.00425,13.688,1,1,1,outputs/gate6/snapshots/exact_town12_route10_route0_09_04_14_40_59/f019356.npz
route10,VehicleTurningRoute_2,VehicleTurningRoute,19360,-1,12,4917,10,0.68441,0.00425,13.688,1,1,1,outputs/gate6/snapshots/exact_town12_route10_route0_09_04_14_40_59/f019360.npz
route10,VehicleTurningRoute_2,VehicleTurningRoute,19364,-1,12,4917,10,0.68441,0.00425,13.688,1,1,1,outputs/gate6/snapshots/exact_town12_route10_route0_09_04_14_40_59/f019364.npz
route10,VehicleTurningRoute_2,VehicleTurningRoute,19368,-1,12,4917,10,0.68441,0.00425,13.688,1,1,1,outputs/gate6/snapshots/exact_town12_route10_route0_09_04_14_40_59/f019368.npz
route10,VehicleTurningRoute_2,VehicleTurningRoute,19372,-1,12,4917,10,0.68441,0.00425,13.688,1,1,1,outputs/gate6/snapshots/exact_town12_route10_route0_09_04_14_40_59/f019372.npz
route10,VehicleTurningRoute_2,VehicleTurningRoute,19376,-1,12,4917,10,0.68441,0.00425,13.688,1,1,1,outputs/gate6/snapshots/exact_town12_route10_route0_09_04_14_40_59/f019376.npz
route10,VehicleTurningRoute_2,VehicleTurningRoute,19380,-1,12,4917,10,0.68441,0.00425,13.688,1,1,1,outputs/gate6/snapshots/exact_town12_route10_route0_09_04_14_40_59/f019380.npz
route10,VehicleTurningRoute_2,VehicleTurningRoute,19384,-1,12,4917,10,0.68441,0.00425,13.688,1,1,1,outputs/gate6/snapshots/exact_town12_route10_route0_09_04_14_40_59/f019384.npz
route10,VehicleTurningRoute_2,VehicleTurningRoute,19388,-1,12,4917,10,0.68441,0.00425,13.688,1,1,1,outputs/gate6/snapshots/exact_town12_route10_route0_09_04_14_40_59/f019388.npz
route10,VehicleTurningRoute_2,VehicleTurningRoute,19392,-1,12,4917,10,0.68441,0.00425,13.688,1,1,1,outputs/gate6/snapshots/exact_town12_route10_route0_09_04_14_40_59/f019392.npz
route10,VehicleTurningRoute_2,VehicleTurningRoute,19396,-1,12,4917,10,0.68441,0.00425,13.688,1,1,1,outputs/gate6/snapshots/exact_town12_route10_route0_09_04_14_40_59/f019396.npz
route10,VehicleTurningRoute_2,VehicleTurningRoute,19400,-1,12,4917,10,0.68441,0.00425,13.688,1,1,1,outputs/gate6/snapshots/exact_town12_route10_route0_09_04_14_40_59/f019400.npz
route10,VehicleTurningRoute_2,VehicleTurningRoute,19404,-1,12,4917,10,0.68441,0.00425,13.688,1,1,1,outputs/gate6/snapshots/exact_town12_route10_route0_09_04_14_40_59/f019404.npz
route10,VehicleTurningRoute_2,VehicleTurningRoute,19408,-1,12,4917,10,0.68441,0.00425,13.688,1,1,1,outputs/gate6/snapshots/exact_town12_route10_route0_09_04_14_40_59/f019408.npz
route10,VehicleTurningRoute_2,VehicleTurningRoute,19412,-1,12,4917,10,0.68441,0.00425,13.688,1,1,1,outputs/gate6/snapshots/exact_town12_route10_route0_09_04_14_40_59/f019412.npz
route10,VehicleTurningRoute_2,VehicleTurningRoute,19416,-1,12,4917,10,0.68441,0.00425,13.688,1,1,1,outputs/gate6/snapshots/exact_town12_route10_route0_09_04_14_40_59/f019416.npz
route10,VehicleTurningRoute_2,VehicleTurningRoute,19420,-1,12,4917,10,0.68441,0.00425,13.688,1,1,1,outputs/gate6/snapshots/exact_town12_route10_route0_09_04_14_40_59/f019420.npz
route10,VehicleTurningRoute_2,VehicleTurningRoute,19424,-1,12,4917,10,0.68441,0.00425,13.688,1,1,1,outputs/gate6/snapshots/exact_town12_route10_route0_09_04_14_40_59/f019424.npz
route10,VehicleTurningRoute_2,VehicleTurningRoute,19428,-1,12,4917,10,0.68441,0.00425,13.688,1,1,1,outputs/gate6/snapshots/exact_town12_route10_route0_09_04_14_40_59/f019428.npz
route10,VehicleTurningRoute_2,VehicleTurningRoute,19432,-1,12,4917,10,0.68441,0.00425,13.688,1,1,1,outputs/gate6/snapshots/exact_town12_route10_route0_09_04_14_40_59/f019432.npz
route10,VehicleTurningRoute_2,VehicleTurningRoute,19436,-1,12,4917,10,0.68441,0.00425,13.688,1,1,1,outputs/gate6/snapshots/exact_town12_route10_route0_09_04_14_40_59/f019436.npz
route10,VehicleTurningRoute_2,VehicleTurningRoute,19440,-1,12,4917,10,0.68441,0.00425,13.688,1,1,1,outputs/gate6/snapshots/exact_town12_route10_route0_09_04_14_40_59/f019440.npz
route10,VehicleTurningRoute_2,VehicleTurningRoute,19444,-1,12,4917,10,0.68441,0.00425,13.688,1,1,1,outputs/gate6/snapshots/exact_town12_route10_route0_09_04_14_40_59/f019444.npz
route10,VehicleTurningRoute_2,VehicleTurningRoute,19448,-1,12,4917,10,2.40277,0.09031,26.607,1,1,1,outputs/gate6/snapshots/exact_town12_route10_route0_09_04_14_40_59/f019448.npz
route10,VehicleTurningRoute_2,VehicleTurningRoute,19452,-1,12,4917,10,1.91731,0.09014,21.271,1,1,1,outputs/gate6/snapshots/exact_town12_route10_route0_09_04_14_40_59/f019452.npz
route10,VehicleTurningRoute_2,VehicleTurningRoute,19456,-1,12,4917,10,0.99251,0.09091,10.917,1,1,1,outputs/gate6/snapshots/exact_town12_route10_route0_09_04_14_40_59/f019456.npz
route10,VehicleTurningRoute_2,VehicleTurningRoute,19460,-1,12,4917,10,1.02257,0.09586,10.667,1,1,1,outputs/gate6/snapshots/exact_town12_route10_route0_09_04_14_40_59/f019460.npz
route10,VehicleTurningRoute_2,VehicleTurningRoute,19464,-1,12,4917,10,0.6247,0.12374,5.048,1,1,1,outputs/gate6/snapshots/exact_town12_route10_route0_09_04_14_40_59/f019464.npz
route10,VehicleTurningRoute_2,VehicleTurningRoute,19468,-1,12,4917,10,2.47803,0.42786,5.792,1,1,1,outputs/gate6/snapshots/exact_town12_route10_route0_09_04_14_40_59/f019468.npz
route10,VehicleTurningRoute_2,VehicleTurningRoute,19472,-1,12,4917,10,2.91835,0.77607,3.76,1,1,1,outputs/gate6/snapshots/exact_town12_route10_route0_09_04_14_40_59/f019472.npz
route10,VehicleTurningRoute_2,VehicleTurningRoute,19476,-1,12,4794,12,1.19823,0.75633,1.584,1,1,1,outputs/gate6/snapshots/exact_town12_route10_route0_09_04_14_40_59/f019476.npz
route10,VehicleTurningRoute_2,VehicleTurningRoute,19480,-1,11,4794,11,1.45233,0.17279,8.405,1,1,1,outputs/gate6/snapshots/exact_town12_route10_route0_09_04_14_40_59/f019480.npz
route10,VehicleTurningRoute_2,VehicleTurningRoute,19484,-1,11,4794,11,2.10791,0.40445,5.212,1,1,1,outputs/gate6/snapshots/exact_town12_route10_route0_09_04_14_40_59/f019484.npz
route10,VehicleTurningRoute_2,VehicleTurningRoute,19488,-1,11,4794,11,2.73552,0.55349,4.942,1,1,1,outputs/gate6/snapshots/exact_town12_route10_route0_09_04_14_40_59/f019488.npz
route10,VehicleTurningRoute_2,VehicleTurningRoute,19492,-1,11,4794,11,4.09418,0.11081,36.947,1,1,1,outputs/gate6/snapshots/exact_town12_route10_route0_09_04_14_40_59/f019492.npz
route10,VehicleTurningRoute_2,VehicleTurningRoute,19496,-1,11,4794,11,4.34951,0.42955,10.126,1,1,1,outputs/gate6/snapshots/exact_town12_route10_route0_09_04_14_40_59/f019496.npz
route10,VehicleTurningRoute_2,VehicleTurningRoute,19500,-1,11,4794,11,4.87445,0.68261,7.141,1,1,1,outputs/gate6/snapshots/exact_town12_route10_route0_09_04_14_40_59/f019500.npz
route10,VehicleTurningRoute_2,VehicleTurningRoute,19504,-1,11,4794,11,5.57377,0.35769,15.582,1,1,1,outputs/gate6/snapshots/exact_town12_route10_route0_09_04_14_40_59/f019504.npz
route10,VehicleTurningRoute_2,VehicleTurningRoute,19508,-1,11,4794,11,6.36384,0.24396,26.086,1,1,1,outputs/gate6/snapshots/exact_town12_route10_route0_09_04_14_40_59/f019508.npz
route10,VehicleTurningRoute_2,VehicleTurningRoute,19512,-1,11,4794,11,6.93884,0.14038,49.429,1,1,1,outputs/gate6/snapshots/exact_town12_route10_route0_09_04_14_40_59/f019512.npz
route10,VehicleTurningRoute_2,VehicleTurningRoute,19516,-1,8,4794,8,7.10761,0.10362,68.595,1,1,1,outputs/gate6/snapshots/exact_town12_route10_route0_09_04_14_40_59/f019516.npz
route10,VehicleTurningRoute_2,VehicleTurningRoute,19520,-1,8,4794,8,7.60909,0.1032,73.733,1,1,1,outputs/gate6/snapshots/exact_town12_route10_route0_09_04_14_40_59/f019520.npz
route10,VehicleTurningRoute_2,VehicleTurningRoute,19524,-1,8,4794,8,8.11767,0.10238,79.29,1,1,1,outputs/gate6/snapshots/exact_town12_route10_route0_09_04_14_40_59/f019524.npz
route10,VehicleTurningRoute_2,VehicleTurningRoute,19528,-1,8,4794,8,8.53374,0.09743,87.586,1,1,1,outputs/gate6/snapshots/exact_town12_route10_route0_09_04_14_40_59/f019528.npz
route10,VehicleTurningRoute_2,VehicleTurningRoute,19532,-1,8,4794,8,8.53942,0.10077,84.741,1,1,1,outputs/gate6/snapshots/exact_town12_route10_route0_09_04_14_40_59/f019532.npz
route10,VehicleTurningRoute_2,VehicleTurningRoute,19536,-1,8,4794,8,8.46083,0.13604,62.193,1,1,1,outputs/gate6/snapshots/exact_town12_route10_route0_09_04_14_40_59/f019536.npz
route10,VehicleTurningRoute_2,VehicleTurningRoute,19540,-1,8,4794,8,8.70073,0.12004,72.484,1,1,1,outputs/gate6/snapshots/exact_town12_route10_route0_09_04_14_40_59/f019540.npz
route10,VehicleTurningRoute_2,VehicleTurningRoute,19544,-1,8,4794,8,8.76699,0.11876,73.818,1,1,1,outputs/gate6/snapshots/exact_town12_route10_route0_09_04_14_40_59/f019544.npz
route10,VehicleTurningRoute_2,VehicleTurningRoute,19548,-1,8,4794,8,8.99631,0.09239,97.376,1,1,1,outputs/gate6/snapshots/exact_town12_route10_route0_09_04_14_40_59/f019548.npz
route10,VehicleTurningRoute_2,VehicleTurningRoute,19552,-1,8,4794,8,9.06693,0.10398,87.2,1,1,1,outputs/gate6/snapshots/exact_town12_route10_route0_09_04_14_40_59/f019552.npz
route10,VehicleTurningRoute_2,VehicleTurningRoute,19556,-1,8,4794,8,9.37989,0.22867,41.018,1,1,1,outputs/gate6/snapshots/exact_town12_route10_route0_09_04_14_40_59/f019556.npz
route10,VehicleTurningRoute_2,VehicleTurningRoute,19560,-1,8,4794,8,9.5175,0.24359,39.072,1,1,1,outputs/gate6/snapshots/exact_town12_route10_route0_09_04_14_40_59/f019560.npz
route10,VehicleTurningRoute_2,VehicleTurningRoute,19564,-1,8,4794,8,9.65498,0.20555,46.97,1,1,1,outputs/gate6/snapshots/exact_town12_route10_route0_09_04_14_40_59/f019564.npz
route10,VehicleTurningRoute_2,VehicleTurningRoute,19568,-1,8,4794,8,9.92066,0.30021,33.045,1,1,1,outputs/gate6/snapshots/exact_town12_route10_route0_09_04_14_40_59/f019568.npz
route10,VehicleTurningRoute_2,VehicleTurningRoute,19572,-1,8,4794,8,10.04462,0.54111,18.563,1,1,1,outputs/gate6/snapshots/exact_town12_route10_route0_09_04_14_40_59/f019572.npz
route10,VehicleTurningRoute_2,VehicleTurningRoute,19576,-1,8,4794,8,10.14017,0.74017,13.7,1,1,1,outputs/gate6/snapshots/exact_town12_route10_route0_09_04_14_40_59/f019576.npz
route10,VehicleTurningRoute_2,VehicleTurningRoute,19580,-1,8,4794,8,10.16965,0.74114,13.722,1,1,1,outputs/gate6/snapshots/exact_town12_route10_route0_09_04_14_40_59/f019580.npz
route10,VehicleTurningRoute_2,VehicleTurningRoute,19584,-1,8,4794,8,9.89656,0.30852,32.077,1,1,1,outputs/gate6/snapshots/exact_town12_route10_route0_09_04_14_40_59/f019584.npz
route10,VehicleTurningRoute_2,VehicleTurningRoute,19588,-1,8,4794,8,9.76375,0.10833,90.13,1,1,1,outputs/gate6/snapshots/exact_town12_route10_route0_09_04_14_40_59/f019588.npz
route10,VehicleTurningRoute_2,VehicleTurningRoute,19592,-1,8,4794,8,9.8325,0.12345,79.645,1,1,1,outputs/gate6/snapshots/exact_town12_route10_route0_09_04_14_40_59/f019592.npz
route10,VehicleTurningRoute_2,VehicleTurningRoute,19596,-1,8,4794,8,9.90194,0.17805,55.613,1,1,1,outputs/gate6/snapshots/exact_town12_route10_route0_09_04_14_40_59/f019596.npz
route10,VehicleTurningRoute_2,VehicleTurningRoute,19600,-1,8,4794,8,9.9864,0.17207,58.036,1,1,1,outputs/gate6/snapshots/exact_town12_route10_route0_09_04_14_40_59/f019600.npz
route10,VehicleTurningRoute_2,VehicleTurningRoute,19604,-1,8,4794,8,10.00418,0.32394,30.883,1,1,1,outputs/gate6/snapshots/exact_town12_route10_route0_09_04_14_40_59/f019604.npz
route10,VehicleTurningRoute_2,VehicleTurningRoute,19608,-1,8,4794,8,10.10052,0.42097,23.993,1,1,1,outputs/gate6/snapshots/exact_town12_route10_route0_09_04_14_40_59/f019608.npz
route10,VehicleTurningRoute_2,VehicleTurningRoute,19612,-1,9,4794,9,10.30606,0.56018,18.398,1,1,1,outputs/gate6/snapshots/exact_town12_route10_route0_09_04_14_40_59/f019612.npz
route10,VehicleTurningRoute_2,VehicleTurningRoute,19616,-1,9,4794,9,10.52015,0.63002,16.698,1,1,1,outputs/gate6/snapshots/exact_town12_route10_route0_09_04_14_40_59/f019616.npz
route10,VehicleTurningRoute_2,VehicleTurningRoute,19620,-1,9,4794,9,10.37963,0.58851,17.637,1,1,1,outputs/gate6/snapshots/exact_town12_route10_route0_09_04_14_40_59/f019620.npz
route10,VehicleTurningRoute_2,VehicleTurningRoute,19624,-1,9,4794,9,10.16544,0.3939,25.807,1,1,1,outputs/gate6/snapshots/exact_town12_route10_route0_09_04_14_40_59/f019624.npz
route10,VehicleTurningRoute_2,VehicleTurningRoute,19628,-1,9,4794,9,10.08398,0.51707,19.502,1,1,1,outputs/gate6/snapshots/exact_town12_route10_route0_09_04_14_40_59/f019628.npz
route10,VehicleTurningRoute_2,VehicleTurningRoute,19632,-1,9,4794,9,10.33169,0.54572,18.932,1,1,1,outputs/gate6/snapshots/exact_town12_route10_route0_09_04_14_40_59/f019632.npz
route10,VehicleTurningRoute_2,VehicleTurningRoute,19636,-1,9,4794,9,10.53274,0.67823,15.53,1,1,1,outputs/gate6/snapshots/exact_town12_route10_route0_09_04_14_40_59/f019636.npz
route10,VehicleTurningRoute_2,VehicleTurningRoute,19640,-1,9,4794,9,10.90848,0.8897,12.261,1,1,1,outputs/gate6/snapshots/exact_town12_route10_route0_09_04_14_40_59/f019640.npz
route10,VehicleTurningRoute_2,VehicleTurningRoute,19644,-1,9,4794,9,10.90199,0.80177,13.597,1,1,1,outputs/gate6/snapshots/exact_town12_route10_route0_09_04_14_40_59/f019644.npz
route10,VehicleTurningRoute_2,VehicleTurningRoute,19648,-1,9,4794,9,10.54243,0.29499,35.738,1,1,1,outputs/gate6/snapshots/exact_town12_route10_route0_09_04_14_40_59/f019648.npz
route10,VehicleTurningRoute_2,VehicleTurningRoute,19652,-1,9,4794,9,10.50526,0.27436,38.291,1,1,1,outputs/gate6/snapshots/exact_town12_route10_route0_09_04_14_40_59/f019652.npz
route10,VehicleTurningRoute_2,VehicleTurningRoute,19656,-1,8,4794,8,10.43913,0.21357,48.878,1,1,1,outputs/gate6/snapshots/exact_town12_route10_route0_09_04_14_40_59/f019656.npz
route10,VehicleTurningRoute_2,VehicleTurningRoute,19660,-1,8,4794,8,10.4025,0.24572,42.334,1,1,1,outputs/gate6/snapshots/exact_town12_route10_route0_09_04_14_40_59/f019660.npz
route10,VehicleTurningRoute_2,VehicleTurningRoute,19664,-1,8,4794,8,10.55544,0.17382,60.728,1,1,1,outputs/gate6/snapshots/exact_town12_route10_route0_09_04_14_40_59/f019664.npz
route10,VehicleTurningRoute_2,VehicleTurningRoute,19668,-1,8,4794,8,10.62871,0.34541,30.771,1,1,1,outputs/gate6/snapshots/exact_town12_route10_route0_09_04_14_40_59/f019668.npz
route10,VehicleTurningRoute_2,VehicleTurningRoute,19672,-1,8,4794,8,10.77031,0.61385,17.545,1,1,1,outputs/gate6/snapshots/exact_town12_route10_route0_09_04_14_40_59/f019672.npz
route10,VehicleTurningRoute_2,VehicleTurningRoute,19676,-1,8,4794,8,10.84123,0.56441,19.208,1,1,1,outputs/gate6/snapshots/exact_town12_route10_route0_09_04_14_40_59/f019676.npz
route10,VehicleTurningRoute_2,VehicleTurningRoute,19680,-1,8,4794,8,10.87169,0.61162,17.775,1,1,1,outputs/gate6/snapshots/exact_town12_route10_route0_09_04_14_40_59/f019680.npz
route10,VehicleTurningRoute_2,VehicleTurningRoute,19684,-1,8,4794,8,10.84248,0.50364,21.528,1,1,1,outputs/gate6/snapshots/exact_town12_route10_route0_09_04_14_40_59/f019684.npz
route10,VehicleTurningRoute_2,VehicleTurningRoute,19688,-1,8,4794,8,10.6428,0.25851,41.169,1,1,1,outputs/gate6/snapshots/exact_town12_route10_route0_09_04_14_40_59/f019688.npz
route10,VehicleTurningRoute_2,VehicleTurningRoute,19692,-1,8,4794,8,10.78658,0.53736,20.073,1,1,1,outputs/gate6/snapshots/exact_town12_route10_route0_09_04_14_40_59/f019692.npz
route10,VehicleTurningRoute_2,VehicleTurningRoute,19696,-1,8,4794,8,10.9143,0.55942,19.51,1,1,1,outputs/gate6/snapshots/exact_town12_route10_route0_09_04_14_40_59/f019696.npz
route10,VehicleTurningRoute_2,VehicleTurningRoute,19700,-1,8,4794,8,11.04922,0.65233,16.938,1,1,1,outputs/gate6/snapshots/exact_town12_route10_route0_09_04_14_40_59/f019700.npz
route10,VehicleTurningRoute_2,VehicleTurningRoute,19704,-1,8,4794,8,11.05296,0.66483,16.625,1,1,1,outputs/gate6/snapshots/exact_town12_route10_route0_09_04_14_40_59/f019704.npz
route10,VehicleTurningRoute_2,VehicleTurningRoute,19708,-1,8,4794,8,10.67303,0.29616,36.038,1,1,1,outputs/gate6/snapshots/exact_town12_route10_route0_09_04_14_40_59/f019708.npz
route10,VehicleTurningRoute_2,VehicleTurningRoute,19712,-1,8,4794,8,10.82644,0.26382,41.037,1,1,1,outputs/gate6/snapshots/exact_town12_route10_route0_09_04_14_40_59/f019712.npz
route10,VehicleTurningRoute_2,VehicleTurningRoute,19716,-1,7,4794,7,10.84003,0.22196,48.838,1,1,1,outputs/gate6/snapshots/exact_town12_route10_route0_09_04_14_40_59/f019716.npz
route10,VehicleTurningRoute_2,VehicleTurningRoute,19720,-1,8,4794,8,10.81616,0.28364,38.134,1,1,1,outputs/gate6/snapshots/exact_town12_route10_route0_09_04_14_40_59/f019720.npz
route10,VehicleTurningRoute_2,VehicleTurningRoute,19724,-1,8,4794,8,11.00278,0.41805,26.319,1,1,1,outputs/gate6/snapshots/exact_town12_route10_route0_09_04_14_40_59/f019724.npz
route10,VehicleTurningRoute_2,VehicleTurningRoute,19728,-1,8,4794,8,11.0715,0.53493,20.697,1,1,1,outputs/gate6/snapshots/exact_town12_route10_route0_09_04_14_40_59/f019728.npz
route10,VehicleTurningRoute_2,VehicleTurningRoute,19732,-1,8,4794,8,11.14136,0.54464,20.456,1,1,1,outputs/gate6/snapshots/exact_town12_route10_route0_09_04_14_40_59/f019732.npz
route10,VehicleTurningRoute_2,VehicleTurningRoute,19736,-1,8,4794,8,11.1492,0.52672,21.167,1,1,1,outputs/gate6/snapshots/exact_town12_route10_route0_09_04_14_40_59/f019736.npz
route10,VehicleTurningRoute_2,VehicleTurningRoute,19740,-1,8,4794,8,11.14591,0.58729,18.979,1,1,1,outputs/gate6/snapshots/exact_town12_route10_route0_09_04_14_40_59/f019740.npz
route10,VehicleTurningRoute_2,VehicleTurningRoute,19744,-1,8,4794,8,11.15314,0.3919,28.459,1,1,1,outputs/gate6/snapshots/exact_town12_route10_route0_09_04_14_40_59/f019744.npz
route10,VehicleTurningRoute_2,VehicleTurningRoute,19748,-1,8,4794,8,10.81596,0.34902,30.99,1,1,1,outputs/gate6/snapshots/exact_town12_route10_route0_09_04_14_40_59/f019748.npz
route10,VehicleTurningRoute_2,VehicleTurningRoute,19752,-1,8,4794,8,10.87593,0.33351,32.61,1,1,1,outputs/gate6/snapshots/exact_town12_route10_route0_09_04_14_40_59/f019752.npz
route10,VehicleTurningRoute_2,VehicleTurningRoute,19756,-1,8,4794,8,10.82587,0.20837,51.956,1,1,1,outputs/gate6/snapshots/exact_town12_route10_route0_09_04_14_40_59/f019756.npz
route10,VehicleTurningRoute_2,VehicleTurningRoute,19760,-1,8,4794,8,10.6766,0.37046,28.82,1,1,1,outputs/gate6/snapshots/exact_town12_route10_route0_09_04_14_40_59/f019760.npz
route10,VehicleTurningRoute_2,VehicleTurningRoute,19764,-1,8,4794,8,10.77231,0.46775,23.03,1,1,1,outputs/gate6/snapshots/exact_town12_route10_route0_09_04_14_40_59/f019764.npz
route10,VehicleTurningRoute_2,VehicleTurningRoute,19768,-1,8,4794,8,10.8413,0.52535,20.636,1,1,1,outputs/gate6/snapshots/exact_town12_route10_route0_09_04_14_40_59/f019768.npz
route10,VehicleTurningRoute_2,VehicleTurningRoute,19772,-1,8,4794,8,11.03421,0.47412,23.273,1,1,1,outputs/gate6/snapshots/exact_town12_route10_route0_09_04_14_40_59/f019772.npz
route10,VehicleTurningRoute_2,VehicleTurningRoute,19776,-1,8,4794,8,11.08888,0.32678,33.934,1,1,1,outputs/gate6/snapshots/exact_town12_route10_route0_09_04_14_40_59/f019776.npz
route10,VehicleTurningRoute_2,VehicleTurningRoute,19780,-1,8,4794,8,11.2179,0.27271,41.134,1,1,1,outputs/gate6/snapshots/exact_town12_route10_route0_09_04_14_40_59/f019780.npz
route10,VehicleTurningRoute_2,VehicleTurningRoute,19784,-1,8,4794,8,11.28873,0.46883,24.079,1,1,1,outputs/gate6/snapshots/exact_town12_route10_route0_09_04_14_40_59/f019784.npz
route10,VehicleTurningRoute_2,VehicleTurningRoute,19788,-1,8,4794,8,11.38464,0.56042,20.314,1,1,1,outputs/gate6/snapshots/exact_town12_route10_route0_09_04_14_40_59/f019788.npz
route10,VehicleTurningRoute_2,VehicleTurningRoute,19792,-1,8,4794,8,11.51339,0.67844,16.97,1,1,1,outputs/gate6/snapshots/exact_town12_route10_route0_09_04_14_40_59/f019792.npz
route10,VehicleTurningRoute_2,VehicleTurningRoute,19796,-1,8,4794,8,11.58279,0.81795,14.161,1,1,1,outputs/gate6/snapshots/exact_town12_route10_route0_09_04_14_40_59/f019796.npz
route10,VehicleTurningRoute_2,VehicleTurningRoute,19800,-1,7,4794,7,11.66662,0.88556,13.174,1,1,1,outputs/gate6/snapshots/exact_town12_route10_route0_09_04_14_40_59/f019800.npz
route10,VehicleTurningRoute_2,VehicleTurningRoute,19804,-1,7,4794,7,11.62793,0.83533,13.92,1,1,1,outputs/gate6/snapshots/exact_town12_route10_route0_09_04_14_40_59/f019804.npz
route10,VehicleTurningRoute_2,VehicleTurningRoute,19808,-1,7,4794,7,11.57554,0.77268,14.981,1,1,1,outputs/gate6/snapshots/exact_town12_route10_route0_09_04_14_40_59/f019808.npz
route10,VehicleTurningRoute_2,VehicleTurningRoute,19812,-1,7,4794,7,11.47608,0.65913,17.411,1,1,1,outputs/gate6/snapshots/exact_town12_route10_route0_09_04_14_40_59/f019812.npz
route10,VehicleTurningRoute_2,VehicleTurningRoute,19816,-1,7,4794,7,11.43163,0.60056,19.035,1,1,1,outputs/gate6/snapshots/exact_town12_route10_route0_09_04_14_40_59/f019816.npz
route10,VehicleTurningRoute_2,VehicleTurningRoute,19820,-1,7,4794,7,11.43136,0.61091,18.712,1,1,1,outputs/gate6/snapshots/exact_town12_route10_route0_09_04_14_40_59/f019820.npz
route10,VehicleTurningRoute_2,VehicleTurningRoute,19824,-1,7,4794,7,11.38939,0.61368,18.559,1,1,1,outputs/gate6/snapshots/exact_town12_route10_route0_09_04_14_40_59/f019824.npz
route10,VehicleTurningRoute_2,VehicleTurningRoute,19828,-1,8,4794,8,11.29868,0.58304,19.379,1,1,1,outputs/gate6/snapshots/exact_town12_route10_route0_09_04_14_40_59/f019828.npz
route10,VehicleTurningRoute_2,VehicleTurningRoute,19832,-1,8,4794,8,11.13295,0.47322,23.526,1,1,1,outputs/gate6/snapshots/exact_town12_route10_route0_09_04_14_40_59/f019832.npz
route10,VehicleTurningRoute_2,VehicleTurningRoute,19836,-1,8,4794,8,10.9535,0.28028,39.08,1,1,1,outputs/gate6/snapshots/exact_town12_route10_route0_09_04_14_40_59/f019836.npz
route10,VehicleTurningRoute_2,VehicleTurningRoute,19840,-1,8,4794,8,10.75452,0.35178,30.572,1,1,1,outputs/gate6/snapshots/exact_town12_route10_route0_09_04_14_40_59/f019840.npz
route10,VehicleTurningRoute_2,VehicleTurningRoute,19844,-1,8,4794,8,10.95267,0.31654,34.602,1,1,1,outputs/gate6/snapshots/exact_town12_route10_route0_09_04_14_40_59/f019844.npz
route10,VehicleTurningRoute_2,VehicleTurningRoute,19848,-1,8,4794,8,11.05425,0.35651,31.007,1,1,1,outputs/gate6/snapshots/exact_town12_route10_route0_09_04_14_40_59/f019848.npz
route10,VehicleTurningRoute_2,VehicleTurningRoute,19852,-1,8,4794,8,11.13275,0.399,27.901,1,1,1,outputs/gate6/snapshots/exact_town12_route10_route0_09_04_14_40_59/f019852.npz
route10,VehicleTurningRoute_2,VehicleTurningRoute,19856,-1,7,4794,7,11.22583,0.42551,26.382,1,1,1,outputs/gate6/snapshots/exact_town12_route10_route0_09_04_14_40_59/f019856.npz
route10,VehicleTurningRoute_2,VehicleTurningRoute,19860,-1,7,4794,7,11.33558,0.50552,22.424,1,1,1,outputs/gate6/snapshots/exact_town12_route10_route0_09_04_14_40_59/f019860.npz
route10,VehicleTurningRoute_2,VehicleTurningRoute,19864,-1,7,4794,7,11.44486,0.63725,17.96,1,1,1,outputs/gate6/snapshots/exact_town12_route10_route0_09_04_14_40_59/f019864.npz
route10,VehicleTurningRoute_2,VehicleTurningRoute,19868,-1,7,4794,7,11.50024,0.80601,14.268,1,1,1,outputs/gate6/snapshots/exact_town12_route10_route0_09_04_14_40_59/f019868.npz
route10,VehicleTurningRoute_2,VehicleTurningRoute,19872,-1,7,4794,7,11.5447,0.87814,13.147,1,1,1,outputs/gate6/snapshots/exact_town12_route10_route0_09_04_14_40_59/f019872.npz
route10,VehicleTurningRoute_2,VehicleTurningRoute,19876,-1,7,4794,7,11.60859,0.9138,12.704,1,1,1,outputs/gate6/snapshots/exact_town12_route10_route0_09_04_14_40_59/f019876.npz
route10,VehicleTurningRoute_2,VehicleTurningRoute,19880,-1,7,4794,7,11.68924,0.88886,13.151,1,1,1,outputs/gate6/snapshots/exact_town12_route10_route0_09_04_14_40_59/f019880.npz
route10,VehicleTurningRoute_2,VehicleTurningRoute,19884,-1,7,4794,7,11.69982,0.87703,13.34,1,1,1,outputs/gate6/snapshots/exact_town12_route10_route0_09_04_14_40_59/f019884.npz
route10,VehicleTurningRoute_2,VehicleTurningRoute,19888,-1,7,4794,7,11.66592,0.85358,13.667,1,1,1,outputs/gate6/snapshots/exact_town12_route10_route0_09_04_14_40_59/f019888.npz
route10,VehicleTurningRoute_2,VehicleTurningRoute,19892,-1,7,4794,7,11.63372,0.81191,14.329,1,1,1,outputs/gate6/snapshots/exact_town12_route10_route0_09_04_14_40_59/f019892.npz
route10,VehicleTurningRoute_2,VehicleTurningRoute,19896,-1,7,4794,7,11.59228,0.77826,14.895,1,1,1,outputs/gate6/snapshots/exact_town12_route10_route0_09_04_14_40_59/f019896.npz
route10,VehicleTurningRoute_2,VehicleTurningRoute,19900,-1,7,4794,7,11.53022,0.78013,14.78,1,1,1,outputs/gate6/snapshots/exact_town12_route10_route0_09_04_14_40_59/f019900.npz
route10,VehicleTurningRoute_2,VehicleTurningRoute,19904,-1,7,4794,7,11.4644,0.78349,14.632,1,1,1,outputs/gate6/snapshots/exact_town12_route10_route0_09_04_14_40_59/f019904.npz
route10,VehicleTurningRoute_2,VehicleTurningRoute,19908,-1,7,4794,7,11.39143,0.76241,14.941,1,1,1,outputs/gate6/snapshots/exact_town12_route10_route0_09_04_14_40_59/f019908.npz
route10,VehicleTurningRoute_2,VehicleTurningRoute,19912,-1,7,4794,7,11.30497,0.71412,15.831,1,1,1,outputs/gate6/snapshots/exact_town12_route10_route0_09_04_14_40_59/f019912.npz
route10,VehicleTurningRoute_2,VehicleTurningRoute,19916,-1,7,4794,7,11.24278,0.6059,18.556,1,1,1,outputs/gate6/snapshots/exact_town12_route10_route0_09_04_14_40_59/f019916.npz
route10,VehicleTurningRoute_2,VehicleTurningRoute,19920,-1,7,4794,7,11.18007,0.45824,24.398,1,1,1,outputs/gate6/snapshots/exact_town12_route10_route0_09_04_14_40_59/f019920.npz
route10,VehicleTurningRoute_2,VehicleTurningRoute,19924,-1,7,4794,7,11.14193,0.32927,33.839,1,1,1,outputs/gate6/snapshots/exact_town12_route10_route0_09_04_14_40_59/f019924.npz
route10,VehicleTurningRoute_2,VehicleTurningRoute,19928,-1,7,4794,7,11.09298,0.26294,42.188,1,1,1,outputs/gate6/snapshots/exact_town12_route10_route0_09_04_14_40_59/f019928.npz
route10,VehicleTurningRoute_2,VehicleTurningRoute,19932,-1,6,4794,6,11.03157,0.30152,36.587,1,1,1,outputs/gate6/snapshots/exact_town12_route10_route0_09_04_14_40_59/f019932.npz
route10,VehicleTurningRoute_2,VehicleTurningRoute,19936,-1,7,4794,7,10.96749,0.28849,38.017,1,1,1,outputs/gate6/snapshots/exact_town12_route10_route0_09_04_14_40_59/f019936.npz
route10,VehicleTurningRoute_2,VehicleTurningRoute,19940,-1,7,4794,7,10.9431,0.29826,36.689,1,1,1,outputs/gate6/snapshots/exact_town12_route10_route0_09_04_14_40_59/f019940.npz
route10,VehicleTurningRoute_2,VehicleTurningRoute,19944,-1,7,4794,7,10.952,0.30507,35.9,1,1,1,outputs/gate6/snapshots/exact_town12_route10_route0_09_04_14_40_59/f019944.npz
route10,VehicleTurningRoute_2,VehicleTurningRoute,19948,-1,7,4794,7,10.96265,0.31994,34.264,1,1,1,outputs/gate6/snapshots/exact_town12_route10_route0_09_04_14_40_59/f019948.npz
route10,VehicleTurningRoute_2,VehicleTurningRoute,19952,-1,7,4794,7,10.99034,0.34917,31.476,1,1,1,outputs/gate6/snapshots/exact_town12_route10_route0_09_04_14_40_59/f019952.npz
route10,VehicleTurningRoute_2,VehicleTurningRoute,19956,-1,7,4794,7,11.0482,0.3992,27.676,1,1,1,outputs/gate6/snapshots/exact_town12_route10_route0_09_04_14_40_59/f019956.npz
route10,VehicleTurningRoute_2,VehicleTurningRoute,19960,-1,7,4794,7,11.10112,0.53241,20.851,1,1,1,outputs/gate6/snapshots/exact_town12_route10_route0_09_04_14_40_59/f019960.npz
route10,VehicleTurningRoute_2,VehicleTurningRoute,19964,-1,7,4794,7,11.19737,0.63976,17.502,1,1,1,outputs/gate6/snapshots/exact_town12_route10_route0_09_04_14_40_59/f019964.npz
route10,VehicleTurningRoute_2,VehicleTurningRoute,19968,-1,7,4794,7,11.29874,0.78091,14.469,1,1,1,outputs/gate6/snapshots/exact_town12_route10_route0_09_04_14_40_59/f019968.npz
route10,VehicleTurningRoute_2,VehicleTurningRoute,19972,-1,7,4794,7,11.41441,0.92112,12.392,1,1,1,outputs/gate6/snapshots/exact_town12_route10_route0_09_04_14_40_59/f019972.npz
route10,VehicleTurningRoute_2,VehicleTurningRoute,19976,-1,7,4794,7,11.50352,1.0389,11.073,1,1,1,outputs/gate6/snapshots/exact_town12_route10_route0_09_04_14_40_59/f019976.npz
route10,VehicleTurningRoute_2,VehicleTurningRoute,19980,-1,7,4794,7,11.54812,1.10936,10.41,1,1,1,outputs/gate6/snapshots/exact_town12_route10_route0_09_04_14_40_59/f019980.npz
route10,VehicleTurningRoute_2,VehicleTurningRoute,19984,-1,7,4794,7,11.61485,1.13938,10.194,1,1,1,outputs/gate6/snapshots/exact_town12_route10_route0_09_04_14_40_59/f019984.npz
route10,VehicleTurningRoute_2,VehicleTurningRoute,19988,-1,7,4794,7,11.64326,1.12547,10.345,1,1,1,outputs/gate6/snapshots/exact_town12_route10_route0_09_04_14_40_59/f019988.npz
route10,VehicleTurningRoute_2,VehicleTurningRoute,19992,-1,7,4794,7,11.6589,1.03521,11.262,1,1,1,outputs/gate6/snapshots/exact_town12_route10_route0_09_04_14_40_59/f019992.npz
route10,VehicleTurningRoute_2,VehicleTurningRoute,19996,-1,7,4794,7,11.63478,0.92695,12.552,1,1,1,outputs/gate6/snapshots/exact_town12_route10_route0_09_04_14_40_59/f019996.npz
route10,VehicleTurningRoute_2,VehicleTurningRoute,20000,-1,7,4794,7,11.59694,0.8267,14.028,1,1,1,outputs/gate6/snapshots/exact_town12_route10_route0_09_04_14_40_59/f020000.npz
route10,VehicleTurningRoute_2,VehicleTurningRoute,20004,-1,7,4794,7,11.55872,0.73049,15.823,1,1,1,outputs/gate6/snapshots/exact_town12_route10_route0_09_04_14_40_59/f020004.npz
route10,VehicleTurningRoute_2,VehicleTurningRoute,20008,-1,6,4794,6,11.48031,0.6333,18.128,1,1,1,outputs/gate6/snapshots/exact_town12_route10_route0_09_04_14_40_59/f020008.npz
route10,VehicleTurningRoute_2,VehicleTurningRoute,20012,-1,6,4794,6,11.4498,0.56662,20.207,1,1,1,outputs/gate6/snapshots/exact_town12_route10_route0_09_04_14_40_59/f020012.npz
route10,VehicleTurningRoute_2,VehicleTurningRoute,20016,-1,6,4794,6,11.40456,0.49329,23.12,1,1,1,outputs/gate6/snapshots/exact_town12_route10_route0_09_04_14_40_59/f020016.npz
route10,VehicleTurningRoute_2,VehicleTurningRoute,20020,-1,6,4794,6,11.3541,0.41768,27.184,1,1,1,outputs/gate6/snapshots/exact_town12_route10_route0_09_04_14_40_59/f020020.npz
route10,VehicleTurningRoute_2,VehicleTurningRoute,20024,-1,6,4794,6,11.30766,0.34143,33.119,1,1,1,outputs/gate6/snapshots/exact_town12_route10_route0_09_04_14_40_59/f020024.npz
route10,VehicleTurningRoute_2,VehicleTurningRoute,20028,-1,6,4794,6,11.26165,0.28216,39.912,1,1,1,outputs/gate6/snapshots/exact_town12_route10_route0_09_04_14_40_59/f020028.npz
route10,VehicleTurningRoute_2,VehicleTurningRoute,20032,-1,6,4794,6,11.21498,0.23468,47.789,1,1,1,outputs/gate6/snapshots/exact_town12_route10_route0_09_04_14_40_59/f020032.npz
route10,VehicleTurningRoute_2,VehicleTurningRoute,20036,-1,6,4794,6,11.17069,0.25844,43.224,1,1,1,outputs/gate6/snapshots/exact_town12_route10_route0_09_04_14_40_59/f020036.npz
route10,VehicleTurningRoute_2,VehicleTurningRoute,20040,-1,6,4794,6,11.11651,0.27934,39.796,1,1,1,outputs/gate6/snapshots/exact_town12_route10_route0_09_04_14_40_59/f020040.npz
route10,VehicleTurningRoute_2,VehicleTurningRoute,20044,-1,7,4794,7,11.0412,0.25953,42.543,1,1,1,outputs/gate6/snapshots/exact_town12_route10_route0_09_04_14_40_59/f020044.npz
route10,VehicleTurningRoute_2,VehicleTurningRoute,20048,-1,6,4794,6,10.69973,0.14983,71.412,1,1,1,outputs/gate6/snapshots/exact_town12_route10_route0_09_04_14_40_59/f020048.npz
route10,VehicleTurningRoute_2,VehicleTurningRoute,20052,-1,6,4794,6,10.66033,0.07705,138.364,1,1,1,outputs/gate6/snapshots/exact_town12_route10_route0_09_04_14_40_59/f020052.npz
route10,VehicleTurningRoute_2,VehicleTurningRoute,20056,-1,6,4794,6,10.5422,0.08065,130.723,1,1,1,outputs/gate6/snapshots/exact_town12_route10_route0_09_04_14_40_59/f020056.npz
route10,VehicleTurningRoute_2,VehicleTurningRoute,20060,-1,6,4794,6,10.44307,0.10165,102.733,1,1,1,outputs/gate6/snapshots/exact_town12_route10_route0_09_04_14_40_59/f020060.npz
route10,VehicleTurningRoute_2,VehicleTurningRoute,20064,-1,6,4794,6,10.16575,0.14141,71.89,1,1,1,outputs/gate6/snapshots/exact_town12_route10_route0_09_04_14_40_59/f020064.npz
route10,VehicleTurningRoute_2,VehicleTurningRoute,20068,-1,6,4794,6,9.77789,0.1519,64.371,1,1,1,outputs/gate6/snapshots/exact_town12_route10_route0_09_04_14_40_59/f020068.npz
route10,VehicleTurningRoute_2,VehicleTurningRoute,20072,-1,6,4794,6,9.36674,0.15379,60.905,1,1,1,outputs/gate6/snapshots/exact_town12_route10_route0_09_04_14_40_59/f020072.npz
route10,VehicleTurningRoute_2,VehicleTurningRoute,20076,-1,6,4794,6,9.1612,0.18207,50.317,1,1,1,outputs/gate6/snapshots/exact_town12_route10_route0_09_04_14_40_59/f020076.npz
route10,VehicleTurningRoute_2,VehicleTurningRoute,20080,-1,6,4794,6,8.74437,0.26659,32.8,1,1,1,outputs/gate6/snapshots/exact_town12_route10_route0_09_04_14_40_59/f020080.npz
route10,VehicleTurningRoute_2,VehicleTurningRoute,20084,-1,5,4794,5,8.06052,0.39143,20.592,1,1,1,outputs/gate6/snapshots/exact_town12_route10_route0_09_04_14_40_59/f020084.npz
route10,VehicleTurningRoute_2,VehicleTurningRoute,20088,-1,5,4794,5,7.10014,0.54167,13.108,1,1,1,outputs/gate6/snapshots/exact_town12_route10_route0_09_04_14_40_59/f020088.npz
route10,VehicleTurningRoute_2,VehicleTurningRoute,20092,-1,5,4794,5,5.27478,0.63788,8.269,1,1,1,outputs/gate6/snapshots/exact_town12_route10_route0_09_04_14_40_59/f020092.npz
route10,VehicleTurningRoute_2,VehicleTurningRoute,20096,-1,5,4794,5,2.80352,0.53898,5.202,1,1,1,outputs/gate6/snapshots/exact_town12_route10_route0_09_04_14_40_59/f020096.npz
route10,VehicleTurningRoute_2,VehicleTurningRoute,20100,-1,5,4794,5,1.00284,0.26514,3.782,1,1,1,outputs/gate6/snapshots/exact_town12_route10_route0_09_04_14_40_59/f020100.npz
route10,VehicleTurningRoute_2,VehicleTurningRoute,20104,-1,5,4893,4,0.45901,0.41515,1.106,1,0,0,outputs/gate6/snapshots/exact_town12_route10_route0_09_04_14_40_59/f020104.npz
route10,VehicleTurningRoute_2,VehicleTurningRoute,20108,-1,5,4893,4,0.87384,0.47758,1.83,1,1,1,outputs/gate6/snapshots/exact_town12_route10_route0_09_04_14_40_59/f020108.npz
