route_id,source_file,route_length,scenario_type,scenario_group,unique_instance_id,scenario_xml_name,trigger_progress
0,routes_training.xml,7084,HardBreakRoute,A_HardBreak,Town12|0|HardBreakRoute|225.5|6100.9|180.0,HardBreakRoute_1,0.177
0,routes_training.xml,7084,HardBreakRoute,A_HardBreak,Town12|0|HardBreakRoute|97.4|6100.9|180.0,HardBreakRoute_2,0.195
0,routes_training.xml,7084,VehicleTurningRoute,C_VehicleTurning,Town12|0|VehicleTurningRoute|-711.8|6163.6|113.0,VehicleTurningRoute_1,0.399
0,routes_training.xml,7084,HardBreakRoute,A_HardBreak,Town12|0|HardBreakRoute|-817.5|5860.5|269.9,HardBreakRoute_3,0.454
0,routes_training.xml,7084,HardBreakRoute,A_HardBreak,Town12|0|HardBreakRoute|-819.0|5027.2|269.9,HardBreakRoute_4,0.572
0,routes_training.xml,7084,VehicleTurningRoute,C_VehicleTurning,Town12|0|VehicleTurningRoute|-495.9|5033.4|89.7,VehicleTurningRoute_2,0.685
0,routes_training.xml,7084,HardBreakRoute,A_HardBreak,Town12|0|HardBreakRoute|-535.4|5234.1|0.9,HardBreakRoute_5,0.88
0,routes_training.xml,7084,HardBreakRoute,A_HardBreak,Town12|0|HardBreakRoute|-374.1|5188.6|-47.7,HardBreakRoute_6,0.904
0,routes_training.xml,7084,HardBreakRoute,A_HardBreak,Town12|0|HardBreakRoute|-168.0|5395.3|66.3,HardBreakRoute_7,0.956
1,routes_training.xml,5891,ParkingCutIn,B_ParkingCutIn,Town12|1|ParkingCutIn|-710.9|3587.4|-90.0,ParkingCutIn_1,0.008
1,routes_training.xml,5891,HardBreakRoute,A_HardBreak,Town12|1|HardBreakRoute|-764.2|3490.1|179.9,HardBreakRoute_1,0.026
1,routes_training.xml,5891,VehicleTurningRoute,C_VehicleTurning,Town12|1|VehicleTurningRoute|-1158.2|3796.6|180.3,VehicleTurningRoute_1,0.125
1,routes_training.xml,5891,HardBreakRoute,A_HardBreak,Town12|1|HardBreakRoute|-1215.9|3591.3|91.5,HardBreakRoute_2,0.277
1,routes_training.xml,5891,VehicleTurningRoute,C_VehicleTurning,Town12|1|VehicleTurningRoute|-1156.6|3673.1|16.6,VehicleTurningRoute_2,0.294
1,routes_training.xml,5891,HardBreakRoute,A_HardBreak,Town12|1|HardBreakRoute|-1527.0|3567.2|277.0,HardBreakRoute_3,0.49
1,routes_training.xml,5891,PedestrianCrossing,D_PedestrianCrossing,Town12|1|PedestrianCrossing|-1553.4|3309.4|270.1,PedestrianCrossing_1,0.532
1,routes_training.xml,5891,PedestrianCrossing,D_PedestrianCrossing,Town12|1|PedestrianCrossing|-1320.1|3691.8|-12.7,PedestrianCrossing_2,0.628
1,routes_training.xml,5891,HardBreakRoute,A_HardBreak,Town12|1|HardBreakRoute|-1671.8|4950.6|89.8,HardBreakRoute_4,0.92
1,routes_training.xml,5891,HardBreakRoute,A_HardBreak,Town12|1|HardBreakRoute|-1667.7|5154.7|89.8,HardBreakRoute_5,0.955
1,routes_training.xml,5891,VehicleTurningRoute,C_VehicleTurning,Town12|1|VehicleTurningRoute|-1667.1|5294.5|89.8,VehicleTurningRoute_3,0.972
2,routes_training.xml,5121,ParkingCutIn,B_ParkingCutIn,Town12|2|ParkingCutIn|-174.5|4391.1|269.9,ParkingCutIn_1,0.015
2,routes_training.xml,5121,ParkingCutIn,B_ParkingCutIn,Town12|2|ParkingCutIn|-284.4|4056.2|-90.3,ParkingCutIn_2,0.091
2,routes_training.xml,5121,ParkingCutIn,B_ParkingCutIn,Town12|2|ParkingCutIn|-177.4|3996.6|89.7,ParkingCutIn_3,0.119
2,routes_training.xml,5121,PedestrianCrossing,D_PedestrianCrossing,Town12|2|PedestrianCrossing|-177.2|4041.6|89.7,PedestrianCrossing_1,0.125
2,routes_training.xml,5121,PedestrianCrossing,D_PedestrianCrossing,Town12|2|PedestrianCrossing|-390.3|4151.4|90.0,PedestrianCrossing_2,0.174
2,routes_training.xml,5121,HardBreakRoute,A_HardBreak,Town12|2|HardBreakRoute|-412.8|4192.2|179.9,HardBreakRoute_1,0.184
2,routes_training.xml,5121,ParkingCutIn,B_ParkingCutIn,Town12|2|ParkingCutIn|-390.3|4017.5|90.0,ParkingCutIn_4,0.249
2,routes_training.xml,5121,ParkingCutIn,B_ParkingCutIn,Town12|2|ParkingCutIn|-604.9|4001.7|90.1,ParkingCutIn_5,0.426
2,routes_training.xml,5121,HardBreakRoute,A_HardBreak,Town12|2|HardBreakRoute|-643.7|4347.6|136.6,HardBreakRoute_2,0.491
2,routes_training.xml,5121,HardBreakRoute,A_HardBreak,Town12|2|HardBreakRoute|-299.1|4302.6|-0.3,HardBreakRoute_3,0.533
2,routes_training.xml,5121,HardBreakRoute,A_HardBreak,Town12|2|HardBreakRoute|251.5|4250.2|-90.1,HardBreakRoute_4,0.643
2,routes_training.xml,5121,ParkingCutIn,B_ParkingCutIn,Town12|2|ParkingCutIn|249.3|4060.8|-90.2,ParkingCutIn_6,0.68
2,routes_training.xml,5121,VehicleTurningRoute,C_VehicleTurning,Town12|2|VehicleTurningRoute|248.9|3833.3|270.0,VehicleTurningRoute_1,0.72
2,routes_training.xml,5121,HardBreakRoute,A_HardBreak,Town12|2|HardBreakRoute|130.0|3810.0|179.9,HardBreakRoute_5,0.744
2,routes_training.xml,5121,ParkingCutIn,B_ParkingCutIn,Town12|2|ParkingCutIn|-70.2|3638.7|-90.1,ParkingCutIn_7,0.805
2,routes_training.xml,5121,PedestrianCrossing,D_PedestrianCrossing,Town12|2|PedestrianCrossing|-70.3|3529.4|-90.1,PedestrianCrossing_3,0.825
2,routes_training.xml,5121,ParkingCutIn,B_ParkingCutIn,Town12|2|ParkingCutIn|-284.1|3594.9|-90.4,ParkingCutIn_8,0.908
2,routes_training.xml,5121,PedestrianCrossing,D_PedestrianCrossing,Town12|2|PedestrianCrossing|-284.5|3534.6|-90.4,PedestrianCrossing_4,0.919
2,routes_training.xml,5121,ParkingCutIn,B_ParkingCutIn,Town12|2|ParkingCutIn|-393.0|3589.7|89.6,ParkingCutIn_9,0.956
3,routes_training.xml,6091,ParkingCutIn,B_ParkingCutIn,Town12|3|ParkingCutIn|1097.9|4031.6|279.0,ParkingCutIn_1,0.018
3,routes_training.xml,6091,HardBreakRoute,A_HardBreak,Town12|3|HardBreakRoute|739.6|3701.3|179.9,HardBreakRoute_1,0.122
3,routes_training.xml,6091,HardBreakRoute,A_HardBreak,Town12|3|HardBreakRoute|624.3|3808.8|179.9,HardBreakRoute_2,0.148
3,routes_training.xml,6091,VehicleTurningRoute,C_VehicleTurning,Town12|3|VehicleTurningRoute|592.0|3808.9|179.9,VehicleTurningRoute_1,0.15
3,routes_training.xml,6091,ParkingCutIn,B_ParkingCutIn,Town12|3|ParkingCutIn|568.9|3678.3|-90.1,ParkingCutIn_2,0.172
3,routes_training.xml,6091,HardBreakRoute,A_HardBreak,Town12|3|HardBreakRoute|619.7|3491.5|-0.1,HardBreakRoute_3,0.2
3,routes_training.xml,6091,PedestrianCrossing,D_PedestrianCrossing,Town12|3|PedestrianCrossing|713.4|3701.4|179.9,PedestrianCrossing_1,0.227
3,routes_training.xml,6091,ParkingCutIn,B_ParkingCutIn,Town12|3|ParkingCutIn|675.4|3619.9|89.6,ParkingCutIn_4,0.293
3,routes_training.xml,6091,ParkingCutIn,B_ParkingCutIn,Town12|3|ParkingCutIn|568.7|3578.4|-90.1,ParkingCutIn_3,0.311
3,routes_training.xml,6091,HardBreakRoute,A_HardBreak,Town12|3|HardBreakRoute|414.8|3595.1|179.9,HardBreakRoute_4,0.335
3,routes_training.xml,6091,ParkingCutIn,B_ParkingCutIn,Town12|3|ParkingCutIn|355.9|3553.5|-90.0,ParkingCutIn_5,0.347
3,routes_training.xml,6091,HardBreakRoute,A_HardBreak,Town12|3|HardBreakRoute|204.2|3489.2|179.9,HardBreakRoute_5,0.373
3,routes_training.xml,6091,ParkingCutIn,B_ParkingCutIn,Town12|3|ParkingCutIn|33.9|3521.9|89.6,ParkingCutIn_6,0.402
3,routes_training.xml,6091,ParkingCutIn,B_ParkingCutIn,Town12|3|ParkingCutIn|34.6|3626.4|89.6,ParkingCutIn_7,0.418
3,routes_training.xml,6091,HardBreakRoute,A_HardBreak,Town12|3|HardBreakRoute|196.2|3812.6|-0.1,HardBreakRoute_6,0.469
3,routes_training.xml,6091,ParkingCutIn,B_ParkingCutIn,Town12|3|ParkingCutIn|355.9|3682.2|-90.0,ParkingCutIn_9,0.508
3,routes_training.xml,6091,HardBreakRoute,A_HardBreak,Town12|3|HardBreakRoute|246.0|3643.4|90.0,HardBreakRoute_7,0.533
3,routes_training.xml,6091,ParkingCutIn,B_ParkingCutIn,Town12|3|ParkingCutIn|356.0|3786.5|-90.0,ParkingCutIn_8,0.56
3,routes_training.xml,6091,HardBreakRoute,A_HardBreak,Town12|3|HardBreakRoute|382.4|3914.9|179.7,HardBreakRoute_8,0.597
3,routes_training.xml,6091,ParkingCutIn,B_ParkingCutIn,Town12|3|ParkingCutIn|355.7|4115.9|89.8,ParkingCutIn_12,0.648
3,routes_training.xml,6091,PedestrianCrossing,D_PedestrianCrossing,Town12|3|PedestrianCrossing|293.5|4190.6|179.9,PedestrianCrossing_2,0.66
3,routes_training.xml,6091,HardBreakRoute,A_HardBreak,Town12|3|HardBreakRoute|687.0|4620.3|-0.1,HardBreakRoute_9,0.774
3,routes_training.xml,6091,HardBreakRoute,A_HardBreak,Town12|3|HardBreakRoute|798.3|4449.7|279.1,HardBreakRoute_10,0.81
3,routes_training.xml,6091,ParkingCutIn,B_ParkingCutIn,Town12|3|ParkingCutIn|569.7|4022.6|89.9,ParkingCutIn_10,0.921
3,routes_training.xml,6091,VehicleTurningRoute,C_VehicleTurning,Town12|3|VehicleTurningRoute|570.1|4167.2|89.9,VehicleTurningRoute_2,0.944
3,routes_training.xml,6091,ParkingCutIn,B_ParkingCutIn,Town12|3|ParkingCutIn|463.0|4166.4|-90.0,ParkingCutIn_11,0.96
4,routes_training.xml,6479,HardBreakRoute,A_HardBreak,Town12|4|HardBreakRoute|1662.8|2181.2|-0.2,HardBreakRoute_1,0.049
4,routes_training.xml,6479,HardBreakRoute,A_HardBreak,Town12|4|HardBreakRoute|1780.8|2003.1|89.8,HardBreakRoute_3,0.141
4,routes_training.xml,6479,HardBreakRoute,A_HardBreak,Town12|4|HardBreakRoute|1887.7|1718.3|180.0,HardBreakRoute_2,0.203
4,routes_training.xml,6479,VehicleTurningRoute,C_VehicleTurning,Town12|4|VehicleTurningRoute|1661.4|1718.3|180.0,VehicleTurningRoute_1,0.481
4,routes_training.xml,6479,HardBreakRoute,A_HardBreak,Town12|4|HardBreakRoute|1676.2|1720.8|-0.0,HardBreakRoute_4,0.483
4,routes_training.xml,6479,HardBreakRoute,A_HardBreak,Town12|4|HardBreakRoute|2183.7|2003.5|89.8,HardBreakRoute_5,0.57
4,routes_training.xml,6479,VehicleTurningRoute,C_VehicleTurning,Town12|4|VehicleTurningRoute|2020.3|2294.9|180.0,VehicleTurningRoute_2,0.631
4,routes_training.xml,6479,HardBreakRoute,A_HardBreak,Town12|4|HardBreakRoute|2247.6|2064.2|-0.2,HardBreakRoute_6,0.686
4,routes_training.xml,6479,HardBreakRoute,A_HardBreak,Town12|4|HardBreakRoute|2185.3|2464.3|90.1,HardBreakRoute_8,0.873
4,routes_training.xml,6479,HardBreakRoute,A_HardBreak,Town12|4|HardBreakRoute|2008.6|2641.8|179.8,HardBreakRoute_7,0.904
5,routes_training.xml,6557,VehicleTurningRoute,C_VehicleTurning,Town12|5|VehicleTurningRoute|3710.8|2467.8|90.0,VehicleTurningRoute_1,0.089
5,routes_training.xml,6557,HardBreakRoute,A_HardBreak,Town12|5|HardBreakRoute|3123.7|2582.5|90.0,HardBreakRoute_1,0.198
5,routes_training.xml,6557,VehicleTurningRoute,C_VehicleTurning,Town12|5|VehicleTurningRoute|3481.9|2452.5|269.7,VehicleTurningRoute_2,0.278
5,routes_training.xml,6557,HardBreakRoute,A_HardBreak,Town12|5|HardBreakRoute|2838.9|2407.9|179.8,HardBreakRoute_2,0.377
5,routes_training.xml,6557,HardBreakRoute,A_HardBreak,Town12|5|HardBreakRoute|2772.6|2335.4|89.8,HardBreakRoute_3,0.426
5,routes_training.xml,6557,HardBreakRoute,A_HardBreak,Town12|5|HardBreakRoute|2889.7|1900.9|269.6,HardBreakRoute_4,0.666
5,routes_training.xml,6557,VehicleTurningRoute,C_VehicleTurning,Town12|5|VehicleTurningRoute|2888.6|1725.6|269.6,VehicleTurningRoute_3,0.692
5,routes_training.xml,6557,VehicleTurningRoute,C_VehicleTurning,Town12|5|VehicleTurningRoute|2771.1|1797.4|89.8,VehicleTurningRoute_4,0.723
5,routes_training.xml,6557,HardBreakRoute,A_HardBreak,Town12|5|HardBreakRoute|2720.7|1596.6|179.9,HardBreakRoute_5,0.815
5,routes_training.xml,6557,HardBreakRoute,A_HardBreak,Town12|5|HardBreakRoute|2386.2|1761.6|90.1,HardBreakRoute_6,0.92
5,routes_training.xml,6557,VehicleTurningRoute,C_VehicleTurning,Town12|5|VehicleTurningRoute|2385.8|2025.4|90.1,VehicleTurningRoute_5,0.956
5,routes_training.xml,6557,HardBreakRoute,A_HardBreak,Town12|5|HardBreakRoute|2342.9|2061.4|179.8,HardBreakRoute_7,0.964
6,routes_training.xml,8786,HardBreakRoute,A_HardBreak,Town12|6|HardBreakRoute|3485.8|-196.7|269.5,HardBreakRoute_1,0.312
6,routes_training.xml,8786,VehicleTurningRoute,C_VehicleTurning,Town12|6|VehicleTurningRoute|3485.8|-220.0|269.5,VehicleTurningRoute_1,0.314
6,routes_training.xml,8786,HardBreakRoute,A_HardBreak,Town12|6|HardBreakRoute|2783.4|-524.2|270.0,HardBreakRoute_2,0.406
6,routes_training.xml,8786,HardBreakRoute,A_HardBreak,Town12|6|HardBreakRoute|2372.9|-601.7|89.8,HardBreakRoute_3,0.498
6,routes_training.xml,8786,HardBreakRoute,A_HardBreak,Town12|6|HardBreakRoute|3099.0|-90.7|360.0,HardBreakRoute_4,0.629
6,routes_training.xml,8786,HardBreakRoute,A_HardBreak,Town12|6|HardBreakRoute|3743.4|-652.5|-90.4,HardBreakRoute_5,0.754
6,routes_training.xml,8786,HardBreakRoute,A_HardBreak,Town12|6|HardBreakRoute|3376.3|-1731.2|-171.8,HardBreakRoute_6,0.889
6,routes_training.xml,8786,HardBreakRoute,A_HardBreak,Town12|6|HardBreakRoute|2679.6|-1695.3|171.7,HardBreakRoute_7,0.963
7,routes_training.xml,9232,HardBreakRoute,A_HardBreak,Town12|7|HardBreakRoute|1408.5|-1713.1|180.0,HardBreakRoute_1,0.147
7,routes_training.xml,9232,HardBreakRoute,A_HardBreak,Town12|7|HardBreakRoute|300.1|-1711.8|178.6,HardBreakRoute_2,0.267
7,routes_training.xml,9232,HardBreakRoute,A_HardBreak,Town12|7|HardBreakRoute|-780.3|-917.1|94.3,HardBreakRoute_3,0.425
7,routes_training.xml,9232,HardBreakRoute,A_HardBreak,Town12|7|HardBreakRoute|-731.7|-83.1|0.0,HardBreakRoute_4,0.515
7,routes_training.xml,9232,HardBreakRoute,A_HardBreak,Town12|7|HardBreakRoute|779.9|1996.2|90.1,HardBreakRoute_5,0.886
7,routes_training.xml,9232,VehicleTurningRoute,C_VehicleTurning,Town12|7|VehicleTurningRoute|1754.7|2298.6|360.0,VehicleTurningRoute_1,0.996
8,routes_training.xml,7888,HardBreakRoute,A_HardBreak,Town12|8|HardBreakRoute|-3525.0|577.9|236.7,HardBreakRoute_1,0.04
8,routes_training.xml,7888,HardBreakRoute,A_HardBreak,Town12|8|HardBreakRoute|-3606.8|307.6|269.6,HardBreakRoute_2,0.073
8,routes_training.xml,7888,HardBreakRoute,A_HardBreak,Town12|8|HardBreakRoute|-3505.6|-205.8|263.8,HardBreakRoute_3,0.125
8,routes_training.xml,7888,HardBreakRoute,A_HardBreak,Town12|8|HardBreakRoute|-4525.7|-31.5|151.7,HardBreakRoute_4,0.229
8,routes_training.xml,7888,HardBreakRoute,A_HardBreak,Town12|8|HardBreakRoute|-5220.5|628.5|98.8,HardBreakRoute_5,0.33
8,routes_training.xml,7888,HardBreakRoute,A_HardBreak,Town12|8|HardBreakRoute|-2650.5|1611.0|358.5,HardBreakRoute_6,0.672
8,routes_training.xml,7888,HardBreakRoute,A_HardBreak,Town12|8|HardBreakRoute|-1609.6|1610.2|0.5,HardBreakRoute_7,0.802
9,routes_training.xml,6346,ParkingCutIn,B_ParkingCutIn,Town12|9|ParkingCutIn|1519.7|3929.8|99.0,ParkingCutIn_1,0.159
9,routes_training.xml,6346,HardBreakRoute,A_HardBreak,Town12|9|HardBreakRoute|1574.8|4039.5|9.2,HardBreakRoute_1,0.176
9,routes_training.xml,6346,ParkingCutIn,B_ParkingCutIn,Town12|9|ParkingCutIn|1046.5|4333.2|99.5,ParkingCutIn_2,0.472
9,routes_training.xml,6346,HardBreakRoute,A_HardBreak,Town12|9|HardBreakRoute|1326.9|4466.6|9.3,HardBreakRoute_2,0.525
9,routes_training.xml,6346,PedestrianCrossing,D_PedestrianCrossing,Town12|9|PedestrianCrossing|1576.3|4507.5|9.3,PedestrianCrossing_1,0.564
9,routes_training.xml,6346,HardBreakRoute,A_HardBreak,Town12|9|HardBreakRoute|1490.7|4989.0|179.9,HardBreakRoute_3,0.642
9,routes_training.xml,6346,PedestrianCrossing,D_PedestrianCrossing,Town12|9|PedestrianCrossing|1362.0|5241.9|89.8,PedestrianCrossing_2,0.687
9,routes_training.xml,6346,PedestrianCrossing,D_PedestrianCrossing,Town12|9|PedestrianCrossing|1173.6|5531.2|89.9,PedestrianCrossing_3,0.741
9,routes_training.xml,6346,HardBreakRoute,A_HardBreak,Town12|9|HardBreakRoute|986.8|5240.9|270.1,HardBreakRoute_4,0.812
9,routes_training.xml,6346,HardBreakRoute,A_HardBreak,Town12|9|HardBreakRoute|793.3|4927.8|269.6,HardBreakRoute_5,0.871
9,routes_training.xml,6346,HardBreakRoute,A_HardBreak,Town12|9|HardBreakRoute|392.8|4723.7|180.0,HardBreakRoute_6,0.976
10,routes_training.xml,6273,PedestrianCrossing,D_PedestrianCrossing,Town12|10|PedestrianCrossing|3033.4|4742.3|189.2,PedestrianCrossing_1,0.07
10,routes_training.xml,6273,ParkingCutIn,B_ParkingCutIn,Town12|10|ParkingCutIn|2797.7|4427.1|279.4,ParkingCutIn_1,0.143
10,routes_training.xml,6273,PedestrianCrossing,D_PedestrianCrossing,Town12|10|PedestrianCrossing|3291.8|4259.9|98.9,PedestrianCrossing_2,0.238
10,routes_training.xml,6273,HardBreakRoute,A_HardBreak,Town12|10|HardBreakRoute|3186.3|4293.8|189.2,HardBreakRoute_1,0.238
10,routes_training.xml,6273,ParkingCutIn,B_ParkingCutIn,Town12|10|ParkingCutIn|3040.0|4356.2|98.9,ParkingCutIn_2,0.262
10,routes_training.xml,6273,VehicleTurningRoute,C_VehicleTurning,Town12|10|VehicleTurningRoute|3021.4|4475.4|98.9,VehicleTurningRoute_1,0.278
10,routes_training.xml,6273,HardBreakRoute,A_HardBreak,Town12|10|HardBreakRoute|3061.5|4513.8|9.2,HardBreakRoute_2,0.286
10,routes_training.xml,6273,PedestrianCrossing,D_PedestrianCrossing,Town12|10|PedestrianCrossing|3715.1|4268.7|9.0,PedestrianCrossing_3,0.409
10,routes_training.xml,6273,HardBreakRoute,A_HardBreak,Town12|10|HardBreakRoute|3715.5|4538.1|98.9,HardBreakRoute_3,0.449
10,routes_training.xml,6273,VehicleTurningRoute,C_VehicleTurning,Town12|10|VehicleTurningRoute|3708.0|4586.1|98.9,VehicleTurningRoute_2,0.454
10,routes_training.xml,6273,ParkingCutIn,B_ParkingCutIn,Town12|10|ParkingCutIn|3455.5|4719.2|99.6,ParkingCutIn_3,0.499
10,routes_training.xml,6273,ParkingCutIn,B_ParkingCutIn,Town12|10|ParkingCutIn|3396.5|5065.1|99.8,ParkingCutIn_4,0.554
10,routes_training.xml,6273,PedestrianCrossing,D_PedestrianCrossing,Town12|10|PedestrianCrossing|3368.9|5225.0|99.5,PedestrianCrossing_4,0.58
10,routes_training.xml,6273,HardBreakRoute,A_HardBreak,Town12|10|HardBreakRoute|3263.1|5247.5|189.1,HardBreakRoute_4,0.597
10,routes_training.xml,6273,HardBreakRoute,A_HardBreak,Town12|10|HardBreakRoute|3009.0|5442.5|189.0,HardBreakRoute_5,0.655
10,routes_training.xml,6273,HardBreakRoute,A_HardBreak,Town12|10|HardBreakRoute|2409.7|5477.4|269.7,HardBreakRoute_6,0.766
10,routes_training.xml,6273,HardBreakRoute,A_HardBreak,Town12|10|HardBreakRoute|2408.9|5295.5|269.7,HardBreakRoute_7,0.795
10,routes_training.xml,6273,PedestrianCrossing,D_PedestrianCrossing,Town12|10|PedestrianCrossing|2931.5|4728.9|9.2,PedestrianCrossing_5,0.955
10,routes_training.xml,6273,ParkingCutIn,B_ParkingCutIn,Town12|10|ParkingCutIn|2973.9|4766.8|99.6,ParkingCutIn_5,0.963
11,routes_training.xml,8345,HardBreakRoute,A_HardBreak,Town12|11|HardBreakRoute|-313.1|3978.8|179.9,HardBreakRoute_1,0.008
11,routes_training.xml,8345,HardBreakRoute,A_HardBreak,Town12|11|HardBreakRoute|863.6|3982.4|99.1,HardBreakRoute_2,0.193
11,routes_training.xml,8345,HardBreakRoute,A_HardBreak,Town12|11|HardBreakRoute|546.0|4287.9|179.7,HardBreakRoute_3,0.256
11,routes_training.xml,8345,HardBreakRoute,A_HardBreak,Town12|11|HardBreakRoute|-1266.0|4882.4|180.3,HardBreakRoute_4,0.5
11,routes_training.xml,8345,HardBreakRoute,A_HardBreak,Town12|11|HardBreakRoute|-1459.7|4881.3|180.3,HardBreakRoute_5,0.522
11,routes_training.xml,8345,HardBreakRoute,A_HardBreak,Town12|11|HardBreakRoute|-1668.8|5663.3|89.8,HardBreakRoute_6,0.632
11,routes_training.xml,8345,HardBreakRoute,A_HardBreak,Town12|11|HardBreakRoute|-894.6|5629.7|-23.4,HardBreakRoute_7,0.739
11,routes_training.xml,8345,HardBreakRoute,A_HardBreak,Town12|11|HardBreakRoute|-820.1|4414.6|269.9,HardBreakRoute_8,0.889
12,routes_training.xml,7895,HardBreakRoute,A_HardBreak,Town12|12|HardBreakRoute|687.0|4733.3|-0.0,HardBreakRoute_1,0.055
12,routes_training.xml,7895,HardBreakRoute,A_HardBreak,Town12|12|HardBreakRoute|783.2|4871.5|89.6,HardBreakRoute_2,0.076
12,routes_training.xml,7895,ParkingCutIn,B_ParkingCutIn,Town12|12|ParkingCutIn|1176.3|5141.5|269.9,ParkingCutIn_1,0.239
12,routes_training.xml,7895,HardBreakRoute,A_HardBreak,Town12|12|HardBreakRoute|1253.7|4999.4|-0.1,HardBreakRoute_3,0.26
12,routes_training.xml,7895,HardBreakRoute,A_HardBreak,Town12|12|HardBreakRoute|1598.2|4998.5|-0.1,HardBreakRoute_4,0.302
12,routes_training.xml,7895,PedestrianCrossing,D_PedestrianCrossing,Town12|12|PedestrianCrossing|1749.0|5170.5|89.6,PedestrianCrossing_1,0.33
12,routes_training.xml,7895,HardBreakRoute,A_HardBreak,Town12|12|HardBreakRoute|1659.2|5584.9|-0.0,HardBreakRoute_5,0.44
12,routes_training.xml,7895,HardBreakRoute,A_HardBreak,Town12|12|HardBreakRoute|2048.6|6058.0|-162.9,HardBreakRoute_6,0.62
12,routes_training.xml,7895,HardBreakRoute,A_HardBreak,Town12|12|HardBreakRoute|409.5|6103.8|144.8,HardBreakRoute_7,0.83
12,routes_training.xml,7895,HardBreakRoute,A_HardBreak,Town12|12|HardBreakRoute|-248.9|6339.8|179.7,HardBreakRoute_8,0.92
12,routes_training.xml,7895,HardBreakRoute,A_HardBreak,Town12|12|HardBreakRoute|-565.7|6341.5|179.7,HardBreakRoute_9,0.96
13,routes_training.xml,6412,ParkingCutIn,B_ParkingCutIn,Town12|13|ParkingCutIn|3254.9|4507.8|279.2,ParkingCutIn_1,0.034
13,routes_training.xml,6412,PedestrianCrossing,D_PedestrianCrossing,Town12|13|PedestrianCrossing|3274.1|4389.6|279.2,PedestrianCrossing_1,0.049
13,routes_training.xml,6412,VehicleTurningRoute,C_VehicleTurning,Town12|13|VehicleTurningRoute|3469.9|4349.6|9.2,VehicleTurningRoute_1,0.077
13,routes_training.xml,6412,HardBreakRoute,A_HardBreak,Town12|13|HardBreakRoute|3640.8|4607.5|9.2,HardBreakRoute_1,0.126
13,routes_training.xml,6412,HardBreakRoute,A_HardBreak,Town12|13|HardBreakRoute|3502.3|5052.4|189.2,HardBreakRoute_2,0.216
13,routes_training.xml,6412,PedestrianCrossing,D_PedestrianCrossing,Town12|13|PedestrianCrossing|3464.6|5046.3|189.2,PedestrianCrossing_2,0.222
13,routes_training.xml,6412,PedestrianCrossing,D_PedestrianCrossing,Town12|13|PedestrianCrossing|3139.5|5183.5|99.2,PedestrianCrossing_3,0.283
13,routes_training.xml,6412,HardBreakRoute,A_HardBreak,Town12|13|HardBreakRoute|3054.9|5214.2|189.1,HardBreakRoute_3,0.297
13,routes_training.xml,6412,HardBreakRoute,A_HardBreak,Town12|13|HardBreakRoute|2879.0|5356.1|99.1,HardBreakRoute_4,0.333
13,routes_training.xml,6412,VehicleTurningRoute,C_VehicleTurning,Town12|13|VehicleTurningRoute|2876.9|5369.0|99.1,VehicleTurningRoute_2,0.335
13,routes_training.xml,6412,HardBreakRoute,A_HardBreak,Town12|13|HardBreakRoute|3259.5|5367.3|9.0,HardBreakRoute_5,0.397
13,routes_training.xml,6412,PedestrianCrossing,D_PedestrianCrossing,Town12|13|PedestrianCrossing|2595.2|4671.5|189.2,PedestrianCrossing_4,0.59
13,routes_training.xml,6412,HardBreakRoute,A_HardBreak,Town12|13|HardBreakRoute|2857.6|4480.9|9.2,HardBreakRoute_6,0.878
13,routes_training.xml,6412,VehicleTurningRoute,C_VehicleTurning,Town12|13|VehicleTurningRoute|2978.8|4500.5|9.2,VehicleTurningRoute_3,0.897
13,routes_training.xml,6412,ParkingCutIn,B_ParkingCutIn,Town12|13|ParkingCutIn|3011.3|4539.8|98.9,ParkingCutIn_2,0.904
13,routes_training.xml,6412,HardBreakRoute,A_HardBreak,Town12|13|HardBreakRoute|3092.5|4638.4|9.2,HardBreakRoute_7,0.922
13,routes_training.xml,6412,ParkingCutIn,B_ParkingCutIn,Town12|13|ParkingCutIn|3447.2|4786.4|279.6,ParkingCutIn_3,0.979
14,routes_training.xml,5669,HardBreakRoute,A_HardBreak,Town12|14|HardBreakRoute|2398.3|4288.2|9.7,HardBreakRoute_1,0.063
14,routes_training.xml,5669,VehicleTurningRoute,C_VehicleTurning,Town12|14|VehicleTurningRoute|2072.2|3998.2|189.2,VehicleTurningRoute_1,0.163
14,routes_training.xml,5669,PedestrianCrossing,D_PedestrianCrossing,Town12|14|PedestrianCrossing|2010.8|4047.9|99.2,PedestrianCrossing_1,0.173
14,routes_training.xml,5669,HardBreakRoute,A_HardBreak,Town12|14|HardBreakRoute|1892.8|4084.5|189.2,HardBreakRoute_2,0.194
14,routes_training.xml,5669,PedestrianCrossing,D_PedestrianCrossing,Town12|14|PedestrianCrossing|1098.9|4025.1|279.0,PedestrianCrossing_2,0.342
14,routes_training.xml,5669,VehicleTurningRoute,C_VehicleTurning,Town12|14|VehicleTurningRoute|1265.5|3989.4|9.2,VehicleTurningRoute_2,0.371
14,routes_training.xml,5669,PedestrianCrossing,D_PedestrianCrossing,Town12|14|PedestrianCrossing|983.3|3821.3|189.2,PedestrianCrossing_3,0.445
14,routes_training.xml,5669,VehicleTurningRoute,C_VehicleTurning,Town12|14|VehicleTurningRoute|617.6|4082.9|179.9,VehicleTurningRoute_3,0.525
14,routes_training.xml,5669,HardBreakRoute,A_HardBreak,Town12|14|HardBreakRoute|526.3|4190.1|179.9,HardBreakRoute_3,0.55
14,routes_training.xml,5669,PedestrianCrossing,D_PedestrianCrossing,Town12|14|PedestrianCrossing|461.5|4225.6|89.7,PedestrianCrossing_4,0.562
14,routes_training.xml,5669,HardBreakRoute,A_HardBreak,Town12|14|HardBreakRoute|462.8|4441.5|89.7,HardBreakRoute_4,0.595
14,routes_training.xml,5669,HardBreakRoute,A_HardBreak,Town12|14|HardBreakRoute|782.5|4778.7|89.6,HardBreakRoute_5,0.676
14,routes_training.xml,5669,HardBreakRoute,A_HardBreak,Town12|14|HardBreakRoute|632.3|5030.1|162.5,HardBreakRoute_6,0.727
14,routes_training.xml,5669,VehicleTurningRoute,C_VehicleTurning,Town12|14|VehicleTurningRoute|282.8|5403.1|159.7,VehicleTurningRoute_4,0.814
14,routes_training.xml,5669,HardBreakRoute,A_HardBreak,Town12|14|HardBreakRoute|-193.7|5024.2|156.8,HardBreakRoute_7,0.892
14,routes_training.xml,5669,VehicleTurningRoute,C_VehicleTurning,Town12|14|VehicleTurningRoute|94.0|5204.8|-23.3,VehicleTurningRoute_5,0.974
15,routes_training.xml,10006,HardBreakRoute,A_HardBreak,Town12|15|HardBreakRoute|3767.0|6031.7|108.5,HardBreakRoute_1,0.168
15,routes_training.xml,10006,HardBreakRoute,A_HardBreak,Town12|15|HardBreakRoute|1401.8|6067.1|179.7,HardBreakRoute_2,0.417
15,routes_training.xml,10006,HardBreakRoute,A_HardBreak,Town12|15|HardBreakRoute|-226.3|6494.4|177.9,HardBreakRoute_3,0.589
15,routes_training.xml,10006,HardBreakRoute,A_HardBreak,Town12|15|HardBreakRoute|-2544.7|5731.7|-86.6,HardBreakRoute_4,0.866
16,routes_training.xml,7127,HardBreakRoute,A_HardBreak,Town12|16|HardBreakRoute|-2517.1|5561.9|-80.9,HardBreakRoute_1,0.217
16,routes_training.xml,7127,HardBreakRoute,A_HardBreak,Town12|16|HardBreakRoute|-2513.7|4446.4|-91.2,HardBreakRoute_2,0.374
16,routes_training.xml,7127,HardBreakRoute,A_HardBreak,Town12|16|HardBreakRoute|-1831.9|3252.9|-29.3,HardBreakRoute_3,0.574
16,routes_training.xml,7127,HardBreakRoute,A_HardBreak,Town12|16|HardBreakRoute|-1558.5|3143.3|-14.8,HardBreakRoute_4,0.615
16,routes_training.xml,7127,HardBreakRoute,A_HardBreak,Town12|16|HardBreakRoute|-17.3|3100.5|-0.1,HardBreakRoute_5,0.832
17,routes_training.xml,9292,HardBreakRoute,A_HardBreak,Town12|17|HardBreakRoute|4009.9|4595.1|98.8,HardBreakRoute_1,0.37
17,routes_training.xml,9292,HardBreakRoute,A_HardBreak,Town12|17|HardBreakRoute|1932.8|6075.7|-174.3,HardBreakRoute_2,0.711
17,routes_training.xml,9292,VehicleTurningRoute,C_VehicleTurning,Town12|17|VehicleTurningRoute|-602.9|6338.2|179.7,VehicleTurningRoute_1,0.989
18,routes_training.xml,7954,HardBreakRoute,A_HardBreak,Town12|18|HardBreakRoute|-2502.4|5345.4|-90.0,HardBreakRoute_1,0.234
18,routes_training.xml,7954,HardBreakRoute,A_HardBreak,Town12|18|HardBreakRoute|-2220.1|4883.3|0.3,HardBreakRoute_2,0.316
18,routes_training.xml,7954,HardBreakRoute,A_HardBreak,Town12|18|HardBreakRoute|-2061.5|3422.1|-43.2,HardBreakRoute_3,0.572
18,routes_training.xml,7954,HardBreakRoute,A_HardBreak,Town12|18|HardBreakRoute|-100.1|3104.2|-0.1,HardBreakRoute_4,0.825
19,routes_training.xml,8943,HardBreakRoute,A_HardBreak,Town12|19|HardBreakRoute|2035.6|3077.8|180.8,HardBreakRoute_1,0.091
19,routes_training.xml,8943,HardBreakRoute,A_HardBreak,Town12|19|HardBreakRoute|1271.3|3081.6|179.9,HardBreakRoute_2,0.177
19,routes_training.xml,8943,HardBreakRoute,A_HardBreak,Town12|19|HardBreakRoute|-207.4|3100.8|-0.1,HardBreakRoute_3,0.509
19,routes_training.xml,8943,HardBreakRoute,A_HardBreak,Town12|19|HardBreakRoute|1442.2|3098.9|-0.1,HardBreakRoute_4,0.694
19,routes_training.xml,8943,HardBreakRoute,A_HardBreak,Town12|19|HardBreakRoute|3205.7|3116.0|-0.3,HardBreakRoute_5,0.891
20,routes_training.xml,6238,ParkingCutIn,B_ParkingCutIn,Town12|20|ParkingCutIn|-177.1|4540.5|89.9,ParkingCutIn_1,0.082
20,routes_training.xml,6238,HardBreakRoute,A_HardBreak,Town12|20|HardBreakRoute|-267.4|4515.6|-0.1,HardBreakRoute_1,0.174
20,routes_training.xml,6238,PedestrianCrossing,D_PedestrianCrossing,Town12|20|PedestrianCrossing|-29.8|4407.6|-0.1,PedestrianCrossing_1,0.216
20,routes_training.xml,6238,ParkingCutIn,B_ParkingCutIn,Town12|20|ParkingCutIn|249.3|4437.8|90.0,ParkingCutIn_2,0.261
20,routes_training.xml,6238,HardBreakRoute,A_HardBreak,Town12|20|HardBreakRoute|188.5|4618.7|179.9,HardBreakRoute_2,0.345
20,routes_training.xml,6238,ParkingCutIn,B_ParkingCutIn,Town12|20|ParkingCutIn|38.3|4374.0|269.9,ParkingCutIn_3,0.396
20,routes_training.xml,6238,HardBreakRoute,A_HardBreak,Town12|20|HardBreakRoute|-829.5|4595.3|89.9,HardBreakRoute_3,0.561
20,routes_training.xml,6238,VehicleTurningRoute,C_VehicleTurning,Town12|20|VehicleTurningRoute|-828.2|5288.5|89.9,VehicleTurningRoute_1,0.67
20,routes_training.xml,6238,PedestrianCrossing,D_PedestrianCrossing,Town12|20|PedestrianCrossing|-1194.1|5374.3|-90.2,PedestrianCrossing_2,0.73
20,routes_training.xml,6238,HardBreakRoute,A_HardBreak,Town12|20|HardBreakRoute|-1378.9|5468.9|89.5,HardBreakRoute_4,0.768
20,routes_training.xml,6238,VehicleTurningRoute,C_VehicleTurning,Town12|20|VehicleTurningRoute|-803.7|5923.4|0.3,VehicleTurningRoute_2,0.881
20,routes_training.xml,6238,HardBreakRoute,A_HardBreak,Town12|20|HardBreakRoute|-443.5|5982.0|146.4,HardBreakRoute_5,0.96
21,routes_training.xml,6088,HardBreakRoute,A_HardBreak,Town12|21|HardBreakRoute|983.3|5653.2|89.9,HardBreakRoute_1,0.038
21,routes_training.xml,6088,HardBreakRoute,A_HardBreak,Town12|21|HardBreakRoute|936.9|5821.3|180.0,HardBreakRoute_2,0.067
21,routes_training.xml,6088,HardBreakRoute,A_HardBreak,Town12|21|HardBreakRoute|75.2|6103.7|-0.0,HardBreakRoute_3,0.274
21,routes_training.xml,6088,VehicleTurningRoute,C_VehicleTurning,Town12|21|VehicleTurningRoute|235.0|6103.6|-0.0,VehicleTurningRoute_1,0.292
21,routes_training.xml,6088,PedestrianCrossing,D_PedestrianCrossing,Town12|21|PedestrianCrossing|193.6|5915.4|-179.5,PedestrianCrossing_1,0.318
21,routes_training.xml,6088,HardBreakRoute,A_HardBreak,Town12|21|HardBreakRoute|316.7|5701.3|296.6,HardBreakRoute_4,0.354
21,routes_training.xml,6088,VehicleTurningRoute,C_VehicleTurning,Town12|21|VehicleTurningRoute|243.6|5576.8|179.9,VehicleTurningRoute_2,0.374
21,routes_training.xml,6088,HardBreakRoute,A_HardBreak,Town12|21|HardBreakRoute|293.1|5402.2|339.7,HardBreakRoute_5,0.397
21,routes_training.xml,6088,HardBreakRoute,A_HardBreak,Town12|21|HardBreakRoute|795.3|5216.6|269.6,HardBreakRoute_6,0.48
21,routes_training.xml,6088,HardBreakRoute,A_HardBreak,Town12|21|HardBreakRoute|1449.7|4736.9|0.3,HardBreakRoute_7,0.626
21,routes_training.xml,6088,VehicleTurningRoute,C_VehicleTurning,Town12|21|VehicleTurningRoute|1529.8|4737.2|0.3,VehicleTurningRoute_3,0.633
21,routes_training.xml,6088,HardBreakRoute,A_HardBreak,Town12|21|HardBreakRoute|1555.1|4814.6|90.3,HardBreakRoute_8,0.646
21,routes_training.xml,6088,HardBreakRoute,A_HardBreak,Town12|21|HardBreakRoute|1748.9|5161.3|89.6,HardBreakRoute_9,0.712
22,routes_training.xml,6724,VehicleTurningRoute,C_VehicleTurning,Town12|22|VehicleTurningRoute|2655.8|2443.0|269.9,VehicleTurningRoute_1,0.003
22,routes_training.xml,6724,HardBreakRoute,A_HardBreak,Town12|22|HardBreakRoute|2459.7|2561.0|89.5,HardBreakRoute_1,0.043
22,routes_training.xml,6724,VehicleTurningRoute,C_VehicleTurning,Town12|22|VehicleTurningRoute|2187.9|2333.6|270.1,VehicleTurningRoute_2,0.155
22,routes_training.xml,6724,HardBreakRoute,A_HardBreak,Town12|22|HardBreakRoute|2444.9|2063.5|-0.2,HardBreakRoute_2,0.263
22,routes_training.xml,6724,HardBreakRoute,A_HardBreak,Town12|22|HardBreakRoute|2773.2|1659.0|269.8,HardBreakRoute_3,0.365
22,routes_training.xml,6724,HardBreakRoute,A_HardBreak,Town12|22|HardBreakRoute|2389.6|599.2|270.2,HardBreakRoute_4,0.598
22,routes_training.xml,6724,VehicleTurningRoute,C_VehicleTurning,Town12|22|VehicleTurningRoute|2376.9|-439.3|269.8,VehicleTurningRoute_3,0.748
22,routes_training.xml,6724,HardBreakRoute,A_HardBreak,Town12|22|HardBreakRoute|3187.4|-1177.3|270.0,HardBreakRoute_5,0.916
23,routes_training.xml,8141,HardBreakRoute,A_HardBreak,Town12|23|HardBreakRoute|3796.9|1505.7|359.9,HardBreakRoute_1,0.08
23,routes_training.xml,8141,HardBreakRoute,A_HardBreak,Town12|23|HardBreakRoute|3942.5|2137.0|89.9,HardBreakRoute_2,0.157
23,routes_training.xml,8141,HardBreakRoute,A_HardBreak,Town12|23|HardBreakRoute|3943.4|2658.9|89.9,HardBreakRoute_3,0.221
23,routes_training.xml,8141,HardBreakRoute,A_HardBreak,Town12|23|HardBreakRoute|2504.9|3323.8|99.8,HardBreakRoute_4,0.47
23,routes_training.xml,8141,HardBreakRoute,A_HardBreak,Town12|23|HardBreakRoute|3749.4|3916.3|9.3,HardBreakRoute_5,0.674
23,routes_training.xml,8141,HardBreakRoute,A_HardBreak,Town12|23|HardBreakRoute|3957.2|3950.2|9.3,HardBreakRoute_6,0.699
23,routes_training.xml,8141,HardBreakRoute,A_HardBreak,Town12|23|HardBreakRoute|3912.1|4296.9|189.0,HardBreakRoute_7,0.733
23,routes_training.xml,8141,PedestrianCrossing,D_PedestrianCrossing,Town12|23|PedestrianCrossing|3746.5|4340.2|99.0,PedestrianCrossing_1,0.754
23,routes_training.xml,8141,HardBreakRoute,A_HardBreak,Town12|23|HardBreakRoute|3592.3|4359.5|189.2,HardBreakRoute_8,0.773
23,routes_training.xml,8141,HardBreakRoute,A_HardBreak,Town12|23|HardBreakRoute|3127.5|4284.3|189.2,HardBreakRoute_9,0.831
23,routes_training.xml,8141,HardBreakRoute,A_HardBreak,Town12|23|HardBreakRoute|2720.4|4218.5|189.2,HardBreakRoute_10,0.881
23,routes_training.xml,8141,HardBreakRoute,A_HardBreak,Town12|23|HardBreakRoute|2528.6|4607.5|99.4,HardBreakRoute_11,0.945
23,routes_training.xml,8141,ParkingCutIn,B_ParkingCutIn,Town12|23|ParkingCutIn|2407.9|4663.8|98.9,ParkingCutIn_1,0.96
24,routes_training.xml,8021,HardBreakRoute,A_HardBreak,Town12|24|HardBreakRoute|987.7|2295.7|180.0,HardBreakRoute_1,0.049
24,routes_training.xml,8021,HardBreakRoute,A_HardBreak,Town12|24|HardBreakRoute|470.9|3079.0|179.9,HardBreakRoute_2,0.167
24,routes_training.xml,8021,ParkingCutIn,B_ParkingCutIn,Town12|24|ParkingCutIn|-605.0|3597.8|90.0,ParkingCutIn_1,0.397
24,routes_training.xml,8021,PedestrianCrossing,D_PedestrianCrossing,Town12|24|PedestrianCrossing|-391.8|3773.0|89.6,PedestrianCrossing_1,0.47
24,routes_training.xml,8021,VehicleTurningRoute,C_VehicleTurning,Town12|24|VehicleTurningRoute|-466.2|3811.5|179.9,VehicleTurningRoute_1,0.472
24,routes_training.xml,8021,PedestrianCrossing,D_PedestrianCrossing,Town12|24|PedestrianCrossing|-500.0|3870.5|90.2,PedestrianCrossing_2,0.477
24,routes_training.xml,8021,HardBreakRoute,A_HardBreak,Town12|24|HardBreakRoute|-1530.2|3915.9|180.4,HardBreakRoute_3,0.606
24,routes_training.xml,8021,HardBreakRoute,A_HardBreak,Town12|24|HardBreakRoute|-1554.7|4074.2|0.2,HardBreakRoute_4,0.646
24,routes_training.xml,8021,HardBreakRoute,A_HardBreak,Town12|24|HardBreakRoute|-830.1|4248.9|89.9,HardBreakRoute_5,0.747
24,routes_training.xml,8021,HardBreakRoute,A_HardBreak,Town12|24|HardBreakRoute|-1486.7|4881.1|180.3,HardBreakRoute_6,0.871
24,routes_training.xml,8021,HardBreakRoute,A_HardBreak,Town12|24|HardBreakRoute|-2211.0|4880.1|180.3,HardBreakRoute_7,0.961
25,routes_training.xml,6546,HardBreakRoute,A_HardBreak,Town12|25|HardBreakRoute|122.0|-82.7|0.0,HardBreakRoute_1,0.157
25,routes_training.xml,6546,HardBreakRoute,A_HardBreak,Town12|25|HardBreakRoute|1500.0|-82.7|360.0,HardBreakRoute_2,0.367
25,routes_training.xml,6546,HardBreakRoute,A_HardBreak,Town12|25|HardBreakRoute|1721.8|-82.8|360.0,HardBreakRoute_3,0.401
25,routes_training.xml,6546,HardBreakRoute,A_HardBreak,Town12|25|HardBreakRoute|2377.0|-390.5|269.8,HardBreakRoute_4,0.535
25,routes_training.xml,6546,HardBreakRoute,A_HardBreak,Town12|25|HardBreakRoute|3056.5|-909.1|-0.2,HardBreakRoute_5,0.693
25,routes_training.xml,6546,HardBreakRoute,A_HardBreak,Town12|25|HardBreakRoute|2913.1|-94.2|180.0,HardBreakRoute_6,0.903
25,routes_training.xml,6546,HardBreakRoute,A_HardBreak,Town12|25|HardBreakRoute|2783.2|-375.4|270.0,HardBreakRoute_7,0.948
26,routes_training.xml,9557,HardBreakRoute,A_HardBreak,Town12|26|HardBreakRoute|949.2|3512.1|279.1,HardBreakRoute_1,0.027
26,routes_training.xml,9557,HardBreakRoute,A_HardBreak,Town12|26|HardBreakRoute|1427.9|3098.9|-0.1,HardBreakRoute_2,0.106
26,routes_training.xml,9557,HardBreakRoute,A_HardBreak,Town12|26|HardBreakRoute|2476.1|3110.1|0.5,HardBreakRoute_3,0.216
26,routes_training.xml,9557,HardBreakRoute,A_HardBreak,Town12|26|HardBreakRoute|3858.3|5489.8|100.1,HardBreakRoute_4,0.62
26,routes_training.xml,9557,HardBreakRoute,A_HardBreak,Town12|26|HardBreakRoute|2219.3|6116.9|-169.6,HardBreakRoute_5,0.85
27,routes_training.xml,8984,HardBreakRoute,A_HardBreak,Town12|27|HardBreakRoute|-1621.4|6471.4|-188.4,HardBreakRoute_1,0.114
27,routes_training.xml,8984,HardBreakRoute,A_HardBreak,Town12|27|HardBreakRoute|-2476.5|4110.1|-74.5,HardBreakRoute_2,0.446
27,routes_training.xml,8984,HardBreakRoute,A_HardBreak,Town12|27|HardBreakRoute|-1529.7|3132.5|-13.3,HardBreakRoute_3,0.733
27,routes_training.xml,8984,HardBreakRoute,A_HardBreak,Town12|27|HardBreakRoute|-1916.0|3284.7|146.5,HardBreakRoute_4,0.78
27,routes_training.xml,8984,HardBreakRoute,A_HardBreak,Town12|27|HardBreakRoute|-2746.8|4038.8|-139.3,HardBreakRoute_5,0.921
28,routes_training.xml,5947,HardBreakRoute,A_HardBreak,Town12|28|HardBreakRoute|-3069.1|4012.5|305.5,HardBreakRoute_1,0.28
28,routes_training.xml,5947,HardBreakRoute,A_HardBreak,Town12|28|HardBreakRoute|-2913.3|3333.9|121.3,HardBreakRoute_7,0.399
28,routes_training.xml,5947,HardBreakRoute,A_HardBreak,Town12|28|HardBreakRoute|-3055.7|3019.4|212.8,HardBreakRoute_2,0.459
28,routes_training.xml,5947,HardBreakRoute,A_HardBreak,Town12|28|HardBreakRoute|-3311.2|2076.8|259.9,HardBreakRoute_3,0.627
28,routes_training.xml,5947,VehicleTurningRoute,C_VehicleTurning,Town12|28|VehicleTurningRoute|-3359.8|1956.8|242.8,VehicleTurningRoute_1,0.639
28,routes_training.xml,5947,HardBreakRoute,A_HardBreak,Town12|28|HardBreakRoute|-2800.2|1848.8|37.0,HardBreakRoute_4,0.729
28,routes_training.xml,5947,HardBreakRoute,A_HardBreak,Town12|28|HardBreakRoute|-2538.2|2430.7|153.4,HardBreakRoute_5,0.815
28,routes_training.xml,5947,HardBreakRoute,A_HardBreak,Town12|28|HardBreakRoute|-2843.5|2988.1|111.5,HardBreakRoute_6,0.915
29,routes_training.xml,6244,HardBreakRoute,A_HardBreak,Town12|29|HardBreakRoute|-1626.7|1606.6|-179.5,HardBreakRoute_1,0.059
29,routes_training.xml,6244,HardBreakRoute,A_HardBreak,Town12|29|HardBreakRoute|-2863.3|783.3|251.5,HardBreakRoute_2,0.295
29,routes_training.xml,6244,HardBreakRoute,A_HardBreak,Town12|29|HardBreakRoute|-3306.1|664.2|177.7,HardBreakRoute_3,0.389
29,routes_training.xml,6244,HardBreakRoute,A_HardBreak,Town12|29|HardBreakRoute|-3777.5|737.7|-81.8,HardBreakRoute_4,0.56
29,routes_training.xml,6244,HardBreakRoute,A_HardBreak,Town12|29|HardBreakRoute|-3948.1|1734.3|194.4,HardBreakRoute_5,0.897
30,routes_training.xml,7084,HardBreakRoute,A_HardBreak,Town12|30|HardBreakRoute|225.5|6100.9|180.0,HardBreakRoute_1,0.177
30,routes_training.xml,7084,HardBreakRoute,A_HardBreak,Town12|30|HardBreakRoute|97.4|6100.9|180.0,HardBreakRoute_2,0.195
30,routes_training.xml,7084,VehicleTurningRoute,C_VehicleTurning,Town12|30|VehicleTurningRoute|-711.8|6163.6|113.0,VehicleTurningRoute_1,0.399
30,routes_training.xml,7084,HardBreakRoute,A_HardBreak,Town12|30|HardBreakRoute|-817.5|5860.5|269.9,HardBreakRoute_3,0.454
30,routes_training.xml,7084,HardBreakRoute,A_HardBreak,Town12|30|HardBreakRoute|-819.0|5027.2|269.9,HardBreakRoute_4,0.572
30,routes_training.xml,7084,VehicleTurningRoute,C_VehicleTurning,Town12|30|VehicleTurningRoute|-495.9|5033.4|89.7,VehicleTurningRoute_2,0.685
30,routes_training.xml,7084,HardBreakRoute,A_HardBreak,Town12|30|HardBreakRoute|-535.4|5234.1|0.9,HardBreakRoute_5,0.88
30,routes_training.xml,7084,HardBreakRoute,A_HardBreak,Town12|30|HardBreakRoute|-374.1|5188.6|-47.7,HardBreakRoute_6,0.904
30,routes_training.xml,7084,HardBreakRoute,A_HardBreak,Town12|30|HardBreakRoute|-168.0|5395.3|66.3,HardBreakRoute_7,0.956
31,routes_training.xml,5891,ParkingCutIn,B_ParkingCutIn,Town12|31|ParkingCutIn|-710.9|3587.4|-90.0,ParkingCutIn_1,0.008
31,routes_training.xml,5891,HardBreakRoute,A_HardBreak,Town12|31|HardBreakRoute|-764.2|3490.1|179.9,HardBreakRoute_1,0.026
31,routes_training.xml,5891,VehicleTurningRoute,C_VehicleTurning,Town12|31|VehicleTurningRoute|-1158.2|3796.6|180.3,VehicleTurningRoute_1,0.125
31,routes_training.xml,5891,HardBreakRoute,A_HardBreak,Town12|31|HardBreakRoute|-1215.9|3591.3|91.5,HardBreakRoute_2,0.277
31,routes_training.xml,5891,VehicleTurningRoute,C_VehicleTurning,Town12|31|VehicleTurningRoute|-1156.6|3673.1|16.6,VehicleTurningRoute_2,0.294
31,routes_training.xml,5891,HardBreakRoute,A_HardBreak,Town12|31|HardBreakRoute|-1527.0|3567.2|277.0,HardBreakRoute_3,0.49
31,routes_training.xml,5891,PedestrianCrossing,D_PedestrianCrossing,Town12|31|PedestrianCrossing|-1553.4|3309.4|270.1,PedestrianCrossing_1,0.532
31,routes_training.xml,5891,PedestrianCrossing,D_PedestrianCrossing,Town12|31|PedestrianCrossing|-1320.1|3691.8|-12.7,PedestrianCrossing_2,0.628
31,routes_training.xml,5891,HardBreakRoute,A_HardBreak,Town12|31|HardBreakRoute|-1671.8|4950.6|89.8,HardBreakRoute_4,0.92
31,routes_training.xml,5891,HardBreakRoute,A_HardBreak,Town12|31|HardBreakRoute|-1667.7|5154.7|89.8,HardBreakRoute_5,0.955
31,routes_training.xml,5891,VehicleTurningRoute,C_VehicleTurning,Town12|31|VehicleTurningRoute|-1667.1|5294.5|89.8,VehicleTurningRoute_3,0.972
32,routes_training.xml,5121,ParkingCutIn,B_ParkingCutIn,Town12|32|ParkingCutIn|-174.5|4391.1|269.9,ParkingCutIn_1,0.015
32,routes_training.xml,5121,ParkingCutIn,B_ParkingCutIn,Town12|32|ParkingCutIn|-284.4|4056.2|-90.3,ParkingCutIn_2,0.091
32,routes_training.xml,5121,ParkingCutIn,B_ParkingCutIn,Town12|32|ParkingCutIn|-177.4|3996.6|89.7,ParkingCutIn_3,0.119
32,routes_training.xml,5121,PedestrianCrossing,D_PedestrianCrossing,Town12|32|PedestrianCrossing|-177.2|4041.6|89.7,PedestrianCrossing_1,0.125
32,routes_training.xml,5121,PedestrianCrossing,D_PedestrianCrossing,Town12|32|PedestrianCrossing|-390.3|4151.4|90.0,PedestrianCrossing_2,0.174
32,routes_training.xml,5121,HardBreakRoute,A_HardBreak,Town12|32|HardBreakRoute|-412.8|4192.2|179.9,HardBreakRoute_1,0.184
32,routes_training.xml,5121,ParkingCutIn,B_ParkingCutIn,Town12|32|ParkingCutIn|-390.3|4017.5|90.0,ParkingCutIn_4,0.249
32,routes_training.xml,5121,ParkingCutIn,B_ParkingCutIn,Town12|32|ParkingCutIn|-604.9|4001.7|90.1,ParkingCutIn_5,0.426
32,routes_training.xml,5121,HardBreakRoute,A_HardBreak,Town12|32|HardBreakRoute|-643.7|4347.6|136.6,HardBreakRoute_2,0.491
32,routes_training.xml,5121,HardBreakRoute,A_HardBreak,Town12|32|HardBreakRoute|-299.1|4302.6|-0.3,HardBreakRoute_3,0.533
32,routes_training.xml,5121,HardBreakRoute,A_HardBreak,Town12|32|HardBreakRoute|251.5|4250.2|-90.1,HardBreakRoute_4,0.643
32,routes_training.xml,5121,ParkingCutIn,B_ParkingCutIn,Town12|32|ParkingCutIn|249.3|4060.8|-90.2,ParkingCutIn_6,0.68
32,routes_training.xml,5121,VehicleTurningRoute,C_VehicleTurning,Town12|32|VehicleTurningRoute|248.9|3833.3|270.0,VehicleTurningRoute_1,0.72
32,routes_training.xml,5121,HardBreakRoute,A_HardBreak,Town12|32|HardBreakRoute|130.0|3810.0|179.9,HardBreakRoute_5,0.744
32,routes_training.xml,5121,ParkingCutIn,B_ParkingCutIn,Town12|32|ParkingCutIn|-70.2|3638.7|-90.1,ParkingCutIn_7,0.805
32,routes_training.xml,5121,PedestrianCrossing,D_PedestrianCrossing,Town12|32|PedestrianCrossing|-70.3|3529.4|-90.1,PedestrianCrossing_3,0.825
32,routes_training.xml,5121,ParkingCutIn,B_ParkingCutIn,Town12|32|ParkingCutIn|-284.1|3594.9|-90.4,ParkingCutIn_8,0.908
32,routes_training.xml,5121,PedestrianCrossing,D_PedestrianCrossing,Town12|32|PedestrianCrossing|-284.5|3534.6|-90.4,PedestrianCrossing_4,0.919
32,routes_training.xml,5121,ParkingCutIn,B_ParkingCutIn,Town12|32|ParkingCutIn|-393.0|3589.7|89.6,ParkingCutIn_9,0.956
33,routes_training.xml,6091,ParkingCutIn,B_ParkingCutIn,Town12|33|ParkingCutIn|1097.9|4031.6|279.0,ParkingCutIn_1,0.018
33,routes_training.xml,6091,HardBreakRoute,A_HardBreak,Town12|33|HardBreakRoute|739.6|3701.3|179.9,HardBreakRoute_1,0.122
33,routes_training.xml,6091,HardBreakRoute,A_HardBreak,Town12|33|HardBreakRoute|624.3|3808.8|179.9,HardBreakRoute_2,0.148
33,routes_training.xml,6091,VehicleTurningRoute,C_VehicleTurning,Town12|33|VehicleTurningRoute|592.0|3808.9|179.9,VehicleTurningRoute_1,0.15
33,routes_training.xml,6091,ParkingCutIn,B_ParkingCutIn,Town12|33|ParkingCutIn|568.9|3678.3|-90.1,ParkingCutIn_2,0.172
33,routes_training.xml,6091,HardBreakRoute,A_HardBreak,Town12|33|HardBreakRoute|619.7|3491.5|-0.1,HardBreakRoute_3,0.2
33,routes_training.xml,6091,PedestrianCrossing,D_PedestrianCrossing,Town12|33|PedestrianCrossing|713.4|3701.4|179.9,PedestrianCrossing_1,0.227
33,routes_training.xml,6091,ParkingCutIn,B_ParkingCutIn,Town12|33|ParkingCutIn|675.4|3619.9|89.6,ParkingCutIn_4,0.293
33,routes_training.xml,6091,ParkingCutIn,B_ParkingCutIn,Town12|33|ParkingCutIn|568.7|3578.4|-90.1,ParkingCutIn_3,0.311
33,routes_training.xml,6091,HardBreakRoute,A_HardBreak,Town12|33|HardBreakRoute|414.8|3595.1|179.9,HardBreakRoute_4,0.335
33,routes_training.xml,6091,ParkingCutIn,B_ParkingCutIn,Town12|33|ParkingCutIn|355.9|3553.5|-90.0,ParkingCutIn_5,0.347
33,routes_training.xml,6091,HardBreakRoute,A_HardBreak,Town12|33|HardBreakRoute|204.2|3489.2|179.9,HardBreakRoute_5,0.373
33,routes_training.xml,6091,ParkingCutIn,B_ParkingCutIn,Town12|33|ParkingCutIn|33.9|3521.9|89.6,ParkingCutIn_6,0.402
33,routes_training.xml,6091,ParkingCutIn,B_ParkingCutIn,Town12|33|ParkingCutIn|34.6|3626.4|89.6,ParkingCutIn_7,0.418
33,routes_training.xml,6091,HardBreakRoute,A_HardBreak,Town12|33|HardBreakRoute|196.2|3812.6|-0.1,HardBreakRoute_6,0.469
33,routes_training.xml,6091,ParkingCutIn,B_ParkingCutIn,Town12|33|ParkingCutIn|355.9|3682.2|-90.0,ParkingCutIn_9,0.508
33,routes_training.xml,6091,HardBreakRoute,A_HardBreak,Town12|33|HardBreakRoute|246.0|3643.4|90.0,HardBreakRoute_7,0.533
33,routes_training.xml,6091,ParkingCutIn,B_ParkingCutIn,Town12|33|ParkingCutIn|356.0|3786.5|-90.0,ParkingCutIn_8,0.56
33,routes_training.xml,6091,HardBreakRoute,A_HardBreak,Town12|33|HardBreakRoute|382.4|3914.9|179.7,HardBreakRoute_8,0.597
33,routes_training.xml,6091,ParkingCutIn,B_ParkingCutIn,Town12|33|ParkingCutIn|355.7|4115.9|89.8,ParkingCutIn_12,0.648
33,routes_training.xml,6091,PedestrianCrossing,D_PedestrianCrossing,Town12|33|PedestrianCrossing|293.5|4190.6|179.9,PedestrianCrossing_2,0.66
33,routes_training.xml,6091,HardBreakRoute,A_HardBreak,Town12|33|HardBreakRoute|687.0|4620.3|-0.1,HardBreakRoute_9,0.774
33,routes_training.xml,6091,HardBreakRoute,A_HardBreak,Town12|33|HardBreakRoute|798.3|4449.7|279.1,HardBreakRoute_10,0.81
33,routes_training.xml,6091,ParkingCutIn,B_ParkingCutIn,Town12|33|ParkingCutIn|569.7|4022.6|89.9,ParkingCutIn_10,0.921
33,routes_training.xml,6091,VehicleTurningRoute,C_VehicleTurning,Town12|33|VehicleTurningRoute|570.1|4167.2|89.9,VehicleTurningRoute_2,0.944
33,routes_training.xml,6091,ParkingCutIn,B_ParkingCutIn,Town12|33|ParkingCutIn|463.0|4166.4|-90.0,ParkingCutIn_11,0.96
34,routes_training.xml,6479,HardBreakRoute,A_HardBreak,Town12|34|HardBreakRoute|1662.8|2181.2|-0.2,HardBreakRoute_1,0.049
34,routes_training.xml,6479,HardBreakRoute,A_HardBreak,Town12|34|HardBreakRoute|1780.8|2003.1|89.8,HardBreakRoute_3,0.141
34,routes_training.xml,6479,HardBreakRoute,A_HardBreak,Town12|34|HardBreakRoute|1887.7|1718.3|180.0,HardBreakRoute_2,0.203
34,routes_training.xml,6479,VehicleTurningRoute,C_VehicleTurning,Town12|34|VehicleTurningRoute|1661.4|1718.3|180.0,VehicleTurningRoute_1,0.481
34,routes_training.xml,6479,HardBreakRoute,A_HardBreak,Town12|34|HardBreakRoute|1676.2|1720.8|-0.0,HardBreakRoute_4,0.483
34,routes_training.xml,6479,HardBreakRoute,A_HardBreak,Town12|34|HardBreakRoute|2183.7|2003.5|89.8,HardBreakRoute_5,0.57
34,routes_training.xml,6479,VehicleTurningRoute,C_VehicleTurning,Town12|34|VehicleTurningRoute|2020.3|2294.9|180.0,VehicleTurningRoute_2,0.631
34,routes_training.xml,6479,HardBreakRoute,A_HardBreak,Town12|34|HardBreakRoute|2247.6|2064.2|-0.2,HardBreakRoute_6,0.686
34,routes_training.xml,6479,HardBreakRoute,A_HardBreak,Town12|34|HardBreakRoute|2185.3|2464.3|90.1,HardBreakRoute_8,0.873
34,routes_training.xml,6479,HardBreakRoute,A_HardBreak,Town12|34|HardBreakRoute|2008.6|2641.8|179.8,HardBreakRoute_7,0.904
35,routes_training.xml,6557,VehicleTurningRoute,C_VehicleTurning,Town12|35|VehicleTurningRoute|3710.8|2467.8|90.0,VehicleTurningRoute_1,0.089
35,routes_training.xml,6557,HardBreakRoute,A_HardBreak,Town12|35|HardBreakRoute|3123.7|2582.5|90.0,HardBreakRoute_1,0.198
35,routes_training.xml,6557,VehicleTurningRoute,C_VehicleTurning,Town12|35|VehicleTurningRoute|3481.9|2452.5|269.7,VehicleTurningRoute_2,0.278
35,routes_training.xml,6557,HardBreakRoute,A_HardBreak,Town12|35|HardBreakRoute|2838.9|2407.9|179.8,HardBreakRoute_2,0.377
35,routes_training.xml,6557,HardBreakRoute,A_HardBreak,Town12|35|HardBreakRoute|2772.6|2335.4|89.8,HardBreakRoute_3,0.426
35,routes_training.xml,6557,HardBreakRoute,A_HardBreak,Town12|35|HardBreakRoute|2889.7|1900.9|269.6,HardBreakRoute_4,0.666
35,routes_training.xml,6557,VehicleTurningRoute,C_VehicleTurning,Town12|35|VehicleTurningRoute|2888.6|1725.6|269.6,VehicleTurningRoute_3,0.692
35,routes_training.xml,6557,VehicleTurningRoute,C_VehicleTurning,Town12|35|VehicleTurningRoute|2771.1|1797.4|89.8,VehicleTurningRoute_4,0.723
35,routes_training.xml,6557,HardBreakRoute,A_HardBreak,Town12|35|HardBreakRoute|2720.7|1596.6|179.9,HardBreakRoute_5,0.815
35,routes_training.xml,6557,HardBreakRoute,A_HardBreak,Town12|35|HardBreakRoute|2386.2|1761.6|90.1,HardBreakRoute_6,0.92
35,routes_training.xml,6557,VehicleTurningRoute,C_VehicleTurning,Town12|35|VehicleTurningRoute|2385.8|2025.4|90.1,VehicleTurningRoute_5,0.956
35,routes_training.xml,6557,HardBreakRoute,A_HardBreak,Town12|35|HardBreakRoute|2342.9|2061.4|179.8,HardBreakRoute_7,0.964
36,routes_training.xml,8786,HardBreakRoute,A_HardBreak,Town12|36|HardBreakRoute|3485.8|-196.7|269.5,HardBreakRoute_1,0.312
36,routes_training.xml,8786,VehicleTurningRoute,C_VehicleTurning,Town12|36|VehicleTurningRoute|3485.8|-220.0|269.5,VehicleTurningRoute_1,0.314
36,routes_training.xml,8786,HardBreakRoute,A_HardBreak,Town12|36|HardBreakRoute|2783.4|-524.2|270.0,HardBreakRoute_2,0.406
36,routes_training.xml,8786,HardBreakRoute,A_HardBreak,Town12|36|HardBreakRoute|2372.9|-601.7|89.8,HardBreakRoute_3,0.498
36,routes_training.xml,8786,HardBreakRoute,A_HardBreak,Town12|36|HardBreakRoute|3099.0|-90.7|360.0,HardBreakRoute_4,0.629
36,routes_training.xml,8786,HardBreakRoute,A_HardBreak,Town12|36|HardBreakRoute|3743.4|-652.5|-90.4,HardBreakRoute_5,0.754
36,routes_training.xml,8786,HardBreakRoute,A_HardBreak,Town12|36|HardBreakRoute|3376.3|-1731.2|-171.8,HardBreakRoute_6,0.889
36,routes_training.xml,8786,HardBreakRoute,A_HardBreak,Town12|36|HardBreakRoute|2679.6|-1695.3|171.7,HardBreakRoute_7,0.963
37,routes_training.xml,9232,HardBreakRoute,A_HardBreak,Town12|37|HardBreakRoute|1408.5|-1713.1|180.0,HardBreakRoute_1,0.147
37,routes_training.xml,9232,HardBreakRoute,A_HardBreak,Town12|37|HardBreakRoute|300.1|-1711.8|178.6,HardBreakRoute_2,0.267
37,routes_training.xml,9232,HardBreakRoute,A_HardBreak,Town12|37|HardBreakRoute|-780.3|-917.1|94.3,HardBreakRoute_3,0.425
37,routes_training.xml,9232,HardBreakRoute,A_HardBreak,Town12|37|HardBreakRoute|-731.7|-83.1|0.0,HardBreakRoute_4,0.515
37,routes_training.xml,9232,HardBreakRoute,A_HardBreak,Town12|37|HardBreakRoute|779.9|1996.2|90.1,HardBreakRoute_5,0.886
37,routes_training.xml,9232,VehicleTurningRoute,C_VehicleTurning,Town12|37|VehicleTurningRoute|1754.7|2298.6|360.0,VehicleTurningRoute_1,0.996
38,routes_training.xml,7888,HardBreakRoute,A_HardBreak,Town12|38|HardBreakRoute|-3525.0|577.9|236.7,HardBreakRoute_1,0.04
38,routes_training.xml,7888,HardBreakRoute,A_HardBreak,Town12|38|HardBreakRoute|-3606.8|307.6|269.6,HardBreakRoute_2,0.073
38,routes_training.xml,7888,HardBreakRoute,A_HardBreak,Town12|38|HardBreakRoute|-3505.6|-205.8|263.8,HardBreakRoute_3,0.125
38,routes_training.xml,7888,HardBreakRoute,A_HardBreak,Town12|38|HardBreakRoute|-4525.7|-31.5|151.7,HardBreakRoute_4,0.229
38,routes_training.xml,7888,HardBreakRoute,A_HardBreak,Town12|38|HardBreakRoute|-5220.5|628.5|98.8,HardBreakRoute_5,0.33
38,routes_training.xml,7888,HardBreakRoute,A_HardBreak,Town12|38|HardBreakRoute|-2650.5|1611.0|358.5,HardBreakRoute_6,0.672
38,routes_training.xml,7888,HardBreakRoute,A_HardBreak,Town12|38|HardBreakRoute|-1609.6|1610.2|0.5,HardBreakRoute_7,0.802
39,routes_training.xml,6346,ParkingCutIn,B_ParkingCutIn,Town12|39|ParkingCutIn|1519.7|3929.8|99.0,ParkingCutIn_1,0.159
39,routes_training.xml,6346,HardBreakRoute,A_HardBreak,Town12|39|HardBreakRoute|1574.8|4039.5|9.2,HardBreakRoute_1,0.176
39,routes_training.xml,6346,ParkingCutIn,B_ParkingCutIn,Town12|39|ParkingCutIn|1046.5|4333.2|99.5,ParkingCutIn_2,0.472
39,routes_training.xml,6346,HardBreakRoute,A_HardBreak,Town12|39|HardBreakRoute|1326.9|4466.6|9.3,HardBreakRoute_2,0.525
39,routes_training.xml,6346,PedestrianCrossing,D_PedestrianCrossing,Town12|39|PedestrianCrossing|1576.3|4507.5|9.3,PedestrianCrossing_1,0.564
39,routes_training.xml,6346,HardBreakRoute,A_HardBreak,Town12|39|HardBreakRoute|1490.7|4989.0|179.9,HardBreakRoute_3,0.642
39,routes_training.xml,6346,PedestrianCrossing,D_PedestrianCrossing,Town12|39|PedestrianCrossing|1362.0|5241.9|89.8,PedestrianCrossing_2,0.687
39,routes_training.xml,6346,PedestrianCrossing,D_PedestrianCrossing,Town12|39|PedestrianCrossing|1173.6|5531.2|89.9,PedestrianCrossing_3,0.741
39,routes_training.xml,6346,HardBreakRoute,A_HardBreak,Town12|39|HardBreakRoute|986.8|5240.9|270.1,HardBreakRoute_4,0.812
39,routes_training.xml,6346,HardBreakRoute,A_HardBreak,Town12|39|HardBreakRoute|793.3|4927.8|269.6,HardBreakRoute_5,0.871
39,routes_training.xml,6346,HardBreakRoute,A_HardBreak,Town12|39|HardBreakRoute|392.8|4723.7|180.0,HardBreakRoute_6,0.976
40,routes_training.xml,6273,PedestrianCrossing,D_PedestrianCrossing,Town12|40|PedestrianCrossing|3033.4|4742.3|189.2,PedestrianCrossing_1,0.07
40,routes_training.xml,6273,ParkingCutIn,B_ParkingCutIn,Town12|40|ParkingCutIn|2797.7|4427.1|279.4,ParkingCutIn_1,0.143
40,routes_training.xml,6273,PedestrianCrossing,D_PedestrianCrossing,Town12|40|PedestrianCrossing|3291.8|4259.9|98.9,PedestrianCrossing_2,0.238
40,routes_training.xml,6273,HardBreakRoute,A_HardBreak,Town12|40|HardBreakRoute|3186.3|4293.8|189.2,HardBreakRoute_1,0.238
40,routes_training.xml,6273,ParkingCutIn,B_ParkingCutIn,Town12|40|ParkingCutIn|3040.0|4356.2|98.9,ParkingCutIn_2,0.262
40,routes_training.xml,6273,VehicleTurningRoute,C_VehicleTurning,Town12|40|VehicleTurningRoute|3021.4|4475.4|98.9,VehicleTurningRoute_1,0.278
40,routes_training.xml,6273,HardBreakRoute,A_HardBreak,Town12|40|HardBreakRoute|3061.5|4513.8|9.2,HardBreakRoute_2,0.286
40,routes_training.xml,6273,PedestrianCrossing,D_PedestrianCrossing,Town12|40|PedestrianCrossing|3715.1|4268.7|9.0,PedestrianCrossing_3,0.409
40,routes_training.xml,6273,HardBreakRoute,A_HardBreak,Town12|40|HardBreakRoute|3715.5|4538.1|98.9,HardBreakRoute_3,0.449
40,routes_training.xml,6273,VehicleTurningRoute,C_VehicleTurning,Town12|40|VehicleTurningRoute|3708.0|4586.1|98.9,VehicleTurningRoute_2,0.454
40,routes_training.xml,6273,ParkingCutIn,B_ParkingCutIn,Town12|40|ParkingCutIn|3455.5|4719.2|99.6,ParkingCutIn_3,0.499
40,routes_training.xml,6273,ParkingCutIn,B_ParkingCutIn,Town12|40|ParkingCutIn|3396.5|5065.1|99.8,ParkingCutIn_4,0.554
40,routes_training.xml,6273,PedestrianCrossing,D_PedestrianCrossing,Town12|40|PedestrianCrossing|3368.9|5225.0|99.5,PedestrianCrossing_4,0.58
40,routes_training.xml,6273,HardBreakRoute,A_HardBreak,Town12|40|HardBreakRoute|3263.1|5247.5|189.1,HardBreakRoute_4,0.597
40,routes_training.xml,6273,HardBreakRoute,A_HardBreak,Town12|40|HardBreakRoute|3009.0|5442.5|189.0,HardBreakRoute_5,0.655
40,routes_training.xml,6273,HardBreakRoute,A_HardBreak,Town12|40|HardBreakRoute|2409.7|5477.4|269.7,HardBreakRoute_6,0.766
40,routes_training.xml,6273,HardBreakRoute,A_HardBreak,Town12|40|HardBreakRoute|2408.9|5295.5|269.7,HardBreakRoute_7,0.795
40,routes_training.xml,6273,PedestrianCrossing,D_PedestrianCrossing,Town12|40|PedestrianCrossing|2931.5|4728.9|9.2,PedestrianCrossing_5,0.955
40,routes_training.xml,6273,ParkingCutIn,B_ParkingCutIn,Town12|40|ParkingCutIn|2973.9|4766.8|99.6,ParkingCutIn_5,0.963
41,routes_training.xml,8345,HardBreakRoute,A_HardBreak,Town12|41|HardBreakRoute|-313.1|3978.8|179.9,HardBreakRoute_1,0.008
41,routes_training.xml,8345,HardBreakRoute,A_HardBreak,Town12|41|HardBreakRoute|863.6|3982.4|99.1,HardBreakRoute_2,0.193
41,routes_training.xml,8345,HardBreakRoute,A_HardBreak,Town12|41|HardBreakRoute|546.0|4287.9|179.7,HardBreakRoute_3,0.256
41,routes_training.xml,8345,HardBreakRoute,A_HardBreak,Town12|41|HardBreakRoute|-1266.0|4882.4|180.3,HardBreakRoute_4,0.5
41,routes_training.xml,8345,HardBreakRoute,A_HardBreak,Town12|41|HardBreakRoute|-1459.7|4881.3|180.3,HardBreakRoute_5,0.522
41,routes_training.xml,8345,HardBreakRoute,A_HardBreak,Town12|41|HardBreakRoute|-1668.8|5663.3|89.8,HardBreakRoute_6,0.632
41,routes_training.xml,8345,HardBreakRoute,A_HardBreak,Town12|41|HardBreakRoute|-894.6|5629.7|-23.4,HardBreakRoute_7,0.739
41,routes_training.xml,8345,HardBreakRoute,A_HardBreak,Town12|41|HardBreakRoute|-820.1|4414.6|269.9,HardBreakRoute_8,0.889
42,routes_training.xml,7895,HardBreakRoute,A_HardBreak,Town12|42|HardBreakRoute|687.0|4733.3|-0.0,HardBreakRoute_1,0.055
42,routes_training.xml,7895,HardBreakRoute,A_HardBreak,Town12|42|HardBreakRoute|783.2|4871.5|89.6,HardBreakRoute_2,0.076
42,routes_training.xml,7895,ParkingCutIn,B_ParkingCutIn,Town12|42|ParkingCutIn|1176.3|5141.5|269.9,ParkingCutIn_1,0.239
42,routes_training.xml,7895,HardBreakRoute,A_HardBreak,Town12|42|HardBreakRoute|1253.7|4999.4|-0.1,HardBreakRoute_3,0.26
42,routes_training.xml,7895,HardBreakRoute,A_HardBreak,Town12|42|HardBreakRoute|1598.2|4998.5|-0.1,HardBreakRoute_4,0.302
42,routes_training.xml,7895,PedestrianCrossing,D_PedestrianCrossing,Town12|42|PedestrianCrossing|1749.0|5170.5|89.6,PedestrianCrossing_1,0.33
42,routes_training.xml,7895,HardBreakRoute,A_HardBreak,Town12|42|HardBreakRoute|1659.2|5584.9|-0.0,HardBreakRoute_5,0.44
42,routes_training.xml,7895,HardBreakRoute,A_HardBreak,Town12|42|HardBreakRoute|2048.6|6058.0|-162.9,HardBreakRoute_6,0.62
42,routes_training.xml,7895,HardBreakRoute,A_HardBreak,Town12|42|HardBreakRoute|409.5|6103.8|144.8,HardBreakRoute_7,0.83
42,routes_training.xml,7895,HardBreakRoute,A_HardBreak,Town12|42|HardBreakRoute|-248.9|6339.8|179.7,HardBreakRoute_8,0.92
42,routes_training.xml,7895,HardBreakRoute,A_HardBreak,Town12|42|HardBreakRoute|-565.7|6341.5|179.7,HardBreakRoute_9,0.96
43,routes_training.xml,6412,ParkingCutIn,B_ParkingCutIn,Town12|43|ParkingCutIn|3254.9|4507.8|279.2,ParkingCutIn_1,0.034
43,routes_training.xml,6412,PedestrianCrossing,D_PedestrianCrossing,Town12|43|PedestrianCrossing|3274.1|4389.6|279.2,PedestrianCrossing_1,0.049
43,routes_training.xml,6412,VehicleTurningRoute,C_VehicleTurning,Town12|43|VehicleTurningRoute|3469.9|4349.6|9.2,VehicleTurningRoute_1,0.077
43,routes_training.xml,6412,HardBreakRoute,A_HardBreak,Town12|43|HardBreakRoute|3640.8|4607.5|9.2,HardBreakRoute_1,0.126
43,routes_training.xml,6412,HardBreakRoute,A_HardBreak,Town12|43|HardBreakRoute|3502.3|5052.4|189.2,HardBreakRoute_2,0.216
43,routes_training.xml,6412,PedestrianCrossing,D_PedestrianCrossing,Town12|43|PedestrianCrossing|3464.6|5046.3|189.2,PedestrianCrossing_2,0.222
43,routes_training.xml,6412,PedestrianCrossing,D_PedestrianCrossing,Town12|43|PedestrianCrossing|3139.5|5183.5|99.2,PedestrianCrossing_3,0.283
43,routes_training.xml,6412,HardBreakRoute,A_HardBreak,Town12|43|HardBreakRoute|3054.9|5214.2|189.1,HardBreakRoute_3,0.297
43,routes_training.xml,6412,HardBreakRoute,A_HardBreak,Town12|43|HardBreakRoute|2879.0|5356.1|99.1,HardBreakRoute_4,0.333
43,routes_training.xml,6412,VehicleTurningRoute,C_VehicleTurning,Town12|43|VehicleTurningRoute|2876.9|5369.0|99.1,VehicleTurningRoute_2,0.335
43,routes_training.xml,6412,HardBreakRoute,A_HardBreak,Town12|43|HardBreakRoute|3259.5|5367.3|9.0,HardBreakRoute_5,0.397
43,routes_training.xml,6412,PedestrianCrossing,D_PedestrianCrossing,Town12|43|PedestrianCrossing|2595.2|4671.5|189.2,PedestrianCrossing_4,0.59
43,routes_training.xml,6412,HardBreakRoute,A_HardBreak,Town12|43|HardBreakRoute|2857.6|4480.9|9.2,HardBreakRoute_6,0.878
43,routes_training.xml,6412,VehicleTurningRoute,C_VehicleTurning,Town12|43|VehicleTurningRoute|2978.8|4500.5|9.2,VehicleTurningRoute_3,0.897
43,routes_training.xml,6412,ParkingCutIn,B_ParkingCutIn,Town12|43|ParkingCutIn|3011.3|4539.8|98.9,ParkingCutIn_2,0.904
43,routes_training.xml,6412,HardBreakRoute,A_HardBreak,Town12|43|HardBreakRoute|3092.5|4638.4|9.2,HardBreakRoute_7,0.922
43,routes_training.xml,6412,ParkingCutIn,B_ParkingCutIn,Town12|43|ParkingCutIn|3447.2|4786.4|279.6,ParkingCutIn_3,0.979
44,routes_training.xml,5669,HardBreakRoute,A_HardBreak,Town12|44|HardBreakRoute|2398.3|4288.2|9.7,HardBreakRoute_1,0.063
44,routes_training.xml,5669,VehicleTurningRoute,C_VehicleTurning,Town12|44|VehicleTurningRoute|2072.2|3998.2|189.2,VehicleTurningRoute_1,0.163
44,routes_training.xml,5669,PedestrianCrossing,D_PedestrianCrossing,Town12|44|PedestrianCrossing|2010.8|4047.9|99.2,PedestrianCrossing_1,0.173
44,routes_training.xml,5669,HardBreakRoute,A_HardBreak,Town12|44|HardBreakRoute|1892.8|4084.5|189.2,HardBreakRoute_2,0.194
44,routes_training.xml,5669,PedestrianCrossing,D_PedestrianCrossing,Town12|44|PedestrianCrossing|1098.9|4025.1|279.0,PedestrianCrossing_2,0.342
44,routes_training.xml,5669,VehicleTurningRoute,C_VehicleTurning,Town12|44|VehicleTurningRoute|1265.5|3989.4|9.2,VehicleTurningRoute_2,0.371
44,routes_training.xml,5669,PedestrianCrossing,D_PedestrianCrossing,Town12|44|PedestrianCrossing|983.3|3821.3|189.2,PedestrianCrossing_3,0.445
44,routes_training.xml,5669,VehicleTurningRoute,C_VehicleTurning,Town12|44|VehicleTurningRoute|617.6|4082.9|179.9,VehicleTurningRoute_3,0.525
44,routes_training.xml,5669,HardBreakRoute,A_HardBreak,Town12|44|HardBreakRoute|526.3|4190.1|179.9,HardBreakRoute_3,0.55
44,routes_training.xml,5669,PedestrianCrossing,D_PedestrianCrossing,Town12|44|PedestrianCrossing|461.5|4225.6|89.7,PedestrianCrossing_4,0.562
44,routes_training.xml,5669,HardBreakRoute,A_HardBreak,Town12|44|HardBreakRoute|462.8|4441.5|89.7,HardBreakRoute_4,0.595
44,routes_training.xml,5669,HardBreakRoute,A_HardBreak,Town12|44|HardBreakRoute|782.5|4778.7|89.6,HardBreakRoute_5,0.676
44,routes_training.xml,5669,HardBreakRoute,A_HardBreak,Town12|44|HardBreakRoute|632.3|5030.1|162.5,HardBreakRoute_6,0.727
44,routes_training.xml,5669,VehicleTurningRoute,C_VehicleTurning,Town12|44|VehicleTurningRoute|282.8|5403.1|159.7,VehicleTurningRoute_4,0.814
44,routes_training.xml,5669,HardBreakRoute,A_HardBreak,Town12|44|HardBreakRoute|-193.7|5024.2|156.8,HardBreakRoute_7,0.892
44,routes_training.xml,5669,VehicleTurningRoute,C_VehicleTurning,Town12|44|VehicleTurningRoute|94.0|5204.8|-23.3,VehicleTurningRoute_5,0.974
45,routes_training.xml,10006,HardBreakRoute,A_HardBreak,Town12|45|HardBreakRoute|3767.0|6031.7|108.5,HardBreakRoute_1,0.168
45,routes_training.xml,10006,HardBreakRoute,A_HardBreak,Town12|45|HardBreakRoute|1401.8|6067.1|179.7,HardBreakRoute_2,0.417
45,routes_training.xml,10006,HardBreakRoute,A_HardBreak,Town12|45|HardBreakRoute|-226.3|6494.4|177.9,HardBreakRoute_3,0.589
45,routes_training.xml,10006,HardBreakRoute,A_HardBreak,Town12|45|HardBreakRoute|-2544.7|5731.7|-86.6,HardBreakRoute_4,0.866
46,routes_training.xml,7127,HardBreakRoute,A_HardBreak,Town12|46|HardBreakRoute|-2517.1|5561.9|-80.9,HardBreakRoute_1,0.217
46,routes_training.xml,7127,HardBreakRoute,A_HardBreak,Town12|46|HardBreakRoute|-2513.7|4446.4|-91.2,HardBreakRoute_2,0.374
46,routes_training.xml,7127,HardBreakRoute,A_HardBreak,Town12|46|HardBreakRoute|-1831.9|3252.9|-29.3,HardBreakRoute_3,0.574
46,routes_training.xml,7127,HardBreakRoute,A_HardBreak,Town12|46|HardBreakRoute|-1558.5|3143.3|-14.8,HardBreakRoute_4,0.615
46,routes_training.xml,7127,HardBreakRoute,A_HardBreak,Town12|46|HardBreakRoute|-17.3|3100.5|-0.1,HardBreakRoute_5,0.832
47,routes_training.xml,9292,HardBreakRoute,A_HardBreak,Town12|47|HardBreakRoute|4009.9|4595.1|98.8,HardBreakRoute_1,0.37
47,routes_training.xml,9292,HardBreakRoute,A_HardBreak,Town12|47|HardBreakRoute|1932.8|6075.7|-174.3,HardBreakRoute_2,0.711
47,routes_training.xml,9292,VehicleTurningRoute,C_VehicleTurning,Town12|47|VehicleTurningRoute|-602.9|6338.2|179.7,VehicleTurningRoute_1,0.989
48,routes_training.xml,7954,HardBreakRoute,A_HardBreak,Town12|48|HardBreakRoute|-2502.4|5345.4|-90.0,HardBreakRoute_1,0.234
48,routes_training.xml,7954,HardBreakRoute,A_HardBreak,Town12|48|HardBreakRoute|-2220.1|4883.3|0.3,HardBreakRoute_2,0.316
48,routes_training.xml,7954,HardBreakRoute,A_HardBreak,Town12|48|HardBreakRoute|-2061.5|3422.1|-43.2,HardBreakRoute_3,0.572
48,routes_training.xml,7954,HardBreakRoute,A_HardBreak,Town12|48|HardBreakRoute|-100.1|3104.2|-0.1,HardBreakRoute_4,0.825
49,routes_training.xml,8943,HardBreakRoute,A_HardBreak,Town12|49|HardBreakRoute|2035.6|3077.8|180.8,HardBreakRoute_1,0.091
49,routes_training.xml,8943,HardBreakRoute,A_HardBreak,Town12|49|HardBreakRoute|1271.3|3081.6|179.9,HardBreakRoute_2,0.177
49,routes_training.xml,8943,HardBreakRoute,A_HardBreak,Town12|49|HardBreakRoute|-207.4|3100.8|-0.1,HardBreakRoute_3,0.509
49,routes_training.xml,8943,HardBreakRoute,A_HardBreak,Town12|49|HardBreakRoute|1442.2|3098.9|-0.1,HardBreakRoute_4,0.694
49,routes_training.xml,8943,HardBreakRoute,A_HardBreak,Town12|49|HardBreakRoute|3205.7|3116.0|-0.3,HardBreakRoute_5,0.891
50,routes_training.xml,6238,ParkingCutIn,B_ParkingCutIn,Town12|50|ParkingCutIn|-177.1|4540.5|89.9,ParkingCutIn_1,0.082
50,routes_training.xml,6238,HardBreakRoute,A_HardBreak,Town12|50|HardBreakRoute|-267.4|4515.6|-0.1,HardBreakRoute_1,0.174
50,routes_training.xml,6238,PedestrianCrossing,D_PedestrianCrossing,Town12|50|PedestrianCrossing|-29.8|4407.6|-0.1,PedestrianCrossing_1,0.216
50,routes_training.xml,6238,ParkingCutIn,B_ParkingCutIn,Town12|50|ParkingCutIn|249.3|4437.8|90.0,ParkingCutIn_2,0.261
50,routes_training.xml,6238,HardBreakRoute,A_HardBreak,Town12|50|HardBreakRoute|188.5|4618.7|179.9,HardBreakRoute_2,0.345
50,routes_training.xml,6238,ParkingCutIn,B_ParkingCutIn,Town12|50|ParkingCutIn|38.3|4374.0|269.9,ParkingCutIn_3,0.396
50,routes_training.xml,6238,HardBreakRoute,A_HardBreak,Town12|50|HardBreakRoute|-829.5|4595.3|89.9,HardBreakRoute_3,0.561
50,routes_training.xml,6238,VehicleTurningRoute,C_VehicleTurning,Town12|50|VehicleTurningRoute|-828.2|5288.5|89.9,VehicleTurningRoute_1,0.67
50,routes_training.xml,6238,PedestrianCrossing,D_PedestrianCrossing,Town12|50|PedestrianCrossing|-1194.1|5374.3|-90.2,PedestrianCrossing_2,0.73
50,routes_training.xml,6238,HardBreakRoute,A_HardBreak,Town12|50|HardBreakRoute|-1378.9|5468.9|89.5,HardBreakRoute_4,0.768
50,routes_training.xml,6238,VehicleTurningRoute,C_VehicleTurning,Town12|50|VehicleTurningRoute|-803.7|5923.4|0.3,VehicleTurningRoute_2,0.881
50,routes_training.xml,6238,HardBreakRoute,A_HardBreak,Town12|50|HardBreakRoute|-443.5|5982.0|146.4,HardBreakRoute_5,0.96
51,routes_training.xml,6088,HardBreakRoute,A_HardBreak,Town12|51|HardBreakRoute|983.3|5653.2|89.9,HardBreakRoute_1,0.038
51,routes_training.xml,6088,HardBreakRoute,A_HardBreak,Town12|51|HardBreakRoute|936.9|5821.3|180.0,HardBreakRoute_2,0.067
51,routes_training.xml,6088,HardBreakRoute,A_HardBreak,Town12|51|HardBreakRoute|75.2|6103.7|-0.0,HardBreakRoute_3,0.274
51,routes_training.xml,6088,VehicleTurningRoute,C_VehicleTurning,Town12|51|VehicleTurningRoute|235.0|6103.6|-0.0,VehicleTurningRoute_1,0.292
51,routes_training.xml,6088,PedestrianCrossing,D_PedestrianCrossing,Town12|51|PedestrianCrossing|193.6|5915.4|-179.5,PedestrianCrossing_1,0.318
51,routes_training.xml,6088,HardBreakRoute,A_HardBreak,Town12|51|HardBreakRoute|316.7|5701.3|296.6,HardBreakRoute_4,0.354
51,routes_training.xml,6088,VehicleTurningRoute,C_VehicleTurning,Town12|51|VehicleTurningRoute|243.6|5576.8|179.9,VehicleTurningRoute_2,0.374
51,routes_training.xml,6088,HardBreakRoute,A_HardBreak,Town12|51|HardBreakRoute|293.1|5402.2|339.7,HardBreakRoute_5,0.397
51,routes_training.xml,6088,HardBreakRoute,A_HardBreak,Town12|51|HardBreakRoute|795.3|5216.6|269.6,HardBreakRoute_6,0.48
51,routes_training.xml,6088,HardBreakRoute,A_HardBreak,Town12|51|HardBreakRoute|1449.7|4736.9|0.3,HardBreakRoute_7,0.626
51,routes_training.xml,6088,VehicleTurningRoute,C_VehicleTurning,Town12|51|VehicleTurningRoute|1529.8|4737.2|0.3,VehicleTurningRoute_3,0.633
51,routes_training.xml,6088,HardBreakRoute,A_HardBreak,Town12|51|HardBreakRoute|1555.1|4814.6|90.3,HardBreakRoute_8,0.646
51,routes_training.xml,6088,HardBreakRoute,A_HardBreak,Town12|51|HardBreakRoute|1748.9|5161.3|89.6,HardBreakRoute_9,0.712
52,routes_training.xml,6724,VehicleTurningRoute,C_VehicleTurning,Town12|52|VehicleTurningRoute|2655.8|2443.0|269.9,VehicleTurningRoute_1,0.003
52,routes_training.xml,6724,HardBreakRoute,A_HardBreak,Town12|52|HardBreakRoute|2459.7|2561.0|89.5,HardBreakRoute_1,0.043
52,routes_training.xml,6724,VehicleTurningRoute,C_VehicleTurning,Town12|52|VehicleTurningRoute|2187.9|2333.6|270.1,VehicleTurningRoute_2,0.155
52,routes_training.xml,6724,HardBreakRoute,A_HardBreak,Town12|52|HardBreakRoute|2444.9|2063.5|-0.2,HardBreakRoute_2,0.263
52,routes_training.xml,6724,HardBreakRoute,A_HardBreak,Town12|52|HardBreakRoute|2773.2|1659.0|269.8,HardBreakRoute_3,0.365
52,routes_training.xml,6724,HardBreakRoute,A_HardBreak,Town12|52|HardBreakRoute|2389.6|599.2|270.2,HardBreakRoute_4,0.598
52,routes_training.xml,6724,VehicleTurningRoute,C_VehicleTurning,Town12|52|VehicleTurningRoute|2376.9|-439.3|269.8,VehicleTurningRoute_3,0.748
52,routes_training.xml,6724,HardBreakRoute,A_HardBreak,Town12|52|HardBreakRoute|3187.4|-1177.3|270.0,HardBreakRoute_5,0.916
53,routes_training.xml,8141,HardBreakRoute,A_HardBreak,Town12|53|HardBreakRoute|3796.9|1505.7|359.9,HardBreakRoute_1,0.08
53,routes_training.xml,8141,HardBreakRoute,A_HardBreak,Town12|53|HardBreakRoute|3942.5|2137.0|89.9,HardBreakRoute_2,0.157
53,routes_training.xml,8141,HardBreakRoute,A_HardBreak,Town12|53|HardBreakRoute|3943.4|2658.9|89.9,HardBreakRoute_3,0.221
53,routes_training.xml,8141,HardBreakRoute,A_HardBreak,Town12|53|HardBreakRoute|2504.9|3323.8|99.8,HardBreakRoute_4,0.47
53,routes_training.xml,8141,HardBreakRoute,A_HardBreak,Town12|53|HardBreakRoute|3749.4|3916.3|9.3,HardBreakRoute_5,0.674
53,routes_training.xml,8141,HardBreakRoute,A_HardBreak,Town12|53|HardBreakRoute|3957.2|3950.2|9.3,HardBreakRoute_6,0.699
53,routes_training.xml,8141,HardBreakRoute,A_HardBreak,Town12|53|HardBreakRoute|3912.1|4296.9|189.0,HardBreakRoute_7,0.733
53,routes_training.xml,8141,PedestrianCrossing,D_PedestrianCrossing,Town12|53|PedestrianCrossing|3746.5|4340.2|99.0,PedestrianCrossing_1,0.754
53,routes_training.xml,8141,HardBreakRoute,A_HardBreak,Town12|53|HardBreakRoute|3592.3|4359.5|189.2,HardBreakRoute_8,0.773
53,routes_training.xml,8141,HardBreakRoute,A_HardBreak,Town12|53|HardBreakRoute|3127.5|4284.3|189.2,HardBreakRoute_9,0.831
53,routes_training.xml,8141,HardBreakRoute,A_HardBreak,Town12|53|HardBreakRoute|2720.4|4218.5|189.2,HardBreakRoute_10,0.881
53,routes_training.xml,8141,HardBreakRoute,A_HardBreak,Town12|53|HardBreakRoute|2528.6|4607.5|99.4,HardBreakRoute_11,0.945
53,routes_training.xml,8141,ParkingCutIn,B_ParkingCutIn,Town12|53|ParkingCutIn|2407.9|4663.8|98.9,ParkingCutIn_1,0.96
54,routes_training.xml,8021,HardBreakRoute,A_HardBreak,Town12|54|HardBreakRoute|987.7|2295.7|180.0,HardBreakRoute_1,0.049
54,routes_training.xml,8021,HardBreakRoute,A_HardBreak,Town12|54|HardBreakRoute|470.9|3079.0|179.9,HardBreakRoute_2,0.167
54,routes_training.xml,8021,ParkingCutIn,B_ParkingCutIn,Town12|54|ParkingCutIn|-605.0|3597.8|90.0,ParkingCutIn_1,0.397
54,routes_training.xml,8021,PedestrianCrossing,D_PedestrianCrossing,Town12|54|PedestrianCrossing|-391.8|3773.0|89.6,PedestrianCrossing_1,0.47
54,routes_training.xml,8021,VehicleTurningRoute,C_VehicleTurning,Town12|54|VehicleTurningRoute|-466.2|3811.5|179.9,VehicleTurningRoute_1,0.472
54,routes_training.xml,8021,PedestrianCrossing,D_PedestrianCrossing,Town12|54|PedestrianCrossing|-500.0|3870.5|90.2,PedestrianCrossing_2,0.477
54,routes_training.xml,8021,HardBreakRoute,A_HardBreak,Town12|54|HardBreakRoute|-1530.2|3915.9|180.4,HardBreakRoute_3,0.606
54,routes_training.xml,8021,HardBreakRoute,A_HardBreak,Town12|54|HardBreakRoute|-1554.7|4074.2|0.2,HardBreakRoute_4,0.646
54,routes_training.xml,8021,HardBreakRoute,A_HardBreak,Town12|54|HardBreakRoute|-830.1|4248.9|89.9,HardBreakRoute_5,0.747
54,routes_training.xml,8021,HardBreakRoute,A_HardBreak,Town12|54|HardBreakRoute|-1486.7|4881.1|180.3,HardBreakRoute_6,0.871
54,routes_training.xml,8021,HardBreakRoute,A_HardBreak,Town12|54|HardBreakRoute|-2211.0|4880.1|180.3,HardBreakRoute_7,0.961
55,routes_training.xml,6546,HardBreakRoute,A_HardBreak,Town12|55|HardBreakRoute|122.0|-82.7|0.0,HardBreakRoute_1,0.157
55,routes_training.xml,6546,HardBreakRoute,A_HardBreak,Town12|55|HardBreakRoute|1500.0|-82.7|360.0,HardBreakRoute_2,0.367
55,routes_training.xml,6546,HardBreakRoute,A_HardBreak,Town12|55|HardBreakRoute|1721.8|-82.8|360.0,HardBreakRoute_3,0.401
55,routes_training.xml,6546,HardBreakRoute,A_HardBreak,Town12|55|HardBreakRoute|2377.0|-390.5|269.8,HardBreakRoute_4,0.535
55,routes_training.xml,6546,HardBreakRoute,A_HardBreak,Town12|55|HardBreakRoute|3056.5|-909.1|-0.2,HardBreakRoute_5,0.693
55,routes_training.xml,6546,HardBreakRoute,A_HardBreak,Town12|55|HardBreakRoute|2913.1|-94.2|180.0,HardBreakRoute_6,0.903
55,routes_training.xml,6546,HardBreakRoute,A_HardBreak,Town12|55|HardBreakRoute|2783.2|-375.4|270.0,HardBreakRoute_7,0.948
56,routes_training.xml,9557,HardBreakRoute,A_HardBreak,Town12|56|HardBreakRoute|949.2|3512.1|279.1,HardBreakRoute_1,0.027
56,routes_training.xml,9557,HardBreakRoute,A_HardBreak,Town12|56|HardBreakRoute|1427.9|3098.9|-0.1,HardBreakRoute_2,0.106
56,routes_training.xml,9557,HardBreakRoute,A_HardBreak,Town12|56|HardBreakRoute|2476.1|3110.1|0.5,HardBreakRoute_3,0.216
56,routes_training.xml,9557,HardBreakRoute,A_HardBreak,Town12|56|HardBreakRoute|3858.3|5489.8|100.1,HardBreakRoute_4,0.62
56,routes_training.xml,9557,HardBreakRoute,A_HardBreak,Town12|56|HardBreakRoute|2219.3|6116.9|-169.6,HardBreakRoute_5,0.85
57,routes_training.xml,8984,HardBreakRoute,A_HardBreak,Town12|57|HardBreakRoute|-1621.4|6471.4|-188.4,HardBreakRoute_1,0.114
57,routes_training.xml,8984,HardBreakRoute,A_HardBreak,Town12|57|HardBreakRoute|-2476.5|4110.1|-74.5,HardBreakRoute_2,0.446
57,routes_training.xml,8984,HardBreakRoute,A_HardBreak,Town12|57|HardBreakRoute|-1529.7|3132.5|-13.3,HardBreakRoute_3,0.733
57,routes_training.xml,8984,HardBreakRoute,A_HardBreak,Town12|57|HardBreakRoute|-1916.0|3284.7|146.5,HardBreakRoute_4,0.78
57,routes_training.xml,8984,HardBreakRoute,A_HardBreak,Town12|57|HardBreakRoute|-2746.8|4038.8|-139.3,HardBreakRoute_5,0.921
58,routes_training.xml,5947,HardBreakRoute,A_HardBreak,Town12|58|HardBreakRoute|-3069.1|4012.5|305.5,HardBreakRoute_1,0.28
58,routes_training.xml,5947,HardBreakRoute,A_HardBreak,Town12|58|HardBreakRoute|-2913.3|3333.9|121.3,HardBreakRoute_7,0.399
58,routes_training.xml,5947,HardBreakRoute,A_HardBreak,Town12|58|HardBreakRoute|-3055.7|3019.4|212.8,HardBreakRoute_2,0.459
58,routes_training.xml,5947,HardBreakRoute,A_HardBreak,Town12|58|HardBreakRoute|-3311.2|2076.8|259.9,HardBreakRoute_3,0.627
58,routes_training.xml,5947,VehicleTurningRoute,C_VehicleTurning,Town12|58|VehicleTurningRoute|-3359.8|1956.8|242.8,VehicleTurningRoute_1,0.639
58,routes_training.xml,5947,HardBreakRoute,A_HardBreak,Town12|58|HardBreakRoute|-2800.2|1848.8|37.0,HardBreakRoute_4,0.729
58,routes_training.xml,5947,HardBreakRoute,A_HardBreak,Town12|58|HardBreakRoute|-2538.2|2430.7|153.4,HardBreakRoute_5,0.815
58,routes_training.xml,5947,HardBreakRoute,A_HardBreak,Town12|58|HardBreakRoute|-2843.5|2988.1|111.5,HardBreakRoute_6,0.915
59,routes_training.xml,6244,HardBreakRoute,A_HardBreak,Town12|59|HardBreakRoute|-1626.7|1606.6|-179.5,HardBreakRoute_1,0.059
59,routes_training.xml,6244,HardBreakRoute,A_HardBreak,Town12|59|HardBreakRoute|-2863.3|783.3|251.5,HardBreakRoute_2,0.295
59,routes_training.xml,6244,HardBreakRoute,A_HardBreak,Town12|59|HardBreakRoute|-3306.1|664.2|177.7,HardBreakRoute_3,0.389
59,routes_training.xml,6244,HardBreakRoute,A_HardBreak,Town12|59|HardBreakRoute|-3777.5|737.7|-81.8,HardBreakRoute_4,0.56
59,routes_training.xml,6244,HardBreakRoute,A_HardBreak,Town12|59|HardBreakRoute|-3948.1|1734.3|194.4,HardBreakRoute_5,0.897
60,routes_training.xml,7084,HardBreakRoute,A_HardBreak,Town12|60|HardBreakRoute|225.5|6100.9|180.0,HardBreakRoute_1,0.177
60,routes_training.xml,7084,HardBreakRoute,A_HardBreak,Town12|60|HardBreakRoute|97.4|6100.9|180.0,HardBreakRoute_2,0.195
60,routes_training.xml,7084,VehicleTurningRoute,C_VehicleTurning,Town12|60|VehicleTurningRoute|-711.8|6163.6|113.0,VehicleTurningRoute_1,0.399
60,routes_training.xml,7084,HardBreakRoute,A_HardBreak,Town12|60|HardBreakRoute|-817.5|5860.5|269.9,HardBreakRoute_3,0.454
60,routes_training.xml,7084,HardBreakRoute,A_HardBreak,Town12|60|HardBreakRoute|-819.0|5027.2|269.9,HardBreakRoute_4,0.572
60,routes_training.xml,7084,VehicleTurningRoute,C_VehicleTurning,Town12|60|VehicleTurningRoute|-495.9|5033.4|89.7,VehicleTurningRoute_2,0.685
60,routes_training.xml,7084,HardBreakRoute,A_HardBreak,Town12|60|HardBreakRoute|-535.4|5234.1|0.9,HardBreakRoute_5,0.88
60,routes_training.xml,7084,HardBreakRoute,A_HardBreak,Town12|60|HardBreakRoute|-374.1|5188.6|-47.7,HardBreakRoute_6,0.904
60,routes_training.xml,7084,HardBreakRoute,A_HardBreak,Town12|60|HardBreakRoute|-168.0|5395.3|66.3,HardBreakRoute_7,0.956
61,routes_training.xml,5891,ParkingCutIn,B_ParkingCutIn,Town12|61|ParkingCutIn|-710.9|3587.4|-90.0,ParkingCutIn_1,0.008
61,routes_training.xml,5891,HardBreakRoute,A_HardBreak,Town12|61|HardBreakRoute|-764.2|3490.1|179.9,HardBreakRoute_1,0.026
61,routes_training.xml,5891,VehicleTurningRoute,C_VehicleTurning,Town12|61|VehicleTurningRoute|-1158.2|3796.6|180.3,VehicleTurningRoute_1,0.125
61,routes_training.xml,5891,HardBreakRoute,A_HardBreak,Town12|61|HardBreakRoute|-1215.9|3591.3|91.5,HardBreakRoute_2,0.277
61,routes_training.xml,5891,VehicleTurningRoute,C_VehicleTurning,Town12|61|VehicleTurningRoute|-1156.6|3673.1|16.6,VehicleTurningRoute_2,0.294
61,routes_training.xml,5891,HardBreakRoute,A_HardBreak,Town12|61|HardBreakRoute|-1527.0|3567.2|277.0,HardBreakRoute_3,0.49
61,routes_training.xml,5891,PedestrianCrossing,D_PedestrianCrossing,Town12|61|PedestrianCrossing|-1553.4|3309.4|270.1,PedestrianCrossing_1,0.532
61,routes_training.xml,5891,PedestrianCrossing,D_PedestrianCrossing,Town12|61|PedestrianCrossing|-1320.1|3691.8|-12.7,PedestrianCrossing_2,0.628
61,routes_training.xml,5891,HardBreakRoute,A_HardBreak,Town12|61|HardBreakRoute|-1671.8|4950.6|89.8,HardBreakRoute_4,0.92
61,routes_training.xml,5891,HardBreakRoute,A_HardBreak,Town12|61|HardBreakRoute|-1667.7|5154.7|89.8,HardBreakRoute_5,0.955
61,routes_training.xml,5891,VehicleTurningRoute,C_VehicleTurning,Town12|61|VehicleTurningRoute|-1667.1|5294.5|89.8,VehicleTurningRoute_3,0.972
62,routes_training.xml,5121,ParkingCutIn,B_ParkingCutIn,Town12|62|ParkingCutIn|-174.5|4391.1|269.9,ParkingCutIn_1,0.015
62,routes_training.xml,5121,ParkingCutIn,B_ParkingCutIn,Town12|62|ParkingCutIn|-284.4|4056.2|-90.3,ParkingCutIn_2,0.091
62,routes_training.xml,5121,ParkingCutIn,B_ParkingCutIn,Town12|62|ParkingCutIn|-177.4|3996.6|89.7,ParkingCutIn_3,0.119
62,routes_training.xml,5121,PedestrianCrossing,D_PedestrianCrossing,Town12|62|PedestrianCrossing|-177.2|4041.6|89.7,PedestrianCrossing_1,0.125
62,routes_training.xml,5121,PedestrianCrossing,D_PedestrianCrossing,Town12|62|PedestrianCrossing|-390.3|4151.4|90.0,PedestrianCrossing_2,0.174
62,routes_training.xml,5121,HardBreakRoute,A_HardBreak,Town12|62|HardBreakRoute|-412.8|4192.2|179.9,HardBreakRoute_1,0.184
62,routes_training.xml,5121,ParkingCutIn,B_ParkingCutIn,Town12|62|ParkingCutIn|-390.3|4017.5|90.0,ParkingCutIn_4,0.249
62,routes_training.xml,5121,ParkingCutIn,B_ParkingCutIn,Town12|62|ParkingCutIn|-604.9|4001.7|90.1,ParkingCutIn_5,0.426
62,routes_training.xml,5121,HardBreakRoute,A_HardBreak,Town12|62|HardBreakRoute|-643.7|4347.6|136.6,HardBreakRoute_2,0.491
62,routes_training.xml,5121,HardBreakRoute,A_HardBreak,Town12|62|HardBreakRoute|-299.1|4302.6|-0.3,HardBreakRoute_3,0.533
62,routes_training.xml,5121,HardBreakRoute,A_HardBreak,Town12|62|HardBreakRoute|251.5|4250.2|-90.1,HardBreakRoute_4,0.643
62,routes_training.xml,5121,ParkingCutIn,B_ParkingCutIn,Town12|62|ParkingCutIn|249.3|4060.8|-90.2,ParkingCutIn_6,0.68
62,routes_training.xml,5121,VehicleTurningRoute,C_VehicleTurning,Town12|62|VehicleTurningRoute|248.9|3833.3|270.0,VehicleTurningRoute_1,0.72
62,routes_training.xml,5121,HardBreakRoute,A_HardBreak,Town12|62|HardBreakRoute|130.0|3810.0|179.9,HardBreakRoute_5,0.744
62,routes_training.xml,5121,ParkingCutIn,B_ParkingCutIn,Town12|62|ParkingCutIn|-70.2|3638.7|-90.1,ParkingCutIn_7,0.805
62,routes_training.xml,5121,PedestrianCrossing,D_PedestrianCrossing,Town12|62|PedestrianCrossing|-70.3|3529.4|-90.1,PedestrianCrossing_3,0.825
62,routes_training.xml,5121,ParkingCutIn,B_ParkingCutIn,Town12|62|ParkingCutIn|-284.1|3594.9|-90.4,ParkingCutIn_8,0.908
62,routes_training.xml,5121,PedestrianCrossing,D_PedestrianCrossing,Town12|62|PedestrianCrossing|-284.5|3534.6|-90.4,PedestrianCrossing_4,0.919
62,routes_training.xml,5121,ParkingCutIn,B_ParkingCutIn,Town12|62|ParkingCutIn|-393.0|3589.7|89.6,ParkingCutIn_9,0.956
63,routes_training.xml,6091,ParkingCutIn,B_ParkingCutIn,Town12|63|ParkingCutIn|1097.9|4031.6|279.0,ParkingCutIn_1,0.018
63,routes_training.xml,6091,HardBreakRoute,A_HardBreak,Town12|63|HardBreakRoute|739.6|3701.3|179.9,HardBreakRoute_1,0.122
63,routes_training.xml,6091,HardBreakRoute,A_HardBreak,Town12|63|HardBreakRoute|624.3|3808.8|179.9,HardBreakRoute_2,0.148
63,routes_training.xml,6091,VehicleTurningRoute,C_VehicleTurning,Town12|63|VehicleTurningRoute|592.0|3808.9|179.9,VehicleTurningRoute_1,0.15
63,routes_training.xml,6091,ParkingCutIn,B_ParkingCutIn,Town12|63|ParkingCutIn|568.9|3678.3|-90.1,ParkingCutIn_2,0.172
63,routes_training.xml,6091,HardBreakRoute,A_HardBreak,Town12|63|HardBreakRoute|619.7|3491.5|-0.1,HardBreakRoute_3,0.2
63,routes_training.xml,6091,PedestrianCrossing,D_PedestrianCrossing,Town12|63|PedestrianCrossing|713.4|3701.4|179.9,PedestrianCrossing_1,0.227
63,routes_training.xml,6091,ParkingCutIn,B_ParkingCutIn,Town12|63|ParkingCutIn|675.4|3619.9|89.6,ParkingCutIn_4,0.293
63,routes_training.xml,6091,ParkingCutIn,B_ParkingCutIn,Town12|63|ParkingCutIn|568.7|3578.4|-90.1,ParkingCutIn_3,0.311
63,routes_training.xml,6091,HardBreakRoute,A_HardBreak,Town12|63|HardBreakRoute|414.8|3595.1|179.9,HardBreakRoute_4,0.335
63,routes_training.xml,6091,ParkingCutIn,B_ParkingCutIn,Town12|63|ParkingCutIn|355.9|3553.5|-90.0,ParkingCutIn_5,0.347
63,routes_training.xml,6091,HardBreakRoute,A_HardBreak,Town12|63|HardBreakRoute|204.2|3489.2|179.9,HardBreakRoute_5,0.373
63,routes_training.xml,6091,ParkingCutIn,B_ParkingCutIn,Town12|63|ParkingCutIn|33.9|3521.9|89.6,ParkingCutIn_6,0.402
63,routes_training.xml,6091,ParkingCutIn,B_ParkingCutIn,Town12|63|ParkingCutIn|34.6|3626.4|89.6,ParkingCutIn_7,0.418
63,routes_training.xml,6091,HardBreakRoute,A_HardBreak,Town12|63|HardBreakRoute|196.2|3812.6|-0.1,HardBreakRoute_6,0.469
63,routes_training.xml,6091,ParkingCutIn,B_ParkingCutIn,Town12|63|ParkingCutIn|355.9|3682.2|-90.0,ParkingCutIn_9,0.508
63,routes_training.xml,6091,HardBreakRoute,A_HardBreak,Town12|63|HardBreakRoute|246.0|3643.4|90.0,HardBreakRoute_7,0.533
63,routes_training.xml,6091,ParkingCutIn,B_ParkingCutIn,Town12|63|ParkingCutIn|356.0|3786.5|-90.0,ParkingCutIn_8,0.56
63,routes_training.xml,6091,HardBreakRoute,A_HardBreak,Town12|63|HardBreakRoute|382.4|3914.9|179.7,HardBreakRoute_8,0.597
63,routes_training.xml,6091,ParkingCutIn,B_ParkingCutIn,Town12|63|ParkingCutIn|355.7|4115.9|89.8,ParkingCutIn_12,0.648
63,routes_training.xml,6091,PedestrianCrossing,D_PedestrianCrossing,Town12|63|PedestrianCrossing|293.5|4190.6|179.9,PedestrianCrossing_2,0.66
63,routes_training.xml,6091,HardBreakRoute,A_HardBreak,Town12|63|HardBreakRoute|687.0|4620.3|-0.1,HardBreakRoute_9,0.774
63,routes_training.xml,6091,HardBreakRoute,A_HardBreak,Town12|63|HardBreakRoute|798.3|4449.7|279.1,HardBreakRoute_10,0.81
63,routes_training.xml,6091,ParkingCutIn,B_ParkingCutIn,Town12|63|ParkingCutIn|569.7|4022.6|89.9,ParkingCutIn_10,0.921
63,routes_training.xml,6091,VehicleTurningRoute,C_VehicleTurning,Town12|63|VehicleTurningRoute|570.1|4167.2|89.9,VehicleTurningRoute_2,0.944
63,routes_training.xml,6091,ParkingCutIn,B_ParkingCutIn,Town12|63|ParkingCutIn|463.0|4166.4|-90.0,ParkingCutIn_11,0.96
64,routes_training.xml,6479,HardBreakRoute,A_HardBreak,Town12|64|HardBreakRoute|1662.8|2181.2|-0.2,HardBreakRoute_1,0.049
64,routes_training.xml,6479,HardBreakRoute,A_HardBreak,Town12|64|HardBreakRoute|1780.8|2003.1|89.8,HardBreakRoute_3,0.141
64,routes_training.xml,6479,HardBreakRoute,A_HardBreak,Town12|64|HardBreakRoute|1887.7|1718.3|180.0,HardBreakRoute_2,0.203
64,routes_training.xml,6479,VehicleTurningRoute,C_VehicleTurning,Town12|64|VehicleTurningRoute|1661.4|1718.3|180.0,VehicleTurningRoute_1,0.481
64,routes_training.xml,6479,HardBreakRoute,A_HardBreak,Town12|64|HardBreakRoute|1676.2|1720.8|-0.0,HardBreakRoute_4,0.483
64,routes_training.xml,6479,HardBreakRoute,A_HardBreak,Town12|64|HardBreakRoute|2183.7|2003.5|89.8,HardBreakRoute_5,0.57
64,routes_training.xml,6479,VehicleTurningRoute,C_VehicleTurning,Town12|64|VehicleTurningRoute|2020.3|2294.9|180.0,VehicleTurningRoute_2,0.631
64,routes_training.xml,6479,HardBreakRoute,A_HardBreak,Town12|64|HardBreakRoute|2247.6|2064.2|-0.2,HardBreakRoute_6,0.686
64,routes_training.xml,6479,HardBreakRoute,A_HardBreak,Town12|64|HardBreakRoute|2185.3|2464.3|90.1,HardBreakRoute_8,0.873
64,routes_training.xml,6479,HardBreakRoute,A_HardBreak,Town12|64|HardBreakRoute|2008.6|2641.8|179.8,HardBreakRoute_7,0.904
65,routes_training.xml,6557,VehicleTurningRoute,C_VehicleTurning,Town12|65|VehicleTurningRoute|3710.8|2467.8|90.0,VehicleTurningRoute_1,0.089
65,routes_training.xml,6557,HardBreakRoute,A_HardBreak,Town12|65|HardBreakRoute|3123.7|2582.5|90.0,HardBreakRoute_1,0.198
65,routes_training.xml,6557,VehicleTurningRoute,C_VehicleTurning,Town12|65|VehicleTurningRoute|3481.9|2452.5|269.7,VehicleTurningRoute_2,0.278
65,routes_training.xml,6557,HardBreakRoute,A_HardBreak,Town12|65|HardBreakRoute|2838.9|2407.9|179.8,HardBreakRoute_2,0.377
65,routes_training.xml,6557,HardBreakRoute,A_HardBreak,Town12|65|HardBreakRoute|2772.6|2335.4|89.8,HardBreakRoute_3,0.426
65,routes_training.xml,6557,HardBreakRoute,A_HardBreak,Town12|65|HardBreakRoute|2889.7|1900.9|269.6,HardBreakRoute_4,0.666
65,routes_training.xml,6557,VehicleTurningRoute,C_VehicleTurning,Town12|65|VehicleTurningRoute|2888.6|1725.6|269.6,VehicleTurningRoute_3,0.692
65,routes_training.xml,6557,VehicleTurningRoute,C_VehicleTurning,Town12|65|VehicleTurningRoute|2771.1|1797.4|89.8,VehicleTurningRoute_4,0.723
65,routes_training.xml,6557,HardBreakRoute,A_HardBreak,Town12|65|HardBreakRoute|2720.7|1596.6|179.9,HardBreakRoute_5,0.815
65,routes_training.xml,6557,HardBreakRoute,A_HardBreak,Town12|65|HardBreakRoute|2386.2|1761.6|90.1,HardBreakRoute_6,0.92
65,routes_training.xml,6557,VehicleTurningRoute,C_VehicleTurning,Town12|65|VehicleTurningRoute|2385.8|2025.4|90.1,VehicleTurningRoute_5,0.956
65,routes_training.xml,6557,HardBreakRoute,A_HardBreak,Town12|65|HardBreakRoute|2342.9|2061.4|179.8,HardBreakRoute_7,0.964
66,routes_training.xml,8786,HardBreakRoute,A_HardBreak,Town12|66|HardBreakRoute|3485.8|-196.7|269.5,HardBreakRoute_1,0.312
66,routes_training.xml,8786,VehicleTurningRoute,C_VehicleTurning,Town12|66|VehicleTurningRoute|3485.8|-220.0|269.5,VehicleTurningRoute_1,0.314
66,routes_training.xml,8786,HardBreakRoute,A_HardBreak,Town12|66|HardBreakRoute|2783.4|-524.2|270.0,HardBreakRoute_2,0.406
66,routes_training.xml,8786,HardBreakRoute,A_HardBreak,Town12|66|HardBreakRoute|2372.9|-601.7|89.8,HardBreakRoute_3,0.498
66,routes_training.xml,8786,HardBreakRoute,A_HardBreak,Town12|66|HardBreakRoute|3099.0|-90.7|360.0,HardBreakRoute_4,0.629
66,routes_training.xml,8786,HardBreakRoute,A_HardBreak,Town12|66|HardBreakRoute|3743.4|-652.5|-90.4,HardBreakRoute_5,0.754
66,routes_training.xml,8786,HardBreakRoute,A_HardBreak,Town12|66|HardBreakRoute|3376.3|-1731.2|-171.8,HardBreakRoute_6,0.889
66,routes_training.xml,8786,HardBreakRoute,A_HardBreak,Town12|66|HardBreakRoute|2679.6|-1695.3|171.7,HardBreakRoute_7,0.963
67,routes_training.xml,9232,HardBreakRoute,A_HardBreak,Town12|67|HardBreakRoute|1408.5|-1713.1|180.0,HardBreakRoute_1,0.147
67,routes_training.xml,9232,HardBreakRoute,A_HardBreak,Town12|67|HardBreakRoute|300.1|-1711.8|178.6,HardBreakRoute_2,0.267
67,routes_training.xml,9232,HardBreakRoute,A_HardBreak,Town12|67|HardBreakRoute|-780.3|-917.1|94.3,HardBreakRoute_3,0.425
67,routes_training.xml,9232,HardBreakRoute,A_HardBreak,Town12|67|HardBreakRoute|-731.7|-83.1|0.0,HardBreakRoute_4,0.515
67,routes_training.xml,9232,HardBreakRoute,A_HardBreak,Town12|67|HardBreakRoute|779.9|1996.2|90.1,HardBreakRoute_5,0.886
67,routes_training.xml,9232,VehicleTurningRoute,C_VehicleTurning,Town12|67|VehicleTurningRoute|1754.7|2298.6|360.0,VehicleTurningRoute_1,0.996
68,routes_training.xml,7888,HardBreakRoute,A_HardBreak,Town12|68|HardBreakRoute|-3525.0|577.9|236.7,HardBreakRoute_1,0.04
68,routes_training.xml,7888,HardBreakRoute,A_HardBreak,Town12|68|HardBreakRoute|-3606.8|307.6|269.6,HardBreakRoute_2,0.073
68,routes_training.xml,7888,HardBreakRoute,A_HardBreak,Town12|68|HardBreakRoute|-3505.6|-205.8|263.8,HardBreakRoute_3,0.125
68,routes_training.xml,7888,HardBreakRoute,A_HardBreak,Town12|68|HardBreakRoute|-4525.7|-31.5|151.7,HardBreakRoute_4,0.229
68,routes_training.xml,7888,HardBreakRoute,A_HardBreak,Town12|68|HardBreakRoute|-5220.5|628.5|98.8,HardBreakRoute_5,0.33
68,routes_training.xml,7888,HardBreakRoute,A_HardBreak,Town12|68|HardBreakRoute|-2650.5|1611.0|358.5,HardBreakRoute_6,0.672
68,routes_training.xml,7888,HardBreakRoute,A_HardBreak,Town12|68|HardBreakRoute|-1609.6|1610.2|0.5,HardBreakRoute_7,0.802
69,routes_training.xml,6346,ParkingCutIn,B_ParkingCutIn,Town12|69|ParkingCutIn|1519.7|3929.8|99.0,ParkingCutIn_1,0.159
69,routes_training.xml,6346,HardBreakRoute,A_HardBreak,Town12|69|HardBreakRoute|1574.8|4039.5|9.2,HardBreakRoute_1,0.176
69,routes_training.xml,6346,ParkingCutIn,B_ParkingCutIn,Town12|69|ParkingCutIn|1046.5|4333.2|99.5,ParkingCutIn_2,0.472
69,routes_training.xml,6346,HardBreakRoute,A_HardBreak,Town12|69|HardBreakRoute|1326.9|4466.6|9.3,HardBreakRoute_2,0.525
69,routes_training.xml,6346,PedestrianCrossing,D_PedestrianCrossing,Town12|69|PedestrianCrossing|1576.3|4507.5|9.3,PedestrianCrossing_1,0.564
69,routes_training.xml,6346,HardBreakRoute,A_HardBreak,Town12|69|HardBreakRoute|1490.7|4989.0|179.9,HardBreakRoute_3,0.642
69,routes_training.xml,6346,PedestrianCrossing,D_PedestrianCrossing,Town12|69|PedestrianCrossing|1362.0|5241.9|89.8,PedestrianCrossing_2,0.687
69,routes_training.xml,6346,PedestrianCrossing,D_PedestrianCrossing,Town12|69|PedestrianCrossing|1173.6|5531.2|89.9,PedestrianCrossing_3,0.741
69,routes_training.xml,6346,HardBreakRoute,A_HardBreak,Town12|69|HardBreakRoute|986.8|5240.9|270.1,HardBreakRoute_4,0.812
69,routes_training.xml,6346,HardBreakRoute,A_HardBreak,Town12|69|HardBreakRoute|793.3|4927.8|269.6,HardBreakRoute_5,0.871
69,routes_training.xml,6346,HardBreakRoute,A_HardBreak,Town12|69|HardBreakRoute|392.8|4723.7|180.0,HardBreakRoute_6,0.976
70,routes_training.xml,6273,PedestrianCrossing,D_PedestrianCrossing,Town12|70|PedestrianCrossing|3033.4|4742.3|189.2,PedestrianCrossing_1,0.07
70,routes_training.xml,6273,ParkingCutIn,B_ParkingCutIn,Town12|70|ParkingCutIn|2797.7|4427.1|279.4,ParkingCutIn_1,0.143
70,routes_training.xml,6273,PedestrianCrossing,D_PedestrianCrossing,Town12|70|PedestrianCrossing|3291.8|4259.9|98.9,PedestrianCrossing_2,0.238
70,routes_training.xml,6273,HardBreakRoute,A_HardBreak,Town12|70|HardBreakRoute|3186.3|4293.8|189.2,HardBreakRoute_1,0.238
70,routes_training.xml,6273,ParkingCutIn,B_ParkingCutIn,Town12|70|ParkingCutIn|3040.0|4356.2|98.9,ParkingCutIn_2,0.262
70,routes_training.xml,6273,VehicleTurningRoute,C_VehicleTurning,Town12|70|VehicleTurningRoute|3021.4|4475.4|98.9,VehicleTurningRoute_1,0.278
70,routes_training.xml,6273,HardBreakRoute,A_HardBreak,Town12|70|HardBreakRoute|3061.5|4513.8|9.2,HardBreakRoute_2,0.286
70,routes_training.xml,6273,PedestrianCrossing,D_PedestrianCrossing,Town12|70|PedestrianCrossing|3715.1|4268.7|9.0,PedestrianCrossing_3,0.409
70,routes_training.xml,6273,HardBreakRoute,A_HardBreak,Town12|70|HardBreakRoute|3715.5|4538.1|98.9,HardBreakRoute_3,0.449
70,routes_training.xml,6273,VehicleTurningRoute,C_VehicleTurning,Town12|70|VehicleTurningRoute|3708.0|4586.1|98.9,VehicleTurningRoute_2,0.454
70,routes_training.xml,6273,ParkingCutIn,B_ParkingCutIn,Town12|70|ParkingCutIn|3455.5|4719.2|99.6,ParkingCutIn_3,0.499
70,routes_training.xml,6273,ParkingCutIn,B_ParkingCutIn,Town12|70|ParkingCutIn|3396.5|5065.1|99.8,ParkingCutIn_4,0.554
70,routes_training.xml,6273,PedestrianCrossing,D_PedestrianCrossing,Town12|70|PedestrianCrossing|3368.9|5225.0|99.5,PedestrianCrossing_4,0.58
70,routes_training.xml,6273,HardBreakRoute,A_HardBreak,Town12|70|HardBreakRoute|3263.1|5247.5|189.1,HardBreakRoute_4,0.597
70,routes_training.xml,6273,HardBreakRoute,A_HardBreak,Town12|70|HardBreakRoute|3009.0|5442.5|189.0,HardBreakRoute_5,0.655
70,routes_training.xml,6273,HardBreakRoute,A_HardBreak,Town12|70|HardBreakRoute|2409.7|5477.4|269.7,HardBreakRoute_6,0.766
70,routes_training.xml,6273,HardBreakRoute,A_HardBreak,Town12|70|HardBreakRoute|2408.9|5295.5|269.7,HardBreakRoute_7,0.795
70,routes_training.xml,6273,PedestrianCrossing,D_PedestrianCrossing,Town12|70|PedestrianCrossing|2931.5|4728.9|9.2,PedestrianCrossing_5,0.955
70,routes_training.xml,6273,ParkingCutIn,B_ParkingCutIn,Town12|70|ParkingCutIn|2973.9|4766.8|99.6,ParkingCutIn_5,0.963
71,routes_training.xml,8345,HardBreakRoute,A_HardBreak,Town12|71|HardBreakRoute|-313.1|3978.8|179.9,HardBreakRoute_1,0.008
71,routes_training.xml,8345,HardBreakRoute,A_HardBreak,Town12|71|HardBreakRoute|863.6|3982.4|99.1,HardBreakRoute_2,0.193
71,routes_training.xml,8345,HardBreakRoute,A_HardBreak,Town12|71|HardBreakRoute|546.0|4287.9|179.7,HardBreakRoute_3,0.256
71,routes_training.xml,8345,HardBreakRoute,A_HardBreak,Town12|71|HardBreakRoute|-1266.0|4882.4|180.3,HardBreakRoute_4,0.5
71,routes_training.xml,8345,HardBreakRoute,A_HardBreak,Town12|71|HardBreakRoute|-1459.7|4881.3|180.3,HardBreakRoute_5,0.522
71,routes_training.xml,8345,HardBreakRoute,A_HardBreak,Town12|71|HardBreakRoute|-1668.8|5663.3|89.8,HardBreakRoute_6,0.632
71,routes_training.xml,8345,HardBreakRoute,A_HardBreak,Town12|71|HardBreakRoute|-894.6|5629.7|-23.4,HardBreakRoute_7,0.739
71,routes_training.xml,8345,HardBreakRoute,A_HardBreak,Town12|71|HardBreakRoute|-820.1|4414.6|269.9,HardBreakRoute_8,0.889
72,routes_training.xml,7895,HardBreakRoute,A_HardBreak,Town12|72|HardBreakRoute|687.0|4733.3|-0.0,HardBreakRoute_1,0.055
72,routes_training.xml,7895,HardBreakRoute,A_HardBreak,Town12|72|HardBreakRoute|783.2|4871.5|89.6,HardBreakRoute_2,0.076
72,routes_training.xml,7895,ParkingCutIn,B_ParkingCutIn,Town12|72|ParkingCutIn|1176.3|5141.5|269.9,ParkingCutIn_1,0.239
72,routes_training.xml,7895,HardBreakRoute,A_HardBreak,Town12|72|HardBreakRoute|1253.7|4999.4|-0.1,HardBreakRoute_3,0.26
72,routes_training.xml,7895,HardBreakRoute,A_HardBreak,Town12|72|HardBreakRoute|1598.2|4998.5|-0.1,HardBreakRoute_4,0.302
72,routes_training.xml,7895,PedestrianCrossing,D_PedestrianCrossing,Town12|72|PedestrianCrossing|1749.0|5170.5|89.6,PedestrianCrossing_1,0.33
72,routes_training.xml,7895,HardBreakRoute,A_HardBreak,Town12|72|HardBreakRoute|1659.2|5584.9|-0.0,HardBreakRoute_5,0.44
72,routes_training.xml,7895,HardBreakRoute,A_HardBreak,Town12|72|HardBreakRoute|2048.6|6058.0|-162.9,HardBreakRoute_6,0.62
72,routes_training.xml,7895,HardBreakRoute,A_HardBreak,Town12|72|HardBreakRoute|409.5|6103.8|144.8,HardBreakRoute_7,0.83
72,routes_training.xml,7895,HardBreakRoute,A_HardBreak,Town12|72|HardBreakRoute|-248.9|6339.8|179.7,HardBreakRoute_8,0.92
72,routes_training.xml,7895,HardBreakRoute,A_HardBreak,Town12|72|HardBreakRoute|-565.7|6341.5|179.7,HardBreakRoute_9,0.96
73,routes_training.xml,6412,ParkingCutIn,B_ParkingCutIn,Town12|73|ParkingCutIn|3254.9|4507.8|279.2,ParkingCutIn_1,0.034
73,routes_training.xml,6412,PedestrianCrossing,D_PedestrianCrossing,Town12|73|PedestrianCrossing|3274.1|4389.6|279.2,PedestrianCrossing_1,0.049
73,routes_training.xml,6412,VehicleTurningRoute,C_VehicleTurning,Town12|73|VehicleTurningRoute|3469.9|4349.6|9.2,VehicleTurningRoute_1,0.077
73,routes_training.xml,6412,HardBreakRoute,A_HardBreak,Town12|73|HardBreakRoute|3640.8|4607.5|9.2,HardBreakRoute_1,0.126
73,routes_training.xml,6412,HardBreakRoute,A_HardBreak,Town12|73|HardBreakRoute|3502.3|5052.4|189.2,HardBreakRoute_2,0.216
73,routes_training.xml,6412,PedestrianCrossing,D_PedestrianCrossing,Town12|73|PedestrianCrossing|3464.6|5046.3|189.2,PedestrianCrossing_2,0.222
73,routes_training.xml,6412,PedestrianCrossing,D_PedestrianCrossing,Town12|73|PedestrianCrossing|3139.5|5183.5|99.2,PedestrianCrossing_3,0.283
73,routes_training.xml,6412,HardBreakRoute,A_HardBreak,Town12|73|HardBreakRoute|3054.9|5214.2|189.1,HardBreakRoute_3,0.297
73,routes_training.xml,6412,HardBreakRoute,A_HardBreak,Town12|73|HardBreakRoute|2879.0|5356.1|99.1,HardBreakRoute_4,0.333
73,routes_training.xml,6412,VehicleTurningRoute,C_VehicleTurning,Town12|73|VehicleTurningRoute|2876.9|5369.0|99.1,VehicleTurningRoute_2,0.335
73,routes_training.xml,6412,HardBreakRoute,A_HardBreak,Town12|73|HardBreakRoute|3259.5|5367.3|9.0,HardBreakRoute_5,0.397
73,routes_training.xml,6412,PedestrianCrossing,D_PedestrianCrossing,Town12|73|PedestrianCrossing|2595.2|4671.5|189.2,PedestrianCrossing_4,0.59
73,routes_training.xml,6412,HardBreakRoute,A_HardBreak,Town12|73|HardBreakRoute|2857.6|4480.9|9.2,HardBreakRoute_6,0.878
73,routes_training.xml,6412,VehicleTurningRoute,C_VehicleTurning,Town12|73|VehicleTurningRoute|2978.8|4500.5|9.2,VehicleTurningRoute_3,0.897
73,routes_training.xml,6412,ParkingCutIn,B_ParkingCutIn,Town12|73|ParkingCutIn|3011.3|4539.8|98.9,ParkingCutIn_2,0.904
73,routes_training.xml,6412,HardBreakRoute,A_HardBreak,Town12|73|HardBreakRoute|3092.5|4638.4|9.2,HardBreakRoute_7,0.922
73,routes_training.xml,6412,ParkingCutIn,B_ParkingCutIn,Town12|73|ParkingCutIn|3447.2|4786.4|279.6,ParkingCutIn_3,0.979
74,routes_training.xml,5669,HardBreakRoute,A_HardBreak,Town12|74|HardBreakRoute|2398.3|4288.2|9.7,HardBreakRoute_1,0.063
74,routes_training.xml,5669,VehicleTurningRoute,C_VehicleTurning,Town12|74|VehicleTurningRoute|2072.2|3998.2|189.2,VehicleTurningRoute_1,0.163
74,routes_training.xml,5669,PedestrianCrossing,D_PedestrianCrossing,Town12|74|PedestrianCrossing|2010.8|4047.9|99.2,PedestrianCrossing_1,0.173
74,routes_training.xml,5669,HardBreakRoute,A_HardBreak,Town12|74|HardBreakRoute|1892.8|4084.5|189.2,HardBreakRoute_2,0.194
74,routes_training.xml,5669,PedestrianCrossing,D_PedestrianCrossing,Town12|74|PedestrianCrossing|1098.9|4025.1|279.0,PedestrianCrossing_2,0.342
74,routes_training.xml,5669,VehicleTurningRoute,C_VehicleTurning,Town12|74|VehicleTurningRoute|1265.5|3989.4|9.2,VehicleTurningRoute_2,0.371
74,routes_training.xml,5669,PedestrianCrossing,D_PedestrianCrossing,Town12|74|PedestrianCrossing|983.3|3821.3|189.2,PedestrianCrossing_3,0.445
74,routes_training.xml,5669,VehicleTurningRoute,C_VehicleTurning,Town12|74|VehicleTurningRoute|617.6|4082.9|179.9,VehicleTurningRoute_3,0.525
74,routes_training.xml,5669,HardBreakRoute,A_HardBreak,Town12|74|HardBreakRoute|526.3|4190.1|179.9,HardBreakRoute_3,0.55
74,routes_training.xml,5669,PedestrianCrossing,D_PedestrianCrossing,Town12|74|PedestrianCrossing|461.5|4225.6|89.7,PedestrianCrossing_4,0.562
74,routes_training.xml,5669,HardBreakRoute,A_HardBreak,Town12|74|HardBreakRoute|462.8|4441.5|89.7,HardBreakRoute_4,0.595
74,routes_training.xml,5669,HardBreakRoute,A_HardBreak,Town12|74|HardBreakRoute|782.5|4778.7|89.6,HardBreakRoute_5,0.676
74,routes_training.xml,5669,HardBreakRoute,A_HardBreak,Town12|74|HardBreakRoute|632.3|5030.1|162.5,HardBreakRoute_6,0.727
74,routes_training.xml,5669,VehicleTurningRoute,C_VehicleTurning,Town12|74|VehicleTurningRoute|282.8|5403.1|159.7,VehicleTurningRoute_4,0.814
74,routes_training.xml,5669,HardBreakRoute,A_HardBreak,Town12|74|HardBreakRoute|-193.7|5024.2|156.8,HardBreakRoute_7,0.892
74,routes_training.xml,5669,VehicleTurningRoute,C_VehicleTurning,Town12|74|VehicleTurningRoute|94.0|5204.8|-23.3,VehicleTurningRoute_5,0.974
75,routes_training.xml,10006,HardBreakRoute,A_HardBreak,Town12|75|HardBreakRoute|3767.0|6031.7|108.5,HardBreakRoute_1,0.168
75,routes_training.xml,10006,HardBreakRoute,A_HardBreak,Town12|75|HardBreakRoute|1401.8|6067.1|179.7,HardBreakRoute_2,0.417
75,routes_training.xml,10006,HardBreakRoute,A_HardBreak,Town12|75|HardBreakRoute|-226.3|6494.4|177.9,HardBreakRoute_3,0.589
75,routes_training.xml,10006,HardBreakRoute,A_HardBreak,Town12|75|HardBreakRoute|-2544.7|5731.7|-86.6,HardBreakRoute_4,0.866
76,routes_training.xml,7127,HardBreakRoute,A_HardBreak,Town12|76|HardBreakRoute|-2517.1|5561.9|-80.9,HardBreakRoute_1,0.217
76,routes_training.xml,7127,HardBreakRoute,A_HardBreak,Town12|76|HardBreakRoute|-2513.7|4446.4|-91.2,HardBreakRoute_2,0.374
76,routes_training.xml,7127,HardBreakRoute,A_HardBreak,Town12|76|HardBreakRoute|-1831.9|3252.9|-29.3,HardBreakRoute_3,0.574
76,routes_training.xml,7127,HardBreakRoute,A_HardBreak,Town12|76|HardBreakRoute|-1558.5|3143.3|-14.8,HardBreakRoute_4,0.615
76,routes_training.xml,7127,HardBreakRoute,A_HardBreak,Town12|76|HardBreakRoute|-17.3|3100.5|-0.1,HardBreakRoute_5,0.832
77,routes_training.xml,9292,HardBreakRoute,A_HardBreak,Town12|77|HardBreakRoute|4009.9|4595.1|98.8,HardBreakRoute_1,0.37
77,routes_training.xml,9292,HardBreakRoute,A_HardBreak,Town12|77|HardBreakRoute|1932.8|6075.7|-174.3,HardBreakRoute_2,0.711
77,routes_training.xml,9292,VehicleTurningRoute,C_VehicleTurning,Town12|77|VehicleTurningRoute|-602.9|6338.2|179.7,VehicleTurningRoute_1,0.989
78,routes_training.xml,7954,HardBreakRoute,A_HardBreak,Town12|78|HardBreakRoute|-2502.4|5345.4|-90.0,HardBreakRoute_1,0.234
78,routes_training.xml,7954,HardBreakRoute,A_HardBreak,Town12|78|HardBreakRoute|-2220.1|4883.3|0.3,HardBreakRoute_2,0.316
78,routes_training.xml,7954,HardBreakRoute,A_HardBreak,Town12|78|HardBreakRoute|-2061.5|3422.1|-43.2,HardBreakRoute_3,0.572
78,routes_training.xml,7954,HardBreakRoute,A_HardBreak,Town12|78|HardBreakRoute|-100.1|3104.2|-0.1,HardBreakRoute_4,0.825
79,routes_training.xml,8943,HardBreakRoute,A_HardBreak,Town12|79|HardBreakRoute|2035.6|3077.8|180.8,HardBreakRoute_1,0.091
79,routes_training.xml,8943,HardBreakRoute,A_HardBreak,Town12|79|HardBreakRoute|1271.3|3081.6|179.9,HardBreakRoute_2,0.177
79,routes_training.xml,8943,HardBreakRoute,A_HardBreak,Town12|79|HardBreakRoute|-207.4|3100.8|-0.1,HardBreakRoute_3,0.509
79,routes_training.xml,8943,HardBreakRoute,A_HardBreak,Town12|79|HardBreakRoute|1442.2|3098.9|-0.1,HardBreakRoute_4,0.694
79,routes_training.xml,8943,HardBreakRoute,A_HardBreak,Town12|79|HardBreakRoute|3205.7|3116.0|-0.3,HardBreakRoute_5,0.891
80,routes_training.xml,6238,ParkingCutIn,B_ParkingCutIn,Town12|80|ParkingCutIn|-177.1|4540.5|89.9,ParkingCutIn_1,0.082
80,routes_training.xml,6238,HardBreakRoute,A_HardBreak,Town12|80|HardBreakRoute|-267.4|4515.6|-0.1,HardBreakRoute_1,0.174
80,routes_training.xml,6238,PedestrianCrossing,D_PedestrianCrossing,Town12|80|PedestrianCrossing|-29.8|4407.6|-0.1,PedestrianCrossing_1,0.216
80,routes_training.xml,6238,ParkingCutIn,B_ParkingCutIn,Town12|80|ParkingCutIn|249.3|4437.8|90.0,ParkingCutIn_2,0.261
80,routes_training.xml,6238,HardBreakRoute,A_HardBreak,Town12|80|HardBreakRoute|188.5|4618.7|179.9,HardBreakRoute_2,0.345
80,routes_training.xml,6238,ParkingCutIn,B_ParkingCutIn,Town12|80|ParkingCutIn|38.3|4374.0|269.9,ParkingCutIn_3,0.396
80,routes_training.xml,6238,HardBreakRoute,A_HardBreak,Town12|80|HardBreakRoute|-829.5|4595.3|89.9,HardBreakRoute_3,0.561
80,routes_training.xml,6238,VehicleTurningRoute,C_VehicleTurning,Town12|80|VehicleTurningRoute|-828.2|5288.5|89.9,VehicleTurningRoute_1,0.67
80,routes_training.xml,6238,PedestrianCrossing,D_PedestrianCrossing,Town12|80|PedestrianCrossing|-1194.1|5374.3|-90.2,PedestrianCrossing_2,0.73
80,routes_training.xml,6238,HardBreakRoute,A_HardBreak,Town12|80|HardBreakRoute|-1378.9|5468.9|89.5,HardBreakRoute_4,0.768
80,routes_training.xml,6238,VehicleTurningRoute,C_VehicleTurning,Town12|80|VehicleTurningRoute|-803.7|5923.4|0.3,VehicleTurningRoute_2,0.881
80,routes_training.xml,6238,HardBreakRoute,A_HardBreak,Town12|80|HardBreakRoute|-443.5|5982.0|146.4,HardBreakRoute_5,0.96
81,routes_training.xml,6088,HardBreakRoute,A_HardBreak,Town12|81|HardBreakRoute|983.3|5653.2|89.9,HardBreakRoute_1,0.038
81,routes_training.xml,6088,HardBreakRoute,A_HardBreak,Town12|81|HardBreakRoute|936.9|5821.3|180.0,HardBreakRoute_2,0.067
81,routes_training.xml,6088,HardBreakRoute,A_HardBreak,Town12|81|HardBreakRoute|75.2|6103.7|-0.0,HardBreakRoute_3,0.274
81,routes_training.xml,6088,VehicleTurningRoute,C_VehicleTurning,Town12|81|VehicleTurningRoute|235.0|6103.6|-0.0,VehicleTurningRoute_1,0.292
81,routes_training.xml,6088,PedestrianCrossing,D_PedestrianCrossing,Town12|81|PedestrianCrossing|193.6|5915.4|-179.5,PedestrianCrossing_1,0.318
81,routes_training.xml,6088,HardBreakRoute,A_HardBreak,Town12|81|HardBreakRoute|316.7|5701.3|296.6,HardBreakRoute_4,0.354
81,routes_training.xml,6088,VehicleTurningRoute,C_VehicleTurning,Town12|81|VehicleTurningRoute|243.6|5576.8|179.9,VehicleTurningRoute_2,0.374
81,routes_training.xml,6088,HardBreakRoute,A_HardBreak,Town12|81|HardBreakRoute|293.1|5402.2|339.7,HardBreakRoute_5,0.397
81,routes_training.xml,6088,HardBreakRoute,A_HardBreak,Town12|81|HardBreakRoute|795.3|5216.6|269.6,HardBreakRoute_6,0.48
81,routes_training.xml,6088,HardBreakRoute,A_HardBreak,Town12|81|HardBreakRoute|1449.7|4736.9|0.3,HardBreakRoute_7,0.626
81,routes_training.xml,6088,VehicleTurningRoute,C_VehicleTurning,Town12|81|VehicleTurningRoute|1529.8|4737.2|0.3,VehicleTurningRoute_3,0.633
81,routes_training.xml,6088,HardBreakRoute,A_HardBreak,Town12|81|HardBreakRoute|1555.1|4814.6|90.3,HardBreakRoute_8,0.646
81,routes_training.xml,6088,HardBreakRoute,A_HardBreak,Town12|81|HardBreakRoute|1748.9|5161.3|89.6,HardBreakRoute_9,0.712
82,routes_training.xml,6724,VehicleTurningRoute,C_VehicleTurning,Town12|82|VehicleTurningRoute|2655.8|2443.0|269.9,VehicleTurningRoute_1,0.003
82,routes_training.xml,6724,HardBreakRoute,A_HardBreak,Town12|82|HardBreakRoute|2459.7|2561.0|89.5,HardBreakRoute_1,0.043
82,routes_training.xml,6724,VehicleTurningRoute,C_VehicleTurning,Town12|82|VehicleTurningRoute|2187.9|2333.6|270.1,VehicleTurningRoute_2,0.155
82,routes_training.xml,6724,HardBreakRoute,A_HardBreak,Town12|82|HardBreakRoute|2444.9|2063.5|-0.2,HardBreakRoute_2,0.263
82,routes_training.xml,6724,HardBreakRoute,A_HardBreak,Town12|82|HardBreakRoute|2773.2|1659.0|269.8,HardBreakRoute_3,0.365
82,routes_training.xml,6724,HardBreakRoute,A_HardBreak,Town12|82|HardBreakRoute|2389.6|599.2|270.2,HardBreakRoute_4,0.598
82,routes_training.xml,6724,VehicleTurningRoute,C_VehicleTurning,Town12|82|VehicleTurningRoute|2376.9|-439.3|269.8,VehicleTurningRoute_3,0.748
82,routes_training.xml,6724,HardBreakRoute,A_HardBreak,Town12|82|HardBreakRoute|3187.4|-1177.3|270.0,HardBreakRoute_5,0.916
83,routes_training.xml,8141,HardBreakRoute,A_HardBreak,Town12|83|HardBreakRoute|3796.9|1505.7|359.9,HardBreakRoute_1,0.08
83,routes_training.xml,8141,HardBreakRoute,A_HardBreak,Town12|83|HardBreakRoute|3942.5|2137.0|89.9,HardBreakRoute_2,0.157
83,routes_training.xml,8141,HardBreakRoute,A_HardBreak,Town12|83|HardBreakRoute|3943.4|2658.9|89.9,HardBreakRoute_3,0.221
83,routes_training.xml,8141,HardBreakRoute,A_HardBreak,Town12|83|HardBreakRoute|2504.9|3323.8|99.8,HardBreakRoute_4,0.47
83,routes_training.xml,8141,HardBreakRoute,A_HardBreak,Town12|83|HardBreakRoute|3749.4|3916.3|9.3,HardBreakRoute_5,0.674
83,routes_training.xml,8141,HardBreakRoute,A_HardBreak,Town12|83|HardBreakRoute|3957.2|3950.2|9.3,HardBreakRoute_6,0.699
83,routes_training.xml,8141,HardBreakRoute,A_HardBreak,Town12|83|HardBreakRoute|3912.1|4296.9|189.0,HardBreakRoute_7,0.733
83,routes_training.xml,8141,PedestrianCrossing,D_PedestrianCrossing,Town12|83|PedestrianCrossing|3746.5|4340.2|99.0,PedestrianCrossing_1,0.754
83,routes_training.xml,8141,HardBreakRoute,A_HardBreak,Town12|83|HardBreakRoute|3592.3|4359.5|189.2,HardBreakRoute_8,0.773
83,routes_training.xml,8141,HardBreakRoute,A_HardBreak,Town12|83|HardBreakRoute|3127.5|4284.3|189.2,HardBreakRoute_9,0.831
83,routes_training.xml,8141,HardBreakRoute,A_HardBreak,Town12|83|HardBreakRoute|2720.4|4218.5|189.2,HardBreakRoute_10,0.881
83,routes_training.xml,8141,HardBreakRoute,A_HardBreak,Town12|83|HardBreakRoute|2528.6|4607.5|99.4,HardBreakRoute_11,0.945
83,routes_training.xml,8141,ParkingCutIn,B_ParkingCutIn,Town12|83|ParkingCutIn|2407.9|4663.8|98.9,ParkingCutIn_1,0.96
84,routes_training.xml,8021,HardBreakRoute,A_HardBreak,Town12|84|HardBreakRoute|987.7|2295.7|180.0,HardBreakRoute_1,0.049
84,routes_training.xml,8021,HardBreakRoute,A_HardBreak,Town12|84|HardBreakRoute|470.9|3079.0|179.9,HardBreakRoute_2,0.167
84,routes_training.xml,8021,ParkingCutIn,B_ParkingCutIn,Town12|84|ParkingCutIn|-605.0|3597.8|90.0,ParkingCutIn_1,0.397
84,routes_training.xml,8021,PedestrianCrossing,D_PedestrianCrossing,Town12|84|PedestrianCrossing|-391.8|3773.0|89.6,PedestrianCrossing_1,0.47
84,routes_training.xml,8021,VehicleTurningRoute,C_VehicleTurning,Town12|84|VehicleTurningRoute|-466.2|3811.5|179.9,VehicleTurningRoute_1,0.472
84,routes_training.xml,8021,PedestrianCrossing,D_PedestrianCrossing,Town12|84|PedestrianCrossing|-500.0|3870.5|90.2,PedestrianCrossing_2,0.477
84,routes_training.xml,8021,HardBreakRoute,A_HardBreak,Town12|84|HardBreakRoute|-1530.2|3915.9|180.4,HardBreakRoute_3,0.606
84,routes_training.xml,8021,HardBreakRoute,A_HardBreak,Town12|84|HardBreakRoute|-1554.7|4074.2|0.2,HardBreakRoute_4,0.646
84,routes_training.xml,8021,HardBreakRoute,A_HardBreak,Town12|84|HardBreakRoute|-830.1|4248.9|89.9,HardBreakRoute_5,0.747
84,routes_training.xml,8021,HardBreakRoute,A_HardBreak,Town12|84|HardBreakRoute|-1486.7|4881.1|180.3,HardBreakRoute_6,0.871
84,routes_training.xml,8021,HardBreakRoute,A_HardBreak,Town12|84|HardBreakRoute|-2211.0|4880.1|180.3,HardBreakRoute_7,0.961
85,routes_training.xml,6546,HardBreakRoute,A_HardBreak,Town12|85|HardBreakRoute|122.0|-82.7|0.0,HardBreakRoute_1,0.157
85,routes_training.xml,6546,HardBreakRoute,A_HardBreak,Town12|85|HardBreakRoute|1500.0|-82.7|360.0,HardBreakRoute_2,0.367
85,routes_training.xml,6546,HardBreakRoute,A_HardBreak,Town12|85|HardBreakRoute|1721.8|-82.8|360.0,HardBreakRoute_3,0.401
85,routes_training.xml,6546,HardBreakRoute,A_HardBreak,Town12|85|HardBreakRoute|2377.0|-390.5|269.8,HardBreakRoute_4,0.535
85,routes_training.xml,6546,HardBreakRoute,A_HardBreak,Town12|85|HardBreakRoute|3056.5|-909.1|-0.2,HardBreakRoute_5,0.693
85,routes_training.xml,6546,HardBreakRoute,A_HardBreak,Town12|85|HardBreakRoute|2913.1|-94.2|180.0,HardBreakRoute_6,0.903
85,routes_training.xml,6546,HardBreakRoute,A_HardBreak,Town12|85|HardBreakRoute|2783.2|-375.4|270.0,HardBreakRoute_7,0.948
86,routes_training.xml,9557,HardBreakRoute,A_HardBreak,Town12|86|HardBreakRoute|949.2|3512.1|279.1,HardBreakRoute_1,0.027
86,routes_training.xml,9557,HardBreakRoute,A_HardBreak,Town12|86|HardBreakRoute|1427.9|3098.9|-0.1,HardBreakRoute_2,0.106
86,routes_training.xml,9557,HardBreakRoute,A_HardBreak,Town12|86|HardBreakRoute|2476.1|3110.1|0.5,HardBreakRoute_3,0.216
86,routes_training.xml,9557,HardBreakRoute,A_HardBreak,Town12|86|HardBreakRoute|3858.3|5489.8|100.1,HardBreakRoute_4,0.62
86,routes_training.xml,9557,HardBreakRoute,A_HardBreak,Town12|86|HardBreakRoute|2219.3|6116.9|-169.6,HardBreakRoute_5,0.85
87,routes_training.xml,8984,HardBreakRoute,A_HardBreak,Town12|87|HardBreakRoute|-1621.4|6471.4|-188.4,HardBreakRoute_1,0.114
87,routes_training.xml,8984,HardBreakRoute,A_HardBreak,Town12|87|HardBreakRoute|-2476.5|4110.1|-74.5,HardBreakRoute_2,0.446
87,routes_training.xml,8984,HardBreakRoute,A_HardBreak,Town12|87|HardBreakRoute|-1529.7|3132.5|-13.3,HardBreakRoute_3,0.733
87,routes_training.xml,8984,HardBreakRoute,A_HardBreak,Town12|87|HardBreakRoute|-1916.0|3284.7|146.5,HardBreakRoute_4,0.78
87,routes_training.xml,8984,HardBreakRoute,A_HardBreak,Town12|87|HardBreakRoute|-2746.8|4038.8|-139.3,HardBreakRoute_5,0.921
88,routes_training.xml,5947,HardBreakRoute,A_HardBreak,Town12|88|HardBreakRoute|-3069.1|4012.5|305.5,HardBreakRoute_1,0.28
88,routes_training.xml,5947,HardBreakRoute,A_HardBreak,Town12|88|HardBreakRoute|-2913.3|3333.9|121.3,HardBreakRoute_7,0.399
88,routes_training.xml,5947,HardBreakRoute,A_HardBreak,Town12|88|HardBreakRoute|-3055.7|3019.4|212.8,HardBreakRoute_2,0.459
88,routes_training.xml,5947,HardBreakRoute,A_HardBreak,Town12|88|HardBreakRoute|-3311.2|2076.8|259.9,HardBreakRoute_3,0.627
88,routes_training.xml,5947,VehicleTurningRoute,C_VehicleTurning,Town12|88|VehicleTurningRoute|-3359.8|1956.8|242.8,VehicleTurningRoute_1,0.639
88,routes_training.xml,5947,HardBreakRoute,A_HardBreak,Town12|88|HardBreakRoute|-2800.2|1848.8|37.0,HardBreakRoute_4,0.729
88,routes_training.xml,5947,HardBreakRoute,A_HardBreak,Town12|88|HardBreakRoute|-2538.2|2430.7|153.4,HardBreakRoute_5,0.815
88,routes_training.xml,5947,HardBreakRoute,A_HardBreak,Town12|88|HardBreakRoute|-2843.5|2988.1|111.5,HardBreakRoute_6,0.915
89,routes_training.xml,6244,HardBreakRoute,A_HardBreak,Town12|89|HardBreakRoute|-1626.7|1606.6|-179.5,HardBreakRoute_1,0.059
89,routes_training.xml,6244,HardBreakRoute,A_HardBreak,Town12|89|HardBreakRoute|-2863.3|783.3|251.5,HardBreakRoute_2,0.295
89,routes_training.xml,6244,HardBreakRoute,A_HardBreak,Town12|89|HardBreakRoute|-3306.1|664.2|177.7,HardBreakRoute_3,0.389
89,routes_training.xml,6244,HardBreakRoute,A_HardBreak,Town12|89|HardBreakRoute|-3777.5|737.7|-81.8,HardBreakRoute_4,0.56
89,routes_training.xml,6244,HardBreakRoute,A_HardBreak,Town12|89|HardBreakRoute|-3948.1|1734.3|194.4,HardBreakRoute_5,0.897
1711,bench2drive_00.xml,134,ParkingCutIn,B_ParkingCutIn,Town12|1711|ParkingCutIn|-497.7|3659.9|-90.2,ParkingCutIn_1,0.097
14194,bench2drive_113.xml,76,PedestrianCrossing,D_PedestrianCrossing,Town12|14194|PedestrianCrossing|-1130.5|3770.3|90.0,PedestrianCrossing_1,0.092
18305,bench2drive_124.xml,134,ParkingCutIn,B_ParkingCutIn,Town12|18305|ParkingCutIn|1176.6|5531.2|269.9,ParkingCutIn_1,0.097
18311,bench2drive_125.xml,134,ParkingCutIn,B_ParkingCutIn,Town12|18311|ParkingCutIn|3044.6|4326.6|98.9,ParkingCutIn_1,0.09
18356,bench2drive_126.xml,134,ParkingCutIn,B_ParkingCutIn,Town12|18356|ParkingCutIn|3486.3|4534.2|278.3,ParkingCutIn_1,0.105
2144,bench2drive_17.xml,71,VehicleTurningRoute,C_VehicleTurning,Town12|2144|VehicleTurningRoute|248.9|3841.9|270.0,VehicleTurningRoute_1,0.098
2943,bench2drive_48.xml,71,VehicleTurningRoute,C_VehicleTurning,Town12|2943|VehicleTurningRoute|248.9|3841.9|270.0,VehicleTurningRoute_1,0.07
