unique_instance_id,scenario_group,scenario_type,town,route_id,scenario_xml_name,trigger_x,trigger_y,trigger_yaw,source_file,notes
Town12|0|HardBreakRoute|225.5|6100.9|180.0,A_HardBreak,HardBreakRoute,Town12,0,HardBreakRoute_1,225.5,6100.9,180.0,routes_training.xml,
Town12|0|HardBreakRoute|97.4|6100.9|180.0,A_HardBreak,HardBreakRoute,Town12,0,HardBreakRoute_2,97.4,6100.9,180.0,routes_training.xml,
Town12|0|VehicleTurningRoute|-711.8|6163.6|113.0,C_VehicleTurning,VehicleTurningRoute,Town12,0,VehicleTurningRoute_1,-711.8,6163.6,113.0,routes_training.xml,
Town12|0|HardBreakRoute|-817.5|5860.5|269.9,A_HardBreak,HardBreakRoute,Town12,0,HardBreakRoute_3,-817.5,5860.5,269.9,routes_training.xml,
Town12|0|HardBreakRoute|-819.0|5027.2|269.9,A_HardBreak,HardBreakRoute,Town12,0,HardBreakRoute_4,-819.0,5027.2,269.9,routes_training.xml,
Town12|0|VehicleTurningRoute|-495.9|5033.4|89.7,C_VehicleTurning,VehicleTurningRoute,Town12,0,VehicleTurningRoute_2,-495.9,5033.4,89.7,routes_training.xml,
Town12|0|HardBreakRoute|-535.4|5234.1|0.9,A_HardBreak,HardBreakRoute,Town12,0,HardBreakRoute_5,-535.4,5234.1,0.9,routes_training.xml,
Town12|0|HardBreakRoute|-374.1|5188.6|-47.7,A_HardBreak,HardBreakRoute,Town12,0,HardBreakRoute_6,-374.1,5188.6,-47.7,routes_training.xml,
Town12|0|HardBreakRoute|-168.0|5395.3|66.3,A_HardBreak,HardBreakRoute,Town12,0,HardBreakRoute_7,-168.0,5395.3,66.3,routes_training.xml,
Town12|1|ParkingCutIn|-710.9|3587.4|-90.0,B_ParkingCutIn,ParkingCutIn,Town12,1,ParkingCutIn_1,-710.9,3587.4,-90.0,routes_training.xml,
Town12|1|HardBreakRoute|-764.2|3490.1|179.9,A_HardBreak,HardBreakRoute,Town12,1,HardBreakRoute_1,-764.2,3490.1,179.9,routes_training.xml,
Town12|1|VehicleTurningRoute|-1158.2|3796.6|180.3,C_VehicleTurning,VehicleTurningRoute,Town12,1,VehicleTurningRoute_1,-1158.2,3796.6,180.3,routes_training.xml,
Town12|1|HardBreakRoute|-1215.9|3591.3|91.5,A_HardBreak,HardBreakRoute,Town12,1,HardBreakRoute_2,-1215.9,3591.3,91.5,routes_training.xml,
Town12|1|VehicleTurningRoute|-1156.6|3673.1|16.6,C_VehicleTurning,VehicleTurningRoute,Town12,1,VehicleTurningRoute_2,-1156.6,3673.1,16.6,routes_training.xml,
Town12|1|HardBreakRoute|-1527.0|3567.2|277.0,A_HardBreak,HardBreakRoute,Town12,1,HardBreakRoute_3,-1527.0,3567.2,277,routes_training.xml,
Town12|1|PedestrianCrossing|-1553.4|3309.4|270.1,D_PedestrianCrossing,PedestrianCrossing,Town12,1,PedestrianCrossing_1,-1553.4,3309.4,270.1,routes_training.xml,
Town12|1|PedestrianCrossing|-1320.1|3691.8|-12.7,D_PedestrianCrossing,PedestrianCrossing,Town12,1,PedestrianCrossing_2,-1320.1,3691.8,-12.7,routes_training.xml,
Town12|1|HardBreakRoute|-1671.8|4950.6|89.8,A_HardBreak,HardBreakRoute,Town12,1,HardBreakRoute_4,-1671.8,4950.6,89.8,routes_training.xml,
Town12|1|HardBreakRoute|-1667.7|5154.7|89.8,A_HardBreak,HardBreakRoute,Town12,1,HardBreakRoute_5,-1667.7,5154.7,89.8,routes_training.xml,
Town12|1|VehicleTurningRoute|-1667.1|5294.5|89.8,C_VehicleTurning,VehicleTurningRoute,Town12,1,VehicleTurningRoute_3,-1667.1,5294.5,89.8,routes_training.xml,
Town12|2|ParkingCutIn|-174.5|4391.1|269.9,B_ParkingCutIn,ParkingCutIn,Town12,2,ParkingCutIn_1,-174.5,4391.1,269.9,routes_training.xml,
Town12|2|ParkingCutIn|-284.4|4056.2|-90.3,B_ParkingCutIn,ParkingCutIn,Town12,2,ParkingCutIn_2,-284.4,4056.2,-90.3,routes_training.xml,
Town12|2|ParkingCutIn|-177.4|3996.6|89.7,B_ParkingCutIn,ParkingCutIn,Town12,2,ParkingCutIn_3,-177.4,3996.6,89.7,routes_training.xml,
Town12|2|PedestrianCrossing|-177.2|4041.6|89.7,D_PedestrianCrossing,PedestrianCrossing,Town12,2,PedestrianCrossing_1,-177.2,4041.6,89.7,routes_training.xml,
Town12|2|PedestrianCrossing|-390.3|4151.4|90.0,D_PedestrianCrossing,PedestrianCrossing,Town12,2,PedestrianCrossing_2,-390.3,4151.4,90.0,routes_training.xml,
Town12|2|HardBreakRoute|-412.8|4192.2|179.9,A_HardBreak,HardBreakRoute,Town12,2,HardBreakRoute_1,-412.8,4192.2,179.9,routes_training.xml,
Town12|2|ParkingCutIn|-390.3|4017.5|90.0,B_ParkingCutIn,ParkingCutIn,Town12,2,ParkingCutIn_4,-390.3,4017.5,90.0,routes_training.xml,
Town12|2|ParkingCutIn|-604.9|4001.7|90.1,B_ParkingCutIn,ParkingCutIn,Town12,2,ParkingCutIn_5,-604.9,4001.7,90.1,routes_training.xml,
Town12|2|HardBreakRoute|-643.7|4347.6|136.6,A_HardBreak,HardBreakRoute,Town12,2,HardBreakRoute_2,-643.7,4347.6,136.6,routes_training.xml,
Town12|2|HardBreakRoute|-299.1|4302.6|-0.3,A_HardBreak,HardBreakRoute,Town12,2,HardBreakRoute_3,-299.1,4302.6,-0.3,routes_training.xml,
Town12|2|HardBreakRoute|251.5|4250.2|-90.1,A_HardBreak,HardBreakRoute,Town12,2,HardBreakRoute_4,251.5,4250.2,-90.1,routes_training.xml,
Town12|2|ParkingCutIn|249.3|4060.8|-90.2,B_ParkingCutIn,ParkingCutIn,Town12,2,ParkingCutIn_6,249.3,4060.8,-90.2,routes_training.xml,
Town12|2|VehicleTurningRoute|248.9|3833.3|270.0,C_VehicleTurning,VehicleTurningRoute,Town12,2,VehicleTurningRoute_1,248.9,3833.3,270.0,routes_training.xml,
Town12|2|HardBreakRoute|130.0|3810.0|179.9,A_HardBreak,HardBreakRoute,Town12,2,HardBreakRoute_5,130.0,3810.0,179.9,routes_training.xml,
Town12|2|ParkingCutIn|-70.2|3638.7|-90.1,B_ParkingCutIn,ParkingCutIn,Town12,2,ParkingCutIn_7,-70.2,3638.7,-90.1,routes_training.xml,
Town12|2|PedestrianCrossing|-70.3|3529.4|-90.1,D_PedestrianCrossing,PedestrianCrossing,Town12,2,PedestrianCrossing_3,-70.3,3529.4,-90.1,routes_training.xml,
Town12|2|ParkingCutIn|-284.1|3594.9|-90.4,B_ParkingCutIn,ParkingCutIn,Town12,2,ParkingCutIn_8,-284.1,3594.9,-90.4,routes_training.xml,
Town12|2|PedestrianCrossing|-284.5|3534.6|-90.4,D_PedestrianCrossing,PedestrianCrossing,Town12,2,PedestrianCrossing_4,-284.5,3534.6,-90.4,routes_training.xml,
Town12|2|ParkingCutIn|-393.0|3589.7|89.6,B_ParkingCutIn,ParkingCutIn,Town12,2,ParkingCutIn_9,-393.0,3589.7,89.6,routes_training.xml,
Town12|3|ParkingCutIn|1097.9|4031.6|279.0,B_ParkingCutIn,ParkingCutIn,Town12,3,ParkingCutIn_1,1097.9,4031.6,279.0,routes_training.xml,
Town12|3|HardBreakRoute|739.6|3701.3|179.9,A_HardBreak,HardBreakRoute,Town12,3,HardBreakRoute_1,739.6,3701.3,179.9,routes_training.xml,
Town12|3|PedestrianCrossing|713.4|3701.4|179.9,D_PedestrianCrossing,PedestrianCrossing,Town12,3,PedestrianCrossing_1,713.4,3701.4,179.9,routes_training.xml,
Town12|3|HardBreakRoute|624.3|3808.8|179.9,A_HardBreak,HardBreakRoute,Town12,3,HardBreakRoute_2,624.3,3808.8,179.9,routes_training.xml,
Town12|3|VehicleTurningRoute|592.0|3808.9|179.9,C_VehicleTurning,VehicleTurningRoute,Town12,3,VehicleTurningRoute_1,592.0,3808.9,179.9,routes_training.xml,
Town12|3|ParkingCutIn|568.9|3678.3|-90.1,B_ParkingCutIn,ParkingCutIn,Town12,3,ParkingCutIn_2,568.9,3678.3,-90.1,routes_training.xml,
Town12|3|ParkingCutIn|568.7|3578.4|-90.1,B_ParkingCutIn,ParkingCutIn,Town12,3,ParkingCutIn_3,568.7,3578.4,-90.1,routes_training.xml,
Town12|3|HardBreakRoute|619.7|3491.5|-0.1,A_HardBreak,HardBreakRoute,Town12,3,HardBreakRoute_3,619.7,3491.5,-0.1,routes_training.xml,
Town12|3|ParkingCutIn|675.4|3619.9|89.6,B_ParkingCutIn,ParkingCutIn,Town12,3,ParkingCutIn_4,675.4,3619.9,89.6,routes_training.xml,
Town12|3|HardBreakRoute|414.8|3595.1|179.9,A_HardBreak,HardBreakRoute,Town12,3,HardBreakRoute_4,414.8,3595.1,179.9,routes_training.xml,
Town12|3|ParkingCutIn|355.9|3553.5|-90.0,B_ParkingCutIn,ParkingCutIn,Town12,3,ParkingCutIn_5,355.9,3553.5,-90.0,routes_training.xml,
Town12|3|HardBreakRoute|204.2|3489.2|179.9,A_HardBreak,HardBreakRoute,Town12,3,HardBreakRoute_5,204.2,3489.2,179.9,routes_training.xml,
Town12|3|ParkingCutIn|33.9|3521.9|89.6,B_ParkingCutIn,ParkingCutIn,Town12,3,ParkingCutIn_6,33.9,3521.9,89.6,routes_training.xml,
Town12|3|ParkingCutIn|34.6|3626.4|89.6,B_ParkingCutIn,ParkingCutIn,Town12,3,ParkingCutIn_7,34.6,3626.4,89.6,routes_training.xml,
Town12|3|HardBreakRoute|196.2|3812.6|-0.1,A_HardBreak,HardBreakRoute,Town12,3,HardBreakRoute_6,196.2,3812.6,-0.1,routes_training.xml,
Town12|3|ParkingCutIn|356.0|3786.5|-90.0,B_ParkingCutIn,ParkingCutIn,Town12,3,ParkingCutIn_8,356.0,3786.5,-90.0,routes_training.xml,
Town12|3|ParkingCutIn|355.9|3682.2|-90.0,B_ParkingCutIn,ParkingCutIn,Town12,3,ParkingCutIn_9,355.9,3682.2,-90.0,routes_training.xml,
Town12|3|HardBreakRoute|246.0|3643.4|90.0,A_HardBreak,HardBreakRoute,Town12,3,HardBreakRoute_7,246.0,3643.4,90.0,routes_training.xml,
Town12|3|HardBreakRoute|382.4|3914.9|179.7,A_HardBreak,HardBreakRoute,Town12,3,HardBreakRoute_8,382.4,3914.9,179.7,routes_training.xml,
Town12|3|PedestrianCrossing|293.5|4190.6|179.9,D_PedestrianCrossing,PedestrianCrossing,Town12,3,PedestrianCrossing_2,293.5,4190.6,179.9,routes_training.xml,
Town12|3|HardBreakRoute|687.0|4620.3|-0.1,A_HardBreak,HardBreakRoute,Town12,3,HardBreakRoute_9,687.0,4620.3,-0.1,routes_training.xml,
Town12|3|HardBreakRoute|798.3|4449.7|279.1,A_HardBreak,HardBreakRoute,Town12,3,HardBreakRoute_10,798.3,4449.7,279.1,routes_training.xml,
Town12|3|ParkingCutIn|569.7|4022.6|89.9,B_ParkingCutIn,ParkingCutIn,Town12,3,ParkingCutIn_10,569.7,4022.6,89.9,routes_training.xml,
Town12|3|VehicleTurningRoute|570.1|4167.2|89.9,C_VehicleTurning,VehicleTurningRoute,Town12,3,VehicleTurningRoute_2,570.1,4167.2,89.9,routes_training.xml,
Town12|3|ParkingCutIn|463.0|4166.4|-90.0,B_ParkingCutIn,ParkingCutIn,Town12,3,ParkingCutIn_11,463.0,4166.4,-90.0,routes_training.xml,
Town12|3|ParkingCutIn|355.7|4115.9|89.8,B_ParkingCutIn,ParkingCutIn,Town12,3,ParkingCutIn_12,355.7,4115.9,89.8,routes_training.xml,
Town12|4|HardBreakRoute|1662.8|2181.2|-0.2,A_HardBreak,HardBreakRoute,Town12,4,HardBreakRoute_1,1662.8,2181.2,-0.2,routes_training.xml,
Town12|4|HardBreakRoute|1887.7|1718.3|180.0,A_HardBreak,HardBreakRoute,Town12,4,HardBreakRoute_2,1887.7,1718.3,180.0,routes_training.xml,
Town12|4|VehicleTurningRoute|1661.4|1718.3|180.0,C_VehicleTurning,VehicleTurningRoute,Town12,4,VehicleTurningRoute_1,1661.4,1718.3,180.0,routes_training.xml,
Town12|4|HardBreakRoute|1780.8|2003.1|89.8,A_HardBreak,HardBreakRoute,Town12,4,HardBreakRoute_3,1780.8,2003.1,89.8,routes_training.xml,
Town12|4|HardBreakRoute|1676.2|1720.8|-0.0,A_HardBreak,HardBreakRoute,Town12,4,HardBreakRoute_4,1676.2,1720.8,-0.0,routes_training.xml,
Town12|4|HardBreakRoute|2183.7|2003.5|89.8,A_HardBreak,HardBreakRoute,Town12,4,HardBreakRoute_5,2183.7,2003.5,89.8,routes_training.xml,
Town12|4|VehicleTurningRoute|2020.3|2294.9|180.0,C_VehicleTurning,VehicleTurningRoute,Town12,4,VehicleTurningRoute_2,2020.3,2294.9,180.0,routes_training.xml,
Town12|4|HardBreakRoute|2247.6|2064.2|-0.2,A_HardBreak,HardBreakRoute,Town12,4,HardBreakRoute_6,2247.6,2064.2,-0.2,routes_training.xml,
Town12|4|HardBreakRoute|2008.6|2641.8|179.8,A_HardBreak,HardBreakRoute,Town12,4,HardBreakRoute_7,2008.6,2641.8,179.8,routes_training.xml,
Town12|4|HardBreakRoute|2185.3|2464.3|90.1,A_HardBreak,HardBreakRoute,Town12,4,HardBreakRoute_8,2185.3,2464.3,90.1,routes_training.xml,
Town12|5|VehicleTurningRoute|3710.8|2467.8|90.0,C_VehicleTurning,VehicleTurningRoute,Town12,5,VehicleTurningRoute_1,3710.8,2467.8,90.0,routes_training.xml,
Town12|5|HardBreakRoute|3123.7|2582.5|90.0,A_HardBreak,HardBreakRoute,Town12,5,HardBreakRoute_1,3123.7,2582.5,90.0,routes_training.xml,
Town12|5|VehicleTurningRoute|3481.9|2452.5|269.7,C_VehicleTurning,VehicleTurningRoute,Town12,5,VehicleTurningRoute_2,3481.9,2452.5,269.7,routes_training.xml,
Town12|5|HardBreakRoute|2838.9|2407.9|179.8,A_HardBreak,HardBreakRoute,Town12,5,HardBreakRoute_2,2838.9,2407.9,179.8,routes_training.xml,
Town12|5|HardBreakRoute|2772.6|2335.4|89.8,A_HardBreak,HardBreakRoute,Town12,5,HardBreakRoute_3,2772.6,2335.4,89.8,routes_training.xml,
Town12|5|HardBreakRoute|2889.7|1900.9|269.6,A_HardBreak,HardBreakRoute,Town12,5,HardBreakRoute_4,2889.7,1900.9,269.6,routes_training.xml,
Town12|5|VehicleTurningRoute|2888.6|1725.6|269.6,C_VehicleTurning,VehicleTurningRoute,Town12,5,VehicleTurningRoute_3,2888.6,1725.6,269.6,routes_training.xml,
Town12|5|VehicleTurningRoute|2771.1|1797.4|89.8,C_VehicleTurning,VehicleTurningRoute,Town12,5,VehicleTurningRoute_4,2771.1,1797.4,89.8,routes_training.xml,
Town12|5|HardBreakRoute|2720.7|1596.6|179.9,A_HardBreak,HardBreakRoute,Town12,5,HardBreakRoute_5,2720.7,1596.6,179.9,routes_training.xml,
Town12|5|HardBreakRoute|2386.2|1761.6|90.1,A_HardBreak,HardBreakRoute,Town12,5,HardBreakRoute_6,2386.2,1761.6,90.1,routes_training.xml,
Town12|5|VehicleTurningRoute|2385.8|2025.4|90.1,C_VehicleTurning,VehicleTurningRoute,Town12,5,VehicleTurningRoute_5,2385.8,2025.4,90.1,routes_training.xml,
Town12|5|HardBreakRoute|2342.9|2061.4|179.8,A_HardBreak,HardBreakRoute,Town12,5,HardBreakRoute_7,2342.9,2061.4,179.8,routes_training.xml,
Town12|6|HardBreakRoute|3485.8|-196.7|269.5,A_HardBreak,HardBreakRoute,Town12,6,HardBreakRoute_1,3485.8,-196.7,269.5,routes_training.xml,
Town12|6|VehicleTurningRoute|3485.8|-220.0|269.5,C_VehicleTurning,VehicleTurningRoute,Town12,6,VehicleTurningRoute_1,3485.8,-220,269.5,routes_training.xml,
Town12|6|HardBreakRoute|2783.4|-524.2|270.0,A_HardBreak,HardBreakRoute,Town12,6,HardBreakRoute_2,2783.4,-524.2,270.0,routes_training.xml,
Town12|6|HardBreakRoute|2372.9|-601.7|89.8,A_HardBreak,HardBreakRoute,Town12,6,HardBreakRoute_3,2372.9,-601.7,89.8,routes_training.xml,
Town12|6|HardBreakRoute|3099.0|-90.7|360.0,A_HardBreak,HardBreakRoute,Town12,6,HardBreakRoute_4,3099.0,-90.7,360.0,routes_training.xml,
Town12|6|HardBreakRoute|3743.4|-652.5|-90.4,A_HardBreak,HardBreakRoute,Town12,6,HardBreakRoute_5,3743.4,-652.5,-90.4,routes_training.xml,
Town12|6|HardBreakRoute|3376.3|-1731.2|-171.8,A_HardBreak,HardBreakRoute,Town12,6,HardBreakRoute_6,3376.3,-1731.2,-171.8,routes_training.xml,
Town12|6|HardBreakRoute|2679.6|-1695.3|171.7,A_HardBreak,HardBreakRoute,Town12,6,HardBreakRoute_7,2679.6,-1695.3,171.7,routes_training.xml,
Town12|7|HardBreakRoute|1408.5|-1713.1|180.0,A_HardBreak,HardBreakRoute,Town12,7,HardBreakRoute_1,1408.5,-1713.1,180.0,routes_training.xml,
Town12|7|HardBreakRoute|300.1|-1711.8|178.6,A_HardBreak,HardBreakRoute,Town12,7,HardBreakRoute_2,300.1,-1711.8,178.6,routes_training.xml,
Town12|7|HardBreakRoute|-780.3|-917.1|94.3,A_HardBreak,HardBreakRoute,Town12,7,HardBreakRoute_3,-780.3,-917.1,94.3,routes_training.xml,
Town12|7|HardBreakRoute|-731.7|-83.1|0.0,A_HardBreak,HardBreakRoute,Town12,7,HardBreakRoute_4,-731.7,-83.1,0.0,routes_training.xml,
Town12|7|HardBreakRoute|779.9|1996.2|90.1,A_HardBreak,HardBreakRoute,Town12,7,HardBreakRoute_5,779.9,1996.2,90.1,routes_training.xml,
Town12|7|VehicleTurningRoute|1754.7|2298.6|360.0,C_VehicleTurning,VehicleTurningRoute,Town12,7,VehicleTurningRoute_1,1754.7,2298.6,360.0,routes_training.xml,
Town12|8|HardBreakRoute|-3525.0|577.9|236.7,A_HardBreak,HardBreakRoute,Town12,8,HardBreakRoute_1,-3525.0,577.9,236.7,routes_training.xml,
Town12|8|HardBreakRoute|-3606.8|307.6|269.6,A_HardBreak,HardBreakRoute,Town12,8,HardBreakRoute_2,-3606.8,307.6,269.6,routes_training.xml,
Town12|8|HardBreakRoute|-3505.6|-205.8|263.8,A_HardBreak,HardBreakRoute,Town12,8,HardBreakRoute_3,-3505.6,-205.8,263.8,routes_training.xml,
Town12|8|HardBreakRoute|-4525.7|-31.5|151.7,A_HardBreak,HardBreakRoute,Town12,8,HardBreakRoute_4,-4525.7,-31.5,151.7,routes_training.xml,
Town12|8|HardBreakRoute|-5220.5|628.5|98.8,A_HardBreak,HardBreakRoute,Town12,8,HardBreakRoute_5,-5220.5,628.5,98.8,routes_training.xml,
Town12|8|HardBreakRoute|-2650.5|1611.0|358.5,A_HardBreak,HardBreakRoute,Town12,8,HardBreakRoute_6,-2650.5,1611.0,358.5,routes_training.xml,
Town12|8|HardBreakRoute|-1609.6|1610.2|0.5,A_HardBreak,HardBreakRoute,Town12,8,HardBreakRoute_7,-1609.6,1610.2,0.5,routes_training.xml,
Town12|9|ParkingCutIn|1519.7|3929.8|99.0,B_ParkingCutIn,ParkingCutIn,Town12,9,ParkingCutIn_1,1519.7,3929.8,99.0,routes_training.xml,
Town12|9|HardBreakRoute|1574.8|4039.5|9.2,A_HardBreak,HardBreakRoute,Town12,9,HardBreakRoute_1,1574.8,4039.5,9.2,routes_training.xml,
Town12|9|ParkingCutIn|1046.5|4333.2|99.5,B_ParkingCutIn,ParkingCutIn,Town12,9,ParkingCutIn_2,1046.5,4333.2,99.5,routes_training.xml,
Town12|9|HardBreakRoute|1326.9|4466.6|9.3,A_HardBreak,HardBreakRoute,Town12,9,HardBreakRoute_2,1326.9,4466.6,9.3,routes_training.xml,
Town12|9|PedestrianCrossing|1576.3|4507.5|9.3,D_PedestrianCrossing,PedestrianCrossing,Town12,9,PedestrianCrossing_1,1576.3,4507.5,9.3,routes_training.xml,
Town12|9|HardBreakRoute|1490.7|4989.0|179.9,A_HardBreak,HardBreakRoute,Town12,9,HardBreakRoute_3,1490.7,4989.0,179.9,routes_training.xml,
Town12|9|PedestrianCrossing|1362.0|5241.9|89.8,D_PedestrianCrossing,PedestrianCrossing,Town12,9,PedestrianCrossing_2,1362.0,5241.9,89.8,routes_training.xml,
Town12|9|PedestrianCrossing|1173.6|5531.2|89.9,D_PedestrianCrossing,PedestrianCrossing,Town12,9,PedestrianCrossing_3,1173.6,5531.2,89.9,routes_training.xml,
Town12|9|HardBreakRoute|986.8|5240.9|270.1,A_HardBreak,HardBreakRoute,Town12,9,HardBreakRoute_4,986.8,5240.9,270.1,routes_training.xml,
Town12|9|HardBreakRoute|793.3|4927.8|269.6,A_HardBreak,HardBreakRoute,Town12,9,HardBreakRoute_5,793.3,4927.8,269.6,routes_training.xml,
Town12|9|HardBreakRoute|392.8|4723.7|180.0,A_HardBreak,HardBreakRoute,Town12,9,HardBreakRoute_6,392.8,4723.7,180.0,routes_training.xml,
Town12|10|PedestrianCrossing|3033.4|4742.3|189.2,D_PedestrianCrossing,PedestrianCrossing,Town12,10,PedestrianCrossing_1,3033.4,4742.3,189.2,routes_training.xml,
Town12|10|ParkingCutIn|2797.7|4427.1|279.4,B_ParkingCutIn,ParkingCutIn,Town12,10,ParkingCutIn_1,2797.7,4427.1,279.4,routes_training.xml,
Town12|10|PedestrianCrossing|3291.8|4259.9|98.9,D_PedestrianCrossing,PedestrianCrossing,Town12,10,PedestrianCrossing_2,3291.8,4259.9,98.9,routes_training.xml,
Town12|10|HardBreakRoute|3186.3|4293.8|189.2,A_HardBreak,HardBreakRoute,Town12,10,HardBreakRoute_1,3186.3,4293.8,189.2,routes_training.xml,
Town12|10|ParkingCutIn|3040.0|4356.2|98.9,B_ParkingCutIn,ParkingCutIn,Town12,10,ParkingCutIn_2,3040.0,4356.2,98.9,routes_training.xml,
Town12|10|VehicleTurningRoute|3021.4|4475.4|98.9,C_VehicleTurning,VehicleTurningRoute,Town12,10,VehicleTurningRoute_1,3021.4,4475.4,98.9,routes_training.xml,
Town12|10|HardBreakRoute|3061.5|4513.8|9.2,A_HardBreak,HardBreakRoute,Town12,10,HardBreakRoute_2,3061.5,4513.8,9.2,routes_training.xml,
Town12|10|PedestrianCrossing|3715.1|4268.7|9.0,D_PedestrianCrossing,PedestrianCrossing,Town12,10,PedestrianCrossing_3,3715.1,4268.7,9.0,routes_training.xml,
Town12|10|HardBreakRoute|3715.5|4538.1|98.9,A_HardBreak,HardBreakRoute,Town12,10,HardBreakRoute_3,3715.5,4538.1,98.9,routes_training.xml,
Town12|10|VehicleTurningRoute|3708.0|4586.1|98.9,C_VehicleTurning,VehicleTurningRoute,Town12,10,VehicleTurningRoute_2,3708.0,4586.1,98.9,routes_training.xml,
Town12|10|ParkingCutIn|3455.5|4719.2|99.6,B_ParkingCutIn,ParkingCutIn,Town12,10,ParkingCutIn_3,3455.5,4719.2,99.6,routes_training.xml,
Town12|10|ParkingCutIn|3396.5|5065.1|99.8,B_ParkingCutIn,ParkingCutIn,Town12,10,ParkingCutIn_4,3396.5,5065.1,99.8,routes_training.xml,
Town12|10|PedestrianCrossing|3368.9|5225.0|99.5,D_PedestrianCrossing,PedestrianCrossing,Town12,10,PedestrianCrossing_4,3368.9,5225.0,99.5,routes_training.xml,
Town12|10|HardBreakRoute|3263.1|5247.5|189.1,A_HardBreak,HardBreakRoute,Town12,10,HardBreakRoute_4,3263.1,5247.5,189.1,routes_training.xml,
Town12|10|HardBreakRoute|3009.0|5442.5|189.0,A_HardBreak,HardBreakRoute,Town12,10,HardBreakRoute_5,3009.0,5442.5,189.0,routes_training.xml,
Town12|10|HardBreakRoute|2409.7|5477.4|269.7,A_HardBreak,HardBreakRoute,Town12,10,HardBreakRoute_6,2409.7,5477.4,269.7,routes_training.xml,
Town12|10|HardBreakRoute|2408.9|5295.5|269.7,A_HardBreak,HardBreakRoute,Town12,10,HardBreakRoute_7,2408.9,5295.5,269.7,routes_training.xml,
Town12|10|PedestrianCrossing|2931.5|4728.9|9.2,D_PedestrianCrossing,PedestrianCrossing,Town12,10,PedestrianCrossing_5,2931.5,4728.9,9.2,routes_training.xml,
Town12|10|ParkingCutIn|2973.9|4766.8|99.6,B_ParkingCutIn,ParkingCutIn,Town12,10,ParkingCutIn_5,2973.9,4766.8,99.6,routes_training.xml,
Town12|11|HardBreakRoute|-313.1|3978.8|179.9,A_HardBreak,HardBreakRoute,Town12,11,HardBreakRoute_1,-313.1,3978.8,179.9,routes_training.xml,
Town12|11|HardBreakRoute|863.6|3982.4|99.1,A_HardBreak,HardBreakRoute,Town12,11,HardBreakRoute_2,863.6,3982.4,99.1,routes_training.xml,
Town12|11|HardBreakRoute|546.0|4287.9|179.7,A_HardBreak,HardBreakRoute,Town12,11,HardBreakRoute_3,546.0,4287.9,179.7,routes_training.xml,
Town12|11|HardBreakRoute|-1266.0|4882.4|180.3,A_HardBreak,HardBreakRoute,Town12,11,HardBreakRoute_4,-1266.0,4882.4,180.3,routes_training.xml,
Town12|11|HardBreakRoute|-1459.7|4881.3|180.3,A_HardBreak,HardBreakRoute,Town12,11,HardBreakRoute_5,-1459.7,4881.3,180.3,routes_training.xml,
Town12|11|HardBreakRoute|-1668.8|5663.3|89.8,A_HardBreak,HardBreakRoute,Town12,11,HardBreakRoute_6,-1668.8,5663.3,89.8,routes_training.xml,
Town12|11|HardBreakRoute|-894.6|5629.7|-23.4,A_HardBreak,HardBreakRoute,Town12,11,HardBreakRoute_7,-894.6,5629.7,-23.4,routes_training.xml,
Town12|11|HardBreakRoute|-820.1|4414.6|269.9,A_HardBreak,HardBreakRoute,Town12,11,HardBreakRoute_8,-820.1,4414.6,269.9,routes_training.xml,
Town12|12|HardBreakRoute|687.0|4733.3|-0.0,A_HardBreak,HardBreakRoute,Town12,12,HardBreakRoute_1,687.0,4733.3,-0.0,routes_training.xml,
Town12|12|HardBreakRoute|783.2|4871.5|89.6,A_HardBreak,HardBreakRoute,Town12,12,HardBreakRoute_2,783.2,4871.5,89.6,routes_training.xml,
Town12|12|ParkingCutIn|1176.3|5141.5|269.9,B_ParkingCutIn,ParkingCutIn,Town12,12,ParkingCutIn_1,1176.3,5141.5,269.9,routes_training.xml,
Town12|12|HardBreakRoute|1253.7|4999.4|-0.1,A_HardBreak,HardBreakRoute,Town12,12,HardBreakRoute_3,1253.7,4999.4,-0.1,routes_training.xml,
Town12|12|HardBreakRoute|1598.2|4998.5|-0.1,A_HardBreak,HardBreakRoute,Town12,12,HardBreakRoute_4,1598.2,4998.5,-0.1,routes_training.xml,
Town12|12|PedestrianCrossing|1749.0|5170.5|89.6,D_PedestrianCrossing,PedestrianCrossing,Town12,12,PedestrianCrossing_1,1749.0,5170.5,89.6,routes_training.xml,
Town12|12|HardBreakRoute|1659.2|5584.9|-0.0,A_HardBreak,HardBreakRoute,Town12,12,HardBreakRoute_5,1659.2,5584.9,-0.0,routes_training.xml,
Town12|12|HardBreakRoute|2048.6|6058.0|-162.9,A_HardBreak,HardBreakRoute,Town12,12,HardBreakRoute_6,2048.6,6058.0,-162.9,routes_training.xml,
Town12|12|HardBreakRoute|409.5|6103.8|144.8,A_HardBreak,HardBreakRoute,Town12,12,HardBreakRoute_7,409.5,6103.8,144.8,routes_training.xml,
Town12|12|HardBreakRoute|-248.9|6339.8|179.7,A_HardBreak,HardBreakRoute,Town12,12,HardBreakRoute_8,-248.9,6339.8,179.7,routes_training.xml,
Town12|12|HardBreakRoute|-565.7|6341.5|179.7,A_HardBreak,HardBreakRoute,Town12,12,HardBreakRoute_9,-565.7,6341.5,179.7,routes_training.xml,
Town12|13|ParkingCutIn|3254.9|4507.8|279.2,B_ParkingCutIn,ParkingCutIn,Town12,13,ParkingCutIn_1,3254.9,4507.8,279.2,routes_training.xml,
Town12|13|PedestrianCrossing|3274.1|4389.6|279.2,D_PedestrianCrossing,PedestrianCrossing,Town12,13,PedestrianCrossing_1,3274.1,4389.6,279.2,routes_training.xml,
Town12|13|VehicleTurningRoute|3469.9|4349.6|9.2,C_VehicleTurning,VehicleTurningRoute,Town12,13,VehicleTurningRoute_1,3469.9,4349.6,9.2,routes_training.xml,
Town12|13|HardBreakRoute|3640.8|4607.5|9.2,A_HardBreak,HardBreakRoute,Town12,13,HardBreakRoute_1,3640.8,4607.5,9.2,routes_training.xml,
Town12|13|HardBreakRoute|3502.3|5052.4|189.2,A_HardBreak,HardBreakRoute,Town12,13,HardBreakRoute_2,3502.3,5052.4,189.2,routes_training.xml,
Town12|13|PedestrianCrossing|3464.6|5046.3|189.2,D_PedestrianCrossing,PedestrianCrossing,Town12,13,PedestrianCrossing_2,3464.6,5046.3,189.2,routes_training.xml,
Town12|13|PedestrianCrossing|3139.5|5183.5|99.2,D_PedestrianCrossing,PedestrianCrossing,Town12,13,PedestrianCrossing_3,3139.5,5183.5,99.2,routes_training.xml,
Town12|13|HardBreakRoute|3054.9|5214.2|189.1,A_HardBreak,HardBreakRoute,Town12,13,HardBreakRoute_3,3054.9,5214.2,189.1,routes_training.xml,
Town12|13|HardBreakRoute|2879.0|5356.1|99.1,A_HardBreak,HardBreakRoute,Town12,13,HardBreakRoute_4,2879.0,5356.1,99.1,routes_training.xml,
Town12|13|VehicleTurningRoute|2876.9|5369.0|99.1,C_VehicleTurning,VehicleTurningRoute,Town12,13,VehicleTurningRoute_2,2876.9,5369.0,99.1,routes_training.xml,
Town12|13|HardBreakRoute|3259.5|5367.3|9.0,A_HardBreak,HardBreakRoute,Town12,13,HardBreakRoute_5,3259.5,5367.3,9.0,routes_training.xml,
Town12|13|PedestrianCrossing|2595.2|4671.5|189.2,D_PedestrianCrossing,PedestrianCrossing,Town12,13,PedestrianCrossing_4,2595.2,4671.5,189.2,routes_training.xml,
Town12|13|HardBreakRoute|2857.6|4480.9|9.2,A_HardBreak,HardBreakRoute,Town12,13,HardBreakRoute_6,2857.6,4480.9,9.2,routes_training.xml,
Town12|13|VehicleTurningRoute|2978.8|4500.5|9.2,C_VehicleTurning,VehicleTurningRoute,Town12,13,VehicleTurningRoute_3,2978.8,4500.5,9.2,routes_training.xml,
Town12|13|ParkingCutIn|3011.3|4539.8|98.9,B_ParkingCutIn,ParkingCutIn,Town12,13,ParkingCutIn_2,3011.3,4539.8,98.9,routes_training.xml,
Town12|13|HardBreakRoute|3092.5|4638.4|9.2,A_HardBreak,HardBreakRoute,Town12,13,HardBreakRoute_7,3092.5,4638.4,9.2,routes_training.xml,
Town12|13|ParkingCutIn|3447.2|4786.4|279.6,B_ParkingCutIn,ParkingCutIn,Town12,13,ParkingCutIn_3,3447.2,4786.4,279.6,routes_training.xml,
Town12|14|HardBreakRoute|2398.3|4288.2|9.7,A_HardBreak,HardBreakRoute,Town12,14,HardBreakRoute_1,2398.3,4288.2,9.7,routes_training.xml,
Town12|14|VehicleTurningRoute|2072.2|3998.2|189.2,C_VehicleTurning,VehicleTurningRoute,Town12,14,VehicleTurningRoute_1,2072.2,3998.2,189.2,routes_training.xml,
Town12|14|PedestrianCrossing|2010.8|4047.9|99.2,D_PedestrianCrossing,PedestrianCrossing,Town12,14,PedestrianCrossing_1,2010.8,4047.9,99.2,routes_training.xml,
Town12|14|HardBreakRoute|1892.8|4084.5|189.2,A_HardBreak,HardBreakRoute,Town12,14,HardBreakRoute_2,1892.8,4084.5,189.2,routes_training.xml,
Town12|14|PedestrianCrossing|1098.9|4025.1|279.0,D_PedestrianCrossing,PedestrianCrossing,Town12,14,PedestrianCrossing_2,1098.9,4025.1,279.0,routes_training.xml,
Town12|14|VehicleTurningRoute|1265.5|3989.4|9.2,C_VehicleTurning,VehicleTurningRoute,Town12,14,VehicleTurningRoute_2,1265.5,3989.4,9.2,routes_training.xml,
Town12|14|PedestrianCrossing|983.3|3821.3|189.2,D_PedestrianCrossing,PedestrianCrossing,Town12,14,PedestrianCrossing_3,983.3,3821.3,189.2,routes_training.xml,
Town12|14|VehicleTurningRoute|617.6|4082.9|179.9,C_VehicleTurning,VehicleTurningRoute,Town12,14,VehicleTurningRoute_3,617.6,4082.9,179.9,routes_training.xml,
Town12|14|HardBreakRoute|526.3|4190.1|179.9,A_HardBreak,HardBreakRoute,Town12,14,HardBreakRoute_3,526.3,4190.1,179.9,routes_training.xml,
Town12|14|PedestrianCrossing|461.5|4225.6|89.7,D_PedestrianCrossing,PedestrianCrossing,Town12,14,PedestrianCrossing_4,461.5,4225.6,89.7,routes_training.xml,
Town12|14|HardBreakRoute|462.8|4441.5|89.7,A_HardBreak,HardBreakRoute,Town12,14,HardBreakRoute_4,462.8,4441.5,89.7,routes_training.xml,
Town12|14|HardBreakRoute|782.5|4778.7|89.6,A_HardBreak,HardBreakRoute,Town12,14,HardBreakRoute_5,782.5,4778.7,89.6,routes_training.xml,
Town12|14|HardBreakRoute|632.3|5030.1|162.5,A_HardBreak,HardBreakRoute,Town12,14,HardBreakRoute_6,632.3,5030.1,162.5,routes_training.xml,
Town12|14|VehicleTurningRoute|282.8|5403.1|159.7,C_VehicleTurning,VehicleTurningRoute,Town12,14,VehicleTurningRoute_4,282.8,5403.1,159.7,routes_training.xml,
Town12|14|HardBreakRoute|-193.7|5024.2|156.8,A_HardBreak,HardBreakRoute,Town12,14,HardBreakRoute_7,-193.7,5024.2,156.8,routes_training.xml,
Town12|14|VehicleTurningRoute|94.0|5204.8|-23.3,C_VehicleTurning,VehicleTurningRoute,Town12,14,VehicleTurningRoute_5,94.0,5204.8,-23.3,routes_training.xml,
Town12|15|HardBreakRoute|3767.0|6031.7|108.5,A_HardBreak,HardBreakRoute,Town12,15,HardBreakRoute_1,3767.0,6031.7,108.5,routes_training.xml,
Town12|15|HardBreakRoute|1401.8|6067.1|179.7,A_HardBreak,HardBreakRoute,Town12,15,HardBreakRoute_2,1401.8,6067.1,179.7,routes_training.xml,
Town12|15|HardBreakRoute|-226.3|6494.4|177.9,A_HardBreak,HardBreakRoute,Town12,15,HardBreakRoute_3,-226.3,6494.4,177.9,routes_training.xml,
Town12|15|HardBreakRoute|-2544.7|5731.7|-86.6,A_HardBreak,HardBreakRoute,Town12,15,HardBreakRoute_4,-2544.7,5731.7,-86.6,routes_training.xml,
Town12|16|HardBreakRoute|-2517.1|5561.9|-80.9,A_HardBreak,HardBreakRoute,Town12,16,HardBreakRoute_1,-2517.1,5561.9,-80.9,routes_training.xml,
Town12|16|HardBreakRoute|-2513.7|4446.4|-91.2,A_HardBreak,HardBreakRoute,Town12,16,HardBreakRoute_2,-2513.7,4446.4,-91.2,routes_training.xml,
Town12|16|HardBreakRoute|-1831.9|3252.9|-29.3,A_HardBreak,HardBreakRoute,Town12,16,HardBreakRoute_3,-1831.9,3252.9,-29.3,routes_training.xml,
Town12|16|HardBreakRoute|-1558.5|3143.3|-14.8,A_HardBreak,HardBreakRoute,Town12,16,HardBreakRoute_4,-1558.5,3143.3,-14.8,routes_training.xml,
Town12|16|HardBreakRoute|-17.3|3100.5|-0.1,A_HardBreak,HardBreakRoute,Town12,16,HardBreakRoute_5,-17.3,3100.5,-0.1,routes_training.xml,
Town12|17|HardBreakRoute|4009.9|4595.1|98.8,A_HardBreak,HardBreakRoute,Town12,17,HardBreakRoute_1,4009.9,4595.1,98.8,routes_training.xml,
Town12|17|HardBreakRoute|1932.8|6075.7|-174.3,A_HardBreak,HardBreakRoute,Town12,17,HardBreakRoute_2,1932.8,6075.7,-174.3,routes_training.xml,
Town12|17|VehicleTurningRoute|-602.9|6338.2|179.7,C_VehicleTurning,VehicleTurningRoute,Town12,17,VehicleTurningRoute_1,-602.9,6338.2,179.7,routes_training.xml,
Town12|18|HardBreakRoute|-2502.4|5345.4|-90.0,A_HardBreak,HardBreakRoute,Town12,18,HardBreakRoute_1,-2502.4,5345.4,-90.0,routes_training.xml,
Town12|18|HardBreakRoute|-2220.1|4883.3|0.3,A_HardBreak,HardBreakRoute,Town12,18,HardBreakRoute_2,-2220.1,4883.3,0.3,routes_training.xml,
Town12|18|HardBreakRoute|-2061.5|3422.1|-43.2,A_HardBreak,HardBreakRoute,Town12,18,HardBreakRoute_3,-2061.5,3422.1,-43.2,routes_training.xml,
Town12|18|HardBreakRoute|-100.1|3104.2|-0.1,A_HardBreak,HardBreakRoute,Town12,18,HardBreakRoute_4,-100.1,3104.2,-0.1,routes_training.xml,
Town12|19|HardBreakRoute|2035.6|3077.8|180.8,A_HardBreak,HardBreakRoute,Town12,19,HardBreakRoute_1,2035.6,3077.8,180.8,routes_training.xml,
Town12|19|HardBreakRoute|1271.3|3081.6|179.9,A_HardBreak,HardBreakRoute,Town12,19,HardBreakRoute_2,1271.3,3081.6,179.9,routes_training.xml,
Town12|19|HardBreakRoute|-207.4|3100.8|-0.1,A_HardBreak,HardBreakRoute,Town12,19,HardBreakRoute_3,-207.4,3100.8,-0.1,routes_training.xml,
Town12|19|HardBreakRoute|1442.2|3098.9|-0.1,A_HardBreak,HardBreakRoute,Town12,19,HardBreakRoute_4,1442.2,3098.9,-0.1,routes_training.xml,
Town12|19|HardBreakRoute|3205.7|3116.0|-0.3,A_HardBreak,HardBreakRoute,Town12,19,HardBreakRoute_5,3205.7,3116.0,-0.3,routes_training.xml,
Town12|20|ParkingCutIn|-177.1|4540.5|89.9,B_ParkingCutIn,ParkingCutIn,Town12,20,ParkingCutIn_1,-177.1,4540.5,89.9,routes_training.xml,
Town12|20|HardBreakRoute|-267.4|4515.6|-0.1,A_HardBreak,HardBreakRoute,Town12,20,HardBreakRoute_1,-267.4,4515.6,-0.1,routes_training.xml,
Town12|20|PedestrianCrossing|-29.8|4407.6|-0.1,D_PedestrianCrossing,PedestrianCrossing,Town12,20,PedestrianCrossing_1,-29.8,4407.6,-0.1,routes_training.xml,
Town12|20|ParkingCutIn|249.3|4437.8|90.0,B_ParkingCutIn,ParkingCutIn,Town12,20,ParkingCutIn_2,249.3,4437.8,90.0,routes_training.xml,
Town12|20|HardBreakRoute|188.5|4618.7|179.9,A_HardBreak,HardBreakRoute,Town12,20,HardBreakRoute_2,188.5,4618.7,179.9,routes_training.xml,
Town12|20|ParkingCutIn|38.3|4374.0|269.9,B_ParkingCutIn,ParkingCutIn,Town12,20,ParkingCutIn_3,38.3,4374.0,269.9,routes_training.xml,
Town12|20|HardBreakRoute|-829.5|4595.3|89.9,A_HardBreak,HardBreakRoute,Town12,20,HardBreakRoute_3,-829.5,4595.3,89.9,routes_training.xml,
Town12|20|VehicleTurningRoute|-828.2|5288.5|89.9,C_VehicleTurning,VehicleTurningRoute,Town12,20,VehicleTurningRoute_1,-828.2,5288.5,89.9,routes_training.xml,
Town12|20|HardBreakRoute|-1378.9|5468.9|89.5,A_HardBreak,HardBreakRoute,Town12,20,HardBreakRoute_4,-1378.9,5468.9,89.5,routes_training.xml,
Town12|20|PedestrianCrossing|-1194.1|5374.3|-90.2,D_PedestrianCrossing,PedestrianCrossing,Town12,20,PedestrianCrossing_2,-1194.1,5374.3,-90.2,routes_training.xml,
Town12|20|VehicleTurningRoute|-803.7|5923.4|0.3,C_VehicleTurning,VehicleTurningRoute,Town12,20,VehicleTurningRoute_2,-803.7,5923.4,0.3,routes_training.xml,
Town12|20|HardBreakRoute|-443.5|5982.0|146.4,A_HardBreak,HardBreakRoute,Town12,20,HardBreakRoute_5,-443.5,5982.0,146.4,routes_training.xml,
Town12|21|HardBreakRoute|983.3|5653.2|89.9,A_HardBreak,HardBreakRoute,Town12,21,HardBreakRoute_1,983.3,5653.2,89.9,routes_training.xml,
Town12|21|HardBreakRoute|936.9|5821.3|180.0,A_HardBreak,HardBreakRoute,Town12,21,HardBreakRoute_2,936.9,5821.3,180.0,routes_training.xml,
Town12|21|PedestrianCrossing|193.6|5915.4|-179.5,D_PedestrianCrossing,PedestrianCrossing,Town12,21,PedestrianCrossing_1,193.6,5915.4,-179.5,routes_training.xml,
Town12|21|HardBreakRoute|75.2|6103.7|-0.0,A_HardBreak,HardBreakRoute,Town12,21,HardBreakRoute_3,75.2,6103.7,-0.0,routes_training.xml,
Town12|21|VehicleTurningRoute|235.0|6103.6|-0.0,C_VehicleTurning,VehicleTurningRoute,Town12,21,VehicleTurningRoute_1,235.0,6103.6,-0.0,routes_training.xml,
Town12|21|HardBreakRoute|316.7|5701.3|296.6,A_HardBreak,HardBreakRoute,Town12,21,HardBreakRoute_4,316.7,5701.3,296.6,routes_training.xml,
Town12|21|VehicleTurningRoute|243.6|5576.8|179.9,C_VehicleTurning,VehicleTurningRoute,Town12,21,VehicleTurningRoute_2,243.6,5576.8,179.9,routes_training.xml,
Town12|21|HardBreakRoute|293.1|5402.2|339.7,A_HardBreak,HardBreakRoute,Town12,21,HardBreakRoute_5,293.1,5402.2,339.7,routes_training.xml,
Town12|21|HardBreakRoute|795.3|5216.6|269.6,A_HardBreak,HardBreakRoute,Town12,21,HardBreakRoute_6,795.3,5216.6,269.6,routes_training.xml,
Town12|21|HardBreakRoute|1449.7|4736.9|0.3,A_HardBreak,HardBreakRoute,Town12,21,HardBreakRoute_7,1449.7,4736.9,0.3,routes_training.xml,
Town12|21|VehicleTurningRoute|1529.8|4737.2|0.3,C_VehicleTurning,VehicleTurningRoute,Town12,21,VehicleTurningRoute_3,1529.8,4737.2,0.3,routes_training.xml,
Town12|21|HardBreakRoute|1555.1|4814.6|90.3,A_HardBreak,HardBreakRoute,Town12,21,HardBreakRoute_8,1555.1,4814.6,90.3,routes_training.xml,
Town12|21|HardBreakRoute|1748.9|5161.3|89.6,A_HardBreak,HardBreakRoute,Town12,21,HardBreakRoute_9,1748.9,5161.3,89.6,routes_training.xml,
Town12|22|VehicleTurningRoute|2655.8|2443.0|269.9,C_VehicleTurning,VehicleTurningRoute,Town12,22,VehicleTurningRoute_1,2655.8,2443.0,269.9,routes_training.xml,
Town12|22|HardBreakRoute|2459.7|2561.0|89.5,A_HardBreak,HardBreakRoute,Town12,22,HardBreakRoute_1,2459.7,2561.0,89.5,routes_training.xml,
Town12|22|VehicleTurningRoute|2187.9|2333.6|270.1,C_VehicleTurning,VehicleTurningRoute,Town12,22,VehicleTurningRoute_2,2187.9,2333.6,270.1,routes_training.xml,
Town12|22|HardBreakRoute|2444.9|2063.5|-0.2,A_HardBreak,HardBreakRoute,Town12,22,HardBreakRoute_2,2444.9,2063.5,-0.2,routes_training.xml,
Town12|22|HardBreakRoute|2773.2|1659.0|269.8,A_HardBreak,HardBreakRoute,Town12,22,HardBreakRoute_3,2773.2,1659.0,269.8,routes_training.xml,
Town12|22|HardBreakRoute|2389.6|599.2|270.2,A_HardBreak,HardBreakRoute,Town12,22,HardBreakRoute_4,2389.6,599.2,270.2,routes_training.xml,
Town12|22|VehicleTurningRoute|2376.9|-439.3|269.8,C_VehicleTurning,VehicleTurningRoute,Town12,22,VehicleTurningRoute_3,2376.9,-439.3,269.8,routes_training.xml,
Town12|22|HardBreakRoute|3187.4|-1177.3|270.0,A_HardBreak,HardBreakRoute,Town12,22,HardBreakRoute_5,3187.4,-1177.3,270.0,routes_training.xml,
Town12|23|HardBreakRoute|3796.9|1505.7|359.9,A_HardBreak,HardBreakRoute,Town12,23,HardBreakRoute_1,3796.9,1505.7,359.9,routes_training.xml,
Town12|23|HardBreakRoute|3942.5|2137.0|89.9,A_HardBreak,HardBreakRoute,Town12,23,HardBreakRoute_2,3942.5,2137.0,89.9,routes_training.xml,
Town12|23|HardBreakRoute|3943.4|2658.9|89.9,A_HardBreak,HardBreakRoute,Town12,23,HardBreakRoute_3,3943.4,2658.9,89.9,routes_training.xml,
Town12|23|HardBreakRoute|2504.9|3323.8|99.8,A_HardBreak,HardBreakRoute,Town12,23,HardBreakRoute_4,2504.9,3323.8,99.8,routes_training.xml,
Town12|23|HardBreakRoute|3749.4|3916.3|9.3,A_HardBreak,HardBreakRoute,Town12,23,HardBreakRoute_5,3749.4,3916.3,9.3,routes_training.xml,
Town12|23|HardBreakRoute|3957.2|3950.2|9.3,A_HardBreak,HardBreakRoute,Town12,23,HardBreakRoute_6,3957.2,3950.2,9.3,routes_training.xml,
Town12|23|HardBreakRoute|3912.1|4296.9|189.0,A_HardBreak,HardBreakRoute,Town12,23,HardBreakRoute_7,3912.1,4296.9,189.0,routes_training.xml,
Town12|23|PedestrianCrossing|3746.5|4340.2|99.0,D_PedestrianCrossing,PedestrianCrossing,Town12,23,PedestrianCrossing_1,3746.5,4340.2,99.0,routes_training.xml,
Town12|23|HardBreakRoute|3592.3|4359.5|189.2,A_HardBreak,HardBreakRoute,Town12,23,HardBreakRoute_8,3592.3,4359.5,189.2,routes_training.xml,
Town12|23|HardBreakRoute|3127.5|4284.3|189.2,A_HardBreak,HardBreakRoute,Town12,23,HardBreakRoute_9,3127.5,4284.3,189.2,routes_training.xml,
Town12|23|HardBreakRoute|2720.4|4218.5|189.2,A_HardBreak,HardBreakRoute,Town12,23,HardBreakRoute_10,2720.4,4218.5,189.2,routes_training.xml,
Town12|23|HardBreakRoute|2528.6|4607.5|99.4,A_HardBreak,HardBreakRoute,Town12,23,HardBreakRoute_11,2528.6,4607.5,99.4,routes_training.xml,
Town12|23|ParkingCutIn|2407.9|4663.8|98.9,B_ParkingCutIn,ParkingCutIn,Town12,23,ParkingCutIn_1,2407.9,4663.8,98.9,routes_training.xml,
Town12|24|HardBreakRoute|987.7|2295.7|180.0,A_HardBreak,HardBreakRoute,Town12,24,HardBreakRoute_1,987.7,2295.7,180.0,routes_training.xml,
Town12|24|HardBreakRoute|470.9|3079.0|179.9,A_HardBreak,HardBreakRoute,Town12,24,HardBreakRoute_2,470.9,3079.0,179.9,routes_training.xml,
Town12|24|ParkingCutIn|-605.0|3597.8|90.0,B_ParkingCutIn,ParkingCutIn,Town12,24,ParkingCutIn_1,-605.0,3597.8,90.0,routes_training.xml,
Town12|24|PedestrianCrossing|-391.8|3773.0|89.6,D_PedestrianCrossing,PedestrianCrossing,Town12,24,PedestrianCrossing_1,-391.8,3773.0,89.6,routes_training.xml,
Town12|24|VehicleTurningRoute|-466.2|3811.5|179.9,C_VehicleTurning,VehicleTurningRoute,Town12,24,VehicleTurningRoute_1,-466.2,3811.5,179.9,routes_training.xml,
Town12|24|PedestrianCrossing|-500.0|3870.5|90.2,D_PedestrianCrossing,PedestrianCrossing,Town12,24,PedestrianCrossing_2,-500.0,3870.5,90.2,routes_training.xml,
Town12|24|HardBreakRoute|-1530.2|3915.9|180.4,A_HardBreak,HardBreakRoute,Town12,24,HardBreakRoute_3,-1530.2,3915.9,180.4,routes_training.xml,
Town12|24|HardBreakRoute|-1554.7|4074.2|0.2,A_HardBreak,HardBreakRoute,Town12,24,HardBreakRoute_4,-1554.7,4074.2,0.2,routes_training.xml,
Town12|24|HardBreakRoute|-830.1|4248.9|89.9,A_HardBreak,HardBreakRoute,Town12,24,HardBreakRoute_5,-830.1,4248.9,89.9,routes_training.xml,
Town12|24|HardBreakRoute|-1486.7|4881.1|180.3,A_HardBreak,HardBreakRoute,Town12,24,HardBreakRoute_6,-1486.7,4881.1,180.3,routes_training.xml,
Town12|24|HardBreakRoute|-2211.0|4880.1|180.3,A_HardBreak,HardBreakRoute,Town12,24,HardBreakRoute_7,-2211.0,4880.1,180.3,routes_training.xml,
Town12|25|HardBreakRoute|122.0|-82.7|0.0,A_HardBreak,HardBreakRoute,Town12,25,HardBreakRoute_1,122.0,-82.7,0.0,routes_training.xml,
Town12|25|HardBreakRoute|1500.0|-82.7|360.0,A_HardBreak,HardBreakRoute,Town12,25,HardBreakRoute_2,1500.0,-82.7,360.0,routes_training.xml,
Town12|25|HardBreakRoute|1721.8|-82.8|360.0,A_HardBreak,HardBreakRoute,Town12,25,HardBreakRoute_3,1721.8,-82.8,360.0,routes_training.xml,
Town12|25|HardBreakRoute|2377.0|-390.5|269.8,A_HardBreak,HardBreakRoute,Town12,25,HardBreakRoute_4,2377.0,-390.5,269.8,routes_training.xml,
Town12|25|HardBreakRoute|3056.5|-909.1|-0.2,A_HardBreak,HardBreakRoute,Town12,25,HardBreakRoute_5,3056.5,-909.1,-0.2,routes_training.xml,
Town12|25|HardBreakRoute|2913.1|-94.2|180.0,A_HardBreak,HardBreakRoute,Town12,25,HardBreakRoute_6,2913.1,-94.2,180.0,routes_training.xml,
Town12|25|HardBreakRoute|2783.2|-375.4|270.0,A_HardBreak,HardBreakRoute,Town12,25,HardBreakRoute_7,2783.2,-375.4,270.0,routes_training.xml,
Town12|26|HardBreakRoute|949.2|3512.1|279.1,A_HardBreak,HardBreakRoute,Town12,26,HardBreakRoute_1,949.2,3512.1,279.1,routes_training.xml,
Town12|26|HardBreakRoute|1427.9|3098.9|-0.1,A_HardBreak,HardBreakRoute,Town12,26,HardBreakRoute_2,1427.9,3098.9,-0.1,routes_training.xml,
Town12|26|HardBreakRoute|2476.1|3110.1|0.5,A_HardBreak,HardBreakRoute,Town12,26,HardBreakRoute_3,2476.1,3110.1,0.5,routes_training.xml,
Town12|26|HardBreakRoute|3858.3|5489.8|100.1,A_HardBreak,HardBreakRoute,Town12,26,HardBreakRoute_4,3858.3,5489.8,100.1,routes_training.xml,
Town12|26|HardBreakRoute|2219.3|6116.9|-169.6,A_HardBreak,HardBreakRoute,Town12,26,HardBreakRoute_5,2219.3,6116.9,-169.6,routes_training.xml,
Town12|27|HardBreakRoute|-1621.4|6471.4|-188.4,A_HardBreak,HardBreakRoute,Town12,27,HardBreakRoute_1,-1621.4,6471.4,-188.4,routes_training.xml,
Town12|27|HardBreakRoute|-2476.5|4110.1|-74.5,A_HardBreak,HardBreakRoute,Town12,27,HardBreakRoute_2,-2476.5,4110.1,-74.5,routes_training.xml,
Town12|27|HardBreakRoute|-1529.7|3132.5|-13.3,A_HardBreak,HardBreakRoute,Town12,27,HardBreakRoute_3,-1529.7,3132.5,-13.3,routes_training.xml,
Town12|27|HardBreakRoute|-1916.0|3284.7|146.5,A_HardBreak,HardBreakRoute,Town12,27,HardBreakRoute_4,-1916.0,3284.7,146.5,routes_training.xml,
Town12|27|HardBreakRoute|-2746.8|4038.8|-139.3,A_HardBreak,HardBreakRoute,Town12,27,HardBreakRoute_5,-2746.8,4038.8,-139.3,routes_training.xml,
Town12|28|HardBreakRoute|-3069.1|4012.5|305.5,A_HardBreak,HardBreakRoute,Town12,28,HardBreakRoute_1,-3069.1,4012.5,305.5,routes_training.xml,
Town12|28|HardBreakRoute|-3055.7|3019.4|212.8,A_HardBreak,HardBreakRoute,Town12,28,HardBreakRoute_2,-3055.7,3019.4,212.8,routes_training.xml,
Town12|28|HardBreakRoute|-3311.2|2076.8|259.9,A_HardBreak,HardBreakRoute,Town12,28,HardBreakRoute_3,-3311.2,2076.8,259.9,routes_training.xml,
Town12|28|VehicleTurningRoute|-3359.8|1956.8|242.8,C_VehicleTurning,VehicleTurningRoute,Town12,28,VehicleTurningRoute_1,-3359.8,1956.8,242.8,routes_training.xml,
Town12|28|HardBreakRoute|-2800.2|1848.8|37.0,A_HardBreak,HardBreakRoute,Town12,28,HardBreakRoute_4,-2800.2,1848.8,37.0,routes_training.xml,
Town12|28|HardBreakRoute|-2538.2|2430.7|153.4,A_HardBreak,HardBreakRoute,Town12,28,HardBreakRoute_5,-2538.2,2430.7,153.4,routes_training.xml,
Town12|28|HardBreakRoute|-2843.5|2988.1|111.5,A_HardBreak,HardBreakRoute,Town12,28,HardBreakRoute_6,-2843.5,2988.1,111.5,routes_training.xml,
Town12|28|HardBreakRoute|-2913.3|3333.9|121.3,A_HardBreak,HardBreakRoute,Town12,28,HardBreakRoute_7,-2913.3,3333.9,121.3,routes_training.xml,
Town12|29|HardBreakRoute|-1626.7|1606.6|-179.5,A_HardBreak,HardBreakRoute,Town12,29,HardBreakRoute_1,-1626.7,1606.6,-179.5,routes_training.xml,
Town12|29|HardBreakRoute|-2863.3|783.3|251.5,A_HardBreak,HardBreakRoute,Town12,29,HardBreakRoute_2,-2863.3,783.3,251.5,routes_training.xml,
Town12|29|HardBreakRoute|-3306.1|664.2|177.7,A_HardBreak,HardBreakRoute,Town12,29,HardBreakRoute_3,-3306.1,664.2,177.7,routes_training.xml,
Town12|29|HardBreakRoute|-3777.5|737.7|-81.8,A_HardBreak,HardBreakRoute,Town12,29,HardBreakRoute_4,-3777.5,737.7,-81.8,routes_training.xml,
Town12|29|HardBreakRoute|-3948.1|1734.3|194.4,A_HardBreak,HardBreakRoute,Town12,29,HardBreakRoute_5,-3948.1,1734.3,194.4,routes_training.xml,
Town12|30|HardBreakRoute|225.5|6100.9|180.0,A_HardBreak,HardBreakRoute,Town12,30,HardBreakRoute_1,225.5,6100.9,180.0,routes_training.xml,
Town12|30|HardBreakRoute|97.4|6100.9|180.0,A_HardBreak,HardBreakRoute,Town12,30,HardBreakRoute_2,97.4,6100.9,180.0,routes_training.xml,
Town12|30|VehicleTurningRoute|-711.8|6163.6|113.0,C_VehicleTurning,VehicleTurningRoute,Town12,30,VehicleTurningRoute_1,-711.8,6163.6,113.0,routes_training.xml,
Town12|30|HardBreakRoute|-817.5|5860.5|269.9,A_HardBreak,HardBreakRoute,Town12,30,HardBreakRoute_3,-817.5,5860.5,269.9,routes_training.xml,
Town12|30|HardBreakRoute|-819.0|5027.2|269.9,A_HardBreak,HardBreakRoute,Town12,30,HardBreakRoute_4,-819.0,5027.2,269.9,routes_training.xml,
Town12|30|VehicleTurningRoute|-495.9|5033.4|89.7,C_VehicleTurning,VehicleTurningRoute,Town12,30,VehicleTurningRoute_2,-495.9,5033.4,89.7,routes_training.xml,
Town12|30|HardBreakRoute|-535.4|5234.1|0.9,A_HardBreak,HardBreakRoute,Town12,30,HardBreakRoute_5,-535.4,5234.1,0.9,routes_training.xml,
Town12|30|HardBreakRoute|-374.1|5188.6|-47.7,A_HardBreak,HardBreakRoute,Town12,30,HardBreakRoute_6,-374.1,5188.6,-47.7,routes_training.xml,
Town12|30|HardBreakRoute|-168.0|5395.3|66.3,A_HardBreak,HardBreakRoute,Town12,30,HardBreakRoute_7,-168.0,5395.3,66.3,routes_training.xml,
Town12|31|ParkingCutIn|-710.9|3587.4|-90.0,B_ParkingCutIn,ParkingCutIn,Town12,31,ParkingCutIn_1,-710.9,3587.4,-90.0,routes_training.xml,
Town12|31|HardBreakRoute|-764.2|3490.1|179.9,A_HardBreak,HardBreakRoute,Town12,31,HardBreakRoute_1,-764.2,3490.1,179.9,routes_training.xml,
Town12|31|VehicleTurningRoute|-1158.2|3796.6|180.3,C_VehicleTurning,VehicleTurningRoute,Town12,31,VehicleTurningRoute_1,-1158.2,3796.6,180.3,routes_training.xml,
Town12|31|HardBreakRoute|-1215.9|3591.3|91.5,A_HardBreak,HardBreakRoute,Town12,31,HardBreakRoute_2,-1215.9,3591.3,91.5,routes_training.xml,
Town12|31|VehicleTurningRoute|-1156.6|3673.1|16.6,C_VehicleTurning,VehicleTurningRoute,Town12,31,VehicleTurningRoute_2,-1156.6,3673.1,16.6,routes_training.xml,
Town12|31|HardBreakRoute|-1527.0|3567.2|277.0,A_HardBreak,HardBreakRoute,Town12,31,HardBreakRoute_3,-1527.0,3567.2,277,routes_training.xml,
Town12|31|PedestrianCrossing|-1553.4|3309.4|270.1,D_PedestrianCrossing,PedestrianCrossing,Town12,31,PedestrianCrossing_1,-1553.4,3309.4,270.1,routes_training.xml,
Town12|31|PedestrianCrossing|-1320.1|3691.8|-12.7,D_PedestrianCrossing,PedestrianCrossing,Town12,31,PedestrianCrossing_2,-1320.1,3691.8,-12.7,routes_training.xml,
Town12|31|HardBreakRoute|-1671.8|4950.6|89.8,A_HardBreak,HardBreakRoute,Town12,31,HardBreakRoute_4,-1671.8,4950.6,89.8,routes_training.xml,
Town12|31|HardBreakRoute|-1667.7|5154.7|89.8,A_HardBreak,HardBreakRoute,Town12,31,HardBreakRoute_5,-1667.7,5154.7,89.8,routes_training.xml,
Town12|31|VehicleTurningRoute|-1667.1|5294.5|89.8,C_VehicleTurning,VehicleTurningRoute,Town12,31,VehicleTurningRoute_3,-1667.1,5294.5,89.8,routes_training.xml,
Town12|32|ParkingCutIn|-174.5|4391.1|269.9,B_ParkingCutIn,ParkingCutIn,Town12,32,ParkingCutIn_1,-174.5,4391.1,269.9,routes_training.xml,
Town12|32|ParkingCutIn|-284.4|4056.2|-90.3,B_ParkingCutIn,ParkingCutIn,Town12,32,ParkingCutIn_2,-284.4,4056.2,-90.3,routes_training.xml,
Town12|32|ParkingCutIn|-177.4|3996.6|89.7,B_ParkingCutIn,ParkingCutIn,Town12,32,ParkingCutIn_3,-177.4,3996.6,89.7,routes_training.xml,
Town12|32|PedestrianCrossing|-177.2|4041.6|89.7,D_PedestrianCrossing,PedestrianCrossing,Town12,32,PedestrianCrossing_1,-177.2,4041.6,89.7,routes_training.xml,
Town12|32|PedestrianCrossing|-390.3|4151.4|90.0,D_PedestrianCrossing,PedestrianCrossing,Town12,32,PedestrianCrossing_2,-390.3,4151.4,90.0,routes_training.xml,
Town12|32|HardBreakRoute|-412.8|4192.2|179.9,A_HardBreak,HardBreakRoute,Town12,32,HardBreakRoute_1,-412.8,4192.2,179.9,routes_training.xml,
Town12|32|ParkingCutIn|-390.3|4017.5|90.0,B_ParkingCutIn,ParkingCutIn,Town12,32,ParkingCutIn_4,-390.3,4017.5,90.0,routes_training.xml,
Town12|32|ParkingCutIn|-604.9|4001.7|90.1,B_ParkingCutIn,ParkingCutIn,Town12,32,ParkingCutIn_5,-604.9,4001.7,90.1,routes_training.xml,
Town12|32|HardBreakRoute|-643.7|4347.6|136.6,A_HardBreak,HardBreakRoute,Town12,32,HardBreakRoute_2,-643.7,4347.6,136.6,routes_training.xml,
Town12|32|HardBreakRoute|-299.1|4302.6|-0.3,A_HardBreak,HardBreakRoute,Town12,32,HardBreakRoute_3,-299.1,4302.6,-0.3,routes_training.xml,
Town12|32|HardBreakRoute|251.5|4250.2|-90.1,A_HardBreak,HardBreakRoute,Town12,32,HardBreakRoute_4,251.5,4250.2,-90.1,routes_training.xml,
Town12|32|ParkingCutIn|249.3|4060.8|-90.2,B_ParkingCutIn,ParkingCutIn,Town12,32,ParkingCutIn_6,249.3,4060.8,-90.2,routes_training.xml,
Town12|32|VehicleTurningRoute|248.9|3833.3|270.0,C_VehicleTurning,VehicleTurningRoute,Town12,32,VehicleTurningRoute_1,248.9,3833.3,270.0,routes_training.xml,
Town12|32|HardBreakRoute|130.0|3810.0|179.9,A_HardBreak,HardBreakRoute,Town12,32,HardBreakRoute_5,130.0,3810.0,179.9,routes_training.xml,
Town12|32|ParkingCutIn|-70.2|3638.7|-90.1,B_ParkingCutIn,ParkingCutIn,Town12,32,ParkingCutIn_7,-70.2,3638.7,-90.1,routes_training.xml,
Town12|32|PedestrianCrossing|-70.3|3529.4|-90.1,D_PedestrianCrossing,PedestrianCrossing,Town12,32,PedestrianCrossing_3,-70.3,3529.4,-90.1,routes_training.xml,
Town12|32|ParkingCutIn|-284.1|3594.9|-90.4,B_ParkingCutIn,ParkingCutIn,Town12,32,ParkingCutIn_8,-284.1,3594.9,-90.4,routes_training.xml,
Town12|32|PedestrianCrossing|-284.5|3534.6|-90.4,D_PedestrianCrossing,PedestrianCrossing,Town12,32,PedestrianCrossing_4,-284.5,3534.6,-90.4,routes_training.xml,
Town12|32|ParkingCutIn|-393.0|3589.7|89.6,B_ParkingCutIn,ParkingCutIn,Town12,32,ParkingCutIn_9,-393.0,3589.7,89.6,routes_training.xml,
Town12|33|ParkingCutIn|1097.9|4031.6|279.0,B_ParkingCutIn,ParkingCutIn,Town12,33,ParkingCutIn_1,1097.9,4031.6,279.0,routes_training.xml,
Town12|33|HardBreakRoute|739.6|3701.3|179.9,A_HardBreak,HardBreakRoute,Town12,33,HardBreakRoute_1,739.6,3701.3,179.9,routes_training.xml,
Town12|33|PedestrianCrossing|713.4|3701.4|179.9,D_PedestrianCrossing,PedestrianCrossing,Town12,33,PedestrianCrossing_1,713.4,3701.4,179.9,routes_training.xml,
Town12|33|HardBreakRoute|624.3|3808.8|179.9,A_HardBreak,HardBreakRoute,Town12,33,HardBreakRoute_2,624.3,3808.8,179.9,routes_training.xml,
Town12|33|VehicleTurningRoute|592.0|3808.9|179.9,C_VehicleTurning,VehicleTurningRoute,Town12,33,VehicleTurningRoute_1,592.0,3808.9,179.9,routes_training.xml,
Town12|33|ParkingCutIn|568.9|3678.3|-90.1,B_ParkingCutIn,ParkingCutIn,Town12,33,ParkingCutIn_2,568.9,3678.3,-90.1,routes_training.xml,
Town12|33|ParkingCutIn|568.7|3578.4|-90.1,B_ParkingCutIn,ParkingCutIn,Town12,33,ParkingCutIn_3,568.7,3578.4,-90.1,routes_training.xml,
Town12|33|HardBreakRoute|619.7|3491.5|-0.1,A_HardBreak,HardBreakRoute,Town12,33,HardBreakRoute_3,619.7,3491.5,-0.1,routes_training.xml,
Town12|33|ParkingCutIn|675.4|3619.9|89.6,B_ParkingCutIn,ParkingCutIn,Town12,33,ParkingCutIn_4,675.4,3619.9,89.6,routes_training.xml,
Town12|33|HardBreakRoute|414.8|3595.1|179.9,A_HardBreak,HardBreakRoute,Town12,33,HardBreakRoute_4,414.8,3595.1,179.9,routes_training.xml,
Town12|33|ParkingCutIn|355.9|3553.5|-90.0,B_ParkingCutIn,ParkingCutIn,Town12,33,ParkingCutIn_5,355.9,3553.5,-90.0,routes_training.xml,
Town12|33|HardBreakRoute|204.2|3489.2|179.9,A_HardBreak,HardBreakRoute,Town12,33,HardBreakRoute_5,204.2,3489.2,179.9,routes_training.xml,
Town12|33|ParkingCutIn|33.9|3521.9|89.6,B_ParkingCutIn,ParkingCutIn,Town12,33,ParkingCutIn_6,33.9,3521.9,89.6,routes_training.xml,
Town12|33|ParkingCutIn|34.6|3626.4|89.6,B_ParkingCutIn,ParkingCutIn,Town12,33,ParkingCutIn_7,34.6,3626.4,89.6,routes_training.xml,
Town12|33|HardBreakRoute|196.2|3812.6|-0.1,A_HardBreak,HardBreakRoute,Town12,33,HardBreakRoute_6,196.2,3812.6,-0.1,routes_training.xml,
Town12|33|ParkingCutIn|356.0|3786.5|-90.0,B_ParkingCutIn,ParkingCutIn,Town12,33,ParkingCutIn_8,356.0,3786.5,-90.0,routes_training.xml,
Town12|33|ParkingCutIn|355.9|3682.2|-90.0,B_ParkingCutIn,ParkingCutIn,Town12,33,ParkingCutIn_9,355.9,3682.2,-90.0,routes_training.xml,
Town12|33|HardBreakRoute|246.0|3643.4|90.0,A_HardBreak,HardBreakRoute,Town12,33,HardBreakRoute_7,246.0,3643.4,90.0,routes_training.xml,
Town12|33|HardBreakRoute|382.4|3914.9|179.7,A_HardBreak,HardBreakRoute,Town12,33,HardBreakRoute_8,382.4,3914.9,179.7,routes_training.xml,
Town12|33|PedestrianCrossing|293.5|4190.6|179.9,D_PedestrianCrossing,PedestrianCrossing,Town12,33,PedestrianCrossing_2,293.5,4190.6,179.9,routes_training.xml,
Town12|33|HardBreakRoute|687.0|4620.3|-0.1,A_HardBreak,HardBreakRoute,Town12,33,HardBreakRoute_9,687.0,4620.3,-0.1,routes_training.xml,
Town12|33|HardBreakRoute|798.3|4449.7|279.1,A_HardBreak,HardBreakRoute,Town12,33,HardBreakRoute_10,798.3,4449.7,279.1,routes_training.xml,
Town12|33|ParkingCutIn|569.7|4022.6|89.9,B_ParkingCutIn,ParkingCutIn,Town12,33,ParkingCutIn_10,569.7,4022.6,89.9,routes_training.xml,
Town12|33|VehicleTurningRoute|570.1|4167.2|89.9,C_VehicleTurning,VehicleTurningRoute,Town12,33,VehicleTurningRoute_2,570.1,4167.2,89.9,routes_training.xml,
Town12|33|ParkingCutIn|463.0|4166.4|-90.0,B_ParkingCutIn,ParkingCutIn,Town12,33,ParkingCutIn_11,463.0,4166.4,-90.0,routes_training.xml,
Town12|33|ParkingCutIn|355.7|4115.9|89.8,B_ParkingCutIn,ParkingCutIn,Town12,33,ParkingCutIn_12,355.7,4115.9,89.8,routes_training.xml,
Town12|34|HardBreakRoute|1662.8|2181.2|-0.2,A_HardBreak,HardBreakRoute,Town12,34,HardBreakRoute_1,1662.8,2181.2,-0.2,routes_training.xml,
Town12|34|HardBreakRoute|1887.7|1718.3|180.0,A_HardBreak,HardBreakRoute,Town12,34,HardBreakRoute_2,1887.7,1718.3,180.0,routes_training.xml,
Town12|34|VehicleTurningRoute|1661.4|1718.3|180.0,C_VehicleTurning,VehicleTurningRoute,Town12,34,VehicleTurningRoute_1,1661.4,1718.3,180.0,routes_training.xml,
Town12|34|HardBreakRoute|1780.8|2003.1|89.8,A_HardBreak,HardBreakRoute,Town12,34,HardBreakRoute_3,1780.8,2003.1,89.8,routes_training.xml,
Town12|34|HardBreakRoute|1676.2|1720.8|-0.0,A_HardBreak,HardBreakRoute,Town12,34,HardBreakRoute_4,1676.2,1720.8,-0.0,routes_training.xml,
Town12|34|HardBreakRoute|2183.7|2003.5|89.8,A_HardBreak,HardBreakRoute,Town12,34,HardBreakRoute_5,2183.7,2003.5,89.8,routes_training.xml,
Town12|34|VehicleTurningRoute|2020.3|2294.9|180.0,C_VehicleTurning,VehicleTurningRoute,Town12,34,VehicleTurningRoute_2,2020.3,2294.9,180.0,routes_training.xml,
Town12|34|HardBreakRoute|2247.6|2064.2|-0.2,A_HardBreak,HardBreakRoute,Town12,34,HardBreakRoute_6,2247.6,2064.2,-0.2,routes_training.xml,
Town12|34|HardBreakRoute|2008.6|2641.8|179.8,A_HardBreak,HardBreakRoute,Town12,34,HardBreakRoute_7,2008.6,2641.8,179.8,routes_training.xml,
Town12|34|HardBreakRoute|2185.3|2464.3|90.1,A_HardBreak,HardBreakRoute,Town12,34,HardBreakRoute_8,2185.3,2464.3,90.1,routes_training.xml,
Town12|35|VehicleTurningRoute|3710.8|2467.8|90.0,C_VehicleTurning,VehicleTurningRoute,Town12,35,VehicleTurningRoute_1,3710.8,2467.8,90.0,routes_training.xml,
Town12|35|HardBreakRoute|3123.7|2582.5|90.0,A_HardBreak,HardBreakRoute,Town12,35,HardBreakRoute_1,3123.7,2582.5,90.0,routes_training.xml,
Town12|35|VehicleTurningRoute|3481.9|2452.5|269.7,C_VehicleTurning,VehicleTurningRoute,Town12,35,VehicleTurningRoute_2,3481.9,2452.5,269.7,routes_training.xml,
Town12|35|HardBreakRoute|2838.9|2407.9|179.8,A_HardBreak,HardBreakRoute,Town12,35,HardBreakRoute_2,2838.9,2407.9,179.8,routes_training.xml,
Town12|35|HardBreakRoute|2772.6|2335.4|89.8,A_HardBreak,HardBreakRoute,Town12,35,HardBreakRoute_3,2772.6,2335.4,89.8,routes_training.xml,
Town12|35|HardBreakRoute|2889.7|1900.9|269.6,A_HardBreak,HardBreakRoute,Town12,35,HardBreakRoute_4,2889.7,1900.9,269.6,routes_training.xml,
Town12|35|VehicleTurningRoute|2888.6|1725.6|269.6,C_VehicleTurning,VehicleTurningRoute,Town12,35,VehicleTurningRoute_3,2888.6,1725.6,269.6,routes_training.xml,
Town12|35|VehicleTurningRoute|2771.1|1797.4|89.8,C_VehicleTurning,VehicleTurningRoute,Town12,35,VehicleTurningRoute_4,2771.1,1797.4,89.8,routes_training.xml,
Town12|35|HardBreakRoute|2720.7|1596.6|179.9,A_HardBreak,HardBreakRoute,Town12,35,HardBreakRoute_5,2720.7,1596.6,179.9,routes_training.xml,
Town12|35|HardBreakRoute|2386.2|1761.6|90.1,A_HardBreak,HardBreakRoute,Town12,35,HardBreakRoute_6,2386.2,1761.6,90.1,routes_training.xml,
Town12|35|VehicleTurningRoute|2385.8|2025.4|90.1,C_VehicleTurning,VehicleTurningRoute,Town12,35,VehicleTurningRoute_5,2385.8,2025.4,90.1,routes_training.xml,
Town12|35|HardBreakRoute|2342.9|2061.4|179.8,A_HardBreak,HardBreakRoute,Town12,35,HardBreakRoute_7,2342.9,2061.4,179.8,routes_training.xml,
Town12|36|HardBreakRoute|3485.8|-196.7|269.5,A_HardBreak,HardBreakRoute,Town12,36,HardBreakRoute_1,3485.8,-196.7,269.5,routes_training.xml,
Town12|36|VehicleTurningRoute|3485.8|-220.0|269.5,C_VehicleTurning,VehicleTurningRoute,Town12,36,VehicleTurningRoute_1,3485.8,-220,269.5,routes_training.xml,
Town12|36|HardBreakRoute|2783.4|-524.2|270.0,A_HardBreak,HardBreakRoute,Town12,36,HardBreakRoute_2,2783.4,-524.2,270.0,routes_training.xml,
Town12|36|HardBreakRoute|2372.9|-601.7|89.8,A_HardBreak,HardBreakRoute,Town12,36,HardBreakRoute_3,2372.9,-601.7,89.8,routes_training.xml,
Town12|36|HardBreakRoute|3099.0|-90.7|360.0,A_HardBreak,HardBreakRoute,Town12,36,HardBreakRoute_4,3099.0,-90.7,360.0,routes_training.xml,
Town12|36|HardBreakRoute|3743.4|-652.5|-90.4,A_HardBreak,HardBreakRoute,Town12,36,HardBreakRoute_5,3743.4,-652.5,-90.4,routes_training.xml,
Town12|36|HardBreakRoute|3376.3|-1731.2|-171.8,A_HardBreak,HardBreakRoute,Town12,36,HardBreakRoute_6,3376.3,-1731.2,-171.8,routes_training.xml,
Town12|36|HardBreakRoute|2679.6|-1695.3|171.7,A_HardBreak,HardBreakRoute,Town12,36,HardBreakRoute_7,2679.6,-1695.3,171.7,routes_training.xml,
Town12|37|HardBreakRoute|1408.5|-1713.1|180.0,A_HardBreak,HardBreakRoute,Town12,37,HardBreakRoute_1,1408.5,-1713.1,180.0,routes_training.xml,
Town12|37|HardBreakRoute|300.1|-1711.8|178.6,A_HardBreak,HardBreakRoute,Town12,37,HardBreakRoute_2,300.1,-1711.8,178.6,routes_training.xml,
Town12|37|HardBreakRoute|-780.3|-917.1|94.3,A_HardBreak,HardBreakRoute,Town12,37,HardBreakRoute_3,-780.3,-917.1,94.3,routes_training.xml,
Town12|37|HardBreakRoute|-731.7|-83.1|0.0,A_HardBreak,HardBreakRoute,Town12,37,HardBreakRoute_4,-731.7,-83.1,0.0,routes_training.xml,
Town12|37|HardBreakRoute|779.9|1996.2|90.1,A_HardBreak,HardBreakRoute,Town12,37,HardBreakRoute_5,779.9,1996.2,90.1,routes_training.xml,
Town12|37|VehicleTurningRoute|1754.7|2298.6|360.0,C_VehicleTurning,VehicleTurningRoute,Town12,37,VehicleTurningRoute_1,1754.7,2298.6,360.0,routes_training.xml,
Town12|38|HardBreakRoute|-3525.0|577.9|236.7,A_HardBreak,HardBreakRoute,Town12,38,HardBreakRoute_1,-3525.0,577.9,236.7,routes_training.xml,
Town12|38|HardBreakRoute|-3606.8|307.6|269.6,A_HardBreak,HardBreakRoute,Town12,38,HardBreakRoute_2,-3606.8,307.6,269.6,routes_training.xml,
Town12|38|HardBreakRoute|-3505.6|-205.8|263.8,A_HardBreak,HardBreakRoute,Town12,38,HardBreakRoute_3,-3505.6,-205.8,263.8,routes_training.xml,
Town12|38|HardBreakRoute|-4525.7|-31.5|151.7,A_HardBreak,HardBreakRoute,Town12,38,HardBreakRoute_4,-4525.7,-31.5,151.7,routes_training.xml,
Town12|38|HardBreakRoute|-5220.5|628.5|98.8,A_HardBreak,HardBreakRoute,Town12,38,HardBreakRoute_5,-5220.5,628.5,98.8,routes_training.xml,
Town12|38|HardBreakRoute|-2650.5|1611.0|358.5,A_HardBreak,HardBreakRoute,Town12,38,HardBreakRoute_6,-2650.5,1611.0,358.5,routes_training.xml,
Town12|38|HardBreakRoute|-1609.6|1610.2|0.5,A_HardBreak,HardBreakRoute,Town12,38,HardBreakRoute_7,-1609.6,1610.2,0.5,routes_training.xml,
Town12|39|ParkingCutIn|1519.7|3929.8|99.0,B_ParkingCutIn,ParkingCutIn,Town12,39,ParkingCutIn_1,1519.7,3929.8,99.0,routes_training.xml,
Town12|39|HardBreakRoute|1574.8|4039.5|9.2,A_HardBreak,HardBreakRoute,Town12,39,HardBreakRoute_1,1574.8,4039.5,9.2,routes_training.xml,
Town12|39|ParkingCutIn|1046.5|4333.2|99.5,B_ParkingCutIn,ParkingCutIn,Town12,39,ParkingCutIn_2,1046.5,4333.2,99.5,routes_training.xml,
Town12|39|HardBreakRoute|1326.9|4466.6|9.3,A_HardBreak,HardBreakRoute,Town12,39,HardBreakRoute_2,1326.9,4466.6,9.3,routes_training.xml,
Town12|39|PedestrianCrossing|1576.3|4507.5|9.3,D_PedestrianCrossing,PedestrianCrossing,Town12,39,PedestrianCrossing_1,1576.3,4507.5,9.3,routes_training.xml,
Town12|39|HardBreakRoute|1490.7|4989.0|179.9,A_HardBreak,HardBreakRoute,Town12,39,HardBreakRoute_3,1490.7,4989.0,179.9,routes_training.xml,
Town12|39|PedestrianCrossing|1362.0|5241.9|89.8,D_PedestrianCrossing,PedestrianCrossing,Town12,39,PedestrianCrossing_2,1362.0,5241.9,89.8,routes_training.xml,
Town12|39|PedestrianCrossing|1173.6|5531.2|89.9,D_PedestrianCrossing,PedestrianCrossing,Town12,39,PedestrianCrossing_3,1173.6,5531.2,89.9,routes_training.xml,
Town12|39|HardBreakRoute|986.8|5240.9|270.1,A_HardBreak,HardBreakRoute,Town12,39,HardBreakRoute_4,986.8,5240.9,270.1,routes_training.xml,
Town12|39|HardBreakRoute|793.3|4927.8|269.6,A_HardBreak,HardBreakRoute,Town12,39,HardBreakRoute_5,793.3,4927.8,269.6,routes_training.xml,
Town12|39|HardBreakRoute|392.8|4723.7|180.0,A_HardBreak,HardBreakRoute,Town12,39,HardBreakRoute_6,392.8,4723.7,180.0,routes_training.xml,
Town12|40|PedestrianCrossing|3033.4|4742.3|189.2,D_PedestrianCrossing,PedestrianCrossing,Town12,40,PedestrianCrossing_1,3033.4,4742.3,189.2,routes_training.xml,
Town12|40|ParkingCutIn|2797.7|4427.1|279.4,B_ParkingCutIn,ParkingCutIn,Town12,40,ParkingCutIn_1,2797.7,4427.1,279.4,routes_training.xml,
Town12|40|PedestrianCrossing|3291.8|4259.9|98.9,D_PedestrianCrossing,PedestrianCrossing,Town12,40,PedestrianCrossing_2,3291.8,4259.9,98.9,routes_training.xml,
Town12|40|HardBreakRoute|3186.3|4293.8|189.2,A_HardBreak,HardBreakRoute,Town12,40,HardBreakRoute_1,3186.3,4293.8,189.2,routes_training.xml,
Town12|40|ParkingCutIn|3040.0|4356.2|98.9,B_ParkingCutIn,ParkingCutIn,Town12,40,ParkingCutIn_2,3040.0,4356.2,98.9,routes_training.xml,
Town12|40|VehicleTurningRoute|3021.4|4475.4|98.9,C_VehicleTurning,VehicleTurningRoute,Town12,40,VehicleTurningRoute_1,3021.4,4475.4,98.9,routes_training.xml,
Town12|40|HardBreakRoute|3061.5|4513.8|9.2,A_HardBreak,HardBreakRoute,Town12,40,HardBreakRoute_2,3061.5,4513.8,9.2,routes_training.xml,
Town12|40|PedestrianCrossing|3715.1|4268.7|9.0,D_PedestrianCrossing,PedestrianCrossing,Town12,40,PedestrianCrossing_3,3715.1,4268.7,9.0,routes_training.xml,
Town12|40|HardBreakRoute|3715.5|4538.1|98.9,A_HardBreak,HardBreakRoute,Town12,40,HardBreakRoute_3,3715.5,4538.1,98.9,routes_training.xml,
Town12|40|VehicleTurningRoute|3708.0|4586.1|98.9,C_VehicleTurning,VehicleTurningRoute,Town12,40,VehicleTurningRoute_2,3708.0,4586.1,98.9,routes_training.xml,
Town12|40|ParkingCutIn|3455.5|4719.2|99.6,B_ParkingCutIn,ParkingCutIn,Town12,40,ParkingCutIn_3,3455.5,4719.2,99.6,routes_training.xml,
Town12|40|ParkingCutIn|3396.5|5065.1|99.8,B_ParkingCutIn,ParkingCutIn,Town12,40,ParkingCutIn_4,3396.5,5065.1,99.8,routes_training.xml,
Town12|40|PedestrianCrossing|3368.9|5225.0|99.5,D_PedestrianCrossing,PedestrianCrossing,Town12,40,PedestrianCrossing_4,3368.9,5225.0,99.5,routes_training.xml,
Town12|40|HardBreakRoute|3263.1|5247.5|189.1,A_HardBreak,HardBreakRoute,Town12,40,HardBreakRoute_4,3263.1,5247.5,189.1,routes_training.xml,
Town12|40|HardBreakRoute|3009.0|5442.5|189.0,A_HardBreak,HardBreakRoute,Town12,40,HardBreakRoute_5,3009.0,5442.5,189.0,routes_training.xml,
Town12|40|HardBreakRoute|2409.7|5477.4|269.7,A_HardBreak,HardBreakRoute,Town12,40,HardBreakRoute_6,2409.7,5477.4,269.7,routes_training.xml,
Town12|40|HardBreakRoute|2408.9|5295.5|269.7,A_HardBreak,HardBreakRoute,Town12,40,HardBreakRoute_7,2408.9,5295.5,269.7,routes_training.xml,
Town12|40|PedestrianCrossing|2931.5|4728.9|9.2,D_PedestrianCrossing,PedestrianCrossing,Town12,40,PedestrianCrossing_5,2931.5,4728.9,9.2,routes_training.xml,
Town12|40|ParkingCutIn|2973.9|4766.8|99.6,B_ParkingCutIn,ParkingCutIn,Town12,40,ParkingCutIn_5,2973.9,4766.8,99.6,routes_training.xml,
Town12|41|HardBreakRoute|-313.1|3978.8|179.9,A_HardBreak,HardBreakRoute,Town12,41,HardBreakRoute_1,-313.1,3978.8,179.9,routes_training.xml,
Town12|41|HardBreakRoute|863.6|3982.4|99.1,A_HardBreak,HardBreakRoute,Town12,41,HardBreakRoute_2,863.6,3982.4,99.1,routes_training.xml,
Town12|41|HardBreakRoute|546.0|4287.9|179.7,A_HardBreak,HardBreakRoute,Town12,41,HardBreakRoute_3,546.0,4287.9,179.7,routes_training.xml,
Town12|41|HardBreakRoute|-1266.0|4882.4|180.3,A_HardBreak,HardBreakRoute,Town12,41,HardBreakRoute_4,-1266.0,4882.4,180.3,routes_training.xml,
Town12|41|HardBreakRoute|-1459.7|4881.3|180.3,A_HardBreak,HardBreakRoute,Town12,41,HardBreakRoute_5,-1459.7,4881.3,180.3,routes_training.xml,
Town12|41|HardBreakRoute|-1668.8|5663.3|89.8,A_HardBreak,HardBreakRoute,Town12,41,HardBreakRoute_6,-1668.8,5663.3,89.8,routes_training.xml,
Town12|41|HardBreakRoute|-894.6|5629.7|-23.4,A_HardBreak,HardBreakRoute,Town12,41,HardBreakRoute_7,-894.6,5629.7,-23.4,routes_training.xml,
Town12|41|HardBreakRoute|-820.1|4414.6|269.9,A_HardBreak,HardBreakRoute,Town12,41,HardBreakRoute_8,-820.1,4414.6,269.9,routes_training.xml,
Town12|42|HardBreakRoute|687.0|4733.3|-0.0,A_HardBreak,HardBreakRoute,Town12,42,HardBreakRoute_1,687.0,4733.3,-0.0,routes_training.xml,
Town12|42|HardBreakRoute|783.2|4871.5|89.6,A_HardBreak,HardBreakRoute,Town12,42,HardBreakRoute_2,783.2,4871.5,89.6,routes_training.xml,
Town12|42|ParkingCutIn|1176.3|5141.5|269.9,B_ParkingCutIn,ParkingCutIn,Town12,42,ParkingCutIn_1,1176.3,5141.5,269.9,routes_training.xml,
Town12|42|HardBreakRoute|1253.7|4999.4|-0.1,A_HardBreak,HardBreakRoute,Town12,42,HardBreakRoute_3,1253.7,4999.4,-0.1,routes_training.xml,
Town12|42|HardBreakRoute|1598.2|4998.5|-0.1,A_HardBreak,HardBreakRoute,Town12,42,HardBreakRoute_4,1598.2,4998.5,-0.1,routes_training.xml,
Town12|42|PedestrianCrossing|1749.0|5170.5|89.6,D_PedestrianCrossing,PedestrianCrossing,Town12,42,PedestrianCrossing_1,1749.0,5170.5,89.6,routes_training.xml,
Town12|42|HardBreakRoute|1659.2|5584.9|-0.0,A_HardBreak,HardBreakRoute,Town12,42,HardBreakRoute_5,1659.2,5584.9,-0.0,routes_training.xml,
Town12|42|HardBreakRoute|2048.6|6058.0|-162.9,A_HardBreak,HardBreakRoute,Town12,42,HardBreakRoute_6,2048.6,6058.0,-162.9,routes_training.xml,
Town12|42|HardBreakRoute|409.5|6103.8|144.8,A_HardBreak,HardBreakRoute,Town12,42,HardBreakRoute_7,409.5,6103.8,144.8,routes_training.xml,
Town12|42|HardBreakRoute|-248.9|6339.8|179.7,A_HardBreak,HardBreakRoute,Town12,42,HardBreakRoute_8,-248.9,6339.8,179.7,routes_training.xml,
Town12|42|HardBreakRoute|-565.7|6341.5|179.7,A_HardBreak,HardBreakRoute,Town12,42,HardBreakRoute_9,-565.7,6341.5,179.7,routes_training.xml,
Town12|43|ParkingCutIn|3254.9|4507.8|279.2,B_ParkingCutIn,ParkingCutIn,Town12,43,ParkingCutIn_1,3254.9,4507.8,279.2,routes_training.xml,
Town12|43|PedestrianCrossing|3274.1|4389.6|279.2,D_PedestrianCrossing,PedestrianCrossing,Town12,43,PedestrianCrossing_1,3274.1,4389.6,279.2,routes_training.xml,
Town12|43|VehicleTurningRoute|3469.9|4349.6|9.2,C_VehicleTurning,VehicleTurningRoute,Town12,43,VehicleTurningRoute_1,3469.9,4349.6,9.2,routes_training.xml,
Town12|43|HardBreakRoute|3640.8|4607.5|9.2,A_HardBreak,HardBreakRoute,Town12,43,HardBreakRoute_1,3640.8,4607.5,9.2,routes_training.xml,
Town12|43|HardBreakRoute|3502.3|5052.4|189.2,A_HardBreak,HardBreakRoute,Town12,43,HardBreakRoute_2,3502.3,5052.4,189.2,routes_training.xml,
Town12|43|PedestrianCrossing|3464.6|5046.3|189.2,D_PedestrianCrossing,PedestrianCrossing,Town12,43,PedestrianCrossing_2,3464.6,5046.3,189.2,routes_training.xml,
Town12|43|PedestrianCrossing|3139.5|5183.5|99.2,D_PedestrianCrossing,PedestrianCrossing,Town12,43,PedestrianCrossing_3,3139.5,5183.5,99.2,routes_training.xml,
Town12|43|HardBreakRoute|3054.9|5214.2|189.1,A_HardBreak,HardBreakRoute,Town12,43,HardBreakRoute_3,3054.9,5214.2,189.1,routes_training.xml,
Town12|43|HardBreakRoute|2879.0|5356.1|99.1,A_HardBreak,HardBreakRoute,Town12,43,HardBreakRoute_4,2879.0,5356.1,99.1,routes_training.xml,
Town12|43|VehicleTurningRoute|2876.9|5369.0|99.1,C_VehicleTurning,VehicleTurningRoute,Town12,43,VehicleTurningRoute_2,2876.9,5369.0,99.1,routes_training.xml,
Town12|43|HardBreakRoute|3259.5|5367.3|9.0,A_HardBreak,HardBreakRoute,Town12,43,HardBreakRoute_5,3259.5,5367.3,9.0,routes_training.xml,
Town12|43|PedestrianCrossing|2595.2|4671.5|189.2,D_PedestrianCrossing,PedestrianCrossing,Town12,43,PedestrianCrossing_4,2595.2,4671.5,189.2,routes_training.xml,
Town12|43|HardBreakRoute|2857.6|4480.9|9.2,A_HardBreak,HardBreakRoute,Town12,43,HardBreakRoute_6,2857.6,4480.9,9.2,routes_training.xml,
Town12|43|VehicleTurningRoute|2978.8|4500.5|9.2,C_VehicleTurning,VehicleTurningRoute,Town12,43,VehicleTurningRoute_3,2978.8,4500.5,9.2,routes_training.xml,
Town12|43|ParkingCutIn|3011.3|4539.8|98.9,B_ParkingCutIn,ParkingCutIn,Town12,43,ParkingCutIn_2,3011.3,4539.8,98.9,routes_training.xml,
Town12|43|HardBreakRoute|3092.5|4638.4|9.2,A_HardBreak,HardBreakRoute,Town12,43,HardBreakRoute_7,3092.5,4638.4,9.2,routes_training.xml,
Town12|43|ParkingCutIn|3447.2|4786.4|279.6,B_ParkingCutIn,ParkingCutIn,Town12,43,ParkingCutIn_3,3447.2,4786.4,279.6,routes_training.xml,
Town12|44|HardBreakRoute|2398.3|4288.2|9.7,A_HardBreak,HardBreakRoute,Town12,44,HardBreakRoute_1,2398.3,4288.2,9.7,routes_training.xml,
Town12|44|VehicleTurningRoute|2072.2|3998.2|189.2,C_VehicleTurning,VehicleTurningRoute,Town12,44,VehicleTurningRoute_1,2072.2,3998.2,189.2,routes_training.xml,
Town12|44|PedestrianCrossing|2010.8|4047.9|99.2,D_PedestrianCrossing,PedestrianCrossing,Town12,44,PedestrianCrossing_1,2010.8,4047.9,99.2,routes_training.xml,
Town12|44|HardBreakRoute|1892.8|4084.5|189.2,A_HardBreak,HardBreakRoute,Town12,44,HardBreakRoute_2,1892.8,4084.5,189.2,routes_training.xml,
Town12|44|PedestrianCrossing|1098.9|4025.1|279.0,D_PedestrianCrossing,PedestrianCrossing,Town12,44,PedestrianCrossing_2,1098.9,4025.1,279.0,routes_training.xml,
Town12|44|VehicleTurningRoute|1265.5|3989.4|9.2,C_VehicleTurning,VehicleTurningRoute,Town12,44,VehicleTurningRoute_2,1265.5,3989.4,9.2,routes_training.xml,
Town12|44|PedestrianCrossing|983.3|3821.3|189.2,D_PedestrianCrossing,PedestrianCrossing,Town12,44,PedestrianCrossing_3,983.3,3821.3,189.2,routes_training.xml,
Town12|44|VehicleTurningRoute|617.6|4082.9|179.9,C_VehicleTurning,VehicleTurningRoute,Town12,44,VehicleTurningRoute_3,617.6,4082.9,179.9,routes_training.xml,
Town12|44|HardBreakRoute|526.3|4190.1|179.9,A_HardBreak,HardBreakRoute,Town12,44,HardBreakRoute_3,526.3,4190.1,179.9,routes_training.xml,
Town12|44|PedestrianCrossing|461.5|4225.6|89.7,D_PedestrianCrossing,PedestrianCrossing,Town12,44,PedestrianCrossing_4,461.5,4225.6,89.7,routes_training.xml,
Town12|44|HardBreakRoute|462.8|4441.5|89.7,A_HardBreak,HardBreakRoute,Town12,44,HardBreakRoute_4,462.8,4441.5,89.7,routes_training.xml,
Town12|44|HardBreakRoute|782.5|4778.7|89.6,A_HardBreak,HardBreakRoute,Town12,44,HardBreakRoute_5,782.5,4778.7,89.6,routes_training.xml,
Town12|44|HardBreakRoute|632.3|5030.1|162.5,A_HardBreak,HardBreakRoute,Town12,44,HardBreakRoute_6,632.3,5030.1,162.5,routes_training.xml,
Town12|44|VehicleTurningRoute|282.8|5403.1|159.7,C_VehicleTurning,VehicleTurningRoute,Town12,44,VehicleTurningRoute_4,282.8,5403.1,159.7,routes_training.xml,
Town12|44|HardBreakRoute|-193.7|5024.2|156.8,A_HardBreak,HardBreakRoute,Town12,44,HardBreakRoute_7,-193.7,5024.2,156.8,routes_training.xml,
Town12|44|VehicleTurningRoute|94.0|5204.8|-23.3,C_VehicleTurning,VehicleTurningRoute,Town12,44,VehicleTurningRoute_5,94.0,5204.8,-23.3,routes_training.xml,
Town12|45|HardBreakRoute|3767.0|6031.7|108.5,A_HardBreak,HardBreakRoute,Town12,45,HardBreakRoute_1,3767.0,6031.7,108.5,routes_training.xml,
Town12|45|HardBreakRoute|1401.8|6067.1|179.7,A_HardBreak,HardBreakRoute,Town12,45,HardBreakRoute_2,1401.8,6067.1,179.7,routes_training.xml,
Town12|45|HardBreakRoute|-226.3|6494.4|177.9,A_HardBreak,HardBreakRoute,Town12,45,HardBreakRoute_3,-226.3,6494.4,177.9,routes_training.xml,
Town12|45|HardBreakRoute|-2544.7|5731.7|-86.6,A_HardBreak,HardBreakRoute,Town12,45,HardBreakRoute_4,-2544.7,5731.7,-86.6,routes_training.xml,
Town12|46|HardBreakRoute|-2517.1|5561.9|-80.9,A_HardBreak,HardBreakRoute,Town12,46,HardBreakRoute_1,-2517.1,5561.9,-80.9,routes_training.xml,
Town12|46|HardBreakRoute|-2513.7|4446.4|-91.2,A_HardBreak,HardBreakRoute,Town12,46,HardBreakRoute_2,-2513.7,4446.4,-91.2,routes_training.xml,
Town12|46|HardBreakRoute|-1831.9|3252.9|-29.3,A_HardBreak,HardBreakRoute,Town12,46,HardBreakRoute_3,-1831.9,3252.9,-29.3,routes_training.xml,
Town12|46|HardBreakRoute|-1558.5|3143.3|-14.8,A_HardBreak,HardBreakRoute,Town12,46,HardBreakRoute_4,-1558.5,3143.3,-14.8,routes_training.xml,
Town12|46|HardBreakRoute|-17.3|3100.5|-0.1,A_HardBreak,HardBreakRoute,Town12,46,HardBreakRoute_5,-17.3,3100.5,-0.1,routes_training.xml,
Town12|47|HardBreakRoute|4009.9|4595.1|98.8,A_HardBreak,HardBreakRoute,Town12,47,HardBreakRoute_1,4009.9,4595.1,98.8,routes_training.xml,
Town12|47|HardBreakRoute|1932.8|6075.7|-174.3,A_HardBreak,HardBreakRoute,Town12,47,HardBreakRoute_2,1932.8,6075.7,-174.3,routes_training.xml,
Town12|47|VehicleTurningRoute|-602.9|6338.2|179.7,C_VehicleTurning,VehicleTurningRoute,Town12,47,VehicleTurningRoute_1,-602.9,6338.2,179.7,routes_training.xml,
Town12|48|HardBreakRoute|-2502.4|5345.4|-90.0,A_HardBreak,HardBreakRoute,Town12,48,HardBreakRoute_1,-2502.4,5345.4,-90.0,routes_training.xml,
Town12|48|HardBreakRoute|-2220.1|4883.3|0.3,A_HardBreak,HardBreakRoute,Town12,48,HardBreakRoute_2,-2220.1,4883.3,0.3,routes_training.xml,
Town12|48|HardBreakRoute|-2061.5|3422.1|-43.2,A_HardBreak,HardBreakRoute,Town12,48,HardBreakRoute_3,-2061.5,3422.1,-43.2,routes_training.xml,
Town12|48|HardBreakRoute|-100.1|3104.2|-0.1,A_HardBreak,HardBreakRoute,Town12,48,HardBreakRoute_4,-100.1,3104.2,-0.1,routes_training.xml,
Town12|49|HardBreakRoute|2035.6|3077.8|180.8,A_HardBreak,HardBreakRoute,Town12,49,HardBreakRoute_1,2035.6,3077.8,180.8,routes_training.xml,
Town12|49|HardBreakRoute|1271.3|3081.6|179.9,A_HardBreak,HardBreakRoute,Town12,49,HardBreakRoute_2,1271.3,3081.6,179.9,routes_training.xml,
Town12|49|HardBreakRoute|-207.4|3100.8|-0.1,A_HardBreak,HardBreakRoute,Town12,49,HardBreakRoute_3,-207.4,3100.8,-0.1,routes_training.xml,
Town12|49|HardBreakRoute|1442.2|3098.9|-0.1,A_HardBreak,HardBreakRoute,Town12,49,HardBreakRoute_4,1442.2,3098.9,-0.1,routes_training.xml,
Town12|49|HardBreakRoute|3205.7|3116.0|-0.3,A_HardBreak,HardBreakRoute,Town12,49,HardBreakRoute_5,3205.7,3116.0,-0.3,routes_training.xml,
Town12|50|ParkingCutIn|-177.1|4540.5|89.9,B_ParkingCutIn,ParkingCutIn,Town12,50,ParkingCutIn_1,-177.1,4540.5,89.9,routes_training.xml,
Town12|50|HardBreakRoute|-267.4|4515.6|-0.1,A_HardBreak,HardBreakRoute,Town12,50,HardBreakRoute_1,-267.4,4515.6,-0.1,routes_training.xml,
Town12|50|PedestrianCrossing|-29.8|4407.6|-0.1,D_PedestrianCrossing,PedestrianCrossing,Town12,50,PedestrianCrossing_1,-29.8,4407.6,-0.1,routes_training.xml,
Town12|50|ParkingCutIn|249.3|4437.8|90.0,B_ParkingCutIn,ParkingCutIn,Town12,50,ParkingCutIn_2,249.3,4437.8,90.0,routes_training.xml,
Town12|50|HardBreakRoute|188.5|4618.7|179.9,A_HardBreak,HardBreakRoute,Town12,50,HardBreakRoute_2,188.5,4618.7,179.9,routes_training.xml,
Town12|50|ParkingCutIn|38.3|4374.0|269.9,B_ParkingCutIn,ParkingCutIn,Town12,50,ParkingCutIn_3,38.3,4374.0,269.9,routes_training.xml,
Town12|50|HardBreakRoute|-829.5|4595.3|89.9,A_HardBreak,HardBreakRoute,Town12,50,HardBreakRoute_3,-829.5,4595.3,89.9,routes_training.xml,
Town12|50|VehicleTurningRoute|-828.2|5288.5|89.9,C_VehicleTurning,VehicleTurningRoute,Town12,50,VehicleTurningRoute_1,-828.2,5288.5,89.9,routes_training.xml,
Town12|50|HardBreakRoute|-1378.9|5468.9|89.5,A_HardBreak,HardBreakRoute,Town12,50,HardBreakRoute_4,-1378.9,5468.9,89.5,routes_training.xml,
Town12|50|PedestrianCrossing|-1194.1|5374.3|-90.2,D_PedestrianCrossing,PedestrianCrossing,Town12,50,PedestrianCrossing_2,-1194.1,5374.3,-90.2,routes_training.xml,
Town12|50|VehicleTurningRoute|-803.7|5923.4|0.3,C_VehicleTurning,VehicleTurningRoute,Town12,50,VehicleTurningRoute_2,-803.7,5923.4,0.3,routes_training.xml,
Town12|50|HardBreakRoute|-443.5|5982.0|146.4,A_HardBreak,HardBreakRoute,Town12,50,HardBreakRoute_5,-443.5,5982.0,146.4,routes_training.xml,
Town12|51|HardBreakRoute|983.3|5653.2|89.9,A_HardBreak,HardBreakRoute,Town12,51,HardBreakRoute_1,983.3,5653.2,89.9,routes_training.xml,
Town12|51|HardBreakRoute|936.9|5821.3|180.0,A_HardBreak,HardBreakRoute,Town12,51,HardBreakRoute_2,936.9,5821.3,180.0,routes_training.xml,
Town12|51|PedestrianCrossing|193.6|5915.4|-179.5,D_PedestrianCrossing,PedestrianCrossing,Town12,51,PedestrianCrossing_1,193.6,5915.4,-179.5,routes_training.xml,
Town12|51|HardBreakRoute|75.2|6103.7|-0.0,A_HardBreak,HardBreakRoute,Town12,51,HardBreakRoute_3,75.2,6103.7,-0.0,routes_training.xml,
Town12|51|VehicleTurningRoute|235.0|6103.6|-0.0,C_VehicleTurning,VehicleTurningRoute,Town12,51,VehicleTurningRoute_1,235.0,6103.6,-0.0,routes_training.xml,
Town12|51|HardBreakRoute|316.7|5701.3|296.6,A_HardBreak,HardBreakRoute,Town12,51,HardBreakRoute_4,316.7,5701.3,296.6,routes_training.xml,
Town12|51|VehicleTurningRoute|243.6|5576.8|179.9,C_VehicleTurning,VehicleTurningRoute,Town12,51,VehicleTurningRoute_2,243.6,5576.8,179.9,routes_training.xml,
Town12|51|HardBreakRoute|293.1|5402.2|339.7,A_HardBreak,HardBreakRoute,Town12,51,HardBreakRoute_5,293.1,5402.2,339.7,routes_training.xml,
Town12|51|HardBreakRoute|795.3|5216.6|269.6,A_HardBreak,HardBreakRoute,Town12,51,HardBreakRoute_6,795.3,5216.6,269.6,routes_training.xml,
Town12|51|HardBreakRoute|1449.7|4736.9|0.3,A_HardBreak,HardBreakRoute,Town12,51,HardBreakRoute_7,1449.7,4736.9,0.3,routes_training.xml,
Town12|51|VehicleTurningRoute|1529.8|4737.2|0.3,C_VehicleTurning,VehicleTurningRoute,Town12,51,VehicleTurningRoute_3,1529.8,4737.2,0.3,routes_training.xml,
Town12|51|HardBreakRoute|1555.1|4814.6|90.3,A_HardBreak,HardBreakRoute,Town12,51,HardBreakRoute_8,1555.1,4814.6,90.3,routes_training.xml,
Town12|51|HardBreakRoute|1748.9|5161.3|89.6,A_HardBreak,HardBreakRoute,Town12,51,HardBreakRoute_9,1748.9,5161.3,89.6,routes_training.xml,
Town12|52|VehicleTurningRoute|2655.8|2443.0|269.9,C_VehicleTurning,VehicleTurningRoute,Town12,52,VehicleTurningRoute_1,2655.8,2443.0,269.9,routes_training.xml,
Town12|52|HardBreakRoute|2459.7|2561.0|89.5,A_HardBreak,HardBreakRoute,Town12,52,HardBreakRoute_1,2459.7,2561.0,89.5,routes_training.xml,
Town12|52|VehicleTurningRoute|2187.9|2333.6|270.1,C_VehicleTurning,VehicleTurningRoute,Town12,52,VehicleTurningRoute_2,2187.9,2333.6,270.1,routes_training.xml,
Town12|52|HardBreakRoute|2444.9|2063.5|-0.2,A_HardBreak,HardBreakRoute,Town12,52,HardBreakRoute_2,2444.9,2063.5,-0.2,routes_training.xml,
Town12|52|HardBreakRoute|2773.2|1659.0|269.8,A_HardBreak,HardBreakRoute,Town12,52,HardBreakRoute_3,2773.2,1659.0,269.8,routes_training.xml,
Town12|52|HardBreakRoute|2389.6|599.2|270.2,A_HardBreak,HardBreakRoute,Town12,52,HardBreakRoute_4,2389.6,599.2,270.2,routes_training.xml,
Town12|52|VehicleTurningRoute|2376.9|-439.3|269.8,C_VehicleTurning,VehicleTurningRoute,Town12,52,VehicleTurningRoute_3,2376.9,-439.3,269.8,routes_training.xml,
Town12|52|HardBreakRoute|3187.4|-1177.3|270.0,A_HardBreak,HardBreakRoute,Town12,52,HardBreakRoute_5,3187.4,-1177.3,270.0,routes_training.xml,
Town12|53|HardBreakRoute|3796.9|1505.7|359.9,A_HardBreak,HardBreakRoute,Town12,53,HardBreakRoute_1,3796.9,1505.7,359.9,routes_training.xml,
Town12|53|HardBreakRoute|3942.5|2137.0|89.9,A_HardBreak,HardBreakRoute,Town12,53,HardBreakRoute_2,3942.5,2137.0,89.9,routes_training.xml,
Town12|53|HardBreakRoute|3943.4|2658.9|89.9,A_HardBreak,HardBreakRoute,Town12,53,HardBreakRoute_3,3943.4,2658.9,89.9,routes_training.xml,
Town12|53|HardBreakRoute|2504.9|3323.8|99.8,A_HardBreak,HardBreakRoute,Town12,53,HardBreakRoute_4,2504.9,3323.8,99.8,routes_training.xml,
Town12|53|HardBreakRoute|3749.4|3916.3|9.3,A_HardBreak,HardBreakRoute,Town12,53,HardBreakRoute_5,3749.4,3916.3,9.3,routes_training.xml,
Town12|53|HardBreakRoute|3957.2|3950.2|9.3,A_HardBreak,HardBreakRoute,Town12,53,HardBreakRoute_6,3957.2,3950.2,9.3,routes_training.xml,
Town12|53|HardBreakRoute|3912.1|4296.9|189.0,A_HardBreak,HardBreakRoute,Town12,53,HardBreakRoute_7,3912.1,4296.9,189.0,routes_training.xml,
Town12|53|PedestrianCrossing|3746.5|4340.2|99.0,D_PedestrianCrossing,PedestrianCrossing,Town12,53,PedestrianCrossing_1,3746.5,4340.2,99.0,routes_training.xml,
Town12|53|HardBreakRoute|3592.3|4359.5|189.2,A_HardBreak,HardBreakRoute,Town12,53,HardBreakRoute_8,3592.3,4359.5,189.2,routes_training.xml,
Town12|53|HardBreakRoute|3127.5|4284.3|189.2,A_HardBreak,HardBreakRoute,Town12,53,HardBreakRoute_9,3127.5,4284.3,189.2,routes_training.xml,
Town12|53|HardBreakRoute|2720.4|4218.5|189.2,A_HardBreak,HardBreakRoute,Town12,53,HardBreakRoute_10,2720.4,4218.5,189.2,routes_training.xml,
Town12|53|HardBreakRoute|2528.6|4607.5|99.4,A_HardBreak,HardBreakRoute,Town12,53,HardBreakRoute_11,2528.6,4607.5,99.4,routes_training.xml,
Town12|53|ParkingCutIn|2407.9|4663.8|98.9,B_ParkingCutIn,ParkingCutIn,Town12,53,ParkingCutIn_1,2407.9,4663.8,98.9,routes_training.xml,
Town12|54|HardBreakRoute|987.7|2295.7|180.0,A_HardBreak,HardBreakRoute,Town12,54,HardBreakRoute_1,987.7,2295.7,180.0,routes_training.xml,
Town12|54|HardBreakRoute|470.9|3079.0|179.9,A_HardBreak,HardBreakRoute,Town12,54,HardBreakRoute_2,470.9,3079.0,179.9,routes_training.xml,
Town12|54|ParkingCutIn|-605.0|3597.8|90.0,B_ParkingCutIn,ParkingCutIn,Town12,54,ParkingCutIn_1,-605.0,3597.8,90.0,routes_training.xml,
Town12|54|PedestrianCrossing|-391.8|3773.0|89.6,D_PedestrianCrossing,PedestrianCrossing,Town12,54,PedestrianCrossing_1,-391.8,3773.0,89.6,routes_training.xml,
Town12|54|VehicleTurningRoute|-466.2|3811.5|179.9,C_VehicleTurning,VehicleTurningRoute,Town12,54,VehicleTurningRoute_1,-466.2,3811.5,179.9,routes_training.xml,
Town12|54|PedestrianCrossing|-500.0|3870.5|90.2,D_PedestrianCrossing,PedestrianCrossing,Town12,54,PedestrianCrossing_2,-500.0,3870.5,90.2,routes_training.xml,
Town12|54|HardBreakRoute|-1530.2|3915.9|180.4,A_HardBreak,HardBreakRoute,Town12,54,HardBreakRoute_3,-1530.2,3915.9,180.4,routes_training.xml,
Town12|54|HardBreakRoute|-1554.7|4074.2|0.2,A_HardBreak,HardBreakRoute,Town12,54,HardBreakRoute_4,-1554.7,4074.2,0.2,routes_training.xml,
Town12|54|HardBreakRoute|-830.1|4248.9|89.9,A_HardBreak,HardBreakRoute,Town12,54,HardBreakRoute_5,-830.1,4248.9,89.9,routes_training.xml,
Town12|54|HardBreakRoute|-1486.7|4881.1|180.3,A_HardBreak,HardBreakRoute,Town12,54,HardBreakRoute_6,-1486.7,4881.1,180.3,routes_training.xml,
Town12|54|HardBreakRoute|-2211.0|4880.1|180.3,A_HardBreak,HardBreakRoute,Town12,54,HardBreakRoute_7,-2211.0,4880.1,180.3,routes_training.xml,
Town12|55|HardBreakRoute|122.0|-82.7|0.0,A_HardBreak,HardBreakRoute,Town12,55,HardBreakRoute_1,122.0,-82.7,0.0,routes_training.xml,
Town12|55|HardBreakRoute|1500.0|-82.7|360.0,A_HardBreak,HardBreakRoute,Town12,55,HardBreakRoute_2,1500.0,-82.7,360.0,routes_training.xml,
Town12|55|HardBreakRoute|1721.8|-82.8|360.0,A_HardBreak,HardBreakRoute,Town12,55,HardBreakRoute_3,1721.8,-82.8,360.0,routes_training.xml,
Town12|55|HardBreakRoute|2377.0|-390.5|269.8,A_HardBreak,HardBreakRoute,Town12,55,HardBreakRoute_4,2377.0,-390.5,269.8,routes_training.xml,
Town12|55|HardBreakRoute|3056.5|-909.1|-0.2,A_HardBreak,HardBreakRoute,Town12,55,HardBreakRoute_5,3056.5,-909.1,-0.2,routes_training.xml,
Town12|55|HardBreakRoute|2913.1|-94.2|180.0,A_HardBreak,HardBreakRoute,Town12,55,HardBreakRoute_6,2913.1,-94.2,180.0,routes_training.xml,
Town12|55|HardBreakRoute|2783.2|-375.4|270.0,A_HardBreak,HardBreakRoute,Town12,55,HardBreakRoute_7,2783.2,-375.4,270.0,routes_training.xml,
Town12|56|HardBreakRoute|949.2|3512.1|279.1,A_HardBreak,HardBreakRoute,Town12,56,HardBreakRoute_1,949.2,3512.1,279.1,routes_training.xml,
Town12|56|HardBreakRoute|1427.9|3098.9|-0.1,A_HardBreak,HardBreakRoute,Town12,56,HardBreakRoute_2,1427.9,3098.9,-0.1,routes_training.xml,
Town12|56|HardBreakRoute|2476.1|3110.1|0.5,A_HardBreak,HardBreakRoute,Town12,56,HardBreakRoute_3,2476.1,3110.1,0.5,routes_training.xml,
Town12|56|HardBreakRoute|3858.3|5489.8|100.1,A_HardBreak,HardBreakRoute,Town12,56,HardBreakRoute_4,3858.3,5489.8,100.1,routes_training.xml,
Town12|56|HardBreakRoute|2219.3|6116.9|-169.6,A_HardBreak,HardBreakRoute,Town12,56,HardBreakRoute_5,2219.3,6116.9,-169.6,routes_training.xml,
Town12|57|HardBreakRoute|-1621.4|6471.4|-188.4,A_HardBreak,HardBreakRoute,Town12,57,HardBreakRoute_1,-1621.4,6471.4,-188.4,routes_training.xml,
Town12|57|HardBreakRoute|-2476.5|4110.1|-74.5,A_HardBreak,HardBreakRoute,Town12,57,HardBreakRoute_2,-2476.5,4110.1,-74.5,routes_training.xml,
Town12|57|HardBreakRoute|-1529.7|3132.5|-13.3,A_HardBreak,HardBreakRoute,Town12,57,HardBreakRoute_3,-1529.7,3132.5,-13.3,routes_training.xml,
Town12|57|HardBreakRoute|-1916.0|3284.7|146.5,A_HardBreak,HardBreakRoute,Town12,57,HardBreakRoute_4,-1916.0,3284.7,146.5,routes_training.xml,
Town12|57|HardBreakRoute|-2746.8|4038.8|-139.3,A_HardBreak,HardBreakRoute,Town12,57,HardBreakRoute_5,-2746.8,4038.8,-139.3,routes_training.xml,
Town12|58|HardBreakRoute|-3069.1|4012.5|305.5,A_HardBreak,HardBreakRoute,Town12,58,HardBreakRoute_1,-3069.1,4012.5,305.5,routes_training.xml,
Town12|58|HardBreakRoute|-3055.7|3019.4|212.8,A_HardBreak,HardBreakRoute,Town12,58,HardBreakRoute_2,-3055.7,3019.4,212.8,routes_training.xml,
Town12|58|HardBreakRoute|-3311.2|2076.8|259.9,A_HardBreak,HardBreakRoute,Town12,58,HardBreakRoute_3,-3311.2,2076.8,259.9,routes_training.xml,
Town12|58|VehicleTurningRoute|-3359.8|1956.8|242.8,C_VehicleTurning,VehicleTurningRoute,Town12,58,VehicleTurningRoute_1,-3359.8,1956.8,242.8,routes_training.xml,
Town12|58|HardBreakRoute|-2800.2|1848.8|37.0,A_HardBreak,HardBreakRoute,Town12,58,HardBreakRoute_4,-2800.2,1848.8,37.0,routes_training.xml,
Town12|58|HardBreakRoute|-2538.2|2430.7|153.4,A_HardBreak,HardBreakRoute,Town12,58,HardBreakRoute_5,-2538.2,2430.7,153.4,routes_training.xml,
Town12|58|HardBreakRoute|-2843.5|2988.1|111.5,A_HardBreak,HardBreakRoute,Town12,58,HardBreakRoute_6,-2843.5,2988.1,111.5,routes_training.xml,
Town12|58|HardBreakRoute|-2913.3|3333.9|121.3,A_HardBreak,HardBreakRoute,Town12,58,HardBreakRoute_7,-2913.3,3333.9,121.3,routes_training.xml,
Town12|59|HardBreakRoute|-1626.7|1606.6|-179.5,A_HardBreak,HardBreakRoute,Town12,59,HardBreakRoute_1,-1626.7,1606.6,-179.5,routes_training.xml,
Town12|59|HardBreakRoute|-2863.3|783.3|251.5,A_HardBreak,HardBreakRoute,Town12,59,HardBreakRoute_2,-2863.3,783.3,251.5,routes_training.xml,
Town12|59|HardBreakRoute|-3306.1|664.2|177.7,A_HardBreak,HardBreakRoute,Town12,59,HardBreakRoute_3,-3306.1,664.2,177.7,routes_training.xml,
Town12|59|HardBreakRoute|-3777.5|737.7|-81.8,A_HardBreak,HardBreakRoute,Town12,59,HardBreakRoute_4,-3777.5,737.7,-81.8,routes_training.xml,
Town12|59|HardBreakRoute|-3948.1|1734.3|194.4,A_HardBreak,HardBreakRoute,Town12,59,HardBreakRoute_5,-3948.1,1734.3,194.4,routes_training.xml,
Town12|60|HardBreakRoute|225.5|6100.9|180.0,A_HardBreak,HardBreakRoute,Town12,60,HardBreakRoute_1,225.5,6100.9,180.0,routes_training.xml,
Town12|60|HardBreakRoute|97.4|6100.9|180.0,A_HardBreak,HardBreakRoute,Town12,60,HardBreakRoute_2,97.4,6100.9,180.0,routes_training.xml,
Town12|60|VehicleTurningRoute|-711.8|6163.6|113.0,C_VehicleTurning,VehicleTurningRoute,Town12,60,VehicleTurningRoute_1,-711.8,6163.6,113.0,routes_training.xml,
Town12|60|HardBreakRoute|-817.5|5860.5|269.9,A_HardBreak,HardBreakRoute,Town12,60,HardBreakRoute_3,-817.5,5860.5,269.9,routes_training.xml,
Town12|60|HardBreakRoute|-819.0|5027.2|269.9,A_HardBreak,HardBreakRoute,Town12,60,HardBreakRoute_4,-819.0,5027.2,269.9,routes_training.xml,
Town12|60|VehicleTurningRoute|-495.9|5033.4|89.7,C_VehicleTurning,VehicleTurningRoute,Town12,60,VehicleTurningRoute_2,-495.9,5033.4,89.7,routes_training.xml,
Town12|60|HardBreakRoute|-535.4|5234.1|0.9,A_HardBreak,HardBreakRoute,Town12,60,HardBreakRoute_5,-535.4,5234.1,0.9,routes_training.xml,
Town12|60|HardBreakRoute|-374.1|5188.6|-47.7,A_HardBreak,HardBreakRoute,Town12,60,HardBreakRoute_6,-374.1,5188.6,-47.7,routes_training.xml,
Town12|60|HardBreakRoute|-168.0|5395.3|66.3,A_HardBreak,HardBreakRoute,Town12,60,HardBreakRoute_7,-168.0,5395.3,66.3,routes_training.xml,
Town12|61|ParkingCutIn|-710.9|3587.4|-90.0,B_ParkingCutIn,ParkingCutIn,Town12,61,ParkingCutIn_1,-710.9,3587.4,-90.0,routes_training.xml,
Town12|61|HardBreakRoute|-764.2|3490.1|179.9,A_HardBreak,HardBreakRoute,Town12,61,HardBreakRoute_1,-764.2,3490.1,179.9,routes_training.xml,
Town12|61|VehicleTurningRoute|-1158.2|3796.6|180.3,C_VehicleTurning,VehicleTurningRoute,Town12,61,VehicleTurningRoute_1,-1158.2,3796.6,180.3,routes_training.xml,
Town12|61|HardBreakRoute|-1215.9|3591.3|91.5,A_HardBreak,HardBreakRoute,Town12,61,HardBreakRoute_2,-1215.9,3591.3,91.5,routes_training.xml,
Town12|61|VehicleTurningRoute|-1156.6|3673.1|16.6,C_VehicleTurning,VehicleTurningRoute,Town12,61,VehicleTurningRoute_2,-1156.6,3673.1,16.6,routes_training.xml,
Town12|61|HardBreakRoute|-1527.0|3567.2|277.0,A_HardBreak,HardBreakRoute,Town12,61,HardBreakRoute_3,-1527.0,3567.2,277,routes_training.xml,
Town12|61|PedestrianCrossing|-1553.4|3309.4|270.1,D_PedestrianCrossing,PedestrianCrossing,Town12,61,PedestrianCrossing_1,-1553.4,3309.4,270.1,routes_training.xml,
Town12|61|PedestrianCrossing|-1320.1|3691.8|-12.7,D_PedestrianCrossing,PedestrianCrossing,Town12,61,PedestrianCrossing_2,-1320.1,3691.8,-12.7,routes_training.xml,
Town12|61|HardBreakRoute|-1671.8|4950.6|89.8,A_HardBreak,HardBreakRoute,Town12,61,HardBreakRoute_4,-1671.8,4950.6,89.8,routes_training.xml,
Town12|61|HardBreakRoute|-1667.7|5154.7|89.8,A_HardBreak,HardBreakRoute,Town12,61,HardBreakRoute_5,-1667.7,5154.7,89.8,routes_training.xml,
Town12|61|VehicleTurningRoute|-1667.1|5294.5|89.8,C_VehicleTurning,VehicleTurningRoute,Town12,61,VehicleTurningRoute_3,-1667.1,5294.5,89.8,routes_training.xml,
Town12|62|ParkingCutIn|-174.5|4391.1|269.9,B_ParkingCutIn,ParkingCutIn,Town12,62,ParkingCutIn_1,-174.5,4391.1,269.9,routes_training.xml,
Town12|62|ParkingCutIn|-284.4|4056.2|-90.3,B_ParkingCutIn,ParkingCutIn,Town12,62,ParkingCutIn_2,-284.4,4056.2,-90.3,routes_training.xml,
Town12|62|ParkingCutIn|-177.4|3996.6|89.7,B_ParkingCutIn,ParkingCutIn,Town12,62,ParkingCutIn_3,-177.4,3996.6,89.7,routes_training.xml,
Town12|62|PedestrianCrossing|-177.2|4041.6|89.7,D_PedestrianCrossing,PedestrianCrossing,Town12,62,PedestrianCrossing_1,-177.2,4041.6,89.7,routes_training.xml,
Town12|62|PedestrianCrossing|-390.3|4151.4|90.0,D_PedestrianCrossing,PedestrianCrossing,Town12,62,PedestrianCrossing_2,-390.3,4151.4,90.0,routes_training.xml,
Town12|62|HardBreakRoute|-412.8|4192.2|179.9,A_HardBreak,HardBreakRoute,Town12,62,HardBreakRoute_1,-412.8,4192.2,179.9,routes_training.xml,
Town12|62|ParkingCutIn|-390.3|4017.5|90.0,B_ParkingCutIn,ParkingCutIn,Town12,62,ParkingCutIn_4,-390.3,4017.5,90.0,routes_training.xml,
Town12|62|ParkingCutIn|-604.9|4001.7|90.1,B_ParkingCutIn,ParkingCutIn,Town12,62,ParkingCutIn_5,-604.9,4001.7,90.1,routes_training.xml,
Town12|62|HardBreakRoute|-643.7|4347.6|136.6,A_HardBreak,HardBreakRoute,Town12,62,HardBreakRoute_2,-643.7,4347.6,136.6,routes_training.xml,
Town12|62|HardBreakRoute|-299.1|4302.6|-0.3,A_HardBreak,HardBreakRoute,Town12,62,HardBreakRoute_3,-299.1,4302.6,-0.3,routes_training.xml,
Town12|62|HardBreakRoute|251.5|4250.2|-90.1,A_HardBreak,HardBreakRoute,Town12,62,HardBreakRoute_4,251.5,4250.2,-90.1,routes_training.xml,
Town12|62|ParkingCutIn|249.3|4060.8|-90.2,B_ParkingCutIn,ParkingCutIn,Town12,62,ParkingCutIn_6,249.3,4060.8,-90.2,routes_training.xml,
Town12|62|VehicleTurningRoute|248.9|3833.3|270.0,C_VehicleTurning,VehicleTurningRoute,Town12,62,VehicleTurningRoute_1,248.9,3833.3,270.0,routes_training.xml,
Town12|62|HardBreakRoute|130.0|3810.0|179.9,A_HardBreak,HardBreakRoute,Town12,62,HardBreakRoute_5,130.0,3810.0,179.9,routes_training.xml,
Town12|62|ParkingCutIn|-70.2|3638.7|-90.1,B_ParkingCutIn,ParkingCutIn,Town12,62,ParkingCutIn_7,-70.2,3638.7,-90.1,routes_training.xml,
Town12|62|PedestrianCrossing|-70.3|3529.4|-90.1,D_PedestrianCrossing,PedestrianCrossing,Town12,62,PedestrianCrossing_3,-70.3,3529.4,-90.1,routes_training.xml,
Town12|62|ParkingCutIn|-284.1|3594.9|-90.4,B_ParkingCutIn,ParkingCutIn,Town12,62,ParkingCutIn_8,-284.1,3594.9,-90.4,routes_training.xml,
Town12|62|PedestrianCrossing|-284.5|3534.6|-90.4,D_PedestrianCrossing,PedestrianCrossing,Town12,62,PedestrianCrossing_4,-284.5,3534.6,-90.4,routes_training.xml,
Town12|62|ParkingCutIn|-393.0|3589.7|89.6,B_ParkingCutIn,ParkingCutIn,Town12,62,ParkingCutIn_9,-393.0,3589.7,89.6,routes_training.xml,
Town12|63|ParkingCutIn|1097.9|4031.6|279.0,B_ParkingCutIn,ParkingCutIn,Town12,63,ParkingCutIn_1,1097.9,4031.6,279.0,routes_training.xml,
Town12|63|HardBreakRoute|739.6|3701.3|179.9,A_HardBreak,HardBreakRoute,Town12,63,HardBreakRoute_1,739.6,3701.3,179.9,routes_training.xml,
Town12|63|PedestrianCrossing|713.4|3701.4|179.9,D_PedestrianCrossing,PedestrianCrossing,Town12,63,PedestrianCrossing_1,713.4,3701.4,179.9,routes_training.xml,
Town12|63|HardBreakRoute|624.3|3808.8|179.9,A_HardBreak,HardBreakRoute,Town12,63,HardBreakRoute_2,624.3,3808.8,179.9,routes_training.xml,
Town12|63|VehicleTurningRoute|592.0|3808.9|179.9,C_VehicleTurning,VehicleTurningRoute,Town12,63,VehicleTurningRoute_1,592.0,3808.9,179.9,routes_training.xml,
Town12|63|ParkingCutIn|568.9|3678.3|-90.1,B_ParkingCutIn,ParkingCutIn,Town12,63,ParkingCutIn_2,568.9,3678.3,-90.1,routes_training.xml,
Town12|63|ParkingCutIn|568.7|3578.4|-90.1,B_ParkingCutIn,ParkingCutIn,Town12,63,ParkingCutIn_3,568.7,3578.4,-90.1,routes_training.xml,
Town12|63|HardBreakRoute|619.7|3491.5|-0.1,A_HardBreak,HardBreakRoute,Town12,63,HardBreakRoute_3,619.7,3491.5,-0.1,routes_training.xml,
Town12|63|ParkingCutIn|675.4|3619.9|89.6,B_ParkingCutIn,ParkingCutIn,Town12,63,ParkingCutIn_4,675.4,3619.9,89.6,routes_training.xml,
Town12|63|HardBreakRoute|414.8|3595.1|179.9,A_HardBreak,HardBreakRoute,Town12,63,HardBreakRoute_4,414.8,3595.1,179.9,routes_training.xml,
Town12|63|ParkingCutIn|355.9|3553.5|-90.0,B_ParkingCutIn,ParkingCutIn,Town12,63,ParkingCutIn_5,355.9,3553.5,-90.0,routes_training.xml,
Town12|63|HardBreakRoute|204.2|3489.2|179.9,A_HardBreak,HardBreakRoute,Town12,63,HardBreakRoute_5,204.2,3489.2,179.9,routes_training.xml,
Town12|63|ParkingCutIn|33.9|3521.9|89.6,B_ParkingCutIn,ParkingCutIn,Town12,63,ParkingCutIn_6,33.9,3521.9,89.6,routes_training.xml,
Town12|63|ParkingCutIn|34.6|3626.4|89.6,B_ParkingCutIn,ParkingCutIn,Town12,63,ParkingCutIn_7,34.6,3626.4,89.6,routes_training.xml,
Town12|63|HardBreakRoute|196.2|3812.6|-0.1,A_HardBreak,HardBreakRoute,Town12,63,HardBreakRoute_6,196.2,3812.6,-0.1,routes_training.xml,
Town12|63|ParkingCutIn|356.0|3786.5|-90.0,B_ParkingCutIn,ParkingCutIn,Town12,63,ParkingCutIn_8,356.0,3786.5,-90.0,routes_training.xml,
Town12|63|ParkingCutIn|355.9|3682.2|-90.0,B_ParkingCutIn,ParkingCutIn,Town12,63,ParkingCutIn_9,355.9,3682.2,-90.0,routes_training.xml,
Town12|63|HardBreakRoute|246.0|3643.4|90.0,A_HardBreak,HardBreakRoute,Town12,63,HardBreakRoute_7,246.0,3643.4,90.0,routes_training.xml,
Town12|63|HardBreakRoute|382.4|3914.9|179.7,A_HardBreak,HardBreakRoute,Town12,63,HardBreakRoute_8,382.4,3914.9,179.7,routes_training.xml,
Town12|63|PedestrianCrossing|293.5|4190.6|179.9,D_PedestrianCrossing,PedestrianCrossing,Town12,63,PedestrianCrossing_2,293.5,4190.6,179.9,routes_training.xml,
Town12|63|HardBreakRoute|687.0|4620.3|-0.1,A_HardBreak,HardBreakRoute,Town12,63,HardBreakRoute_9,687.0,4620.3,-0.1,routes_training.xml,
Town12|63|HardBreakRoute|798.3|4449.7|279.1,A_HardBreak,HardBreakRoute,Town12,63,HardBreakRoute_10,798.3,4449.7,279.1,routes_training.xml,
Town12|63|ParkingCutIn|569.7|4022.6|89.9,B_ParkingCutIn,ParkingCutIn,Town12,63,ParkingCutIn_10,569.7,4022.6,89.9,routes_training.xml,
Town12|63|VehicleTurningRoute|570.1|4167.2|89.9,C_VehicleTurning,VehicleTurningRoute,Town12,63,VehicleTurningRoute_2,570.1,4167.2,89.9,routes_training.xml,
Town12|63|ParkingCutIn|463.0|4166.4|-90.0,B_ParkingCutIn,ParkingCutIn,Town12,63,ParkingCutIn_11,463.0,4166.4,-90.0,routes_training.xml,
Town12|63|ParkingCutIn|355.7|4115.9|89.8,B_ParkingCutIn,ParkingCutIn,Town12,63,ParkingCutIn_12,355.7,4115.9,89.8,routes_training.xml,
Town12|64|HardBreakRoute|1662.8|2181.2|-0.2,A_HardBreak,HardBreakRoute,Town12,64,HardBreakRoute_1,1662.8,2181.2,-0.2,routes_training.xml,
Town12|64|HardBreakRoute|1887.7|1718.3|180.0,A_HardBreak,HardBreakRoute,Town12,64,HardBreakRoute_2,1887.7,1718.3,180.0,routes_training.xml,
Town12|64|VehicleTurningRoute|1661.4|1718.3|180.0,C_VehicleTurning,VehicleTurningRoute,Town12,64,VehicleTurningRoute_1,1661.4,1718.3,180.0,routes_training.xml,
Town12|64|HardBreakRoute|1780.8|2003.1|89.8,A_HardBreak,HardBreakRoute,Town12,64,HardBreakRoute_3,1780.8,2003.1,89.8,routes_training.xml,
Town12|64|HardBreakRoute|1676.2|1720.8|-0.0,A_HardBreak,HardBreakRoute,Town12,64,HardBreakRoute_4,1676.2,1720.8,-0.0,routes_training.xml,
Town12|64|HardBreakRoute|2183.7|2003.5|89.8,A_HardBreak,HardBreakRoute,Town12,64,HardBreakRoute_5,2183.7,2003.5,89.8,routes_training.xml,
Town12|64|VehicleTurningRoute|2020.3|2294.9|180.0,C_VehicleTurning,VehicleTurningRoute,Town12,64,VehicleTurningRoute_2,2020.3,2294.9,180.0,routes_training.xml,
Town12|64|HardBreakRoute|2247.6|2064.2|-0.2,A_HardBreak,HardBreakRoute,Town12,64,HardBreakRoute_6,2247.6,2064.2,-0.2,routes_training.xml,
Town12|64|HardBreakRoute|2008.6|2641.8|179.8,A_HardBreak,HardBreakRoute,Town12,64,HardBreakRoute_7,2008.6,2641.8,179.8,routes_training.xml,
Town12|64|HardBreakRoute|2185.3|2464.3|90.1,A_HardBreak,HardBreakRoute,Town12,64,HardBreakRoute_8,2185.3,2464.3,90.1,routes_training.xml,
Town12|65|VehicleTurningRoute|3710.8|2467.8|90.0,C_VehicleTurning,VehicleTurningRoute,Town12,65,VehicleTurningRoute_1,3710.8,2467.8,90.0,routes_training.xml,
Town12|65|HardBreakRoute|3123.7|2582.5|90.0,A_HardBreak,HardBreakRoute,Town12,65,HardBreakRoute_1,3123.7,2582.5,90.0,routes_training.xml,
Town12|65|VehicleTurningRoute|3481.9|2452.5|269.7,C_VehicleTurning,VehicleTurningRoute,Town12,65,VehicleTurningRoute_2,3481.9,2452.5,269.7,routes_training.xml,
Town12|65|HardBreakRoute|2838.9|2407.9|179.8,A_HardBreak,HardBreakRoute,Town12,65,HardBreakRoute_2,2838.9,2407.9,179.8,routes_training.xml,
Town12|65|HardBreakRoute|2772.6|2335.4|89.8,A_HardBreak,HardBreakRoute,Town12,65,HardBreakRoute_3,2772.6,2335.4,89.8,routes_training.xml,
Town12|65|HardBreakRoute|2889.7|1900.9|269.6,A_HardBreak,HardBreakRoute,Town12,65,HardBreakRoute_4,2889.7,1900.9,269.6,routes_training.xml,
Town12|65|VehicleTurningRoute|2888.6|1725.6|269.6,C_VehicleTurning,VehicleTurningRoute,Town12,65,VehicleTurningRoute_3,2888.6,1725.6,269.6,routes_training.xml,
Town12|65|VehicleTurningRoute|2771.1|1797.4|89.8,C_VehicleTurning,VehicleTurningRoute,Town12,65,VehicleTurningRoute_4,2771.1,1797.4,89.8,routes_training.xml,
Town12|65|HardBreakRoute|2720.7|1596.6|179.9,A_HardBreak,HardBreakRoute,Town12,65,HardBreakRoute_5,2720.7,1596.6,179.9,routes_training.xml,
Town12|65|HardBreakRoute|2386.2|1761.6|90.1,A_HardBreak,HardBreakRoute,Town12,65,HardBreakRoute_6,2386.2,1761.6,90.1,routes_training.xml,
Town12|65|VehicleTurningRoute|2385.8|2025.4|90.1,C_VehicleTurning,VehicleTurningRoute,Town12,65,VehicleTurningRoute_5,2385.8,2025.4,90.1,routes_training.xml,
Town12|65|HardBreakRoute|2342.9|2061.4|179.8,A_HardBreak,HardBreakRoute,Town12,65,HardBreakRoute_7,2342.9,2061.4,179.8,routes_training.xml,
Town12|66|HardBreakRoute|3485.8|-196.7|269.5,A_HardBreak,HardBreakRoute,Town12,66,HardBreakRoute_1,3485.8,-196.7,269.5,routes_training.xml,
Town12|66|VehicleTurningRoute|3485.8|-220.0|269.5,C_VehicleTurning,VehicleTurningRoute,Town12,66,VehicleTurningRoute_1,3485.8,-220,269.5,routes_training.xml,
Town12|66|HardBreakRoute|2783.4|-524.2|270.0,A_HardBreak,HardBreakRoute,Town12,66,HardBreakRoute_2,2783.4,-524.2,270.0,routes_training.xml,
Town12|66|HardBreakRoute|2372.9|-601.7|89.8,A_HardBreak,HardBreakRoute,Town12,66,HardBreakRoute_3,2372.9,-601.7,89.8,routes_training.xml,
Town12|66|HardBreakRoute|3099.0|-90.7|360.0,A_HardBreak,HardBreakRoute,Town12,66,HardBreakRoute_4,3099.0,-90.7,360.0,routes_training.xml,
Town12|66|HardBreakRoute|3743.4|-652.5|-90.4,A_HardBreak,HardBreakRoute,Town12,66,HardBreakRoute_5,3743.4,-652.5,-90.4,routes_training.xml,
Town12|66|HardBreakRoute|3376.3|-1731.2|-171.8,A_HardBreak,HardBreakRoute,Town12,66,HardBreakRoute_6,3376.3,-1731.2,-171.8,routes_training.xml,
Town12|66|HardBreakRoute|2679.6|-1695.3|171.7,A_HardBreak,HardBreakRoute,Town12,66,HardBreakRoute_7,2679.6,-1695.3,171.7,routes_training.xml,
Town12|67|HardBreakRoute|1408.5|-1713.1|180.0,A_HardBreak,HardBreakRoute,Town12,67,HardBreakRoute_1,1408.5,-1713.1,180.0,routes_training.xml,
Town12|67|HardBreakRoute|300.1|-1711.8|178.6,A_HardBreak,HardBreakRoute,Town12,67,HardBreakRoute_2,300.1,-1711.8,178.6,routes_training.xml,
Town12|67|HardBreakRoute|-780.3|-917.1|94.3,A_HardBreak,HardBreakRoute,Town12,67,HardBreakRoute_3,-780.3,-917.1,94.3,routes_training.xml,
Town12|67|HardBreakRoute|-731.7|-83.1|0.0,A_HardBreak,HardBreakRoute,Town12,67,HardBreakRoute_4,-731.7,-83.1,0.0,routes_training.xml,
Town12|67|HardBreakRoute|779.9|1996.2|90.1,A_HardBreak,HardBreakRoute,Town12,67,HardBreakRoute_5,779.9,1996.2,90.1,routes_training.xml,
Town12|67|VehicleTurningRoute|1754.7|2298.6|360.0,C_VehicleTurning,VehicleTurningRoute,Town12,67,VehicleTurningRoute_1,1754.7,2298.6,360.0,routes_training.xml,
Town12|68|HardBreakRoute|-3525.0|577.9|236.7,A_HardBreak,HardBreakRoute,Town12,68,HardBreakRoute_1,-3525.0,577.9,236.7,routes_training.xml,
Town12|68|HardBreakRoute|-3606.8|307.6|269.6,A_HardBreak,HardBreakRoute,Town12,68,HardBreakRoute_2,-3606.8,307.6,269.6,routes_training.xml,
Town12|68|HardBreakRoute|-3505.6|-205.8|263.8,A_HardBreak,HardBreakRoute,Town12,68,HardBreakRoute_3,-3505.6,-205.8,263.8,routes_training.xml,
Town12|68|HardBreakRoute|-4525.7|-31.5|151.7,A_HardBreak,HardBreakRoute,Town12,68,HardBreakRoute_4,-4525.7,-31.5,151.7,routes_training.xml,
Town12|68|HardBreakRoute|-5220.5|628.5|98.8,A_HardBreak,HardBreakRoute,Town12,68,HardBreakRoute_5,-5220.5,628.5,98.8,routes_training.xml,
Town12|68|HardBreakRoute|-2650.5|1611.0|358.5,A_HardBreak,HardBreakRoute,Town12,68,HardBreakRoute_6,-2650.5,1611.0,358.5,routes_training.xml,
Town12|68|HardBreakRoute|-1609.6|1610.2|0.5,A_HardBreak,HardBreakRoute,Town12,68,HardBreakRoute_7,-1609.6,1610.2,0.5,routes_training.xml,
Town12|69|ParkingCutIn|1519.7|3929.8|99.0,B_ParkingCutIn,ParkingCutIn,Town12,69,ParkingCutIn_1,1519.7,3929.8,99.0,routes_training.xml,
Town12|69|HardBreakRoute|1574.8|4039.5|9.2,A_HardBreak,HardBreakRoute,Town12,69,HardBreakRoute_1,1574.8,4039.5,9.2,routes_training.xml,
Town12|69|ParkingCutIn|1046.5|4333.2|99.5,B_ParkingCutIn,ParkingCutIn,Town12,69,ParkingCutIn_2,1046.5,4333.2,99.5,routes_training.xml,
Town12|69|HardBreakRoute|1326.9|4466.6|9.3,A_HardBreak,HardBreakRoute,Town12,69,HardBreakRoute_2,1326.9,4466.6,9.3,routes_training.xml,
Town12|69|PedestrianCrossing|1576.3|4507.5|9.3,D_PedestrianCrossing,PedestrianCrossing,Town12,69,PedestrianCrossing_1,1576.3,4507.5,9.3,routes_training.xml,
Town12|69|HardBreakRoute|1490.7|4989.0|179.9,A_HardBreak,HardBreakRoute,Town12,69,HardBreakRoute_3,1490.7,4989.0,179.9,routes_training.xml,
Town12|69|PedestrianCrossing|1362.0|5241.9|89.8,D_PedestrianCrossing,PedestrianCrossing,Town12,69,PedestrianCrossing_2,1362.0,5241.9,89.8,routes_training.xml,
Town12|69|PedestrianCrossing|1173.6|5531.2|89.9,D_PedestrianCrossing,PedestrianCrossing,Town12,69,PedestrianCrossing_3,1173.6,5531.2,89.9,routes_training.xml,
Town12|69|HardBreakRoute|986.8|5240.9|270.1,A_HardBreak,HardBreakRoute,Town12,69,HardBreakRoute_4,986.8,5240.9,270.1,routes_training.xml,
Town12|69|HardBreakRoute|793.3|4927.8|269.6,A_HardBreak,HardBreakRoute,Town12,69,HardBreakRoute_5,793.3,4927.8,269.6,routes_training.xml,
Town12|69|HardBreakRoute|392.8|4723.7|180.0,A_HardBreak,HardBreakRoute,Town12,69,HardBreakRoute_6,392.8,4723.7,180.0,routes_training.xml,
Town12|70|PedestrianCrossing|3033.4|4742.3|189.2,D_PedestrianCrossing,PedestrianCrossing,Town12,70,PedestrianCrossing_1,3033.4,4742.3,189.2,routes_training.xml,
Town12|70|ParkingCutIn|2797.7|4427.1|279.4,B_ParkingCutIn,ParkingCutIn,Town12,70,ParkingCutIn_1,2797.7,4427.1,279.4,routes_training.xml,
Town12|70|PedestrianCrossing|3291.8|4259.9|98.9,D_PedestrianCrossing,PedestrianCrossing,Town12,70,PedestrianCrossing_2,3291.8,4259.9,98.9,routes_training.xml,
Town12|70|HardBreakRoute|3186.3|4293.8|189.2,A_HardBreak,HardBreakRoute,Town12,70,HardBreakRoute_1,3186.3,4293.8,189.2,routes_training.xml,
Town12|70|ParkingCutIn|3040.0|4356.2|98.9,B_ParkingCutIn,ParkingCutIn,Town12,70,ParkingCutIn_2,3040.0,4356.2,98.9,routes_training.xml,
Town12|70|VehicleTurningRoute|3021.4|4475.4|98.9,C_VehicleTurning,VehicleTurningRoute,Town12,70,VehicleTurningRoute_1,3021.4,4475.4,98.9,routes_training.xml,
Town12|70|HardBreakRoute|3061.5|4513.8|9.2,A_HardBreak,HardBreakRoute,Town12,70,HardBreakRoute_2,3061.5,4513.8,9.2,routes_training.xml,
Town12|70|PedestrianCrossing|3715.1|4268.7|9.0,D_PedestrianCrossing,PedestrianCrossing,Town12,70,PedestrianCrossing_3,3715.1,4268.7,9.0,routes_training.xml,
Town12|70|HardBreakRoute|3715.5|4538.1|98.9,A_HardBreak,HardBreakRoute,Town12,70,HardBreakRoute_3,3715.5,4538.1,98.9,routes_training.xml,
Town12|70|VehicleTurningRoute|3708.0|4586.1|98.9,C_VehicleTurning,VehicleTurningRoute,Town12,70,VehicleTurningRoute_2,3708.0,4586.1,98.9,routes_training.xml,
Town12|70|ParkingCutIn|3455.5|4719.2|99.6,B_ParkingCutIn,ParkingCutIn,Town12,70,ParkingCutIn_3,3455.5,4719.2,99.6,routes_training.xml,
Town12|70|ParkingCutIn|3396.5|5065.1|99.8,B_ParkingCutIn,ParkingCutIn,Town12,70,ParkingCutIn_4,3396.5,5065.1,99.8,routes_training.xml,
Town12|70|PedestrianCrossing|3368.9|5225.0|99.5,D_PedestrianCrossing,PedestrianCrossing,Town12,70,PedestrianCrossing_4,3368.9,5225.0,99.5,routes_training.xml,
Town12|70|HardBreakRoute|3263.1|5247.5|189.1,A_HardBreak,HardBreakRoute,Town12,70,HardBreakRoute_4,3263.1,5247.5,189.1,routes_training.xml,
Town12|70|HardBreakRoute|3009.0|5442.5|189.0,A_HardBreak,HardBreakRoute,Town12,70,HardBreakRoute_5,3009.0,5442.5,189.0,routes_training.xml,
Town12|70|HardBreakRoute|2409.7|5477.4|269.7,A_HardBreak,HardBreakRoute,Town12,70,HardBreakRoute_6,2409.7,5477.4,269.7,routes_training.xml,
Town12|70|HardBreakRoute|2408.9|5295.5|269.7,A_HardBreak,HardBreakRoute,Town12,70,HardBreakRoute_7,2408.9,5295.5,269.7,routes_training.xml,
Town12|70|PedestrianCrossing|2931.5|4728.9|9.2,D_PedestrianCrossing,PedestrianCrossing,Town12,70,PedestrianCrossing_5,2931.5,4728.9,9.2,routes_training.xml,
Town12|70|ParkingCutIn|2973.9|4766.8|99.6,B_ParkingCutIn,ParkingCutIn,Town12,70,ParkingCutIn_5,2973.9,4766.8,99.6,routes_training.xml,
Town12|71|HardBreakRoute|-313.1|3978.8|179.9,A_HardBreak,HardBreakRoute,Town12,71,HardBreakRoute_1,-313.1,3978.8,179.9,routes_training.xml,
Town12|71|HardBreakRoute|863.6|3982.4|99.1,A_HardBreak,HardBreakRoute,Town12,71,HardBreakRoute_2,863.6,3982.4,99.1,routes_training.xml,
Town12|71|HardBreakRoute|546.0|4287.9|179.7,A_HardBreak,HardBreakRoute,Town12,71,HardBreakRoute_3,546.0,4287.9,179.7,routes_training.xml,
Town12|71|HardBreakRoute|-1266.0|4882.4|180.3,A_HardBreak,HardBreakRoute,Town12,71,HardBreakRoute_4,-1266.0,4882.4,180.3,routes_training.xml,
Town12|71|HardBreakRoute|-1459.7|4881.3|180.3,A_HardBreak,HardBreakRoute,Town12,71,HardBreakRoute_5,-1459.7,4881.3,180.3,routes_training.xml,
Town12|71|HardBreakRoute|-1668.8|5663.3|89.8,A_HardBreak,HardBreakRoute,Town12,71,HardBreakRoute_6,-1668.8,5663.3,89.8,routes_training.xml,
Town12|71|HardBreakRoute|-894.6|5629.7|-23.4,A_HardBreak,HardBreakRoute,Town12,71,HardBreakRoute_7,-894.6,5629.7,-23.4,routes_training.xml,
Town12|71|HardBreakRoute|-820.1|4414.6|269.9,A_HardBreak,HardBreakRoute,Town12,71,HardBreakRoute_8,-820.1,4414.6,269.9,routes_training.xml,
Town12|72|HardBreakRoute|687.0|4733.3|-0.0,A_HardBreak,HardBreakRoute,Town12,72,HardBreakRoute_1,687.0,4733.3,-0.0,routes_training.xml,
Town12|72|HardBreakRoute|783.2|4871.5|89.6,A_HardBreak,HardBreakRoute,Town12,72,HardBreakRoute_2,783.2,4871.5,89.6,routes_training.xml,
Town12|72|ParkingCutIn|1176.3|5141.5|269.9,B_ParkingCutIn,ParkingCutIn,Town12,72,ParkingCutIn_1,1176.3,5141.5,269.9,routes_training.xml,
Town12|72|HardBreakRoute|1253.7|4999.4|-0.1,A_HardBreak,HardBreakRoute,Town12,72,HardBreakRoute_3,1253.7,4999.4,-0.1,routes_training.xml,
Town12|72|HardBreakRoute|1598.2|4998.5|-0.1,A_HardBreak,HardBreakRoute,Town12,72,HardBreakRoute_4,1598.2,4998.5,-0.1,routes_training.xml,
Town12|72|PedestrianCrossing|1749.0|5170.5|89.6,D_PedestrianCrossing,PedestrianCrossing,Town12,72,PedestrianCrossing_1,1749.0,5170.5,89.6,routes_training.xml,
Town12|72|HardBreakRoute|1659.2|5584.9|-0.0,A_HardBreak,HardBreakRoute,Town12,72,HardBreakRoute_5,1659.2,5584.9,-0.0,routes_training.xml,
Town12|72|HardBreakRoute|2048.6|6058.0|-162.9,A_HardBreak,HardBreakRoute,Town12,72,HardBreakRoute_6,2048.6,6058.0,-162.9,routes_training.xml,
Town12|72|HardBreakRoute|409.5|6103.8|144.8,A_HardBreak,HardBreakRoute,Town12,72,HardBreakRoute_7,409.5,6103.8,144.8,routes_training.xml,
Town12|72|HardBreakRoute|-248.9|6339.8|179.7,A_HardBreak,HardBreakRoute,Town12,72,HardBreakRoute_8,-248.9,6339.8,179.7,routes_training.xml,
Town12|72|HardBreakRoute|-565.7|6341.5|179.7,A_HardBreak,HardBreakRoute,Town12,72,HardBreakRoute_9,-565.7,6341.5,179.7,routes_training.xml,
Town12|73|ParkingCutIn|3254.9|4507.8|279.2,B_ParkingCutIn,ParkingCutIn,Town12,73,ParkingCutIn_1,3254.9,4507.8,279.2,routes_training.xml,
Town12|73|PedestrianCrossing|3274.1|4389.6|279.2,D_PedestrianCrossing,PedestrianCrossing,Town12,73,PedestrianCrossing_1,3274.1,4389.6,279.2,routes_training.xml,
Town12|73|VehicleTurningRoute|3469.9|4349.6|9.2,C_VehicleTurning,VehicleTurningRoute,Town12,73,VehicleTurningRoute_1,3469.9,4349.6,9.2,routes_training.xml,
Town12|73|HardBreakRoute|3640.8|4607.5|9.2,A_HardBreak,HardBreakRoute,Town12,73,HardBreakRoute_1,3640.8,4607.5,9.2,routes_training.xml,
Town12|73|HardBreakRoute|3502.3|5052.4|189.2,A_HardBreak,HardBreakRoute,Town12,73,HardBreakRoute_2,3502.3,5052.4,189.2,routes_training.xml,
Town12|73|PedestrianCrossing|3464.6|5046.3|189.2,D_PedestrianCrossing,PedestrianCrossing,Town12,73,PedestrianCrossing_2,3464.6,5046.3,189.2,routes_training.xml,
Town12|73|PedestrianCrossing|3139.5|5183.5|99.2,D_PedestrianCrossing,PedestrianCrossing,Town12,73,PedestrianCrossing_3,3139.5,5183.5,99.2,routes_training.xml,
Town12|73|HardBreakRoute|3054.9|5214.2|189.1,A_HardBreak,HardBreakRoute,Town12,73,HardBreakRoute_3,3054.9,5214.2,189.1,routes_training.xml,
Town12|73|HardBreakRoute|2879.0|5356.1|99.1,A_HardBreak,HardBreakRoute,Town12,73,HardBreakRoute_4,2879.0,5356.1,99.1,routes_training.xml,
Town12|73|VehicleTurningRoute|2876.9|5369.0|99.1,C_VehicleTurning,VehicleTurningRoute,Town12,73,VehicleTurningRoute_2,2876.9,5369.0,99.1,routes_training.xml,
Town12|73|HardBreakRoute|3259.5|5367.3|9.0,A_HardBreak,HardBreakRoute,Town12,73,HardBreakRoute_5,3259.5,5367.3,9.0,routes_training.xml,
Town12|73|PedestrianCrossing|2595.2|4671.5|189.2,D_PedestrianCrossing,PedestrianCrossing,Town12,73,PedestrianCrossing_4,2595.2,4671.5,189.2,routes_training.xml,
Town12|73|HardBreakRoute|2857.6|4480.9|9.2,A_HardBreak,HardBreakRoute,Town12,73,HardBreakRoute_6,2857.6,4480.9,9.2,routes_training.xml,
Town12|73|VehicleTurningRoute|2978.8|4500.5|9.2,C_VehicleTurning,VehicleTurningRoute,Town12,73,VehicleTurningRoute_3,2978.8,4500.5,9.2,routes_training.xml,
Town12|73|ParkingCutIn|3011.3|4539.8|98.9,B_ParkingCutIn,ParkingCutIn,Town12,73,ParkingCutIn_2,3011.3,4539.8,98.9,routes_training.xml,
Town12|73|HardBreakRoute|3092.5|4638.4|9.2,A_HardBreak,HardBreakRoute,Town12,73,HardBreakRoute_7,3092.5,4638.4,9.2,routes_training.xml,
Town12|73|ParkingCutIn|3447.2|4786.4|279.6,B_ParkingCutIn,ParkingCutIn,Town12,73,ParkingCutIn_3,3447.2,4786.4,279.6,routes_training.xml,
Town12|74|HardBreakRoute|2398.3|4288.2|9.7,A_HardBreak,HardBreakRoute,Town12,74,HardBreakRoute_1,2398.3,4288.2,9.7,routes_training.xml,
Town12|74|VehicleTurningRoute|2072.2|3998.2|189.2,C_VehicleTurning,VehicleTurningRoute,Town12,74,VehicleTurningRoute_1,2072.2,3998.2,189.2,routes_training.xml,
Town12|74|PedestrianCrossing|2010.8|4047.9|99.2,D_PedestrianCrossing,PedestrianCrossing,Town12,74,PedestrianCrossing_1,2010.8,4047.9,99.2,routes_training.xml,
Town12|74|HardBreakRoute|1892.8|4084.5|189.2,A_HardBreak,HardBreakRoute,Town12,74,HardBreakRoute_2,1892.8,4084.5,189.2,routes_training.xml,
Town12|74|PedestrianCrossing|1098.9|4025.1|279.0,D_PedestrianCrossing,PedestrianCrossing,Town12,74,PedestrianCrossing_2,1098.9,4025.1,279.0,routes_training.xml,
Town12|74|VehicleTurningRoute|1265.5|3989.4|9.2,C_VehicleTurning,VehicleTurningRoute,Town12,74,VehicleTurningRoute_2,1265.5,3989.4,9.2,routes_training.xml,
Town12|74|PedestrianCrossing|983.3|3821.3|189.2,D_PedestrianCrossing,PedestrianCrossing,Town12,74,PedestrianCrossing_3,983.3,3821.3,189.2,routes_training.xml,
Town12|74|VehicleTurningRoute|617.6|4082.9|179.9,C_VehicleTurning,VehicleTurningRoute,Town12,74,VehicleTurningRoute_3,617.6,4082.9,179.9,routes_training.xml,
Town12|74|HardBreakRoute|526.3|4190.1|179.9,A_HardBreak,HardBreakRoute,Town12,74,HardBreakRoute_3,526.3,4190.1,179.9,routes_training.xml,
Town12|74|PedestrianCrossing|461.5|4225.6|89.7,D_PedestrianCrossing,PedestrianCrossing,Town12,74,PedestrianCrossing_4,461.5,4225.6,89.7,routes_training.xml,
Town12|74|HardBreakRoute|462.8|4441.5|89.7,A_HardBreak,HardBreakRoute,Town12,74,HardBreakRoute_4,462.8,4441.5,89.7,routes_training.xml,
Town12|74|HardBreakRoute|782.5|4778.7|89.6,A_HardBreak,HardBreakRoute,Town12,74,HardBreakRoute_5,782.5,4778.7,89.6,routes_training.xml,
Town12|74|HardBreakRoute|632.3|5030.1|162.5,A_HardBreak,HardBreakRoute,Town12,74,HardBreakRoute_6,632.3,5030.1,162.5,routes_training.xml,
Town12|74|VehicleTurningRoute|282.8|5403.1|159.7,C_VehicleTurning,VehicleTurningRoute,Town12,74,VehicleTurningRoute_4,282.8,5403.1,159.7,routes_training.xml,
Town12|74|HardBreakRoute|-193.7|5024.2|156.8,A_HardBreak,HardBreakRoute,Town12,74,HardBreakRoute_7,-193.7,5024.2,156.8,routes_training.xml,
Town12|74|VehicleTurningRoute|94.0|5204.8|-23.3,C_VehicleTurning,VehicleTurningRoute,Town12,74,VehicleTurningRoute_5,94.0,5204.8,-23.3,routes_training.xml,
Town12|75|HardBreakRoute|3767.0|6031.7|108.5,A_HardBreak,HardBreakRoute,Town12,75,HardBreakRoute_1,3767.0,6031.7,108.5,routes_training.xml,
Town12|75|HardBreakRoute|1401.8|6067.1|179.7,A_HardBreak,HardBreakRoute,Town12,75,HardBreakRoute_2,1401.8,6067.1,179.7,routes_training.xml,
Town12|75|HardBreakRoute|-226.3|6494.4|177.9,A_HardBreak,HardBreakRoute,Town12,75,HardBreakRoute_3,-226.3,6494.4,177.9,routes_training.xml,
Town12|75|HardBreakRoute|-2544.7|5731.7|-86.6,A_HardBreak,HardBreakRoute,Town12,75,HardBreakRoute_4,-2544.7,5731.7,-86.6,routes_training.xml,
Town12|76|HardBreakRoute|-2517.1|5561.9|-80.9,A_HardBreak,HardBreakRoute,Town12,76,HardBreakRoute_1,-2517.1,5561.9,-80.9,routes_training.xml,
Town12|76|HardBreakRoute|-2513.7|4446.4|-91.2,A_HardBreak,HardBreakRoute,Town12,76,HardBreakRoute_2,-2513.7,4446.4,-91.2,routes_training.xml,
Town12|76|HardBreakRoute|-1831.9|3252.9|-29.3,A_HardBreak,HardBreakRoute,Town12,76,HardBreakRoute_3,-1831.9,3252.9,-29.3,routes_training.xml,
Town12|76|HardBreakRoute|-1558.5|3143.3|-14.8,A_HardBreak,HardBreakRoute,Town12,76,HardBreakRoute_4,-1558.5,3143.3,-14.8,routes_training.xml,
Town12|76|HardBreakRoute|-17.3|3100.5|-0.1,A_HardBreak,HardBreakRoute,Town12,76,HardBreakRoute_5,-17.3,3100.5,-0.1,routes_training.xml,
Town12|77|HardBreakRoute|4009.9|4595.1|98.8,A_HardBreak,HardBreakRoute,Town12,77,HardBreakRoute_1,4009.9,4595.1,98.8,routes_training.xml,
Town12|77|HardBreakRoute|1932.8|6075.7|-174.3,A_HardBreak,HardBreakRoute,Town12,77,HardBreakRoute_2,1932.8,6075.7,-174.3,routes_training.xml,
Town12|77|VehicleTurningRoute|-602.9|6338.2|179.7,C_VehicleTurning,VehicleTurningRoute,Town12,77,VehicleTurningRoute_1,-602.9,6338.2,179.7,routes_training.xml,
Town12|78|HardBreakRoute|-2502.4|5345.4|-90.0,A_HardBreak,HardBreakRoute,Town12,78,HardBreakRoute_1,-2502.4,5345.4,-90.0,routes_training.xml,
Town12|78|HardBreakRoute|-2220.1|4883.3|0.3,A_HardBreak,HardBreakRoute,Town12,78,HardBreakRoute_2,-2220.1,4883.3,0.3,routes_training.xml,
Town12|78|HardBreakRoute|-2061.5|3422.1|-43.2,A_HardBreak,HardBreakRoute,Town12,78,HardBreakRoute_3,-2061.5,3422.1,-43.2,routes_training.xml,
Town12|78|HardBreakRoute|-100.1|3104.2|-0.1,A_HardBreak,HardBreakRoute,Town12,78,HardBreakRoute_4,-100.1,3104.2,-0.1,routes_training.xml,
Town12|79|HardBreakRoute|2035.6|3077.8|180.8,A_HardBreak,HardBreakRoute,Town12,79,HardBreakRoute_1,2035.6,3077.8,180.8,routes_training.xml,
Town12|79|HardBreakRoute|1271.3|3081.6|179.9,A_HardBreak,HardBreakRoute,Town12,79,HardBreakRoute_2,1271.3,3081.6,179.9,routes_training.xml,
Town12|79|HardBreakRoute|-207.4|3100.8|-0.1,A_HardBreak,HardBreakRoute,Town12,79,HardBreakRoute_3,-207.4,3100.8,-0.1,routes_training.xml,
Town12|79|HardBreakRoute|1442.2|3098.9|-0.1,A_HardBreak,HardBreakRoute,Town12,79,HardBreakRoute_4,1442.2,3098.9,-0.1,routes_training.xml,
Town12|79|HardBreakRoute|3205.7|3116.0|-0.3,A_HardBreak,HardBreakRoute,Town12,79,HardBreakRoute_5,3205.7,3116.0,-0.3,routes_training.xml,
Town12|80|ParkingCutIn|-177.1|4540.5|89.9,B_ParkingCutIn,ParkingCutIn,Town12,80,ParkingCutIn_1,-177.1,4540.5,89.9,routes_training.xml,
Town12|80|HardBreakRoute|-267.4|4515.6|-0.1,A_HardBreak,HardBreakRoute,Town12,80,HardBreakRoute_1,-267.4,4515.6,-0.1,routes_training.xml,
Town12|80|PedestrianCrossing|-29.8|4407.6|-0.1,D_PedestrianCrossing,PedestrianCrossing,Town12,80,PedestrianCrossing_1,-29.8,4407.6,-0.1,routes_training.xml,
Town12|80|ParkingCutIn|249.3|4437.8|90.0,B_ParkingCutIn,ParkingCutIn,Town12,80,ParkingCutIn_2,249.3,4437.8,90.0,routes_training.xml,
Town12|80|HardBreakRoute|188.5|4618.7|179.9,A_HardBreak,HardBreakRoute,Town12,80,HardBreakRoute_2,188.5,4618.7,179.9,routes_training.xml,
Town12|80|ParkingCutIn|38.3|4374.0|269.9,B_ParkingCutIn,ParkingCutIn,Town12,80,ParkingCutIn_3,38.3,4374.0,269.9,routes_training.xml,
Town12|80|HardBreakRoute|-829.5|4595.3|89.9,A_HardBreak,HardBreakRoute,Town12,80,HardBreakRoute_3,-829.5,4595.3,89.9,routes_training.xml,
Town12|80|VehicleTurningRoute|-828.2|5288.5|89.9,C_VehicleTurning,VehicleTurningRoute,Town12,80,VehicleTurningRoute_1,-828.2,5288.5,89.9,routes_training.xml,
Town12|80|HardBreakRoute|-1378.9|5468.9|89.5,A_HardBreak,HardBreakRoute,Town12,80,HardBreakRoute_4,-1378.9,5468.9,89.5,routes_training.xml,
Town12|80|PedestrianCrossing|-1194.1|5374.3|-90.2,D_PedestrianCrossing,PedestrianCrossing,Town12,80,PedestrianCrossing_2,-1194.1,5374.3,-90.2,routes_training.xml,
Town12|80|VehicleTurningRoute|-803.7|5923.4|0.3,C_VehicleTurning,VehicleTurningRoute,Town12,80,VehicleTurningRoute_2,-803.7,5923.4,0.3,routes_training.xml,
Town12|80|HardBreakRoute|-443.5|5982.0|146.4,A_HardBreak,HardBreakRoute,Town12,80,HardBreakRoute_5,-443.5,5982.0,146.4,routes_training.xml,
Town12|81|HardBreakRoute|983.3|5653.2|89.9,A_HardBreak,HardBreakRoute,Town12,81,HardBreakRoute_1,983.3,5653.2,89.9,routes_training.xml,
Town12|81|HardBreakRoute|936.9|5821.3|180.0,A_HardBreak,HardBreakRoute,Town12,81,HardBreakRoute_2,936.9,5821.3,180.0,routes_training.xml,
Town12|81|PedestrianCrossing|193.6|5915.4|-179.5,D_PedestrianCrossing,PedestrianCrossing,Town12,81,PedestrianCrossing_1,193.6,5915.4,-179.5,routes_training.xml,
Town12|81|HardBreakRoute|75.2|6103.7|-0.0,A_HardBreak,HardBreakRoute,Town12,81,HardBreakRoute_3,75.2,6103.7,-0.0,routes_training.xml,
Town12|81|VehicleTurningRoute|235.0|6103.6|-0.0,C_VehicleTurning,VehicleTurningRoute,Town12,81,VehicleTurningRoute_1,235.0,6103.6,-0.0,routes_training.xml,
Town12|81|HardBreakRoute|316.7|5701.3|296.6,A_HardBreak,HardBreakRoute,Town12,81,HardBreakRoute_4,316.7,5701.3,296.6,routes_training.xml,
Town12|81|VehicleTurningRoute|243.6|5576.8|179.9,C_VehicleTurning,VehicleTurningRoute,Town12,81,VehicleTurningRoute_2,243.6,5576.8,179.9,routes_training.xml,
Town12|81|HardBreakRoute|293.1|5402.2|339.7,A_HardBreak,HardBreakRoute,Town12,81,HardBreakRoute_5,293.1,5402.2,339.7,routes_training.xml,
Town12|81|HardBreakRoute|795.3|5216.6|269.6,A_HardBreak,HardBreakRoute,Town12,81,HardBreakRoute_6,795.3,5216.6,269.6,routes_training.xml,
Town12|81|HardBreakRoute|1449.7|4736.9|0.3,A_HardBreak,HardBreakRoute,Town12,81,HardBreakRoute_7,1449.7,4736.9,0.3,routes_training.xml,
Town12|81|VehicleTurningRoute|1529.8|4737.2|0.3,C_VehicleTurning,VehicleTurningRoute,Town12,81,VehicleTurningRoute_3,1529.8,4737.2,0.3,routes_training.xml,
Town12|81|HardBreakRoute|1555.1|4814.6|90.3,A_HardBreak,HardBreakRoute,Town12,81,HardBreakRoute_8,1555.1,4814.6,90.3,routes_training.xml,
Town12|81|HardBreakRoute|1748.9|5161.3|89.6,A_HardBreak,HardBreakRoute,Town12,81,HardBreakRoute_9,1748.9,5161.3,89.6,routes_training.xml,
Town12|82|VehicleTurningRoute|2655.8|2443.0|269.9,C_VehicleTurning,VehicleTurningRoute,Town12,82,VehicleTurningRoute_1,2655.8,2443.0,269.9,routes_training.xml,
Town12|82|HardBreakRoute|2459.7|2561.0|89.5,A_HardBreak,HardBreakRoute,Town12,82,HardBreakRoute_1,2459.7,2561.0,89.5,routes_training.xml,
Town12|82|VehicleTurningRoute|2187.9|2333.6|270.1,C_VehicleTurning,VehicleTurningRoute,Town12,82,VehicleTurningRoute_2,2187.9,2333.6,270.1,routes_training.xml,
Town12|82|HardBreakRoute|2444.9|2063.5|-0.2,A_HardBreak,HardBreakRoute,Town12,82,HardBreakRoute_2,2444.9,2063.5,-0.2,routes_training.xml,
Town12|82|HardBreakRoute|2773.2|1659.0|269.8,A_HardBreak,HardBreakRoute,Town12,82,HardBreakRoute_3,2773.2,1659.0,269.8,routes_training.xml,
Town12|82|HardBreakRoute|2389.6|599.2|270.2,A_HardBreak,HardBreakRoute,Town12,82,HardBreakRoute_4,2389.6,599.2,270.2,routes_training.xml,
Town12|82|VehicleTurningRoute|2376.9|-439.3|269.8,C_VehicleTurning,VehicleTurningRoute,Town12,82,VehicleTurningRoute_3,2376.9,-439.3,269.8,routes_training.xml,
Town12|82|HardBreakRoute|3187.4|-1177.3|270.0,A_HardBreak,HardBreakRoute,Town12,82,HardBreakRoute_5,3187.4,-1177.3,270.0,routes_training.xml,
Town12|83|HardBreakRoute|3796.9|1505.7|359.9,A_HardBreak,HardBreakRoute,Town12,83,HardBreakRoute_1,3796.9,1505.7,359.9,routes_training.xml,
Town12|83|HardBreakRoute|3942.5|2137.0|89.9,A_HardBreak,HardBreakRoute,Town12,83,HardBreakRoute_2,3942.5,2137.0,89.9,routes_training.xml,
Town12|83|HardBreakRoute|3943.4|2658.9|89.9,A_HardBreak,HardBreakRoute,Town12,83,HardBreakRoute_3,3943.4,2658.9,89.9,routes_training.xml,
Town12|83|HardBreakRoute|2504.9|3323.8|99.8,A_HardBreak,HardBreakRoute,Town12,83,HardBreakRoute_4,2504.9,3323.8,99.8,routes_training.xml,
Town12|83|HardBreakRoute|3749.4|3916.3|9.3,A_HardBreak,HardBreakRoute,Town12,83,HardBreakRoute_5,3749.4,3916.3,9.3,routes_training.xml,
Town12|83|HardBreakRoute|3957.2|3950.2|9.3,A_HardBreak,HardBreakRoute,Town12,83,HardBreakRoute_6,3957.2,3950.2,9.3,routes_training.xml,
Town12|83|HardBreakRoute|3912.1|4296.9|189.0,A_HardBreak,HardBreakRoute,Town12,83,HardBreakRoute_7,3912.1,4296.9,189.0,routes_training.xml,
Town12|83|PedestrianCrossing|3746.5|4340.2|99.0,D_PedestrianCrossing,PedestrianCrossing,Town12,83,PedestrianCrossing_1,3746.5,4340.2,99.0,routes_training.xml,
Town12|83|HardBreakRoute|3592.3|4359.5|189.2,A_HardBreak,HardBreakRoute,Town12,83,HardBreakRoute_8,3592.3,4359.5,189.2,routes_training.xml,
Town12|83|HardBreakRoute|3127.5|4284.3|189.2,A_HardBreak,HardBreakRoute,Town12,83,HardBreakRoute_9,3127.5,4284.3,189.2,routes_training.xml,
Town12|83|HardBreakRoute|2720.4|4218.5|189.2,A_HardBreak,HardBreakRoute,Town12,83,HardBreakRoute_10,2720.4,4218.5,189.2,routes_training.xml,
Town12|83|HardBreakRoute|2528.6|4607.5|99.4,A_HardBreak,HardBreakRoute,Town12,83,HardBreakRoute_11,2528.6,4607.5,99.4,routes_training.xml,
Town12|83|ParkingCutIn|2407.9|4663.8|98.9,B_ParkingCutIn,ParkingCutIn,Town12,83,ParkingCutIn_1,2407.9,4663.8,98.9,routes_training.xml,
Town12|84|HardBreakRoute|987.7|2295.7|180.0,A_HardBreak,HardBreakRoute,Town12,84,HardBreakRoute_1,987.7,2295.7,180.0,routes_training.xml,
Town12|84|HardBreakRoute|470.9|3079.0|179.9,A_HardBreak,HardBreakRoute,Town12,84,HardBreakRoute_2,470.9,3079.0,179.9,routes_training.xml,
Town12|84|ParkingCutIn|-605.0|3597.8|90.0,B_ParkingCutIn,ParkingCutIn,Town12,84,ParkingCutIn_1,-605.0,3597.8,90.0,routes_training.xml,
Town12|84|PedestrianCrossing|-391.8|3773.0|89.6,D_PedestrianCrossing,PedestrianCrossing,Town12,84,PedestrianCrossing_1,-391.8,3773.0,89.6,routes_training.xml,
Town12|84|VehicleTurningRoute|-466.2|3811.5|179.9,C_VehicleTurning,VehicleTurningRoute,Town12,84,VehicleTurningRoute_1,-466.2,3811.5,179.9,routes_training.xml,
Town12|84|PedestrianCrossing|-500.0|3870.5|90.2,D_PedestrianCrossing,PedestrianCrossing,Town12,84,PedestrianCrossing_2,-500.0,3870.5,90.2,routes_training.xml,
Town12|84|HardBreakRoute|-1530.2|3915.9|180.4,A_HardBreak,HardBreakRoute,Town12,84,HardBreakRoute_3,-1530.2,3915.9,180.4,routes_training.xml,
Town12|84|HardBreakRoute|-1554.7|4074.2|0.2,A_HardBreak,HardBreakRoute,Town12,84,HardBreakRoute_4,-1554.7,4074.2,0.2,routes_training.xml,
Town12|84|HardBreakRoute|-830.1|4248.9|89.9,A_HardBreak,HardBreakRoute,Town12,84,HardBreakRoute_5,-830.1,4248.9,89.9,routes_training.xml,
Town12|84|HardBreakRoute|-1486.7|4881.1|180.3,A_HardBreak,HardBreakRoute,Town12,84,HardBreakRoute_6,-1486.7,4881.1,180.3,routes_training.xml,
Town12|84|HardBreakRoute|-2211.0|4880.1|180.3,A_HardBreak,HardBreakRoute,Town12,84,HardBreakRoute_7,-2211.0,4880.1,180.3,routes_training.xml,
Town12|85|HardBreakRoute|122.0|-82.7|0.0,A_HardBreak,HardBreakRoute,Town12,85,HardBreakRoute_1,122.0,-82.7,0.0,routes_training.xml,
Town12|85|HardBreakRoute|1500.0|-82.7|360.0,A_HardBreak,HardBreakRoute,Town12,85,HardBreakRoute_2,1500.0,-82.7,360.0,routes_training.xml,
Town12|85|HardBreakRoute|1721.8|-82.8|360.0,A_HardBreak,HardBreakRoute,Town12,85,HardBreakRoute_3,1721.8,-82.8,360.0,routes_training.xml,
Town12|85|HardBreakRoute|2377.0|-390.5|269.8,A_HardBreak,HardBreakRoute,Town12,85,HardBreakRoute_4,2377.0,-390.5,269.8,routes_training.xml,
Town12|85|HardBreakRoute|3056.5|-909.1|-0.2,A_HardBreak,HardBreakRoute,Town12,85,HardBreakRoute_5,3056.5,-909.1,-0.2,routes_training.xml,
Town12|85|HardBreakRoute|2913.1|-94.2|180.0,A_HardBreak,HardBreakRoute,Town12,85,HardBreakRoute_6,2913.1,-94.2,180.0,routes_training.xml,
Town12|85|HardBreakRoute|2783.2|-375.4|270.0,A_HardBreak,HardBreakRoute,Town12,85,HardBreakRoute_7,2783.2,-375.4,270.0,routes_training.xml,
Town12|86|HardBreakRoute|949.2|3512.1|279.1,A_HardBreak,HardBreakRoute,Town12,86,HardBreakRoute_1,949.2,3512.1,279.1,routes_training.xml,
Town12|86|HardBreakRoute|1427.9|3098.9|-0.1,A_HardBreak,HardBreakRoute,Town12,86,HardBreakRoute_2,1427.9,3098.9,-0.1,routes_training.xml,
Town12|86|HardBreakRoute|2476.1|3110.1|0.5,A_HardBreak,HardBreakRoute,Town12,86,HardBreakRoute_3,2476.1,3110.1,0.5,routes_training.xml,
Town12|86|HardBreakRoute|3858.3|5489.8|100.1,A_HardBreak,HardBreakRoute,Town12,86,HardBreakRoute_4,3858.3,5489.8,100.1,routes_training.xml,
Town12|86|HardBreakRoute|2219.3|6116.9|-169.6,A_HardBreak,HardBreakRoute,Town12,86,HardBreakRoute_5,2219.3,6116.9,-169.6,routes_training.xml,
Town12|87|HardBreakRoute|-1621.4|6471.4|-188.4,A_HardBreak,HardBreakRoute,Town12,87,HardBreakRoute_1,-1621.4,6471.4,-188.4,routes_training.xml,
Town12|87|HardBreakRoute|-2476.5|4110.1|-74.5,A_HardBreak,HardBreakRoute,Town12,87,HardBreakRoute_2,-2476.5,4110.1,-74.5,routes_training.xml,
Town12|87|HardBreakRoute|-1529.7|3132.5|-13.3,A_HardBreak,HardBreakRoute,Town12,87,HardBreakRoute_3,-1529.7,3132.5,-13.3,routes_training.xml,
Town12|87|HardBreakRoute|-1916.0|3284.7|146.5,A_HardBreak,HardBreakRoute,Town12,87,HardBreakRoute_4,-1916.0,3284.7,146.5,routes_training.xml,
Town12|87|HardBreakRoute|-2746.8|4038.8|-139.3,A_HardBreak,HardBreakRoute,Town12,87,HardBreakRoute_5,-2746.8,4038.8,-139.3,routes_training.xml,
Town12|88|HardBreakRoute|-3069.1|4012.5|305.5,A_HardBreak,HardBreakRoute,Town12,88,HardBreakRoute_1,-3069.1,4012.5,305.5,routes_training.xml,
Town12|88|HardBreakRoute|-3055.7|3019.4|212.8,A_HardBreak,HardBreakRoute,Town12,88,HardBreakRoute_2,-3055.7,3019.4,212.8,routes_training.xml,
Town12|88|HardBreakRoute|-3311.2|2076.8|259.9,A_HardBreak,HardBreakRoute,Town12,88,HardBreakRoute_3,-3311.2,2076.8,259.9,routes_training.xml,
Town12|88|VehicleTurningRoute|-3359.8|1956.8|242.8,C_VehicleTurning,VehicleTurningRoute,Town12,88,VehicleTurningRoute_1,-3359.8,1956.8,242.8,routes_training.xml,
Town12|88|HardBreakRoute|-2800.2|1848.8|37.0,A_HardBreak,HardBreakRoute,Town12,88,HardBreakRoute_4,-2800.2,1848.8,37.0,routes_training.xml,
Town12|88|HardBreakRoute|-2538.2|2430.7|153.4,A_HardBreak,HardBreakRoute,Town12,88,HardBreakRoute_5,-2538.2,2430.7,153.4,routes_training.xml,
Town12|88|HardBreakRoute|-2843.5|2988.1|111.5,A_HardBreak,HardBreakRoute,Town12,88,HardBreakRoute_6,-2843.5,2988.1,111.5,routes_training.xml,
Town12|88|HardBreakRoute|-2913.3|3333.9|121.3,A_HardBreak,HardBreakRoute,Town12,88,HardBreakRoute_7,-2913.3,3333.9,121.3,routes_training.xml,
Town12|89|HardBreakRoute|-1626.7|1606.6|-179.5,A_HardBreak,HardBreakRoute,Town12,89,HardBreakRoute_1,-1626.7,1606.6,-179.5,routes_training.xml,
Town12|89|HardBreakRoute|-2863.3|783.3|251.5,A_HardBreak,HardBreakRoute,Town12,89,HardBreakRoute_2,-2863.3,783.3,251.5,routes_training.xml,
Town12|89|HardBreakRoute|-3306.1|664.2|177.7,A_HardBreak,HardBreakRoute,Town12,89,HardBreakRoute_3,-3306.1,664.2,177.7,routes_training.xml,
Town12|89|HardBreakRoute|-3777.5|737.7|-81.8,A_HardBreak,HardBreakRoute,Town12,89,HardBreakRoute_4,-3777.5,737.7,-81.8,routes_training.xml,
Town12|89|HardBreakRoute|-3948.1|1734.3|194.4,A_HardBreak,HardBreakRoute,Town12,89,HardBreakRoute_5,-3948.1,1734.3,194.4,routes_training.xml,
Town12|1711|ParkingCutIn|-497.7|3659.9|-90.2,B_ParkingCutIn,ParkingCutIn,Town12,1711,ParkingCutIn_1,-497.7,3659.9,-90.2,bench2drive_00.xml,
Town12|14194|PedestrianCrossing|-1130.5|3770.3|90.0,D_PedestrianCrossing,PedestrianCrossing,Town12,14194,PedestrianCrossing_1,-1130.5,3770.3,90.0,bench2drive_113.xml,
Town12|18305|ParkingCutIn|1176.6|5531.2|269.9,B_ParkingCutIn,ParkingCutIn,Town12,18305,ParkingCutIn_1,1176.6,5531.2,269.9,bench2drive_124.xml,
Town12|18311|ParkingCutIn|3044.6|4326.6|98.9,B_ParkingCutIn,ParkingCutIn,Town12,18311,ParkingCutIn_1,3044.6,4326.6,98.9,bench2drive_125.xml,
Town12|18356|ParkingCutIn|3486.3|4534.2|278.3,B_ParkingCutIn,ParkingCutIn,Town12,18356,ParkingCutIn_1,3486.3,4534.2,278.3,bench2drive_126.xml,
Town12|2144|VehicleTurningRoute|248.9|3841.9|270.0,C_VehicleTurning,VehicleTurningRoute,Town12,2144,VehicleTurningRoute_1,248.9,3841.9,270.0,bench2drive_17.xml,
Town12|2943|VehicleTurningRoute|248.9|3841.9|270.0,C_VehicleTurning,VehicleTurningRoute,Town12,2943,VehicleTurningRoute_1,248.9,3841.9,270.0,bench2drive_48.xml,
