state_i,state_j,coarse_i,coarse_j,fine_i,fine_j,group_i,group_j,same_coarse,same_fine,same_param_group,ego_speed_diff,d0_mean,d0_max
block_cont_r1,block_cont_r10,block_or_occupancy,block_or_occupancy,block_cont,block_cont,block_cont|v6|L5,block_cont|v7|L6,1,1,0,1.0,0.395737,1.0
block_cont_r1,block_cont_r11,block_or_occupancy,block_or_occupancy,block_cont,block_cont,block_cont|v6|L5,block_cont|v8|L6,1,1,0,2.0,0.129637,1.0
block_cont_r1,block_cont_r12,block_or_occupancy,block_or_occupancy,block_cont,block_cont,block_cont|v6|L5,block_cont|v6|L6,1,1,0,0.0,0.04215,0.1015
block_cont_r1,block_cont_r2,block_or_occupancy,block_or_occupancy,block_cont,block_cont,block_cont|v6|L5,block_cont|v6|L5,1,1,1,0.0,0.021275,0.0504
block_cont_r1,block_cont_r3,block_or_occupancy,block_or_occupancy,block_cont,block_cont,block_cont|v6|L5,block_cont|v7|L5,1,1,0,1.0,0.251525,1.0
block_cont_r1,block_cont_r4,block_or_occupancy,block_or_occupancy,block_cont,block_cont,block_cont|v6|L5,block_cont|v7|L6,1,1,0,1.0,0.27825,1.0
block_cont_r1,block_cont_r5,block_or_occupancy,block_or_occupancy,block_cont,block_cont,block_cont|v6|L5,block_cont|v8|L6,1,1,0,2.0,0.12955,1.0
block_cont_r1,block_cont_r6,block_or_occupancy,block_or_occupancy,block_cont,block_cont,block_cont|v6|L5,block_cont|v8|L7,1,1,0,2.0,0.013925,0.0324
block_cont_r1,block_cont_r7,block_or_occupancy,block_or_occupancy,block_cont,block_cont,block_cont|v6|L5,block_cont|v8|L7,1,1,0,2.0,0.032775,0.0669
block_cont_r1,block_cont_r8,block_or_occupancy,block_or_occupancy,block_cont,block_cont,block_cont|v6|L5,block_cont|v9|L7,1,1,0,3.0,0.253575,1.0
block_cont_r1,block_cont_r9,block_or_occupancy,block_or_occupancy,block_cont,block_cont,block_cont|v6|L5,block_cont|v9|L8,1,1,0,3.0,0.148475,1.0
block_cont_r1,block_nec_r1,block_or_occupancy,block_or_occupancy,block_cont,block_nec,block_cont|v6|L5,block_nec|v6|L5,1,0,0,0.0,0.891238,1.0
block_cont_r1,block_nec_r10,block_or_occupancy,block_or_occupancy,block_cont,block_nec,block_cont|v6|L5,block_nec|v7|L6,1,0,0,1.0,0.9131,1.0
block_cont_r1,block_nec_r11,block_or_occupancy,block_or_occupancy,block_cont,block_nec,block_cont|v6|L5,block_nec|v8|L6,1,0,0,2.0,0.870912,1.0
block_cont_r1,block_nec_r12,block_or_occupancy,block_or_occupancy,block_cont,block_nec,block_cont|v6|L5,block_nec|v6|L6,1,0,0,0.0,0.9131,1.0
block_cont_r1,block_nec_r2,block_or_occupancy,block_or_occupancy,block_cont,block_nec,block_cont|v6|L5,block_nec|v6|L5,1,0,0,0.0,0.9131,1.0
block_cont_r1,block_nec_r3,block_or_occupancy,block_or_occupancy,block_cont,block_nec,block_cont|v6|L5,block_nec|v7|L5,1,0,0,1.0,0.8777,1.0
block_cont_r1,block_nec_r4,block_or_occupancy,block_or_occupancy,block_cont,block_nec,block_cont|v6|L5,block_nec|v7|L6,1,0,0,1.0,0.910975,1.0
block_cont_r1,block_nec_r5,block_or_occupancy,block_or_occupancy,block_cont,block_nec,block_cont|v6|L5,block_nec|v8|L6,1,0,0,2.0,0.903188,1.0
block_cont_r1,block_nec_r6,block_or_occupancy,block_or_occupancy,block_cont,block_nec,block_cont|v6|L5,block_nec|v8|L7,1,0,0,2.0,0.901925,1.0
block_cont_r1,block_nec_r7,block_or_occupancy,block_or_occupancy,block_cont,block_nec,block_cont|v6|L5,block_nec|v8|L7,1,0,0,2.0,0.9131,1.0
block_cont_r1,block_nec_r8,block_or_occupancy,block_or_occupancy,block_cont,block_nec,block_cont|v6|L5,block_nec|v9|L7,1,0,0,3.0,0.920825,1.0
block_cont_r1,block_nec_r9,block_or_occupancy,block_or_occupancy,block_cont,block_nec,block_cont|v6|L5,block_nec|v9|L8,1,0,0,3.0,0.896863,1.0
block_cont_r1,cross_clear_r1,block_or_occupancy,cross,block_cont,cross_clear,block_cont|v6|L5,cross_clear|v6|d5,0,0,0,0.0,0.88565,1.0
block_cont_r1,cross_clear_r10,block_or_occupancy,cross,block_cont,cross_clear,block_cont|v6|L5,cross_clear|v8|d6,0,0,0,2.0,0.625875,1.0
block_cont_r1,cross_clear_r11,block_or_occupancy,cross,block_cont,cross_clear,block_cont|v6|L5,cross_clear|v8|d7,0,0,0,2.0,0.9131,1.0
block_cont_r1,cross_clear_r12,block_or_occupancy,cross,block_cont,cross_clear,block_cont|v6|L5,cross_clear|v8|d8,0,0,0,2.0,0.68335,1.0
block_cont_r1,cross_clear_r2,block_or_occupancy,cross,block_cont,cross_clear,block_cont|v6|L5,cross_clear|v6|d6,0,0,0,0.0,0.819425,1.0
block_cont_r1,cross_clear_r3,block_or_occupancy,cross,block_cont,cross_clear,block_cont|v6|L5,cross_clear|v6|d7,0,0,0,0.0,0.911975,1.0
block_cont_r1,cross_clear_r4,block_or_occupancy,cross,block_cont,cross_clear,block_cont|v6|L5,cross_clear|v6|d8,0,0,0,0.0,0.825163,1.0
block_cont_r1,cross_clear_r5,block_or_occupancy,cross,block_cont,cross_clear,block_cont|v6|L5,cross_clear|v7|d5,0,0,0,1.0,0.8691,1.0
block_cont_r1,cross_clear_r6,block_or_occupancy,cross,block_cont,cross_clear,block_cont|v6|L5,cross_clear|v7|d6,0,0,0,1.0,0.703937,1.0
block_cont_r1,cross_clear_r7,block_or_occupancy,cross,block_cont,cross_clear,block_cont|v6|L5,cross_clear|v7|d7,0,0,0,1.0,0.905937,1.0
block_cont_r1,cross_clear_r8,block_or_occupancy,cross,block_cont,cross_clear,block_cont|v6|L5,cross_clear|v7|d8,0,0,0,1.0,0.794062,1.0
block_cont_r1,cross_clear_r9,block_or_occupancy,cross,block_cont,cross_clear,block_cont|v6|L5,cross_clear|v8|d5,0,0,0,2.0,0.6631,1.0
block_cont_r1,cross_stall_occ_r1,block_or_occupancy,cross,block_cont,cross_stall_occ,block_cont|v6|L5,cross_stall_occ|v6|d6,0,0,0,0.0,0.071275,0.1714
block_cont_r1,cross_stall_occ_r10,block_or_occupancy,cross,block_cont,cross_stall_occ,block_cont|v6|L5,cross_stall_occ|v7|d7,0,0,0,1.0,0.3277,1.0
block_cont_r1,cross_stall_occ_r11,block_or_occupancy,cross,block_cont,cross_stall_occ,block_cont|v6|L5,cross_stall_occ|v8|d7,0,0,0,2.0,0.032775,0.0669
block_cont_r1,cross_stall_occ_r12,block_or_occupancy,cross,block_cont,cross_stall_occ,block_cont|v6|L5,cross_stall_occ|v8|d8,0,0,0,2.0,0.060712,0.1269
block_cont_r1,cross_stall_occ_r2,block_or_occupancy,cross,block_cont,cross_stall_occ,block_cont|v6|L5,cross_stall_occ|v6|d7,0,0,0,0.0,0.102788,0.2461
block_cont_r1,cross_stall_occ_r3,block_or_occupancy,cross,block_cont,cross_stall_occ,block_cont|v6|L5,cross_stall_occ|v7|d7,0,0,0,1.0,0.305375,1.0
block_cont_r1,cross_stall_occ_r4,block_or_occupancy,cross,block_cont,cross_stall_occ,block_cont|v6|L5,cross_stall_occ|v7|d7,0,0,0,1.0,0.3477,1.0
block_cont_r1,cross_stall_occ_r5,block_or_occupancy,cross,block_cont,cross_stall_occ,block_cont|v6|L5,cross_stall_occ|v8|d7,0,0,0,2.0,0.060862,0.1276
block_cont_r1,cross_stall_occ_r6,block_or_occupancy,cross,block_cont,cross_stall_occ,block_cont|v6|L5,cross_stall_occ|v8|d8,0,0,0,2.0,0.060938,0.1276
block_cont_r1,cross_stall_occ_r7,block_or_occupancy,cross,block_cont,cross_stall_occ,block_cont|v6|L5,cross_stall_occ|v6|d6,0,0,0,0.0,0.063075,0.151
block_cont_r1,cross_stall_occ_r8,block_or_occupancy,cross,block_cont,cross_stall_occ,block_cont|v6|L5,cross_stall_occ|v6|d7,0,0,0,0.0,0.094925,0.228
block_cont_r1,cross_stall_occ_r9,block_or_occupancy,cross,block_cont,cross_stall_occ,block_cont|v6|L5,cross_stall_occ|v7|d7,0,0,0,1.0,0.297988,1.0
block_cont_r1,cross_stall_r1,block_or_occupancy,cross,block_cont,cross_stall,block_cont|v6|L5,cross_stall|v6|d6,0,0,0,0.0,0.9131,1.0
block_cont_r1,cross_stall_r10,block_or_occupancy,cross,block_cont,cross_stall,block_cont|v6|L5,cross_stall|v7|d7,0,0,0,1.0,0.9131,1.0
block_cont_r1,cross_stall_r11,block_or_occupancy,cross,block_cont,cross_stall,block_cont|v6|L5,cross_stall|v8|d7,0,0,0,2.0,0.909837,1.0
block_cont_r1,cross_stall_r12,block_or_occupancy,cross,block_cont,cross_stall,block_cont|v6|L5,cross_stall|v8|d8,0,0,0,2.0,0.9131,1.0
block_cont_r1,cross_stall_r2,block_or_occupancy,cross,block_cont,cross_stall,block_cont|v6|L5,cross_stall|v6|d6,0,0,0,0.0,0.9131,1.0
block_cont_r1,cross_stall_r3,block_or_occupancy,cross,block_cont,cross_stall,block_cont|v6|L5,cross_stall|v7|d6,0,0,0,1.0,0.908175,1.0
block_cont_r1,cross_stall_r4,block_or_occupancy,cross,block_cont,cross_stall,block_cont|v6|L5,cross_stall|v7|d7,0,0,0,1.0,0.9131,1.0
block_cont_r1,cross_stall_r5,block_or_occupancy,cross,block_cont,cross_stall,block_cont|v6|L5,cross_stall|v8|d7,0,0,0,2.0,0.8782,1.0
block_cont_r1,cross_stall_r6,block_or_occupancy,cross,block_cont,cross_stall,block_cont|v6|L5,cross_stall|v8|d8,0,0,0,2.0,0.9131,1.0
block_cont_r1,cross_stall_r7,block_or_occupancy,cross,block_cont,cross_stall,block_cont|v6|L5,cross_stall|v6|d6,0,0,0,0.0,0.9131,1.0
block_cont_r1,cross_stall_r8,block_or_occupancy,cross,block_cont,cross_stall,block_cont|v6|L5,cross_stall|v6|d6,0,0,0,0.0,0.9131,1.0
block_cont_r1,cross_stall_r9,block_or_occupancy,cross,block_cont,cross_stall,block_cont|v6|L5,cross_stall|v7|d6,0,0,0,1.0,0.9131,1.0
block_cont_r1,lead_cont_r1,block_or_occupancy,lead,block_cont,lead_cont,block_cont|v6|L5,lead_cont|v6|s5,0,0,0,0.0,0.100263,0.2406
block_cont_r1,lead_cont_r10,block_or_occupancy,lead,block_cont,lead_cont,block_cont|v6|L5,lead_cont|v9|s8,0,0,0,3.0,0.270575,1.0
block_cont_r1,lead_cont_r11,block_or_occupancy,lead,block_cont,lead_cont,block_cont|v6|L5,lead_cont|v7|s6,0,0,0,1.0,0.367287,1.0
block_cont_r1,lead_cont_r12,block_or_occupancy,lead,block_cont,lead_cont,block_cont|v6|L5,lead_cont|v8|s7,0,0,0,2.0,0.17355,0.3829
block_cont_r1,lead_cont_r2,block_or_occupancy,lead,block_cont,lead_cont,block_cont|v6|L5,lead_cont|v6|s5,0,0,0,0.0,0.173387,0.4159
block_cont_r1,lead_cont_r3,block_or_occupancy,lead,block_cont,lead_cont,block_cont|v6|L5,lead_cont|v7|s5,0,0,0,1.0,0.37205,1.0
block_cont_r1,lead_cont_r4,block_or_occupancy,lead,block_cont,lead_cont,block_cont|v6|L5,lead_cont|v7|s6,0,0,0,1.0,0.416837,1.0
block_cont_r1,lead_cont_r5,block_or_occupancy,lead,block_cont,lead_cont,block_cont|v6|L5,lead_cont|v8|s6,0,0,0,2.0,0.126613,0.2765
block_cont_r1,lead_cont_r6,block_or_occupancy,lead,block_cont,lead_cont,block_cont|v6|L5,lead_cont|v8|s7,0,0,0,2.0,0.192112,0.4255
block_cont_r1,lead_cont_r7,block_or_occupancy,lead,block_cont,lead_cont,block_cont|v6|L5,lead_cont|v8|s7,0,0,0,2.0,0.17355,0.3829
block_cont_r1,lead_cont_r8,block_or_occupancy,lead,block_cont,lead_cont,block_cont|v6|L5,lead_cont|v9|s7,0,0,0,3.0,0.270575,1.0
block_cont_r1,lead_cont_r9,block_or_occupancy,lead,block_cont,lead_cont,block_cont|v6|L5,lead_cont|v9|s8,0,0,0,3.0,0.274525,1.0
block_cont_r1,lead_nec_r1,block_or_occupancy,lead,block_cont,lead_nec,block_cont|v6|L5,lead_nec|v6|s5,0,0,0,0.0,0.9131,1.0
block_cont_r1,lead_nec_r10,block_or_occupancy,lead,block_cont,lead_nec,block_cont|v6|L5,lead_nec|v9|s8,0,0,0,3.0,0.9131,1.0
block_cont_r1,lead_nec_r11,block_or_occupancy,lead,block_cont,lead_nec,block_cont|v6|L5,lead_nec|v7|s6,0,0,0,1.0,0.9131,1.0
block_cont_r1,lead_nec_r12,block_or_occupancy,lead,block_cont,lead_nec,block_cont|v6|L5,lead_nec|v8|s7,0,0,0,2.0,0.9131,1.0
block_cont_r1,lead_nec_r2,block_or_occupancy,lead,block_cont,lead_nec,block_cont|v6|L5,lead_nec|v6|s5,0,0,0,0.0,0.9131,1.0
block_cont_r1,lead_nec_r3,block_or_occupancy,lead,block_cont,lead_nec,block_cont|v6|L5,lead_nec|v7|s5,0,0,0,1.0,0.9131,1.0
block_cont_r1,lead_nec_r4,block_or_occupancy,lead,block_cont,lead_nec,block_cont|v6|L5,lead_nec|v7|s6,0,0,0,1.0,0.9131,1.0
block_cont_r1,lead_nec_r5,block_or_occupancy,lead,block_cont,lead_nec,block_cont|v6|L5,lead_nec|v8|s6,0,0,0,2.0,0.9131,1.0
block_cont_r1,lead_nec_r6,block_or_occupancy,lead,block_cont,lead_nec,block_cont|v6|L5,lead_nec|v8|s7,0,0,0,2.0,0.9131,1.0
block_cont_r1,lead_nec_r7,block_or_occupancy,lead,block_cont,lead_nec,block_cont|v6|L5,lead_nec|v8|s7,0,0,0,2.0,0.9131,1.0
block_cont_r1,lead_nec_r8,block_or_occupancy,lead,block_cont,lead_nec,block_cont|v6|L5,lead_nec|v9|s7,0,0,0,3.0,0.9131,1.0
block_cont_r1,lead_nec_r9,block_or_occupancy,lead,block_cont,lead_nec,block_cont|v6|L5,lead_nec|v9|s8,0,0,0,3.0,0.9131,1.0
block_cont_r1,lead_opt_r1,block_or_occupancy,lead,block_cont,lead_opt,block_cont|v6|L5,lead_opt|v6|s6,0,0,0,0.0,0.9131,1.0
block_cont_r1,lead_opt_r10,block_or_occupancy,lead,block_cont,lead_opt,block_cont|v6|L5,lead_opt|v8|s7,0,0,0,2.0,0.9131,1.0
block_cont_r1,lead_opt_r11,block_or_occupancy,lead,block_cont,lead_opt,block_cont|v6|L5,lead_opt|v6|s6,0,0,0,0.0,0.9131,1.0
block_cont_r1,lead_opt_r12,block_or_occupancy,lead,block_cont,lead_opt,block_cont|v6|L5,lead_opt|v7|s7,0,0,0,1.0,0.9131,1.0
block_cont_r1,lead_opt_r2,block_or_occupancy,lead,block_cont,lead_opt,block_cont|v6|L5,lead_opt|v6|s6,0,0,0,0.0,0.9131,1.0
block_cont_r1,lead_opt_r3,block_or_occupancy,lead,block_cont,lead_opt,block_cont|v6|L5,lead_opt|v7|s6,0,0,0,1.0,0.9131,1.0
block_cont_r1,lead_opt_r4,block_or_occupancy,lead,block_cont,lead_opt,block_cont|v6|L5,lead_opt|v7|s6,0,0,0,1.0,0.9131,1.0
block_cont_r1,lead_opt_r5,block_or_occupancy,lead,block_cont,lead_opt,block_cont|v6|L5,lead_opt|v8|s7,0,0,0,2.0,0.9131,1.0
block_cont_r1,lead_opt_r6,block_or_occupancy,lead,block_cont,lead_opt,block_cont|v6|L5,lead_opt|v8|s7,0,0,0,2.0,0.9131,1.0
block_cont_r1,lead_opt_r7,block_or_occupancy,lead,block_cont,lead_opt,block_cont|v6|L5,lead_opt|v9|s7,0,0,0,3.0,0.9131,1.0
block_cont_r1,lead_opt_r8,block_or_occupancy,lead,block_cont,lead_opt,block_cont|v6|L5,lead_opt|v9|s7,0,0,0,3.0,0.9131,1.0
block_cont_r1,lead_opt_r9,block_or_occupancy,lead,block_cont,lead_opt,block_cont|v6|L5,lead_opt|v7|s6,0,0,0,1.0,0.9131,1.0
block_cont_r1,temp_opt_r1,block_or_occupancy,block_or_occupancy,block_cont,temp_opt,block_cont|v6|L5,temp_opt|v6|o6,1,0,0,0.0,0.9131,1.0
block_cont_r1,temp_opt_r10,block_or_occupancy,block_or_occupancy,block_cont,temp_opt,block_cont|v6|L5,temp_opt|v6|o7,1,0,0,0.0,0.9131,1.0
block_cont_r1,temp_opt_r11,block_or_occupancy,block_or_occupancy,block_cont,temp_opt,block_cont|v6|L5,temp_opt|v7|o8,1,0,0,1.0,0.9131,1.0
block_cont_r1,temp_opt_r12,block_or_occupancy,block_or_occupancy,block_cont,temp_opt,block_cont|v6|L5,temp_opt|v8|o7,1,0,0,2.0,0.909837,1.0
block_cont_r1,temp_opt_r2,block_or_occupancy,block_or_occupancy,block_cont,temp_opt,block_cont|v6|L5,temp_opt|v6|o7,1,0,0,0.0,0.9131,1.0
block_cont_r1,temp_opt_r3,block_or_occupancy,block_or_occupancy,block_cont,temp_opt,block_cont|v6|L5,temp_opt|v6|o8,1,0,0,0.0,0.9131,1.0
block_cont_r1,temp_opt_r4,block_or_occupancy,block_or_occupancy,block_cont,temp_opt,block_cont|v6|L5,temp_opt|v7|o6,1,0,0,1.0,0.9131,1.0
block_cont_r1,temp_opt_r5,block_or_occupancy,block_or_occupancy,block_cont,temp_opt,block_cont|v6|L5,temp_opt|v7|o7,1,0,0,1.0,0.9131,1.0
block_cont_r1,temp_opt_r6,block_or_occupancy,block_or_occupancy,block_cont,temp_opt,block_cont|v6|L5,temp_opt|v7|o8,1,0,0,1.0,0.9131,1.0
block_cont_r1,temp_opt_r7,block_or_occupancy,block_or_occupancy,block_cont,temp_opt,block_cont|v6|L5,temp_opt|v8|o6,1,0,0,2.0,0.887775,1.0
block_cont_r1,temp_opt_r8,block_or_occupancy,block_or_occupancy,block_cont,temp_opt,block_cont|v6|L5,temp_opt|v8|o7,1,0,0,2.0,0.9131,1.0
block_cont_r1,temp_opt_r9,block_or_occupancy,block_or_occupancy,block_cont,temp_opt,block_cont|v6|L5,temp_opt|v8|o8,1,0,0,2.0,0.9131,1.0
block_cont_r10,block_cont_r11,block_or_occupancy,block_or_occupancy,block_cont,block_cont,block_cont|v7|L6,block_cont|v8|L6,1,1,0,1.0,0.515937,1.0
block_cont_r10,block_cont_r12,block_or_occupancy,block_or_occupancy,block_cont,block_cont,block_cont|v7|L6,block_cont|v6|L6,1,1,0,1.0,0.383725,1.0
block_cont_r10,block_cont_r2,block_or_occupancy,block_or_occupancy,block_cont,block_cont,block_cont|v7|L6,block_cont|v6|L5,1,1,0,1.0,0.380763,1.0
block_cont_r10,block_cont_r3,block_or_occupancy,block_or_occupancy,block_cont,block_cont,block_cont|v7|L6,block_cont|v7|L5,1,1,0,0.0,0.146025,1.0
block_cont_r10,block_cont_r4,block_or_occupancy,block_or_occupancy,block_cont,block_cont,block_cont|v7|L6,block_cont|v7|L6,1,1,1,0.0,0.125212,1.0
block_cont_r10,block_cont_r5,block_or_occupancy,block_or_occupancy,block_cont,block_cont,block_cont|v7|L6,block_cont|v8|L6,1,1,0,1.0,0.515937,1.0
block_cont_r10,block_cont_r6,block_or_occupancy,block_or_occupancy,block_cont,block_cont,block_cont|v7|L6,block_cont|v8|L7,1,1,0,1.0,0.384387,1.0
block_cont_r10,block_cont_r7,block_or_occupancy,block_or_occupancy,block_cont,block_cont,block_cont|v7|L6,block_cont|v8|L7,1,1,0,1.0,0.379062,1.0
block_cont_r10,block_cont_r8,block_or_occupancy,block_or_occupancy,block_cont,block_cont,block_cont|v7|L6,block_cont|v9|L7,1,1,0,2.0,0.38605,1.0
block_cont_r10,block_cont_r9,block_or_occupancy,block_or_occupancy,block_cont,block_cont,block_cont|v7|L6,block_cont|v9|L8,1,1,0,2.0,0.25225,1.0
block_cont_r10,block_nec_r1,block_or_occupancy,block_or_occupancy,block_cont,block_nec,block_cont|v7|L6,block_nec|v6|L5,1,0,0,1.0,0.871175,1.0
block_cont_r10,block_nec_r10,block_or_occupancy,block_or_occupancy,block_cont,block_nec,block_cont|v7|L6,block_nec|v7|L6,1,0,0,0.0,0.893038,1.0
block_cont_r10,block_nec_r11,block_or_occupancy,block_or_occupancy,block_cont,block_nec,block_cont|v7|L6,block_nec|v8|L6,1,0,0,1.0,0.857538,1.0
block_cont_r10,block_nec_r12,block_or_occupancy,block_or_occupancy,block_cont,block_nec,block_cont|v7|L6,block_nec|v6|L6,1,0,0,1.0,0.893038,1.0
block_cont_r10,block_nec_r2,block_or_occupancy,block_or_occupancy,block_cont,block_nec,block_cont|v7|L6,block_nec|v6|L5,1,0,0,1.0,0.893038,1.0
block_cont_r10,block_nec_r3,block_or_occupancy,block_or_occupancy,block_cont,block_nec,block_cont|v7|L6,block_nec|v7|L5,1,0,0,0.0,0.857637,1.0
block_cont_r10,block_nec_r4,block_or_occupancy,block_or_occupancy,block_cont,block_nec,block_cont|v7|L6,block_nec|v7|L6,1,0,0,0.0,0.890912,1.0
block_cont_r10,block_nec_r5,block_or_occupancy,block_or_occupancy,block_cont,block_nec,block_cont|v7|L6,block_nec|v8|L6,1,0,0,1.0,0.889813,1.0
block_cont_r10,block_nec_r6,block_or_occupancy,block_or_occupancy,block_cont,block_nec,block_cont|v7|L6,block_nec|v8|L7,1,0,0,1.0,0.881862,1.0
block_cont_r10,block_nec_r7,block_or_occupancy,block_or_occupancy,block_cont,block_nec,block_cont|v7|L6,block_nec|v8|L7,1,0,0,1.0,0.893038,1.0
block_cont_r10,block_nec_r8,block_or_occupancy,block_or_occupancy,block_cont,block_nec,block_cont|v7|L6,block_nec|v9|L7,1,0,0,2.0,0.90745,1.0
block_cont_r10,block_nec_r9,block_or_occupancy,block_or_occupancy,block_cont,block_nec,block_cont|v7|L6,block_nec|v9|L8,1,0,0,2.0,0.8768,1.0
block_cont_r10,cross_clear_r1,block_or_occupancy,cross,block_cont,cross_clear,block_cont|v7|L6,cross_clear|v6|d5,0,0,0,1.0,0.865588,1.0
block_cont_r10,cross_clear_r10,block_or_occupancy,cross,block_cont,cross_clear,block_cont|v7|L6,cross_clear|v8|d6,0,0,0,1.0,0.570738,1.0
block_cont_r10,cross_clear_r11,block_or_occupancy,cross,block_cont,cross_clear,block_cont|v7|L6,cross_clear|v8|d7,0,0,0,1.0,0.867263,1.0
block_cont_r10,cross_clear_r12,block_or_occupancy,cross,block_cont,cross_clear,block_cont|v7|L6,cross_clear|v8|d8,0,0,0,1.0,0.617,1.0
block_cont_r10,cross_clear_r2,block_or_occupancy,cross,block_cont,cross_clear,block_cont|v7|L6,cross_clear|v6|d6,0,0,0,1.0,0.799362,1.0
block_cont_r10,cross_clear_r3,block_or_occupancy,cross,block_cont,cross_clear,block_cont|v7|L6,cross_clear|v6|d7,0,0,0,1.0,0.891912,1.0
block_cont_r10,cross_clear_r4,block_or_occupancy,cross,block_cont,cross_clear,block_cont|v7|L6,cross_clear|v6|d8,0,0,0,1.0,0.8051,1.0
block_cont_r10,cross_clear_r5,block_or_occupancy,cross,block_cont,cross_clear,block_cont|v7|L6,cross_clear|v7|d5,0,0,0,0.0,0.805037,1.0
block_cont_r10,cross_clear_r6,block_or_occupancy,cross,block_cont,cross_clear,block_cont|v7|L6,cross_clear|v7|d6,0,0,0,0.0,0.620413,1.0
block_cont_r10,cross_clear_r7,block_or_occupancy,cross,block_cont,cross_clear,block_cont|v7|L6,cross_clear|v7|d7,0,0,0,0.0,0.866825,1.0
block_cont_r10,cross_clear_r8,block_or_occupancy,cross,block_cont,cross_clear,block_cont|v7|L6,cross_clear|v7|d8,0,0,0,0.0,0.744563,1.0
block_cont_r10,cross_clear_r9,block_or_occupancy,cross,block_cont,cross_clear,block_cont|v7|L6,cross_clear|v8|d5,0,0,0,1.0,0.55795,1.0
block_cont_r10,cross_stall_occ_r1,block_or_occupancy,cross,block_cont,cross_stall_occ,block_cont|v7|L6,cross_stall_occ|v6|d6,0,0,0,1.0,0.404112,1.0
block_cont_r10,cross_stall_occ_r10,block_or_occupancy,cross,block_cont,cross_stall_occ,block_cont|v7|L6,cross_stall_occ|v7|d7,0,0,0,0.0,0.160013,1.0
block_cont_r10,cross_stall_occ_r11,block_or_occupancy,cross,block_cont,cross_stall_occ,block_cont|v7|L6,cross_stall_occ|v8|d7,0,0,0,1.0,0.379062,1.0
block_cont_r10,cross_stall_occ_r12,block_or_occupancy,cross,block_cont,cross_stall_occ,block_cont|v7|L6,cross_stall_occ|v8|d8,0,0,0,1.0,0.399112,1.0
block_cont_r10,cross_stall_occ_r2,block_or_occupancy,cross,block_cont,cross_stall_occ,block_cont|v7|L6,cross_stall_occ|v6|d7,0,0,0,1.0,0.426288,1.0
block_cont_r10,cross_stall_occ_r3,block_or_occupancy,cross,block_cont,cross_stall_occ,block_cont|v7|L6,cross_stall_occ|v7|d7,0,0,0,0.0,0.144325,1.0
block_cont_r10,cross_stall_occ_r4,block_or_occupancy,cross,block_cont,cross_stall_occ,block_cont|v7|L6,cross_stall_occ|v7|d7,0,0,0,0.0,0.174275,1.0
block_cont_r10,cross_stall_occ_r5,block_or_occupancy,cross,block_cont,cross_stall_occ,block_cont|v7|L6,cross_stall_occ|v8|d7,0,0,0,1.0,0.399175,1.0
block_cont_r10,cross_stall_occ_r6,block_or_occupancy,cross,block_cont,cross_stall_occ,block_cont|v7|L6,cross_stall_occ|v8|d8,0,0,0,1.0,0.39925,1.0
block_cont_r10,cross_stall_occ_r7,block_or_occupancy,cross,block_cont,cross_stall_occ,block_cont|v7|L6,cross_stall_occ|v6|d6,0,0,0,1.0,0.398462,1.0
block_cont_r10,cross_stall_occ_r8,block_or_occupancy,cross,block_cont,cross_stall_occ,block_cont|v7|L6,cross_stall_occ|v6|d7,0,0,0,1.0,0.420687,1.0
block_cont_r10,cross_stall_occ_r9,block_or_occupancy,cross,block_cont,cross_stall_occ,block_cont|v7|L6,cross_stall_occ|v7|d7,0,0,0,0.0,0.139,1.0
block_cont_r10,cross_stall_r1,block_or_occupancy,cross,block_cont,cross_stall,block_cont|v7|L6,cross_stall|v6|d6,0,0,0,1.0,0.893038,1.0
block_cont_r10,cross_stall_r10,block_or_occupancy,cross,block_cont,cross_stall,block_cont|v7|L6,cross_stall|v7|d7,0,0,0,0.0,0.893038,1.0
block_cont_r10,cross_stall_r11,block_or_occupancy,cross,block_cont,cross_stall,block_cont|v7|L6,cross_stall|v8|d7,0,0,0,1.0,0.889775,1.0
block_cont_r10,cross_stall_r12,block_or_occupancy,cross,block_cont,cross_stall,block_cont|v7|L6,cross_stall|v8|d8,0,0,0,1.0,0.893038,1.0
block_cont_r10,cross_stall_r2,block_or_occupancy,cross,block_cont,cross_stall,block_cont|v7|L6,cross_stall|v6|d6,0,0,0,1.0,0.893038,1.0
block_cont_r10,cross_stall_r3,block_or_occupancy,cross,block_cont,cross_stall,block_cont|v7|L6,cross_stall|v7|d6,0,0,0,0.0,0.888112,1.0
block_cont_r10,cross_stall_r4,block_or_occupancy,cross,block_cont,cross_stall,block_cont|v7|L6,cross_stall|v7|d7,0,0,0,0.0,0.893038,1.0
block_cont_r10,cross_stall_r5,block_or_occupancy,cross,block_cont,cross_stall,block_cont|v7|L6,cross_stall|v8|d7,0,0,0,1.0,0.858137,1.0
block_cont_r10,cross_stall_r6,block_or_occupancy,cross,block_cont,cross_stall,block_cont|v7|L6,cross_stall|v8|d8,0,0,0,1.0,0.893038,1.0
block_cont_r10,cross_stall_r7,block_or_occupancy,cross,block_cont,cross_stall,block_cont|v7|L6,cross_stall|v6|d6,0,0,0,1.0,0.893038,1.0
block_cont_r10,cross_stall_r8,block_or_occupancy,cross,block_cont,cross_stall,block_cont|v7|L6,cross_stall|v6|d6,0,0,0,1.0,0.893038,1.0
block_cont_r10,cross_stall_r9,block_or_occupancy,cross,block_cont,cross_stall,block_cont|v7|L6,cross_stall|v7|d6,0,0,0,0.0,0.893038,1.0
block_cont_r10,lead_cont_r1,block_or_occupancy,lead,block_cont,lead_cont,block_cont|v7|L6,lead_cont|v6|s5,0,0,0,1.0,0.42445,1.0
block_cont_r10,lead_cont_r10,block_or_occupancy,lead,block_cont,lead_cont,block_cont|v7|L6,lead_cont|v9|s8,0,0,0,2.0,0.339325,1.0
block_cont_r10,lead_cont_r11,block_or_occupancy,lead,block_cont,lead_cont,block_cont|v7|L6,lead_cont|v7|s6,0,0,0,0.0,0.188125,1.0
block_cont_r10,lead_cont_r12,block_or_occupancy,lead,block_cont,lead_cont,block_cont|v7|L6,lead_cont|v8|s7,0,0,0,1.0,0.47995,1.0
block_cont_r10,lead_cont_r2,block_or_occupancy,lead,block_cont,lead_cont,block_cont|v7|L6,lead_cont|v6|s5,0,0,0,1.0,0.475662,1.0
block_cont_r10,lead_cont_r3,block_or_occupancy,lead,block_cont,lead_cont,block_cont|v7|L6,lead_cont|v7|s5,0,0,0,0.0,0.191637,1.0
block_cont_r10,lead_cont_r4,block_or_occupancy,lead,block_cont,lead_cont,block_cont|v7|L6,lead_cont|v7|s6,0,0,0,0.0,0.223325,1.0
block_cont_r10,lead_cont_r5,block_or_occupancy,lead,block_cont,lead_cont,block_cont|v7|L6,lead_cont|v8|s6,0,0,0,1.0,0.446313,1.0
block_cont_r10,lead_cont_r6,block_or_occupancy,lead,block_cont,lead_cont,block_cont|v7|L6,lead_cont|v8|s7,0,0,0,1.0,0.493188,1.0
block_cont_r10,lead_cont_r7,block_or_occupancy,lead,block_cont,lead_cont,block_cont|v7|L6,lead_cont|v8|s7,0,0,0,1.0,0.47995,1.0
block_cont_r10,lead_cont_r8,block_or_occupancy,lead,block_cont,lead_cont,block_cont|v7|L6,lead_cont|v9|s7,0,0,0,2.0,0.339325,1.0
block_cont_r10,lead_cont_r9,block_or_occupancy,lead,block_cont,lead_cont,block_cont|v7|L6,lead_cont|v9|s8,0,0,0,2.0,0.339463,1.0
block_cont_r10,lead_nec_r1,block_or_occupancy,lead,block_cont,lead_nec,block_cont|v7|L6,lead_nec|v6|s5,0,0,0,1.0,0.893038,1.0
block_cont_r10,lead_nec_r10,block_or_occupancy,lead,block_cont,lead_nec,block_cont|v7|L6,lead_nec|v9|s8,0,0,0,2.0,0.893038,1.0
block_cont_r10,lead_nec_r11,block_or_occupancy,lead,block_cont,lead_nec,block_cont|v7|L6,lead_nec|v7|s6,0,0,0,0.0,0.893038,1.0
block_cont_r10,lead_nec_r12,block_or_occupancy,lead,block_cont,lead_nec,block_cont|v7|L6,lead_nec|v8|s7,0,0,0,1.0,0.893038,1.0
block_cont_r10,lead_nec_r2,block_or_occupancy,lead,block_cont,lead_nec,block_cont|v7|L6,lead_nec|v6|s5,0,0,0,1.0,0.893038,1.0
block_cont_r10,lead_nec_r3,block_or_occupancy,lead,block_cont,lead_nec,block_cont|v7|L6,lead_nec|v7|s5,0,0,0,0.0,0.893038,1.0
block_cont_r10,lead_nec_r4,block_or_occupancy,lead,block_cont,lead_nec,block_cont|v7|L6,lead_nec|v7|s6,0,0,0,0.0,0.893038,1.0
block_cont_r10,lead_nec_r5,block_or_occupancy,lead,block_cont,lead_nec,block_cont|v7|L6,lead_nec|v8|s6,0,0,0,1.0,0.893038,1.0
block_cont_r10,lead_nec_r6,block_or_occupancy,lead,block_cont,lead_nec,block_cont|v7|L6,lead_nec|v8|s7,0,0,0,1.0,0.893038,1.0
block_cont_r10,lead_nec_r7,block_or_occupancy,lead,block_cont,lead_nec,block_cont|v7|L6,lead_nec|v8|s7,0,0,0,1.0,0.893038,1.0
block_cont_r10,lead_nec_r8,block_or_occupancy,lead,block_cont,lead_nec,block_cont|v7|L6,lead_nec|v9|s7,0,0,0,2.0,0.893038,1.0
block_cont_r10,lead_nec_r9,block_or_occupancy,lead,block_cont,lead_nec,block_cont|v7|L6,lead_nec|v9|s8,0,0,0,2.0,0.893038,1.0
block_cont_r10,lead_opt_r1,block_or_occupancy,lead,block_cont,lead_opt,block_cont|v7|L6,lead_opt|v6|s6,0,0,0,1.0,0.893038,1.0
block_cont_r10,lead_opt_r10,block_or_occupancy,lead,block_cont,lead_opt,block_cont|v7|L6,lead_opt|v8|s7,0,0,0,1.0,0.893038,1.0
block_cont_r10,lead_opt_r11,block_or_occupancy,lead,block_cont,lead_opt,block_cont|v7|L6,lead_opt|v6|s6,0,0,0,1.0,0.893038,1.0
block_cont_r10,lead_opt_r12,block_or_occupancy,lead,block_cont,lead_opt,block_cont|v7|L6,lead_opt|v7|s7,0,0,0,0.0,0.893038,1.0
block_cont_r10,lead_opt_r2,block_or_occupancy,lead,block_cont,lead_opt,block_cont|v7|L6,lead_opt|v6|s6,0,0,0,1.0,0.893038,1.0
block_cont_r10,lead_opt_r3,block_or_occupancy,lead,block_cont,lead_opt,block_cont|v7|L6,lead_opt|v7|s6,0,0,0,0.0,0.893038,1.0
block_cont_r10,lead_opt_r4,block_or_occupancy,lead,block_cont,lead_opt,block_cont|v7|L6,lead_opt|v7|s6,0,0,0,0.0,0.893038,1.0
block_cont_r10,lead_opt_r5,block_or_occupancy,lead,block_cont,lead_opt,block_cont|v7|L6,lead_opt|v8|s7,0,0,0,1.0,0.893038,1.0
block_cont_r10,lead_opt_r6,block_or_occupancy,lead,block_cont,lead_opt,block_cont|v7|L6,lead_opt|v8|s7,0,0,0,1.0,0.893038,1.0
block_cont_r10,lead_opt_r7,block_or_occupancy,lead,block_cont,lead_opt,block_cont|v7|L6,lead_opt|v9|s7,0,0,0,2.0,0.893038,1.0
block_cont_r10,lead_opt_r8,block_or_occupancy,lead,block_cont,lead_opt,block_cont|v7|L6,lead_opt|v9|s7,0,0,0,2.0,0.893038,1.0
block_cont_r10,lead_opt_r9,block_or_occupancy,lead,block_cont,lead_opt,block_cont|v7|L6,lead_opt|v7|s6,0,0,0,0.0,0.893038,1.0
block_cont_r10,temp_opt_r1,block_or_occupancy,block_or_occupancy,block_cont,temp_opt,block_cont|v7|L6,temp_opt|v6|o6,1,0,0,1.0,0.893038,1.0
block_cont_r10,temp_opt_r10,block_or_occupancy,block_or_occupancy,block_cont,temp_opt,block_cont|v7|L6,temp_opt|v6|o7,1,0,0,1.0,0.893038,1.0
block_cont_r10,temp_opt_r11,block_or_occupancy,block_or_occupancy,block_cont,temp_opt,block_cont|v7|L6,temp_opt|v7|o8,1,0,0,0.0,0.893038,1.0
block_cont_r10,temp_opt_r12,block_or_occupancy,block_or_occupancy,block_cont,temp_opt,block_cont|v7|L6,temp_opt|v8|o7,1,0,0,1.0,0.889775,1.0
block_cont_r10,temp_opt_r2,block_or_occupancy,block_or_occupancy,block_cont,temp_opt,block_cont|v7|L6,temp_opt|v6|o7,1,0,0,1.0,0.893038,1.0
block_cont_r10,temp_opt_r3,block_or_occupancy,block_or_occupancy,block_cont,temp_opt,block_cont|v7|L6,temp_opt|v6|o8,1,0,0,1.0,0.893038,1.0
block_cont_r10,temp_opt_r4,block_or_occupancy,block_or_occupancy,block_cont,temp_opt,block_cont|v7|L6,temp_opt|v7|o6,1,0,0,0.0,0.893038,1.0
block_cont_r10,temp_opt_r5,block_or_occupancy,block_or_occupancy,block_cont,temp_opt,block_cont|v7|L6,temp_opt|v7|o7,1,0,0,0.0,0.893038,1.0
block_cont_r10,temp_opt_r6,block_or_occupancy,block_or_occupancy,block_cont,temp_opt,block_cont|v7|L6,temp_opt|v7|o8,1,0,0,0.0,0.893038,1.0
block_cont_r10,temp_opt_r7,block_or_occupancy,block_or_occupancy,block_cont,temp_opt,block_cont|v7|L6,temp_opt|v8|o6,1,0,0,1.0,0.867712,1.0
block_cont_r10,temp_opt_r8,block_or_occupancy,block_or_occupancy,block_cont,temp_opt,block_cont|v7|L6,temp_opt|v8|o7,1,0,0,1.0,0.893038,1.0
block_cont_r10,temp_opt_r9,block_or_occupancy,block_or_occupancy,block_cont,temp_opt,block_cont|v7|L6,temp_opt|v8|o8,1,0,0,1.0,0.893038,1.0
block_cont_r11,block_cont_r12,block_or_occupancy,block_or_occupancy,block_cont,block_cont,block_cont|v8|L6,block_cont|v6|L6,1,1,0,2.0,0.162712,1.0
block_cont_r11,block_cont_r2,block_or_occupancy,block_or_occupancy,block_cont,block_cont,block_cont|v8|L6,block_cont|v6|L5,1,1,0,2.0,0.146375,1.0
block_cont_r11,block_cont_r3,block_or_occupancy,block_or_occupancy,block_cont,block_cont,block_cont|v8|L6,block_cont|v7|L5,1,1,0,1.0,0.378225,1.0
block_cont_r11,block_cont_r4,block_or_occupancy,block_or_occupancy,block_cont,block_cont,block_cont|v8|L6,block_cont|v7|L6,1,1,0,1.0,0.401138,1.0
block_cont_r11,block_cont_r5,block_or_occupancy,block_or_occupancy,block_cont,block_cont,block_cont|v8|L6,block_cont|v8|L6,1,1,1,0.0,8.8e-05,0.0007
block_cont_r11,block_cont_r6,block_or_occupancy,block_or_occupancy,block_cont,block_cont,block_cont|v8|L6,block_cont|v8|L7,1,1,0,0.0,0.139512,1.0
block_cont_r11,block_cont_r7,block_or_occupancy,block_or_occupancy,block_cont,block_cont,block_cont|v8|L6,block_cont|v8|L7,1,1,0,0.0,0.1541,1.0
block_cont_r11,block_cont_r8,block_or_occupancy,block_or_occupancy,block_cont,block_cont,block_cont|v8|L6,block_cont|v9|L7,1,1,0,1.0,0.132612,1.0
block_cont_r11,block_cont_r9,block_or_occupancy,block_or_occupancy,block_cont,block_cont,block_cont|v8|L6,block_cont|v9|L8,1,1,0,1.0,0.271375,1.0
block_cont_r11,block_nec_r1,block_or_occupancy,block_or_occupancy,block_cont,block_nec,block_cont|v8|L6,block_nec|v6|L5,1,0,0,2.0,0.93365,1.0
block_cont_r11,block_nec_r10,block_or_occupancy,block_or_occupancy,block_cont,block_nec,block_cont|v8|L6,block_nec|v7|L6,1,0,0,1.0,0.936588,1.0
block_cont_r11,block_nec_r11,block_or_occupancy,block_or_occupancy,block_cont,block_nec,block_cont|v8|L6,block_nec|v8|L6,1,0,0,0.0,0.75055,1.0
block_cont_r11,block_nec_r12,block_or_occupancy,block_or_occupancy,block_cont,block_nec,block_cont|v8|L6,block_nec|v6|L6,1,0,0,2.0,0.936588,1.0
block_cont_r11,block_nec_r2,block_or_occupancy,block_or_occupancy,block_cont,block_nec,block_cont|v8|L6,block_nec|v6|L5,1,0,0,2.0,0.936588,1.0
block_cont_r11,block_nec_r3,block_or_occupancy,block_or_occupancy,block_cont,block_nec,block_cont|v8|L6,block_nec|v7|L5,1,0,0,1.0,0.924737,1.0
block_cont_r11,block_nec_r4,block_or_occupancy,block_or_occupancy,block_cont,block_nec,block_cont|v8|L6,block_nec|v7|L6,1,0,0,1.0,0.936588,1.0
block_cont_r11,block_nec_r5,block_or_occupancy,block_or_occupancy,block_cont,block_nec,block_cont|v8|L6,block_nec|v8|L6,1,0,0,0.0,0.782825,1.0
block_cont_r11,block_nec_r6,block_or_occupancy,block_or_occupancy,block_cont,block_nec,block_cont|v8|L6,block_nec|v8|L7,1,0,0,0.0,0.935,1.0
block_cont_r11,block_nec_r7,block_or_occupancy,block_or_occupancy,block_cont,block_nec,block_cont|v8|L6,block_nec|v8|L7,1,0,0,0.0,0.936588,1.0
block_cont_r11,block_nec_r8,block_or_occupancy,block_or_occupancy,block_cont,block_nec,block_cont|v8|L6,block_nec|v9|L7,1,0,0,1.0,0.800462,1.0
block_cont_r11,block_nec_r9,block_or_occupancy,block_or_occupancy,block_cont,block_nec,block_cont|v8|L6,block_nec|v9|L8,1,0,0,1.0,0.931163,1.0
block_cont_r11,cross_clear_r1,block_or_occupancy,cross,block_cont,cross_clear,block_cont|v8|L6,cross_clear|v6|d5,0,0,0,2.0,0.909137,1.0
block_cont_r11,cross_clear_r10,block_or_occupancy,cross,block_cont,cross_clear,block_cont|v8|L6,cross_clear|v8|d6,0,0,0,0.0,0.505513,1.0
block_cont_r11,cross_clear_r11,block_or_occupancy,cross,block_cont,cross_clear,block_cont|v8|L6,cross_clear|v8|d7,0,0,0,0.0,0.936588,1.0
block_cont_r11,cross_clear_r12,block_or_occupancy,cross,block_cont,cross_clear,block_cont|v8|L6,cross_clear|v8|d8,0,0,0,0.0,0.763212,1.0
block_cont_r11,cross_clear_r2,block_or_occupancy,cross,block_cont,cross_clear,block_cont|v8|L6,cross_clear|v6|d6,0,0,0,2.0,0.875363,1.0
block_cont_r11,cross_clear_r3,block_or_occupancy,cross,block_cont,cross_clear,block_cont|v8|L6,cross_clear|v6|d7,0,0,0,2.0,0.935462,1.0
block_cont_r11,cross_clear_r4,block_or_occupancy,cross,block_cont,cross_clear,block_cont|v8|L6,cross_clear|v6|d8,0,0,0,2.0,0.907325,1.0
block_cont_r11,cross_clear_r5,block_or_occupancy,cross,block_cont,cross_clear,block_cont|v8|L6,cross_clear|v7|d5,0,0,0,1.0,0.892587,1.0
block_cont_r11,cross_clear_r6,block_or_occupancy,cross,block_cont,cross_clear,block_cont|v8|L6,cross_clear|v7|d6,0,0,0,1.0,0.793075,1.0
block_cont_r11,cross_clear_r7,block_or_occupancy,cross,block_cont,cross_clear,block_cont|v8|L6,cross_clear|v7|d7,0,0,0,1.0,0.929425,1.0
block_cont_r11,cross_clear_r8,block_or_occupancy,cross,block_cont,cross_clear,block_cont|v8|L6,cross_clear|v7|d8,0,0,0,1.0,0.873337,1.0
block_cont_r11,cross_clear_r9,block_or_occupancy,cross,block_cont,cross_clear,block_cont|v8|L6,cross_clear|v8|d5,0,0,0,0.0,0.686588,1.0
block_cont_r11,cross_stall_occ_r1,block_or_occupancy,cross,block_cont,cross_stall_occ,block_cont|v8|L6,cross_stall_occ|v6|d6,0,0,0,2.0,0.185613,1.0
block_cont_r11,cross_stall_occ_r10,block_or_occupancy,cross,block_cont,cross_stall_occ,block_cont|v8|L6,cross_stall_occ|v7|d7,0,0,0,1.0,0.439638,1.0
block_cont_r11,cross_stall_occ_r11,block_or_occupancy,cross,block_cont,cross_stall_occ,block_cont|v8|L6,cross_stall_occ|v8|d7,0,0,0,0.0,0.1541,1.0
block_cont_r11,cross_stall_occ_r12,block_or_occupancy,cross,block_cont,cross_stall_occ,block_cont|v8|L6,cross_stall_occ|v8|d8,0,0,0,0.0,0.175787,1.0
block_cont_r11,cross_stall_occ_r2,block_or_occupancy,cross,block_cont,cross_stall_occ,block_cont|v8|L6,cross_stall_occ|v6|d7,0,0,0,2.0,0.210313,1.0
block_cont_r11,cross_stall_occ_r3,block_or_occupancy,cross,block_cont,cross_stall_occ,block_cont|v8|L6,cross_stall_occ|v7|d7,0,0,0,1.0,0.422237,1.0
block_cont_r11,cross_stall_occ_r4,block_or_occupancy,cross,block_cont,cross_stall_occ,block_cont|v8|L6,cross_stall_occ|v7|d7,0,0,0,1.0,0.45525,1.0
block_cont_r11,cross_stall_occ_r5,block_or_occupancy,cross,block_cont,cross_stall_occ,block_cont|v8|L6,cross_stall_occ|v8|d7,0,0,0,0.0,0.175875,1.0
block_cont_r11,cross_stall_occ_r6,block_or_occupancy,cross,block_cont,cross_stall_occ,block_cont|v8|L6,cross_stall_occ|v8|d8,0,0,0,0.0,0.175875,1.0
block_cont_r11,cross_stall_occ_r7,block_or_occupancy,cross,block_cont,cross_stall_occ,block_cont|v8|L6,cross_stall_occ|v6|d6,0,0,0,2.0,0.179175,1.0
block_cont_r11,cross_stall_occ_r8,block_or_occupancy,cross,block_cont,cross_stall_occ,block_cont|v8|L6,cross_stall_occ|v6|d7,0,0,0,2.0,0.20415,1.0
block_cont_r11,cross_stall_occ_r9,block_or_occupancy,cross,block_cont,cross_stall_occ,block_cont|v8|L6,cross_stall_occ|v7|d7,0,0,0,1.0,0.416488,1.0
block_cont_r11,cross_stall_r1,block_or_occupancy,cross,block_cont,cross_stall,block_cont|v8|L6,cross_stall|v6|d6,0,0,0,2.0,0.936588,1.0
block_cont_r11,cross_stall_r10,block_or_occupancy,cross,block_cont,cross_stall,block_cont|v8|L6,cross_stall|v7|d7,0,0,0,1.0,0.936588,1.0
block_cont_r11,cross_stall_r11,block_or_occupancy,cross,block_cont,cross_stall,block_cont|v8|L6,cross_stall|v8|d7,0,0,0,0.0,0.936588,1.0
block_cont_r11,cross_stall_r12,block_or_occupancy,cross,block_cont,cross_stall,block_cont|v8|L6,cross_stall|v8|d8,0,0,0,0.0,0.936588,1.0
block_cont_r11,cross_stall_r2,block_or_occupancy,cross,block_cont,cross_stall,block_cont|v8|L6,cross_stall|v6|d6,0,0,0,2.0,0.936588,1.0
block_cont_r11,cross_stall_r3,block_or_occupancy,cross,block_cont,cross_stall,block_cont|v8|L6,cross_stall|v7|d6,0,0,0,1.0,0.936588,1.0
block_cont_r11,cross_stall_r4,block_or_occupancy,cross,block_cont,cross_stall,block_cont|v8|L6,cross_stall|v7|d7,0,0,0,1.0,0.936588,1.0
block_cont_r11,cross_stall_r5,block_or_occupancy,cross,block_cont,cross_stall,block_cont|v8|L6,cross_stall|v8|d7,0,0,0,0.0,0.928775,1.0
block_cont_r11,cross_stall_r6,block_or_occupancy,cross,block_cont,cross_stall,block_cont|v8|L6,cross_stall|v8|d8,0,0,0,0.0,0.936588,1.0
block_cont_r11,cross_stall_r7,block_or_occupancy,cross,block_cont,cross_stall,block_cont|v8|L6,cross_stall|v6|d6,0,0,0,2.0,0.936588,1.0
block_cont_r11,cross_stall_r8,block_or_occupancy,cross,block_cont,cross_stall,block_cont|v8|L6,cross_stall|v6|d6,0,0,0,2.0,0.936588,1.0
block_cont_r11,cross_stall_r9,block_or_occupancy,cross,block_cont,cross_stall,block_cont|v8|L6,cross_stall|v7|d6,0,0,0,1.0,0.936588,1.0
block_cont_r11,lead_cont_r1,block_or_occupancy,lead,block_cont,lead_cont,block_cont|v8|L6,lead_cont|v6|s5,0,0,0,2.0,0.208363,1.0
block_cont_r11,lead_cont_r10,block_or_occupancy,lead,block_cont,lead_cont,block_cont|v8|L6,lead_cont|v9|s8,0,0,0,1.0,0.364312,1.0
block_cont_r11,lead_cont_r11,block_or_occupancy,lead,block_cont,lead_cont,block_cont|v8|L6,lead_cont|v7|s6,0,0,0,1.0,0.470463,1.0
block_cont_r11,lead_cont_r12,block_or_occupancy,lead,block_cont,lead_cont,block_cont|v8|L6,lead_cont|v8|s7,0,0,0,0.0,0.262938,1.0
block_cont_r11,lead_cont_r2,block_or_occupancy,lead,block_cont,lead_cont,block_cont|v8|L6,lead_cont|v6|s5,0,0,0,2.0,0.265688,1.0
block_cont_r11,lead_cont_r3,block_or_occupancy,lead,block_cont,lead_cont,block_cont|v8|L6,lead_cont|v7|s5,0,0,0,1.0,0.474125,1.0
block_cont_r11,lead_cont_r4,block_or_occupancy,lead,block_cont,lead_cont,block_cont|v8|L6,lead_cont|v7|s6,0,0,0,1.0,0.50905,1.0
block_cont_r11,lead_cont_r5,block_or_occupancy,lead,block_cont,lead_cont,block_cont|v8|L6,lead_cont|v8|s6,0,0,0,0.0,0.22665,1.0
block_cont_r11,lead_cont_r6,block_or_occupancy,lead,block_cont,lead_cont,block_cont|v8|L6,lead_cont|v8|s7,0,0,0,0.0,0.2773,1.0
block_cont_r11,lead_cont_r7,block_or_occupancy,lead,block_cont,lead_cont,block_cont|v8|L6,lead_cont|v8|s7,0,0,0,0.0,0.262938,1.0
block_cont_r11,lead_cont_r8,block_or_occupancy,lead,block_cont,lead_cont,block_cont|v8|L6,lead_cont|v9|s7,0,0,0,1.0,0.364312,1.0
block_cont_r11,lead_cont_r9,block_or_occupancy,lead,block_cont,lead_cont,block_cont|v8|L6,lead_cont|v9|s8,0,0,0,1.0,0.368262,1.0
block_cont_r11,lead_nec_r1,block_or_occupancy,lead,block_cont,lead_nec,block_cont|v8|L6,lead_nec|v6|s5,0,0,0,2.0,0.936588,1.0
block_cont_r11,lead_nec_r10,block_or_occupancy,lead,block_cont,lead_nec,block_cont|v8|L6,lead_nec|v9|s8,0,0,0,1.0,0.936588,1.0
block_cont_r11,lead_nec_r11,block_or_occupancy,lead,block_cont,lead_nec,block_cont|v8|L6,lead_nec|v7|s6,0,0,0,1.0,0.936588,1.0
block_cont_r11,lead_nec_r12,block_or_occupancy,lead,block_cont,lead_nec,block_cont|v8|L6,lead_nec|v8|s7,0,0,0,0.0,0.936588,1.0
block_cont_r11,lead_nec_r2,block_or_occupancy,lead,block_cont,lead_nec,block_cont|v8|L6,lead_nec|v6|s5,0,0,0,2.0,0.936588,1.0
block_cont_r11,lead_nec_r3,block_or_occupancy,lead,block_cont,lead_nec,block_cont|v8|L6,lead_nec|v7|s5,0,0,0,1.0,0.936588,1.0
block_cont_r11,lead_nec_r4,block_or_occupancy,lead,block_cont,lead_nec,block_cont|v8|L6,lead_nec|v7|s6,0,0,0,1.0,0.936588,1.0
block_cont_r11,lead_nec_r5,block_or_occupancy,lead,block_cont,lead_nec,block_cont|v8|L6,lead_nec|v8|s6,0,0,0,0.0,0.936588,1.0
block_cont_r11,lead_nec_r6,block_or_occupancy,lead,block_cont,lead_nec,block_cont|v8|L6,lead_nec|v8|s7,0,0,0,0.0,0.936588,1.0
block_cont_r11,lead_nec_r7,block_or_occupancy,lead,block_cont,lead_nec,block_cont|v8|L6,lead_nec|v8|s7,0,0,0,0.0,0.936588,1.0
block_cont_r11,lead_nec_r8,block_or_occupancy,lead,block_cont,lead_nec,block_cont|v8|L6,lead_nec|v9|s7,0,0,0,1.0,0.936588,1.0
block_cont_r11,lead_nec_r9,block_or_occupancy,lead,block_cont,lead_nec,block_cont|v8|L6,lead_nec|v9|s8,0,0,0,1.0,0.936588,1.0
block_cont_r11,lead_opt_r1,block_or_occupancy,lead,block_cont,lead_opt,block_cont|v8|L6,lead_opt|v6|s6,0,0,0,2.0,0.936588,1.0
block_cont_r11,lead_opt_r10,block_or_occupancy,lead,block_cont,lead_opt,block_cont|v8|L6,lead_opt|v8|s7,0,0,0,0.0,0.936588,1.0
block_cont_r11,lead_opt_r11,block_or_occupancy,lead,block_cont,lead_opt,block_cont|v8|L6,lead_opt|v6|s6,0,0,0,2.0,0.936588,1.0
block_cont_r11,lead_opt_r12,block_or_occupancy,lead,block_cont,lead_opt,block_cont|v8|L6,lead_opt|v7|s7,0,0,0,1.0,0.936588,1.0
block_cont_r11,lead_opt_r2,block_or_occupancy,lead,block_cont,lead_opt,block_cont|v8|L6,lead_opt|v6|s6,0,0,0,2.0,0.936588,1.0
block_cont_r11,lead_opt_r3,block_or_occupancy,lead,block_cont,lead_opt,block_cont|v8|L6,lead_opt|v7|s6,0,0,0,1.0,0.936588,1.0
block_cont_r11,lead_opt_r4,block_or_occupancy,lead,block_cont,lead_opt,block_cont|v8|L6,lead_opt|v7|s6,0,0,0,1.0,0.936588,1.0
block_cont_r11,lead_opt_r5,block_or_occupancy,lead,block_cont,lead_opt,block_cont|v8|L6,lead_opt|v8|s7,0,0,0,0.0,0.936588,1.0
block_cont_r11,lead_opt_r6,block_or_occupancy,lead,block_cont,lead_opt,block_cont|v8|L6,lead_opt|v8|s7,0,0,0,0.0,0.936588,1.0
block_cont_r11,lead_opt_r7,block_or_occupancy,lead,block_cont,lead_opt,block_cont|v8|L6,lead_opt|v9|s7,0,0,0,1.0,0.936588,1.0
block_cont_r11,lead_opt_r8,block_or_occupancy,lead,block_cont,lead_opt,block_cont|v8|L6,lead_opt|v9|s7,0,0,0,1.0,0.936588,1.0
block_cont_r11,lead_opt_r9,block_or_occupancy,lead,block_cont,lead_opt,block_cont|v8|L6,lead_opt|v7|s6,0,0,0,1.0,0.936588,1.0
block_cont_r11,temp_opt_r1,block_or_occupancy,block_or_occupancy,block_cont,temp_opt,block_cont|v8|L6,temp_opt|v6|o6,1,0,0,2.0,0.936588,1.0
block_cont_r11,temp_opt_r10,block_or_occupancy,block_or_occupancy,block_cont,temp_opt,block_cont|v8|L6,temp_opt|v6|o7,1,0,0,2.0,0.936588,1.0
block_cont_r11,temp_opt_r11,block_or_occupancy,block_or_occupancy,block_cont,temp_opt,block_cont|v8|L6,temp_opt|v7|o8,1,0,0,1.0,0.936588,1.0
block_cont_r11,temp_opt_r12,block_or_occupancy,block_or_occupancy,block_cont,temp_opt,block_cont|v8|L6,temp_opt|v8|o7,1,0,0,0.0,0.936588,1.0
block_cont_r11,temp_opt_r2,block_or_occupancy,block_or_occupancy,block_cont,temp_opt,block_cont|v8|L6,temp_opt|v6|o7,1,0,0,2.0,0.936588,1.0
block_cont_r11,temp_opt_r3,block_or_occupancy,block_or_occupancy,block_cont,temp_opt,block_cont|v8|L6,temp_opt|v6|o8,1,0,0,2.0,0.936588,1.0
block_cont_r11,temp_opt_r4,block_or_occupancy,block_or_occupancy,block_cont,temp_opt,block_cont|v8|L6,temp_opt|v7|o6,1,0,0,1.0,0.936588,1.0
block_cont_r11,temp_opt_r5,block_or_occupancy,block_or_occupancy,block_cont,temp_opt,block_cont|v8|L6,temp_opt|v7|o7,1,0,0,1.0,0.936588,1.0
block_cont_r11,temp_opt_r6,block_or_occupancy,block_or_occupancy,block_cont,temp_opt,block_cont|v8|L6,temp_opt|v7|o8,1,0,0,1.0,0.936588,1.0
block_cont_r11,temp_opt_r7,block_or_occupancy,block_or_occupancy,block_cont,temp_opt,block_cont|v8|L6,temp_opt|v8|o6,1,0,0,0.0,0.9303,1.0
block_cont_r11,temp_opt_r8,block_or_occupancy,block_or_occupancy,block_cont,temp_opt,block_cont|v8|L6,temp_opt|v8|o7,1,0,0,0.0,0.936588,1.0
block_cont_r11,temp_opt_r9,block_or_occupancy,block_or_occupancy,block_cont,temp_opt,block_cont|v8|L6,temp_opt|v8|o8,1,0,0,0.0,0.936588,1.0
block_cont_r12,block_cont_r2,block_or_occupancy,block_or_occupancy,block_cont,block_cont,block_cont|v6|L6,block_cont|v6|L5,1,1,0,0.0,0.020875,0.0511
block_cont_r12,block_cont_r3,block_or_occupancy,block_or_occupancy,block_cont,block_cont,block_cont|v6|L6,block_cont|v7|L5,1,1,0,1.0,0.29345,1.0
block_cont_r12,block_cont_r4,block_or_occupancy,block_or_occupancy,block_cont,block_cont,block_cont|v6|L6,block_cont|v7|L6,1,1,0,1.0,0.2639,1.0
block_cont_r12,block_cont_r5,block_or_occupancy,block_or_occupancy,block_cont,block_cont,block_cont|v6|L6,block_cont|v8|L6,1,1,0,2.0,0.162625,1.0
block_cont_r12,block_cont_r6,block_or_occupancy,block_or_occupancy,block_cont,block_cont,block_cont|v6|L6,block_cont|v8|L7,1,1,0,2.0,0.028225,0.0809
block_cont_r12,block_cont_r7,block_or_occupancy,block_or_occupancy,block_cont,block_cont,block_cont|v6|L6,block_cont|v8|L7,1,1,0,2.0,0.009375,0.0377
block_cont_r12,block_cont_r8,block_or_occupancy,block_or_occupancy,block_cont,block_cont,block_cont|v6|L6,block_cont|v9|L7,1,1,0,3.0,0.2801,1.0
block_cont_r12,block_cont_r9,block_or_occupancy,block_or_occupancy,block_cont,block_cont,block_cont|v6|L6,block_cont|v9|L8,1,1,0,3.0,0.143675,1.0
block_cont_r12,block_nec_r1,block_or_occupancy,block_or_occupancy,block_cont,block_nec,block_cont|v6|L6,block_nec|v6|L5,1,0,0,0.0,0.849087,1.0
block_cont_r12,block_nec_r10,block_or_occupancy,block_or_occupancy,block_cont,block_nec,block_cont|v6|L6,block_nec|v7|L6,1,0,0,1.0,0.87095,1.0
block_cont_r12,block_nec_r11,block_or_occupancy,block_or_occupancy,block_cont,block_nec,block_cont|v6|L6,block_nec|v8|L6,1,0,0,2.0,0.837838,1.0
block_cont_r12,block_nec_r12,block_or_occupancy,block_or_occupancy,block_cont,block_nec,block_cont|v6|L6,block_nec|v6|L6,1,0,0,0.0,0.87095,1.0
block_cont_r12,block_nec_r2,block_or_occupancy,block_or_occupancy,block_cont,block_nec,block_cont|v6|L6,block_nec|v6|L5,1,0,0,0.0,0.87095,1.0
block_cont_r12,block_nec_r3,block_or_occupancy,block_or_occupancy,block_cont,block_nec,block_cont|v6|L6,block_nec|v7|L5,1,0,0,1.0,0.83555,1.0
block_cont_r12,block_nec_r4,block_or_occupancy,block_or_occupancy,block_cont,block_nec,block_cont|v6|L6,block_nec|v7|L6,1,0,0,1.0,0.868825,1.0
block_cont_r12,block_nec_r5,block_or_occupancy,block_or_occupancy,block_cont,block_nec,block_cont|v6|L6,block_nec|v8|L6,1,0,0,2.0,0.870113,1.0
block_cont_r12,block_nec_r6,block_or_occupancy,block_or_occupancy,block_cont,block_nec,block_cont|v6|L6,block_nec|v8|L7,1,0,0,2.0,0.859775,1.0
block_cont_r12,block_nec_r7,block_or_occupancy,block_or_occupancy,block_cont,block_nec,block_cont|v6|L6,block_nec|v8|L7,1,0,0,2.0,0.87095,1.0
block_cont_r12,block_nec_r8,block_or_occupancy,block_or_occupancy,block_cont,block_nec,block_cont|v6|L6,block_nec|v9|L7,1,0,0,3.0,0.88775,1.0
block_cont_r12,block_nec_r9,block_or_occupancy,block_or_occupancy,block_cont,block_nec,block_cont|v6|L6,block_nec|v9|L8,1,0,0,3.0,0.854712,1.0
block_cont_r12,cross_clear_r1,block_or_occupancy,cross,block_cont,cross_clear,block_cont|v6|L6,cross_clear|v6|d5,0,0,0,0.0,0.8435,1.0
block_cont_r12,cross_clear_r10,block_or_occupancy,cross,block_cont,cross_clear,block_cont|v6|L6,cross_clear|v8|d6,0,0,0,2.0,0.5928,1.0
block_cont_r12,cross_clear_r11,block_or_occupancy,cross,block_cont,cross_clear,block_cont|v6|L6,cross_clear|v8|d7,0,0,0,2.0,0.87095,1.0
block_cont_r12,cross_clear_r12,block_or_occupancy,cross,block_cont,cross_clear,block_cont|v6|L6,cross_clear|v8|d8,0,0,0,2.0,0.6412,1.0
block_cont_r12,cross_clear_r2,block_or_occupancy,cross,block_cont,cross_clear,block_cont|v6|L6,cross_clear|v6|d6,0,0,0,0.0,0.777275,1.0
block_cont_r12,cross_clear_r3,block_or_occupancy,cross,block_cont,cross_clear,block_cont|v6|L6,cross_clear|v6|d7,0,0,0,0.0,0.869825,1.0
block_cont_r12,cross_clear_r4,block_or_occupancy,cross,block_cont,cross_clear,block_cont|v6|L6,cross_clear|v6|d8,0,0,0,0.0,0.783013,1.0
block_cont_r12,cross_clear_r5,block_or_occupancy,cross,block_cont,cross_clear,block_cont|v6|L6,cross_clear|v7|d5,0,0,0,1.0,0.82695,1.0
block_cont_r12,cross_clear_r6,block_or_occupancy,cross,block_cont,cross_clear,block_cont|v6|L6,cross_clear|v7|d6,0,0,0,1.0,0.661787,1.0
block_cont_r12,cross_clear_r7,block_or_occupancy,cross,block_cont,cross_clear,block_cont|v6|L6,cross_clear|v7|d7,0,0,0,1.0,0.863788,1.0
block_cont_r12,cross_clear_r8,block_or_occupancy,cross,block_cont,cross_clear,block_cont|v6|L6,cross_clear|v7|d8,0,0,0,1.0,0.751912,1.0
block_cont_r12,cross_clear_r9,block_or_occupancy,cross,block_cont,cross_clear,block_cont|v6|L6,cross_clear|v8|d5,0,0,0,2.0,0.62095,1.0
block_cont_r12,cross_stall_occ_r1,block_or_occupancy,cross,block_cont,cross_stall_occ,block_cont|v6|L6,cross_stall_occ|v6|d6,0,0,0,0.0,0.029125,0.0699
block_cont_r12,cross_stall_occ_r10,block_or_occupancy,cross,block_cont,cross_stall_occ,block_cont|v6|L6,cross_stall_occ|v7|d7,0,0,0,1.0,0.28555,1.0
block_cont_r12,cross_stall_occ_r11,block_or_occupancy,cross,block_cont,cross_stall_occ,block_cont|v6|L6,cross_stall_occ|v8|d7,0,0,0,2.0,0.009375,0.0377
block_cont_r12,cross_stall_occ_r12,block_or_occupancy,cross,block_cont,cross_stall_occ,block_cont|v6|L6,cross_stall_occ|v8|d8,0,0,0,2.0,0.018562,0.0439
block_cont_r12,cross_stall_occ_r2,block_or_occupancy,cross,block_cont,cross_stall_occ,block_cont|v6|L6,cross_stall_occ|v6|d7,0,0,0,0.0,0.060638,0.1446
block_cont_r12,cross_stall_occ_r3,block_or_occupancy,cross,block_cont,cross_stall_occ,block_cont|v6|L6,cross_stall_occ|v7|d7,0,0,0,1.0,0.263225,1.0
block_cont_r12,cross_stall_occ_r4,block_or_occupancy,cross,block_cont,cross_stall_occ,block_cont|v6|L6,cross_stall_occ|v7|d7,0,0,0,1.0,0.30555,1.0
block_cont_r12,cross_stall_occ_r5,block_or_occupancy,cross,block_cont,cross_stall_occ,block_cont|v6|L6,cross_stall_occ|v8|d7,0,0,0,2.0,0.018712,0.0444
block_cont_r12,cross_stall_occ_r6,block_or_occupancy,cross,block_cont,cross_stall_occ,block_cont|v6|L6,cross_stall_occ|v8|d8,0,0,0,2.0,0.018788,0.045
block_cont_r12,cross_stall_occ_r7,block_or_occupancy,cross,block_cont,cross_stall_occ,block_cont|v6|L6,cross_stall_occ|v6|d6,0,0,0,0.0,0.020925,0.0495
block_cont_r12,cross_stall_occ_r8,block_or_occupancy,cross,block_cont,cross_stall_occ,block_cont|v6|L6,cross_stall_occ|v6|d7,0,0,0,0.0,0.052775,0.1265
block_cont_r12,cross_stall_occ_r9,block_or_occupancy,cross,block_cont,cross_stall_occ,block_cont|v6|L6,cross_stall_occ|v7|d7,0,0,0,1.0,0.255837,1.0
block_cont_r12,cross_stall_r1,block_or_occupancy,cross,block_cont,cross_stall,block_cont|v6|L6,cross_stall|v6|d6,0,0,0,0.0,0.87095,1.0
block_cont_r12,cross_stall_r10,block_or_occupancy,cross,block_cont,cross_stall,block_cont|v6|L6,cross_stall|v7|d7,0,0,0,1.0,0.87095,1.0
block_cont_r12,cross_stall_r11,block_or_occupancy,cross,block_cont,cross_stall,block_cont|v6|L6,cross_stall|v8|d7,0,0,0,2.0,0.867687,1.0
block_cont_r12,cross_stall_r12,block_or_occupancy,cross,block_cont,cross_stall,block_cont|v6|L6,cross_stall|v8|d8,0,0,0,2.0,0.87095,1.0
block_cont_r12,cross_stall_r2,block_or_occupancy,cross,block_cont,cross_stall,block_cont|v6|L6,cross_stall|v6|d6,0,0,0,0.0,0.87095,1.0
block_cont_r12,cross_stall_r3,block_or_occupancy,cross,block_cont,cross_stall,block_cont|v6|L6,cross_stall|v7|d6,0,0,0,1.0,0.866025,1.0
block_cont_r12,cross_stall_r4,block_or_occupancy,cross,block_cont,cross_stall,block_cont|v6|L6,cross_stall|v7|d7,0,0,0,1.0,0.87095,1.0
block_cont_r12,cross_stall_r5,block_or_occupancy,cross,block_cont,cross_stall,block_cont|v6|L6,cross_stall|v8|d7,0,0,0,2.0,0.83605,1.0
block_cont_r12,cross_stall_r6,block_or_occupancy,cross,block_cont,cross_stall,block_cont|v6|L6,cross_stall|v8|d8,0,0,0,2.0,0.87095,1.0
block_cont_r12,cross_stall_r7,block_or_occupancy,cross,block_cont,cross_stall,block_cont|v6|L6,cross_stall|v6|d6,0,0,0,0.0,0.87095,1.0
block_cont_r12,cross_stall_r8,block_or_occupancy,cross,block_cont,cross_stall,block_cont|v6|L6,cross_stall|v6|d6,0,0,0,0.0,0.87095,1.0
block_cont_r12,cross_stall_r9,block_or_occupancy,cross,block_cont,cross_stall,block_cont|v6|L6,cross_stall|v7|d6,0,0,0,1.0,0.87095,1.0
block_cont_r12,lead_cont_r1,block_or_occupancy,lead,block_cont,lead_cont,block_cont|v6|L6,lead_cont|v6|s5,0,0,0,0.0,0.058113,0.1391
block_cont_r12,lead_cont_r10,block_or_occupancy,lead,block_cont,lead_cont,block_cont|v6|L6,lead_cont|v9|s8,0,0,0,3.0,0.228425,1.0
block_cont_r12,lead_cont_r11,block_or_occupancy,lead,block_cont,lead_cont,block_cont|v6|L6,lead_cont|v7|s6,0,0,0,1.0,0.325137,1.0
block_cont_r12,lead_cont_r12,block_or_occupancy,lead,block_cont,lead_cont,block_cont|v6|L6,lead_cont|v8|s7,0,0,0,2.0,0.1314,0.2814
block_cont_r12,lead_cont_r2,block_or_occupancy,lead,block_cont,lead_cont,block_cont|v6|L6,lead_cont|v6|s5,0,0,0,0.0,0.131237,0.3144
block_cont_r12,lead_cont_r3,block_or_occupancy,lead,block_cont,lead_cont,block_cont|v6|L6,lead_cont|v7|s5,0,0,0,1.0,0.3299,1.0
block_cont_r12,lead_cont_r4,block_or_occupancy,lead,block_cont,lead_cont,block_cont|v6|L6,lead_cont|v7|s6,0,0,0,1.0,0.374688,1.0
block_cont_r12,lead_cont_r5,block_or_occupancy,lead,block_cont,lead_cont,block_cont|v6|L6,lead_cont|v8|s6,0,0,0,2.0,0.084463,0.175
block_cont_r12,lead_cont_r6,block_or_occupancy,lead,block_cont,lead_cont,block_cont|v6|L6,lead_cont|v8|s7,0,0,0,2.0,0.149962,0.324
block_cont_r12,lead_cont_r7,block_or_occupancy,lead,block_cont,lead_cont,block_cont|v6|L6,lead_cont|v8|s7,0,0,0,2.0,0.1314,0.2814
block_cont_r12,lead_cont_r8,block_or_occupancy,lead,block_cont,lead_cont,block_cont|v6|L6,lead_cont|v9|s7,0,0,0,3.0,0.228425,1.0
block_cont_r12,lead_cont_r9,block_or_occupancy,lead,block_cont,lead_cont,block_cont|v6|L6,lead_cont|v9|s8,0,0,0,3.0,0.232375,1.0
block_cont_r12,lead_nec_r1,block_or_occupancy,lead,block_cont,lead_nec,block_cont|v6|L6,lead_nec|v6|s5,0,0,0,0.0,0.87095,1.0
block_cont_r12,lead_nec_r10,block_or_occupancy,lead,block_cont,lead_nec,block_cont|v6|L6,lead_nec|v9|s8,0,0,0,3.0,0.87095,1.0
block_cont_r12,lead_nec_r11,block_or_occupancy,lead,block_cont,lead_nec,block_cont|v6|L6,lead_nec|v7|s6,0,0,0,1.0,0.87095,1.0
block_cont_r12,lead_nec_r12,block_or_occupancy,lead,block_cont,lead_nec,block_cont|v6|L6,lead_nec|v8|s7,0,0,0,2.0,0.87095,1.0
block_cont_r12,lead_nec_r2,block_or_occupancy,lead,block_cont,lead_nec,block_cont|v6|L6,lead_nec|v6|s5,0,0,0,0.0,0.87095,1.0
block_cont_r12,lead_nec_r3,block_or_occupancy,lead,block_cont,lead_nec,block_cont|v6|L6,lead_nec|v7|s5,0,0,0,1.0,0.87095,1.0
block_cont_r12,lead_nec_r4,block_or_occupancy,lead,block_cont,lead_nec,block_cont|v6|L6,lead_nec|v7|s6,0,0,0,1.0,0.87095,1.0
block_cont_r12,lead_nec_r5,block_or_occupancy,lead,block_cont,lead_nec,block_cont|v6|L6,lead_nec|v8|s6,0,0,0,2.0,0.87095,1.0
block_cont_r12,lead_nec_r6,block_or_occupancy,lead,block_cont,lead_nec,block_cont|v6|L6,lead_nec|v8|s7,0,0,0,2.0,0.87095,1.0
block_cont_r12,lead_nec_r7,block_or_occupancy,lead,block_cont,lead_nec,block_cont|v6|L6,lead_nec|v8|s7,0,0,0,2.0,0.87095,1.0
block_cont_r12,lead_nec_r8,block_or_occupancy,lead,block_cont,lead_nec,block_cont|v6|L6,lead_nec|v9|s7,0,0,0,3.0,0.87095,1.0
block_cont_r12,lead_nec_r9,block_or_occupancy,lead,block_cont,lead_nec,block_cont|v6|L6,lead_nec|v9|s8,0,0,0,3.0,0.87095,1.0
block_cont_r12,lead_opt_r1,block_or_occupancy,lead,block_cont,lead_opt,block_cont|v6|L6,lead_opt|v6|s6,0,0,0,0.0,0.87095,1.0
block_cont_r12,lead_opt_r10,block_or_occupancy,lead,block_cont,lead_opt,block_cont|v6|L6,lead_opt|v8|s7,0,0,0,2.0,0.87095,1.0
block_cont_r12,lead_opt_r11,block_or_occupancy,lead,block_cont,lead_opt,block_cont|v6|L6,lead_opt|v6|s6,0,0,0,0.0,0.87095,1.0
block_cont_r12,lead_opt_r12,block_or_occupancy,lead,block_cont,lead_opt,block_cont|v6|L6,lead_opt|v7|s7,0,0,0,1.0,0.87095,1.0
block_cont_r12,lead_opt_r2,block_or_occupancy,lead,block_cont,lead_opt,block_cont|v6|L6,lead_opt|v6|s6,0,0,0,0.0,0.87095,1.0
block_cont_r12,lead_opt_r3,block_or_occupancy,lead,block_cont,lead_opt,block_cont|v6|L6,lead_opt|v7|s6,0,0,0,1.0,0.87095,1.0
block_cont_r12,lead_opt_r4,block_or_occupancy,lead,block_cont,lead_opt,block_cont|v6|L6,lead_opt|v7|s6,0,0,0,1.0,0.87095,1.0
block_cont_r12,lead_opt_r5,block_or_occupancy,lead,block_cont,lead_opt,block_cont|v6|L6,lead_opt|v8|s7,0,0,0,2.0,0.87095,1.0
block_cont_r12,lead_opt_r6,block_or_occupancy,lead,block_cont,lead_opt,block_cont|v6|L6,lead_opt|v8|s7,0,0,0,2.0,0.87095,1.0
block_cont_r12,lead_opt_r7,block_or_occupancy,lead,block_cont,lead_opt,block_cont|v6|L6,lead_opt|v9|s7,0,0,0,3.0,0.87095,1.0
block_cont_r12,lead_opt_r8,block_or_occupancy,lead,block_cont,lead_opt,block_cont|v6|L6,lead_opt|v9|s7,0,0,0,3.0,0.87095,1.0
block_cont_r12,lead_opt_r9,block_or_occupancy,lead,block_cont,lead_opt,block_cont|v6|L6,lead_opt|v7|s6,0,0,0,1.0,0.87095,1.0
block_cont_r12,temp_opt_r1,block_or_occupancy,block_or_occupancy,block_cont,temp_opt,block_cont|v6|L6,temp_opt|v6|o6,1,0,0,0.0,0.87095,1.0
block_cont_r12,temp_opt_r10,block_or_occupancy,block_or_occupancy,block_cont,temp_opt,block_cont|v6|L6,temp_opt|v6|o7,1,0,0,0.0,0.87095,1.0
block_cont_r12,temp_opt_r11,block_or_occupancy,block_or_occupancy,block_cont,temp_opt,block_cont|v6|L6,temp_opt|v7|o8,1,0,0,1.0,0.87095,1.0
block_cont_r12,temp_opt_r12,block_or_occupancy,block_or_occupancy,block_cont,temp_opt,block_cont|v6|L6,temp_opt|v8|o7,1,0,0,2.0,0.867687,1.0
block_cont_r12,temp_opt_r2,block_or_occupancy,block_or_occupancy,block_cont,temp_opt,block_cont|v6|L6,temp_opt|v6|o7,1,0,0,0.0,0.87095,1.0
block_cont_r12,temp_opt_r3,block_or_occupancy,block_or_occupancy,block_cont,temp_opt,block_cont|v6|L6,temp_opt|v6|o8,1,0,0,0.0,0.87095,1.0
block_cont_r12,temp_opt_r4,block_or_occupancy,block_or_occupancy,block_cont,temp_opt,block_cont|v6|L6,temp_opt|v7|o6,1,0,0,1.0,0.87095,1.0
block_cont_r12,temp_opt_r5,block_or_occupancy,block_or_occupancy,block_cont,temp_opt,block_cont|v6|L6,temp_opt|v7|o7,1,0,0,1.0,0.87095,1.0
block_cont_r12,temp_opt_r6,block_or_occupancy,block_or_occupancy,block_cont,temp_opt,block_cont|v6|L6,temp_opt|v7|o8,1,0,0,1.0,0.87095,1.0
block_cont_r12,temp_opt_r7,block_or_occupancy,block_or_occupancy,block_cont,temp_opt,block_cont|v6|L6,temp_opt|v8|o6,1,0,0,2.0,0.845625,1.0
block_cont_r12,temp_opt_r8,block_or_occupancy,block_or_occupancy,block_cont,temp_opt,block_cont|v6|L6,temp_opt|v8|o7,1,0,0,2.0,0.87095,1.0
block_cont_r12,temp_opt_r9,block_or_occupancy,block_or_occupancy,block_cont,temp_opt,block_cont|v6|L6,temp_opt|v8|o8,1,0,0,2.0,0.87095,1.0
block_cont_r2,block_cont_r3,block_or_occupancy,block_or_occupancy,block_cont,block_cont,block_cont|v6|L5,block_cont|v7|L5,1,1,0,1.0,0.272575,1.0
block_cont_r2,block_cont_r4,block_or_occupancy,block_or_occupancy,block_cont,block_cont,block_cont|v6|L5,block_cont|v7|L6,1,1,0,1.0,0.256975,1.0
block_cont_r2,block_cont_r5,block_or_occupancy,block_or_occupancy,block_cont,block_cont,block_cont|v6|L5,block_cont|v8|L6,1,1,0,2.0,0.146288,1.0
block_cont_r2,block_cont_r6,block_or_occupancy,block_or_occupancy,block_cont,block_cont,block_cont|v6|L5,block_cont|v8|L7,1,1,0,2.0,0.00735,0.0298
block_cont_r2,block_cont_r7,block_or_occupancy,block_or_occupancy,block_cont,block_cont,block_cont|v6|L5,block_cont|v8|L7,1,1,0,2.0,0.0115,0.0302
block_cont_r2,block_cont_r8,block_or_occupancy,block_or_occupancy,block_cont,block_cont,block_cont|v6|L5,block_cont|v9|L7,1,1,0,3.0,0.263763,1.0
block_cont_r2,block_cont_r9,block_or_occupancy,block_or_occupancy,block_cont,block_cont,block_cont|v6|L5,block_cont|v9|L8,1,1,0,3.0,0.130575,1.0
block_cont_r2,block_nec_r1,block_or_occupancy,block_or_occupancy,block_cont,block_nec,block_cont|v6|L5,block_nec|v6|L5,1,0,0,0.0,0.869962,1.0
block_cont_r2,block_nec_r10,block_or_occupancy,block_or_occupancy,block_cont,block_nec,block_cont|v6|L5,block_nec|v7|L6,1,0,0,1.0,0.891825,1.0
block_cont_r2,block_nec_r11,block_or_occupancy,block_or_occupancy,block_cont,block_nec,block_cont|v6|L5,block_nec|v8|L6,1,0,0,2.0,0.854175,1.0
block_cont_r2,block_nec_r12,block_or_occupancy,block_or_occupancy,block_cont,block_nec,block_cont|v6|L5,block_nec|v6|L6,1,0,0,0.0,0.891825,1.0
block_cont_r2,block_nec_r2,block_or_occupancy,block_or_occupancy,block_cont,block_nec,block_cont|v6|L5,block_nec|v6|L5,1,0,0,0.0,0.891825,1.0
block_cont_r2,block_nec_r3,block_or_occupancy,block_or_occupancy,block_cont,block_nec,block_cont|v6|L5,block_nec|v7|L5,1,0,0,1.0,0.856425,1.0
block_cont_r2,block_nec_r4,block_or_occupancy,block_or_occupancy,block_cont,block_nec,block_cont|v6|L5,block_nec|v7|L6,1,0,0,1.0,0.8897,1.0
block_cont_r2,block_nec_r5,block_or_occupancy,block_or_occupancy,block_cont,block_nec,block_cont|v6|L5,block_nec|v8|L6,1,0,0,2.0,0.88645,1.0
block_cont_r2,block_nec_r6,block_or_occupancy,block_or_occupancy,block_cont,block_nec,block_cont|v6|L5,block_nec|v8|L7,1,0,0,2.0,0.88065,1.0
block_cont_r2,block_nec_r7,block_or_occupancy,block_or_occupancy,block_cont,block_nec,block_cont|v6|L5,block_nec|v8|L7,1,0,0,2.0,0.891825,1.0
block_cont_r2,block_nec_r8,block_or_occupancy,block_or_occupancy,block_cont,block_nec,block_cont|v6|L5,block_nec|v9|L7,1,0,0,3.0,0.904087,1.0
block_cont_r2,block_nec_r9,block_or_occupancy,block_or_occupancy,block_cont,block_nec,block_cont|v6|L5,block_nec|v9|L8,1,0,0,3.0,0.875587,1.0
block_cont_r2,cross_clear_r1,block_or_occupancy,cross,block_cont,cross_clear,block_cont|v6|L5,cross_clear|v6|d5,0,0,0,0.0,0.864375,1.0
block_cont_r2,cross_clear_r10,block_or_occupancy,cross,block_cont,cross_clear,block_cont|v6|L5,cross_clear|v8|d6,0,0,0,2.0,0.609137,1.0
block_cont_r2,cross_clear_r11,block_or_occupancy,cross,block_cont,cross_clear,block_cont|v6|L5,cross_clear|v8|d7,0,0,0,2.0,0.891825,1.0
block_cont_r2,cross_clear_r12,block_or_occupancy,cross,block_cont,cross_clear,block_cont|v6|L5,cross_clear|v8|d8,0,0,0,2.0,0.662075,1.0
block_cont_r2,cross_clear_r2,block_or_occupancy,cross,block_cont,cross_clear,block_cont|v6|L5,cross_clear|v6|d6,0,0,0,0.0,0.79815,1.0
block_cont_r2,cross_clear_r3,block_or_occupancy,cross,block_cont,cross_clear,block_cont|v6|L5,cross_clear|v6|d7,0,0,0,0.0,0.8907,1.0
block_cont_r2,cross_clear_r4,block_or_occupancy,cross,block_cont,cross_clear,block_cont|v6|L5,cross_clear|v6|d8,0,0,0,0.0,0.803888,1.0
block_cont_r2,cross_clear_r5,block_or_occupancy,cross,block_cont,cross_clear,block_cont|v6|L5,cross_clear|v7|d5,0,0,0,1.0,0.847825,1.0
block_cont_r2,cross_clear_r6,block_or_occupancy,cross,block_cont,cross_clear,block_cont|v6|L5,cross_clear|v7|d6,0,0,0,1.0,0.682662,1.0
block_cont_r2,cross_clear_r7,block_or_occupancy,cross,block_cont,cross_clear,block_cont|v6|L5,cross_clear|v7|d7,0,0,0,1.0,0.884663,1.0
block_cont_r2,cross_clear_r8,block_or_occupancy,cross,block_cont,cross_clear,block_cont|v6|L5,cross_clear|v7|d8,0,0,0,1.0,0.772787,1.0
block_cont_r2,cross_clear_r9,block_or_occupancy,cross,block_cont,cross_clear,block_cont|v6|L5,cross_clear|v8|d5,0,0,0,2.0,0.641825,1.0
block_cont_r2,cross_stall_occ_r1,block_or_occupancy,cross,block_cont,cross_stall_occ,block_cont|v6|L5,cross_stall_occ|v6|d6,0,0,0,0.0,0.05,0.121
block_cont_r2,cross_stall_occ_r10,block_or_occupancy,cross,block_cont,cross_stall_occ,block_cont|v6|L5,cross_stall_occ|v7|d7,0,0,0,1.0,0.306425,1.0
block_cont_r2,cross_stall_occ_r11,block_or_occupancy,cross,block_cont,cross_stall_occ,block_cont|v6|L5,cross_stall_occ|v8|d7,0,0,0,2.0,0.0115,0.0302
block_cont_r2,cross_stall_occ_r12,block_or_occupancy,cross,block_cont,cross_stall_occ,block_cont|v6|L5,cross_stall_occ|v8|d8,0,0,0,2.0,0.039437,0.0802
block_cont_r2,cross_stall_occ_r2,block_or_occupancy,cross,block_cont,cross_stall_occ,block_cont|v6|L5,cross_stall_occ|v6|d7,0,0,0,0.0,0.081513,0.1957
block_cont_r2,cross_stall_occ_r3,block_or_occupancy,cross,block_cont,cross_stall_occ,block_cont|v6|L5,cross_stall_occ|v7|d7,0,0,0,1.0,0.2841,1.0
block_cont_r2,cross_stall_occ_r4,block_or_occupancy,cross,block_cont,cross_stall_occ,block_cont|v6|L5,cross_stall_occ|v7|d7,0,0,0,1.0,0.326425,1.0
block_cont_r2,cross_stall_occ_r5,block_or_occupancy,cross,block_cont,cross_stall_occ,block_cont|v6|L5,cross_stall_occ|v8|d7,0,0,0,2.0,0.039587,0.0807
block_cont_r2,cross_stall_occ_r6,block_or_occupancy,cross,block_cont,cross_stall_occ,block_cont|v6|L5,cross_stall_occ|v8|d8,0,0,0,2.0,0.039663,0.0813
block_cont_r2,cross_stall_occ_r7,block_or_occupancy,cross,block_cont,cross_stall_occ,block_cont|v6|L5,cross_stall_occ|v6|d6,0,0,0,0.0,0.0418,0.1006
block_cont_r2,cross_stall_occ_r8,block_or_occupancy,cross,block_cont,cross_stall_occ,block_cont|v6|L5,cross_stall_occ|v6|d7,0,0,0,0.0,0.07365,0.1776
block_cont_r2,cross_stall_occ_r9,block_or_occupancy,cross,block_cont,cross_stall_occ,block_cont|v6|L5,cross_stall_occ|v7|d7,0,0,0,1.0,0.276713,1.0
block_cont_r2,cross_stall_r1,block_or_occupancy,cross,block_cont,cross_stall,block_cont|v6|L5,cross_stall|v6|d6,0,0,0,0.0,0.891825,1.0
block_cont_r2,cross_stall_r10,block_or_occupancy,cross,block_cont,cross_stall,block_cont|v6|L5,cross_stall|v7|d7,0,0,0,1.0,0.891825,1.0
block_cont_r2,cross_stall_r11,block_or_occupancy,cross,block_cont,cross_stall,block_cont|v6|L5,cross_stall|v8|d7,0,0,0,2.0,0.888562,1.0
block_cont_r2,cross_stall_r12,block_or_occupancy,cross,block_cont,cross_stall,block_cont|v6|L5,cross_stall|v8|d8,0,0,0,2.0,0.891825,1.0
block_cont_r2,cross_stall_r2,block_or_occupancy,cross,block_cont,cross_stall,block_cont|v6|L5,cross_stall|v6|d6,0,0,0,0.0,0.891825,1.0
block_cont_r2,cross_stall_r3,block_or_occupancy,cross,block_cont,cross_stall,block_cont|v6|L5,cross_stall|v7|d6,0,0,0,1.0,0.8869,1.0
block_cont_r2,cross_stall_r4,block_or_occupancy,cross,block_cont,cross_stall,block_cont|v6|L5,cross_stall|v7|d7,0,0,0,1.0,0.891825,1.0
block_cont_r2,cross_stall_r5,block_or_occupancy,cross,block_cont,cross_stall,block_cont|v6|L5,cross_stall|v8|d7,0,0,0,2.0,0.856925,1.0
block_cont_r2,cross_stall_r6,block_or_occupancy,cross,block_cont,cross_stall,block_cont|v6|L5,cross_stall|v8|d8,0,0,0,2.0,0.891825,1.0
block_cont_r2,cross_stall_r7,block_or_occupancy,cross,block_cont,cross_stall,block_cont|v6|L5,cross_stall|v6|d6,0,0,0,0.0,0.891825,1.0
block_cont_r2,cross_stall_r8,block_or_occupancy,cross,block_cont,cross_stall,block_cont|v6|L5,cross_stall|v6|d6,0,0,0,0.0,0.891825,1.0
block_cont_r2,cross_stall_r9,block_or_occupancy,cross,block_cont,cross_stall,block_cont|v6|L5,cross_stall|v7|d6,0,0,0,1.0,0.891825,1.0
block_cont_r2,lead_cont_r1,block_or_occupancy,lead,block_cont,lead_cont,block_cont|v6|L5,lead_cont|v6|s5,0,0,0,0.0,0.078988,0.1902
block_cont_r2,lead_cont_r10,block_or_occupancy,lead,block_cont,lead_cont,block_cont|v6|L5,lead_cont|v9|s8,0,0,0,3.0,0.2493,1.0
block_cont_r2,lead_cont_r11,block_or_occupancy,lead,block_cont,lead_cont,block_cont|v6|L5,lead_cont|v7|s6,0,0,0,1.0,0.346013,1.0
block_cont_r2,lead_cont_r12,block_or_occupancy,lead,block_cont,lead_cont,block_cont|v6|L5,lead_cont|v8|s7,0,0,0,2.0,0.152275,0.3325
block_cont_r2,lead_cont_r2,block_or_occupancy,lead,block_cont,lead_cont,block_cont|v6|L5,lead_cont|v6|s5,0,0,0,0.0,0.152112,0.3655
block_cont_r2,lead_cont_r3,block_or_occupancy,lead,block_cont,lead_cont,block_cont|v6|L5,lead_cont|v7|s5,0,0,0,1.0,0.350775,1.0
block_cont_r2,lead_cont_r4,block_or_occupancy,lead,block_cont,lead_cont,block_cont|v6|L5,lead_cont|v7|s6,0,0,0,1.0,0.395562,1.0
block_cont_r2,lead_cont_r5,block_or_occupancy,lead,block_cont,lead_cont,block_cont|v6|L5,lead_cont|v8|s6,0,0,0,2.0,0.105338,0.2261
block_cont_r2,lead_cont_r6,block_or_occupancy,lead,block_cont,lead_cont,block_cont|v6|L5,lead_cont|v8|s7,0,0,0,2.0,0.170838,0.3751
block_cont_r2,lead_cont_r7,block_or_occupancy,lead,block_cont,lead_cont,block_cont|v6|L5,lead_cont|v8|s7,0,0,0,2.0,0.152275,0.3325
block_cont_r2,lead_cont_r8,block_or_occupancy,lead,block_cont,lead_cont,block_cont|v6|L5,lead_cont|v9|s7,0,0,0,3.0,0.2493,1.0
block_cont_r2,lead_cont_r9,block_or_occupancy,lead,block_cont,lead_cont,block_cont|v6|L5,lead_cont|v9|s8,0,0,0,3.0,0.25325,1.0
block_cont_r2,lead_nec_r1,block_or_occupancy,lead,block_cont,lead_nec,block_cont|v6|L5,lead_nec|v6|s5,0,0,0,0.0,0.891825,1.0
block_cont_r2,lead_nec_r10,block_or_occupancy,lead,block_cont,lead_nec,block_cont|v6|L5,lead_nec|v9|s8,0,0,0,3.0,0.891825,1.0
block_cont_r2,lead_nec_r11,block_or_occupancy,lead,block_cont,lead_nec,block_cont|v6|L5,lead_nec|v7|s6,0,0,0,1.0,0.891825,1.0
block_cont_r2,lead_nec_r12,block_or_occupancy,lead,block_cont,lead_nec,block_cont|v6|L5,lead_nec|v8|s7,0,0,0,2.0,0.891825,1.0
block_cont_r2,lead_nec_r2,block_or_occupancy,lead,block_cont,lead_nec,block_cont|v6|L5,lead_nec|v6|s5,0,0,0,0.0,0.891825,1.0
block_cont_r2,lead_nec_r3,block_or_occupancy,lead,block_cont,lead_nec,block_cont|v6|L5,lead_nec|v7|s5,0,0,0,1.0,0.891825,1.0
block_cont_r2,lead_nec_r4,block_or_occupancy,lead,block_cont,lead_nec,block_cont|v6|L5,lead_nec|v7|s6,0,0,0,1.0,0.891825,1.0
block_cont_r2,lead_nec_r5,block_or_occupancy,lead,block_cont,lead_nec,block_cont|v6|L5,lead_nec|v8|s6,0,0,0,2.0,0.891825,1.0
block_cont_r2,lead_nec_r6,block_or_occupancy,lead,block_cont,lead_nec,block_cont|v6|L5,lead_nec|v8|s7,0,0,0,2.0,0.891825,1.0
block_cont_r2,lead_nec_r7,block_or_occupancy,lead,block_cont,lead_nec,block_cont|v6|L5,lead_nec|v8|s7,0,0,0,2.0,0.891825,1.0
block_cont_r2,lead_nec_r8,block_or_occupancy,lead,block_cont,lead_nec,block_cont|v6|L5,lead_nec|v9|s7,0,0,0,3.0,0.891825,1.0
block_cont_r2,lead_nec_r9,block_or_occupancy,lead,block_cont,lead_nec,block_cont|v6|L5,lead_nec|v9|s8,0,0,0,3.0,0.891825,1.0
block_cont_r2,lead_opt_r1,block_or_occupancy,lead,block_cont,lead_opt,block_cont|v6|L5,lead_opt|v6|s6,0,0,0,0.0,0.891825,1.0
block_cont_r2,lead_opt_r10,block_or_occupancy,lead,block_cont,lead_opt,block_cont|v6|L5,lead_opt|v8|s7,0,0,0,2.0,0.891825,1.0
block_cont_r2,lead_opt_r11,block_or_occupancy,lead,block_cont,lead_opt,block_cont|v6|L5,lead_opt|v6|s6,0,0,0,0.0,0.891825,1.0
block_cont_r2,lead_opt_r12,block_or_occupancy,lead,block_cont,lead_opt,block_cont|v6|L5,lead_opt|v7|s7,0,0,0,1.0,0.891825,1.0
block_cont_r2,lead_opt_r2,block_or_occupancy,lead,block_cont,lead_opt,block_cont|v6|L5,lead_opt|v6|s6,0,0,0,0.0,0.891825,1.0
block_cont_r2,lead_opt_r3,block_or_occupancy,lead,block_cont,lead_opt,block_cont|v6|L5,lead_opt|v7|s6,0,0,0,1.0,0.891825,1.0
block_cont_r2,lead_opt_r4,block_or_occupancy,lead,block_cont,lead_opt,block_cont|v6|L5,lead_opt|v7|s6,0,0,0,1.0,0.891825,1.0
block_cont_r2,lead_opt_r5,block_or_occupancy,lead,block_cont,lead_opt,block_cont|v6|L5,lead_opt|v8|s7,0,0,0,2.0,0.891825,1.0
block_cont_r2,lead_opt_r6,block_or_occupancy,lead,block_cont,lead_opt,block_cont|v6|L5,lead_opt|v8|s7,0,0,0,2.0,0.891825,1.0
block_cont_r2,lead_opt_r7,block_or_occupancy,lead,block_cont,lead_opt,block_cont|v6|L5,lead_opt|v9|s7,0,0,0,3.0,0.891825,1.0
block_cont_r2,lead_opt_r8,block_or_occupancy,lead,block_cont,lead_opt,block_cont|v6|L5,lead_opt|v9|s7,0,0,0,3.0,0.891825,1.0
block_cont_r2,lead_opt_r9,block_or_occupancy,lead,block_cont,lead_opt,block_cont|v6|L5,lead_opt|v7|s6,0,0,0,1.0,0.891825,1.0
block_cont_r2,temp_opt_r1,block_or_occupancy,block_or_occupancy,block_cont,temp_opt,block_cont|v6|L5,temp_opt|v6|o6,1,0,0,0.0,0.891825,1.0
block_cont_r2,temp_opt_r10,block_or_occupancy,block_or_occupancy,block_cont,temp_opt,block_cont|v6|L5,temp_opt|v6|o7,1,0,0,0.0,0.891825,1.0
block_cont_r2,temp_opt_r11,block_or_occupancy,block_or_occupancy,block_cont,temp_opt,block_cont|v6|L5,temp_opt|v7|o8,1,0,0,1.0,0.891825,1.0
block_cont_r2,temp_opt_r12,block_or_occupancy,block_or_occupancy,block_cont,temp_opt,block_cont|v6|L5,temp_opt|v8|o7,1,0,0,2.0,0.888562,1.0
block_cont_r2,temp_opt_r2,block_or_occupancy,block_or_occupancy,block_cont,temp_opt,block_cont|v6|L5,temp_opt|v6|o7,1,0,0,0.0,0.891825,1.0
block_cont_r2,temp_opt_r3,block_or_occupancy,block_or_occupancy,block_cont,temp_opt,block_cont|v6|L5,temp_opt|v6|o8,1,0,0,0.0,0.891825,1.0
block_cont_r2,temp_opt_r4,block_or_occupancy,block_or_occupancy,block_cont,temp_opt,block_cont|v6|L5,temp_opt|v7|o6,1,0,0,1.0,0.891825,1.0
block_cont_r2,temp_opt_r5,block_or_occupancy,block_or_occupancy,block_cont,temp_opt,block_cont|v6|L5,temp_opt|v7|o7,1,0,0,1.0,0.891825,1.0
block_cont_r2,temp_opt_r6,block_or_occupancy,block_or_occupancy,block_cont,temp_opt,block_cont|v6|L5,temp_opt|v7|o8,1,0,0,1.0,0.891825,1.0
block_cont_r2,temp_opt_r7,block_or_occupancy,block_or_occupancy,block_cont,temp_opt,block_cont|v6|L5,temp_opt|v8|o6,1,0,0,2.0,0.8665,1.0
block_cont_r2,temp_opt_r8,block_or_occupancy,block_or_occupancy,block_cont,temp_opt,block_cont|v6|L5,temp_opt|v8|o7,1,0,0,2.0,0.891825,1.0
block_cont_r2,temp_opt_r9,block_or_occupancy,block_or_occupancy,block_cont,temp_opt,block_cont|v6|L5,temp_opt|v8|o8,1,0,0,2.0,0.891825,1.0
block_cont_r3,block_cont_r4,block_or_occupancy,block_or_occupancy,block_cont,block_cont,block_cont|v7|L5,block_cont|v7|L6,1,1,0,0.0,0.02955,0.0689
block_cont_r3,block_cont_r5,block_or_occupancy,block_or_occupancy,block_cont,block_cont,block_cont|v7|L5,block_cont|v8|L6,1,1,0,1.0,0.378138,1.0
block_cont_r3,block_cont_r6,block_or_occupancy,block_or_occupancy,block_cont,block_cont,block_cont|v7|L5,block_cont|v8|L7,1,1,0,1.0,0.265225,1.0
block_cont_r3,block_cont_r7,block_or_occupancy,block_or_occupancy,block_cont,block_cont,block_cont|v7|L5,block_cont|v8|L7,1,1,0,1.0,0.284075,1.0
block_cont_r3,block_cont_r8,block_or_occupancy,block_or_occupancy,block_cont,block_cont,block_cont|v7|L5,block_cont|v9|L7,1,1,0,2.0,0.254663,1.0
block_cont_r3,block_cont_r9,block_or_occupancy,block_or_occupancy,block_cont,block_cont,block_cont|v7|L5,block_cont|v9|L8,1,1,0,2.0,0.15005,1.0
block_cont_r3,block_nec_r1,block_or_occupancy,block_or_occupancy,block_cont,block_nec,block_cont|v7|L5,block_nec|v6|L5,1,0,0,1.0,0.867275,1.0
block_cont_r3,block_nec_r10,block_or_occupancy,block_or_occupancy,block_cont,block_nec,block_cont|v7|L5,block_nec|v7|L6,1,0,0,0.0,0.889138,1.0
block_cont_r3,block_nec_r11,block_or_occupancy,block_or_occupancy,block_cont,block_nec,block_cont|v7|L5,block_nec|v8|L6,1,0,0,1.0,0.847063,1.0
block_cont_r3,block_nec_r12,block_or_occupancy,block_or_occupancy,block_cont,block_nec,block_cont|v7|L5,block_nec|v6|L6,1,0,0,1.0,0.889138,1.0
block_cont_r3,block_nec_r2,block_or_occupancy,block_or_occupancy,block_cont,block_nec,block_cont|v7|L5,block_nec|v6|L5,1,0,0,1.0,0.889138,1.0
block_cont_r3,block_nec_r3,block_or_occupancy,block_or_occupancy,block_cont,block_nec,block_cont|v7|L5,block_nec|v7|L5,1,0,0,0.0,0.853738,1.0
block_cont_r3,block_nec_r4,block_or_occupancy,block_or_occupancy,block_cont,block_nec,block_cont|v7|L5,block_nec|v7|L6,1,0,0,0.0,0.887012,1.0
block_cont_r3,block_nec_r5,block_or_occupancy,block_or_occupancy,block_cont,block_nec,block_cont|v7|L5,block_nec|v8|L6,1,0,0,1.0,0.879337,1.0
block_cont_r3,block_nec_r6,block_or_occupancy,block_or_occupancy,block_cont,block_nec,block_cont|v7|L5,block_nec|v8|L7,1,0,0,1.0,0.877963,1.0
block_cont_r3,block_nec_r7,block_or_occupancy,block_or_occupancy,block_cont,block_nec,block_cont|v7|L5,block_nec|v8|L7,1,0,0,1.0,0.889138,1.0
block_cont_r3,block_nec_r8,block_or_occupancy,block_or_occupancy,block_cont,block_nec,block_cont|v7|L5,block_nec|v9|L7,1,0,0,2.0,0.896975,1.0
block_cont_r3,block_nec_r9,block_or_occupancy,block_or_occupancy,block_cont,block_nec,block_cont|v7|L5,block_nec|v9|L8,1,0,0,2.0,0.8729,1.0
block_cont_r3,cross_clear_r1,block_or_occupancy,cross,block_cont,cross_clear,block_cont|v7|L5,cross_clear|v6|d5,0,0,0,1.0,0.861687,1.0
block_cont_r3,cross_clear_r10,block_or_occupancy,cross,block_cont,cross_clear,block_cont|v7|L5,cross_clear|v8|d6,0,0,0,1.0,0.510312,1.0
block_cont_r3,cross_clear_r11,block_or_occupancy,cross,block_cont,cross_clear,block_cont|v7|L5,cross_clear|v8|d7,0,0,0,1.0,0.863363,1.0
block_cont_r3,cross_clear_r12,block_or_occupancy,cross,block_cont,cross_clear,block_cont|v7|L5,cross_clear|v8|d8,0,0,0,1.0,0.588337,1.0
block_cont_r3,cross_clear_r2,block_or_occupancy,cross,block_cont,cross_clear,block_cont|v7|L5,cross_clear|v6|d6,0,0,0,1.0,0.795462,1.0
block_cont_r3,cross_clear_r3,block_or_occupancy,cross,block_cont,cross_clear,block_cont|v7|L5,cross_clear|v6|d7,0,0,0,1.0,0.888012,1.0
block_cont_r3,cross_clear_r4,block_or_occupancy,cross,block_cont,cross_clear,block_cont|v7|L5,cross_clear|v6|d8,0,0,0,1.0,0.8012,1.0
block_cont_r3,cross_clear_r5,block_or_occupancy,cross,block_cont,cross_clear,block_cont|v7|L5,cross_clear|v7|d5,0,0,0,0.0,0.801137,1.0
block_cont_r3,cross_clear_r6,block_or_occupancy,cross,block_cont,cross_clear,block_cont|v7|L5,cross_clear|v7|d6,0,0,0,0.0,0.6062,1.0
block_cont_r3,cross_clear_r7,block_or_occupancy,cross,block_cont,cross_clear,block_cont|v7|L5,cross_clear|v7|d7,0,0,0,0.0,0.862925,1.0
block_cont_r3,cross_clear_r8,block_or_occupancy,cross,block_cont,cross_clear,block_cont|v7|L5,cross_clear|v7|d8,0,0,0,0.0,0.740663,1.0
block_cont_r3,cross_clear_r9,block_or_occupancy,cross,block_cont,cross_clear,block_cont|v7|L5,cross_clear|v8|d5,0,0,0,1.0,0.55405,0.8483
block_cont_r3,cross_stall_occ_r1,block_or_occupancy,cross,block_cont,cross_stall_occ,block_cont|v7|L5,cross_stall_occ|v6|d6,0,0,0,1.0,0.322575,1.0
block_cont_r3,cross_stall_occ_r10,block_or_occupancy,cross,block_cont,cross_stall_occ,block_cont|v7|L5,cross_stall_occ|v7|d7,0,0,0,0.0,0.079,0.1837
block_cont_r3,cross_stall_occ_r11,block_or_occupancy,cross,block_cont,cross_stall_occ,block_cont|v7|L5,cross_stall_occ|v8|d7,0,0,0,1.0,0.284075,1.0
block_cont_r3,cross_stall_occ_r12,block_or_occupancy,cross,block_cont,cross_stall_occ,block_cont|v7|L5,cross_stall_occ|v8|d8,0,0,0,1.0,0.312013,1.0
block_cont_r3,cross_stall_occ_r2,block_or_occupancy,cross,block_cont,cross_stall_occ,block_cont|v7|L5,cross_stall_occ|v6|d7,0,0,0,1.0,0.354087,1.0
block_cont_r3,cross_stall_occ_r3,block_or_occupancy,cross,block_cont,cross_stall_occ,block_cont|v7|L5,cross_stall_occ|v7|d7,0,0,0,0.0,0.056675,0.1306
block_cont_r3,cross_stall_occ_r4,block_or_occupancy,cross,block_cont,cross_stall_occ,block_cont|v7|L5,cross_stall_occ|v7|d7,0,0,0,0.0,0.099,0.2296
block_cont_r3,cross_stall_occ_r5,block_or_occupancy,cross,block_cont,cross_stall_occ,block_cont|v7|L5,cross_stall_occ|v8|d7,0,0,0,1.0,0.312163,1.0
block_cont_r3,cross_stall_occ_r6,block_or_occupancy,cross,block_cont,cross_stall_occ,block_cont|v7|L5,cross_stall_occ|v8|d8,0,0,0,1.0,0.312238,1.0
block_cont_r3,cross_stall_occ_r7,block_or_occupancy,cross,block_cont,cross_stall_occ,block_cont|v7|L5,cross_stall_occ|v6|d6,0,0,0,1.0,0.314375,1.0
block_cont_r3,cross_stall_occ_r8,block_or_occupancy,cross,block_cont,cross_stall_occ,block_cont|v7|L5,cross_stall_occ|v6|d7,0,0,0,1.0,0.346225,1.0
block_cont_r3,cross_stall_occ_r9,block_or_occupancy,cross,block_cont,cross_stall_occ,block_cont|v7|L5,cross_stall_occ|v7|d7,0,0,0,0.0,0.049288,0.1141
block_cont_r3,cross_stall_r1,block_or_occupancy,cross,block_cont,cross_stall,block_cont|v7|L5,cross_stall|v6|d6,0,0,0,1.0,0.889138,1.0
block_cont_r3,cross_stall_r10,block_or_occupancy,cross,block_cont,cross_stall,block_cont|v7|L5,cross_stall|v7|d7,0,0,0,0.0,0.889138,1.0
block_cont_r3,cross_stall_r11,block_or_occupancy,cross,block_cont,cross_stall,block_cont|v7|L5,cross_stall|v8|d7,0,0,0,1.0,0.885875,1.0
block_cont_r3,cross_stall_r12,block_or_occupancy,cross,block_cont,cross_stall,block_cont|v7|L5,cross_stall|v8|d8,0,0,0,1.0,0.889138,1.0
block_cont_r3,cross_stall_r2,block_or_occupancy,cross,block_cont,cross_stall,block_cont|v7|L5,cross_stall|v6|d6,0,0,0,1.0,0.889138,1.0
block_cont_r3,cross_stall_r3,block_or_occupancy,cross,block_cont,cross_stall,block_cont|v7|L5,cross_stall|v7|d6,0,0,0,0.0,0.884212,1.0
block_cont_r3,cross_stall_r4,block_or_occupancy,cross,block_cont,cross_stall,block_cont|v7|L5,cross_stall|v7|d7,0,0,0,0.0,0.889138,1.0
block_cont_r3,cross_stall_r5,block_or_occupancy,cross,block_cont,cross_stall,block_cont|v7|L5,cross_stall|v8|d7,0,0,0,1.0,0.854237,1.0
block_cont_r3,cross_stall_r6,block_or_occupancy,cross,block_cont,cross_stall,block_cont|v7|L5,cross_stall|v8|d8,0,0,0,1.0,0.889138,1.0
block_cont_r3,cross_stall_r7,block_or_occupancy,cross,block_cont,cross_stall,block_cont|v7|L5,cross_stall|v6|d6,0,0,0,1.0,0.889138,1.0
block_cont_r3,cross_stall_r8,block_or_occupancy,cross,block_cont,cross_stall,block_cont|v7|L5,cross_stall|v6|d6,0,0,0,1.0,0.889138,1.0
block_cont_r3,cross_stall_r9,block_or_occupancy,cross,block_cont,cross_stall,block_cont|v7|L5,cross_stall|v7|d6,0,0,0,0.0,0.889138,1.0
block_cont_r3,lead_cont_r1,block_or_occupancy,lead,block_cont,lead_cont,block_cont|v7|L5,lead_cont|v6|s5,0,0,0,1.0,0.351562,1.0
block_cont_r3,lead_cont_r10,block_or_occupancy,lead,block_cont,lead_cont,block_cont|v7|L5,lead_cont|v9|s8,0,0,0,2.0,0.27215,1.0
block_cont_r3,lead_cont_r11,block_or_occupancy,lead,block_cont,lead_cont,block_cont|v7|L5,lead_cont|v7|s6,0,0,0,0.0,0.118587,0.2755
block_cont_r3,lead_cont_r12,block_or_occupancy,lead,block_cont,lead_cont,block_cont|v7|L5,lead_cont|v8|s7,0,0,0,1.0,0.42485,1.0
block_cont_r3,lead_cont_r2,block_or_occupancy,lead,block_cont,lead_cont,block_cont|v7|L5,lead_cont|v6|s5,0,0,0,1.0,0.424687,1.0
block_cont_r3,lead_cont_r3,block_or_occupancy,lead,block_cont,lead_cont,block_cont|v7|L5,lead_cont|v7|s5,0,0,0,0.0,0.12335,0.2855
block_cont_r3,lead_cont_r4,block_or_occupancy,lead,block_cont,lead_cont,block_cont|v7|L5,lead_cont|v7|s6,0,0,0,0.0,0.168137,0.3903
block_cont_r3,lead_cont_r5,block_or_occupancy,lead,block_cont,lead_cont,block_cont|v7|L5,lead_cont|v8|s6,0,0,0,1.0,0.377912,1.0
block_cont_r3,lead_cont_r6,block_or_occupancy,lead,block_cont,lead_cont,block_cont|v7|L5,lead_cont|v8|s7,0,0,0,1.0,0.443412,1.0
block_cont_r3,lead_cont_r7,block_or_occupancy,lead,block_cont,lead_cont,block_cont|v7|L5,lead_cont|v8|s7,0,0,0,1.0,0.42485,1.0
block_cont_r3,lead_cont_r8,block_or_occupancy,lead,block_cont,lead_cont,block_cont|v7|L5,lead_cont|v9|s7,0,0,0,2.0,0.27215,1.0
block_cont_r3,lead_cont_r9,block_or_occupancy,lead,block_cont,lead_cont,block_cont|v7|L5,lead_cont|v9|s8,0,0,0,2.0,0.2761,1.0
block_cont_r3,lead_nec_r1,block_or_occupancy,lead,block_cont,lead_nec,block_cont|v7|L5,lead_nec|v6|s5,0,0,0,1.0,0.889138,1.0
block_cont_r3,lead_nec_r10,block_or_occupancy,lead,block_cont,lead_nec,block_cont|v7|L5,lead_nec|v9|s8,0,0,0,2.0,0.889138,1.0
block_cont_r3,lead_nec_r11,block_or_occupancy,lead,block_cont,lead_nec,block_cont|v7|L5,lead_nec|v7|s6,0,0,0,0.0,0.889138,1.0
block_cont_r3,lead_nec_r12,block_or_occupancy,lead,block_cont,lead_nec,block_cont|v7|L5,lead_nec|v8|s7,0,0,0,1.0,0.889138,1.0
block_cont_r3,lead_nec_r2,block_or_occupancy,lead,block_cont,lead_nec,block_cont|v7|L5,lead_nec|v6|s5,0,0,0,1.0,0.889138,1.0
block_cont_r3,lead_nec_r3,block_or_occupancy,lead,block_cont,lead_nec,block_cont|v7|L5,lead_nec|v7|s5,0,0,0,0.0,0.889138,1.0
block_cont_r3,lead_nec_r4,block_or_occupancy,lead,block_cont,lead_nec,block_cont|v7|L5,lead_nec|v7|s6,0,0,0,0.0,0.889138,1.0
block_cont_r3,lead_nec_r5,block_or_occupancy,lead,block_cont,lead_nec,block_cont|v7|L5,lead_nec|v8|s6,0,0,0,1.0,0.889138,1.0
block_cont_r3,lead_nec_r6,block_or_occupancy,lead,block_cont,lead_nec,block_cont|v7|L5,lead_nec|v8|s7,0,0,0,1.0,0.889138,1.0
block_cont_r3,lead_nec_r7,block_or_occupancy,lead,block_cont,lead_nec,block_cont|v7|L5,lead_nec|v8|s7,0,0,0,1.0,0.889138,1.0
block_cont_r3,lead_nec_r8,block_or_occupancy,lead,block_cont,lead_nec,block_cont|v7|L5,lead_nec|v9|s7,0,0,0,2.0,0.889138,1.0
block_cont_r3,lead_nec_r9,block_or_occupancy,lead,block_cont,lead_nec,block_cont|v7|L5,lead_nec|v9|s8,0,0,0,2.0,0.889138,1.0
block_cont_r3,lead_opt_r1,block_or_occupancy,lead,block_cont,lead_opt,block_cont|v7|L5,lead_opt|v6|s6,0,0,0,1.0,0.889138,1.0
block_cont_r3,lead_opt_r10,block_or_occupancy,lead,block_cont,lead_opt,block_cont|v7|L5,lead_opt|v8|s7,0,0,0,1.0,0.889138,1.0
block_cont_r3,lead_opt_r11,block_or_occupancy,lead,block_cont,lead_opt,block_cont|v7|L5,lead_opt|v6|s6,0,0,0,1.0,0.889138,1.0
block_cont_r3,lead_opt_r12,block_or_occupancy,lead,block_cont,lead_opt,block_cont|v7|L5,lead_opt|v7|s7,0,0,0,0.0,0.889138,1.0
block_cont_r3,lead_opt_r2,block_or_occupancy,lead,block_cont,lead_opt,block_cont|v7|L5,lead_opt|v6|s6,0,0,0,1.0,0.889138,1.0
block_cont_r3,lead_opt_r3,block_or_occupancy,lead,block_cont,lead_opt,block_cont|v7|L5,lead_opt|v7|s6,0,0,0,0.0,0.889138,1.0
block_cont_r3,lead_opt_r4,block_or_occupancy,lead,block_cont,lead_opt,block_cont|v7|L5,lead_opt|v7|s6,0,0,0,0.0,0.889138,1.0
block_cont_r3,lead_opt_r5,block_or_occupancy,lead,block_cont,lead_opt,block_cont|v7|L5,lead_opt|v8|s7,0,0,0,1.0,0.889138,1.0
block_cont_r3,lead_opt_r6,block_or_occupancy,lead,block_cont,lead_opt,block_cont|v7|L5,lead_opt|v8|s7,0,0,0,1.0,0.889138,1.0
block_cont_r3,lead_opt_r7,block_or_occupancy,lead,block_cont,lead_opt,block_cont|v7|L5,lead_opt|v9|s7,0,0,0,2.0,0.889138,1.0
block_cont_r3,lead_opt_r8,block_or_occupancy,lead,block_cont,lead_opt,block_cont|v7|L5,lead_opt|v9|s7,0,0,0,2.0,0.889138,1.0
block_cont_r3,lead_opt_r9,block_or_occupancy,lead,block_cont,lead_opt,block_cont|v7|L5,lead_opt|v7|s6,0,0,0,0.0,0.889138,1.0
block_cont_r3,temp_opt_r1,block_or_occupancy,block_or_occupancy,block_cont,temp_opt,block_cont|v7|L5,temp_opt|v6|o6,1,0,0,1.0,0.889138,1.0
block_cont_r3,temp_opt_r10,block_or_occupancy,block_or_occupancy,block_cont,temp_opt,block_cont|v7|L5,temp_opt|v6|o7,1,0,0,1.0,0.889138,1.0
block_cont_r3,temp_opt_r11,block_or_occupancy,block_or_occupancy,block_cont,temp_opt,block_cont|v7|L5,temp_opt|v7|o8,1,0,0,0.0,0.889138,1.0
block_cont_r3,temp_opt_r12,block_or_occupancy,block_or_occupancy,block_cont,temp_opt,block_cont|v7|L5,temp_opt|v8|o7,1,0,0,1.0,0.885875,1.0
block_cont_r3,temp_opt_r2,block_or_occupancy,block_or_occupancy,block_cont,temp_opt,block_cont|v7|L5,temp_opt|v6|o7,1,0,0,1.0,0.889138,1.0
block_cont_r3,temp_opt_r3,block_or_occupancy,block_or_occupancy,block_cont,temp_opt,block_cont|v7|L5,temp_opt|v6|o8,1,0,0,1.0,0.889138,1.0
block_cont_r3,temp_opt_r4,block_or_occupancy,block_or_occupancy,block_cont,temp_opt,block_cont|v7|L5,temp_opt|v7|o6,1,0,0,0.0,0.889138,1.0
block_cont_r3,temp_opt_r5,block_or_occupancy,block_or_occupancy,block_cont,temp_opt,block_cont|v7|L5,temp_opt|v7|o7,1,0,0,0.0,0.889138,1.0
block_cont_r3,temp_opt_r6,block_or_occupancy,block_or_occupancy,block_cont,temp_opt,block_cont|v7|L5,temp_opt|v7|o8,1,0,0,0.0,0.889138,1.0
block_cont_r3,temp_opt_r7,block_or_occupancy,block_or_occupancy,block_cont,temp_opt,block_cont|v7|L5,temp_opt|v8|o6,1,0,0,1.0,0.863812,1.0
block_cont_r3,temp_opt_r8,block_or_occupancy,block_or_occupancy,block_cont,temp_opt,block_cont|v7|L5,temp_opt|v8|o7,1,0,0,1.0,0.889138,1.0
block_cont_r3,temp_opt_r9,block_or_occupancy,block_or_occupancy,block_cont,temp_opt,block_cont|v7|L5,temp_opt|v8|o8,1,0,0,1.0,0.889138,1.0
block_cont_r4,block_cont_r5,block_or_occupancy,block_or_occupancy,block_cont,block_cont,block_cont|v7|L6,block_cont|v8|L6,1,1,0,1.0,0.40105,1.0
block_cont_r4,block_cont_r6,block_or_occupancy,block_or_occupancy,block_cont,block_cont,block_cont|v7|L6,block_cont|v8|L7,1,1,0,1.0,0.264325,1.0
block_cont_r4,block_cont_r7,block_or_occupancy,block_or_occupancy,block_cont,block_cont,block_cont|v7|L6,block_cont|v8|L7,1,1,0,1.0,0.254525,1.0
block_cont_r4,block_cont_r8,block_or_occupancy,block_or_occupancy,block_cont,block_cont,block_cont|v7|L6,block_cont|v9|L7,1,1,0,2.0,0.2688,1.0
block_cont_r4,block_cont_r9,block_or_occupancy,block_or_occupancy,block_cont,block_cont,block_cont|v7|L6,block_cont|v9|L8,1,1,0,2.0,0.13005,1.0
block_cont_r4,block_nec_r1,block_or_occupancy,block_or_occupancy,block_cont,block_nec,block_cont|v7|L6,block_nec|v6|L5,1,0,0,1.0,0.837725,1.0
block_cont_r4,block_nec_r10,block_or_occupancy,block_or_occupancy,block_cont,block_nec,block_cont|v7|L6,block_nec|v7|L6,1,0,0,0.0,0.859587,1.0
block_cont_r4,block_nec_r11,block_or_occupancy,block_or_occupancy,block_cont,block_nec,block_cont|v7|L6,block_nec|v8|L6,1,0,0,1.0,0.82415,1.0
block_cont_r4,block_nec_r12,block_or_occupancy,block_or_occupancy,block_cont,block_nec,block_cont|v7|L6,block_nec|v6|L6,1,0,0,1.0,0.859587,1.0
block_cont_r4,block_nec_r2,block_or_occupancy,block_or_occupancy,block_cont,block_nec,block_cont|v7|L6,block_nec|v6|L5,1,0,0,1.0,0.859587,1.0
block_cont_r4,block_nec_r3,block_or_occupancy,block_or_occupancy,block_cont,block_nec,block_cont|v7|L6,block_nec|v7|L5,1,0,0,0.0,0.824188,1.0
block_cont_r4,block_nec_r4,block_or_occupancy,block_or_occupancy,block_cont,block_nec,block_cont|v7|L6,block_nec|v7|L6,1,0,0,0.0,0.857463,1.0
block_cont_r4,block_nec_r5,block_or_occupancy,block_or_occupancy,block_cont,block_nec,block_cont|v7|L6,block_nec|v8|L6,1,0,0,1.0,0.856425,1.0
block_cont_r4,block_nec_r6,block_or_occupancy,block_or_occupancy,block_cont,block_nec,block_cont|v7|L6,block_nec|v8|L7,1,0,0,1.0,0.848413,1.0
block_cont_r4,block_nec_r7,block_or_occupancy,block_or_occupancy,block_cont,block_nec,block_cont|v7|L6,block_nec|v8|L7,1,0,0,1.0,0.859587,1.0
block_cont_r4,block_nec_r8,block_or_occupancy,block_or_occupancy,block_cont,block_nec,block_cont|v7|L6,block_nec|v9|L7,1,0,0,2.0,0.874063,1.0
block_cont_r4,block_nec_r9,block_or_occupancy,block_or_occupancy,block_cont,block_nec,block_cont|v7|L6,block_nec|v9|L8,1,0,0,2.0,0.84335,1.0
block_cont_r4,cross_clear_r1,block_or_occupancy,cross,block_cont,cross_clear,block_cont|v7|L6,cross_clear|v6|d5,0,0,0,1.0,0.832137,1.0
block_cont_r4,cross_clear_r10,block_or_occupancy,cross,block_cont,cross_clear,block_cont|v7|L6,cross_clear|v8|d6,0,0,0,1.0,0.4874,1.0
block_cont_r4,cross_clear_r11,block_or_occupancy,cross,block_cont,cross_clear,block_cont|v7|L6,cross_clear|v8|d7,0,0,0,1.0,0.833812,1.0
block_cont_r4,cross_clear_r12,block_or_occupancy,cross,block_cont,cross_clear,block_cont|v7|L6,cross_clear|v8|d8,0,0,0,1.0,0.558787,1.0
block_cont_r4,cross_clear_r2,block_or_occupancy,cross,block_cont,cross_clear,block_cont|v7|L6,cross_clear|v6|d6,0,0,0,1.0,0.765912,1.0
block_cont_r4,cross_clear_r3,block_or_occupancy,cross,block_cont,cross_clear,block_cont|v7|L6,cross_clear|v6|d7,0,0,0,1.0,0.858462,1.0
block_cont_r4,cross_clear_r4,block_or_occupancy,cross,block_cont,cross_clear,block_cont|v7|L6,cross_clear|v6|d8,0,0,0,1.0,0.77165,1.0
block_cont_r4,cross_clear_r5,block_or_occupancy,cross,block_cont,cross_clear,block_cont|v7|L6,cross_clear|v7|d5,0,0,0,0.0,0.771587,1.0
block_cont_r4,cross_clear_r6,block_or_occupancy,cross,block_cont,cross_clear,block_cont|v7|L6,cross_clear|v7|d6,0,0,0,0.0,0.57665,1.0
block_cont_r4,cross_clear_r7,block_or_occupancy,cross,block_cont,cross_clear,block_cont|v7|L6,cross_clear|v7|d7,0,0,0,0.0,0.833375,1.0
block_cont_r4,cross_clear_r8,block_or_occupancy,cross,block_cont,cross_clear,block_cont|v7|L6,cross_clear|v7|d8,0,0,0,0.0,0.711113,1.0
block_cont_r4,cross_clear_r9,block_or_occupancy,cross,block_cont,cross_clear,block_cont|v7|L6,cross_clear|v8|d5,0,0,0,1.0,0.5245,0.7952
block_cont_r4,cross_stall_occ_r1,block_or_occupancy,cross,block_cont,cross_stall_occ,block_cont|v7|L6,cross_stall_occ|v6|d6,0,0,0,1.0,0.293025,1.0
block_cont_r4,cross_stall_occ_r10,block_or_occupancy,cross,block_cont,cross_stall_occ,block_cont|v7|L6,cross_stall_occ|v7|d7,0,0,0,0.0,0.04945,0.1148
block_cont_r4,cross_stall_occ_r11,block_or_occupancy,cross,block_cont,cross_stall_occ,block_cont|v7|L6,cross_stall_occ|v8|d7,0,0,0,1.0,0.254525,1.0
block_cont_r4,cross_stall_occ_r12,block_or_occupancy,cross,block_cont,cross_stall_occ,block_cont|v7|L6,cross_stall_occ|v8|d8,0,0,0,1.0,0.282463,1.0
block_cont_r4,cross_stall_occ_r2,block_or_occupancy,cross,block_cont,cross_stall_occ,block_cont|v7|L6,cross_stall_occ|v6|d7,0,0,0,1.0,0.324538,1.0
block_cont_r4,cross_stall_occ_r3,block_or_occupancy,cross,block_cont,cross_stall_occ,block_cont|v7|L6,cross_stall_occ|v7|d7,0,0,0,0.0,0.027125,0.0617
block_cont_r4,cross_stall_occ_r4,block_or_occupancy,cross,block_cont,cross_stall_occ,block_cont|v7|L6,cross_stall_occ|v7|d7,0,0,0,0.0,0.06945,0.1607
block_cont_r4,cross_stall_occ_r5,block_or_occupancy,cross,block_cont,cross_stall_occ,block_cont|v7|L6,cross_stall_occ|v8|d7,0,0,0,1.0,0.282612,1.0
block_cont_r4,cross_stall_occ_r6,block_or_occupancy,cross,block_cont,cross_stall_occ,block_cont|v7|L6,cross_stall_occ|v8|d8,0,0,0,1.0,0.282687,1.0
block_cont_r4,cross_stall_occ_r7,block_or_occupancy,cross,block_cont,cross_stall_occ,block_cont|v7|L6,cross_stall_occ|v6|d6,0,0,0,1.0,0.284825,1.0
block_cont_r4,cross_stall_occ_r8,block_or_occupancy,cross,block_cont,cross_stall_occ,block_cont|v7|L6,cross_stall_occ|v6|d7,0,0,0,1.0,0.316675,1.0
block_cont_r4,cross_stall_occ_r9,block_or_occupancy,cross,block_cont,cross_stall_occ,block_cont|v7|L6,cross_stall_occ|v7|d7,0,0,0,0.0,0.019738,0.0452
block_cont_r4,cross_stall_r1,block_or_occupancy,cross,block_cont,cross_stall,block_cont|v7|L6,cross_stall|v6|d6,0,0,0,1.0,0.859587,1.0
block_cont_r4,cross_stall_r10,block_or_occupancy,cross,block_cont,cross_stall,block_cont|v7|L6,cross_stall|v7|d7,0,0,0,0.0,0.859587,1.0
block_cont_r4,cross_stall_r11,block_or_occupancy,cross,block_cont,cross_stall,block_cont|v7|L6,cross_stall|v8|d7,0,0,0,1.0,0.856325,1.0
block_cont_r4,cross_stall_r12,block_or_occupancy,cross,block_cont,cross_stall,block_cont|v7|L6,cross_stall|v8|d8,0,0,0,1.0,0.859587,1.0
block_cont_r4,cross_stall_r2,block_or_occupancy,cross,block_cont,cross_stall,block_cont|v7|L6,cross_stall|v6|d6,0,0,0,1.0,0.859587,1.0
block_cont_r4,cross_stall_r3,block_or_occupancy,cross,block_cont,cross_stall,block_cont|v7|L6,cross_stall|v7|d6,0,0,0,0.0,0.854662,1.0
block_cont_r4,cross_stall_r4,block_or_occupancy,cross,block_cont,cross_stall,block_cont|v7|L6,cross_stall|v7|d7,0,0,0,0.0,0.859587,1.0
block_cont_r4,cross_stall_r5,block_or_occupancy,cross,block_cont,cross_stall,block_cont|v7|L6,cross_stall|v8|d7,0,0,0,1.0,0.824688,1.0
block_cont_r4,cross_stall_r6,block_or_occupancy,cross,block_cont,cross_stall,block_cont|v7|L6,cross_stall|v8|d8,0,0,0,1.0,0.859587,1.0
block_cont_r4,cross_stall_r7,block_or_occupancy,cross,block_cont,cross_stall,block_cont|v7|L6,cross_stall|v6|d6,0,0,0,1.0,0.859587,1.0
block_cont_r4,cross_stall_r8,block_or_occupancy,cross,block_cont,cross_stall,block_cont|v7|L6,cross_stall|v6|d6,0,0,0,1.0,0.859587,1.0
block_cont_r4,cross_stall_r9,block_or_occupancy,cross,block_cont,cross_stall,block_cont|v7|L6,cross_stall|v7|d6,0,0,0,0.0,0.859587,1.0
block_cont_r4,lead_cont_r1,block_or_occupancy,lead,block_cont,lead_cont,block_cont|v7|L6,lead_cont|v6|s5,0,0,0,1.0,0.322013,1.0
block_cont_r4,lead_cont_r10,block_or_occupancy,lead,block_cont,lead_cont,block_cont|v7|L6,lead_cont|v9|s8,0,0,0,2.0,0.2426,1.0
block_cont_r4,lead_cont_r11,block_or_occupancy,lead,block_cont,lead_cont,block_cont|v7|L6,lead_cont|v7|s6,0,0,0,0.0,0.089037,0.2066
block_cont_r4,lead_cont_r12,block_or_occupancy,lead,block_cont,lead_cont,block_cont|v7|L6,lead_cont|v8|s7,0,0,0,1.0,0.3953,1.0
block_cont_r4,lead_cont_r2,block_or_occupancy,lead,block_cont,lead_cont,block_cont|v7|L6,lead_cont|v6|s5,0,0,0,1.0,0.395137,1.0
block_cont_r4,lead_cont_r3,block_or_occupancy,lead,block_cont,lead_cont,block_cont|v7|L6,lead_cont|v7|s5,0,0,0,0.0,0.0938,0.2166
block_cont_r4,lead_cont_r4,block_or_occupancy,lead,block_cont,lead_cont,block_cont|v7|L6,lead_cont|v7|s6,0,0,0,0.0,0.138588,0.3214
block_cont_r4,lead_cont_r5,block_or_occupancy,lead,block_cont,lead_cont,block_cont|v7|L6,lead_cont|v8|s6,0,0,0,1.0,0.348363,1.0
block_cont_r4,lead_cont_r6,block_or_occupancy,lead,block_cont,lead_cont,block_cont|v7|L6,lead_cont|v8|s7,0,0,0,1.0,0.413863,1.0
block_cont_r4,lead_cont_r7,block_or_occupancy,lead,block_cont,lead_cont,block_cont|v7|L6,lead_cont|v8|s7,0,0,0,1.0,0.3953,1.0
block_cont_r4,lead_cont_r8,block_or_occupancy,lead,block_cont,lead_cont,block_cont|v7|L6,lead_cont|v9|s7,0,0,0,2.0,0.2426,1.0
block_cont_r4,lead_cont_r9,block_or_occupancy,lead,block_cont,lead_cont,block_cont|v7|L6,lead_cont|v9|s8,0,0,0,2.0,0.24655,1.0
block_cont_r4,lead_nec_r1,block_or_occupancy,lead,block_cont,lead_nec,block_cont|v7|L6,lead_nec|v6|s5,0,0,0,1.0,0.859587,1.0
block_cont_r4,lead_nec_r10,block_or_occupancy,lead,block_cont,lead_nec,block_cont|v7|L6,lead_nec|v9|s8,0,0,0,2.0,0.859587,1.0
block_cont_r4,lead_nec_r11,block_or_occupancy,lead,block_cont,lead_nec,block_cont|v7|L6,lead_nec|v7|s6,0,0,0,0.0,0.859587,1.0
block_cont_r4,lead_nec_r12,block_or_occupancy,lead,block_cont,lead_nec,block_cont|v7|L6,lead_nec|v8|s7,0,0,0,1.0,0.859587,1.0
block_cont_r4,lead_nec_r2,block_or_occupancy,lead,block_cont,lead_nec,block_cont|v7|L6,lead_nec|v6|s5,0,0,0,1.0,0.859587,1.0
block_cont_r4,lead_nec_r3,block_or_occupancy,lead,block_cont,lead_nec,block_cont|v7|L6,lead_nec|v7|s5,0,0,0,0.0,0.859587,1.0
block_cont_r4,lead_nec_r4,block_or_occupancy,lead,block_cont,lead_nec,block_cont|v7|L6,lead_nec|v7|s6,0,0,0,0.0,0.859587,1.0
block_cont_r4,lead_nec_r5,block_or_occupancy,lead,block_cont,lead_nec,block_cont|v7|L6,lead_nec|v8|s6,0,0,0,1.0,0.859587,1.0
block_cont_r4,lead_nec_r6,block_or_occupancy,lead,block_cont,lead_nec,block_cont|v7|L6,lead_nec|v8|s7,0,0,0,1.0,0.859587,1.0
block_cont_r4,lead_nec_r7,block_or_occupancy,lead,block_cont,lead_nec,block_cont|v7|L6,lead_nec|v8|s7,0,0,0,1.0,0.859587,1.0
block_cont_r4,lead_nec_r8,block_or_occupancy,lead,block_cont,lead_nec,block_cont|v7|L6,lead_nec|v9|s7,0,0,0,2.0,0.859587,1.0
block_cont_r4,lead_nec_r9,block_or_occupancy,lead,block_cont,lead_nec,block_cont|v7|L6,lead_nec|v9|s8,0,0,0,2.0,0.859587,1.0
block_cont_r4,lead_opt_r1,block_or_occupancy,lead,block_cont,lead_opt,block_cont|v7|L6,lead_opt|v6|s6,0,0,0,1.0,0.859587,1.0
block_cont_r4,lead_opt_r10,block_or_occupancy,lead,block_cont,lead_opt,block_cont|v7|L6,lead_opt|v8|s7,0,0,0,1.0,0.859587,1.0
block_cont_r4,lead_opt_r11,block_or_occupancy,lead,block_cont,lead_opt,block_cont|v7|L6,lead_opt|v6|s6,0,0,0,1.0,0.859587,1.0
block_cont_r4,lead_opt_r12,block_or_occupancy,lead,block_cont,lead_opt,block_cont|v7|L6,lead_opt|v7|s7,0,0,0,0.0,0.859587,1.0
block_cont_r4,lead_opt_r2,block_or_occupancy,lead,block_cont,lead_opt,block_cont|v7|L6,lead_opt|v6|s6,0,0,0,1.0,0.859587,1.0
block_cont_r4,lead_opt_r3,block_or_occupancy,lead,block_cont,lead_opt,block_cont|v7|L6,lead_opt|v7|s6,0,0,0,0.0,0.859587,1.0
block_cont_r4,lead_opt_r4,block_or_occupancy,lead,block_cont,lead_opt,block_cont|v7|L6,lead_opt|v7|s6,0,0,0,0.0,0.859587,1.0
block_cont_r4,lead_opt_r5,block_or_occupancy,lead,block_cont,lead_opt,block_cont|v7|L6,lead_opt|v8|s7,0,0,0,1.0,0.859587,1.0
block_cont_r4,lead_opt_r6,block_or_occupancy,lead,block_cont,lead_opt,block_cont|v7|L6,lead_opt|v8|s7,0,0,0,1.0,0.859587,1.0
block_cont_r4,lead_opt_r7,block_or_occupancy,lead,block_cont,lead_opt,block_cont|v7|L6,lead_opt|v9|s7,0,0,0,2.0,0.859587,1.0
block_cont_r4,lead_opt_r8,block_or_occupancy,lead,block_cont,lead_opt,block_cont|v7|L6,lead_opt|v9|s7,0,0,0,2.0,0.859587,1.0
block_cont_r4,lead_opt_r9,block_or_occupancy,lead,block_cont,lead_opt,block_cont|v7|L6,lead_opt|v7|s6,0,0,0,0.0,0.859587,1.0
block_cont_r4,temp_opt_r1,block_or_occupancy,block_or_occupancy,block_cont,temp_opt,block_cont|v7|L6,temp_opt|v6|o6,1,0,0,1.0,0.859587,1.0
block_cont_r4,temp_opt_r10,block_or_occupancy,block_or_occupancy,block_cont,temp_opt,block_cont|v7|L6,temp_opt|v6|o7,1,0,0,1.0,0.859587,1.0
block_cont_r4,temp_opt_r11,block_or_occupancy,block_or_occupancy,block_cont,temp_opt,block_cont|v7|L6,temp_opt|v7|o8,1,0,0,0.0,0.859587,1.0
block_cont_r4,temp_opt_r12,block_or_occupancy,block_or_occupancy,block_cont,temp_opt,block_cont|v7|L6,temp_opt|v8|o7,1,0,0,1.0,0.856325,1.0
block_cont_r4,temp_opt_r2,block_or_occupancy,block_or_occupancy,block_cont,temp_opt,block_cont|v7|L6,temp_opt|v6|o7,1,0,0,1.0,0.859587,1.0
block_cont_r4,temp_opt_r3,block_or_occupancy,block_or_occupancy,block_cont,temp_opt,block_cont|v7|L6,temp_opt|v6|o8,1,0,0,1.0,0.859587,1.0
block_cont_r4,temp_opt_r4,block_or_occupancy,block_or_occupancy,block_cont,temp_opt,block_cont|v7|L6,temp_opt|v7|o6,1,0,0,0.0,0.859587,1.0
block_cont_r4,temp_opt_r5,block_or_occupancy,block_or_occupancy,block_cont,temp_opt,block_cont|v7|L6,temp_opt|v7|o7,1,0,0,0.0,0.859587,1.0
block_cont_r4,temp_opt_r6,block_or_occupancy,block_or_occupancy,block_cont,temp_opt,block_cont|v7|L6,temp_opt|v7|o8,1,0,0,0.0,0.859587,1.0
block_cont_r4,temp_opt_r7,block_or_occupancy,block_or_occupancy,block_cont,temp_opt,block_cont|v7|L6,temp_opt|v8|o6,1,0,0,1.0,0.834262,1.0
block_cont_r4,temp_opt_r8,block_or_occupancy,block_or_occupancy,block_cont,temp_opt,block_cont|v7|L6,temp_opt|v8|o7,1,0,0,1.0,0.859587,1.0
block_cont_r4,temp_opt_r9,block_or_occupancy,block_or_occupancy,block_cont,temp_opt,block_cont|v7|L6,temp_opt|v8|o8,1,0,0,1.0,0.859587,1.0
block_cont_r5,block_cont_r6,block_or_occupancy,block_or_occupancy,block_cont,block_cont,block_cont|v8|L6,block_cont|v8|L7,1,1,0,0.0,0.139425,1.0
block_cont_r5,block_cont_r7,block_or_occupancy,block_or_occupancy,block_cont,block_cont,block_cont|v8|L6,block_cont|v8|L7,1,1,0,0.0,0.154012,1.0
block_cont_r5,block_cont_r8,block_or_occupancy,block_or_occupancy,block_cont,block_cont,block_cont|v8|L6,block_cont|v9|L7,1,1,0,1.0,0.132525,1.0
block_cont_r5,block_cont_r9,block_or_occupancy,block_or_occupancy,block_cont,block_cont,block_cont|v8|L6,block_cont|v9|L8,1,1,0,1.0,0.271288,1.0
block_cont_r5,block_nec_r1,block_or_occupancy,block_or_occupancy,block_cont,block_nec,block_cont|v8|L6,block_nec|v6|L5,1,0,0,2.0,0.933563,1.0
block_cont_r5,block_nec_r10,block_or_occupancy,block_or_occupancy,block_cont,block_nec,block_cont|v8|L6,block_nec|v7|L6,1,0,0,1.0,0.9365,1.0
block_cont_r5,block_nec_r11,block_or_occupancy,block_or_occupancy,block_cont,block_nec,block_cont|v8|L6,block_nec|v8|L6,1,0,0,0.0,0.750463,1.0
block_cont_r5,block_nec_r12,block_or_occupancy,block_or_occupancy,block_cont,block_nec,block_cont|v8|L6,block_nec|v6|L6,1,0,0,2.0,0.9365,1.0
block_cont_r5,block_nec_r2,block_or_occupancy,block_or_occupancy,block_cont,block_nec,block_cont|v8|L6,block_nec|v6|L5,1,0,0,2.0,0.9365,1.0
block_cont_r5,block_nec_r3,block_or_occupancy,block_or_occupancy,block_cont,block_nec,block_cont|v8|L6,block_nec|v7|L5,1,0,0,1.0,0.92465,1.0
block_cont_r5,block_nec_r4,block_or_occupancy,block_or_occupancy,block_cont,block_nec,block_cont|v8|L6,block_nec|v7|L6,1,0,0,1.0,0.9365,1.0
block_cont_r5,block_nec_r5,block_or_occupancy,block_or_occupancy,block_cont,block_nec,block_cont|v8|L6,block_nec|v8|L6,1,0,0,0.0,0.782737,1.0
block_cont_r5,block_nec_r6,block_or_occupancy,block_or_occupancy,block_cont,block_nec,block_cont|v8|L6,block_nec|v8|L7,1,0,0,0.0,0.934913,1.0
block_cont_r5,block_nec_r7,block_or_occupancy,block_or_occupancy,block_cont,block_nec,block_cont|v8|L6,block_nec|v8|L7,1,0,0,0.0,0.9365,1.0
block_cont_r5,block_nec_r8,block_or_occupancy,block_or_occupancy,block_cont,block_nec,block_cont|v8|L6,block_nec|v9|L7,1,0,0,1.0,0.800375,1.0
block_cont_r5,block_nec_r9,block_or_occupancy,block_or_occupancy,block_cont,block_nec,block_cont|v8|L6,block_nec|v9|L8,1,0,0,1.0,0.931075,1.0
block_cont_r5,cross_clear_r1,block_or_occupancy,cross,block_cont,cross_clear,block_cont|v8|L6,cross_clear|v6|d5,0,0,0,2.0,0.90905,1.0
block_cont_r5,cross_clear_r10,block_or_occupancy,cross,block_cont,cross_clear,block_cont|v8|L6,cross_clear|v8|d6,0,0,0,0.0,0.505425,1.0
block_cont_r5,cross_clear_r11,block_or_occupancy,cross,block_cont,cross_clear,block_cont|v8|L6,cross_clear|v8|d7,0,0,0,0.0,0.9365,1.0
block_cont_r5,cross_clear_r12,block_or_occupancy,cross,block_cont,cross_clear,block_cont|v8|L6,cross_clear|v8|d8,0,0,0,0.0,0.763125,1.0
block_cont_r5,cross_clear_r2,block_or_occupancy,cross,block_cont,cross_clear,block_cont|v8|L6,cross_clear|v6|d6,0,0,0,2.0,0.875275,1.0
block_cont_r5,cross_clear_r3,block_or_occupancy,cross,block_cont,cross_clear,block_cont|v8|L6,cross_clear|v6|d7,0,0,0,2.0,0.935375,1.0
block_cont_r5,cross_clear_r4,block_or_occupancy,cross,block_cont,cross_clear,block_cont|v8|L6,cross_clear|v6|d8,0,0,0,2.0,0.907238,1.0
block_cont_r5,cross_clear_r5,block_or_occupancy,cross,block_cont,cross_clear,block_cont|v8|L6,cross_clear|v7|d5,0,0,0,1.0,0.8925,1.0
block_cont_r5,cross_clear_r6,block_or_occupancy,cross,block_cont,cross_clear,block_cont|v8|L6,cross_clear|v7|d6,0,0,0,1.0,0.792987,1.0
block_cont_r5,cross_clear_r7,block_or_occupancy,cross,block_cont,cross_clear,block_cont|v8|L6,cross_clear|v7|d7,0,0,0,1.0,0.929337,1.0
block_cont_r5,cross_clear_r8,block_or_occupancy,cross,block_cont,cross_clear,block_cont|v8|L6,cross_clear|v7|d8,0,0,0,1.0,0.87325,1.0
block_cont_r5,cross_clear_r9,block_or_occupancy,cross,block_cont,cross_clear,block_cont|v8|L6,cross_clear|v8|d5,0,0,0,0.0,0.6865,1.0
block_cont_r5,cross_stall_occ_r1,block_or_occupancy,cross,block_cont,cross_stall_occ,block_cont|v8|L6,cross_stall_occ|v6|d6,0,0,0,2.0,0.185525,1.0
block_cont_r5,cross_stall_occ_r10,block_or_occupancy,cross,block_cont,cross_stall_occ,block_cont|v8|L6,cross_stall_occ|v7|d7,0,0,0,1.0,0.43955,1.0
block_cont_r5,cross_stall_occ_r11,block_or_occupancy,cross,block_cont,cross_stall_occ,block_cont|v8|L6,cross_stall_occ|v8|d7,0,0,0,0.0,0.154012,1.0
block_cont_r5,cross_stall_occ_r12,block_or_occupancy,cross,block_cont,cross_stall_occ,block_cont|v8|L6,cross_stall_occ|v8|d8,0,0,0,0.0,0.1757,1.0
block_cont_r5,cross_stall_occ_r2,block_or_occupancy,cross,block_cont,cross_stall_occ,block_cont|v8|L6,cross_stall_occ|v6|d7,0,0,0,2.0,0.210225,1.0
block_cont_r5,cross_stall_occ_r3,block_or_occupancy,cross,block_cont,cross_stall_occ,block_cont|v8|L6,cross_stall_occ|v7|d7,0,0,0,1.0,0.42215,1.0
block_cont_r5,cross_stall_occ_r4,block_or_occupancy,cross,block_cont,cross_stall_occ,block_cont|v8|L6,cross_stall_occ|v7|d7,0,0,0,1.0,0.455163,1.0
block_cont_r5,cross_stall_occ_r5,block_or_occupancy,cross,block_cont,cross_stall_occ,block_cont|v8|L6,cross_stall_occ|v8|d7,0,0,0,0.0,0.175787,1.0
block_cont_r5,cross_stall_occ_r6,block_or_occupancy,cross,block_cont,cross_stall_occ,block_cont|v8|L6,cross_stall_occ|v8|d8,0,0,0,0.0,0.175787,1.0
block_cont_r5,cross_stall_occ_r7,block_or_occupancy,cross,block_cont,cross_stall_occ,block_cont|v8|L6,cross_stall_occ|v6|d6,0,0,0,2.0,0.179088,1.0
block_cont_r5,cross_stall_occ_r8,block_or_occupancy,cross,block_cont,cross_stall_occ,block_cont|v8|L6,cross_stall_occ|v6|d7,0,0,0,2.0,0.204062,1.0
block_cont_r5,cross_stall_occ_r9,block_or_occupancy,cross,block_cont,cross_stall_occ,block_cont|v8|L6,cross_stall_occ|v7|d7,0,0,0,1.0,0.4164,1.0
block_cont_r5,cross_stall_r1,block_or_occupancy,cross,block_cont,cross_stall,block_cont|v8|L6,cross_stall|v6|d6,0,0,0,2.0,0.9365,1.0
block_cont_r5,cross_stall_r10,block_or_occupancy,cross,block_cont,cross_stall,block_cont|v8|L6,cross_stall|v7|d7,0,0,0,1.0,0.9365,1.0
block_cont_r5,cross_stall_r11,block_or_occupancy,cross,block_cont,cross_stall,block_cont|v8|L6,cross_stall|v8|d7,0,0,0,0.0,0.9365,1.0
block_cont_r5,cross_stall_r12,block_or_occupancy,cross,block_cont,cross_stall,block_cont|v8|L6,cross_stall|v8|d8,0,0,0,0.0,0.9365,1.0
block_cont_r5,cross_stall_r2,block_or_occupancy,cross,block_cont,cross_stall,block_cont|v8|L6,cross_stall|v6|d6,0,0,0,2.0,0.9365,1.0
block_cont_r5,cross_stall_r3,block_or_occupancy,cross,block_cont,cross_stall,block_cont|v8|L6,cross_stall|v7|d6,0,0,0,1.0,0.9365,1.0
block_cont_r5,cross_stall_r4,block_or_occupancy,cross,block_cont,cross_stall,block_cont|v8|L6,cross_stall|v7|d7,0,0,0,1.0,0.9365,1.0
block_cont_r5,cross_stall_r5,block_or_occupancy,cross,block_cont,cross_stall,block_cont|v8|L6,cross_stall|v8|d7,0,0,0,0.0,0.928687,1.0
block_cont_r5,cross_stall_r6,block_or_occupancy,cross,block_cont,cross_stall,block_cont|v8|L6,cross_stall|v8|d8,0,0,0,0.0,0.9365,1.0
block_cont_r5,cross_stall_r7,block_or_occupancy,cross,block_cont,cross_stall,block_cont|v8|L6,cross_stall|v6|d6,0,0,0,2.0,0.9365,1.0
block_cont_r5,cross_stall_r8,block_or_occupancy,cross,block_cont,cross_stall,block_cont|v8|L6,cross_stall|v6|d6,0,0,0,2.0,0.9365,1.0
block_cont_r5,cross_stall_r9,block_or_occupancy,cross,block_cont,cross_stall,block_cont|v8|L6,cross_stall|v7|d6,0,0,0,1.0,0.9365,1.0
block_cont_r5,lead_cont_r1,block_or_occupancy,lead,block_cont,lead_cont,block_cont|v8|L6,lead_cont|v6|s5,0,0,0,2.0,0.208275,1.0
block_cont_r5,lead_cont_r10,block_or_occupancy,lead,block_cont,lead_cont,block_cont|v8|L6,lead_cont|v9|s8,0,0,0,1.0,0.364225,1.0
block_cont_r5,lead_cont_r11,block_or_occupancy,lead,block_cont,lead_cont,block_cont|v8|L6,lead_cont|v7|s6,0,0,0,1.0,0.470375,1.0
block_cont_r5,lead_cont_r12,block_or_occupancy,lead,block_cont,lead_cont,block_cont|v8|L6,lead_cont|v8|s7,0,0,0,0.0,0.26285,1.0
block_cont_r5,lead_cont_r2,block_or_occupancy,lead,block_cont,lead_cont,block_cont|v8|L6,lead_cont|v6|s5,0,0,0,2.0,0.2656,1.0
block_cont_r5,lead_cont_r3,block_or_occupancy,lead,block_cont,lead_cont,block_cont|v8|L6,lead_cont|v7|s5,0,0,0,1.0,0.474038,1.0
block_cont_r5,lead_cont_r4,block_or_occupancy,lead,block_cont,lead_cont,block_cont|v8|L6,lead_cont|v7|s6,0,0,0,1.0,0.508962,1.0
block_cont_r5,lead_cont_r5,block_or_occupancy,lead,block_cont,lead_cont,block_cont|v8|L6,lead_cont|v8|s6,0,0,0,0.0,0.226562,1.0
block_cont_r5,lead_cont_r6,block_or_occupancy,lead,block_cont,lead_cont,block_cont|v8|L6,lead_cont|v8|s7,0,0,0,0.0,0.277212,1.0
block_cont_r5,lead_cont_r7,block_or_occupancy,lead,block_cont,lead_cont,block_cont|v8|L6,lead_cont|v8|s7,0,0,0,0.0,0.26285,1.0
block_cont_r5,lead_cont_r8,block_or_occupancy,lead,block_cont,lead_cont,block_cont|v8|L6,lead_cont|v9|s7,0,0,0,1.0,0.364225,1.0
block_cont_r5,lead_cont_r9,block_or_occupancy,lead,block_cont,lead_cont,block_cont|v8|L6,lead_cont|v9|s8,0,0,0,1.0,0.368175,1.0
block_cont_r5,lead_nec_r1,block_or_occupancy,lead,block_cont,lead_nec,block_cont|v8|L6,lead_nec|v6|s5,0,0,0,2.0,0.9365,1.0
block_cont_r5,lead_nec_r10,block_or_occupancy,lead,block_cont,lead_nec,block_cont|v8|L6,lead_nec|v9|s8,0,0,0,1.0,0.9365,1.0
block_cont_r5,lead_nec_r11,block_or_occupancy,lead,block_cont,lead_nec,block_cont|v8|L6,lead_nec|v7|s6,0,0,0,1.0,0.9365,1.0
block_cont_r5,lead_nec_r12,block_or_occupancy,lead,block_cont,lead_nec,block_cont|v8|L6,lead_nec|v8|s7,0,0,0,0.0,0.9365,1.0
block_cont_r5,lead_nec_r2,block_or_occupancy,lead,block_cont,lead_nec,block_cont|v8|L6,lead_nec|v6|s5,0,0,0,2.0,0.9365,1.0
block_cont_r5,lead_nec_r3,block_or_occupancy,lead,block_cont,lead_nec,block_cont|v8|L6,lead_nec|v7|s5,0,0,0,1.0,0.9365,1.0
block_cont_r5,lead_nec_r4,block_or_occupancy,lead,block_cont,lead_nec,block_cont|v8|L6,lead_nec|v7|s6,0,0,0,1.0,0.9365,1.0
block_cont_r5,lead_nec_r5,block_or_occupancy,lead,block_cont,lead_nec,block_cont|v8|L6,lead_nec|v8|s6,0,0,0,0.0,0.9365,1.0
block_cont_r5,lead_nec_r6,block_or_occupancy,lead,block_cont,lead_nec,block_cont|v8|L6,lead_nec|v8|s7,0,0,0,0.0,0.9365,1.0
block_cont_r5,lead_nec_r7,block_or_occupancy,lead,block_cont,lead_nec,block_cont|v8|L6,lead_nec|v8|s7,0,0,0,0.0,0.9365,1.0
block_cont_r5,lead_nec_r8,block_or_occupancy,lead,block_cont,lead_nec,block_cont|v8|L6,lead_nec|v9|s7,0,0,0,1.0,0.9365,1.0
block_cont_r5,lead_nec_r9,block_or_occupancy,lead,block_cont,lead_nec,block_cont|v8|L6,lead_nec|v9|s8,0,0,0,1.0,0.9365,1.0
block_cont_r5,lead_opt_r1,block_or_occupancy,lead,block_cont,lead_opt,block_cont|v8|L6,lead_opt|v6|s6,0,0,0,2.0,0.9365,1.0
block_cont_r5,lead_opt_r10,block_or_occupancy,lead,block_cont,lead_opt,block_cont|v8|L6,lead_opt|v8|s7,0,0,0,0.0,0.9365,1.0
block_cont_r5,lead_opt_r11,block_or_occupancy,lead,block_cont,lead_opt,block_cont|v8|L6,lead_opt|v6|s6,0,0,0,2.0,0.9365,1.0
block_cont_r5,lead_opt_r12,block_or_occupancy,lead,block_cont,lead_opt,block_cont|v8|L6,lead_opt|v7|s7,0,0,0,1.0,0.9365,1.0
block_cont_r5,lead_opt_r2,block_or_occupancy,lead,block_cont,lead_opt,block_cont|v8|L6,lead_opt|v6|s6,0,0,0,2.0,0.9365,1.0
block_cont_r5,lead_opt_r3,block_or_occupancy,lead,block_cont,lead_opt,block_cont|v8|L6,lead_opt|v7|s6,0,0,0,1.0,0.9365,1.0
block_cont_r5,lead_opt_r4,block_or_occupancy,lead,block_cont,lead_opt,block_cont|v8|L6,lead_opt|v7|s6,0,0,0,1.0,0.9365,1.0
block_cont_r5,lead_opt_r5,block_or_occupancy,lead,block_cont,lead_opt,block_cont|v8|L6,lead_opt|v8|s7,0,0,0,0.0,0.9365,1.0
block_cont_r5,lead_opt_r6,block_or_occupancy,lead,block_cont,lead_opt,block_cont|v8|L6,lead_opt|v8|s7,0,0,0,0.0,0.9365,1.0
block_cont_r5,lead_opt_r7,block_or_occupancy,lead,block_cont,lead_opt,block_cont|v8|L6,lead_opt|v9|s7,0,0,0,1.0,0.9365,1.0
block_cont_r5,lead_opt_r8,block_or_occupancy,lead,block_cont,lead_opt,block_cont|v8|L6,lead_opt|v9|s7,0,0,0,1.0,0.9365,1.0
block_cont_r5,lead_opt_r9,block_or_occupancy,lead,block_cont,lead_opt,block_cont|v8|L6,lead_opt|v7|s6,0,0,0,1.0,0.9365,1.0
block_cont_r5,temp_opt_r1,block_or_occupancy,block_or_occupancy,block_cont,temp_opt,block_cont|v8|L6,temp_opt|v6|o6,1,0,0,2.0,0.9365,1.0
block_cont_r5,temp_opt_r10,block_or_occupancy,block_or_occupancy,block_cont,temp_opt,block_cont|v8|L6,temp_opt|v6|o7,1,0,0,2.0,0.9365,1.0
block_cont_r5,temp_opt_r11,block_or_occupancy,block_or_occupancy,block_cont,temp_opt,block_cont|v8|L6,temp_opt|v7|o8,1,0,0,1.0,0.9365,1.0
block_cont_r5,temp_opt_r12,block_or_occupancy,block_or_occupancy,block_cont,temp_opt,block_cont|v8|L6,temp_opt|v8|o7,1,0,0,0.0,0.9365,1.0
block_cont_r5,temp_opt_r2,block_or_occupancy,block_or_occupancy,block_cont,temp_opt,block_cont|v8|L6,temp_opt|v6|o7,1,0,0,2.0,0.9365,1.0
block_cont_r5,temp_opt_r3,block_or_occupancy,block_or_occupancy,block_cont,temp_opt,block_cont|v8|L6,temp_opt|v6|o8,1,0,0,2.0,0.9365,1.0
block_cont_r5,temp_opt_r4,block_or_occupancy,block_or_occupancy,block_cont,temp_opt,block_cont|v8|L6,temp_opt|v7|o6,1,0,0,1.0,0.9365,1.0
block_cont_r5,temp_opt_r5,block_or_occupancy,block_or_occupancy,block_cont,temp_opt,block_cont|v8|L6,temp_opt|v7|o7,1,0,0,1.0,0.9365,1.0
block_cont_r5,temp_opt_r6,block_or_occupancy,block_or_occupancy,block_cont,temp_opt,block_cont|v8|L6,temp_opt|v7|o8,1,0,0,1.0,0.9365,1.0
block_cont_r5,temp_opt_r7,block_or_occupancy,block_or_occupancy,block_cont,temp_opt,block_cont|v8|L6,temp_opt|v8|o6,1,0,0,0.0,0.930212,1.0
block_cont_r5,temp_opt_r8,block_or_occupancy,block_or_occupancy,block_cont,temp_opt,block_cont|v8|L6,temp_opt|v8|o7,1,0,0,0.0,0.9365,1.0
block_cont_r5,temp_opt_r9,block_or_occupancy,block_or_occupancy,block_cont,temp_opt,block_cont|v8|L6,temp_opt|v8|o8,1,0,0,0.0,0.9365,1.0
block_cont_r6,block_cont_r7,block_or_occupancy,block_or_occupancy,block_cont,block_cont,block_cont|v8|L7,block_cont|v8|L7,1,1,1,0.0,0.01885,0.0432
block_cont_r6,block_cont_r8,block_or_occupancy,block_or_occupancy,block_cont,block_cont,block_cont|v8|L7,block_cont|v9|L7,1,1,0,1.0,0.2569,1.0
block_cont_r6,block_cont_r9,block_or_occupancy,block_or_occupancy,block_cont,block_cont,block_cont|v8|L7,block_cont|v9|L8,1,1,0,1.0,0.13455,1.0
block_cont_r6,block_nec_r1,block_or_occupancy,block_or_occupancy,block_cont,block_nec,block_cont|v8|L7,block_nec|v6|L5,1,0,0,2.0,0.877312,1.0
block_cont_r6,block_nec_r10,block_or_occupancy,block_or_occupancy,block_cont,block_nec,block_cont|v8|L7,block_nec|v7|L6,1,0,0,1.0,0.899175,1.0
block_cont_r6,block_nec_r11,block_or_occupancy,block_or_occupancy,block_cont,block_nec,block_cont|v8|L7,block_nec|v8|L6,1,0,0,0.0,0.861038,1.0
block_cont_r6,block_nec_r12,block_or_occupancy,block_or_occupancy,block_cont,block_nec,block_cont|v8|L7,block_nec|v6|L6,1,0,0,2.0,0.899175,1.0
block_cont_r6,block_nec_r2,block_or_occupancy,block_or_occupancy,block_cont,block_nec,block_cont|v8|L7,block_nec|v6|L5,1,0,0,2.0,0.899175,1.0
block_cont_r6,block_nec_r3,block_or_occupancy,block_or_occupancy,block_cont,block_nec,block_cont|v8|L7,block_nec|v7|L5,1,0,0,1.0,0.863775,1.0
block_cont_r6,block_nec_r4,block_or_occupancy,block_or_occupancy,block_cont,block_nec,block_cont|v8|L7,block_nec|v7|L6,1,0,0,1.0,0.89705,1.0
block_cont_r6,block_nec_r5,block_or_occupancy,block_or_occupancy,block_cont,block_nec,block_cont|v8|L7,block_nec|v8|L6,1,0,0,0.0,0.893312,1.0
block_cont_r6,block_nec_r6,block_or_occupancy,block_or_occupancy,block_cont,block_nec,block_cont|v8|L7,block_nec|v8|L7,1,0,0,0.0,0.888,1.0
block_cont_r6,block_nec_r7,block_or_occupancy,block_or_occupancy,block_cont,block_nec,block_cont|v8|L7,block_nec|v8|L7,1,0,0,0.0,0.899175,1.0
block_cont_r6,block_nec_r8,block_or_occupancy,block_or_occupancy,block_cont,block_nec,block_cont|v8|L7,block_nec|v9|L7,1,0,0,1.0,0.91095,1.0
block_cont_r6,block_nec_r9,block_or_occupancy,block_or_occupancy,block_cont,block_nec,block_cont|v8|L7,block_nec|v9|L8,1,0,0,1.0,0.882937,1.0
block_cont_r6,cross_clear_r1,block_or_occupancy,cross,block_cont,cross_clear,block_cont|v8|L7,cross_clear|v6|d5,0,0,0,2.0,0.871725,1.0
block_cont_r6,cross_clear_r10,block_or_occupancy,cross,block_cont,cross_clear,block_cont|v8|L7,cross_clear|v8|d6,0,0,0,0.0,0.616,1.0
block_cont_r6,cross_clear_r11,block_or_occupancy,cross,block_cont,cross_clear,block_cont|v8|L7,cross_clear|v8|d7,0,0,0,0.0,0.899175,1.0
block_cont_r6,cross_clear_r12,block_or_occupancy,cross,block_cont,cross_clear,block_cont|v8|L7,cross_clear|v8|d8,0,0,0,0.0,0.669425,1.0
block_cont_r6,cross_clear_r2,block_or_occupancy,cross,block_cont,cross_clear,block_cont|v8|L7,cross_clear|v6|d6,0,0,0,2.0,0.8055,1.0
block_cont_r6,cross_clear_r3,block_or_occupancy,cross,block_cont,cross_clear,block_cont|v8|L7,cross_clear|v6|d7,0,0,0,2.0,0.89805,1.0
block_cont_r6,cross_clear_r4,block_or_occupancy,cross,block_cont,cross_clear,block_cont|v8|L7,cross_clear|v6|d8,0,0,0,2.0,0.811238,1.0
block_cont_r6,cross_clear_r5,block_or_occupancy,cross,block_cont,cross_clear,block_cont|v8|L7,cross_clear|v7|d5,0,0,0,1.0,0.855175,1.0
block_cont_r6,cross_clear_r6,block_or_occupancy,cross,block_cont,cross_clear,block_cont|v8|L7,cross_clear|v7|d6,0,0,0,1.0,0.690013,1.0
block_cont_r6,cross_clear_r7,block_or_occupancy,cross,block_cont,cross_clear,block_cont|v8|L7,cross_clear|v7|d7,0,0,0,1.0,0.892012,1.0
block_cont_r6,cross_clear_r8,block_or_occupancy,cross,block_cont,cross_clear,block_cont|v8|L7,cross_clear|v7|d8,0,0,0,1.0,0.780137,1.0
block_cont_r6,cross_clear_r9,block_or_occupancy,cross,block_cont,cross_clear,block_cont|v8|L7,cross_clear|v8|d5,0,0,0,0.0,0.649175,1.0
block_cont_r6,cross_stall_occ_r1,block_or_occupancy,cross,block_cont,cross_stall_occ,block_cont|v8|L7,cross_stall_occ|v6|d6,0,0,0,2.0,0.05735,0.1508
block_cont_r6,cross_stall_occ_r10,block_or_occupancy,cross,block_cont,cross_stall_occ,block_cont|v8|L7,cross_stall_occ|v7|d7,0,0,0,1.0,0.313775,1.0
block_cont_r6,cross_stall_occ_r11,block_or_occupancy,cross,block_cont,cross_stall_occ,block_cont|v8|L7,cross_stall_occ|v8|d7,0,0,0,0.0,0.01885,0.0432
block_cont_r6,cross_stall_occ_r12,block_or_occupancy,cross,block_cont,cross_stall_occ,block_cont|v8|L7,cross_stall_occ|v8|d8,0,0,0,0.0,0.046787,0.1063
block_cont_r6,cross_stall_occ_r2,block_or_occupancy,cross,block_cont,cross_stall_occ,block_cont|v8|L7,cross_stall_occ|v6|d7,0,0,0,2.0,0.088862,0.2255
block_cont_r6,cross_stall_occ_r3,block_or_occupancy,cross,block_cont,cross_stall_occ,block_cont|v8|L7,cross_stall_occ|v7|d7,0,0,0,1.0,0.29145,1.0
block_cont_r6,cross_stall_occ_r4,block_or_occupancy,cross,block_cont,cross_stall_occ,block_cont|v8|L7,cross_stall_occ|v7|d7,0,0,0,1.0,0.333775,1.0
block_cont_r6,cross_stall_occ_r5,block_or_occupancy,cross,block_cont,cross_stall_occ,block_cont|v8|L7,cross_stall_occ|v8|d7,0,0,0,0.0,0.046938,0.107
block_cont_r6,cross_stall_occ_r6,block_or_occupancy,cross,block_cont,cross_stall_occ,block_cont|v8|L7,cross_stall_occ|v8|d8,0,0,0,0.0,0.047013,0.107
block_cont_r6,cross_stall_occ_r7,block_or_occupancy,cross,block_cont,cross_stall_occ,block_cont|v8|L7,cross_stall_occ|v6|d6,0,0,0,2.0,0.04915,0.1304
block_cont_r6,cross_stall_occ_r8,block_or_occupancy,cross,block_cont,cross_stall_occ,block_cont|v8|L7,cross_stall_occ|v6|d7,0,0,0,2.0,0.081,0.2074
block_cont_r6,cross_stall_occ_r9,block_or_occupancy,cross,block_cont,cross_stall_occ,block_cont|v8|L7,cross_stall_occ|v7|d7,0,0,0,1.0,0.284062,1.0
block_cont_r6,cross_stall_r1,block_or_occupancy,cross,block_cont,cross_stall,block_cont|v8|L7,cross_stall|v6|d6,0,0,0,2.0,0.899175,1.0
block_cont_r6,cross_stall_r10,block_or_occupancy,cross,block_cont,cross_stall,block_cont|v8|L7,cross_stall|v7|d7,0,0,0,1.0,0.899175,1.0
block_cont_r6,cross_stall_r11,block_or_occupancy,cross,block_cont,cross_stall,block_cont|v8|L7,cross_stall|v8|d7,0,0,0,0.0,0.895913,1.0
block_cont_r6,cross_stall_r12,block_or_occupancy,cross,block_cont,cross_stall,block_cont|v8|L7,cross_stall|v8|d8,0,0,0,0.0,0.899175,1.0
block_cont_r6,cross_stall_r2,block_or_occupancy,cross,block_cont,cross_stall,block_cont|v8|L7,cross_stall|v6|d6,0,0,0,2.0,0.899175,1.0
block_cont_r6,cross_stall_r3,block_or_occupancy,cross,block_cont,cross_stall,block_cont|v8|L7,cross_stall|v7|d6,0,0,0,1.0,0.89425,1.0
block_cont_r6,cross_stall_r4,block_or_occupancy,cross,block_cont,cross_stall,block_cont|v8|L7,cross_stall|v7|d7,0,0,0,1.0,0.899175,1.0
block_cont_r6,cross_stall_r5,block_or_occupancy,cross,block_cont,cross_stall,block_cont|v8|L7,cross_stall|v8|d7,0,0,0,0.0,0.864275,1.0
block_cont_r6,cross_stall_r6,block_or_occupancy,cross,block_cont,cross_stall,block_cont|v8|L7,cross_stall|v8|d8,0,0,0,0.0,0.899175,1.0
block_cont_r6,cross_stall_r7,block_or_occupancy,cross,block_cont,cross_stall,block_cont|v8|L7,cross_stall|v6|d6,0,0,0,2.0,0.899175,1.0
block_cont_r6,cross_stall_r8,block_or_occupancy,cross,block_cont,cross_stall,block_cont|v8|L7,cross_stall|v6|d6,0,0,0,2.0,0.899175,1.0
block_cont_r6,cross_stall_r9,block_or_occupancy,cross,block_cont,cross_stall,block_cont|v8|L7,cross_stall|v7|d6,0,0,0,1.0,0.899175,1.0
block_cont_r6,lead_cont_r1,block_or_occupancy,lead,block_cont,lead_cont,block_cont|v8|L7,lead_cont|v6|s5,0,0,0,2.0,0.086338,0.22
block_cont_r6,lead_cont_r10,block_or_occupancy,lead,block_cont,lead_cont,block_cont|v8|L7,lead_cont|v9|s8,0,0,0,1.0,0.25665,1.0
block_cont_r6,lead_cont_r11,block_or_occupancy,lead,block_cont,lead_cont,block_cont|v8|L7,lead_cont|v7|s6,0,0,0,1.0,0.353363,1.0
block_cont_r6,lead_cont_r12,block_or_occupancy,lead,block_cont,lead_cont,block_cont|v8|L7,lead_cont|v8|s7,0,0,0,0.0,0.159625,0.3623
block_cont_r6,lead_cont_r2,block_or_occupancy,lead,block_cont,lead_cont,block_cont|v8|L7,lead_cont|v6|s5,0,0,0,2.0,0.159463,0.3953
block_cont_r6,lead_cont_r3,block_or_occupancy,lead,block_cont,lead_cont,block_cont|v8|L7,lead_cont|v7|s5,0,0,0,1.0,0.358125,1.0
block_cont_r6,lead_cont_r4,block_or_occupancy,lead,block_cont,lead_cont,block_cont|v8|L7,lead_cont|v7|s6,0,0,0,1.0,0.402913,1.0
block_cont_r6,lead_cont_r5,block_or_occupancy,lead,block_cont,lead_cont,block_cont|v8|L7,lead_cont|v8|s6,0,0,0,0.0,0.112688,0.2559
block_cont_r6,lead_cont_r6,block_or_occupancy,lead,block_cont,lead_cont,block_cont|v8|L7,lead_cont|v8|s7,0,0,0,0.0,0.178187,0.4049
block_cont_r6,lead_cont_r7,block_or_occupancy,lead,block_cont,lead_cont,block_cont|v8|L7,lead_cont|v8|s7,0,0,0,0.0,0.159625,0.3623
block_cont_r6,lead_cont_r8,block_or_occupancy,lead,block_cont,lead_cont,block_cont|v8|L7,lead_cont|v9|s7,0,0,0,1.0,0.25665,1.0
block_cont_r6,lead_cont_r9,block_or_occupancy,lead,block_cont,lead_cont,block_cont|v8|L7,lead_cont|v9|s8,0,0,0,1.0,0.2606,1.0
block_cont_r6,lead_nec_r1,block_or_occupancy,lead,block_cont,lead_nec,block_cont|v8|L7,lead_nec|v6|s5,0,0,0,2.0,0.899175,1.0
block_cont_r6,lead_nec_r10,block_or_occupancy,lead,block_cont,lead_nec,block_cont|v8|L7,lead_nec|v9|s8,0,0,0,1.0,0.899175,1.0
block_cont_r6,lead_nec_r11,block_or_occupancy,lead,block_cont,lead_nec,block_cont|v8|L7,lead_nec|v7|s6,0,0,0,1.0,0.899175,1.0
block_cont_r6,lead_nec_r12,block_or_occupancy,lead,block_cont,lead_nec,block_cont|v8|L7,lead_nec|v8|s7,0,0,0,0.0,0.899175,1.0
block_cont_r6,lead_nec_r2,block_or_occupancy,lead,block_cont,lead_nec,block_cont|v8|L7,lead_nec|v6|s5,0,0,0,2.0,0.899175,1.0
block_cont_r6,lead_nec_r3,block_or_occupancy,lead,block_cont,lead_nec,block_cont|v8|L7,lead_nec|v7|s5,0,0,0,1.0,0.899175,1.0
block_cont_r6,lead_nec_r4,block_or_occupancy,lead,block_cont,lead_nec,block_cont|v8|L7,lead_nec|v7|s6,0,0,0,1.0,0.899175,1.0
block_cont_r6,lead_nec_r5,block_or_occupancy,lead,block_cont,lead_nec,block_cont|v8|L7,lead_nec|v8|s6,0,0,0,0.0,0.899175,1.0
block_cont_r6,lead_nec_r6,block_or_occupancy,lead,block_cont,lead_nec,block_cont|v8|L7,lead_nec|v8|s7,0,0,0,0.0,0.899175,1.0
block_cont_r6,lead_nec_r7,block_or_occupancy,lead,block_cont,lead_nec,block_cont|v8|L7,lead_nec|v8|s7,0,0,0,0.0,0.899175,1.0
block_cont_r6,lead_nec_r8,block_or_occupancy,lead,block_cont,lead_nec,block_cont|v8|L7,lead_nec|v9|s7,0,0,0,1.0,0.899175,1.0
block_cont_r6,lead_nec_r9,block_or_occupancy,lead,block_cont,lead_nec,block_cont|v8|L7,lead_nec|v9|s8,0,0,0,1.0,0.899175,1.0
block_cont_r6,lead_opt_r1,block_or_occupancy,lead,block_cont,lead_opt,block_cont|v8|L7,lead_opt|v6|s6,0,0,0,2.0,0.899175,1.0
block_cont_r6,lead_opt_r10,block_or_occupancy,lead,block_cont,lead_opt,block_cont|v8|L7,lead_opt|v8|s7,0,0,0,0.0,0.899175,1.0
block_cont_r6,lead_opt_r11,block_or_occupancy,lead,block_cont,lead_opt,block_cont|v8|L7,lead_opt|v6|s6,0,0,0,2.0,0.899175,1.0
block_cont_r6,lead_opt_r12,block_or_occupancy,lead,block_cont,lead_opt,block_cont|v8|L7,lead_opt|v7|s7,0,0,0,1.0,0.899175,1.0
block_cont_r6,lead_opt_r2,block_or_occupancy,lead,block_cont,lead_opt,block_cont|v8|L7,lead_opt|v6|s6,0,0,0,2.0,0.899175,1.0
block_cont_r6,lead_opt_r3,block_or_occupancy,lead,block_cont,lead_opt,block_cont|v8|L7,lead_opt|v7|s6,0,0,0,1.0,0.899175,1.0
block_cont_r6,lead_opt_r4,block_or_occupancy,lead,block_cont,lead_opt,block_cont|v8|L7,lead_opt|v7|s6,0,0,0,1.0,0.899175,1.0
block_cont_r6,lead_opt_r5,block_or_occupancy,lead,block_cont,lead_opt,block_cont|v8|L7,lead_opt|v8|s7,0,0,0,0.0,0.899175,1.0
block_cont_r6,lead_opt_r6,block_or_occupancy,lead,block_cont,lead_opt,block_cont|v8|L7,lead_opt|v8|s7,0,0,0,0.0,0.899175,1.0
block_cont_r6,lead_opt_r7,block_or_occupancy,lead,block_cont,lead_opt,block_cont|v8|L7,lead_opt|v9|s7,0,0,0,1.0,0.899175,1.0
block_cont_r6,lead_opt_r8,block_or_occupancy,lead,block_cont,lead_opt,block_cont|v8|L7,lead_opt|v9|s7,0,0,0,1.0,0.899175,1.0
block_cont_r6,lead_opt_r9,block_or_occupancy,lead,block_cont,lead_opt,block_cont|v8|L7,lead_opt|v7|s6,0,0,0,1.0,0.899175,1.0
block_cont_r6,temp_opt_r1,block_or_occupancy,block_or_occupancy,block_cont,temp_opt,block_cont|v8|L7,temp_opt|v6|o6,1,0,0,2.0,0.899175,1.0
block_cont_r6,temp_opt_r10,block_or_occupancy,block_or_occupancy,block_cont,temp_opt,block_cont|v8|L7,temp_opt|v6|o7,1,0,0,2.0,0.899175,1.0
block_cont_r6,temp_opt_r11,block_or_occupancy,block_or_occupancy,block_cont,temp_opt,block_cont|v8|L7,temp_opt|v7|o8,1,0,0,1.0,0.899175,1.0
block_cont_r6,temp_opt_r12,block_or_occupancy,block_or_occupancy,block_cont,temp_opt,block_cont|v8|L7,temp_opt|v8|o7,1,0,0,0.0,0.895913,1.0
block_cont_r6,temp_opt_r2,block_or_occupancy,block_or_occupancy,block_cont,temp_opt,block_cont|v8|L7,temp_opt|v6|o7,1,0,0,2.0,0.899175,1.0
block_cont_r6,temp_opt_r3,block_or_occupancy,block_or_occupancy,block_cont,temp_opt,block_cont|v8|L7,temp_opt|v6|o8,1,0,0,2.0,0.899175,1.0
block_cont_r6,temp_opt_r4,block_or_occupancy,block_or_occupancy,block_cont,temp_opt,block_cont|v8|L7,temp_opt|v7|o6,1,0,0,1.0,0.899175,1.0
block_cont_r6,temp_opt_r5,block_or_occupancy,block_or_occupancy,block_cont,temp_opt,block_cont|v8|L7,temp_opt|v7|o7,1,0,0,1.0,0.899175,1.0
block_cont_r6,temp_opt_r6,block_or_occupancy,block_or_occupancy,block_cont,temp_opt,block_cont|v8|L7,temp_opt|v7|o8,1,0,0,1.0,0.899175,1.0
block_cont_r6,temp_opt_r7,block_or_occupancy,block_or_occupancy,block_cont,temp_opt,block_cont|v8|L7,temp_opt|v8|o6,1,0,0,0.0,0.87385,1.0
block_cont_r6,temp_opt_r8,block_or_occupancy,block_or_occupancy,block_cont,temp_opt,block_cont|v8|L7,temp_opt|v8|o7,1,0,0,0.0,0.899175,1.0
block_cont_r6,temp_opt_r9,block_or_occupancy,block_or_occupancy,block_cont,temp_opt,block_cont|v8|L7,temp_opt|v8|o8,1,0,0,0.0,0.899175,1.0
block_cont_r7,block_cont_r8,block_or_occupancy,block_or_occupancy,block_cont,block_cont,block_cont|v8|L7,block_cont|v9|L7,1,1,0,1.0,0.271487,1.0
block_cont_r7,block_cont_r9,block_or_occupancy,block_or_occupancy,block_cont,block_cont,block_cont|v8|L7,block_cont|v9|L8,1,1,0,1.0,0.1343,1.0
block_cont_r7,block_nec_r1,block_or_occupancy,block_or_occupancy,block_cont,block_nec,block_cont|v8|L7,block_nec|v6|L5,1,0,0,2.0,0.858463,1.0
block_cont_r7,block_nec_r10,block_or_occupancy,block_or_occupancy,block_cont,block_nec,block_cont|v8|L7,block_nec|v7|L6,1,0,0,1.0,0.880325,1.0
block_cont_r7,block_nec_r11,block_or_occupancy,block_or_occupancy,block_cont,block_nec,block_cont|v8|L7,block_nec|v8|L6,1,0,0,0.0,0.84645,1.0
block_cont_r7,block_nec_r12,block_or_occupancy,block_or_occupancy,block_cont,block_nec,block_cont|v8|L7,block_nec|v6|L6,1,0,0,2.0,0.880325,1.0
block_cont_r7,block_nec_r2,block_or_occupancy,block_or_occupancy,block_cont,block_nec,block_cont|v8|L7,block_nec|v6|L5,1,0,0,2.0,0.880325,1.0
block_cont_r7,block_nec_r3,block_or_occupancy,block_or_occupancy,block_cont,block_nec,block_cont|v8|L7,block_nec|v7|L5,1,0,0,1.0,0.844925,1.0
block_cont_r7,block_nec_r4,block_or_occupancy,block_or_occupancy,block_cont,block_nec,block_cont|v8|L7,block_nec|v7|L6,1,0,0,1.0,0.8782,1.0
block_cont_r7,block_nec_r5,block_or_occupancy,block_or_occupancy,block_cont,block_nec,block_cont|v8|L7,block_nec|v8|L6,1,0,0,0.0,0.878725,1.0
block_cont_r7,block_nec_r6,block_or_occupancy,block_or_occupancy,block_cont,block_nec,block_cont|v8|L7,block_nec|v8|L7,1,0,0,0.0,0.86915,1.0
block_cont_r7,block_nec_r7,block_or_occupancy,block_or_occupancy,block_cont,block_nec,block_cont|v8|L7,block_nec|v8|L7,1,0,0,0.0,0.880325,1.0
block_cont_r7,block_nec_r8,block_or_occupancy,block_or_occupancy,block_cont,block_nec,block_cont|v8|L7,block_nec|v9|L7,1,0,0,1.0,0.896362,1.0
block_cont_r7,block_nec_r9,block_or_occupancy,block_or_occupancy,block_cont,block_nec,block_cont|v8|L7,block_nec|v9|L8,1,0,0,1.0,0.864088,1.0
block_cont_r7,cross_clear_r1,block_or_occupancy,cross,block_cont,cross_clear,block_cont|v8|L7,cross_clear|v6|d5,0,0,0,2.0,0.852875,1.0
block_cont_r7,cross_clear_r10,block_or_occupancy,cross,block_cont,cross_clear,block_cont|v8|L7,cross_clear|v8|d6,0,0,0,0.0,0.601413,1.0
block_cont_r7,cross_clear_r11,block_or_occupancy,cross,block_cont,cross_clear,block_cont|v8|L7,cross_clear|v8|d7,0,0,0,0.0,0.880325,1.0
block_cont_r7,cross_clear_r12,block_or_occupancy,cross,block_cont,cross_clear,block_cont|v8|L7,cross_clear|v8|d8,0,0,0,0.0,0.650575,1.0
block_cont_r7,cross_clear_r2,block_or_occupancy,cross,block_cont,cross_clear,block_cont|v8|L7,cross_clear|v6|d6,0,0,0,2.0,0.78665,1.0
block_cont_r7,cross_clear_r3,block_or_occupancy,cross,block_cont,cross_clear,block_cont|v8|L7,cross_clear|v6|d7,0,0,0,2.0,0.8792,1.0
block_cont_r7,cross_clear_r4,block_or_occupancy,cross,block_cont,cross_clear,block_cont|v8|L7,cross_clear|v6|d8,0,0,0,2.0,0.792388,1.0
block_cont_r7,cross_clear_r5,block_or_occupancy,cross,block_cont,cross_clear,block_cont|v8|L7,cross_clear|v7|d5,0,0,0,1.0,0.836325,1.0
block_cont_r7,cross_clear_r6,block_or_occupancy,cross,block_cont,cross_clear,block_cont|v8|L7,cross_clear|v7|d6,0,0,0,1.0,0.671162,1.0
block_cont_r7,cross_clear_r7,block_or_occupancy,cross,block_cont,cross_clear,block_cont|v8|L7,cross_clear|v7|d7,0,0,0,1.0,0.873163,1.0
block_cont_r7,cross_clear_r8,block_or_occupancy,cross,block_cont,cross_clear,block_cont|v8|L7,cross_clear|v7|d8,0,0,0,1.0,0.761288,1.0
block_cont_r7,cross_clear_r9,block_or_occupancy,cross,block_cont,cross_clear,block_cont|v8|L7,cross_clear|v8|d5,0,0,0,0.0,0.630325,1.0
block_cont_r7,cross_stall_occ_r1,block_or_occupancy,cross,block_cont,cross_stall_occ,block_cont|v8|L7,cross_stall_occ|v6|d6,0,0,0,2.0,0.0385,0.1076
block_cont_r7,cross_stall_occ_r10,block_or_occupancy,cross,block_cont,cross_stall_occ,block_cont|v8|L7,cross_stall_occ|v7|d7,0,0,0,1.0,0.294925,1.0
block_cont_r7,cross_stall_occ_r11,block_or_occupancy,cross,block_cont,cross_stall_occ,block_cont|v8|L7,cross_stall_occ|v8|d7,0,0,0,0.0,0.0,0.0
block_cont_r7,cross_stall_occ_r12,block_or_occupancy,cross,block_cont,cross_stall_occ,block_cont|v8|L7,cross_stall_occ|v8|d8,0,0,0,0.0,0.027937,0.0631
block_cont_r7,cross_stall_occ_r2,block_or_occupancy,cross,block_cont,cross_stall_occ,block_cont|v8|L7,cross_stall_occ|v6|d7,0,0,0,2.0,0.070013,0.1823
block_cont_r7,cross_stall_occ_r3,block_or_occupancy,cross,block_cont,cross_stall_occ,block_cont|v8|L7,cross_stall_occ|v7|d7,0,0,0,1.0,0.2726,1.0
block_cont_r7,cross_stall_occ_r4,block_or_occupancy,cross,block_cont,cross_stall_occ,block_cont|v8|L7,cross_stall_occ|v7|d7,0,0,0,1.0,0.314925,1.0
block_cont_r7,cross_stall_occ_r5,block_or_occupancy,cross,block_cont,cross_stall_occ,block_cont|v8|L7,cross_stall_occ|v8|d7,0,0,0,0.0,0.028087,0.0638
block_cont_r7,cross_stall_occ_r6,block_or_occupancy,cross,block_cont,cross_stall_occ,block_cont|v8|L7,cross_stall_occ|v8|d8,0,0,0,0.0,0.028163,0.0638
block_cont_r7,cross_stall_occ_r7,block_or_occupancy,cross,block_cont,cross_stall_occ,block_cont|v8|L7,cross_stall_occ|v6|d6,0,0,0,2.0,0.0303,0.0872
block_cont_r7,cross_stall_occ_r8,block_or_occupancy,cross,block_cont,cross_stall_occ,block_cont|v8|L7,cross_stall_occ|v6|d7,0,0,0,2.0,0.06215,0.1642
block_cont_r7,cross_stall_occ_r9,block_or_occupancy,cross,block_cont,cross_stall_occ,block_cont|v8|L7,cross_stall_occ|v7|d7,0,0,0,1.0,0.265212,1.0
block_cont_r7,cross_stall_r1,block_or_occupancy,cross,block_cont,cross_stall,block_cont|v8|L7,cross_stall|v6|d6,0,0,0,2.0,0.880325,1.0
block_cont_r7,cross_stall_r10,block_or_occupancy,cross,block_cont,cross_stall,block_cont|v8|L7,cross_stall|v7|d7,0,0,0,1.0,0.880325,1.0
block_cont_r7,cross_stall_r11,block_or_occupancy,cross,block_cont,cross_stall,block_cont|v8|L7,cross_stall|v8|d7,0,0,0,0.0,0.877062,1.0
block_cont_r7,cross_stall_r12,block_or_occupancy,cross,block_cont,cross_stall,block_cont|v8|L7,cross_stall|v8|d8,0,0,0,0.0,0.880325,1.0
block_cont_r7,cross_stall_r2,block_or_occupancy,cross,block_cont,cross_stall,block_cont|v8|L7,cross_stall|v6|d6,0,0,0,2.0,0.880325,1.0
block_cont_r7,cross_stall_r3,block_or_occupancy,cross,block_cont,cross_stall,block_cont|v8|L7,cross_stall|v7|d6,0,0,0,1.0,0.8754,1.0
block_cont_r7,cross_stall_r4,block_or_occupancy,cross,block_cont,cross_stall,block_cont|v8|L7,cross_stall|v7|d7,0,0,0,1.0,0.880325,1.0
block_cont_r7,cross_stall_r5,block_or_occupancy,cross,block_cont,cross_stall,block_cont|v8|L7,cross_stall|v8|d7,0,0,0,0.0,0.845425,1.0
block_cont_r7,cross_stall_r6,block_or_occupancy,cross,block_cont,cross_stall,block_cont|v8|L7,cross_stall|v8|d8,0,0,0,0.0,0.880325,1.0
block_cont_r7,cross_stall_r7,block_or_occupancy,cross,block_cont,cross_stall,block_cont|v8|L7,cross_stall|v6|d6,0,0,0,2.0,0.880325,1.0
block_cont_r7,cross_stall_r8,block_or_occupancy,cross,block_cont,cross_stall,block_cont|v8|L7,cross_stall|v6|d6,0,0,0,2.0,0.880325,1.0
block_cont_r7,cross_stall_r9,block_or_occupancy,cross,block_cont,cross_stall,block_cont|v8|L7,cross_stall|v7|d6,0,0,0,1.0,0.880325,1.0
block_cont_r7,lead_cont_r1,block_or_occupancy,lead,block_cont,lead_cont,block_cont|v8|L7,lead_cont|v6|s5,0,0,0,2.0,0.067488,0.1768
block_cont_r7,lead_cont_r10,block_or_occupancy,lead,block_cont,lead_cont,block_cont|v8|L7,lead_cont|v9|s8,0,0,0,1.0,0.2378,1.0
block_cont_r7,lead_cont_r11,block_or_occupancy,lead,block_cont,lead_cont,block_cont|v8|L7,lead_cont|v7|s6,0,0,0,1.0,0.334512,1.0
block_cont_r7,lead_cont_r12,block_or_occupancy,lead,block_cont,lead_cont,block_cont|v8|L7,lead_cont|v8|s7,0,0,0,0.0,0.140775,0.3191
block_cont_r7,lead_cont_r2,block_or_occupancy,lead,block_cont,lead_cont,block_cont|v8|L7,lead_cont|v6|s5,0,0,0,2.0,0.140613,0.3521
block_cont_r7,lead_cont_r3,block_or_occupancy,lead,block_cont,lead_cont,block_cont|v8|L7,lead_cont|v7|s5,0,0,0,1.0,0.339275,1.0
block_cont_r7,lead_cont_r4,block_or_occupancy,lead,block_cont,lead_cont,block_cont|v8|L7,lead_cont|v7|s6,0,0,0,1.0,0.384062,1.0
block_cont_r7,lead_cont_r5,block_or_occupancy,lead,block_cont,lead_cont,block_cont|v8|L7,lead_cont|v8|s6,0,0,0,0.0,0.093838,0.2127
block_cont_r7,lead_cont_r6,block_or_occupancy,lead,block_cont,lead_cont,block_cont|v8|L7,lead_cont|v8|s7,0,0,0,0.0,0.159337,0.3617
block_cont_r7,lead_cont_r7,block_or_occupancy,lead,block_cont,lead_cont,block_cont|v8|L7,lead_cont|v8|s7,0,0,0,0.0,0.140775,0.3191
block_cont_r7,lead_cont_r8,block_or_occupancy,lead,block_cont,lead_cont,block_cont|v8|L7,lead_cont|v9|s7,0,0,0,1.0,0.2378,1.0
block_cont_r7,lead_cont_r9,block_or_occupancy,lead,block_cont,lead_cont,block_cont|v8|L7,lead_cont|v9|s8,0,0,0,1.0,0.24175,1.0
block_cont_r7,lead_nec_r1,block_or_occupancy,lead,block_cont,lead_nec,block_cont|v8|L7,lead_nec|v6|s5,0,0,0,2.0,0.880325,1.0
block_cont_r7,lead_nec_r10,block_or_occupancy,lead,block_cont,lead_nec,block_cont|v8|L7,lead_nec|v9|s8,0,0,0,1.0,0.880325,1.0
block_cont_r7,lead_nec_r11,block_or_occupancy,lead,block_cont,lead_nec,block_cont|v8|L7,lead_nec|v7|s6,0,0,0,1.0,0.880325,1.0
block_cont_r7,lead_nec_r12,block_or_occupancy,lead,block_cont,lead_nec,block_cont|v8|L7,lead_nec|v8|s7,0,0,0,0.0,0.880325,1.0
block_cont_r7,lead_nec_r2,block_or_occupancy,lead,block_cont,lead_nec,block_cont|v8|L7,lead_nec|v6|s5,0,0,0,2.0,0.880325,1.0
block_cont_r7,lead_nec_r3,block_or_occupancy,lead,block_cont,lead_nec,block_cont|v8|L7,lead_nec|v7|s5,0,0,0,1.0,0.880325,1.0
block_cont_r7,lead_nec_r4,block_or_occupancy,lead,block_cont,lead_nec,block_cont|v8|L7,lead_nec|v7|s6,0,0,0,1.0,0.880325,1.0
block_cont_r7,lead_nec_r5,block_or_occupancy,lead,block_cont,lead_nec,block_cont|v8|L7,lead_nec|v8|s6,0,0,0,0.0,0.880325,1.0
block_cont_r7,lead_nec_r6,block_or_occupancy,lead,block_cont,lead_nec,block_cont|v8|L7,lead_nec|v8|s7,0,0,0,0.0,0.880325,1.0
block_cont_r7,lead_nec_r7,block_or_occupancy,lead,block_cont,lead_nec,block_cont|v8|L7,lead_nec|v8|s7,0,0,0,0.0,0.880325,1.0
block_cont_r7,lead_nec_r8,block_or_occupancy,lead,block_cont,lead_nec,block_cont|v8|L7,lead_nec|v9|s7,0,0,0,1.0,0.880325,1.0
block_cont_r7,lead_nec_r9,block_or_occupancy,lead,block_cont,lead_nec,block_cont|v8|L7,lead_nec|v9|s8,0,0,0,1.0,0.880325,1.0
block_cont_r7,lead_opt_r1,block_or_occupancy,lead,block_cont,lead_opt,block_cont|v8|L7,lead_opt|v6|s6,0,0,0,2.0,0.880325,1.0
block_cont_r7,lead_opt_r10,block_or_occupancy,lead,block_cont,lead_opt,block_cont|v8|L7,lead_opt|v8|s7,0,0,0,0.0,0.880325,1.0
block_cont_r7,lead_opt_r11,block_or_occupancy,lead,block_cont,lead_opt,block_cont|v8|L7,lead_opt|v6|s6,0,0,0,2.0,0.880325,1.0
block_cont_r7,lead_opt_r12,block_or_occupancy,lead,block_cont,lead_opt,block_cont|v8|L7,lead_opt|v7|s7,0,0,0,1.0,0.880325,1.0
block_cont_r7,lead_opt_r2,block_or_occupancy,lead,block_cont,lead_opt,block_cont|v8|L7,lead_opt|v6|s6,0,0,0,2.0,0.880325,1.0
block_cont_r7,lead_opt_r3,block_or_occupancy,lead,block_cont,lead_opt,block_cont|v8|L7,lead_opt|v7|s6,0,0,0,1.0,0.880325,1.0
block_cont_r7,lead_opt_r4,block_or_occupancy,lead,block_cont,lead_opt,block_cont|v8|L7,lead_opt|v7|s6,0,0,0,1.0,0.880325,1.0
block_cont_r7,lead_opt_r5,block_or_occupancy,lead,block_cont,lead_opt,block_cont|v8|L7,lead_opt|v8|s7,0,0,0,0.0,0.880325,1.0
block_cont_r7,lead_opt_r6,block_or_occupancy,lead,block_cont,lead_opt,block_cont|v8|L7,lead_opt|v8|s7,0,0,0,0.0,0.880325,1.0
block_cont_r7,lead_opt_r7,block_or_occupancy,lead,block_cont,lead_opt,block_cont|v8|L7,lead_opt|v9|s7,0,0,0,1.0,0.880325,1.0
block_cont_r7,lead_opt_r8,block_or_occupancy,lead,block_cont,lead_opt,block_cont|v8|L7,lead_opt|v9|s7,0,0,0,1.0,0.880325,1.0
block_cont_r7,lead_opt_r9,block_or_occupancy,lead,block_cont,lead_opt,block_cont|v8|L7,lead_opt|v7|s6,0,0,0,1.0,0.880325,1.0
block_cont_r7,temp_opt_r1,block_or_occupancy,block_or_occupancy,block_cont,temp_opt,block_cont|v8|L7,temp_opt|v6|o6,1,0,0,2.0,0.880325,1.0
block_cont_r7,temp_opt_r10,block_or_occupancy,block_or_occupancy,block_cont,temp_opt,block_cont|v8|L7,temp_opt|v6|o7,1,0,0,2.0,0.880325,1.0
block_cont_r7,temp_opt_r11,block_or_occupancy,block_or_occupancy,block_cont,temp_opt,block_cont|v8|L7,temp_opt|v7|o8,1,0,0,1.0,0.880325,1.0
block_cont_r7,temp_opt_r12,block_or_occupancy,block_or_occupancy,block_cont,temp_opt,block_cont|v8|L7,temp_opt|v8|o7,1,0,0,0.0,0.877062,1.0
block_cont_r7,temp_opt_r2,block_or_occupancy,block_or_occupancy,block_cont,temp_opt,block_cont|v8|L7,temp_opt|v6|o7,1,0,0,2.0,0.880325,1.0
block_cont_r7,temp_opt_r3,block_or_occupancy,block_or_occupancy,block_cont,temp_opt,block_cont|v8|L7,temp_opt|v6|o8,1,0,0,2.0,0.880325,1.0
block_cont_r7,temp_opt_r4,block_or_occupancy,block_or_occupancy,block_cont,temp_opt,block_cont|v8|L7,temp_opt|v7|o6,1,0,0,1.0,0.880325,1.0
block_cont_r7,temp_opt_r5,block_or_occupancy,block_or_occupancy,block_cont,temp_opt,block_cont|v8|L7,temp_opt|v7|o7,1,0,0,1.0,0.880325,1.0
block_cont_r7,temp_opt_r6,block_or_occupancy,block_or_occupancy,block_cont,temp_opt,block_cont|v8|L7,temp_opt|v7|o8,1,0,0,1.0,0.880325,1.0
block_cont_r7,temp_opt_r7,block_or_occupancy,block_or_occupancy,block_cont,temp_opt,block_cont|v8|L7,temp_opt|v8|o6,1,0,0,0.0,0.855,1.0
block_cont_r7,temp_opt_r8,block_or_occupancy,block_or_occupancy,block_cont,temp_opt,block_cont|v8|L7,temp_opt|v8|o7,1,0,0,0.0,0.880325,1.0
block_cont_r7,temp_opt_r9,block_or_occupancy,block_or_occupancy,block_cont,temp_opt,block_cont|v8|L7,temp_opt|v8|o8,1,0,0,0.0,0.880325,1.0
block_cont_r8,block_cont_r9,block_or_occupancy,block_or_occupancy,block_cont,block_cont,block_cont|v9|L7,block_cont|v9|L8,1,1,0,0.0,0.138763,1.0
block_cont_r8,block_nec_r1,block_or_occupancy,block_or_occupancy,block_cont,block_nec,block_cont|v9|L7,block_nec|v6|L5,1,0,0,3.0,0.912862,1.0
block_cont_r8,block_nec_r10,block_or_occupancy,block_or_occupancy,block_cont,block_nec,block_cont|v9|L7,block_nec|v7|L6,1,0,0,2.0,0.9158,1.0
block_cont_r8,block_nec_r11,block_or_occupancy,block_or_occupancy,block_cont,block_nec,block_cont|v9|L7,block_nec|v8|L6,1,0,0,1.0,0.729763,1.0
block_cont_r8,block_nec_r12,block_or_occupancy,block_or_occupancy,block_cont,block_nec,block_cont|v9|L7,block_nec|v6|L6,1,0,0,3.0,0.9158,1.0
block_cont_r8,block_nec_r2,block_or_occupancy,block_or_occupancy,block_cont,block_nec,block_cont|v9|L7,block_nec|v6|L5,1,0,0,3.0,0.9158,1.0
block_cont_r8,block_nec_r3,block_or_occupancy,block_or_occupancy,block_cont,block_nec,block_cont|v9|L7,block_nec|v7|L5,1,0,0,2.0,0.90395,1.0
block_cont_r8,block_nec_r4,block_or_occupancy,block_or_occupancy,block_cont,block_nec,block_cont|v9|L7,block_nec|v7|L6,1,0,0,2.0,0.9158,1.0
block_cont_r8,block_nec_r5,block_or_occupancy,block_or_occupancy,block_cont,block_nec,block_cont|v9|L7,block_nec|v8|L6,1,0,0,1.0,0.762037,1.0
block_cont_r8,block_nec_r6,block_or_occupancy,block_or_occupancy,block_cont,block_nec,block_cont|v9|L7,block_nec|v8|L7,1,0,0,1.0,0.914212,1.0
block_cont_r8,block_nec_r7,block_or_occupancy,block_or_occupancy,block_cont,block_nec,block_cont|v9|L7,block_nec|v8|L7,1,0,0,1.0,0.9158,1.0
block_cont_r8,block_nec_r8,block_or_occupancy,block_or_occupancy,block_cont,block_nec,block_cont|v9|L7,block_nec|v9|L7,1,0,0,0.0,0.779675,1.0
block_cont_r8,block_nec_r9,block_or_occupancy,block_or_occupancy,block_cont,block_nec,block_cont|v9|L7,block_nec|v9|L8,1,0,0,0.0,0.910375,1.0
block_cont_r8,cross_clear_r1,block_or_occupancy,cross,block_cont,cross_clear,block_cont|v9|L7,cross_clear|v6|d5,0,0,0,3.0,0.88835,1.0
block_cont_r8,cross_clear_r10,block_or_occupancy,cross,block_cont,cross_clear,block_cont|v9|L7,cross_clear|v8|d6,0,0,0,1.0,0.443588,1.0
block_cont_r8,cross_clear_r11,block_or_occupancy,cross,block_cont,cross_clear,block_cont|v9|L7,cross_clear|v8|d7,0,0,0,1.0,0.9158,1.0
block_cont_r8,cross_clear_r12,block_or_occupancy,cross,block_cont,cross_clear,block_cont|v9|L7,cross_clear|v8|d8,0,0,0,1.0,0.715325,1.0
block_cont_r8,cross_clear_r2,block_or_occupancy,cross,block_cont,cross_clear,block_cont|v9|L7,cross_clear|v6|d6,0,0,0,3.0,0.854575,1.0
block_cont_r8,cross_clear_r3,block_or_occupancy,cross,block_cont,cross_clear,block_cont|v9|L7,cross_clear|v6|d7,0,0,0,3.0,0.914675,1.0
block_cont_r8,cross_clear_r4,block_or_occupancy,cross,block_cont,cross_clear,block_cont|v9|L7,cross_clear|v6|d8,0,0,0,3.0,0.886537,1.0
block_cont_r8,cross_clear_r5,block_or_occupancy,cross,block_cont,cross_clear,block_cont|v9|L7,cross_clear|v7|d5,0,0,0,2.0,0.8718,1.0
block_cont_r8,cross_clear_r6,block_or_occupancy,cross,block_cont,cross_clear,block_cont|v9|L7,cross_clear|v7|d6,0,0,0,2.0,0.7548,1.0
block_cont_r8,cross_clear_r7,block_or_occupancy,cross,block_cont,cross_clear,block_cont|v9|L7,cross_clear|v7|d7,0,0,0,2.0,0.908637,1.0
block_cont_r8,cross_clear_r8,block_or_occupancy,cross,block_cont,cross_clear,block_cont|v9|L7,cross_clear|v7|d8,0,0,0,2.0,0.85255,1.0
block_cont_r8,cross_clear_r9,block_or_occupancy,cross,block_cont,cross_clear,block_cont|v9|L7,cross_clear|v8|d5,0,0,0,1.0,0.629725,1.0
block_cont_r8,cross_stall_occ_r1,block_or_occupancy,cross,block_cont,cross_stall_occ,block_cont|v9|L7,cross_stall_occ|v6|d6,0,0,0,3.0,0.303,1.0
block_cont_r8,cross_stall_occ_r10,block_or_occupancy,cross,block_cont,cross_stall_occ,block_cont|v9|L7,cross_stall_occ|v7|d7,0,0,0,2.0,0.3073,1.0
block_cont_r8,cross_stall_occ_r11,block_or_occupancy,cross,block_cont,cross_stall_occ,block_cont|v9|L7,cross_stall_occ|v8|d7,0,0,0,1.0,0.271487,1.0
block_cont_r8,cross_stall_occ_r12,block_or_occupancy,cross,block_cont,cross_stall_occ,block_cont|v9|L7,cross_stall_occ|v8|d8,0,0,0,1.0,0.293175,1.0
block_cont_r8,cross_stall_occ_r2,block_or_occupancy,cross,block_cont,cross_stall_occ,block_cont|v9|L7,cross_stall_occ|v6|d7,0,0,0,3.0,0.3277,1.0
block_cont_r8,cross_stall_occ_r3,block_or_occupancy,cross,block_cont,cross_stall_occ,block_cont|v9|L7,cross_stall_occ|v7|d7,0,0,0,2.0,0.2899,1.0
block_cont_r8,cross_stall_occ_r4,block_or_occupancy,cross,block_cont,cross_stall_occ,block_cont|v9|L7,cross_stall_occ|v7|d7,0,0,0,2.0,0.322912,1.0
block_cont_r8,cross_stall_occ_r5,block_or_occupancy,cross,block_cont,cross_stall_occ,block_cont|v9|L7,cross_stall_occ|v8|d7,0,0,0,1.0,0.293262,1.0
block_cont_r8,cross_stall_occ_r6,block_or_occupancy,cross,block_cont,cross_stall_occ,block_cont|v9|L7,cross_stall_occ|v8|d8,0,0,0,1.0,0.293262,1.0
block_cont_r8,cross_stall_occ_r7,block_or_occupancy,cross,block_cont,cross_stall_occ,block_cont|v9|L7,cross_stall_occ|v6|d6,0,0,0,3.0,0.296563,1.0
block_cont_r8,cross_stall_occ_r8,block_or_occupancy,cross,block_cont,cross_stall_occ,block_cont|v9|L7,cross_stall_occ|v6|d7,0,0,0,3.0,0.321538,1.0
block_cont_r8,cross_stall_occ_r9,block_or_occupancy,cross,block_cont,cross_stall_occ,block_cont|v9|L7,cross_stall_occ|v7|d7,0,0,0,2.0,0.28415,1.0
block_cont_r8,cross_stall_r1,block_or_occupancy,cross,block_cont,cross_stall,block_cont|v9|L7,cross_stall|v6|d6,0,0,0,3.0,0.9158,1.0
block_cont_r8,cross_stall_r10,block_or_occupancy,cross,block_cont,cross_stall,block_cont|v9|L7,cross_stall|v7|d7,0,0,0,2.0,0.9158,1.0
block_cont_r8,cross_stall_r11,block_or_occupancy,cross,block_cont,cross_stall,block_cont|v9|L7,cross_stall|v8|d7,0,0,0,1.0,0.9158,1.0
block_cont_r8,cross_stall_r12,block_or_occupancy,cross,block_cont,cross_stall,block_cont|v9|L7,cross_stall|v8|d8,0,0,0,1.0,0.9158,1.0
block_cont_r8,cross_stall_r2,block_or_occupancy,cross,block_cont,cross_stall,block_cont|v9|L7,cross_stall|v6|d6,0,0,0,3.0,0.9158,1.0
block_cont_r8,cross_stall_r3,block_or_occupancy,cross,block_cont,cross_stall,block_cont|v9|L7,cross_stall|v7|d6,0,0,0,2.0,0.9158,1.0
block_cont_r8,cross_stall_r4,block_or_occupancy,cross,block_cont,cross_stall,block_cont|v9|L7,cross_stall|v7|d7,0,0,0,2.0,0.9158,1.0
block_cont_r8,cross_stall_r5,block_or_occupancy,cross,block_cont,cross_stall,block_cont|v9|L7,cross_stall|v8|d7,0,0,0,1.0,0.907987,1.0
block_cont_r8,cross_stall_r6,block_or_occupancy,cross,block_cont,cross_stall,block_cont|v9|L7,cross_stall|v8|d8,0,0,0,1.0,0.9158,1.0
block_cont_r8,cross_stall_r7,block_or_occupancy,cross,block_cont,cross_stall,block_cont|v9|L7,cross_stall|v6|d6,0,0,0,3.0,0.9158,1.0
block_cont_r8,cross_stall_r8,block_or_occupancy,cross,block_cont,cross_stall,block_cont|v9|L7,cross_stall|v6|d6,0,0,0,3.0,0.9158,1.0
block_cont_r8,cross_stall_r9,block_or_occupancy,cross,block_cont,cross_stall,block_cont|v9|L7,cross_stall|v7|d6,0,0,0,2.0,0.9158,1.0
block_cont_r8,lead_cont_r1,block_or_occupancy,lead,block_cont,lead_cont,block_cont|v9|L7,lead_cont|v6|s5,0,0,0,3.0,0.32575,1.0
block_cont_r8,lead_cont_r10,block_or_occupancy,lead,block_cont,lead_cont,block_cont|v9|L7,lead_cont|v9|s8,0,0,0,0.0,0.2317,1.0
block_cont_r8,lead_cont_r11,block_or_occupancy,lead,block_cont,lead_cont,block_cont|v9|L7,lead_cont|v7|s6,0,0,0,2.0,0.338125,1.0
block_cont_r8,lead_cont_r12,block_or_occupancy,lead,block_cont,lead_cont,block_cont|v9|L7,lead_cont|v8|s7,0,0,0,1.0,0.380325,1.0
block_cont_r8,lead_cont_r2,block_or_occupancy,lead,block_cont,lead_cont,block_cont|v9|L7,lead_cont|v6|s5,0,0,0,3.0,0.383075,1.0
block_cont_r8,lead_cont_r3,block_or_occupancy,lead,block_cont,lead_cont,block_cont|v9|L7,lead_cont|v7|s5,0,0,0,2.0,0.341788,1.0
block_cont_r8,lead_cont_r4,block_or_occupancy,lead,block_cont,lead_cont,block_cont|v9|L7,lead_cont|v7|s6,0,0,0,2.0,0.376713,1.0
block_cont_r8,lead_cont_r5,block_or_occupancy,lead,block_cont,lead_cont,block_cont|v9|L7,lead_cont|v8|s6,0,0,0,1.0,0.344037,1.0
block_cont_r8,lead_cont_r6,block_or_occupancy,lead,block_cont,lead_cont,block_cont|v9|L7,lead_cont|v8|s7,0,0,0,1.0,0.394688,1.0
block_cont_r8,lead_cont_r7,block_or_occupancy,lead,block_cont,lead_cont,block_cont|v9|L7,lead_cont|v8|s7,0,0,0,1.0,0.380325,1.0
block_cont_r8,lead_cont_r8,block_or_occupancy,lead,block_cont,lead_cont,block_cont|v9|L7,lead_cont|v9|s7,0,0,0,0.0,0.2317,1.0
block_cont_r8,lead_cont_r9,block_or_occupancy,lead,block_cont,lead_cont,block_cont|v9|L7,lead_cont|v9|s8,0,0,0,0.0,0.23565,1.0
block_cont_r8,lead_nec_r1,block_or_occupancy,lead,block_cont,lead_nec,block_cont|v9|L7,lead_nec|v6|s5,0,0,0,3.0,0.9158,1.0
block_cont_r8,lead_nec_r10,block_or_occupancy,lead,block_cont,lead_nec,block_cont|v9|L7,lead_nec|v9|s8,0,0,0,0.0,0.9158,1.0
block_cont_r8,lead_nec_r11,block_or_occupancy,lead,block_cont,lead_nec,block_cont|v9|L7,lead_nec|v7|s6,0,0,0,2.0,0.9158,1.0
block_cont_r8,lead_nec_r12,block_or_occupancy,lead,block_cont,lead_nec,block_cont|v9|L7,lead_nec|v8|s7,0,0,0,1.0,0.9158,1.0
block_cont_r8,lead_nec_r2,block_or_occupancy,lead,block_cont,lead_nec,block_cont|v9|L7,lead_nec|v6|s5,0,0,0,3.0,0.9158,1.0
block_cont_r8,lead_nec_r3,block_or_occupancy,lead,block_cont,lead_nec,block_cont|v9|L7,lead_nec|v7|s5,0,0,0,2.0,0.9158,1.0
block_cont_r8,lead_nec_r4,block_or_occupancy,lead,block_cont,lead_nec,block_cont|v9|L7,lead_nec|v7|s6,0,0,0,2.0,0.9158,1.0
block_cont_r8,lead_nec_r5,block_or_occupancy,lead,block_cont,lead_nec,block_cont|v9|L7,lead_nec|v8|s6,0,0,0,1.0,0.9158,1.0
block_cont_r8,lead_nec_r6,block_or_occupancy,lead,block_cont,lead_nec,block_cont|v9|L7,lead_nec|v8|s7,0,0,0,1.0,0.9158,1.0
block_cont_r8,lead_nec_r7,block_or_occupancy,lead,block_cont,lead_nec,block_cont|v9|L7,lead_nec|v8|s7,0,0,0,1.0,0.9158,1.0
block_cont_r8,lead_nec_r8,block_or_occupancy,lead,block_cont,lead_nec,block_cont|v9|L7,lead_nec|v9|s7,0,0,0,0.0,0.9158,1.0
block_cont_r8,lead_nec_r9,block_or_occupancy,lead,block_cont,lead_nec,block_cont|v9|L7,lead_nec|v9|s8,0,0,0,0.0,0.9158,1.0
block_cont_r8,lead_opt_r1,block_or_occupancy,lead,block_cont,lead_opt,block_cont|v9|L7,lead_opt|v6|s6,0,0,0,3.0,0.9158,1.0
block_cont_r8,lead_opt_r10,block_or_occupancy,lead,block_cont,lead_opt,block_cont|v9|L7,lead_opt|v8|s7,0,0,0,1.0,0.9158,1.0
block_cont_r8,lead_opt_r11,block_or_occupancy,lead,block_cont,lead_opt,block_cont|v9|L7,lead_opt|v6|s6,0,0,0,3.0,0.9158,1.0
block_cont_r8,lead_opt_r12,block_or_occupancy,lead,block_cont,lead_opt,block_cont|v9|L7,lead_opt|v7|s7,0,0,0,2.0,0.9158,1.0
block_cont_r8,lead_opt_r2,block_or_occupancy,lead,block_cont,lead_opt,block_cont|v9|L7,lead_opt|v6|s6,0,0,0,3.0,0.9158,1.0
block_cont_r8,lead_opt_r3,block_or_occupancy,lead,block_cont,lead_opt,block_cont|v9|L7,lead_opt|v7|s6,0,0,0,2.0,0.9158,1.0
block_cont_r8,lead_opt_r4,block_or_occupancy,lead,block_cont,lead_opt,block_cont|v9|L7,lead_opt|v7|s6,0,0,0,2.0,0.9158,1.0
block_cont_r8,lead_opt_r5,block_or_occupancy,lead,block_cont,lead_opt,block_cont|v9|L7,lead_opt|v8|s7,0,0,0,1.0,0.9158,1.0
block_cont_r8,lead_opt_r6,block_or_occupancy,lead,block_cont,lead_opt,block_cont|v9|L7,lead_opt|v8|s7,0,0,0,1.0,0.9158,1.0
block_cont_r8,lead_opt_r7,block_or_occupancy,lead,block_cont,lead_opt,block_cont|v9|L7,lead_opt|v9|s7,0,0,0,0.0,0.9158,1.0
block_cont_r8,lead_opt_r8,block_or_occupancy,lead,block_cont,lead_opt,block_cont|v9|L7,lead_opt|v9|s7,0,0,0,0.0,0.9158,1.0
block_cont_r8,lead_opt_r9,block_or_occupancy,lead,block_cont,lead_opt,block_cont|v9|L7,lead_opt|v7|s6,0,0,0,2.0,0.9158,1.0
block_cont_r8,temp_opt_r1,block_or_occupancy,block_or_occupancy,block_cont,temp_opt,block_cont|v9|L7,temp_opt|v6|o6,1,0,0,3.0,0.9158,1.0
block_cont_r8,temp_opt_r10,block_or_occupancy,block_or_occupancy,block_cont,temp_opt,block_cont|v9|L7,temp_opt|v6|o7,1,0,0,3.0,0.9158,1.0
block_cont_r8,temp_opt_r11,block_or_occupancy,block_or_occupancy,block_cont,temp_opt,block_cont|v9|L7,temp_opt|v7|o8,1,0,0,2.0,0.9158,1.0
block_cont_r8,temp_opt_r12,block_or_occupancy,block_or_occupancy,block_cont,temp_opt,block_cont|v9|L7,temp_opt|v8|o7,1,0,0,1.0,0.9158,1.0
block_cont_r8,temp_opt_r2,block_or_occupancy,block_or_occupancy,block_cont,temp_opt,block_cont|v9|L7,temp_opt|v6|o7,1,0,0,3.0,0.9158,1.0
block_cont_r8,temp_opt_r3,block_or_occupancy,block_or_occupancy,block_cont,temp_opt,block_cont|v9|L7,temp_opt|v6|o8,1,0,0,3.0,0.9158,1.0
block_cont_r8,temp_opt_r4,block_or_occupancy,block_or_occupancy,block_cont,temp_opt,block_cont|v9|L7,temp_opt|v7|o6,1,0,0,2.0,0.9158,1.0
block_cont_r8,temp_opt_r5,block_or_occupancy,block_or_occupancy,block_cont,temp_opt,block_cont|v9|L7,temp_opt|v7|o7,1,0,0,2.0,0.9158,1.0
block_cont_r8,temp_opt_r6,block_or_occupancy,block_or_occupancy,block_cont,temp_opt,block_cont|v9|L7,temp_opt|v7|o8,1,0,0,2.0,0.9158,1.0
block_cont_r8,temp_opt_r7,block_or_occupancy,block_or_occupancy,block_cont,temp_opt,block_cont|v9|L7,temp_opt|v8|o6,1,0,0,1.0,0.909512,1.0
block_cont_r8,temp_opt_r8,block_or_occupancy,block_or_occupancy,block_cont,temp_opt,block_cont|v9|L7,temp_opt|v8|o7,1,0,0,1.0,0.9158,1.0
block_cont_r8,temp_opt_r9,block_or_occupancy,block_or_occupancy,block_cont,temp_opt,block_cont|v9|L7,temp_opt|v8|o8,1,0,0,1.0,0.9158,1.0
block_cont_r9,block_nec_r1,block_or_occupancy,block_or_occupancy,block_cont,block_nec,block_cont|v9|L8,block_nec|v6|L5,1,0,0,3.0,0.854588,1.0
block_cont_r9,block_nec_r10,block_or_occupancy,block_or_occupancy,block_cont,block_nec,block_cont|v9|L8,block_nec|v7|L6,1,0,0,2.0,0.87645,1.0
block_cont_r9,block_nec_r11,block_or_occupancy,block_or_occupancy,block_cont,block_nec,block_cont|v9|L8,block_nec|v8|L6,1,0,0,1.0,0.841,1.0
block_cont_r9,block_nec_r12,block_or_occupancy,block_or_occupancy,block_cont,block_nec,block_cont|v9|L8,block_nec|v6|L6,1,0,0,3.0,0.87645,1.0
block_cont_r9,block_nec_r2,block_or_occupancy,block_or_occupancy,block_cont,block_nec,block_cont|v9|L8,block_nec|v6|L5,1,0,0,3.0,0.87645,1.0
block_cont_r9,block_nec_r3,block_or_occupancy,block_or_occupancy,block_cont,block_nec,block_cont|v9|L8,block_nec|v7|L5,1,0,0,2.0,0.84105,1.0
block_cont_r9,block_nec_r4,block_or_occupancy,block_or_occupancy,block_cont,block_nec,block_cont|v9|L8,block_nec|v7|L6,1,0,0,2.0,0.874325,1.0
block_cont_r9,block_nec_r5,block_or_occupancy,block_or_occupancy,block_cont,block_nec,block_cont|v9|L8,block_nec|v8|L6,1,0,0,1.0,0.873275,1.0
block_cont_r9,block_nec_r6,block_or_occupancy,block_or_occupancy,block_cont,block_nec,block_cont|v9|L8,block_nec|v8|L7,1,0,0,1.0,0.865275,1.0
block_cont_r9,block_nec_r7,block_or_occupancy,block_or_occupancy,block_cont,block_nec,block_cont|v9|L8,block_nec|v8|L7,1,0,0,1.0,0.87645,1.0
block_cont_r9,block_nec_r8,block_or_occupancy,block_or_occupancy,block_cont,block_nec,block_cont|v9|L8,block_nec|v9|L7,1,0,0,0.0,0.890912,1.0
block_cont_r9,block_nec_r9,block_or_occupancy,block_or_occupancy,block_cont,block_nec,block_cont|v9|L8,block_nec|v9|L8,1,0,0,0.0,0.860213,1.0
block_cont_r9,cross_clear_r1,block_or_occupancy,cross,block_cont,cross_clear,block_cont|v9|L8,cross_clear|v6|d5,0,0,0,3.0,0.849,1.0
block_cont_r9,cross_clear_r10,block_or_occupancy,cross,block_cont,cross_clear,block_cont|v9|L8,cross_clear|v8|d6,0,0,0,1.0,0.554825,1.0
block_cont_r9,cross_clear_r11,block_or_occupancy,cross,block_cont,cross_clear,block_cont|v9|L8,cross_clear|v8|d7,0,0,0,1.0,0.87645,1.0
block_cont_r9,cross_clear_r12,block_or_occupancy,cross,block_cont,cross_clear,block_cont|v9|L8,cross_clear|v8|d8,0,0,0,1.0,0.6196,1.0
block_cont_r9,cross_clear_r2,block_or_occupancy,cross,block_cont,cross_clear,block_cont|v9|L8,cross_clear|v6|d6,0,0,0,3.0,0.782775,1.0
block_cont_r9,cross_clear_r3,block_or_occupancy,cross,block_cont,cross_clear,block_cont|v9|L8,cross_clear|v6|d7,0,0,0,3.0,0.875325,1.0
block_cont_r9,cross_clear_r4,block_or_occupancy,cross,block_cont,cross_clear,block_cont|v9|L8,cross_clear|v6|d8,0,0,0,3.0,0.788512,1.0
block_cont_r9,cross_clear_r5,block_or_occupancy,cross,block_cont,cross_clear,block_cont|v9|L8,cross_clear|v7|d5,0,0,0,2.0,0.83245,1.0
block_cont_r9,cross_clear_r6,block_or_occupancy,cross,block_cont,cross_clear,block_cont|v9|L8,cross_clear|v7|d6,0,0,0,2.0,0.6498,1.0
block_cont_r9,cross_clear_r7,block_or_occupancy,cross,block_cont,cross_clear,block_cont|v9|L8,cross_clear|v7|d7,0,0,0,2.0,0.869287,1.0
block_cont_r9,cross_clear_r8,block_or_occupancy,cross,block_cont,cross_clear,block_cont|v9|L8,cross_clear|v7|d8,0,0,0,2.0,0.757413,1.0
block_cont_r9,cross_clear_r9,block_or_occupancy,cross,block_cont,cross_clear,block_cont|v9|L8,cross_clear|v8|d5,0,0,0,1.0,0.590375,1.0
block_cont_r9,cross_stall_occ_r1,block_or_occupancy,cross,block_cont,cross_stall_occ,block_cont|v9|L8,cross_stall_occ|v6|d6,0,0,0,3.0,0.1728,1.0
block_cont_r9,cross_stall_occ_r10,block_or_occupancy,cross,block_cont,cross_stall_occ,block_cont|v9|L8,cross_stall_occ|v7|d7,0,0,0,2.0,0.1795,1.0
block_cont_r9,cross_stall_occ_r11,block_or_occupancy,cross,block_cont,cross_stall_occ,block_cont|v9|L8,cross_stall_occ|v8|d7,0,0,0,1.0,0.1343,1.0
block_cont_r9,cross_stall_occ_r12,block_or_occupancy,cross,block_cont,cross_stall_occ,block_cont|v9|L8,cross_stall_occ|v8|d8,0,0,0,1.0,0.162237,1.0
block_cont_r9,cross_stall_occ_r2,block_or_occupancy,cross,block_cont,cross_stall_occ,block_cont|v9|L8,cross_stall_occ|v6|d7,0,0,0,3.0,0.204313,1.0
block_cont_r9,cross_stall_occ_r3,block_or_occupancy,cross,block_cont,cross_stall_occ,block_cont|v9|L8,cross_stall_occ|v7|d7,0,0,0,2.0,0.157175,1.0
block_cont_r9,cross_stall_occ_r4,block_or_occupancy,cross,block_cont,cross_stall_occ,block_cont|v9|L8,cross_stall_occ|v7|d7,0,0,0,2.0,0.1995,1.0
block_cont_r9,cross_stall_occ_r5,block_or_occupancy,cross,block_cont,cross_stall_occ,block_cont|v9|L8,cross_stall_occ|v8|d7,0,0,0,1.0,0.162387,1.0
block_cont_r9,cross_stall_occ_r6,block_or_occupancy,cross,block_cont,cross_stall_occ,block_cont|v9|L8,cross_stall_occ|v8|d8,0,0,0,1.0,0.162463,1.0
block_cont_r9,cross_stall_occ_r7,block_or_occupancy,cross,block_cont,cross_stall_occ,block_cont|v9|L8,cross_stall_occ|v6|d6,0,0,0,3.0,0.1646,1.0
block_cont_r9,cross_stall_occ_r8,block_or_occupancy,cross,block_cont,cross_stall_occ,block_cont|v9|L8,cross_stall_occ|v6|d7,0,0,0,3.0,0.19645,1.0
block_cont_r9,cross_stall_occ_r9,block_or_occupancy,cross,block_cont,cross_stall_occ,block_cont|v9|L8,cross_stall_occ|v7|d7,0,0,0,2.0,0.149787,1.0
block_cont_r9,cross_stall_r1,block_or_occupancy,cross,block_cont,cross_stall,block_cont|v9|L8,cross_stall|v6|d6,0,0,0,3.0,0.87645,1.0
block_cont_r9,cross_stall_r10,block_or_occupancy,cross,block_cont,cross_stall,block_cont|v9|L8,cross_stall|v7|d7,0,0,0,2.0,0.87645,1.0
block_cont_r9,cross_stall_r11,block_or_occupancy,cross,block_cont,cross_stall,block_cont|v9|L8,cross_stall|v8|d7,0,0,0,1.0,0.873188,1.0
block_cont_r9,cross_stall_r12,block_or_occupancy,cross,block_cont,cross_stall,block_cont|v9|L8,cross_stall|v8|d8,0,0,0,1.0,0.87645,1.0
block_cont_r9,cross_stall_r2,block_or_occupancy,cross,block_cont,cross_stall,block_cont|v9|L8,cross_stall|v6|d6,0,0,0,3.0,0.87645,1.0
block_cont_r9,cross_stall_r3,block_or_occupancy,cross,block_cont,cross_stall,block_cont|v9|L8,cross_stall|v7|d6,0,0,0,2.0,0.871525,1.0
block_cont_r9,cross_stall_r4,block_or_occupancy,cross,block_cont,cross_stall,block_cont|v9|L8,cross_stall|v7|d7,0,0,0,2.0,0.87645,1.0
block_cont_r9,cross_stall_r5,block_or_occupancy,cross,block_cont,cross_stall,block_cont|v9|L8,cross_stall|v8|d7,0,0,0,1.0,0.84155,1.0
block_cont_r9,cross_stall_r6,block_or_occupancy,cross,block_cont,cross_stall,block_cont|v9|L8,cross_stall|v8|d8,0,0,0,1.0,0.87645,1.0
block_cont_r9,cross_stall_r7,block_or_occupancy,cross,block_cont,cross_stall,block_cont|v9|L8,cross_stall|v6|d6,0,0,0,3.0,0.87645,1.0
block_cont_r9,cross_stall_r8,block_or_occupancy,cross,block_cont,cross_stall,block_cont|v9|L8,cross_stall|v6|d6,0,0,0,3.0,0.87645,1.0
block_cont_r9,cross_stall_r9,block_or_occupancy,cross,block_cont,cross_stall,block_cont|v9|L8,cross_stall|v7|d6,0,0,0,2.0,0.87645,1.0
block_cont_r9,lead_cont_r1,block_or_occupancy,lead,block_cont,lead_cont,block_cont|v9|L8,lead_cont|v6|s5,0,0,0,3.0,0.201788,1.0
block_cont_r9,lead_cont_r10,block_or_occupancy,lead,block_cont,lead_cont,block_cont|v9|L8,lead_cont|v9|s8,0,0,0,0.0,0.1221,0.254
block_cont_r9,lead_cont_r11,block_or_occupancy,lead,block_cont,lead_cont,block_cont|v9|L8,lead_cont|v7|s6,0,0,0,2.0,0.219087,1.0
block_cont_r9,lead_cont_r12,block_or_occupancy,lead,block_cont,lead_cont,block_cont|v9|L8,lead_cont|v8|s7,0,0,0,1.0,0.275075,1.0
block_cont_r9,lead_cont_r2,block_or_occupancy,lead,block_cont,lead_cont,block_cont|v9|L8,lead_cont|v6|s5,0,0,0,3.0,0.274913,1.0
block_cont_r9,lead_cont_r3,block_or_occupancy,lead,block_cont,lead_cont,block_cont|v9|L8,lead_cont|v7|s5,0,0,0,2.0,0.22385,1.0
block_cont_r9,lead_cont_r4,block_or_occupancy,lead,block_cont,lead_cont,block_cont|v9|L8,lead_cont|v7|s6,0,0,0,2.0,0.268637,1.0
block_cont_r9,lead_cont_r5,block_or_occupancy,lead,block_cont,lead_cont,block_cont|v9|L8,lead_cont|v8|s6,0,0,0,1.0,0.228137,1.0
block_cont_r9,lead_cont_r6,block_or_occupancy,lead,block_cont,lead_cont,block_cont|v9|L8,lead_cont|v8|s7,0,0,0,1.0,0.293637,1.0
block_cont_r9,lead_cont_r7,block_or_occupancy,lead,block_cont,lead_cont,block_cont|v9|L8,lead_cont|v8|s7,0,0,0,1.0,0.275075,1.0
block_cont_r9,lead_cont_r8,block_or_occupancy,lead,block_cont,lead_cont,block_cont|v9|L8,lead_cont|v9|s7,0,0,0,0.0,0.1221,0.254
block_cont_r9,lead_cont_r9,block_or_occupancy,lead,block_cont,lead_cont,block_cont|v9|L8,lead_cont|v9|s8,0,0,0,0.0,0.12605,0.2799
block_cont_r9,lead_nec_r1,block_or_occupancy,lead,block_cont,lead_nec,block_cont|v9|L8,lead_nec|v6|s5,0,0,0,3.0,0.87645,1.0
block_cont_r9,lead_nec_r10,block_or_occupancy,lead,block_cont,lead_nec,block_cont|v9|L8,lead_nec|v9|s8,0,0,0,0.0,0.87645,1.0
block_cont_r9,lead_nec_r11,block_or_occupancy,lead,block_cont,lead_nec,block_cont|v9|L8,lead_nec|v7|s6,0,0,0,2.0,0.87645,1.0
block_cont_r9,lead_nec_r12,block_or_occupancy,lead,block_cont,lead_nec,block_cont|v9|L8,lead_nec|v8|s7,0,0,0,1.0,0.87645,1.0
block_cont_r9,lead_nec_r2,block_or_occupancy,lead,block_cont,lead_nec,block_cont|v9|L8,lead_nec|v6|s5,0,0,0,3.0,0.87645,1.0
block_cont_r9,lead_nec_r3,block_or_occupancy,lead,block_cont,lead_nec,block_cont|v9|L8,lead_nec|v7|s5,0,0,0,2.0,0.87645,1.0
block_cont_r9,lead_nec_r4,block_or_occupancy,lead,block_cont,lead_nec,block_cont|v9|L8,lead_nec|v7|s6,0,0,0,2.0,0.87645,1.0
block_cont_r9,lead_nec_r5,block_or_occupancy,lead,block_cont,lead_nec,block_cont|v9|L8,lead_nec|v8|s6,0,0,0,1.0,0.87645,1.0
block_cont_r9,lead_nec_r6,block_or_occupancy,lead,block_cont,lead_nec,block_cont|v9|L8,lead_nec|v8|s7,0,0,0,1.0,0.87645,1.0
block_cont_r9,lead_nec_r7,block_or_occupancy,lead,block_cont,lead_nec,block_cont|v9|L8,lead_nec|v8|s7,0,0,0,1.0,0.87645,1.0
block_cont_r9,lead_nec_r8,block_or_occupancy,lead,block_cont,lead_nec,block_cont|v9|L8,lead_nec|v9|s7,0,0,0,0.0,0.87645,1.0
block_cont_r9,lead_nec_r9,block_or_occupancy,lead,block_cont,lead_nec,block_cont|v9|L8,lead_nec|v9|s8,0,0,0,0.0,0.87645,1.0
block_cont_r9,lead_opt_r1,block_or_occupancy,lead,block_cont,lead_opt,block_cont|v9|L8,lead_opt|v6|s6,0,0,0,3.0,0.87645,1.0
block_cont_r9,lead_opt_r10,block_or_occupancy,lead,block_cont,lead_opt,block_cont|v9|L8,lead_opt|v8|s7,0,0,0,1.0,0.87645,1.0
block_cont_r9,lead_opt_r11,block_or_occupancy,lead,block_cont,lead_opt,block_cont|v9|L8,lead_opt|v6|s6,0,0,0,3.0,0.87645,1.0
block_cont_r9,lead_opt_r12,block_or_occupancy,lead,block_cont,lead_opt,block_cont|v9|L8,lead_opt|v7|s7,0,0,0,2.0,0.87645,1.0
block_cont_r9,lead_opt_r2,block_or_occupancy,lead,block_cont,lead_opt,block_cont|v9|L8,lead_opt|v6|s6,0,0,0,3.0,0.87645,1.0
block_cont_r9,lead_opt_r3,block_or_occupancy,lead,block_cont,lead_opt,block_cont|v9|L8,lead_opt|v7|s6,0,0,0,2.0,0.87645,1.0
block_cont_r9,lead_opt_r4,block_or_occupancy,lead,block_cont,lead_opt,block_cont|v9|L8,lead_opt|v7|s6,0,0,0,2.0,0.87645,1.0
block_cont_r9,lead_opt_r5,block_or_occupancy,lead,block_cont,lead_opt,block_cont|v9|L8,lead_opt|v8|s7,0,0,0,1.0,0.87645,1.0
block_cont_r9,lead_opt_r6,block_or_occupancy,lead,block_cont,lead_opt,block_cont|v9|L8,lead_opt|v8|s7,0,0,0,1.0,0.87645,1.0
block_cont_r9,lead_opt_r7,block_or_occupancy,lead,block_cont,lead_opt,block_cont|v9|L8,lead_opt|v9|s7,0,0,0,0.0,0.87645,1.0
block_cont_r9,lead_opt_r8,block_or_occupancy,lead,block_cont,lead_opt,block_cont|v9|L8,lead_opt|v9|s7,0,0,0,0.0,0.87645,1.0
block_cont_r9,lead_opt_r9,block_or_occupancy,lead,block_cont,lead_opt,block_cont|v9|L8,lead_opt|v7|s6,0,0,0,2.0,0.87645,1.0
block_cont_r9,temp_opt_r1,block_or_occupancy,block_or_occupancy,block_cont,temp_opt,block_cont|v9|L8,temp_opt|v6|o6,1,0,0,3.0,0.87645,1.0
block_cont_r9,temp_opt_r10,block_or_occupancy,block_or_occupancy,block_cont,temp_opt,block_cont|v9|L8,temp_opt|v6|o7,1,0,0,3.0,0.87645,1.0
block_cont_r9,temp_opt_r11,block_or_occupancy,block_or_occupancy,block_cont,temp_opt,block_cont|v9|L8,temp_opt|v7|o8,1,0,0,2.0,0.87645,1.0
block_cont_r9,temp_opt_r12,block_or_occupancy,block_or_occupancy,block_cont,temp_opt,block_cont|v9|L8,temp_opt|v8|o7,1,0,0,1.0,0.873188,1.0
block_cont_r9,temp_opt_r2,block_or_occupancy,block_or_occupancy,block_cont,temp_opt,block_cont|v9|L8,temp_opt|v6|o7,1,0,0,3.0,0.87645,1.0
block_cont_r9,temp_opt_r3,block_or_occupancy,block_or_occupancy,block_cont,temp_opt,block_cont|v9|L8,temp_opt|v6|o8,1,0,0,3.0,0.87645,1.0
block_cont_r9,temp_opt_r4,block_or_occupancy,block_or_occupancy,block_cont,temp_opt,block_cont|v9|L8,temp_opt|v7|o6,1,0,0,2.0,0.87645,1.0
block_cont_r9,temp_opt_r5,block_or_occupancy,block_or_occupancy,block_cont,temp_opt,block_cont|v9|L8,temp_opt|v7|o7,1,0,0,2.0,0.87645,1.0
block_cont_r9,temp_opt_r6,block_or_occupancy,block_or_occupancy,block_cont,temp_opt,block_cont|v9|L8,temp_opt|v7|o8,1,0,0,2.0,0.87645,1.0
block_cont_r9,temp_opt_r7,block_or_occupancy,block_or_occupancy,block_cont,temp_opt,block_cont|v9|L8,temp_opt|v8|o6,1,0,0,1.0,0.851125,1.0
block_cont_r9,temp_opt_r8,block_or_occupancy,block_or_occupancy,block_cont,temp_opt,block_cont|v9|L8,temp_opt|v8|o7,1,0,0,1.0,0.87645,1.0
block_cont_r9,temp_opt_r9,block_or_occupancy,block_or_occupancy,block_cont,temp_opt,block_cont|v9|L8,temp_opt|v8|o8,1,0,0,1.0,0.87645,1.0
block_nec_r1,block_nec_r10,block_or_occupancy,block_or_occupancy,block_nec,block_nec,block_nec|v6|L5,block_nec|v7|L6,1,1,0,1.0,0.021862,0.1514
block_nec_r1,block_nec_r11,block_or_occupancy,block_or_occupancy,block_nec,block_nec,block_nec|v6|L5,block_nec|v8|L6,1,1,0,2.0,0.1831,1.0
block_nec_r1,block_nec_r12,block_or_occupancy,block_or_occupancy,block_nec,block_nec,block_nec|v6|L5,block_nec|v6|L6,1,1,0,0.0,0.021862,0.1514
block_nec_r1,block_nec_r2,block_or_occupancy,block_or_occupancy,block_nec,block_nec,block_nec|v6|L5,block_nec|v6|L5,1,1,1,0.0,0.021862,0.1514
block_nec_r1,block_nec_r3,block_or_occupancy,block_or_occupancy,block_nec,block_nec,block_nec|v6|L5,block_nec|v7|L5,1,1,0,1.0,0.013538,0.0713
block_nec_r1,block_nec_r4,block_or_occupancy,block_or_occupancy,block_nec,block_nec,block_nec|v6|L5,block_nec|v7|L6,1,1,0,1.0,0.019737,0.1344
block_nec_r1,block_nec_r5,block_or_occupancy,block_or_occupancy,block_nec,block_nec,block_nec|v6|L5,block_nec|v8|L6,1,1,0,2.0,0.150825,1.0
block_nec_r1,block_nec_r6,block_or_occupancy,block_or_occupancy,block_nec,block_nec,block_nec|v6|L5,block_nec|v8|L7,1,1,0,2.0,0.010687,0.0747
block_nec_r1,block_nec_r7,block_or_occupancy,block_or_occupancy,block_nec,block_nec,block_nec|v6|L5,block_nec|v8|L7,1,1,0,2.0,0.021862,0.1514
block_nec_r1,block_nec_r8,block_or_occupancy,block_or_occupancy,block_nec,block_nec,block_nec|v6|L5,block_nec|v9|L7,1,1,0,3.0,0.133188,1.0
block_nec_r1,block_nec_r9,block_or_occupancy,block_or_occupancy,block_nec,block_nec,block_nec|v6|L5,block_nec|v9|L8,1,1,0,3.0,0.0106,0.0649
block_nec_r1,cross_clear_r1,block_or_occupancy,cross,block_nec,cross_clear,block_nec|v6|L5,cross_clear|v6|d5,0,0,0,0.0,0.080088,0.2228
block_nec_r1,cross_clear_r10,block_or_occupancy,cross,block_nec,cross_clear,block_nec|v6|L5,cross_clear|v8|d6,0,0,0,2.0,0.584075,1.0
block_nec_r1,cross_clear_r11,block_or_occupancy,cross,block_nec,cross_clear,block_nec|v6|L5,cross_clear|v8|d7,0,0,0,2.0,0.142037,0.451
block_nec_r1,cross_clear_r12,block_or_occupancy,cross,block_nec,cross_clear,block_nec|v6|L5,cross_clear|v8|d8,0,0,0,2.0,0.406062,0.6043
block_nec_r1,cross_clear_r2,block_or_occupancy,cross,block_nec,cross_clear,block_nec|v6|L5,cross_clear|v6|d6,0,0,0,0.0,0.136225,0.4663
block_nec_r1,cross_clear_r3,block_or_occupancy,cross,block_nec,cross_clear,block_nec|v6|L5,cross_clear|v6|d7,0,0,0,0.0,0.037662,0.1514
block_nec_r1,cross_clear_r4,block_or_occupancy,cross,block_nec,cross_clear,block_nec|v6|L5,cross_clear|v6|d8,0,0,0,0.0,0.1416,0.3327
block_nec_r1,cross_clear_r5,block_or_occupancy,cross,block_nec,cross_clear,block_nec|v6|L5,cross_clear|v7|d5,0,0,0,1.0,0.227825,0.5581
block_nec_r1,cross_clear_r6,block_or_occupancy,cross,block_nec,cross_clear,block_nec|v6|L5,cross_clear|v7|d6,0,0,0,1.0,0.370338,0.5673
block_nec_r1,cross_clear_r7,block_or_occupancy,cross,block_nec,cross_clear,block_nec|v6|L5,cross_clear|v7|d7,0,0,0,1.0,0.108687,0.2694
block_nec_r1,cross_clear_r8,block_or_occupancy,cross,block_nec,cross_clear,block_nec|v6|L5,cross_clear|v7|d8,0,0,0,1.0,0.200725,0.305
block_nec_r1,cross_clear_r9,block_or_occupancy,cross,block_nec,cross_clear,block_nec|v6|L5,cross_clear|v8|d5,0,0,0,2.0,0.35695,1.0
block_nec_r1,cross_stall_occ_r1,block_or_occupancy,cross,block_nec,cross_stall_occ,block_nec|v6|L5,cross_stall_occ|v6|d6,0,0,0,0.0,0.819963,1.0
block_nec_r1,cross_stall_occ_r10,block_or_occupancy,cross,block_nec,cross_stall_occ,block_nec|v6|L5,cross_stall_occ|v7|d7,0,0,0,1.0,0.788275,1.0
block_nec_r1,cross_stall_occ_r11,block_or_occupancy,cross,block_nec,cross_stall_occ,block_nec|v6|L5,cross_stall_occ|v8|d7,0,0,0,2.0,0.858463,1.0
block_nec_r1,cross_stall_occ_r12,block_or_occupancy,cross,block_nec,cross_stall_occ,block_nec|v6|L5,cross_stall_occ|v8|d8,0,0,0,2.0,0.830525,1.0
block_nec_r1,cross_stall_occ_r2,block_or_occupancy,cross,block_nec,cross_stall_occ,block_nec|v6|L5,cross_stall_occ|v6|d7,0,0,0,0.0,0.78845,1.0
block_nec_r1,cross_stall_occ_r3,block_or_occupancy,cross,block_nec,cross_stall_occ,block_nec|v6|L5,cross_stall_occ|v7|d7,0,0,0,1.0,0.8106,1.0
block_nec_r1,cross_stall_occ_r4,block_or_occupancy,cross,block_nec,cross_stall_occ,block_nec|v6|L5,cross_stall_occ|v7|d7,0,0,0,1.0,0.768275,1.0
block_nec_r1,cross_stall_occ_r5,block_or_occupancy,cross,block_nec,cross_stall_occ,block_nec|v6|L5,cross_stall_occ|v8|d7,0,0,0,2.0,0.830375,1.0
block_nec_r1,cross_stall_occ_r6,block_or_occupancy,cross,block_nec,cross_stall_occ,block_nec|v6|L5,cross_stall_occ|v8|d8,0,0,0,2.0,0.8303,1.0
block_nec_r1,cross_stall_occ_r7,block_or_occupancy,cross,block_nec,cross_stall_occ,block_nec|v6|L5,cross_stall_occ|v6|d6,0,0,0,0.0,0.828163,1.0
block_nec_r1,cross_stall_occ_r8,block_or_occupancy,cross,block_nec,cross_stall_occ,block_nec|v6|L5,cross_stall_occ|v6|d7,0,0,0,0.0,0.796312,1.0
block_nec_r1,cross_stall_occ_r9,block_or_occupancy,cross,block_nec,cross_stall_occ,block_nec|v6|L5,cross_stall_occ|v7|d7,0,0,0,1.0,0.817988,1.0
block_nec_r1,cross_stall_r1,block_or_occupancy,cross,block_nec,cross_stall,block_nec|v6|L5,cross_stall|v6|d6,0,0,0,0.0,0.021862,0.1514
block_nec_r1,cross_stall_r10,block_or_occupancy,cross,block_nec,cross_stall,block_nec|v6|L5,cross_stall|v7|d7,0,0,0,1.0,0.021862,0.1514
block_nec_r1,cross_stall_r11,block_or_occupancy,cross,block_nec,cross_stall,block_nec|v6|L5,cross_stall|v8|d7,0,0,0,2.0,0.0186,0.1253
block_nec_r1,cross_stall_r12,block_or_occupancy,cross,block_nec,cross_stall,block_nec|v6|L5,cross_stall|v8|d8,0,0,0,2.0,0.021862,0.1514
block_nec_r1,cross_stall_r2,block_or_occupancy,cross,block_nec,cross_stall,block_nec|v6|L5,cross_stall|v6|d6,0,0,0,0.0,0.021862,0.1514
block_nec_r1,cross_stall_r3,block_or_occupancy,cross,block_nec,cross_stall,block_nec|v6|L5,cross_stall|v7|d6,0,0,0,1.0,0.016937,0.112
block_nec_r1,cross_stall_r4,block_or_occupancy,cross,block_nec,cross_stall,block_nec|v6|L5,cross_stall|v7|d7,0,0,0,1.0,0.021862,0.1514
block_nec_r1,cross_stall_r5,block_or_occupancy,cross,block_nec,cross_stall,block_nec|v6|L5,cross_stall|v8|d7,0,0,0,2.0,0.013038,0.0653
block_nec_r1,cross_stall_r6,block_or_occupancy,cross,block_nec,cross_stall,block_nec|v6|L5,cross_stall|v8|d8,0,0,0,2.0,0.021862,0.1514
block_nec_r1,cross_stall_r7,block_or_occupancy,cross,block_nec,cross_stall,block_nec|v6|L5,cross_stall|v6|d6,0,0,0,0.0,0.021862,0.1514
block_nec_r1,cross_stall_r8,block_or_occupancy,cross,block_nec,cross_stall,block_nec|v6|L5,cross_stall|v6|d6,0,0,0,0.0,0.021862,0.1514
block_nec_r1,cross_stall_r9,block_or_occupancy,cross,block_nec,cross_stall,block_nec|v6|L5,cross_stall|v7|d6,0,0,0,1.0,0.021862,0.1514
block_nec_r1,lead_cont_r1,block_or_occupancy,lead,block_nec,lead_cont,block_nec|v6|L5,lead_cont|v6|s5,0,0,0,0.0,0.790975,1.0
block_nec_r1,lead_cont_r10,block_or_occupancy,lead,block_nec,lead_cont,block_nec|v6|L5,lead_cont|v9|s8,0,0,0,3.0,0.732487,1.0
block_nec_r1,lead_cont_r11,block_or_occupancy,lead,block_nec,lead_cont,block_nec|v6|L5,lead_cont|v7|s6,0,0,0,1.0,0.748687,1.0
block_nec_r1,lead_cont_r12,block_or_occupancy,lead,block_nec,lead_cont,block_nec|v6|L5,lead_cont|v8|s7,0,0,0,2.0,0.717688,1.0
block_nec_r1,lead_cont_r2,block_or_occupancy,lead,block_nec,lead_cont,block_nec|v6|L5,lead_cont|v6|s5,0,0,0,0.0,0.71785,1.0
block_nec_r1,lead_cont_r3,block_or_occupancy,lead,block_nec,lead_cont,block_nec|v6|L5,lead_cont|v7|s5,0,0,0,1.0,0.743925,1.0
block_nec_r1,lead_cont_r4,block_or_occupancy,lead,block_nec,lead_cont,block_nec|v6|L5,lead_cont|v7|s6,0,0,0,1.0,0.699137,1.0
block_nec_r1,lead_cont_r5,block_or_occupancy,lead,block_nec,lead_cont,block_nec|v6|L5,lead_cont|v8|s6,0,0,0,2.0,0.764625,1.0
block_nec_r1,lead_cont_r6,block_or_occupancy,lead,block_nec,lead_cont,block_nec|v6|L5,lead_cont|v8|s7,0,0,0,2.0,0.699125,1.0
block_nec_r1,lead_cont_r7,block_or_occupancy,lead,block_nec,lead_cont,block_nec|v6|L5,lead_cont|v8|s7,0,0,0,2.0,0.717688,1.0
block_nec_r1,lead_cont_r8,block_or_occupancy,lead,block_nec,lead_cont,block_nec|v6|L5,lead_cont|v9|s7,0,0,0,3.0,0.732487,1.0
block_nec_r1,lead_cont_r9,block_or_occupancy,lead,block_nec,lead_cont,block_nec|v6|L5,lead_cont|v9|s8,0,0,0,3.0,0.728538,1.0
block_nec_r1,lead_nec_r1,block_or_occupancy,lead,block_nec,lead_nec,block_nec|v6|L5,lead_nec|v6|s5,0,0,0,0.0,0.021862,0.1514
block_nec_r1,lead_nec_r10,block_or_occupancy,lead,block_nec,lead_nec,block_nec|v6|L5,lead_nec|v9|s8,0,0,0,3.0,0.021862,0.1514
block_nec_r1,lead_nec_r11,block_or_occupancy,lead,block_nec,lead_nec,block_nec|v6|L5,lead_nec|v7|s6,0,0,0,1.0,0.021862,0.1514
block_nec_r1,lead_nec_r12,block_or_occupancy,lead,block_nec,lead_nec,block_nec|v6|L5,lead_nec|v8|s7,0,0,0,2.0,0.021862,0.1514
block_nec_r1,lead_nec_r2,block_or_occupancy,lead,block_nec,lead_nec,block_nec|v6|L5,lead_nec|v6|s5,0,0,0,0.0,0.021862,0.1514
block_nec_r1,lead_nec_r3,block_or_occupancy,lead,block_nec,lead_nec,block_nec|v6|L5,lead_nec|v7|s5,0,0,0,1.0,0.021862,0.1514
block_nec_r1,lead_nec_r4,block_or_occupancy,lead,block_nec,lead_nec,block_nec|v6|L5,lead_nec|v7|s6,0,0,0,1.0,0.021862,0.1514
block_nec_r1,lead_nec_r5,block_or_occupancy,lead,block_nec,lead_nec,block_nec|v6|L5,lead_nec|v8|s6,0,0,0,2.0,0.021862,0.1514
block_nec_r1,lead_nec_r6,block_or_occupancy,lead,block_nec,lead_nec,block_nec|v6|L5,lead_nec|v8|s7,0,0,0,2.0,0.021862,0.1514
block_nec_r1,lead_nec_r7,block_or_occupancy,lead,block_nec,lead_nec,block_nec|v6|L5,lead_nec|v8|s7,0,0,0,2.0,0.021862,0.1514
block_nec_r1,lead_nec_r8,block_or_occupancy,lead,block_nec,lead_nec,block_nec|v6|L5,lead_nec|v9|s7,0,0,0,3.0,0.021862,0.1514
block_nec_r1,lead_nec_r9,block_or_occupancy,lead,block_nec,lead_nec,block_nec|v6|L5,lead_nec|v9|s8,0,0,0,3.0,0.021862,0.1514
block_nec_r1,lead_opt_r1,block_or_occupancy,lead,block_nec,lead_opt,block_nec|v6|L5,lead_opt|v6|s6,0,0,0,0.0,0.021862,0.1514
block_nec_r1,lead_opt_r10,block_or_occupancy,lead,block_nec,lead_opt,block_nec|v6|L5,lead_opt|v8|s7,0,0,0,2.0,0.021862,0.1514
block_nec_r1,lead_opt_r11,block_or_occupancy,lead,block_nec,lead_opt,block_nec|v6|L5,lead_opt|v6|s6,0,0,0,0.0,0.021862,0.1514
block_nec_r1,lead_opt_r12,block_or_occupancy,lead,block_nec,lead_opt,block_nec|v6|L5,lead_opt|v7|s7,0,0,0,1.0,0.021862,0.1514
block_nec_r1,lead_opt_r2,block_or_occupancy,lead,block_nec,lead_opt,block_nec|v6|L5,lead_opt|v6|s6,0,0,0,0.0,0.021862,0.1514
block_nec_r1,lead_opt_r3,block_or_occupancy,lead,block_nec,lead_opt,block_nec|v6|L5,lead_opt|v7|s6,0,0,0,1.0,0.021862,0.1514
block_nec_r1,lead_opt_r4,block_or_occupancy,lead,block_nec,lead_opt,block_nec|v6|L5,lead_opt|v7|s6,0,0,0,1.0,0.021862,0.1514
block_nec_r1,lead_opt_r5,block_or_occupancy,lead,block_nec,lead_opt,block_nec|v6|L5,lead_opt|v8|s7,0,0,0,2.0,0.021862,0.1514
block_nec_r1,lead_opt_r6,block_or_occupancy,lead,block_nec,lead_opt,block_nec|v6|L5,lead_opt|v8|s7,0,0,0,2.0,0.021862,0.1514
block_nec_r1,lead_opt_r7,block_or_occupancy,lead,block_nec,lead_opt,block_nec|v6|L5,lead_opt|v9|s7,0,0,0,3.0,0.021862,0.1514
block_nec_r1,lead_opt_r8,block_or_occupancy,lead,block_nec,lead_opt,block_nec|v6|L5,lead_opt|v9|s7,0,0,0,3.0,0.021862,0.1514
block_nec_r1,lead_opt_r9,block_or_occupancy,lead,block_nec,lead_opt,block_nec|v6|L5,lead_opt|v7|s6,0,0,0,1.0,0.021862,0.1514
block_nec_r1,temp_opt_r1,block_or_occupancy,block_or_occupancy,block_nec,temp_opt,block_nec|v6|L5,temp_opt|v6|o6,1,0,0,0.0,0.021862,0.1514
block_nec_r1,temp_opt_r10,block_or_occupancy,block_or_occupancy,block_nec,temp_opt,block_nec|v6|L5,temp_opt|v6|o7,1,0,0,0.0,0.021862,0.1514
block_nec_r1,temp_opt_r11,block_or_occupancy,block_or_occupancy,block_nec,temp_opt,block_nec|v6|L5,temp_opt|v7|o8,1,0,0,1.0,0.021862,0.1514
block_nec_r1,temp_opt_r12,block_or_occupancy,block_or_occupancy,block_nec,temp_opt,block_nec|v6|L5,temp_opt|v8|o7,1,0,0,2.0,0.0186,0.1253
block_nec_r1,temp_opt_r2,block_or_occupancy,block_or_occupancy,block_nec,temp_opt,block_nec|v6|L5,temp_opt|v6|o7,1,0,0,0.0,0.021862,0.1514
block_nec_r1,temp_opt_r3,block_or_occupancy,block_or_occupancy,block_nec,temp_opt,block_nec|v6|L5,temp_opt|v6|o8,1,0,0,0.0,0.021862,0.1514
block_nec_r1,temp_opt_r4,block_or_occupancy,block_or_occupancy,block_nec,temp_opt,block_nec|v6|L5,temp_opt|v7|o6,1,0,0,1.0,0.021862,0.1514
block_nec_r1,temp_opt_r5,block_or_occupancy,block_or_occupancy,block_nec,temp_opt,block_nec|v6|L5,temp_opt|v7|o7,1,0,0,1.0,0.021862,0.1514
block_nec_r1,temp_opt_r6,block_or_occupancy,block_or_occupancy,block_nec,temp_opt,block_nec|v6|L5,temp_opt|v7|o8,1,0,0,1.0,0.021862,0.1514
block_nec_r1,temp_opt_r7,block_or_occupancy,block_or_occupancy,block_nec,temp_opt,block_nec|v6|L5,temp_opt|v8|o6,1,0,0,2.0,0.003463,0.0268
block_nec_r1,temp_opt_r8,block_or_occupancy,block_or_occupancy,block_nec,temp_opt,block_nec|v6|L5,temp_opt|v8|o7,1,0,0,2.0,0.021862,0.1514
block_nec_r1,temp_opt_r9,block_or_occupancy,block_or_occupancy,block_nec,temp_opt,block_nec|v6|L5,temp_opt|v8|o8,1,0,0,2.0,0.021862,0.1514
block_nec_r10,block_nec_r11,block_or_occupancy,block_or_occupancy,block_nec,block_nec,block_nec|v7|L6,block_nec|v8|L6,1,1,0,1.0,0.186037,1.0
block_nec_r10,block_nec_r12,block_or_occupancy,block_or_occupancy,block_nec,block_nec,block_nec|v7|L6,block_nec|v6|L6,1,1,0,1.0,0.0,0.0
block_nec_r10,block_nec_r2,block_or_occupancy,block_or_occupancy,block_nec,block_nec,block_nec|v7|L6,block_nec|v6|L5,1,1,0,1.0,0.0,0.0
block_nec_r10,block_nec_r3,block_or_occupancy,block_or_occupancy,block_nec,block_nec,block_nec|v7|L6,block_nec|v7|L5,1,1,0,0.0,0.0354,0.1884
block_nec_r10,block_nec_r4,block_or_occupancy,block_or_occupancy,block_nec,block_nec,block_nec|v7|L6,block_nec|v7|L6,1,1,1,0.0,0.002125,0.017
block_nec_r10,block_nec_r5,block_or_occupancy,block_or_occupancy,block_nec,block_nec,block_nec|v7|L6,block_nec|v8|L6,1,1,0,1.0,0.153762,1.0
block_nec_r10,block_nec_r6,block_or_occupancy,block_or_occupancy,block_nec,block_nec,block_nec|v7|L6,block_nec|v8|L7,1,1,0,1.0,0.011175,0.0767
block_nec_r10,block_nec_r7,block_or_occupancy,block_or_occupancy,block_nec,block_nec,block_nec|v7|L6,block_nec|v8|L7,1,1,0,1.0,0.0,0.0
block_nec_r10,block_nec_r8,block_or_occupancy,block_or_occupancy,block_nec,block_nec,block_nec|v7|L6,block_nec|v9|L7,1,1,0,2.0,0.136125,1.0
block_nec_r10,block_nec_r9,block_or_occupancy,block_or_occupancy,block_nec,block_nec,block_nec|v7|L6,block_nec|v9|L8,1,1,0,2.0,0.016238,0.0865
block_nec_r10,cross_clear_r1,block_or_occupancy,cross,block_nec,cross_clear,block_nec|v7|L6,cross_clear|v6|d5,0,0,0,1.0,0.0641,0.2228
block_nec_r10,cross_clear_r10,block_or_occupancy,cross,block_nec,cross_clear,block_nec|v7|L6,cross_clear|v8|d6,0,0,0,1.0,0.587012,1.0
block_nec_r10,cross_clear_r11,block_or_occupancy,cross,block_nec,cross_clear,block_nec|v7|L6,cross_clear|v8|d7,0,0,0,1.0,0.120175,0.451
block_nec_r10,cross_clear_r12,block_or_occupancy,cross,block_nec,cross_clear,block_nec|v7|L6,cross_clear|v8|d8,0,0,0,1.0,0.427925,0.6043
block_nec_r10,cross_clear_r2,block_or_occupancy,cross,block_nec,cross_clear,block_nec|v7|L6,cross_clear|v6|d6,0,0,0,1.0,0.158088,0.4898
block_nec_r10,cross_clear_r3,block_or_occupancy,cross,block_nec,cross_clear,block_nec|v7|L6,cross_clear|v6|d7,0,0,0,1.0,0.01805,0.1264
block_nec_r10,cross_clear_r4,block_or_occupancy,cross,block_nec,cross_clear,block_nec|v7|L6,cross_clear|v6|d8,0,0,0,1.0,0.163463,0.4694
block_nec_r10,cross_clear_r5,block_or_occupancy,cross,block_nec,cross_clear,block_nec|v7|L6,cross_clear|v7|d5,0,0,0,0.0,0.205962,0.5581
block_nec_r10,cross_clear_r6,block_or_occupancy,cross,block_nec,cross_clear,block_nec|v7|L6,cross_clear|v7|d6,0,0,0,0.0,0.3922,0.5908
block_nec_r10,cross_clear_r7,block_or_occupancy,cross,block_nec,cross_clear,block_nec|v7|L6,cross_clear|v7|d7,0,0,0,0.0,0.086825,0.2694
block_nec_r10,cross_clear_r8,block_or_occupancy,cross,block_nec,cross_clear,block_nec|v7|L6,cross_clear|v7|d8,0,0,0,0.0,0.222588,0.4463
block_nec_r10,cross_clear_r9,block_or_occupancy,cross,block_nec,cross_clear,block_nec|v7|L6,cross_clear|v8|d5,0,0,0,1.0,0.335087,1.0
block_nec_r10,cross_stall_occ_r1,block_or_occupancy,cross,block_nec,cross_stall_occ,block_nec|v7|L6,cross_stall_occ|v6|d6,0,0,0,1.0,0.841825,1.0
block_nec_r10,cross_stall_occ_r10,block_or_occupancy,cross,block_nec,cross_stall_occ,block_nec|v7|L6,cross_stall_occ|v7|d7,0,0,0,0.0,0.810137,1.0
block_nec_r10,cross_stall_occ_r11,block_or_occupancy,cross,block_nec,cross_stall_occ,block_nec|v7|L6,cross_stall_occ|v8|d7,0,0,0,1.0,0.880325,1.0
block_nec_r10,cross_stall_occ_r12,block_or_occupancy,cross,block_nec,cross_stall_occ,block_nec|v7|L6,cross_stall_occ|v8|d8,0,0,0,1.0,0.852388,1.0
block_nec_r10,cross_stall_occ_r2,block_or_occupancy,cross,block_nec,cross_stall_occ,block_nec|v7|L6,cross_stall_occ|v6|d7,0,0,0,1.0,0.810312,1.0
block_nec_r10,cross_stall_occ_r3,block_or_occupancy,cross,block_nec,cross_stall_occ,block_nec|v7|L6,cross_stall_occ|v7|d7,0,0,0,0.0,0.832462,1.0
block_nec_r10,cross_stall_occ_r4,block_or_occupancy,cross,block_nec,cross_stall_occ,block_nec|v7|L6,cross_stall_occ|v7|d7,0,0,0,0.0,0.790137,1.0
block_nec_r10,cross_stall_occ_r5,block_or_occupancy,cross,block_nec,cross_stall_occ,block_nec|v7|L6,cross_stall_occ|v8|d7,0,0,0,1.0,0.852237,1.0
block_nec_r10,cross_stall_occ_r6,block_or_occupancy,cross,block_nec,cross_stall_occ,block_nec|v7|L6,cross_stall_occ|v8|d8,0,0,0,1.0,0.852163,1.0
block_nec_r10,cross_stall_occ_r7,block_or_occupancy,cross,block_nec,cross_stall_occ,block_nec|v7|L6,cross_stall_occ|v6|d6,0,0,0,1.0,0.850025,1.0
block_nec_r10,cross_stall_occ_r8,block_or_occupancy,cross,block_nec,cross_stall_occ,block_nec|v7|L6,cross_stall_occ|v6|d7,0,0,0,1.0,0.818175,1.0
block_nec_r10,cross_stall_occ_r9,block_or_occupancy,cross,block_nec,cross_stall_occ,block_nec|v7|L6,cross_stall_occ|v7|d7,0,0,0,0.0,0.83985,1.0
block_nec_r10,cross_stall_r1,block_or_occupancy,cross,block_nec,cross_stall,block_nec|v7|L6,cross_stall|v6|d6,0,0,0,1.0,0.0,0.0
block_nec_r10,cross_stall_r10,block_or_occupancy,cross,block_nec,cross_stall,block_nec|v7|L6,cross_stall|v7|d7,0,0,0,0.0,0.0,0.0
block_nec_r10,cross_stall_r11,block_or_occupancy,cross,block_nec,cross_stall,block_nec|v7|L6,cross_stall|v8|d7,0,0,0,1.0,0.003263,0.0261
block_nec_r10,cross_stall_r12,block_or_occupancy,cross,block_nec,cross_stall,block_nec|v7|L6,cross_stall|v8|d8,0,0,0,1.0,0.0,0.0
block_nec_r10,cross_stall_r2,block_or_occupancy,cross,block_nec,cross_stall,block_nec|v7|L6,cross_stall|v6|d6,0,0,0,1.0,0.0,0.0
block_nec_r10,cross_stall_r3,block_or_occupancy,cross,block_nec,cross_stall,block_nec|v7|L6,cross_stall|v7|d6,0,0,0,0.0,0.004925,0.0394
block_nec_r10,cross_stall_r4,block_or_occupancy,cross,block_nec,cross_stall,block_nec|v7|L6,cross_stall|v7|d7,0,0,0,0.0,0.0,0.0
block_nec_r10,cross_stall_r5,block_or_occupancy,cross,block_nec,cross_stall,block_nec|v7|L6,cross_stall|v8|d7,0,0,0,1.0,0.0349,0.2167
block_nec_r10,cross_stall_r6,block_or_occupancy,cross,block_nec,cross_stall,block_nec|v7|L6,cross_stall|v8|d8,0,0,0,1.0,0.0,0.0
block_nec_r10,cross_stall_r7,block_or_occupancy,cross,block_nec,cross_stall,block_nec|v7|L6,cross_stall|v6|d6,0,0,0,1.0,0.0,0.0
block_nec_r10,cross_stall_r8,block_or_occupancy,cross,block_nec,cross_stall,block_nec|v7|L6,cross_stall|v6|d6,0,0,0,1.0,0.0,0.0
block_nec_r10,cross_stall_r9,block_or_occupancy,cross,block_nec,cross_stall,block_nec|v7|L6,cross_stall|v7|d6,0,0,0,0.0,0.0,0.0
block_nec_r10,lead_cont_r1,block_or_occupancy,lead,block_nec,lead_cont,block_nec|v7|L6,lead_cont|v6|s5,0,0,0,1.0,0.812837,1.0
block_nec_r10,lead_cont_r10,block_or_occupancy,lead,block_nec,lead_cont,block_nec|v7|L6,lead_cont|v9|s8,0,0,0,2.0,0.75435,1.0
block_nec_r10,lead_cont_r11,block_or_occupancy,lead,block_nec,lead_cont,block_nec|v7|L6,lead_cont|v7|s6,0,0,0,0.0,0.77055,1.0
block_nec_r10,lead_cont_r12,block_or_occupancy,lead,block_nec,lead_cont,block_nec|v7|L6,lead_cont|v8|s7,0,0,0,1.0,0.73955,1.0
block_nec_r10,lead_cont_r2,block_or_occupancy,lead,block_nec,lead_cont,block_nec|v7|L6,lead_cont|v6|s5,0,0,0,1.0,0.739712,1.0
block_nec_r10,lead_cont_r3,block_or_occupancy,lead,block_nec,lead_cont,block_nec|v7|L6,lead_cont|v7|s5,0,0,0,0.0,0.765788,1.0
block_nec_r10,lead_cont_r4,block_or_occupancy,lead,block_nec,lead_cont,block_nec|v7|L6,lead_cont|v7|s6,0,0,0,0.0,0.721,1.0
block_nec_r10,lead_cont_r5,block_or_occupancy,lead,block_nec,lead_cont,block_nec|v7|L6,lead_cont|v8|s6,0,0,0,1.0,0.786488,1.0
block_nec_r10,lead_cont_r6,block_or_occupancy,lead,block_nec,lead_cont,block_nec|v7|L6,lead_cont|v8|s7,0,0,0,1.0,0.720988,1.0
block_nec_r10,lead_cont_r7,block_or_occupancy,lead,block_nec,lead_cont,block_nec|v7|L6,lead_cont|v8|s7,0,0,0,1.0,0.73955,1.0
block_nec_r10,lead_cont_r8,block_or_occupancy,lead,block_nec,lead_cont,block_nec|v7|L6,lead_cont|v9|s7,0,0,0,2.0,0.75435,1.0
block_nec_r10,lead_cont_r9,block_or_occupancy,lead,block_nec,lead_cont,block_nec|v7|L6,lead_cont|v9|s8,0,0,0,2.0,0.7504,1.0
block_nec_r10,lead_nec_r1,block_or_occupancy,lead,block_nec,lead_nec,block_nec|v7|L6,lead_nec|v6|s5,0,0,0,1.0,0.0,0.0
block_nec_r10,lead_nec_r10,block_or_occupancy,lead,block_nec,lead_nec,block_nec|v7|L6,lead_nec|v9|s8,0,0,0,2.0,0.0,0.0
block_nec_r10,lead_nec_r11,block_or_occupancy,lead,block_nec,lead_nec,block_nec|v7|L6,lead_nec|v7|s6,0,0,0,0.0,0.0,0.0
block_nec_r10,lead_nec_r12,block_or_occupancy,lead,block_nec,lead_nec,block_nec|v7|L6,lead_nec|v8|s7,0,0,0,1.0,0.0,0.0
block_nec_r10,lead_nec_r2,block_or_occupancy,lead,block_nec,lead_nec,block_nec|v7|L6,lead_nec|v6|s5,0,0,0,1.0,0.0,0.0
block_nec_r10,lead_nec_r3,block_or_occupancy,lead,block_nec,lead_nec,block_nec|v7|L6,lead_nec|v7|s5,0,0,0,0.0,0.0,0.0
block_nec_r10,lead_nec_r4,block_or_occupancy,lead,block_nec,lead_nec,block_nec|v7|L6,lead_nec|v7|s6,0,0,0,0.0,0.0,0.0
block_nec_r10,lead_nec_r5,block_or_occupancy,lead,block_nec,lead_nec,block_nec|v7|L6,lead_nec|v8|s6,0,0,0,1.0,0.0,0.0
block_nec_r10,lead_nec_r6,block_or_occupancy,lead,block_nec,lead_nec,block_nec|v7|L6,lead_nec|v8|s7,0,0,0,1.0,0.0,0.0
block_nec_r10,lead_nec_r7,block_or_occupancy,lead,block_nec,lead_nec,block_nec|v7|L6,lead_nec|v8|s7,0,0,0,1.0,0.0,0.0
block_nec_r10,lead_nec_r8,block_or_occupancy,lead,block_nec,lead_nec,block_nec|v7|L6,lead_nec|v9|s7,0,0,0,2.0,0.0,0.0
block_nec_r10,lead_nec_r9,block_or_occupancy,lead,block_nec,lead_nec,block_nec|v7|L6,lead_nec|v9|s8,0,0,0,2.0,0.0,0.0
block_nec_r10,lead_opt_r1,block_or_occupancy,lead,block_nec,lead_opt,block_nec|v7|L6,lead_opt|v6|s6,0,0,0,1.0,0.0,0.0
block_nec_r10,lead_opt_r10,block_or_occupancy,lead,block_nec,lead_opt,block_nec|v7|L6,lead_opt|v8|s7,0,0,0,1.0,0.0,0.0
block_nec_r10,lead_opt_r11,block_or_occupancy,lead,block_nec,lead_opt,block_nec|v7|L6,lead_opt|v6|s6,0,0,0,1.0,0.0,0.0
block_nec_r10,lead_opt_r12,block_or_occupancy,lead,block_nec,lead_opt,block_nec|v7|L6,lead_opt|v7|s7,0,0,0,0.0,0.0,0.0
block_nec_r10,lead_opt_r2,block_or_occupancy,lead,block_nec,lead_opt,block_nec|v7|L6,lead_opt|v6|s6,0,0,0,1.0,0.0,0.0
block_nec_r10,lead_opt_r3,block_or_occupancy,lead,block_nec,lead_opt,block_nec|v7|L6,lead_opt|v7|s6,0,0,0,0.0,0.0,0.0
block_nec_r10,lead_opt_r4,block_or_occupancy,lead,block_nec,lead_opt,block_nec|v7|L6,lead_opt|v7|s6,0,0,0,0.0,0.0,0.0
block_nec_r10,lead_opt_r5,block_or_occupancy,lead,block_nec,lead_opt,block_nec|v7|L6,lead_opt|v8|s7,0,0,0,1.0,0.0,0.0
block_nec_r10,lead_opt_r6,block_or_occupancy,lead,block_nec,lead_opt,block_nec|v7|L6,lead_opt|v8|s7,0,0,0,1.0,0.0,0.0
block_nec_r10,lead_opt_r7,block_or_occupancy,lead,block_nec,lead_opt,block_nec|v7|L6,lead_opt|v9|s7,0,0,0,2.0,0.0,0.0
block_nec_r10,lead_opt_r8,block_or_occupancy,lead,block_nec,lead_opt,block_nec|v7|L6,lead_opt|v9|s7,0,0,0,2.0,0.0,0.0
block_nec_r10,lead_opt_r9,block_or_occupancy,lead,block_nec,lead_opt,block_nec|v7|L6,lead_opt|v7|s6,0,0,0,0.0,0.0,0.0
block_nec_r10,temp_opt_r1,block_or_occupancy,block_or_occupancy,block_nec,temp_opt,block_nec|v7|L6,temp_opt|v6|o6,1,0,0,1.0,0.0,0.0
block_nec_r10,temp_opt_r10,block_or_occupancy,block_or_occupancy,block_nec,temp_opt,block_nec|v7|L6,temp_opt|v6|o7,1,0,0,1.0,0.0,0.0
block_nec_r10,temp_opt_r11,block_or_occupancy,block_or_occupancy,block_nec,temp_opt,block_nec|v7|L6,temp_opt|v7|o8,1,0,0,0.0,0.0,0.0
block_nec_r10,temp_opt_r12,block_or_occupancy,block_or_occupancy,block_nec,temp_opt,block_nec|v7|L6,temp_opt|v8|o7,1,0,0,1.0,0.003263,0.0261
block_nec_r10,temp_opt_r2,block_or_occupancy,block_or_occupancy,block_nec,temp_opt,block_nec|v7|L6,temp_opt|v6|o7,1,0,0,1.0,0.0,0.0
block_nec_r10,temp_opt_r3,block_or_occupancy,block_or_occupancy,block_nec,temp_opt,block_nec|v7|L6,temp_opt|v6|o8,1,0,0,1.0,0.0,0.0
block_nec_r10,temp_opt_r4,block_or_occupancy,block_or_occupancy,block_nec,temp_opt,block_nec|v7|L6,temp_opt|v7|o6,1,0,0,0.0,0.0,0.0
block_nec_r10,temp_opt_r5,block_or_occupancy,block_or_occupancy,block_nec,temp_opt,block_nec|v7|L6,temp_opt|v7|o7,1,0,0,0.0,0.0,0.0
block_nec_r10,temp_opt_r6,block_or_occupancy,block_or_occupancy,block_nec,temp_opt,block_nec|v7|L6,temp_opt|v7|o8,1,0,0,0.0,0.0,0.0
block_nec_r10,temp_opt_r7,block_or_occupancy,block_or_occupancy,block_nec,temp_opt,block_nec|v7|L6,temp_opt|v8|o6,1,0,0,1.0,0.025325,0.1523
block_nec_r10,temp_opt_r8,block_or_occupancy,block_or_occupancy,block_nec,temp_opt,block_nec|v7|L6,temp_opt|v8|o7,1,0,0,1.0,0.0,0.0
block_nec_r10,temp_opt_r9,block_or_occupancy,block_or_occupancy,block_nec,temp_opt,block_nec|v7|L6,temp_opt|v8|o8,1,0,0,1.0,0.0,0.0
block_nec_r11,block_nec_r12,block_or_occupancy,block_or_occupancy,block_nec,block_nec,block_nec|v8|L6,block_nec|v6|L6,1,1,0,2.0,0.186037,1.0
block_nec_r11,block_nec_r2,block_or_occupancy,block_or_occupancy,block_nec,block_nec,block_nec|v8|L6,block_nec|v6|L5,1,1,0,2.0,0.186037,1.0
block_nec_r11,block_nec_r3,block_or_occupancy,block_or_occupancy,block_nec,block_nec,block_nec|v8|L6,block_nec|v7|L5,1,1,0,1.0,0.174187,1.0
block_nec_r11,block_nec_r4,block_or_occupancy,block_or_occupancy,block_nec,block_nec,block_nec|v8|L6,block_nec|v7|L6,1,1,0,1.0,0.186037,1.0
block_nec_r11,block_nec_r5,block_or_occupancy,block_or_occupancy,block_nec,block_nec,block_nec|v8|L6,block_nec|v8|L6,1,1,1,0.0,0.032275,0.1521
block_nec_r11,block_nec_r6,block_or_occupancy,block_or_occupancy,block_nec,block_nec,block_nec|v8|L6,block_nec|v8|L7,1,1,0,0.0,0.18445,1.0
block_nec_r11,block_nec_r7,block_or_occupancy,block_or_occupancy,block_nec,block_nec,block_nec|v8|L6,block_nec|v8|L7,1,1,0,0.0,0.186037,1.0
block_nec_r11,block_nec_r8,block_or_occupancy,block_or_occupancy,block_nec,block_nec,block_nec|v8|L6,block_nec|v9|L7,1,1,0,1.0,0.049912,0.27
block_nec_r11,block_nec_r9,block_or_occupancy,block_or_occupancy,block_nec,block_nec,block_nec|v8|L6,block_nec|v9|L8,1,1,0,1.0,0.180613,1.0
block_nec_r11,cross_clear_r1,block_or_occupancy,cross,block_nec,cross_clear,block_nec|v8|L6,cross_clear|v6|d5,0,0,0,2.0,0.195238,1.0
block_nec_r11,cross_clear_r10,block_or_occupancy,cross,block_nec,cross_clear,block_nec|v8|L6,cross_clear|v8|d6,0,0,0,0.0,0.400975,1.0
block_nec_r11,cross_clear_r11,block_or_occupancy,cross,block_nec,cross_clear,block_nec|v8|L6,cross_clear|v8|d7,0,0,0,0.0,0.306212,1.0
block_nec_r11,cross_clear_r12,block_or_occupancy,cross,block_nec,cross_clear,block_nec|v8|L6,cross_clear|v8|d8,0,0,0,0.0,0.435512,1.0
block_nec_r11,cross_clear_r2,block_or_occupancy,cross,block_nec,cross_clear,block_nec|v8|L6,cross_clear|v6|d6,0,0,0,2.0,0.221925,1.0
block_nec_r11,cross_clear_r3,block_or_occupancy,cross,block_nec,cross_clear,block_nec|v8|L6,cross_clear|v6|d7,0,0,0,2.0,0.201837,1.0
block_nec_r11,cross_clear_r4,block_or_occupancy,cross,block_nec,cross_clear,block_nec|v8|L6,cross_clear|v6|d8,0,0,0,2.0,0.2323,1.0
block_nec_r11,cross_clear_r5,block_or_occupancy,cross,block_nec,cross_clear,block_nec|v8|L6,cross_clear|v7|d5,0,0,0,1.0,0.359675,1.0
block_nec_r11,cross_clear_r6,block_or_occupancy,cross,block_nec,cross_clear,block_nec|v8|L6,cross_clear|v7|d6,0,0,0,1.0,0.390513,1.0
block_nec_r11,cross_clear_r7,block_or_occupancy,cross,block_nec,cross_clear,block_nec|v8|L6,cross_clear|v7|d7,0,0,0,1.0,0.258538,1.0
block_nec_r11,cross_clear_r8,block_or_occupancy,cross,block_nec,cross_clear,block_nec|v8|L6,cross_clear|v7|d8,0,0,0,1.0,0.255563,1.0
block_nec_r11,cross_clear_r9,block_or_occupancy,cross,block_nec,cross_clear,block_nec|v8|L6,cross_clear|v8|d5,0,0,0,0.0,0.521125,1.0
block_nec_r11,cross_stall_occ_r1,block_or_occupancy,cross,block_nec,cross_stall_occ,block_nec|v8|L6,cross_stall_occ|v6|d6,0,0,0,2.0,0.814937,1.0
block_nec_r11,cross_stall_occ_r10,block_or_occupancy,cross,block_nec,cross_stall_occ,block_nec|v8|L6,cross_stall_occ|v7|d7,0,0,0,1.0,0.78565,1.0
block_nec_r11,cross_stall_occ_r11,block_or_occupancy,cross,block_nec,cross_stall_occ,block_nec|v8|L6,cross_stall_occ|v8|d7,0,0,0,0.0,0.84645,1.0
block_nec_r11,cross_stall_occ_r12,block_or_occupancy,cross,block_nec,cross_stall_occ,block_nec|v8|L6,cross_stall_occ|v8|d8,0,0,0,0.0,0.824763,1.0
block_nec_r11,cross_stall_occ_r2,block_or_occupancy,cross,block_nec,cross_stall_occ,block_nec|v8|L6,cross_stall_occ|v6|d7,0,0,0,2.0,0.790237,1.0
block_nec_r11,cross_stall_occ_r3,block_or_occupancy,cross,block_nec,cross_stall_occ,block_nec|v8|L6,cross_stall_occ|v7|d7,0,0,0,1.0,0.80305,1.0
block_nec_r11,cross_stall_occ_r4,block_or_occupancy,cross,block_nec,cross_stall_occ,block_nec|v8|L6,cross_stall_occ|v7|d7,0,0,0,1.0,0.770037,1.0
block_nec_r11,cross_stall_occ_r5,block_or_occupancy,cross,block_nec,cross_stall_occ,block_nec|v8|L6,cross_stall_occ|v8|d7,0,0,0,0.0,0.824675,1.0
block_nec_r11,cross_stall_occ_r6,block_or_occupancy,cross,block_nec,cross_stall_occ,block_nec|v8|L6,cross_stall_occ|v8|d8,0,0,0,0.0,0.824675,1.0
block_nec_r11,cross_stall_occ_r7,block_or_occupancy,cross,block_nec,cross_stall_occ,block_nec|v8|L6,cross_stall_occ|v6|d6,0,0,0,2.0,0.821375,1.0
block_nec_r11,cross_stall_occ_r8,block_or_occupancy,cross,block_nec,cross_stall_occ,block_nec|v8|L6,cross_stall_occ|v6|d7,0,0,0,2.0,0.7964,1.0
block_nec_r11,cross_stall_occ_r9,block_or_occupancy,cross,block_nec,cross_stall_occ,block_nec|v8|L6,cross_stall_occ|v7|d7,0,0,0,1.0,0.8088,1.0
block_nec_r11,cross_stall_r1,block_or_occupancy,cross,block_nec,cross_stall,block_nec|v8|L6,cross_stall|v6|d6,0,0,0,2.0,0.186037,1.0
block_nec_r11,cross_stall_r10,block_or_occupancy,cross,block_nec,cross_stall,block_nec|v8|L6,cross_stall|v7|d7,0,0,0,1.0,0.186037,1.0
block_nec_r11,cross_stall_r11,block_or_occupancy,cross,block_nec,cross_stall,block_nec|v8|L6,cross_stall|v8|d7,0,0,0,0.0,0.186037,1.0
block_nec_r11,cross_stall_r12,block_or_occupancy,cross,block_nec,cross_stall,block_nec|v8|L6,cross_stall|v8|d8,0,0,0,0.0,0.186037,1.0
block_nec_r11,cross_stall_r2,block_or_occupancy,cross,block_nec,cross_stall,block_nec|v8|L6,cross_stall|v6|d6,0,0,0,2.0,0.186037,1.0
block_nec_r11,cross_stall_r3,block_or_occupancy,cross,block_nec,cross_stall,block_nec|v8|L6,cross_stall|v7|d6,0,0,0,1.0,0.186037,1.0
block_nec_r11,cross_stall_r4,block_or_occupancy,cross,block_nec,cross_stall,block_nec|v8|L6,cross_stall|v7|d7,0,0,0,1.0,0.186037,1.0
block_nec_r11,cross_stall_r5,block_or_occupancy,cross,block_nec,cross_stall,block_nec|v8|L6,cross_stall|v8|d7,0,0,0,0.0,0.178225,1.0
block_nec_r11,cross_stall_r6,block_or_occupancy,cross,block_nec,cross_stall,block_nec|v8|L6,cross_stall|v8|d8,0,0,0,0.0,0.186037,1.0
block_nec_r11,cross_stall_r7,block_or_occupancy,cross,block_nec,cross_stall,block_nec|v8|L6,cross_stall|v6|d6,0,0,0,2.0,0.186037,1.0
block_nec_r11,cross_stall_r8,block_or_occupancy,cross,block_nec,cross_stall,block_nec|v8|L6,cross_stall|v6|d6,0,0,0,2.0,0.186037,1.0
block_nec_r11,cross_stall_r9,block_or_occupancy,cross,block_nec,cross_stall,block_nec|v8|L6,cross_stall|v7|d6,0,0,0,1.0,0.186037,1.0
block_nec_r11,lead_cont_r1,block_or_occupancy,lead,block_nec,lead_cont,block_nec|v8|L6,lead_cont|v6|s5,0,0,0,2.0,0.792188,1.0
block_nec_r11,lead_cont_r10,block_or_occupancy,lead,block_nec,lead_cont,block_nec|v8|L6,lead_cont|v9|s8,0,0,0,1.0,0.748063,1.0
block_nec_r11,lead_cont_r11,block_or_occupancy,lead,block_nec,lead_cont,block_nec|v8|L6,lead_cont|v7|s6,0,0,0,1.0,0.754825,1.0
block_nec_r11,lead_cont_r12,block_or_occupancy,lead,block_nec,lead_cont,block_nec|v8|L6,lead_cont|v8|s7,0,0,0,0.0,0.737613,1.0
block_nec_r11,lead_cont_r2,block_or_occupancy,lead,block_nec,lead_cont,block_nec|v8|L6,lead_cont|v6|s5,0,0,0,2.0,0.734862,1.0
block_nec_r11,lead_cont_r3,block_or_occupancy,lead,block_nec,lead_cont,block_nec|v8|L6,lead_cont|v7|s5,0,0,0,1.0,0.751162,1.0
block_nec_r11,lead_cont_r4,block_or_occupancy,lead,block_nec,lead_cont,block_nec|v8|L6,lead_cont|v7|s6,0,0,0,1.0,0.716238,1.0
block_nec_r11,lead_cont_r5,block_or_occupancy,lead,block_nec,lead_cont,block_nec|v8|L6,lead_cont|v8|s6,0,0,0,0.0,0.7739,1.0
block_nec_r11,lead_cont_r6,block_or_occupancy,lead,block_nec,lead_cont,block_nec|v8|L6,lead_cont|v8|s7,0,0,0,0.0,0.72325,1.0
block_nec_r11,lead_cont_r7,block_or_occupancy,lead,block_nec,lead_cont,block_nec|v8|L6,lead_cont|v8|s7,0,0,0,0.0,0.737613,1.0
block_nec_r11,lead_cont_r8,block_or_occupancy,lead,block_nec,lead_cont,block_nec|v8|L6,lead_cont|v9|s7,0,0,0,1.0,0.748063,1.0
block_nec_r11,lead_cont_r9,block_or_occupancy,lead,block_nec,lead_cont,block_nec|v8|L6,lead_cont|v9|s8,0,0,0,1.0,0.744112,1.0
block_nec_r11,lead_nec_r1,block_or_occupancy,lead,block_nec,lead_nec,block_nec|v8|L6,lead_nec|v6|s5,0,0,0,2.0,0.186037,1.0
block_nec_r11,lead_nec_r10,block_or_occupancy,lead,block_nec,lead_nec,block_nec|v8|L6,lead_nec|v9|s8,0,0,0,1.0,0.186037,1.0
block_nec_r11,lead_nec_r11,block_or_occupancy,lead,block_nec,lead_nec,block_nec|v8|L6,lead_nec|v7|s6,0,0,0,1.0,0.186037,1.0
block_nec_r11,lead_nec_r12,block_or_occupancy,lead,block_nec,lead_nec,block_nec|v8|L6,lead_nec|v8|s7,0,0,0,0.0,0.186037,1.0
block_nec_r11,lead_nec_r2,block_or_occupancy,lead,block_nec,lead_nec,block_nec|v8|L6,lead_nec|v6|s5,0,0,0,2.0,0.186037,1.0
block_nec_r11,lead_nec_r3,block_or_occupancy,lead,block_nec,lead_nec,block_nec|v8|L6,lead_nec|v7|s5,0,0,0,1.0,0.186037,1.0
block_nec_r11,lead_nec_r4,block_or_occupancy,lead,block_nec,lead_nec,block_nec|v8|L6,lead_nec|v7|s6,0,0,0,1.0,0.186037,1.0
block_nec_r11,lead_nec_r5,block_or_occupancy,lead,block_nec,lead_nec,block_nec|v8|L6,lead_nec|v8|s6,0,0,0,0.0,0.186037,1.0
block_nec_r11,lead_nec_r6,block_or_occupancy,lead,block_nec,lead_nec,block_nec|v8|L6,lead_nec|v8|s7,0,0,0,0.0,0.186037,1.0
block_nec_r11,lead_nec_r7,block_or_occupancy,lead,block_nec,lead_nec,block_nec|v8|L6,lead_nec|v8|s7,0,0,0,0.0,0.186037,1.0
block_nec_r11,lead_nec_r8,block_or_occupancy,lead,block_nec,lead_nec,block_nec|v8|L6,lead_nec|v9|s7,0,0,0,1.0,0.186037,1.0
block_nec_r11,lead_nec_r9,block_or_occupancy,lead,block_nec,lead_nec,block_nec|v8|L6,lead_nec|v9|s8,0,0,0,1.0,0.186037,1.0
block_nec_r11,lead_opt_r1,block_or_occupancy,lead,block_nec,lead_opt,block_nec|v8|L6,lead_opt|v6|s6,0,0,0,2.0,0.186037,1.0
block_nec_r11,lead_opt_r10,block_or_occupancy,lead,block_nec,lead_opt,block_nec|v8|L6,lead_opt|v8|s7,0,0,0,0.0,0.186037,1.0
block_nec_r11,lead_opt_r11,block_or_occupancy,lead,block_nec,lead_opt,block_nec|v8|L6,lead_opt|v6|s6,0,0,0,2.0,0.186037,1.0
block_nec_r11,lead_opt_r12,block_or_occupancy,lead,block_nec,lead_opt,block_nec|v8|L6,lead_opt|v7|s7,0,0,0,1.0,0.186037,1.0
block_nec_r11,lead_opt_r2,block_or_occupancy,lead,block_nec,lead_opt,block_nec|v8|L6,lead_opt|v6|s6,0,0,0,2.0,0.186037,1.0
block_nec_r11,lead_opt_r3,block_or_occupancy,lead,block_nec,lead_opt,block_nec|v8|L6,lead_opt|v7|s6,0,0,0,1.0,0.186037,1.0
block_nec_r11,lead_opt_r4,block_or_occupancy,lead,block_nec,lead_opt,block_nec|v8|L6,lead_opt|v7|s6,0,0,0,1.0,0.186037,1.0
block_nec_r11,lead_opt_r5,block_or_occupancy,lead,block_nec,lead_opt,block_nec|v8|L6,lead_opt|v8|s7,0,0,0,0.0,0.186037,1.0
block_nec_r11,lead_opt_r6,block_or_occupancy,lead,block_nec,lead_opt,block_nec|v8|L6,lead_opt|v8|s7,0,0,0,0.0,0.186037,1.0
block_nec_r11,lead_opt_r7,block_or_occupancy,lead,block_nec,lead_opt,block_nec|v8|L6,lead_opt|v9|s7,0,0,0,1.0,0.186037,1.0
block_nec_r11,lead_opt_r8,block_or_occupancy,lead,block_nec,lead_opt,block_nec|v8|L6,lead_opt|v9|s7,0,0,0,1.0,0.186037,1.0
block_nec_r11,lead_opt_r9,block_or_occupancy,lead,block_nec,lead_opt,block_nec|v8|L6,lead_opt|v7|s6,0,0,0,1.0,0.186037,1.0
block_nec_r11,temp_opt_r1,block_or_occupancy,block_or_occupancy,block_nec,temp_opt,block_nec|v8|L6,temp_opt|v6|o6,1,0,0,2.0,0.186037,1.0
block_nec_r11,temp_opt_r10,block_or_occupancy,block_or_occupancy,block_nec,temp_opt,block_nec|v8|L6,temp_opt|v6|o7,1,0,0,2.0,0.186037,1.0
block_nec_r11,temp_opt_r11,block_or_occupancy,block_or_occupancy,block_nec,temp_opt,block_nec|v8|L6,temp_opt|v7|o8,1,0,0,1.0,0.186037,1.0
block_nec_r11,temp_opt_r12,block_or_occupancy,block_or_occupancy,block_nec,temp_opt,block_nec|v8|L6,temp_opt|v8|o7,1,0,0,0.0,0.186037,1.0
block_nec_r11,temp_opt_r2,block_or_occupancy,block_or_occupancy,block_nec,temp_opt,block_nec|v8|L6,temp_opt|v6|o7,1,0,0,2.0,0.186037,1.0
block_nec_r11,temp_opt_r3,block_or_occupancy,block_or_occupancy,block_nec,temp_opt,block_nec|v8|L6,temp_opt|v6|o8,1,0,0,2.0,0.186037,1.0
block_nec_r11,temp_opt_r4,block_or_occupancy,block_or_occupancy,block_nec,temp_opt,block_nec|v8|L6,temp_opt|v7|o6,1,0,0,1.0,0.186037,1.0
block_nec_r11,temp_opt_r5,block_or_occupancy,block_or_occupancy,block_nec,temp_opt,block_nec|v8|L6,temp_opt|v7|o7,1,0,0,1.0,0.186037,1.0
block_nec_r11,temp_opt_r6,block_or_occupancy,block_or_occupancy,block_nec,temp_opt,block_nec|v8|L6,temp_opt|v7|o8,1,0,0,1.0,0.186037,1.0
block_nec_r11,temp_opt_r7,block_or_occupancy,block_or_occupancy,block_nec,temp_opt,block_nec|v8|L6,temp_opt|v8|o6,1,0,0,0.0,0.17975,1.0
block_nec_r11,temp_opt_r8,block_or_occupancy,block_or_occupancy,block_nec,temp_opt,block_nec|v8|L6,temp_opt|v8|o7,1,0,0,0.0,0.186037,1.0
block_nec_r11,temp_opt_r9,block_or_occupancy,block_or_occupancy,block_nec,temp_opt,block_nec|v8|L6,temp_opt|v8|o8,1,0,0,0.0,0.186037,1.0
block_nec_r12,block_nec_r2,block_or_occupancy,block_or_occupancy,block_nec,block_nec,block_nec|v6|L6,block_nec|v6|L5,1,1,0,0.0,0.0,0.0
block_nec_r12,block_nec_r3,block_or_occupancy,block_or_occupancy,block_nec,block_nec,block_nec|v6|L6,block_nec|v7|L5,1,1,0,1.0,0.0354,0.1884
block_nec_r12,block_nec_r4,block_or_occupancy,block_or_occupancy,block_nec,block_nec,block_nec|v6|L6,block_nec|v7|L6,1,1,0,1.0,0.002125,0.017
block_nec_r12,block_nec_r5,block_or_occupancy,block_or_occupancy,block_nec,block_nec,block_nec|v6|L6,block_nec|v8|L6,1,1,0,2.0,0.153762,1.0
block_nec_r12,block_nec_r6,block_or_occupancy,block_or_occupancy,block_nec,block_nec,block_nec|v6|L6,block_nec|v8|L7,1,1,0,2.0,0.011175,0.0767
block_nec_r12,block_nec_r7,block_or_occupancy,block_or_occupancy,block_nec,block_nec,block_nec|v6|L6,block_nec|v8|L7,1,1,0,2.0,0.0,0.0
block_nec_r12,block_nec_r8,block_or_occupancy,block_or_occupancy,block_nec,block_nec,block_nec|v6|L6,block_nec|v9|L7,1,1,0,3.0,0.136125,1.0
block_nec_r12,block_nec_r9,block_or_occupancy,block_or_occupancy,block_nec,block_nec,block_nec|v6|L6,block_nec|v9|L8,1,1,0,3.0,0.016238,0.0865
block_nec_r12,cross_clear_r1,block_or_occupancy,cross,block_nec,cross_clear,block_nec|v6|L6,cross_clear|v6|d5,0,0,0,0.0,0.0641,0.2228
block_nec_r12,cross_clear_r10,block_or_occupancy,cross,block_nec,cross_clear,block_nec|v6|L6,cross_clear|v8|d6,0,0,0,2.0,0.587012,1.0
block_nec_r12,cross_clear_r11,block_or_occupancy,cross,block_nec,cross_clear,block_nec|v6|L6,cross_clear|v8|d7,0,0,0,2.0,0.120175,0.451
block_nec_r12,cross_clear_r12,block_or_occupancy,cross,block_nec,cross_clear,block_nec|v6|L6,cross_clear|v8|d8,0,0,0,2.0,0.427925,0.6043
block_nec_r12,cross_clear_r2,block_or_occupancy,cross,block_nec,cross_clear,block_nec|v6|L6,cross_clear|v6|d6,0,0,0,0.0,0.158088,0.4898
block_nec_r12,cross_clear_r3,block_or_occupancy,cross,block_nec,cross_clear,block_nec|v6|L6,cross_clear|v6|d7,0,0,0,0.0,0.01805,0.1264
block_nec_r12,cross_clear_r4,block_or_occupancy,cross,block_nec,cross_clear,block_nec|v6|L6,cross_clear|v6|d8,0,0,0,0.0,0.163463,0.4694
block_nec_r12,cross_clear_r5,block_or_occupancy,cross,block_nec,cross_clear,block_nec|v6|L6,cross_clear|v7|d5,0,0,0,1.0,0.205962,0.5581
block_nec_r12,cross_clear_r6,block_or_occupancy,cross,block_nec,cross_clear,block_nec|v6|L6,cross_clear|v7|d6,0,0,0,1.0,0.3922,0.5908
block_nec_r12,cross_clear_r7,block_or_occupancy,cross,block_nec,cross_clear,block_nec|v6|L6,cross_clear|v7|d7,0,0,0,1.0,0.086825,0.2694
block_nec_r12,cross_clear_r8,block_or_occupancy,cross,block_nec,cross_clear,block_nec|v6|L6,cross_clear|v7|d8,0,0,0,1.0,0.222588,0.4463
block_nec_r12,cross_clear_r9,block_or_occupancy,cross,block_nec,cross_clear,block_nec|v6|L6,cross_clear|v8|d5,0,0,0,2.0,0.335087,1.0
block_nec_r12,cross_stall_occ_r1,block_or_occupancy,cross,block_nec,cross_stall_occ,block_nec|v6|L6,cross_stall_occ|v6|d6,0,0,0,0.0,0.841825,1.0
block_nec_r12,cross_stall_occ_r10,block_or_occupancy,cross,block_nec,cross_stall_occ,block_nec|v6|L6,cross_stall_occ|v7|d7,0,0,0,1.0,0.810137,1.0
block_nec_r12,cross_stall_occ_r11,block_or_occupancy,cross,block_nec,cross_stall_occ,block_nec|v6|L6,cross_stall_occ|v8|d7,0,0,0,2.0,0.880325,1.0
block_nec_r12,cross_stall_occ_r12,block_or_occupancy,cross,block_nec,cross_stall_occ,block_nec|v6|L6,cross_stall_occ|v8|d8,0,0,0,2.0,0.852388,1.0
block_nec_r12,cross_stall_occ_r2,block_or_occupancy,cross,block_nec,cross_stall_occ,block_nec|v6|L6,cross_stall_occ|v6|d7,0,0,0,0.0,0.810312,1.0
block_nec_r12,cross_stall_occ_r3,block_or_occupancy,cross,block_nec,cross_stall_occ,block_nec|v6|L6,cross_stall_occ|v7|d7,0,0,0,1.0,0.832462,1.0
block_nec_r12,cross_stall_occ_r4,block_or_occupancy,cross,block_nec,cross_stall_occ,block_nec|v6|L6,cross_stall_occ|v7|d7,0,0,0,1.0,0.790137,1.0
block_nec_r12,cross_stall_occ_r5,block_or_occupancy,cross,block_nec,cross_stall_occ,block_nec|v6|L6,cross_stall_occ|v8|d7,0,0,0,2.0,0.852237,1.0
block_nec_r12,cross_stall_occ_r6,block_or_occupancy,cross,block_nec,cross_stall_occ,block_nec|v6|L6,cross_stall_occ|v8|d8,0,0,0,2.0,0.852163,1.0
block_nec_r12,cross_stall_occ_r7,block_or_occupancy,cross,block_nec,cross_stall_occ,block_nec|v6|L6,cross_stall_occ|v6|d6,0,0,0,0.0,0.850025,1.0
block_nec_r12,cross_stall_occ_r8,block_or_occupancy,cross,block_nec,cross_stall_occ,block_nec|v6|L6,cross_stall_occ|v6|d7,0,0,0,0.0,0.818175,1.0
block_nec_r12,cross_stall_occ_r9,block_or_occupancy,cross,block_nec,cross_stall_occ,block_nec|v6|L6,cross_stall_occ|v7|d7,0,0,0,1.0,0.83985,1.0
block_nec_r12,cross_stall_r1,block_or_occupancy,cross,block_nec,cross_stall,block_nec|v6|L6,cross_stall|v6|d6,0,0,0,0.0,0.0,0.0
block_nec_r12,cross_stall_r10,block_or_occupancy,cross,block_nec,cross_stall,block_nec|v6|L6,cross_stall|v7|d7,0,0,0,1.0,0.0,0.0
block_nec_r12,cross_stall_r11,block_or_occupancy,cross,block_nec,cross_stall,block_nec|v6|L6,cross_stall|v8|d7,0,0,0,2.0,0.003263,0.0261
block_nec_r12,cross_stall_r12,block_or_occupancy,cross,block_nec,cross_stall,block_nec|v6|L6,cross_stall|v8|d8,0,0,0,2.0,0.0,0.0
block_nec_r12,cross_stall_r2,block_or_occupancy,cross,block_nec,cross_stall,block_nec|v6|L6,cross_stall|v6|d6,0,0,0,0.0,0.0,0.0
block_nec_r12,cross_stall_r3,block_or_occupancy,cross,block_nec,cross_stall,block_nec|v6|L6,cross_stall|v7|d6,0,0,0,1.0,0.004925,0.0394
block_nec_r12,cross_stall_r4,block_or_occupancy,cross,block_nec,cross_stall,block_nec|v6|L6,cross_stall|v7|d7,0,0,0,1.0,0.0,0.0
block_nec_r12,cross_stall_r5,block_or_occupancy,cross,block_nec,cross_stall,block_nec|v6|L6,cross_stall|v8|d7,0,0,0,2.0,0.0349,0.2167
block_nec_r12,cross_stall_r6,block_or_occupancy,cross,block_nec,cross_stall,block_nec|v6|L6,cross_stall|v8|d8,0,0,0,2.0,0.0,0.0
block_nec_r12,cross_stall_r7,block_or_occupancy,cross,block_nec,cross_stall,block_nec|v6|L6,cross_stall|v6|d6,0,0,0,0.0,0.0,0.0
block_nec_r12,cross_stall_r8,block_or_occupancy,cross,block_nec,cross_stall,block_nec|v6|L6,cross_stall|v6|d6,0,0,0,0.0,0.0,0.0
block_nec_r12,cross_stall_r9,block_or_occupancy,cross,block_nec,cross_stall,block_nec|v6|L6,cross_stall|v7|d6,0,0,0,1.0,0.0,0.0
block_nec_r12,lead_cont_r1,block_or_occupancy,lead,block_nec,lead_cont,block_nec|v6|L6,lead_cont|v6|s5,0,0,0,0.0,0.812837,1.0
block_nec_r12,lead_cont_r10,block_or_occupancy,lead,block_nec,lead_cont,block_nec|v6|L6,lead_cont|v9|s8,0,0,0,3.0,0.75435,1.0
block_nec_r12,lead_cont_r11,block_or_occupancy,lead,block_nec,lead_cont,block_nec|v6|L6,lead_cont|v7|s6,0,0,0,1.0,0.77055,1.0
block_nec_r12,lead_cont_r12,block_or_occupancy,lead,block_nec,lead_cont,block_nec|v6|L6,lead_cont|v8|s7,0,0,0,2.0,0.73955,1.0
block_nec_r12,lead_cont_r2,block_or_occupancy,lead,block_nec,lead_cont,block_nec|v6|L6,lead_cont|v6|s5,0,0,0,0.0,0.739712,1.0
block_nec_r12,lead_cont_r3,block_or_occupancy,lead,block_nec,lead_cont,block_nec|v6|L6,lead_cont|v7|s5,0,0,0,1.0,0.765788,1.0
block_nec_r12,lead_cont_r4,block_or_occupancy,lead,block_nec,lead_cont,block_nec|v6|L6,lead_cont|v7|s6,0,0,0,1.0,0.721,1.0
block_nec_r12,lead_cont_r5,block_or_occupancy,lead,block_nec,lead_cont,block_nec|v6|L6,lead_cont|v8|s6,0,0,0,2.0,0.786488,1.0
block_nec_r12,lead_cont_r6,block_or_occupancy,lead,block_nec,lead_cont,block_nec|v6|L6,lead_cont|v8|s7,0,0,0,2.0,0.720988,1.0
block_nec_r12,lead_cont_r7,block_or_occupancy,lead,block_nec,lead_cont,block_nec|v6|L6,lead_cont|v8|s7,0,0,0,2.0,0.73955,1.0
block_nec_r12,lead_cont_r8,block_or_occupancy,lead,block_nec,lead_cont,block_nec|v6|L6,lead_cont|v9|s7,0,0,0,3.0,0.75435,1.0
block_nec_r12,lead_cont_r9,block_or_occupancy,lead,block_nec,lead_cont,block_nec|v6|L6,lead_cont|v9|s8,0,0,0,3.0,0.7504,1.0
block_nec_r12,lead_nec_r1,block_or_occupancy,lead,block_nec,lead_nec,block_nec|v6|L6,lead_nec|v6|s5,0,0,0,0.0,0.0,0.0
block_nec_r12,lead_nec_r10,block_or_occupancy,lead,block_nec,lead_nec,block_nec|v6|L6,lead_nec|v9|s8,0,0,0,3.0,0.0,0.0
block_nec_r12,lead_nec_r11,block_or_occupancy,lead,block_nec,lead_nec,block_nec|v6|L6,lead_nec|v7|s6,0,0,0,1.0,0.0,0.0
block_nec_r12,lead_nec_r12,block_or_occupancy,lead,block_nec,lead_nec,block_nec|v6|L6,lead_nec|v8|s7,0,0,0,2.0,0.0,0.0
block_nec_r12,lead_nec_r2,block_or_occupancy,lead,block_nec,lead_nec,block_nec|v6|L6,lead_nec|v6|s5,0,0,0,0.0,0.0,0.0
block_nec_r12,lead_nec_r3,block_or_occupancy,lead,block_nec,lead_nec,block_nec|v6|L6,lead_nec|v7|s5,0,0,0,1.0,0.0,0.0
block_nec_r12,lead_nec_r4,block_or_occupancy,lead,block_nec,lead_nec,block_nec|v6|L6,lead_nec|v7|s6,0,0,0,1.0,0.0,0.0
block_nec_r12,lead_nec_r5,block_or_occupancy,lead,block_nec,lead_nec,block_nec|v6|L6,lead_nec|v8|s6,0,0,0,2.0,0.0,0.0
block_nec_r12,lead_nec_r6,block_or_occupancy,lead,block_nec,lead_nec,block_nec|v6|L6,lead_nec|v8|s7,0,0,0,2.0,0.0,0.0
block_nec_r12,lead_nec_r7,block_or_occupancy,lead,block_nec,lead_nec,block_nec|v6|L6,lead_nec|v8|s7,0,0,0,2.0,0.0,0.0
block_nec_r12,lead_nec_r8,block_or_occupancy,lead,block_nec,lead_nec,block_nec|v6|L6,lead_nec|v9|s7,0,0,0,3.0,0.0,0.0
block_nec_r12,lead_nec_r9,block_or_occupancy,lead,block_nec,lead_nec,block_nec|v6|L6,lead_nec|v9|s8,0,0,0,3.0,0.0,0.0
block_nec_r12,lead_opt_r1,block_or_occupancy,lead,block_nec,lead_opt,block_nec|v6|L6,lead_opt|v6|s6,0,0,0,0.0,0.0,0.0
block_nec_r12,lead_opt_r10,block_or_occupancy,lead,block_nec,lead_opt,block_nec|v6|L6,lead_opt|v8|s7,0,0,0,2.0,0.0,0.0
block_nec_r12,lead_opt_r11,block_or_occupancy,lead,block_nec,lead_opt,block_nec|v6|L6,lead_opt|v6|s6,0,0,0,0.0,0.0,0.0
block_nec_r12,lead_opt_r12,block_or_occupancy,lead,block_nec,lead_opt,block_nec|v6|L6,lead_opt|v7|s7,0,0,0,1.0,0.0,0.0
block_nec_r12,lead_opt_r2,block_or_occupancy,lead,block_nec,lead_opt,block_nec|v6|L6,lead_opt|v6|s6,0,0,0,0.0,0.0,0.0
block_nec_r12,lead_opt_r3,block_or_occupancy,lead,block_nec,lead_opt,block_nec|v6|L6,lead_opt|v7|s6,0,0,0,1.0,0.0,0.0
block_nec_r12,lead_opt_r4,block_or_occupancy,lead,block_nec,lead_opt,block_nec|v6|L6,lead_opt|v7|s6,0,0,0,1.0,0.0,0.0
block_nec_r12,lead_opt_r5,block_or_occupancy,lead,block_nec,lead_opt,block_nec|v6|L6,lead_opt|v8|s7,0,0,0,2.0,0.0,0.0
block_nec_r12,lead_opt_r6,block_or_occupancy,lead,block_nec,lead_opt,block_nec|v6|L6,lead_opt|v8|s7,0,0,0,2.0,0.0,0.0
block_nec_r12,lead_opt_r7,block_or_occupancy,lead,block_nec,lead_opt,block_nec|v6|L6,lead_opt|v9|s7,0,0,0,3.0,0.0,0.0
block_nec_r12,lead_opt_r8,block_or_occupancy,lead,block_nec,lead_opt,block_nec|v6|L6,lead_opt|v9|s7,0,0,0,3.0,0.0,0.0
block_nec_r12,lead_opt_r9,block_or_occupancy,lead,block_nec,lead_opt,block_nec|v6|L6,lead_opt|v7|s6,0,0,0,1.0,0.0,0.0
block_nec_r12,temp_opt_r1,block_or_occupancy,block_or_occupancy,block_nec,temp_opt,block_nec|v6|L6,temp_opt|v6|o6,1,0,0,0.0,0.0,0.0
block_nec_r12,temp_opt_r10,block_or_occupancy,block_or_occupancy,block_nec,temp_opt,block_nec|v6|L6,temp_opt|v6|o7,1,0,0,0.0,0.0,0.0
block_nec_r12,temp_opt_r11,block_or_occupancy,block_or_occupancy,block_nec,temp_opt,block_nec|v6|L6,temp_opt|v7|o8,1,0,0,1.0,0.0,0.0
block_nec_r12,temp_opt_r12,block_or_occupancy,block_or_occupancy,block_nec,temp_opt,block_nec|v6|L6,temp_opt|v8|o7,1,0,0,2.0,0.003263,0.0261
block_nec_r12,temp_opt_r2,block_or_occupancy,block_or_occupancy,block_nec,temp_opt,block_nec|v6|L6,temp_opt|v6|o7,1,0,0,0.0,0.0,0.0
block_nec_r12,temp_opt_r3,block_or_occupancy,block_or_occupancy,block_nec,temp_opt,block_nec|v6|L6,temp_opt|v6|o8,1,0,0,0.0,0.0,0.0
block_nec_r12,temp_opt_r4,block_or_occupancy,block_or_occupancy,block_nec,temp_opt,block_nec|v6|L6,temp_opt|v7|o6,1,0,0,1.0,0.0,0.0
block_nec_r12,temp_opt_r5,block_or_occupancy,block_or_occupancy,block_nec,temp_opt,block_nec|v6|L6,temp_opt|v7|o7,1,0,0,1.0,0.0,0.0
block_nec_r12,temp_opt_r6,block_or_occupancy,block_or_occupancy,block_nec,temp_opt,block_nec|v6|L6,temp_opt|v7|o8,1,0,0,1.0,0.0,0.0
block_nec_r12,temp_opt_r7,block_or_occupancy,block_or_occupancy,block_nec,temp_opt,block_nec|v6|L6,temp_opt|v8|o6,1,0,0,2.0,0.025325,0.1523
block_nec_r12,temp_opt_r8,block_or_occupancy,block_or_occupancy,block_nec,temp_opt,block_nec|v6|L6,temp_opt|v8|o7,1,0,0,2.0,0.0,0.0
block_nec_r12,temp_opt_r9,block_or_occupancy,block_or_occupancy,block_nec,temp_opt,block_nec|v6|L6,temp_opt|v8|o8,1,0,0,2.0,0.0,0.0
block_nec_r2,block_nec_r3,block_or_occupancy,block_or_occupancy,block_nec,block_nec,block_nec|v6|L5,block_nec|v7|L5,1,1,0,1.0,0.0354,0.1884
block_nec_r2,block_nec_r4,block_or_occupancy,block_or_occupancy,block_nec,block_nec,block_nec|v6|L5,block_nec|v7|L6,1,1,0,1.0,0.002125,0.017
block_nec_r2,block_nec_r5,block_or_occupancy,block_or_occupancy,block_nec,block_nec,block_nec|v6|L5,block_nec|v8|L6,1,1,0,2.0,0.153762,1.0
block_nec_r2,block_nec_r6,block_or_occupancy,block_or_occupancy,block_nec,block_nec,block_nec|v6|L5,block_nec|v8|L7,1,1,0,2.0,0.011175,0.0767
block_nec_r2,block_nec_r7,block_or_occupancy,block_or_occupancy,block_nec,block_nec,block_nec|v6|L5,block_nec|v8|L7,1,1,0,2.0,0.0,0.0
block_nec_r2,block_nec_r8,block_or_occupancy,block_or_occupancy,block_nec,block_nec,block_nec|v6|L5,block_nec|v9|L7,1,1,0,3.0,0.136125,1.0
block_nec_r2,block_nec_r9,block_or_occupancy,block_or_occupancy,block_nec,block_nec,block_nec|v6|L5,block_nec|v9|L8,1,1,0,3.0,0.016238,0.0865
block_nec_r2,cross_clear_r1,block_or_occupancy,cross,block_nec,cross_clear,block_nec|v6|L5,cross_clear|v6|d5,0,0,0,0.0,0.0641,0.2228
block_nec_r2,cross_clear_r10,block_or_occupancy,cross,block_nec,cross_clear,block_nec|v6|L5,cross_clear|v8|d6,0,0,0,2.0,0.587012,1.0
block_nec_r2,cross_clear_r11,block_or_occupancy,cross,block_nec,cross_clear,block_nec|v6|L5,cross_clear|v8|d7,0,0,0,2.0,0.120175,0.451
block_nec_r2,cross_clear_r12,block_or_occupancy,cross,block_nec,cross_clear,block_nec|v6|L5,cross_clear|v8|d8,0,0,0,2.0,0.427925,0.6043
block_nec_r2,cross_clear_r2,block_or_occupancy,cross,block_nec,cross_clear,block_nec|v6|L5,cross_clear|v6|d6,0,0,0,0.0,0.158088,0.4898
block_nec_r2,cross_clear_r3,block_or_occupancy,cross,block_nec,cross_clear,block_nec|v6|L5,cross_clear|v6|d7,0,0,0,0.0,0.01805,0.1264
block_nec_r2,cross_clear_r4,block_or_occupancy,cross,block_nec,cross_clear,block_nec|v6|L5,cross_clear|v6|d8,0,0,0,0.0,0.163463,0.4694
block_nec_r2,cross_clear_r5,block_or_occupancy,cross,block_nec,cross_clear,block_nec|v6|L5,cross_clear|v7|d5,0,0,0,1.0,0.205962,0.5581
block_nec_r2,cross_clear_r6,block_or_occupancy,cross,block_nec,cross_clear,block_nec|v6|L5,cross_clear|v7|d6,0,0,0,1.0,0.3922,0.5908
block_nec_r2,cross_clear_r7,block_or_occupancy,cross,block_nec,cross_clear,block_nec|v6|L5,cross_clear|v7|d7,0,0,0,1.0,0.086825,0.2694
block_nec_r2,cross_clear_r8,block_or_occupancy,cross,block_nec,cross_clear,block_nec|v6|L5,cross_clear|v7|d8,0,0,0,1.0,0.222588,0.4463
block_nec_r2,cross_clear_r9,block_or_occupancy,cross,block_nec,cross_clear,block_nec|v6|L5,cross_clear|v8|d5,0,0,0,2.0,0.335087,1.0
block_nec_r2,cross_stall_occ_r1,block_or_occupancy,cross,block_nec,cross_stall_occ,block_nec|v6|L5,cross_stall_occ|v6|d6,0,0,0,0.0,0.841825,1.0
block_nec_r2,cross_stall_occ_r10,block_or_occupancy,cross,block_nec,cross_stall_occ,block_nec|v6|L5,cross_stall_occ|v7|d7,0,0,0,1.0,0.810137,1.0
block_nec_r2,cross_stall_occ_r11,block_or_occupancy,cross,block_nec,cross_stall_occ,block_nec|v6|L5,cross_stall_occ|v8|d7,0,0,0,2.0,0.880325,1.0
block_nec_r2,cross_stall_occ_r12,block_or_occupancy,cross,block_nec,cross_stall_occ,block_nec|v6|L5,cross_stall_occ|v8|d8,0,0,0,2.0,0.852388,1.0
block_nec_r2,cross_stall_occ_r2,block_or_occupancy,cross,block_nec,cross_stall_occ,block_nec|v6|L5,cross_stall_occ|v6|d7,0,0,0,0.0,0.810312,1.0
block_nec_r2,cross_stall_occ_r3,block_or_occupancy,cross,block_nec,cross_stall_occ,block_nec|v6|L5,cross_stall_occ|v7|d7,0,0,0,1.0,0.832462,1.0
block_nec_r2,cross_stall_occ_r4,block_or_occupancy,cross,block_nec,cross_stall_occ,block_nec|v6|L5,cross_stall_occ|v7|d7,0,0,0,1.0,0.790137,1.0
block_nec_r2,cross_stall_occ_r5,block_or_occupancy,cross,block_nec,cross_stall_occ,block_nec|v6|L5,cross_stall_occ|v8|d7,0,0,0,2.0,0.852237,1.0
block_nec_r2,cross_stall_occ_r6,block_or_occupancy,cross,block_nec,cross_stall_occ,block_nec|v6|L5,cross_stall_occ|v8|d8,0,0,0,2.0,0.852163,1.0
block_nec_r2,cross_stall_occ_r7,block_or_occupancy,cross,block_nec,cross_stall_occ,block_nec|v6|L5,cross_stall_occ|v6|d6,0,0,0,0.0,0.850025,1.0
block_nec_r2,cross_stall_occ_r8,block_or_occupancy,cross,block_nec,cross_stall_occ,block_nec|v6|L5,cross_stall_occ|v6|d7,0,0,0,0.0,0.818175,1.0
block_nec_r2,cross_stall_occ_r9,block_or_occupancy,cross,block_nec,cross_stall_occ,block_nec|v6|L5,cross_stall_occ|v7|d7,0,0,0,1.0,0.83985,1.0
block_nec_r2,cross_stall_r1,block_or_occupancy,cross,block_nec,cross_stall,block_nec|v6|L5,cross_stall|v6|d6,0,0,0,0.0,0.0,0.0
block_nec_r2,cross_stall_r10,block_or_occupancy,cross,block_nec,cross_stall,block_nec|v6|L5,cross_stall|v7|d7,0,0,0,1.0,0.0,0.0
block_nec_r2,cross_stall_r11,block_or_occupancy,cross,block_nec,cross_stall,block_nec|v6|L5,cross_stall|v8|d7,0,0,0,2.0,0.003263,0.0261
block_nec_r2,cross_stall_r12,block_or_occupancy,cross,block_nec,cross_stall,block_nec|v6|L5,cross_stall|v8|d8,0,0,0,2.0,0.0,0.0
block_nec_r2,cross_stall_r2,block_or_occupancy,cross,block_nec,cross_stall,block_nec|v6|L5,cross_stall|v6|d6,0,0,0,0.0,0.0,0.0
block_nec_r2,cross_stall_r3,block_or_occupancy,cross,block_nec,cross_stall,block_nec|v6|L5,cross_stall|v7|d6,0,0,0,1.0,0.004925,0.0394
block_nec_r2,cross_stall_r4,block_or_occupancy,cross,block_nec,cross_stall,block_nec|v6|L5,cross_stall|v7|d7,0,0,0,1.0,0.0,0.0
block_nec_r2,cross_stall_r5,block_or_occupancy,cross,block_nec,cross_stall,block_nec|v6|L5,cross_stall|v8|d7,0,0,0,2.0,0.0349,0.2167
block_nec_r2,cross_stall_r6,block_or_occupancy,cross,block_nec,cross_stall,block_nec|v6|L5,cross_stall|v8|d8,0,0,0,2.0,0.0,0.0
block_nec_r2,cross_stall_r7,block_or_occupancy,cross,block_nec,cross_stall,block_nec|v6|L5,cross_stall|v6|d6,0,0,0,0.0,0.0,0.0
block_nec_r2,cross_stall_r8,block_or_occupancy,cross,block_nec,cross_stall,block_nec|v6|L5,cross_stall|v6|d6,0,0,0,0.0,0.0,0.0
block_nec_r2,cross_stall_r9,block_or_occupancy,cross,block_nec,cross_stall,block_nec|v6|L5,cross_stall|v7|d6,0,0,0,1.0,0.0,0.0
block_nec_r2,lead_cont_r1,block_or_occupancy,lead,block_nec,lead_cont,block_nec|v6|L5,lead_cont|v6|s5,0,0,0,0.0,0.812837,1.0
block_nec_r2,lead_cont_r10,block_or_occupancy,lead,block_nec,lead_cont,block_nec|v6|L5,lead_cont|v9|s8,0,0,0,3.0,0.75435,1.0
block_nec_r2,lead_cont_r11,block_or_occupancy,lead,block_nec,lead_cont,block_nec|v6|L5,lead_cont|v7|s6,0,0,0,1.0,0.77055,1.0
block_nec_r2,lead_cont_r12,block_or_occupancy,lead,block_nec,lead_cont,block_nec|v6|L5,lead_cont|v8|s7,0,0,0,2.0,0.73955,1.0
block_nec_r2,lead_cont_r2,block_or_occupancy,lead,block_nec,lead_cont,block_nec|v6|L5,lead_cont|v6|s5,0,0,0,0.0,0.739712,1.0
block_nec_r2,lead_cont_r3,block_or_occupancy,lead,block_nec,lead_cont,block_nec|v6|L5,lead_cont|v7|s5,0,0,0,1.0,0.765788,1.0
block_nec_r2,lead_cont_r4,block_or_occupancy,lead,block_nec,lead_cont,block_nec|v6|L5,lead_cont|v7|s6,0,0,0,1.0,0.721,1.0
block_nec_r2,lead_cont_r5,block_or_occupancy,lead,block_nec,lead_cont,block_nec|v6|L5,lead_cont|v8|s6,0,0,0,2.0,0.786488,1.0
block_nec_r2,lead_cont_r6,block_or_occupancy,lead,block_nec,lead_cont,block_nec|v6|L5,lead_cont|v8|s7,0,0,0,2.0,0.720988,1.0
block_nec_r2,lead_cont_r7,block_or_occupancy,lead,block_nec,lead_cont,block_nec|v6|L5,lead_cont|v8|s7,0,0,0,2.0,0.73955,1.0
block_nec_r2,lead_cont_r8,block_or_occupancy,lead,block_nec,lead_cont,block_nec|v6|L5,lead_cont|v9|s7,0,0,0,3.0,0.75435,1.0
block_nec_r2,lead_cont_r9,block_or_occupancy,lead,block_nec,lead_cont,block_nec|v6|L5,lead_cont|v9|s8,0,0,0,3.0,0.7504,1.0
block_nec_r2,lead_nec_r1,block_or_occupancy,lead,block_nec,lead_nec,block_nec|v6|L5,lead_nec|v6|s5,0,0,0,0.0,0.0,0.0
block_nec_r2,lead_nec_r10,block_or_occupancy,lead,block_nec,lead_nec,block_nec|v6|L5,lead_nec|v9|s8,0,0,0,3.0,0.0,0.0
block_nec_r2,lead_nec_r11,block_or_occupancy,lead,block_nec,lead_nec,block_nec|v6|L5,lead_nec|v7|s6,0,0,0,1.0,0.0,0.0
block_nec_r2,lead_nec_r12,block_or_occupancy,lead,block_nec,lead_nec,block_nec|v6|L5,lead_nec|v8|s7,0,0,0,2.0,0.0,0.0
block_nec_r2,lead_nec_r2,block_or_occupancy,lead,block_nec,lead_nec,block_nec|v6|L5,lead_nec|v6|s5,0,0,0,0.0,0.0,0.0
block_nec_r2,lead_nec_r3,block_or_occupancy,lead,block_nec,lead_nec,block_nec|v6|L5,lead_nec|v7|s5,0,0,0,1.0,0.0,0.0
block_nec_r2,lead_nec_r4,block_or_occupancy,lead,block_nec,lead_nec,block_nec|v6|L5,lead_nec|v7|s6,0,0,0,1.0,0.0,0.0
block_nec_r2,lead_nec_r5,block_or_occupancy,lead,block_nec,lead_nec,block_nec|v6|L5,lead_nec|v8|s6,0,0,0,2.0,0.0,0.0
block_nec_r2,lead_nec_r6,block_or_occupancy,lead,block_nec,lead_nec,block_nec|v6|L5,lead_nec|v8|s7,0,0,0,2.0,0.0,0.0
block_nec_r2,lead_nec_r7,block_or_occupancy,lead,block_nec,lead_nec,block_nec|v6|L5,lead_nec|v8|s7,0,0,0,2.0,0.0,0.0
block_nec_r2,lead_nec_r8,block_or_occupancy,lead,block_nec,lead_nec,block_nec|v6|L5,lead_nec|v9|s7,0,0,0,3.0,0.0,0.0
block_nec_r2,lead_nec_r9,block_or_occupancy,lead,block_nec,lead_nec,block_nec|v6|L5,lead_nec|v9|s8,0,0,0,3.0,0.0,0.0
block_nec_r2,lead_opt_r1,block_or_occupancy,lead,block_nec,lead_opt,block_nec|v6|L5,lead_opt|v6|s6,0,0,0,0.0,0.0,0.0
block_nec_r2,lead_opt_r10,block_or_occupancy,lead,block_nec,lead_opt,block_nec|v6|L5,lead_opt|v8|s7,0,0,0,2.0,0.0,0.0
block_nec_r2,lead_opt_r11,block_or_occupancy,lead,block_nec,lead_opt,block_nec|v6|L5,lead_opt|v6|s6,0,0,0,0.0,0.0,0.0
block_nec_r2,lead_opt_r12,block_or_occupancy,lead,block_nec,lead_opt,block_nec|v6|L5,lead_opt|v7|s7,0,0,0,1.0,0.0,0.0
block_nec_r2,lead_opt_r2,block_or_occupancy,lead,block_nec,lead_opt,block_nec|v6|L5,lead_opt|v6|s6,0,0,0,0.0,0.0,0.0
block_nec_r2,lead_opt_r3,block_or_occupancy,lead,block_nec,lead_opt,block_nec|v6|L5,lead_opt|v7|s6,0,0,0,1.0,0.0,0.0
block_nec_r2,lead_opt_r4,block_or_occupancy,lead,block_nec,lead_opt,block_nec|v6|L5,lead_opt|v7|s6,0,0,0,1.0,0.0,0.0
block_nec_r2,lead_opt_r5,block_or_occupancy,lead,block_nec,lead_opt,block_nec|v6|L5,lead_opt|v8|s7,0,0,0,2.0,0.0,0.0
block_nec_r2,lead_opt_r6,block_or_occupancy,lead,block_nec,lead_opt,block_nec|v6|L5,lead_opt|v8|s7,0,0,0,2.0,0.0,0.0
block_nec_r2,lead_opt_r7,block_or_occupancy,lead,block_nec,lead_opt,block_nec|v6|L5,lead_opt|v9|s7,0,0,0,3.0,0.0,0.0
block_nec_r2,lead_opt_r8,block_or_occupancy,lead,block_nec,lead_opt,block_nec|v6|L5,lead_opt|v9|s7,0,0,0,3.0,0.0,0.0
block_nec_r2,lead_opt_r9,block_or_occupancy,lead,block_nec,lead_opt,block_nec|v6|L5,lead_opt|v7|s6,0,0,0,1.0,0.0,0.0
block_nec_r2,temp_opt_r1,block_or_occupancy,block_or_occupancy,block_nec,temp_opt,block_nec|v6|L5,temp_opt|v6|o6,1,0,0,0.0,0.0,0.0
block_nec_r2,temp_opt_r10,block_or_occupancy,block_or_occupancy,block_nec,temp_opt,block_nec|v6|L5,temp_opt|v6|o7,1,0,0,0.0,0.0,0.0
block_nec_r2,temp_opt_r11,block_or_occupancy,block_or_occupancy,block_nec,temp_opt,block_nec|v6|L5,temp_opt|v7|o8,1,0,0,1.0,0.0,0.0
block_nec_r2,temp_opt_r12,block_or_occupancy,block_or_occupancy,block_nec,temp_opt,block_nec|v6|L5,temp_opt|v8|o7,1,0,0,2.0,0.003263,0.0261
block_nec_r2,temp_opt_r2,block_or_occupancy,block_or_occupancy,block_nec,temp_opt,block_nec|v6|L5,temp_opt|v6|o7,1,0,0,0.0,0.0,0.0
block_nec_r2,temp_opt_r3,block_or_occupancy,block_or_occupancy,block_nec,temp_opt,block_nec|v6|L5,temp_opt|v6|o8,1,0,0,0.0,0.0,0.0
block_nec_r2,temp_opt_r4,block_or_occupancy,block_or_occupancy,block_nec,temp_opt,block_nec|v6|L5,temp_opt|v7|o6,1,0,0,1.0,0.0,0.0
block_nec_r2,temp_opt_r5,block_or_occupancy,block_or_occupancy,block_nec,temp_opt,block_nec|v6|L5,temp_opt|v7|o7,1,0,0,1.0,0.0,0.0
block_nec_r2,temp_opt_r6,block_or_occupancy,block_or_occupancy,block_nec,temp_opt,block_nec|v6|L5,temp_opt|v7|o8,1,0,0,1.0,0.0,0.0
block_nec_r2,temp_opt_r7,block_or_occupancy,block_or_occupancy,block_nec,temp_opt,block_nec|v6|L5,temp_opt|v8|o6,1,0,0,2.0,0.025325,0.1523
block_nec_r2,temp_opt_r8,block_or_occupancy,block_or_occupancy,block_nec,temp_opt,block_nec|v6|L5,temp_opt|v8|o7,1,0,0,2.0,0.0,0.0
block_nec_r2,temp_opt_r9,block_or_occupancy,block_or_occupancy,block_nec,temp_opt,block_nec|v6|L5,temp_opt|v8|o8,1,0,0,2.0,0.0,0.0
block_nec_r3,block_nec_r4,block_or_occupancy,block_or_occupancy,block_nec,block_nec,block_nec|v7|L5,block_nec|v7|L6,1,1,0,0.0,0.033275,0.1714
block_nec_r3,block_nec_r5,block_or_occupancy,block_or_occupancy,block_nec,block_nec,block_nec|v7|L5,block_nec|v8|L6,1,1,0,1.0,0.141912,1.0
block_nec_r3,block_nec_r6,block_or_occupancy,block_or_occupancy,block_nec,block_nec,block_nec|v7|L5,block_nec|v8|L7,1,1,0,1.0,0.024225,0.1117
block_nec_r3,block_nec_r7,block_or_occupancy,block_or_occupancy,block_nec,block_nec,block_nec|v7|L5,block_nec|v8|L7,1,1,0,1.0,0.0354,0.1884
block_nec_r3,block_nec_r8,block_or_occupancy,block_or_occupancy,block_nec,block_nec,block_nec|v7|L5,block_nec|v9|L7,1,1,0,2.0,0.125725,1.0
block_nec_r3,block_nec_r9,block_or_occupancy,block_or_occupancy,block_nec,block_nec,block_nec|v7|L5,block_nec|v9|L8,1,1,0,2.0,0.019162,0.1019
block_nec_r3,cross_clear_r1,block_or_occupancy,cross,block_nec,cross_clear,block_nec|v7|L5,cross_clear|v6|d5,0,0,0,1.0,0.0758,0.2228
block_nec_r3,cross_clear_r10,block_or_occupancy,cross,block_nec,cross_clear,block_nec|v7|L5,cross_clear|v8|d6,0,0,0,1.0,0.575162,1.0
block_nec_r3,cross_clear_r11,block_or_occupancy,cross,block_nec,cross_clear,block_nec|v7|L5,cross_clear|v8|d7,0,0,0,1.0,0.155575,0.451
block_nec_r3,cross_clear_r12,block_or_occupancy,cross,block_nec,cross_clear,block_nec|v7|L5,cross_clear|v8|d8,0,0,0,1.0,0.392525,0.6043
block_nec_r3,cross_clear_r2,block_or_occupancy,cross,block_nec,cross_clear,block_nec|v7|L5,cross_clear|v6|d6,0,0,0,1.0,0.122688,0.395
block_nec_r3,cross_clear_r3,block_or_occupancy,cross,block_nec,cross_clear,block_nec|v7|L5,cross_clear|v6|d7,0,0,0,1.0,0.0512,0.1884
block_nec_r3,cross_clear_r4,block_or_occupancy,cross,block_nec,cross_clear,block_nec|v7|L5,cross_clear|v6|d8,0,0,0,1.0,0.128062,0.3327
block_nec_r3,cross_clear_r5,block_or_occupancy,cross,block_nec,cross_clear,block_nec|v7|L5,cross_clear|v7|d5,0,0,0,0.0,0.241363,0.5581
block_nec_r3,cross_clear_r6,block_or_occupancy,cross,block_nec,cross_clear,block_nec|v7|L5,cross_clear|v7|d6,0,0,0,0.0,0.3568,0.496
block_nec_r3,cross_clear_r7,block_or_occupancy,cross,block_nec,cross_clear,block_nec|v7|L5,cross_clear|v7|d7,0,0,0,0.0,0.122225,0.2694
block_nec_r3,cross_clear_r8,block_or_occupancy,cross,block_nec,cross_clear,block_nec|v7|L5,cross_clear|v7|d8,0,0,0,0.0,0.187188,0.305
block_nec_r3,cross_clear_r9,block_or_occupancy,cross,block_nec,cross_clear,block_nec|v7|L5,cross_clear|v8|d5,0,0,0,1.0,0.370487,1.0
block_nec_r3,cross_stall_occ_r1,block_or_occupancy,cross,block_nec,cross_stall_occ,block_nec|v7|L5,cross_stall_occ|v6|d6,0,0,0,1.0,0.806425,1.0
block_nec_r3,cross_stall_occ_r10,block_or_occupancy,cross,block_nec,cross_stall_occ,block_nec|v7|L5,cross_stall_occ|v7|d7,0,0,0,0.0,0.774737,1.0
block_nec_r3,cross_stall_occ_r11,block_or_occupancy,cross,block_nec,cross_stall_occ,block_nec|v7|L5,cross_stall_occ|v8|d7,0,0,0,1.0,0.844925,1.0
block_nec_r3,cross_stall_occ_r12,block_or_occupancy,cross,block_nec,cross_stall_occ,block_nec|v7|L5,cross_stall_occ|v8|d8,0,0,0,1.0,0.816987,1.0
block_nec_r3,cross_stall_occ_r2,block_or_occupancy,cross,block_nec,cross_stall_occ,block_nec|v7|L5,cross_stall_occ|v6|d7,0,0,0,1.0,0.774913,1.0
block_nec_r3,cross_stall_occ_r3,block_or_occupancy,cross,block_nec,cross_stall_occ,block_nec|v7|L5,cross_stall_occ|v7|d7,0,0,0,0.0,0.797063,1.0
block_nec_r3,cross_stall_occ_r4,block_or_occupancy,cross,block_nec,cross_stall_occ,block_nec|v7|L5,cross_stall_occ|v7|d7,0,0,0,0.0,0.754738,1.0
block_nec_r3,cross_stall_occ_r5,block_or_occupancy,cross,block_nec,cross_stall_occ,block_nec|v7|L5,cross_stall_occ|v8|d7,0,0,0,1.0,0.816837,1.0
block_nec_r3,cross_stall_occ_r6,block_or_occupancy,cross,block_nec,cross_stall_occ,block_nec|v7|L5,cross_stall_occ|v8|d8,0,0,0,1.0,0.816763,1.0
block_nec_r3,cross_stall_occ_r7,block_or_occupancy,cross,block_nec,cross_stall_occ,block_nec|v7|L5,cross_stall_occ|v6|d6,0,0,0,1.0,0.814625,1.0
block_nec_r3,cross_stall_occ_r8,block_or_occupancy,cross,block_nec,cross_stall_occ,block_nec|v7|L5,cross_stall_occ|v6|d7,0,0,0,1.0,0.782775,1.0
block_nec_r3,cross_stall_occ_r9,block_or_occupancy,cross,block_nec,cross_stall_occ,block_nec|v7|L5,cross_stall_occ|v7|d7,0,0,0,0.0,0.80445,1.0
block_nec_r3,cross_stall_r1,block_or_occupancy,cross,block_nec,cross_stall,block_nec|v7|L5,cross_stall|v6|d6,0,0,0,1.0,0.0354,0.1884
block_nec_r3,cross_stall_r10,block_or_occupancy,cross,block_nec,cross_stall,block_nec|v7|L5,cross_stall|v7|d7,0,0,0,0.0,0.0354,0.1884
block_nec_r3,cross_stall_r11,block_or_occupancy,cross,block_nec,cross_stall,block_nec|v7|L5,cross_stall|v8|d7,0,0,0,1.0,0.032137,0.1623
block_nec_r3,cross_stall_r12,block_or_occupancy,cross,block_nec,cross_stall,block_nec|v7|L5,cross_stall|v8|d8,0,0,0,1.0,0.0354,0.1884
block_nec_r3,cross_stall_r2,block_or_occupancy,cross,block_nec,cross_stall,block_nec|v7|L5,cross_stall|v6|d6,0,0,0,1.0,0.0354,0.1884
block_nec_r3,cross_stall_r3,block_or_occupancy,cross,block_nec,cross_stall,block_nec|v7|L5,cross_stall|v7|d6,0,0,0,0.0,0.030475,0.149
block_nec_r3,cross_stall_r4,block_or_occupancy,cross,block_nec,cross_stall,block_nec|v7|L5,cross_stall|v7|d7,0,0,0,0.0,0.0354,0.1884
block_nec_r3,cross_stall_r5,block_or_occupancy,cross,block_nec,cross_stall,block_nec|v7|L5,cross_stall|v8|d7,0,0,0,1.0,0.007575,0.0323
block_nec_r3,cross_stall_r6,block_or_occupancy,cross,block_nec,cross_stall,block_nec|v7|L5,cross_stall|v8|d8,0,0,0,1.0,0.0354,0.1884
block_nec_r3,cross_stall_r7,block_or_occupancy,cross,block_nec,cross_stall,block_nec|v7|L5,cross_stall|v6|d6,0,0,0,1.0,0.0354,0.1884
block_nec_r3,cross_stall_r8,block_or_occupancy,cross,block_nec,cross_stall,block_nec|v7|L5,cross_stall|v6|d6,0,0,0,1.0,0.0354,0.1884
block_nec_r3,cross_stall_r9,block_or_occupancy,cross,block_nec,cross_stall,block_nec|v7|L5,cross_stall|v7|d6,0,0,0,0.0,0.0354,0.1884
block_nec_r3,lead_cont_r1,block_or_occupancy,lead,block_nec,lead_cont,block_nec|v7|L5,lead_cont|v6|s5,0,0,0,1.0,0.777438,1.0
block_nec_r3,lead_cont_r10,block_or_occupancy,lead,block_nec,lead_cont,block_nec|v7|L5,lead_cont|v9|s8,0,0,0,2.0,0.71895,1.0
block_nec_r3,lead_cont_r11,block_or_occupancy,lead,block_nec,lead_cont,block_nec|v7|L5,lead_cont|v7|s6,0,0,0,0.0,0.73515,1.0
block_nec_r3,lead_cont_r12,block_or_occupancy,lead,block_nec,lead_cont,block_nec|v7|L5,lead_cont|v8|s7,0,0,0,1.0,0.70415,1.0
block_nec_r3,lead_cont_r2,block_or_occupancy,lead,block_nec,lead_cont,block_nec|v7|L5,lead_cont|v6|s5,0,0,0,1.0,0.704313,1.0
block_nec_r3,lead_cont_r3,block_or_occupancy,lead,block_nec,lead_cont,block_nec|v7|L5,lead_cont|v7|s5,0,0,0,0.0,0.730387,1.0
block_nec_r3,lead_cont_r4,block_or_occupancy,lead,block_nec,lead_cont,block_nec|v7|L5,lead_cont|v7|s6,0,0,0,0.0,0.6856,1.0
block_nec_r3,lead_cont_r5,block_or_occupancy,lead,block_nec,lead_cont,block_nec|v7|L5,lead_cont|v8|s6,0,0,0,1.0,0.751088,1.0
block_nec_r3,lead_cont_r6,block_or_occupancy,lead,block_nec,lead_cont,block_nec|v7|L5,lead_cont|v8|s7,0,0,0,1.0,0.685588,1.0
block_nec_r3,lead_cont_r7,block_or_occupancy,lead,block_nec,lead_cont,block_nec|v7|L5,lead_cont|v8|s7,0,0,0,1.0,0.70415,1.0
block_nec_r3,lead_cont_r8,block_or_occupancy,lead,block_nec,lead_cont,block_nec|v7|L5,lead_cont|v9|s7,0,0,0,2.0,0.71895,1.0
block_nec_r3,lead_cont_r9,block_or_occupancy,lead,block_nec,lead_cont,block_nec|v7|L5,lead_cont|v9|s8,0,0,0,2.0,0.715,1.0
block_nec_r3,lead_nec_r1,block_or_occupancy,lead,block_nec,lead_nec,block_nec|v7|L5,lead_nec|v6|s5,0,0,0,1.0,0.0354,0.1884
block_nec_r3,lead_nec_r10,block_or_occupancy,lead,block_nec,lead_nec,block_nec|v7|L5,lead_nec|v9|s8,0,0,0,2.0,0.0354,0.1884
block_nec_r3,lead_nec_r11,block_or_occupancy,lead,block_nec,lead_nec,block_nec|v7|L5,lead_nec|v7|s6,0,0,0,0.0,0.0354,0.1884
block_nec_r3,lead_nec_r12,block_or_occupancy,lead,block_nec,lead_nec,block_nec|v7|L5,lead_nec|v8|s7,0,0,0,1.0,0.0354,0.1884
block_nec_r3,lead_nec_r2,block_or_occupancy,lead,block_nec,lead_nec,block_nec|v7|L5,lead_nec|v6|s5,0,0,0,1.0,0.0354,0.1884
block_nec_r3,lead_nec_r3,block_or_occupancy,lead,block_nec,lead_nec,block_nec|v7|L5,lead_nec|v7|s5,0,0,0,0.0,0.0354,0.1884
block_nec_r3,lead_nec_r4,block_or_occupancy,lead,block_nec,lead_nec,block_nec|v7|L5,lead_nec|v7|s6,0,0,0,0.0,0.0354,0.1884
block_nec_r3,lead_nec_r5,block_or_occupancy,lead,block_nec,lead_nec,block_nec|v7|L5,lead_nec|v8|s6,0,0,0,1.0,0.0354,0.1884
block_nec_r3,lead_nec_r6,block_or_occupancy,lead,block_nec,lead_nec,block_nec|v7|L5,lead_nec|v8|s7,0,0,0,1.0,0.0354,0.1884
block_nec_r3,lead_nec_r7,block_or_occupancy,lead,block_nec,lead_nec,block_nec|v7|L5,lead_nec|v8|s7,0,0,0,1.0,0.0354,0.1884
block_nec_r3,lead_nec_r8,block_or_occupancy,lead,block_nec,lead_nec,block_nec|v7|L5,lead_nec|v9|s7,0,0,0,2.0,0.0354,0.1884
block_nec_r3,lead_nec_r9,block_or_occupancy,lead,block_nec,lead_nec,block_nec|v7|L5,lead_nec|v9|s8,0,0,0,2.0,0.0354,0.1884
block_nec_r3,lead_opt_r1,block_or_occupancy,lead,block_nec,lead_opt,block_nec|v7|L5,lead_opt|v6|s6,0,0,0,1.0,0.0354,0.1884
block_nec_r3,lead_opt_r10,block_or_occupancy,lead,block_nec,lead_opt,block_nec|v7|L5,lead_opt|v8|s7,0,0,0,1.0,0.0354,0.1884
block_nec_r3,lead_opt_r11,block_or_occupancy,lead,block_nec,lead_opt,block_nec|v7|L5,lead_opt|v6|s6,0,0,0,1.0,0.0354,0.1884
block_nec_r3,lead_opt_r12,block_or_occupancy,lead,block_nec,lead_opt,block_nec|v7|L5,lead_opt|v7|s7,0,0,0,0.0,0.0354,0.1884
block_nec_r3,lead_opt_r2,block_or_occupancy,lead,block_nec,lead_opt,block_nec|v7|L5,lead_opt|v6|s6,0,0,0,1.0,0.0354,0.1884
block_nec_r3,lead_opt_r3,block_or_occupancy,lead,block_nec,lead_opt,block_nec|v7|L5,lead_opt|v7|s6,0,0,0,0.0,0.0354,0.1884
block_nec_r3,lead_opt_r4,block_or_occupancy,lead,block_nec,lead_opt,block_nec|v7|L5,lead_opt|v7|s6,0,0,0,0.0,0.0354,0.1884
block_nec_r3,lead_opt_r5,block_or_occupancy,lead,block_nec,lead_opt,block_nec|v7|L5,lead_opt|v8|s7,0,0,0,1.0,0.0354,0.1884
block_nec_r3,lead_opt_r6,block_or_occupancy,lead,block_nec,lead_opt,block_nec|v7|L5,lead_opt|v8|s7,0,0,0,1.0,0.0354,0.1884
block_nec_r3,lead_opt_r7,block_or_occupancy,lead,block_nec,lead_opt,block_nec|v7|L5,lead_opt|v9|s7,0,0,0,2.0,0.0354,0.1884
block_nec_r3,lead_opt_r8,block_or_occupancy,lead,block_nec,lead_opt,block_nec|v7|L5,lead_opt|v9|s7,0,0,0,2.0,0.0354,0.1884
block_nec_r3,lead_opt_r9,block_or_occupancy,lead,block_nec,lead_opt,block_nec|v7|L5,lead_opt|v7|s6,0,0,0,0.0,0.0354,0.1884
block_nec_r3,temp_opt_r1,block_or_occupancy,block_or_occupancy,block_nec,temp_opt,block_nec|v7|L5,temp_opt|v6|o6,1,0,0,1.0,0.0354,0.1884
block_nec_r3,temp_opt_r10,block_or_occupancy,block_or_occupancy,block_nec,temp_opt,block_nec|v7|L5,temp_opt|v6|o7,1,0,0,1.0,0.0354,0.1884
block_nec_r3,temp_opt_r11,block_or_occupancy,block_or_occupancy,block_nec,temp_opt,block_nec|v7|L5,temp_opt|v7|o8,1,0,0,0.0,0.0354,0.1884
block_nec_r3,temp_opt_r12,block_or_occupancy,block_or_occupancy,block_nec,temp_opt,block_nec|v7|L5,temp_opt|v8|o7,1,0,0,1.0,0.032137,0.1623
block_nec_r3,temp_opt_r2,block_or_occupancy,block_or_occupancy,block_nec,temp_opt,block_nec|v7|L5,temp_opt|v6|o7,1,0,0,1.0,0.0354,0.1884
block_nec_r3,temp_opt_r3,block_or_occupancy,block_or_occupancy,block_nec,temp_opt,block_nec|v7|L5,temp_opt|v6|o8,1,0,0,1.0,0.0354,0.1884
block_nec_r3,temp_opt_r4,block_or_occupancy,block_or_occupancy,block_nec,temp_opt,block_nec|v7|L5,temp_opt|v7|o6,1,0,0,0.0,0.0354,0.1884
block_nec_r3,temp_opt_r5,block_or_occupancy,block_or_occupancy,block_nec,temp_opt,block_nec|v7|L5,temp_opt|v7|o7,1,0,0,0.0,0.0354,0.1884
block_nec_r3,temp_opt_r6,block_or_occupancy,block_or_occupancy,block_nec,temp_opt,block_nec|v7|L5,temp_opt|v7|o8,1,0,0,0.0,0.0354,0.1884
block_nec_r3,temp_opt_r7,block_or_occupancy,block_or_occupancy,block_nec,temp_opt,block_nec|v7|L5,temp_opt|v8|o6,1,0,0,1.0,0.010075,0.0445
block_nec_r3,temp_opt_r8,block_or_occupancy,block_or_occupancy,block_nec,temp_opt,block_nec|v7|L5,temp_opt|v8|o7,1,0,0,1.0,0.0354,0.1884
block_nec_r3,temp_opt_r9,block_or_occupancy,block_or_occupancy,block_nec,temp_opt,block_nec|v7|L5,temp_opt|v8|o8,1,0,0,1.0,0.0354,0.1884
block_nec_r4,block_nec_r5,block_or_occupancy,block_or_occupancy,block_nec,block_nec,block_nec|v7|L6,block_nec|v8|L6,1,1,0,1.0,0.153762,1.0
block_nec_r4,block_nec_r6,block_or_occupancy,block_or_occupancy,block_nec,block_nec,block_nec|v7|L6,block_nec|v8|L7,1,1,0,1.0,0.00905,0.0597
block_nec_r4,block_nec_r7,block_or_occupancy,block_or_occupancy,block_nec,block_nec,block_nec|v7|L6,block_nec|v8|L7,1,1,0,1.0,0.002125,0.017
block_nec_r4,block_nec_r8,block_or_occupancy,block_or_occupancy,block_nec,block_nec,block_nec|v7|L6,block_nec|v9|L7,1,1,0,2.0,0.136125,1.0
block_nec_r4,block_nec_r9,block_or_occupancy,block_or_occupancy,block_nec,block_nec,block_nec|v7|L6,block_nec|v9|L8,1,1,0,2.0,0.014113,0.0695
block_nec_r4,cross_clear_r1,block_or_occupancy,cross,block_nec,cross_clear,block_nec|v7|L6,cross_clear|v6|d5,0,0,0,1.0,0.066225,0.2228
block_nec_r4,cross_clear_r10,block_or_occupancy,cross,block_nec,cross_clear,block_nec|v7|L6,cross_clear|v8|d6,0,0,0,1.0,0.587012,1.0
block_nec_r4,cross_clear_r11,block_or_occupancy,cross,block_nec,cross_clear,block_nec|v7|L6,cross_clear|v8|d7,0,0,0,1.0,0.1223,0.451
block_nec_r4,cross_clear_r12,block_or_occupancy,cross,block_nec,cross_clear,block_nec|v7|L6,cross_clear|v8|d8,0,0,0,1.0,0.4258,0.6043
block_nec_r4,cross_clear_r2,block_or_occupancy,cross,block_nec,cross_clear,block_nec|v7|L6,cross_clear|v6|d6,0,0,0,1.0,0.155963,0.4898
block_nec_r4,cross_clear_r3,block_or_occupancy,cross,block_nec,cross_clear,block_nec|v7|L6,cross_clear|v6|d7,0,0,0,1.0,0.020175,0.1264
block_nec_r4,cross_clear_r4,block_or_occupancy,cross,block_nec,cross_clear,block_nec|v7|L6,cross_clear|v6|d8,0,0,0,1.0,0.161338,0.4524
block_nec_r4,cross_clear_r5,block_or_occupancy,cross,block_nec,cross_clear,block_nec|v7|L6,cross_clear|v7|d5,0,0,0,0.0,0.208088,0.5581
block_nec_r4,cross_clear_r6,block_or_occupancy,cross,block_nec,cross_clear,block_nec|v7|L6,cross_clear|v7|d6,0,0,0,0.0,0.390075,0.5908
block_nec_r4,cross_clear_r7,block_or_occupancy,cross,block_nec,cross_clear,block_nec|v7|L6,cross_clear|v7|d7,0,0,0,0.0,0.08895,0.2694
block_nec_r4,cross_clear_r8,block_or_occupancy,cross,block_nec,cross_clear,block_nec|v7|L6,cross_clear|v7|d8,0,0,0,0.0,0.220463,0.4293
block_nec_r4,cross_clear_r9,block_or_occupancy,cross,block_nec,cross_clear,block_nec|v7|L6,cross_clear|v8|d5,0,0,0,1.0,0.337213,1.0
block_nec_r4,cross_stall_occ_r1,block_or_occupancy,cross,block_nec,cross_stall_occ,block_nec|v7|L6,cross_stall_occ|v6|d6,0,0,0,1.0,0.8397,1.0
block_nec_r4,cross_stall_occ_r10,block_or_occupancy,cross,block_nec,cross_stall_occ,block_nec|v7|L6,cross_stall_occ|v7|d7,0,0,0,0.0,0.808013,1.0
block_nec_r4,cross_stall_occ_r11,block_or_occupancy,cross,block_nec,cross_stall_occ,block_nec|v7|L6,cross_stall_occ|v8|d7,0,0,0,1.0,0.8782,1.0
block_nec_r4,cross_stall_occ_r12,block_or_occupancy,cross,block_nec,cross_stall_occ,block_nec|v7|L6,cross_stall_occ|v8|d8,0,0,0,1.0,0.850263,1.0
block_nec_r4,cross_stall_occ_r2,block_or_occupancy,cross,block_nec,cross_stall_occ,block_nec|v7|L6,cross_stall_occ|v6|d7,0,0,0,1.0,0.808188,1.0
block_nec_r4,cross_stall_occ_r3,block_or_occupancy,cross,block_nec,cross_stall_occ,block_nec|v7|L6,cross_stall_occ|v7|d7,0,0,0,0.0,0.830337,1.0
block_nec_r4,cross_stall_occ_r4,block_or_occupancy,cross,block_nec,cross_stall_occ,block_nec|v7|L6,cross_stall_occ|v7|d7,0,0,0,0.0,0.788013,1.0
block_nec_r4,cross_stall_occ_r5,block_or_occupancy,cross,block_nec,cross_stall_occ,block_nec|v7|L6,cross_stall_occ|v8|d7,0,0,0,1.0,0.850113,1.0
block_nec_r4,cross_stall_occ_r6,block_or_occupancy,cross,block_nec,cross_stall_occ,block_nec|v7|L6,cross_stall_occ|v8|d8,0,0,0,1.0,0.850038,1.0
block_nec_r4,cross_stall_occ_r7,block_or_occupancy,cross,block_nec,cross_stall_occ,block_nec|v7|L6,cross_stall_occ|v6|d6,0,0,0,1.0,0.8479,1.0
block_nec_r4,cross_stall_occ_r8,block_or_occupancy,cross,block_nec,cross_stall_occ,block_nec|v7|L6,cross_stall_occ|v6|d7,0,0,0,1.0,0.81605,1.0
block_nec_r4,cross_stall_occ_r9,block_or_occupancy,cross,block_nec,cross_stall_occ,block_nec|v7|L6,cross_stall_occ|v7|d7,0,0,0,0.0,0.837725,1.0
block_nec_r4,cross_stall_r1,block_or_occupancy,cross,block_nec,cross_stall,block_nec|v7|L6,cross_stall|v6|d6,0,0,0,1.0,0.002125,0.017
block_nec_r4,cross_stall_r10,block_or_occupancy,cross,block_nec,cross_stall,block_nec|v7|L6,cross_stall|v7|d7,0,0,0,0.0,0.002125,0.017
block_nec_r4,cross_stall_r11,block_or_occupancy,cross,block_nec,cross_stall,block_nec|v7|L6,cross_stall|v8|d7,0,0,0,1.0,0.001137,0.0091
block_nec_r4,cross_stall_r12,block_or_occupancy,cross,block_nec,cross_stall,block_nec|v7|L6,cross_stall|v8|d8,0,0,0,1.0,0.002125,0.017
block_nec_r4,cross_stall_r2,block_or_occupancy,cross,block_nec,cross_stall,block_nec|v7|L6,cross_stall|v6|d6,0,0,0,1.0,0.002125,0.017
block_nec_r4,cross_stall_r3,block_or_occupancy,cross,block_nec,cross_stall,block_nec|v7|L6,cross_stall|v7|d6,0,0,0,0.0,0.0028,0.0224
block_nec_r4,cross_stall_r4,block_or_occupancy,cross,block_nec,cross_stall,block_nec|v7|L6,cross_stall|v7|d7,0,0,0,0.0,0.002125,0.017
block_nec_r4,cross_stall_r5,block_or_occupancy,cross,block_nec,cross_stall,block_nec|v7|L6,cross_stall|v8|d7,0,0,0,1.0,0.032775,0.1997
block_nec_r4,cross_stall_r6,block_or_occupancy,cross,block_nec,cross_stall,block_nec|v7|L6,cross_stall|v8|d8,0,0,0,1.0,0.002125,0.017
block_nec_r4,cross_stall_r7,block_or_occupancy,cross,block_nec,cross_stall,block_nec|v7|L6,cross_stall|v6|d6,0,0,0,1.0,0.002125,0.017
block_nec_r4,cross_stall_r8,block_or_occupancy,cross,block_nec,cross_stall,block_nec|v7|L6,cross_stall|v6|d6,0,0,0,1.0,0.002125,0.017
block_nec_r4,cross_stall_r9,block_or_occupancy,cross,block_nec,cross_stall,block_nec|v7|L6,cross_stall|v7|d6,0,0,0,0.0,0.002125,0.017
block_nec_r4,lead_cont_r1,block_or_occupancy,lead,block_nec,lead_cont,block_nec|v7|L6,lead_cont|v6|s5,0,0,0,1.0,0.810712,1.0
block_nec_r4,lead_cont_r10,block_or_occupancy,lead,block_nec,lead_cont,block_nec|v7|L6,lead_cont|v9|s8,0,0,0,2.0,0.752225,1.0
block_nec_r4,lead_cont_r11,block_or_occupancy,lead,block_nec,lead_cont,block_nec|v7|L6,lead_cont|v7|s6,0,0,0,0.0,0.768425,1.0
block_nec_r4,lead_cont_r12,block_or_occupancy,lead,block_nec,lead_cont,block_nec|v7|L6,lead_cont|v8|s7,0,0,0,1.0,0.737425,1.0
block_nec_r4,lead_cont_r2,block_or_occupancy,lead,block_nec,lead_cont,block_nec|v7|L6,lead_cont|v6|s5,0,0,0,1.0,0.737588,1.0
block_nec_r4,lead_cont_r3,block_or_occupancy,lead,block_nec,lead_cont,block_nec|v7|L6,lead_cont|v7|s5,0,0,0,0.0,0.763662,1.0
block_nec_r4,lead_cont_r4,block_or_occupancy,lead,block_nec,lead_cont,block_nec|v7|L6,lead_cont|v7|s6,0,0,0,0.0,0.718875,1.0
block_nec_r4,lead_cont_r5,block_or_occupancy,lead,block_nec,lead_cont,block_nec|v7|L6,lead_cont|v8|s6,0,0,0,1.0,0.784362,1.0
block_nec_r4,lead_cont_r6,block_or_occupancy,lead,block_nec,lead_cont,block_nec|v7|L6,lead_cont|v8|s7,0,0,0,1.0,0.718862,1.0
block_nec_r4,lead_cont_r7,block_or_occupancy,lead,block_nec,lead_cont,block_nec|v7|L6,lead_cont|v8|s7,0,0,0,1.0,0.737425,1.0
block_nec_r4,lead_cont_r8,block_or_occupancy,lead,block_nec,lead_cont,block_nec|v7|L6,lead_cont|v9|s7,0,0,0,2.0,0.752225,1.0
block_nec_r4,lead_cont_r9,block_or_occupancy,lead,block_nec,lead_cont,block_nec|v7|L6,lead_cont|v9|s8,0,0,0,2.0,0.748275,1.0
block_nec_r4,lead_nec_r1,block_or_occupancy,lead,block_nec,lead_nec,block_nec|v7|L6,lead_nec|v6|s5,0,0,0,1.0,0.002125,0.017
block_nec_r4,lead_nec_r10,block_or_occupancy,lead,block_nec,lead_nec,block_nec|v7|L6,lead_nec|v9|s8,0,0,0,2.0,0.002125,0.017
block_nec_r4,lead_nec_r11,block_or_occupancy,lead,block_nec,lead_nec,block_nec|v7|L6,lead_nec|v7|s6,0,0,0,0.0,0.002125,0.017
block_nec_r4,lead_nec_r12,block_or_occupancy,lead,block_nec,lead_nec,block_nec|v7|L6,lead_nec|v8|s7,0,0,0,1.0,0.002125,0.017
block_nec_r4,lead_nec_r2,block_or_occupancy,lead,block_nec,lead_nec,block_nec|v7|L6,lead_nec|v6|s5,0,0,0,1.0,0.002125,0.017
block_nec_r4,lead_nec_r3,block_or_occupancy,lead,block_nec,lead_nec,block_nec|v7|L6,lead_nec|v7|s5,0,0,0,0.0,0.002125,0.017
block_nec_r4,lead_nec_r4,block_or_occupancy,lead,block_nec,lead_nec,block_nec|v7|L6,lead_nec|v7|s6,0,0,0,0.0,0.002125,0.017
block_nec_r4,lead_nec_r5,block_or_occupancy,lead,block_nec,lead_nec,block_nec|v7|L6,lead_nec|v8|s6,0,0,0,1.0,0.002125,0.017
block_nec_r4,lead_nec_r6,block_or_occupancy,lead,block_nec,lead_nec,block_nec|v7|L6,lead_nec|v8|s7,0,0,0,1.0,0.002125,0.017
block_nec_r4,lead_nec_r7,block_or_occupancy,lead,block_nec,lead_nec,block_nec|v7|L6,lead_nec|v8|s7,0,0,0,1.0,0.002125,0.017
block_nec_r4,lead_nec_r8,block_or_occupancy,lead,block_nec,lead_nec,block_nec|v7|L6,lead_nec|v9|s7,0,0,0,2.0,0.002125,0.017
block_nec_r4,lead_nec_r9,block_or_occupancy,lead,block_nec,lead_nec,block_nec|v7|L6,lead_nec|v9|s8,0,0,0,2.0,0.002125,0.017
block_nec_r4,lead_opt_r1,block_or_occupancy,lead,block_nec,lead_opt,block_nec|v7|L6,lead_opt|v6|s6,0,0,0,1.0,0.002125,0.017
block_nec_r4,lead_opt_r10,block_or_occupancy,lead,block_nec,lead_opt,block_nec|v7|L6,lead_opt|v8|s7,0,0,0,1.0,0.002125,0.017
block_nec_r4,lead_opt_r11,block_or_occupancy,lead,block_nec,lead_opt,block_nec|v7|L6,lead_opt|v6|s6,0,0,0,1.0,0.002125,0.017
block_nec_r4,lead_opt_r12,block_or_occupancy,lead,block_nec,lead_opt,block_nec|v7|L6,lead_opt|v7|s7,0,0,0,0.0,0.002125,0.017
block_nec_r4,lead_opt_r2,block_or_occupancy,lead,block_nec,lead_opt,block_nec|v7|L6,lead_opt|v6|s6,0,0,0,1.0,0.002125,0.017
block_nec_r4,lead_opt_r3,block_or_occupancy,lead,block_nec,lead_opt,block_nec|v7|L6,lead_opt|v7|s6,0,0,0,0.0,0.002125,0.017
block_nec_r4,lead_opt_r4,block_or_occupancy,lead,block_nec,lead_opt,block_nec|v7|L6,lead_opt|v7|s6,0,0,0,0.0,0.002125,0.017
block_nec_r4,lead_opt_r5,block_or_occupancy,lead,block_nec,lead_opt,block_nec|v7|L6,lead_opt|v8|s7,0,0,0,1.0,0.002125,0.017
block_nec_r4,lead_opt_r6,block_or_occupancy,lead,block_nec,lead_opt,block_nec|v7|L6,lead_opt|v8|s7,0,0,0,1.0,0.002125,0.017
block_nec_r4,lead_opt_r7,block_or_occupancy,lead,block_nec,lead_opt,block_nec|v7|L6,lead_opt|v9|s7,0,0,0,2.0,0.002125,0.017
block_nec_r4,lead_opt_r8,block_or_occupancy,lead,block_nec,lead_opt,block_nec|v7|L6,lead_opt|v9|s7,0,0,0,2.0,0.002125,0.017
block_nec_r4,lead_opt_r9,block_or_occupancy,lead,block_nec,lead_opt,block_nec|v7|L6,lead_opt|v7|s6,0,0,0,0.0,0.002125,0.017
block_nec_r4,temp_opt_r1,block_or_occupancy,block_or_occupancy,block_nec,temp_opt,block_nec|v7|L6,temp_opt|v6|o6,1,0,0,1.0,0.002125,0.017
block_nec_r4,temp_opt_r10,block_or_occupancy,block_or_occupancy,block_nec,temp_opt,block_nec|v7|L6,temp_opt|v6|o7,1,0,0,1.0,0.002125,0.017
block_nec_r4,temp_opt_r11,block_or_occupancy,block_or_occupancy,block_nec,temp_opt,block_nec|v7|L6,temp_opt|v7|o8,1,0,0,0.0,0.002125,0.017
block_nec_r4,temp_opt_r12,block_or_occupancy,block_or_occupancy,block_nec,temp_opt,block_nec|v7|L6,temp_opt|v8|o7,1,0,0,1.0,0.001137,0.0091
block_nec_r4,temp_opt_r2,block_or_occupancy,block_or_occupancy,block_nec,temp_opt,block_nec|v7|L6,temp_opt|v6|o7,1,0,0,1.0,0.002125,0.017
block_nec_r4,temp_opt_r3,block_or_occupancy,block_or_occupancy,block_nec,temp_opt,block_nec|v7|L6,temp_opt|v6|o8,1,0,0,1.0,0.002125,0.017
block_nec_r4,temp_opt_r4,block_or_occupancy,block_or_occupancy,block_nec,temp_opt,block_nec|v7|L6,temp_opt|v7|o6,1,0,0,0.0,0.002125,0.017
block_nec_r4,temp_opt_r5,block_or_occupancy,block_or_occupancy,block_nec,temp_opt,block_nec|v7|L6,temp_opt|v7|o7,1,0,0,0.0,0.002125,0.017
block_nec_r4,temp_opt_r6,block_or_occupancy,block_or_occupancy,block_nec,temp_opt,block_nec|v7|L6,temp_opt|v7|o8,1,0,0,0.0,0.002125,0.017
block_nec_r4,temp_opt_r7,block_or_occupancy,block_or_occupancy,block_nec,temp_opt,block_nec|v7|L6,temp_opt|v8|o6,1,0,0,1.0,0.0232,0.1353
block_nec_r4,temp_opt_r8,block_or_occupancy,block_or_occupancy,block_nec,temp_opt,block_nec|v7|L6,temp_opt|v8|o7,1,0,0,1.0,0.002125,0.017
block_nec_r4,temp_opt_r9,block_or_occupancy,block_or_occupancy,block_nec,temp_opt,block_nec|v7|L6,temp_opt|v8|o8,1,0,0,1.0,0.002125,0.017
block_nec_r5,block_nec_r6,block_or_occupancy,block_or_occupancy,block_nec,block_nec,block_nec|v8|L6,block_nec|v8|L7,1,1,0,0.0,0.152175,1.0
block_nec_r5,block_nec_r7,block_or_occupancy,block_or_occupancy,block_nec,block_nec,block_nec|v8|L6,block_nec|v8|L7,1,1,0,0.0,0.153762,1.0
block_nec_r5,block_nec_r8,block_or_occupancy,block_or_occupancy,block_nec,block_nec,block_nec|v8|L6,block_nec|v9|L7,1,1,0,1.0,0.017638,0.1179
block_nec_r5,block_nec_r9,block_or_occupancy,block_or_occupancy,block_nec,block_nec,block_nec|v8|L6,block_nec|v9|L8,1,1,0,1.0,0.148338,1.0
block_nec_r5,cross_clear_r1,block_or_occupancy,cross,block_nec,cross_clear,block_nec|v8|L6,cross_clear|v6|d5,0,0,0,2.0,0.166137,1.0
block_nec_r5,cross_clear_r10,block_or_occupancy,cross,block_nec,cross_clear,block_nec|v8|L6,cross_clear|v8|d6,0,0,0,0.0,0.43325,1.0
block_nec_r5,cross_clear_r11,block_or_occupancy,cross,block_nec,cross_clear,block_nec|v8|L6,cross_clear|v8|d7,0,0,0,0.0,0.273938,1.0
block_nec_r5,cross_clear_r12,block_or_occupancy,cross,block_nec,cross_clear,block_nec|v8|L6,cross_clear|v8|d8,0,0,0,0.0,0.467788,1.0
block_nec_r5,cross_clear_r2,block_or_occupancy,cross,block_nec,cross_clear,block_nec|v8|L6,cross_clear|v6|d6,0,0,0,2.0,0.227675,1.0
block_nec_r5,cross_clear_r3,block_or_occupancy,cross,block_nec,cross_clear,block_nec|v8|L6,cross_clear|v6|d7,0,0,0,2.0,0.169562,1.0
block_nec_r5,cross_clear_r4,block_or_occupancy,cross,block_nec,cross_clear,block_nec|v8|L6,cross_clear|v6|d8,0,0,0,2.0,0.206825,1.0
block_nec_r5,cross_clear_r5,block_or_occupancy,cross,block_nec,cross_clear,block_nec|v8|L6,cross_clear|v7|d5,0,0,0,1.0,0.353925,1.0
block_nec_r5,cross_clear_r6,block_or_occupancy,cross,block_nec,cross_clear,block_nec|v8|L6,cross_clear|v7|d6,0,0,0,1.0,0.422788,1.0
block_nec_r5,cross_clear_r7,block_or_occupancy,cross,block_nec,cross_clear,block_nec|v8|L6,cross_clear|v7|d7,0,0,0,1.0,0.234788,1.0
block_nec_r5,cross_clear_r8,block_or_occupancy,cross,block_nec,cross_clear,block_nec|v8|L6,cross_clear|v7|d8,0,0,0,1.0,0.263038,1.0
block_nec_r5,cross_clear_r9,block_or_occupancy,cross,block_nec,cross_clear,block_nec|v8|L6,cross_clear|v8|d5,0,0,0,0.0,0.48885,1.0
block_nec_r5,cross_stall_occ_r1,block_or_occupancy,cross,block_nec,cross_stall_occ,block_nec|v8|L6,cross_stall_occ|v6|d6,0,0,0,2.0,0.847213,1.0
block_nec_r5,cross_stall_occ_r10,block_or_occupancy,cross,block_nec,cross_stall_occ,block_nec|v8|L6,cross_stall_occ|v7|d7,0,0,0,1.0,0.817925,1.0
block_nec_r5,cross_stall_occ_r11,block_or_occupancy,cross,block_nec,cross_stall_occ,block_nec|v8|L6,cross_stall_occ|v8|d7,0,0,0,0.0,0.878725,1.0
block_nec_r5,cross_stall_occ_r12,block_or_occupancy,cross,block_nec,cross_stall_occ,block_nec|v8|L6,cross_stall_occ|v8|d8,0,0,0,0.0,0.857038,1.0
block_nec_r5,cross_stall_occ_r2,block_or_occupancy,cross,block_nec,cross_stall_occ,block_nec|v8|L6,cross_stall_occ|v6|d7,0,0,0,2.0,0.822512,1.0
block_nec_r5,cross_stall_occ_r3,block_or_occupancy,cross,block_nec,cross_stall_occ,block_nec|v8|L6,cross_stall_occ|v7|d7,0,0,0,1.0,0.835325,1.0
block_nec_r5,cross_stall_occ_r4,block_or_occupancy,cross,block_nec,cross_stall_occ,block_nec|v8|L6,cross_stall_occ|v7|d7,0,0,0,1.0,0.802312,1.0
block_nec_r5,cross_stall_occ_r5,block_or_occupancy,cross,block_nec,cross_stall_occ,block_nec|v8|L6,cross_stall_occ|v8|d7,0,0,0,0.0,0.85695,1.0
block_nec_r5,cross_stall_occ_r6,block_or_occupancy,cross,block_nec,cross_stall_occ,block_nec|v8|L6,cross_stall_occ|v8|d8,0,0,0,0.0,0.85695,1.0
block_nec_r5,cross_stall_occ_r7,block_or_occupancy,cross,block_nec,cross_stall_occ,block_nec|v8|L6,cross_stall_occ|v6|d6,0,0,0,2.0,0.85365,1.0
block_nec_r5,cross_stall_occ_r8,block_or_occupancy,cross,block_nec,cross_stall_occ,block_nec|v8|L6,cross_stall_occ|v6|d7,0,0,0,2.0,0.828675,1.0
block_nec_r5,cross_stall_occ_r9,block_or_occupancy,cross,block_nec,cross_stall_occ,block_nec|v8|L6,cross_stall_occ|v7|d7,0,0,0,1.0,0.841075,1.0
block_nec_r5,cross_stall_r1,block_or_occupancy,cross,block_nec,cross_stall,block_nec|v8|L6,cross_stall|v6|d6,0,0,0,2.0,0.153762,1.0
block_nec_r5,cross_stall_r10,block_or_occupancy,cross,block_nec,cross_stall,block_nec|v8|L6,cross_stall|v7|d7,0,0,0,1.0,0.153762,1.0
block_nec_r5,cross_stall_r11,block_or_occupancy,cross,block_nec,cross_stall,block_nec|v8|L6,cross_stall|v8|d7,0,0,0,0.0,0.153762,1.0
block_nec_r5,cross_stall_r12,block_or_occupancy,cross,block_nec,cross_stall,block_nec|v8|L6,cross_stall|v8|d8,0,0,0,0.0,0.153762,1.0
block_nec_r5,cross_stall_r2,block_or_occupancy,cross,block_nec,cross_stall,block_nec|v8|L6,cross_stall|v6|d6,0,0,0,2.0,0.153762,1.0
block_nec_r5,cross_stall_r3,block_or_occupancy,cross,block_nec,cross_stall,block_nec|v8|L6,cross_stall|v7|d6,0,0,0,1.0,0.153762,1.0
block_nec_r5,cross_stall_r4,block_or_occupancy,cross,block_nec,cross_stall,block_nec|v8|L6,cross_stall|v7|d7,0,0,0,1.0,0.153762,1.0
block_nec_r5,cross_stall_r5,block_or_occupancy,cross,block_nec,cross_stall,block_nec|v8|L6,cross_stall|v8|d7,0,0,0,0.0,0.14595,1.0
block_nec_r5,cross_stall_r6,block_or_occupancy,cross,block_nec,cross_stall,block_nec|v8|L6,cross_stall|v8|d8,0,0,0,0.0,0.153762,1.0
block_nec_r5,cross_stall_r7,block_or_occupancy,cross,block_nec,cross_stall,block_nec|v8|L6,cross_stall|v6|d6,0,0,0,2.0,0.153762,1.0
block_nec_r5,cross_stall_r8,block_or_occupancy,cross,block_nec,cross_stall,block_nec|v8|L6,cross_stall|v6|d6,0,0,0,2.0,0.153762,1.0
block_nec_r5,cross_stall_r9,block_or_occupancy,cross,block_nec,cross_stall,block_nec|v8|L6,cross_stall|v7|d6,0,0,0,1.0,0.153762,1.0
block_nec_r5,lead_cont_r1,block_or_occupancy,lead,block_nec,lead_cont,block_nec|v8|L6,lead_cont|v6|s5,0,0,0,2.0,0.824462,1.0
block_nec_r5,lead_cont_r10,block_or_occupancy,lead,block_nec,lead_cont,block_nec|v8|L6,lead_cont|v9|s8,0,0,0,1.0,0.780337,1.0
block_nec_r5,lead_cont_r11,block_or_occupancy,lead,block_nec,lead_cont,block_nec|v8|L6,lead_cont|v7|s6,0,0,0,1.0,0.7871,1.0
block_nec_r5,lead_cont_r12,block_or_occupancy,lead,block_nec,lead_cont,block_nec|v8|L6,lead_cont|v8|s7,0,0,0,0.0,0.769888,1.0
block_nec_r5,lead_cont_r2,block_or_occupancy,lead,block_nec,lead_cont,block_nec|v8|L6,lead_cont|v6|s5,0,0,0,2.0,0.767138,1.0
block_nec_r5,lead_cont_r3,block_or_occupancy,lead,block_nec,lead_cont,block_nec|v8|L6,lead_cont|v7|s5,0,0,0,1.0,0.783438,1.0
block_nec_r5,lead_cont_r4,block_or_occupancy,lead,block_nec,lead_cont,block_nec|v8|L6,lead_cont|v7|s6,0,0,0,1.0,0.748512,1.0
block_nec_r5,lead_cont_r5,block_or_occupancy,lead,block_nec,lead_cont,block_nec|v8|L6,lead_cont|v8|s6,0,0,0,0.0,0.806175,1.0
block_nec_r5,lead_cont_r6,block_or_occupancy,lead,block_nec,lead_cont,block_nec|v8|L6,lead_cont|v8|s7,0,0,0,0.0,0.755525,1.0
block_nec_r5,lead_cont_r7,block_or_occupancy,lead,block_nec,lead_cont,block_nec|v8|L6,lead_cont|v8|s7,0,0,0,0.0,0.769888,1.0
block_nec_r5,lead_cont_r8,block_or_occupancy,lead,block_nec,lead_cont,block_nec|v8|L6,lead_cont|v9|s7,0,0,0,1.0,0.780337,1.0
block_nec_r5,lead_cont_r9,block_or_occupancy,lead,block_nec,lead_cont,block_nec|v8|L6,lead_cont|v9|s8,0,0,0,1.0,0.776388,1.0
block_nec_r5,lead_nec_r1,block_or_occupancy,lead,block_nec,lead_nec,block_nec|v8|L6,lead_nec|v6|s5,0,0,0,2.0,0.153762,1.0
block_nec_r5,lead_nec_r10,block_or_occupancy,lead,block_nec,lead_nec,block_nec|v8|L6,lead_nec|v9|s8,0,0,0,1.0,0.153762,1.0
block_nec_r5,lead_nec_r11,block_or_occupancy,lead,block_nec,lead_nec,block_nec|v8|L6,lead_nec|v7|s6,0,0,0,1.0,0.153762,1.0
block_nec_r5,lead_nec_r12,block_or_occupancy,lead,block_nec,lead_nec,block_nec|v8|L6,lead_nec|v8|s7,0,0,0,0.0,0.153762,1.0
block_nec_r5,lead_nec_r2,block_or_occupancy,lead,block_nec,lead_nec,block_nec|v8|L6,lead_nec|v6|s5,0,0,0,2.0,0.153762,1.0
block_nec_r5,lead_nec_r3,block_or_occupancy,lead,block_nec,lead_nec,block_nec|v8|L6,lead_nec|v7|s5,0,0,0,1.0,0.153762,1.0
block_nec_r5,lead_nec_r4,block_or_occupancy,lead,block_nec,lead_nec,block_nec|v8|L6,lead_nec|v7|s6,0,0,0,1.0,0.153762,1.0
block_nec_r5,lead_nec_r5,block_or_occupancy,lead,block_nec,lead_nec,block_nec|v8|L6,lead_nec|v8|s6,0,0,0,0.0,0.153762,1.0
block_nec_r5,lead_nec_r6,block_or_occupancy,lead,block_nec,lead_nec,block_nec|v8|L6,lead_nec|v8|s7,0,0,0,0.0,0.153762,1.0
block_nec_r5,lead_nec_r7,block_or_occupancy,lead,block_nec,lead_nec,block_nec|v8|L6,lead_nec|v8|s7,0,0,0,0.0,0.153762,1.0
block_nec_r5,lead_nec_r8,block_or_occupancy,lead,block_nec,lead_nec,block_nec|v8|L6,lead_nec|v9|s7,0,0,0,1.0,0.153762,1.0
block_nec_r5,lead_nec_r9,block_or_occupancy,lead,block_nec,lead_nec,block_nec|v8|L6,lead_nec|v9|s8,0,0,0,1.0,0.153762,1.0
block_nec_r5,lead_opt_r1,block_or_occupancy,lead,block_nec,lead_opt,block_nec|v8|L6,lead_opt|v6|s6,0,0,0,2.0,0.153762,1.0
block_nec_r5,lead_opt_r10,block_or_occupancy,lead,block_nec,lead_opt,block_nec|v8|L6,lead_opt|v8|s7,0,0,0,0.0,0.153762,1.0
block_nec_r5,lead_opt_r11,block_or_occupancy,lead,block_nec,lead_opt,block_nec|v8|L6,lead_opt|v6|s6,0,0,0,2.0,0.153762,1.0
block_nec_r5,lead_opt_r12,block_or_occupancy,lead,block_nec,lead_opt,block_nec|v8|L6,lead_opt|v7|s7,0,0,0,1.0,0.153762,1.0
block_nec_r5,lead_opt_r2,block_or_occupancy,lead,block_nec,lead_opt,block_nec|v8|L6,lead_opt|v6|s6,0,0,0,2.0,0.153762,1.0
block_nec_r5,lead_opt_r3,block_or_occupancy,lead,block_nec,lead_opt,block_nec|v8|L6,lead_opt|v7|s6,0,0,0,1.0,0.153762,1.0
block_nec_r5,lead_opt_r4,block_or_occupancy,lead,block_nec,lead_opt,block_nec|v8|L6,lead_opt|v7|s6,0,0,0,1.0,0.153762,1.0
block_nec_r5,lead_opt_r5,block_or_occupancy,lead,block_nec,lead_opt,block_nec|v8|L6,lead_opt|v8|s7,0,0,0,0.0,0.153762,1.0
block_nec_r5,lead_opt_r6,block_or_occupancy,lead,block_nec,lead_opt,block_nec|v8|L6,lead_opt|v8|s7,0,0,0,0.0,0.153762,1.0
block_nec_r5,lead_opt_r7,block_or_occupancy,lead,block_nec,lead_opt,block_nec|v8|L6,lead_opt|v9|s7,0,0,0,1.0,0.153762,1.0
block_nec_r5,lead_opt_r8,block_or_occupancy,lead,block_nec,lead_opt,block_nec|v8|L6,lead_opt|v9|s7,0,0,0,1.0,0.153762,1.0
block_nec_r5,lead_opt_r9,block_or_occupancy,lead,block_nec,lead_opt,block_nec|v8|L6,lead_opt|v7|s6,0,0,0,1.0,0.153762,1.0
block_nec_r5,temp_opt_r1,block_or_occupancy,block_or_occupancy,block_nec,temp_opt,block_nec|v8|L6,temp_opt|v6|o6,1,0,0,2.0,0.153762,1.0
block_nec_r5,temp_opt_r10,block_or_occupancy,block_or_occupancy,block_nec,temp_opt,block_nec|v8|L6,temp_opt|v6|o7,1,0,0,2.0,0.153762,1.0
block_nec_r5,temp_opt_r11,block_or_occupancy,block_or_occupancy,block_nec,temp_opt,block_nec|v8|L6,temp_opt|v7|o8,1,0,0,1.0,0.153762,1.0
block_nec_r5,temp_opt_r12,block_or_occupancy,block_or_occupancy,block_nec,temp_opt,block_nec|v8|L6,temp_opt|v8|o7,1,0,0,0.0,0.153762,1.0
block_nec_r5,temp_opt_r2,block_or_occupancy,block_or_occupancy,block_nec,temp_opt,block_nec|v8|L6,temp_opt|v6|o7,1,0,0,2.0,0.153762,1.0
block_nec_r5,temp_opt_r3,block_or_occupancy,block_or_occupancy,block_nec,temp_opt,block_nec|v8|L6,temp_opt|v6|o8,1,0,0,2.0,0.153762,1.0
block_nec_r5,temp_opt_r4,block_or_occupancy,block_or_occupancy,block_nec,temp_opt,block_nec|v8|L6,temp_opt|v7|o6,1,0,0,1.0,0.153762,1.0
block_nec_r5,temp_opt_r5,block_or_occupancy,block_or_occupancy,block_nec,temp_opt,block_nec|v8|L6,temp_opt|v7|o7,1,0,0,1.0,0.153762,1.0
block_nec_r5,temp_opt_r6,block_or_occupancy,block_or_occupancy,block_nec,temp_opt,block_nec|v8|L6,temp_opt|v7|o8,1,0,0,1.0,0.153762,1.0
block_nec_r5,temp_opt_r7,block_or_occupancy,block_or_occupancy,block_nec,temp_opt,block_nec|v8|L6,temp_opt|v8|o6,1,0,0,0.0,0.147475,1.0
block_nec_r5,temp_opt_r8,block_or_occupancy,block_or_occupancy,block_nec,temp_opt,block_nec|v8|L6,temp_opt|v8|o7,1,0,0,0.0,0.153762,1.0
block_nec_r5,temp_opt_r9,block_or_occupancy,block_or_occupancy,block_nec,temp_opt,block_nec|v8|L6,temp_opt|v8|o8,1,0,0,0.0,0.153762,1.0
block_nec_r6,block_nec_r7,block_or_occupancy,block_or_occupancy,block_nec,block_nec,block_nec|v8|L7,block_nec|v8|L7,1,1,1,0.0,0.011175,0.0767
block_nec_r6,block_nec_r8,block_or_occupancy,block_or_occupancy,block_nec,block_nec,block_nec|v8|L7,block_nec|v9|L7,1,1,0,1.0,0.134537,1.0
block_nec_r6,block_nec_r9,block_or_occupancy,block_or_occupancy,block_nec,block_nec,block_nec|v8|L7,block_nec|v9|L8,1,1,0,1.0,0.005062,0.0307
block_nec_r6,cross_clear_r1,block_or_occupancy,cross,block_nec,cross_clear,block_nec|v8|L7,cross_clear|v6|d5,0,0,0,2.0,0.0721,0.2228
block_nec_r6,cross_clear_r10,block_or_occupancy,cross,block_nec,cross_clear,block_nec|v8|L7,cross_clear|v8|d6,0,0,0,0.0,0.585425,1.0
block_nec_r6,cross_clear_r11,block_or_occupancy,cross,block_nec,cross_clear,block_nec|v8|L7,cross_clear|v8|d7,0,0,0,0.0,0.13135,0.451
block_nec_r6,cross_clear_r12,block_or_occupancy,cross,block_nec,cross_clear,block_nec|v8|L7,cross_clear|v8|d8,0,0,0,0.0,0.41675,0.6043
block_nec_r6,cross_clear_r2,block_or_occupancy,cross,block_nec,cross_clear,block_nec|v8|L7,cross_clear|v6|d6,0,0,0,2.0,0.146913,0.4771
block_nec_r6,cross_clear_r3,block_or_occupancy,cross,block_nec,cross_clear,block_nec|v8|L7,cross_clear|v6|d7,0,0,0,2.0,0.026975,0.1264
block_nec_r6,cross_clear_r4,block_or_occupancy,cross,block_nec,cross_clear,block_nec|v8|L7,cross_clear|v6|d8,0,0,0,2.0,0.152287,0.3927
block_nec_r6,cross_clear_r5,block_or_occupancy,cross,block_nec,cross_clear,block_nec|v8|L7,cross_clear|v7|d5,0,0,0,1.0,0.217138,0.5581
block_nec_r6,cross_clear_r6,block_or_occupancy,cross,block_nec,cross_clear,block_nec|v8|L7,cross_clear|v7|d6,0,0,0,1.0,0.381025,0.5781
block_nec_r6,cross_clear_r7,block_or_occupancy,cross,block_nec,cross_clear,block_nec|v8|L7,cross_clear|v7|d7,0,0,0,1.0,0.098,0.2694
block_nec_r6,cross_clear_r8,block_or_occupancy,cross,block_nec,cross_clear,block_nec|v8|L7,cross_clear|v7|d8,0,0,0,1.0,0.211413,0.3696
block_nec_r6,cross_clear_r9,block_or_occupancy,cross,block_nec,cross_clear,block_nec|v8|L7,cross_clear|v8|d5,0,0,0,0.0,0.346263,1.0
block_nec_r6,cross_stall_occ_r1,block_or_occupancy,cross,block_nec,cross_stall_occ,block_nec|v8|L7,cross_stall_occ|v6|d6,0,0,0,2.0,0.83065,1.0
block_nec_r6,cross_stall_occ_r10,block_or_occupancy,cross,block_nec,cross_stall_occ,block_nec|v8|L7,cross_stall_occ|v7|d7,0,0,0,1.0,0.798963,1.0
block_nec_r6,cross_stall_occ_r11,block_or_occupancy,cross,block_nec,cross_stall_occ,block_nec|v8|L7,cross_stall_occ|v8|d7,0,0,0,0.0,0.86915,1.0
block_nec_r6,cross_stall_occ_r12,block_or_occupancy,cross,block_nec,cross_stall_occ,block_nec|v8|L7,cross_stall_occ|v8|d8,0,0,0,0.0,0.841212,1.0
block_nec_r6,cross_stall_occ_r2,block_or_occupancy,cross,block_nec,cross_stall_occ,block_nec|v8|L7,cross_stall_occ|v6|d7,0,0,0,2.0,0.799138,1.0
block_nec_r6,cross_stall_occ_r3,block_or_occupancy,cross,block_nec,cross_stall_occ,block_nec|v8|L7,cross_stall_occ|v7|d7,0,0,0,1.0,0.821287,1.0
block_nec_r6,cross_stall_occ_r4,block_or_occupancy,cross,block_nec,cross_stall_occ,block_nec|v8|L7,cross_stall_occ|v7|d7,0,0,0,1.0,0.778963,1.0
block_nec_r6,cross_stall_occ_r5,block_or_occupancy,cross,block_nec,cross_stall_occ,block_nec|v8|L7,cross_stall_occ|v8|d7,0,0,0,0.0,0.841063,1.0
block_nec_r6,cross_stall_occ_r6,block_or_occupancy,cross,block_nec,cross_stall_occ,block_nec|v8|L7,cross_stall_occ|v8|d8,0,0,0,0.0,0.840987,1.0
block_nec_r6,cross_stall_occ_r7,block_or_occupancy,cross,block_nec,cross_stall_occ,block_nec|v8|L7,cross_stall_occ|v6|d6,0,0,0,2.0,0.83885,1.0
block_nec_r6,cross_stall_occ_r8,block_or_occupancy,cross,block_nec,cross_stall_occ,block_nec|v8|L7,cross_stall_occ|v6|d7,0,0,0,2.0,0.807,1.0
block_nec_r6,cross_stall_occ_r9,block_or_occupancy,cross,block_nec,cross_stall_occ,block_nec|v8|L7,cross_stall_occ|v7|d7,0,0,0,1.0,0.828675,1.0
block_nec_r6,cross_stall_r1,block_or_occupancy,cross,block_nec,cross_stall,block_nec|v8|L7,cross_stall|v6|d6,0,0,0,2.0,0.011175,0.0767
block_nec_r6,cross_stall_r10,block_or_occupancy,cross,block_nec,cross_stall,block_nec|v8|L7,cross_stall|v7|d7,0,0,0,1.0,0.011175,0.0767
block_nec_r6,cross_stall_r11,block_or_occupancy,cross,block_nec,cross_stall,block_nec|v8|L7,cross_stall|v8|d7,0,0,0,0.0,0.007913,0.0506
block_nec_r6,cross_stall_r12,block_or_occupancy,cross,block_nec,cross_stall,block_nec|v8|L7,cross_stall|v8|d8,0,0,0,0.0,0.011175,0.0767
block_nec_r6,cross_stall_r2,block_or_occupancy,cross,block_nec,cross_stall,block_nec|v8|L7,cross_stall|v6|d6,0,0,0,2.0,0.011175,0.0767
block_nec_r6,cross_stall_r3,block_or_occupancy,cross,block_nec,cross_stall,block_nec|v8|L7,cross_stall|v7|d6,0,0,0,1.0,0.00625,0.0373
block_nec_r6,cross_stall_r4,block_or_occupancy,cross,block_nec,cross_stall,block_nec|v8|L7,cross_stall|v7|d7,0,0,0,1.0,0.011175,0.0767
block_nec_r6,cross_stall_r5,block_or_occupancy,cross,block_nec,cross_stall,block_nec|v8|L7,cross_stall|v8|d7,0,0,0,0.0,0.023725,0.14
block_nec_r6,cross_stall_r6,block_or_occupancy,cross,block_nec,cross_stall,block_nec|v8|L7,cross_stall|v8|d8,0,0,0,0.0,0.011175,0.0767
block_nec_r6,cross_stall_r7,block_or_occupancy,cross,block_nec,cross_stall,block_nec|v8|L7,cross_stall|v6|d6,0,0,0,2.0,0.011175,0.0767
block_nec_r6,cross_stall_r8,block_or_occupancy,cross,block_nec,cross_stall,block_nec|v8|L7,cross_stall|v6|d6,0,0,0,2.0,0.011175,0.0767
block_nec_r6,cross_stall_r9,block_or_occupancy,cross,block_nec,cross_stall,block_nec|v8|L7,cross_stall|v7|d6,0,0,0,1.0,0.011175,0.0767
block_nec_r6,lead_cont_r1,block_or_occupancy,lead,block_nec,lead_cont,block_nec|v8|L7,lead_cont|v6|s5,0,0,0,2.0,0.801662,1.0
block_nec_r6,lead_cont_r10,block_or_occupancy,lead,block_nec,lead_cont,block_nec|v8|L7,lead_cont|v9|s8,0,0,0,1.0,0.743175,1.0
block_nec_r6,lead_cont_r11,block_or_occupancy,lead,block_nec,lead_cont,block_nec|v8|L7,lead_cont|v7|s6,0,0,0,1.0,0.759375,1.0
block_nec_r6,lead_cont_r12,block_or_occupancy,lead,block_nec,lead_cont,block_nec|v8|L7,lead_cont|v8|s7,0,0,0,0.0,0.728375,1.0
block_nec_r6,lead_cont_r2,block_or_occupancy,lead,block_nec,lead_cont,block_nec|v8|L7,lead_cont|v6|s5,0,0,0,2.0,0.728537,1.0
block_nec_r6,lead_cont_r3,block_or_occupancy,lead,block_nec,lead_cont,block_nec|v8|L7,lead_cont|v7|s5,0,0,0,1.0,0.754612,1.0
block_nec_r6,lead_cont_r4,block_or_occupancy,lead,block_nec,lead_cont,block_nec|v8|L7,lead_cont|v7|s6,0,0,0,1.0,0.709825,1.0
block_nec_r6,lead_cont_r5,block_or_occupancy,lead,block_nec,lead_cont,block_nec|v8|L7,lead_cont|v8|s6,0,0,0,0.0,0.775313,1.0
block_nec_r6,lead_cont_r6,block_or_occupancy,lead,block_nec,lead_cont,block_nec|v8|L7,lead_cont|v8|s7,0,0,0,0.0,0.709812,1.0
block_nec_r6,lead_cont_r7,block_or_occupancy,lead,block_nec,lead_cont,block_nec|v8|L7,lead_cont|v8|s7,0,0,0,0.0,0.728375,1.0
block_nec_r6,lead_cont_r8,block_or_occupancy,lead,block_nec,lead_cont,block_nec|v8|L7,lead_cont|v9|s7,0,0,0,1.0,0.743175,1.0
block_nec_r6,lead_cont_r9,block_or_occupancy,lead,block_nec,lead_cont,block_nec|v8|L7,lead_cont|v9|s8,0,0,0,1.0,0.739225,1.0
block_nec_r6,lead_nec_r1,block_or_occupancy,lead,block_nec,lead_nec,block_nec|v8|L7,lead_nec|v6|s5,0,0,0,2.0,0.011175,0.0767
block_nec_r6,lead_nec_r10,block_or_occupancy,lead,block_nec,lead_nec,block_nec|v8|L7,lead_nec|v9|s8,0,0,0,1.0,0.011175,0.0767
block_nec_r6,lead_nec_r11,block_or_occupancy,lead,block_nec,lead_nec,block_nec|v8|L7,lead_nec|v7|s6,0,0,0,1.0,0.011175,0.0767
block_nec_r6,lead_nec_r12,block_or_occupancy,lead,block_nec,lead_nec,block_nec|v8|L7,lead_nec|v8|s7,0,0,0,0.0,0.011175,0.0767
block_nec_r6,lead_nec_r2,block_or_occupancy,lead,block_nec,lead_nec,block_nec|v8|L7,lead_nec|v6|s5,0,0,0,2.0,0.011175,0.0767
block_nec_r6,lead_nec_r3,block_or_occupancy,lead,block_nec,lead_nec,block_nec|v8|L7,lead_nec|v7|s5,0,0,0,1.0,0.011175,0.0767
block_nec_r6,lead_nec_r4,block_or_occupancy,lead,block_nec,lead_nec,block_nec|v8|L7,lead_nec|v7|s6,0,0,0,1.0,0.011175,0.0767
block_nec_r6,lead_nec_r5,block_or_occupancy,lead,block_nec,lead_nec,block_nec|v8|L7,lead_nec|v8|s6,0,0,0,0.0,0.011175,0.0767
block_nec_r6,lead_nec_r6,block_or_occupancy,lead,block_nec,lead_nec,block_nec|v8|L7,lead_nec|v8|s7,0,0,0,0.0,0.011175,0.0767
block_nec_r6,lead_nec_r7,block_or_occupancy,lead,block_nec,lead_nec,block_nec|v8|L7,lead_nec|v8|s7,0,0,0,0.0,0.011175,0.0767
block_nec_r6,lead_nec_r8,block_or_occupancy,lead,block_nec,lead_nec,block_nec|v8|L7,lead_nec|v9|s7,0,0,0,1.0,0.011175,0.0767
block_nec_r6,lead_nec_r9,block_or_occupancy,lead,block_nec,lead_nec,block_nec|v8|L7,lead_nec|v9|s8,0,0,0,1.0,0.011175,0.0767
block_nec_r6,lead_opt_r1,block_or_occupancy,lead,block_nec,lead_opt,block_nec|v8|L7,lead_opt|v6|s6,0,0,0,2.0,0.011175,0.0767
block_nec_r6,lead_opt_r10,block_or_occupancy,lead,block_nec,lead_opt,block_nec|v8|L7,lead_opt|v8|s7,0,0,0,0.0,0.011175,0.0767
block_nec_r6,lead_opt_r11,block_or_occupancy,lead,block_nec,lead_opt,block_nec|v8|L7,lead_opt|v6|s6,0,0,0,2.0,0.011175,0.0767
block_nec_r6,lead_opt_r12,block_or_occupancy,lead,block_nec,lead_opt,block_nec|v8|L7,lead_opt|v7|s7,0,0,0,1.0,0.011175,0.0767
block_nec_r6,lead_opt_r2,block_or_occupancy,lead,block_nec,lead_opt,block_nec|v8|L7,lead_opt|v6|s6,0,0,0,2.0,0.011175,0.0767
block_nec_r6,lead_opt_r3,block_or_occupancy,lead,block_nec,lead_opt,block_nec|v8|L7,lead_opt|v7|s6,0,0,0,1.0,0.011175,0.0767
block_nec_r6,lead_opt_r4,block_or_occupancy,lead,block_nec,lead_opt,block_nec|v8|L7,lead_opt|v7|s6,0,0,0,1.0,0.011175,0.0767
block_nec_r6,lead_opt_r5,block_or_occupancy,lead,block_nec,lead_opt,block_nec|v8|L7,lead_opt|v8|s7,0,0,0,0.0,0.011175,0.0767
block_nec_r6,lead_opt_r6,block_or_occupancy,lead,block_nec,lead_opt,block_nec|v8|L7,lead_opt|v8|s7,0,0,0,0.0,0.011175,0.0767
block_nec_r6,lead_opt_r7,block_or_occupancy,lead,block_nec,lead_opt,block_nec|v8|L7,lead_opt|v9|s7,0,0,0,1.0,0.011175,0.0767
block_nec_r6,lead_opt_r8,block_or_occupancy,lead,block_nec,lead_opt,block_nec|v8|L7,lead_opt|v9|s7,0,0,0,1.0,0.011175,0.0767
block_nec_r6,lead_opt_r9,block_or_occupancy,lead,block_nec,lead_opt,block_nec|v8|L7,lead_opt|v7|s6,0,0,0,1.0,0.011175,0.0767
block_nec_r6,temp_opt_r1,block_or_occupancy,block_or_occupancy,block_nec,temp_opt,block_nec|v8|L7,temp_opt|v6|o6,1,0,0,2.0,0.011175,0.0767
block_nec_r6,temp_opt_r10,block_or_occupancy,block_or_occupancy,block_nec,temp_opt,block_nec|v8|L7,temp_opt|v6|o7,1,0,0,2.0,0.011175,0.0767
block_nec_r6,temp_opt_r11,block_or_occupancy,block_or_occupancy,block_nec,temp_opt,block_nec|v8|L7,temp_opt|v7|o8,1,0,0,1.0,0.011175,0.0767
block_nec_r6,temp_opt_r12,block_or_occupancy,block_or_occupancy,block_nec,temp_opt,block_nec|v8|L7,temp_opt|v8|o7,1,0,0,0.0,0.007913,0.0506
block_nec_r6,temp_opt_r2,block_or_occupancy,block_or_occupancy,block_nec,temp_opt,block_nec|v8|L7,temp_opt|v6|o7,1,0,0,2.0,0.011175,0.0767
block_nec_r6,temp_opt_r3,block_or_occupancy,block_or_occupancy,block_nec,temp_opt,block_nec|v8|L7,temp_opt|v6|o8,1,0,0,2.0,0.011175,0.0767
block_nec_r6,temp_opt_r4,block_or_occupancy,block_or_occupancy,block_nec,temp_opt,block_nec|v8|L7,temp_opt|v7|o6,1,0,0,1.0,0.011175,0.0767
block_nec_r6,temp_opt_r5,block_or_occupancy,block_or_occupancy,block_nec,temp_opt,block_nec|v8|L7,temp_opt|v7|o7,1,0,0,1.0,0.011175,0.0767
block_nec_r6,temp_opt_r6,block_or_occupancy,block_or_occupancy,block_nec,temp_opt,block_nec|v8|L7,temp_opt|v7|o8,1,0,0,1.0,0.011175,0.0767
block_nec_r6,temp_opt_r7,block_or_occupancy,block_or_occupancy,block_nec,temp_opt,block_nec|v8|L7,temp_opt|v8|o6,1,0,0,0.0,0.01415,0.0756
block_nec_r6,temp_opt_r8,block_or_occupancy,block_or_occupancy,block_nec,temp_opt,block_nec|v8|L7,temp_opt|v8|o7,1,0,0,0.0,0.011175,0.0767
block_nec_r6,temp_opt_r9,block_or_occupancy,block_or_occupancy,block_nec,temp_opt,block_nec|v8|L7,temp_opt|v8|o8,1,0,0,0.0,0.011175,0.0767
block_nec_r7,block_nec_r8,block_or_occupancy,block_or_occupancy,block_nec,block_nec,block_nec|v8|L7,block_nec|v9|L7,1,1,0,1.0,0.136125,1.0
block_nec_r7,block_nec_r9,block_or_occupancy,block_or_occupancy,block_nec,block_nec,block_nec|v8|L7,block_nec|v9|L8,1,1,0,1.0,0.016238,0.0865
block_nec_r7,cross_clear_r1,block_or_occupancy,cross,block_nec,cross_clear,block_nec|v8|L7,cross_clear|v6|d5,0,0,0,2.0,0.0641,0.2228
block_nec_r7,cross_clear_r10,block_or_occupancy,cross,block_nec,cross_clear,block_nec|v8|L7,cross_clear|v8|d6,0,0,0,0.0,0.587012,1.0
block_nec_r7,cross_clear_r11,block_or_occupancy,cross,block_nec,cross_clear,block_nec|v8|L7,cross_clear|v8|d7,0,0,0,0.0,0.120175,0.451
block_nec_r7,cross_clear_r12,block_or_occupancy,cross,block_nec,cross_clear,block_nec|v8|L7,cross_clear|v8|d8,0,0,0,0.0,0.427925,0.6043
block_nec_r7,cross_clear_r2,block_or_occupancy,cross,block_nec,cross_clear,block_nec|v8|L7,cross_clear|v6|d6,0,0,0,2.0,0.158088,0.4898
block_nec_r7,cross_clear_r3,block_or_occupancy,cross,block_nec,cross_clear,block_nec|v8|L7,cross_clear|v6|d7,0,0,0,2.0,0.01805,0.1264
block_nec_r7,cross_clear_r4,block_or_occupancy,cross,block_nec,cross_clear,block_nec|v8|L7,cross_clear|v6|d8,0,0,0,2.0,0.163463,0.4694
block_nec_r7,cross_clear_r5,block_or_occupancy,cross,block_nec,cross_clear,block_nec|v8|L7,cross_clear|v7|d5,0,0,0,1.0,0.205962,0.5581
block_nec_r7,cross_clear_r6,block_or_occupancy,cross,block_nec,cross_clear,block_nec|v8|L7,cross_clear|v7|d6,0,0,0,1.0,0.3922,0.5908
block_nec_r7,cross_clear_r7,block_or_occupancy,cross,block_nec,cross_clear,block_nec|v8|L7,cross_clear|v7|d7,0,0,0,1.0,0.086825,0.2694
block_nec_r7,cross_clear_r8,block_or_occupancy,cross,block_nec,cross_clear,block_nec|v8|L7,cross_clear|v7|d8,0,0,0,1.0,0.222588,0.4463
block_nec_r7,cross_clear_r9,block_or_occupancy,cross,block_nec,cross_clear,block_nec|v8|L7,cross_clear|v8|d5,0,0,0,0.0,0.335087,1.0
block_nec_r7,cross_stall_occ_r1,block_or_occupancy,cross,block_nec,cross_stall_occ,block_nec|v8|L7,cross_stall_occ|v6|d6,0,0,0,2.0,0.841825,1.0
block_nec_r7,cross_stall_occ_r10,block_or_occupancy,cross,block_nec,cross_stall_occ,block_nec|v8|L7,cross_stall_occ|v7|d7,0,0,0,1.0,0.810137,1.0
block_nec_r7,cross_stall_occ_r11,block_or_occupancy,cross,block_nec,cross_stall_occ,block_nec|v8|L7,cross_stall_occ|v8|d7,0,0,0,0.0,0.880325,1.0
block_nec_r7,cross_stall_occ_r12,block_or_occupancy,cross,block_nec,cross_stall_occ,block_nec|v8|L7,cross_stall_occ|v8|d8,0,0,0,0.0,0.852388,1.0
block_nec_r7,cross_stall_occ_r2,block_or_occupancy,cross,block_nec,cross_stall_occ,block_nec|v8|L7,cross_stall_occ|v6|d7,0,0,0,2.0,0.810312,1.0
block_nec_r7,cross_stall_occ_r3,block_or_occupancy,cross,block_nec,cross_stall_occ,block_nec|v8|L7,cross_stall_occ|v7|d7,0,0,0,1.0,0.832462,1.0
block_nec_r7,cross_stall_occ_r4,block_or_occupancy,cross,block_nec,cross_stall_occ,block_nec|v8|L7,cross_stall_occ|v7|d7,0,0,0,1.0,0.790137,1.0
block_nec_r7,cross_stall_occ_r5,block_or_occupancy,cross,block_nec,cross_stall_occ,block_nec|v8|L7,cross_stall_occ|v8|d7,0,0,0,0.0,0.852237,1.0
block_nec_r7,cross_stall_occ_r6,block_or_occupancy,cross,block_nec,cross_stall_occ,block_nec|v8|L7,cross_stall_occ|v8|d8,0,0,0,0.0,0.852163,1.0
block_nec_r7,cross_stall_occ_r7,block_or_occupancy,cross,block_nec,cross_stall_occ,block_nec|v8|L7,cross_stall_occ|v6|d6,0,0,0,2.0,0.850025,1.0
block_nec_r7,cross_stall_occ_r8,block_or_occupancy,cross,block_nec,cross_stall_occ,block_nec|v8|L7,cross_stall_occ|v6|d7,0,0,0,2.0,0.818175,1.0
block_nec_r7,cross_stall_occ_r9,block_or_occupancy,cross,block_nec,cross_stall_occ,block_nec|v8|L7,cross_stall_occ|v7|d7,0,0,0,1.0,0.83985,1.0
block_nec_r7,cross_stall_r1,block_or_occupancy,cross,block_nec,cross_stall,block_nec|v8|L7,cross_stall|v6|d6,0,0,0,2.0,0.0,0.0
block_nec_r7,cross_stall_r10,block_or_occupancy,cross,block_nec,cross_stall,block_nec|v8|L7,cross_stall|v7|d7,0,0,0,1.0,0.0,0.0
block_nec_r7,cross_stall_r11,block_or_occupancy,cross,block_nec,cross_stall,block_nec|v8|L7,cross_stall|v8|d7,0,0,0,0.0,0.003263,0.0261
block_nec_r7,cross_stall_r12,block_or_occupancy,cross,block_nec,cross_stall,block_nec|v8|L7,cross_stall|v8|d8,0,0,0,0.0,0.0,0.0
block_nec_r7,cross_stall_r2,block_or_occupancy,cross,block_nec,cross_stall,block_nec|v8|L7,cross_stall|v6|d6,0,0,0,2.0,0.0,0.0
block_nec_r7,cross_stall_r3,block_or_occupancy,cross,block_nec,cross_stall,block_nec|v8|L7,cross_stall|v7|d6,0,0,0,1.0,0.004925,0.0394
block_nec_r7,cross_stall_r4,block_or_occupancy,cross,block_nec,cross_stall,block_nec|v8|L7,cross_stall|v7|d7,0,0,0,1.0,0.0,0.0
block_nec_r7,cross_stall_r5,block_or_occupancy,cross,block_nec,cross_stall,block_nec|v8|L7,cross_stall|v8|d7,0,0,0,0.0,0.0349,0.2167
block_nec_r7,cross_stall_r6,block_or_occupancy,cross,block_nec,cross_stall,block_nec|v8|L7,cross_stall|v8|d8,0,0,0,0.0,0.0,0.0
block_nec_r7,cross_stall_r7,block_or_occupancy,cross,block_nec,cross_stall,block_nec|v8|L7,cross_stall|v6|d6,0,0,0,2.0,0.0,0.0
block_nec_r7,cross_stall_r8,block_or_occupancy,cross,block_nec,cross_stall,block_nec|v8|L7,cross_stall|v6|d6,0,0,0,2.0,0.0,0.0
block_nec_r7,cross_stall_r9,block_or_occupancy,cross,block_nec,cross_stall,block_nec|v8|L7,cross_stall|v7|d6,0,0,0,1.0,0.0,0.0
block_nec_r7,lead_cont_r1,block_or_occupancy,lead,block_nec,lead_cont,block_nec|v8|L7,lead_cont|v6|s5,0,0,0,2.0,0.812837,1.0
block_nec_r7,lead_cont_r10,block_or_occupancy,lead,block_nec,lead_cont,block_nec|v8|L7,lead_cont|v9|s8,0,0,0,1.0,0.75435,1.0
block_nec_r7,lead_cont_r11,block_or_occupancy,lead,block_nec,lead_cont,block_nec|v8|L7,lead_cont|v7|s6,0,0,0,1.0,0.77055,1.0
block_nec_r7,lead_cont_r12,block_or_occupancy,lead,block_nec,lead_cont,block_nec|v8|L7,lead_cont|v8|s7,0,0,0,0.0,0.73955,1.0
block_nec_r7,lead_cont_r2,block_or_occupancy,lead,block_nec,lead_cont,block_nec|v8|L7,lead_cont|v6|s5,0,0,0,2.0,0.739712,1.0
block_nec_r7,lead_cont_r3,block_or_occupancy,lead,block_nec,lead_cont,block_nec|v8|L7,lead_cont|v7|s5,0,0,0,1.0,0.765788,1.0
block_nec_r7,lead_cont_r4,block_or_occupancy,lead,block_nec,lead_cont,block_nec|v8|L7,lead_cont|v7|s6,0,0,0,1.0,0.721,1.0
block_nec_r7,lead_cont_r5,block_or_occupancy,lead,block_nec,lead_cont,block_nec|v8|L7,lead_cont|v8|s6,0,0,0,0.0,0.786488,1.0
block_nec_r7,lead_cont_r6,block_or_occupancy,lead,block_nec,lead_cont,block_nec|v8|L7,lead_cont|v8|s7,0,0,0,0.0,0.720988,1.0
block_nec_r7,lead_cont_r7,block_or_occupancy,lead,block_nec,lead_cont,block_nec|v8|L7,lead_cont|v8|s7,0,0,0,0.0,0.73955,1.0
block_nec_r7,lead_cont_r8,block_or_occupancy,lead,block_nec,lead_cont,block_nec|v8|L7,lead_cont|v9|s7,0,0,0,1.0,0.75435,1.0
block_nec_r7,lead_cont_r9,block_or_occupancy,lead,block_nec,lead_cont,block_nec|v8|L7,lead_cont|v9|s8,0,0,0,1.0,0.7504,1.0
block_nec_r7,lead_nec_r1,block_or_occupancy,lead,block_nec,lead_nec,block_nec|v8|L7,lead_nec|v6|s5,0,0,0,2.0,0.0,0.0
block_nec_r7,lead_nec_r10,block_or_occupancy,lead,block_nec,lead_nec,block_nec|v8|L7,lead_nec|v9|s8,0,0,0,1.0,0.0,0.0
block_nec_r7,lead_nec_r11,block_or_occupancy,lead,block_nec,lead_nec,block_nec|v8|L7,lead_nec|v7|s6,0,0,0,1.0,0.0,0.0
block_nec_r7,lead_nec_r12,block_or_occupancy,lead,block_nec,lead_nec,block_nec|v8|L7,lead_nec|v8|s7,0,0,0,0.0,0.0,0.0
block_nec_r7,lead_nec_r2,block_or_occupancy,lead,block_nec,lead_nec,block_nec|v8|L7,lead_nec|v6|s5,0,0,0,2.0,0.0,0.0
block_nec_r7,lead_nec_r3,block_or_occupancy,lead,block_nec,lead_nec,block_nec|v8|L7,lead_nec|v7|s5,0,0,0,1.0,0.0,0.0
block_nec_r7,lead_nec_r4,block_or_occupancy,lead,block_nec,lead_nec,block_nec|v8|L7,lead_nec|v7|s6,0,0,0,1.0,0.0,0.0
block_nec_r7,lead_nec_r5,block_or_occupancy,lead,block_nec,lead_nec,block_nec|v8|L7,lead_nec|v8|s6,0,0,0,0.0,0.0,0.0
block_nec_r7,lead_nec_r6,block_or_occupancy,lead,block_nec,lead_nec,block_nec|v8|L7,lead_nec|v8|s7,0,0,0,0.0,0.0,0.0
block_nec_r7,lead_nec_r7,block_or_occupancy,lead,block_nec,lead_nec,block_nec|v8|L7,lead_nec|v8|s7,0,0,0,0.0,0.0,0.0
block_nec_r7,lead_nec_r8,block_or_occupancy,lead,block_nec,lead_nec,block_nec|v8|L7,lead_nec|v9|s7,0,0,0,1.0,0.0,0.0
block_nec_r7,lead_nec_r9,block_or_occupancy,lead,block_nec,lead_nec,block_nec|v8|L7,lead_nec|v9|s8,0,0,0,1.0,0.0,0.0
block_nec_r7,lead_opt_r1,block_or_occupancy,lead,block_nec,lead_opt,block_nec|v8|L7,lead_opt|v6|s6,0,0,0,2.0,0.0,0.0
block_nec_r7,lead_opt_r10,block_or_occupancy,lead,block_nec,lead_opt,block_nec|v8|L7,lead_opt|v8|s7,0,0,0,0.0,0.0,0.0
block_nec_r7,lead_opt_r11,block_or_occupancy,lead,block_nec,lead_opt,block_nec|v8|L7,lead_opt|v6|s6,0,0,0,2.0,0.0,0.0
block_nec_r7,lead_opt_r12,block_or_occupancy,lead,block_nec,lead_opt,block_nec|v8|L7,lead_opt|v7|s7,0,0,0,1.0,0.0,0.0
block_nec_r7,lead_opt_r2,block_or_occupancy,lead,block_nec,lead_opt,block_nec|v8|L7,lead_opt|v6|s6,0,0,0,2.0,0.0,0.0
block_nec_r7,lead_opt_r3,block_or_occupancy,lead,block_nec,lead_opt,block_nec|v8|L7,lead_opt|v7|s6,0,0,0,1.0,0.0,0.0
block_nec_r7,lead_opt_r4,block_or_occupancy,lead,block_nec,lead_opt,block_nec|v8|L7,lead_opt|v7|s6,0,0,0,1.0,0.0,0.0
block_nec_r7,lead_opt_r5,block_or_occupancy,lead,block_nec,lead_opt,block_nec|v8|L7,lead_opt|v8|s7,0,0,0,0.0,0.0,0.0
block_nec_r7,lead_opt_r6,block_or_occupancy,lead,block_nec,lead_opt,block_nec|v8|L7,lead_opt|v8|s7,0,0,0,0.0,0.0,0.0
block_nec_r7,lead_opt_r7,block_or_occupancy,lead,block_nec,lead_opt,block_nec|v8|L7,lead_opt|v9|s7,0,0,0,1.0,0.0,0.0
block_nec_r7,lead_opt_r8,block_or_occupancy,lead,block_nec,lead_opt,block_nec|v8|L7,lead_opt|v9|s7,0,0,0,1.0,0.0,0.0
block_nec_r7,lead_opt_r9,block_or_occupancy,lead,block_nec,lead_opt,block_nec|v8|L7,lead_opt|v7|s6,0,0,0,1.0,0.0,0.0
block_nec_r7,temp_opt_r1,block_or_occupancy,block_or_occupancy,block_nec,temp_opt,block_nec|v8|L7,temp_opt|v6|o6,1,0,0,2.0,0.0,0.0
block_nec_r7,temp_opt_r10,block_or_occupancy,block_or_occupancy,block_nec,temp_opt,block_nec|v8|L7,temp_opt|v6|o7,1,0,0,2.0,0.0,0.0
block_nec_r7,temp_opt_r11,block_or_occupancy,block_or_occupancy,block_nec,temp_opt,block_nec|v8|L7,temp_opt|v7|o8,1,0,0,1.0,0.0,0.0
block_nec_r7,temp_opt_r12,block_or_occupancy,block_or_occupancy,block_nec,temp_opt,block_nec|v8|L7,temp_opt|v8|o7,1,0,0,0.0,0.003263,0.0261
block_nec_r7,temp_opt_r2,block_or_occupancy,block_or_occupancy,block_nec,temp_opt,block_nec|v8|L7,temp_opt|v6|o7,1,0,0,2.0,0.0,0.0
block_nec_r7,temp_opt_r3,block_or_occupancy,block_or_occupancy,block_nec,temp_opt,block_nec|v8|L7,temp_opt|v6|o8,1,0,0,2.0,0.0,0.0
block_nec_r7,temp_opt_r4,block_or_occupancy,block_or_occupancy,block_nec,temp_opt,block_nec|v8|L7,temp_opt|v7|o6,1,0,0,1.0,0.0,0.0
block_nec_r7,temp_opt_r5,block_or_occupancy,block_or_occupancy,block_nec,temp_opt,block_nec|v8|L7,temp_opt|v7|o7,1,0,0,1.0,0.0,0.0
block_nec_r7,temp_opt_r6,block_or_occupancy,block_or_occupancy,block_nec,temp_opt,block_nec|v8|L7,temp_opt|v7|o8,1,0,0,1.0,0.0,0.0
block_nec_r7,temp_opt_r7,block_or_occupancy,block_or_occupancy,block_nec,temp_opt,block_nec|v8|L7,temp_opt|v8|o6,1,0,0,0.0,0.025325,0.1523
block_nec_r7,temp_opt_r8,block_or_occupancy,block_or_occupancy,block_nec,temp_opt,block_nec|v8|L7,temp_opt|v8|o7,1,0,0,0.0,0.0,0.0
block_nec_r7,temp_opt_r9,block_or_occupancy,block_or_occupancy,block_nec,temp_opt,block_nec|v8|L7,temp_opt|v8|o8,1,0,0,0.0,0.0,0.0
block_nec_r8,block_nec_r9,block_or_occupancy,block_or_occupancy,block_nec,block_nec,block_nec|v9|L7,block_nec|v9|L8,1,1,0,0.0,0.1307,1.0
block_nec_r8,cross_clear_r1,block_or_occupancy,cross,block_nec,cross_clear,block_nec|v9|L7,cross_clear|v6|d5,0,0,0,3.0,0.177975,1.0
block_nec_r8,cross_clear_r10,block_or_occupancy,cross,block_nec,cross_clear,block_nec|v9|L7,cross_clear|v8|d6,0,0,0,1.0,0.450887,1.0
block_nec_r8,cross_clear_r11,block_or_occupancy,cross,block_nec,cross_clear,block_nec|v9|L7,cross_clear|v8|d7,0,0,0,1.0,0.2563,1.0
block_nec_r8,cross_clear_r12,block_or_occupancy,cross,block_nec,cross_clear,block_nec|v9|L7,cross_clear|v8|d8,0,0,0,1.0,0.485425,1.0
block_nec_r8,cross_clear_r2,block_or_occupancy,cross,block_nec,cross_clear,block_nec|v9|L7,cross_clear|v6|d6,0,0,0,3.0,0.239513,1.0
block_nec_r8,cross_clear_r3,block_or_occupancy,cross,block_nec,cross_clear,block_nec|v9|L7,cross_clear|v6|d7,0,0,0,3.0,0.151925,1.0
block_nec_r8,cross_clear_r4,block_or_occupancy,cross,block_nec,cross_clear,block_nec|v9|L7,cross_clear|v6|d8,0,0,0,3.0,0.218662,1.0
block_nec_r8,cross_clear_r5,block_or_occupancy,cross,block_nec,cross_clear,block_nec|v9|L7,cross_clear|v7|d5,0,0,0,2.0,0.342087,1.0
block_nec_r8,cross_clear_r6,block_or_occupancy,cross,block_nec,cross_clear,block_nec|v9|L7,cross_clear|v7|d6,0,0,0,2.0,0.440425,1.0
block_nec_r8,cross_clear_r7,block_or_occupancy,cross,block_nec,cross_clear,block_nec|v9|L7,cross_clear|v7|d7,0,0,0,2.0,0.22295,1.0
block_nec_r8,cross_clear_r8,block_or_occupancy,cross,block_nec,cross_clear,block_nec|v9|L7,cross_clear|v7|d8,0,0,0,2.0,0.280675,1.0
block_nec_r8,cross_clear_r9,block_or_occupancy,cross,block_nec,cross_clear,block_nec|v9|L7,cross_clear|v8|d5,0,0,0,1.0,0.471212,1.0
block_nec_r8,cross_stall_occ_r1,block_or_occupancy,cross,block_nec,cross_stall_occ,block_nec|v9|L7,cross_stall_occ|v6|d6,0,0,0,3.0,0.86485,1.0
block_nec_r8,cross_stall_occ_r10,block_or_occupancy,cross,block_nec,cross_stall_occ,block_nec|v9|L7,cross_stall_occ|v7|d7,0,0,0,2.0,0.835562,1.0
block_nec_r8,cross_stall_occ_r11,block_or_occupancy,cross,block_nec,cross_stall_occ,block_nec|v9|L7,cross_stall_occ|v8|d7,0,0,0,1.0,0.896362,1.0
block_nec_r8,cross_stall_occ_r12,block_or_occupancy,cross,block_nec,cross_stall_occ,block_nec|v9|L7,cross_stall_occ|v8|d8,0,0,0,1.0,0.874675,1.0
block_nec_r8,cross_stall_occ_r2,block_or_occupancy,cross,block_nec,cross_stall_occ,block_nec|v9|L7,cross_stall_occ|v6|d7,0,0,0,3.0,0.84015,1.0
block_nec_r8,cross_stall_occ_r3,block_or_occupancy,cross,block_nec,cross_stall_occ,block_nec|v9|L7,cross_stall_occ|v7|d7,0,0,0,2.0,0.852962,1.0
block_nec_r8,cross_stall_occ_r4,block_or_occupancy,cross,block_nec,cross_stall_occ,block_nec|v9|L7,cross_stall_occ|v7|d7,0,0,0,2.0,0.81995,1.0
block_nec_r8,cross_stall_occ_r5,block_or_occupancy,cross,block_nec,cross_stall_occ,block_nec|v9|L7,cross_stall_occ|v8|d7,0,0,0,1.0,0.874588,1.0
block_nec_r8,cross_stall_occ_r6,block_or_occupancy,cross,block_nec,cross_stall_occ,block_nec|v9|L7,cross_stall_occ|v8|d8,0,0,0,1.0,0.874588,1.0
block_nec_r8,cross_stall_occ_r7,block_or_occupancy,cross,block_nec,cross_stall_occ,block_nec|v9|L7,cross_stall_occ|v6|d6,0,0,0,3.0,0.871287,1.0
block_nec_r8,cross_stall_occ_r8,block_or_occupancy,cross,block_nec,cross_stall_occ,block_nec|v9|L7,cross_stall_occ|v6|d7,0,0,0,3.0,0.846313,1.0
block_nec_r8,cross_stall_occ_r9,block_or_occupancy,cross,block_nec,cross_stall_occ,block_nec|v9|L7,cross_stall_occ|v7|d7,0,0,0,2.0,0.858712,1.0
block_nec_r8,cross_stall_r1,block_or_occupancy,cross,block_nec,cross_stall,block_nec|v9|L7,cross_stall|v6|d6,0,0,0,3.0,0.136125,1.0
block_nec_r8,cross_stall_r10,block_or_occupancy,cross,block_nec,cross_stall,block_nec|v9|L7,cross_stall|v7|d7,0,0,0,2.0,0.136125,1.0
block_nec_r8,cross_stall_r11,block_or_occupancy,cross,block_nec,cross_stall,block_nec|v9|L7,cross_stall|v8|d7,0,0,0,1.0,0.136125,1.0
block_nec_r8,cross_stall_r12,block_or_occupancy,cross,block_nec,cross_stall,block_nec|v9|L7,cross_stall|v8|d8,0,0,0,1.0,0.136125,1.0
block_nec_r8,cross_stall_r2,block_or_occupancy,cross,block_nec,cross_stall,block_nec|v9|L7,cross_stall|v6|d6,0,0,0,3.0,0.136125,1.0
block_nec_r8,cross_stall_r3,block_or_occupancy,cross,block_nec,cross_stall,block_nec|v9|L7,cross_stall|v7|d6,0,0,0,2.0,0.136125,1.0
block_nec_r8,cross_stall_r4,block_or_occupancy,cross,block_nec,cross_stall,block_nec|v9|L7,cross_stall|v7|d7,0,0,0,2.0,0.136125,1.0
block_nec_r8,cross_stall_r5,block_or_occupancy,cross,block_nec,cross_stall,block_nec|v9|L7,cross_stall|v8|d7,0,0,0,1.0,0.128312,1.0
block_nec_r8,cross_stall_r6,block_or_occupancy,cross,block_nec,cross_stall,block_nec|v9|L7,cross_stall|v8|d8,0,0,0,1.0,0.136125,1.0
block_nec_r8,cross_stall_r7,block_or_occupancy,cross,block_nec,cross_stall,block_nec|v9|L7,cross_stall|v6|d6,0,0,0,3.0,0.136125,1.0
block_nec_r8,cross_stall_r8,block_or_occupancy,cross,block_nec,cross_stall,block_nec|v9|L7,cross_stall|v6|d6,0,0,0,3.0,0.136125,1.0
block_nec_r8,cross_stall_r9,block_or_occupancy,cross,block_nec,cross_stall,block_nec|v9|L7,cross_stall|v7|d6,0,0,0,2.0,0.136125,1.0
block_nec_r8,lead_cont_r1,block_or_occupancy,lead,block_nec,lead_cont,block_nec|v9|L7,lead_cont|v6|s5,0,0,0,3.0,0.8421,1.0
block_nec_r8,lead_cont_r10,block_or_occupancy,lead,block_nec,lead_cont,block_nec|v9|L7,lead_cont|v9|s8,0,0,0,0.0,0.797975,1.0
block_nec_r8,lead_cont_r11,block_or_occupancy,lead,block_nec,lead_cont,block_nec|v9|L7,lead_cont|v7|s6,0,0,0,2.0,0.804737,1.0
block_nec_r8,lead_cont_r12,block_or_occupancy,lead,block_nec,lead_cont,block_nec|v9|L7,lead_cont|v8|s7,0,0,0,1.0,0.787525,1.0
block_nec_r8,lead_cont_r2,block_or_occupancy,lead,block_nec,lead_cont,block_nec|v9|L7,lead_cont|v6|s5,0,0,0,3.0,0.784775,1.0
block_nec_r8,lead_cont_r3,block_or_occupancy,lead,block_nec,lead_cont,block_nec|v9|L7,lead_cont|v7|s5,0,0,0,2.0,0.801075,1.0
block_nec_r8,lead_cont_r4,block_or_occupancy,lead,block_nec,lead_cont,block_nec|v9|L7,lead_cont|v7|s6,0,0,0,2.0,0.76615,1.0
block_nec_r8,lead_cont_r5,block_or_occupancy,lead,block_nec,lead_cont,block_nec|v9|L7,lead_cont|v8|s6,0,0,0,1.0,0.823813,1.0
block_nec_r8,lead_cont_r6,block_or_occupancy,lead,block_nec,lead_cont,block_nec|v9|L7,lead_cont|v8|s7,0,0,0,1.0,0.773162,1.0
block_nec_r8,lead_cont_r7,block_or_occupancy,lead,block_nec,lead_cont,block_nec|v9|L7,lead_cont|v8|s7,0,0,0,1.0,0.787525,1.0
block_nec_r8,lead_cont_r8,block_or_occupancy,lead,block_nec,lead_cont,block_nec|v9|L7,lead_cont|v9|s7,0,0,0,0.0,0.797975,1.0
block_nec_r8,lead_cont_r9,block_or_occupancy,lead,block_nec,lead_cont,block_nec|v9|L7,lead_cont|v9|s8,0,0,0,0.0,0.794025,1.0
block_nec_r8,lead_nec_r1,block_or_occupancy,lead,block_nec,lead_nec,block_nec|v9|L7,lead_nec|v6|s5,0,0,0,3.0,0.136125,1.0
block_nec_r8,lead_nec_r10,block_or_occupancy,lead,block_nec,lead_nec,block_nec|v9|L7,lead_nec|v9|s8,0,0,0,0.0,0.136125,1.0
block_nec_r8,lead_nec_r11,block_or_occupancy,lead,block_nec,lead_nec,block_nec|v9|L7,lead_nec|v7|s6,0,0,0,2.0,0.136125,1.0
block_nec_r8,lead_nec_r12,block_or_occupancy,lead,block_nec,lead_nec,block_nec|v9|L7,lead_nec|v8|s7,0,0,0,1.0,0.136125,1.0
block_nec_r8,lead_nec_r2,block_or_occupancy,lead,block_nec,lead_nec,block_nec|v9|L7,lead_nec|v6|s5,0,0,0,3.0,0.136125,1.0
block_nec_r8,lead_nec_r3,block_or_occupancy,lead,block_nec,lead_nec,block_nec|v9|L7,lead_nec|v7|s5,0,0,0,2.0,0.136125,1.0
block_nec_r8,lead_nec_r4,block_or_occupancy,lead,block_nec,lead_nec,block_nec|v9|L7,lead_nec|v7|s6,0,0,0,2.0,0.136125,1.0
block_nec_r8,lead_nec_r5,block_or_occupancy,lead,block_nec,lead_nec,block_nec|v9|L7,lead_nec|v8|s6,0,0,0,1.0,0.136125,1.0
block_nec_r8,lead_nec_r6,block_or_occupancy,lead,block_nec,lead_nec,block_nec|v9|L7,lead_nec|v8|s7,0,0,0,1.0,0.136125,1.0
block_nec_r8,lead_nec_r7,block_or_occupancy,lead,block_nec,lead_nec,block_nec|v9|L7,lead_nec|v8|s7,0,0,0,1.0,0.136125,1.0
block_nec_r8,lead_nec_r8,block_or_occupancy,lead,block_nec,lead_nec,block_nec|v9|L7,lead_nec|v9|s7,0,0,0,0.0,0.136125,1.0
block_nec_r8,lead_nec_r9,block_or_occupancy,lead,block_nec,lead_nec,block_nec|v9|L7,lead_nec|v9|s8,0,0,0,0.0,0.136125,1.0
block_nec_r8,lead_opt_r1,block_or_occupancy,lead,block_nec,lead_opt,block_nec|v9|L7,lead_opt|v6|s6,0,0,0,3.0,0.136125,1.0
block_nec_r8,lead_opt_r10,block_or_occupancy,lead,block_nec,lead_opt,block_nec|v9|L7,lead_opt|v8|s7,0,0,0,1.0,0.136125,1.0
block_nec_r8,lead_opt_r11,block_or_occupancy,lead,block_nec,lead_opt,block_nec|v9|L7,lead_opt|v6|s6,0,0,0,3.0,0.136125,1.0
block_nec_r8,lead_opt_r12,block_or_occupancy,lead,block_nec,lead_opt,block_nec|v9|L7,lead_opt|v7|s7,0,0,0,2.0,0.136125,1.0
block_nec_r8,lead_opt_r2,block_or_occupancy,lead,block_nec,lead_opt,block_nec|v9|L7,lead_opt|v6|s6,0,0,0,3.0,0.136125,1.0
block_nec_r8,lead_opt_r3,block_or_occupancy,lead,block_nec,lead_opt,block_nec|v9|L7,lead_opt|v7|s6,0,0,0,2.0,0.136125,1.0
block_nec_r8,lead_opt_r4,block_or_occupancy,lead,block_nec,lead_opt,block_nec|v9|L7,lead_opt|v7|s6,0,0,0,2.0,0.136125,1.0
block_nec_r8,lead_opt_r5,block_or_occupancy,lead,block_nec,lead_opt,block_nec|v9|L7,lead_opt|v8|s7,0,0,0,1.0,0.136125,1.0
block_nec_r8,lead_opt_r6,block_or_occupancy,lead,block_nec,lead_opt,block_nec|v9|L7,lead_opt|v8|s7,0,0,0,1.0,0.136125,1.0
block_nec_r8,lead_opt_r7,block_or_occupancy,lead,block_nec,lead_opt,block_nec|v9|L7,lead_opt|v9|s7,0,0,0,0.0,0.136125,1.0
block_nec_r8,lead_opt_r8,block_or_occupancy,lead,block_nec,lead_opt,block_nec|v9|L7,lead_opt|v9|s7,0,0,0,0.0,0.136125,1.0
block_nec_r8,lead_opt_r9,block_or_occupancy,lead,block_nec,lead_opt,block_nec|v9|L7,lead_opt|v7|s6,0,0,0,2.0,0.136125,1.0
block_nec_r8,temp_opt_r1,block_or_occupancy,block_or_occupancy,block_nec,temp_opt,block_nec|v9|L7,temp_opt|v6|o6,1,0,0,3.0,0.136125,1.0
block_nec_r8,temp_opt_r10,block_or_occupancy,block_or_occupancy,block_nec,temp_opt,block_nec|v9|L7,temp_opt|v6|o7,1,0,0,3.0,0.136125,1.0
block_nec_r8,temp_opt_r11,block_or_occupancy,block_or_occupancy,block_nec,temp_opt,block_nec|v9|L7,temp_opt|v7|o8,1,0,0,2.0,0.136125,1.0
block_nec_r8,temp_opt_r12,block_or_occupancy,block_or_occupancy,block_nec,temp_opt,block_nec|v9|L7,temp_opt|v8|o7,1,0,0,1.0,0.136125,1.0
block_nec_r8,temp_opt_r2,block_or_occupancy,block_or_occupancy,block_nec,temp_opt,block_nec|v9|L7,temp_opt|v6|o7,1,0,0,3.0,0.136125,1.0
block_nec_r8,temp_opt_r3,block_or_occupancy,block_or_occupancy,block_nec,temp_opt,block_nec|v9|L7,temp_opt|v6|o8,1,0,0,3.0,0.136125,1.0
block_nec_r8,temp_opt_r4,block_or_occupancy,block_or_occupancy,block_nec,temp_opt,block_nec|v9|L7,temp_opt|v7|o6,1,0,0,2.0,0.136125,1.0
block_nec_r8,temp_opt_r5,block_or_occupancy,block_or_occupancy,block_nec,temp_opt,block_nec|v9|L7,temp_opt|v7|o7,1,0,0,2.0,0.136125,1.0
block_nec_r8,temp_opt_r6,block_or_occupancy,block_or_occupancy,block_nec,temp_opt,block_nec|v9|L7,temp_opt|v7|o8,1,0,0,2.0,0.136125,1.0
block_nec_r8,temp_opt_r7,block_or_occupancy,block_or_occupancy,block_nec,temp_opt,block_nec|v9|L7,temp_opt|v8|o6,1,0,0,1.0,0.129837,1.0
block_nec_r8,temp_opt_r8,block_or_occupancy,block_or_occupancy,block_nec,temp_opt,block_nec|v9|L7,temp_opt|v8|o7,1,0,0,1.0,0.136125,1.0
block_nec_r8,temp_opt_r9,block_or_occupancy,block_or_occupancy,block_nec,temp_opt,block_nec|v9|L7,temp_opt|v8|o8,1,0,0,1.0,0.136125,1.0
block_nec_r9,cross_clear_r1,block_or_occupancy,cross,block_nec,cross_clear,block_nec|v9|L8,cross_clear|v6|d5,0,0,0,3.0,0.069488,0.2228
block_nec_r9,cross_clear_r10,block_or_occupancy,cross,block_nec,cross_clear,block_nec|v9|L8,cross_clear|v8|d6,0,0,0,1.0,0.581587,1.0
block_nec_r9,cross_clear_r11,block_or_occupancy,cross,block_nec,cross_clear,block_nec|v9|L8,cross_clear|v8|d7,0,0,0,1.0,0.136412,0.451
block_nec_r9,cross_clear_r12,block_or_occupancy,cross,block_nec,cross_clear,block_nec|v9|L8,cross_clear|v8|d8,0,0,0,1.0,0.411687,0.6043
block_nec_r9,cross_clear_r2,block_or_occupancy,cross,block_nec,cross_clear,block_nec|v9|L8,cross_clear|v6|d6,0,0,0,3.0,0.14185,0.4464
block_nec_r9,cross_clear_r3,block_or_occupancy,cross,block_nec,cross_clear,block_nec|v9|L8,cross_clear|v6|d7,0,0,0,3.0,0.032037,0.1264
block_nec_r9,cross_clear_r4,block_or_occupancy,cross,block_nec,cross_clear,block_nec|v9|L8,cross_clear|v6|d8,0,0,0,3.0,0.147225,0.3829
block_nec_r9,cross_clear_r5,block_or_occupancy,cross,block_nec,cross_clear,block_nec|v9|L8,cross_clear|v7|d5,0,0,0,2.0,0.2222,0.5581
block_nec_r9,cross_clear_r6,block_or_occupancy,cross,block_nec,cross_clear,block_nec|v9|L8,cross_clear|v7|d6,0,0,0,2.0,0.375963,0.5474
block_nec_r9,cross_clear_r7,block_or_occupancy,cross,block_nec,cross_clear,block_nec|v9|L8,cross_clear|v7|d7,0,0,0,2.0,0.103063,0.2694
block_nec_r9,cross_clear_r8,block_or_occupancy,cross,block_nec,cross_clear,block_nec|v9|L8,cross_clear|v7|d8,0,0,0,2.0,0.20635,0.3598
block_nec_r9,cross_clear_r9,block_or_occupancy,cross,block_nec,cross_clear,block_nec|v9|L8,cross_clear|v8|d5,0,0,0,1.0,0.351325,1.0
block_nec_r9,cross_stall_occ_r1,block_or_occupancy,cross,block_nec,cross_stall_occ,block_nec|v9|L8,cross_stall_occ|v6|d6,0,0,0,3.0,0.825588,1.0
block_nec_r9,cross_stall_occ_r10,block_or_occupancy,cross,block_nec,cross_stall_occ,block_nec|v9|L8,cross_stall_occ|v7|d7,0,0,0,2.0,0.7939,1.0
block_nec_r9,cross_stall_occ_r11,block_or_occupancy,cross,block_nec,cross_stall_occ,block_nec|v9|L8,cross_stall_occ|v8|d7,0,0,0,1.0,0.864088,1.0
block_nec_r9,cross_stall_occ_r12,block_or_occupancy,cross,block_nec,cross_stall_occ,block_nec|v9|L8,cross_stall_occ|v8|d8,0,0,0,1.0,0.83615,1.0
block_nec_r9,cross_stall_occ_r2,block_or_occupancy,cross,block_nec,cross_stall_occ,block_nec|v9|L8,cross_stall_occ|v6|d7,0,0,0,3.0,0.794075,1.0
block_nec_r9,cross_stall_occ_r3,block_or_occupancy,cross,block_nec,cross_stall_occ,block_nec|v9|L8,cross_stall_occ|v7|d7,0,0,0,2.0,0.816225,1.0
block_nec_r9,cross_stall_occ_r4,block_or_occupancy,cross,block_nec,cross_stall_occ,block_nec|v9|L8,cross_stall_occ|v7|d7,0,0,0,2.0,0.7739,1.0
block_nec_r9,cross_stall_occ_r5,block_or_occupancy,cross,block_nec,cross_stall_occ,block_nec|v9|L8,cross_stall_occ|v8|d7,0,0,0,1.0,0.836,1.0
block_nec_r9,cross_stall_occ_r6,block_or_occupancy,cross,block_nec,cross_stall_occ,block_nec|v9|L8,cross_stall_occ|v8|d8,0,0,0,1.0,0.835925,1.0
block_nec_r9,cross_stall_occ_r7,block_or_occupancy,cross,block_nec,cross_stall_occ,block_nec|v9|L8,cross_stall_occ|v6|d6,0,0,0,3.0,0.833787,1.0
block_nec_r9,cross_stall_occ_r8,block_or_occupancy,cross,block_nec,cross_stall_occ,block_nec|v9|L8,cross_stall_occ|v6|d7,0,0,0,3.0,0.801937,1.0
block_nec_r9,cross_stall_occ_r9,block_or_occupancy,cross,block_nec,cross_stall_occ,block_nec|v9|L8,cross_stall_occ|v7|d7,0,0,0,2.0,0.823612,1.0
block_nec_r9,cross_stall_r1,block_or_occupancy,cross,block_nec,cross_stall,block_nec|v9|L8,cross_stall|v6|d6,0,0,0,3.0,0.016238,0.0865
block_nec_r9,cross_stall_r10,block_or_occupancy,cross,block_nec,cross_stall,block_nec|v9|L8,cross_stall|v7|d7,0,0,0,2.0,0.016238,0.0865
block_nec_r9,cross_stall_r11,block_or_occupancy,cross,block_nec,cross_stall,block_nec|v9|L8,cross_stall|v8|d7,0,0,0,1.0,0.012975,0.0604
block_nec_r9,cross_stall_r12,block_or_occupancy,cross,block_nec,cross_stall,block_nec|v9|L8,cross_stall|v8|d8,0,0,0,1.0,0.016238,0.0865
block_nec_r9,cross_stall_r2,block_or_occupancy,cross,block_nec,cross_stall,block_nec|v9|L8,cross_stall|v6|d6,0,0,0,3.0,0.016238,0.0865
block_nec_r9,cross_stall_r3,block_or_occupancy,cross,block_nec,cross_stall,block_nec|v9|L8,cross_stall|v7|d6,0,0,0,2.0,0.011313,0.0471
block_nec_r9,cross_stall_r4,block_or_occupancy,cross,block_nec,cross_stall,block_nec|v9|L8,cross_stall|v7|d7,0,0,0,2.0,0.016238,0.0865
block_nec_r9,cross_stall_r5,block_or_occupancy,cross,block_nec,cross_stall,block_nec|v9|L8,cross_stall|v8|d7,0,0,0,1.0,0.018662,0.1302
block_nec_r9,cross_stall_r6,block_or_occupancy,cross,block_nec,cross_stall,block_nec|v9|L8,cross_stall|v8|d8,0,0,0,1.0,0.016238,0.0865
block_nec_r9,cross_stall_r7,block_or_occupancy,cross,block_nec,cross_stall,block_nec|v9|L8,cross_stall|v6|d6,0,0,0,3.0,0.016238,0.0865
block_nec_r9,cross_stall_r8,block_or_occupancy,cross,block_nec,cross_stall,block_nec|v9|L8,cross_stall|v6|d6,0,0,0,3.0,0.016238,0.0865
block_nec_r9,cross_stall_r9,block_or_occupancy,cross,block_nec,cross_stall,block_nec|v9|L8,cross_stall|v7|d6,0,0,0,2.0,0.016238,0.0865
block_nec_r9,lead_cont_r1,block_or_occupancy,lead,block_nec,lead_cont,block_nec|v9|L8,lead_cont|v6|s5,0,0,0,3.0,0.7966,1.0
block_nec_r9,lead_cont_r10,block_or_occupancy,lead,block_nec,lead_cont,block_nec|v9|L8,lead_cont|v9|s8,0,0,0,0.0,0.738112,1.0
block_nec_r9,lead_cont_r11,block_or_occupancy,lead,block_nec,lead_cont,block_nec|v9|L8,lead_cont|v7|s6,0,0,0,2.0,0.754312,1.0
block_nec_r9,lead_cont_r12,block_or_occupancy,lead,block_nec,lead_cont,block_nec|v9|L8,lead_cont|v8|s7,0,0,0,1.0,0.723313,1.0
block_nec_r9,lead_cont_r2,block_or_occupancy,lead,block_nec,lead_cont,block_nec|v9|L8,lead_cont|v6|s5,0,0,0,3.0,0.723475,1.0
block_nec_r9,lead_cont_r3,block_or_occupancy,lead,block_nec,lead_cont,block_nec|v9|L8,lead_cont|v7|s5,0,0,0,2.0,0.74955,1.0
block_nec_r9,lead_cont_r4,block_or_occupancy,lead,block_nec,lead_cont,block_nec|v9|L8,lead_cont|v7|s6,0,0,0,2.0,0.704762,1.0
block_nec_r9,lead_cont_r5,block_or_occupancy,lead,block_nec,lead_cont,block_nec|v9|L8,lead_cont|v8|s6,0,0,0,1.0,0.77025,1.0
block_nec_r9,lead_cont_r6,block_or_occupancy,lead,block_nec,lead_cont,block_nec|v9|L8,lead_cont|v8|s7,0,0,0,1.0,0.70475,1.0
block_nec_r9,lead_cont_r7,block_or_occupancy,lead,block_nec,lead_cont,block_nec|v9|L8,lead_cont|v8|s7,0,0,0,1.0,0.723313,1.0
block_nec_r9,lead_cont_r8,block_or_occupancy,lead,block_nec,lead_cont,block_nec|v9|L8,lead_cont|v9|s7,0,0,0,0.0,0.738112,1.0
block_nec_r9,lead_cont_r9,block_or_occupancy,lead,block_nec,lead_cont,block_nec|v9|L8,lead_cont|v9|s8,0,0,0,0.0,0.734163,1.0
block_nec_r9,lead_nec_r1,block_or_occupancy,lead,block_nec,lead_nec,block_nec|v9|L8,lead_nec|v6|s5,0,0,0,3.0,0.016238,0.0865
block_nec_r9,lead_nec_r10,block_or_occupancy,lead,block_nec,lead_nec,block_nec|v9|L8,lead_nec|v9|s8,0,0,0,0.0,0.016238,0.0865
block_nec_r9,lead_nec_r11,block_or_occupancy,lead,block_nec,lead_nec,block_nec|v9|L8,lead_nec|v7|s6,0,0,0,2.0,0.016238,0.0865
block_nec_r9,lead_nec_r12,block_or_occupancy,lead,block_nec,lead_nec,block_nec|v9|L8,lead_nec|v8|s7,0,0,0,1.0,0.016238,0.0865
block_nec_r9,lead_nec_r2,block_or_occupancy,lead,block_nec,lead_nec,block_nec|v9|L8,lead_nec|v6|s5,0,0,0,3.0,0.016238,0.0865
block_nec_r9,lead_nec_r3,block_or_occupancy,lead,block_nec,lead_nec,block_nec|v9|L8,lead_nec|v7|s5,0,0,0,2.0,0.016238,0.0865
block_nec_r9,lead_nec_r4,block_or_occupancy,lead,block_nec,lead_nec,block_nec|v9|L8,lead_nec|v7|s6,0,0,0,2.0,0.016238,0.0865
block_nec_r9,lead_nec_r5,block_or_occupancy,lead,block_nec,lead_nec,block_nec|v9|L8,lead_nec|v8|s6,0,0,0,1.0,0.016238,0.0865
block_nec_r9,lead_nec_r6,block_or_occupancy,lead,block_nec,lead_nec,block_nec|v9|L8,lead_nec|v8|s7,0,0,0,1.0,0.016238,0.0865
block_nec_r9,lead_nec_r7,block_or_occupancy,lead,block_nec,lead_nec,block_nec|v9|L8,lead_nec|v8|s7,0,0,0,1.0,0.016238,0.0865
block_nec_r9,lead_nec_r8,block_or_occupancy,lead,block_nec,lead_nec,block_nec|v9|L8,lead_nec|v9|s7,0,0,0,0.0,0.016238,0.0865
block_nec_r9,lead_nec_r9,block_or_occupancy,lead,block_nec,lead_nec,block_nec|v9|L8,lead_nec|v9|s8,0,0,0,0.0,0.016238,0.0865
block_nec_r9,lead_opt_r1,block_or_occupancy,lead,block_nec,lead_opt,block_nec|v9|L8,lead_opt|v6|s6,0,0,0,3.0,0.016238,0.0865
block_nec_r9,lead_opt_r10,block_or_occupancy,lead,block_nec,lead_opt,block_nec|v9|L8,lead_opt|v8|s7,0,0,0,1.0,0.016238,0.0865
block_nec_r9,lead_opt_r11,block_or_occupancy,lead,block_nec,lead_opt,block_nec|v9|L8,lead_opt|v6|s6,0,0,0,3.0,0.016238,0.0865
block_nec_r9,lead_opt_r12,block_or_occupancy,lead,block_nec,lead_opt,block_nec|v9|L8,lead_opt|v7|s7,0,0,0,2.0,0.016238,0.0865
block_nec_r9,lead_opt_r2,block_or_occupancy,lead,block_nec,lead_opt,block_nec|v9|L8,lead_opt|v6|s6,0,0,0,3.0,0.016238,0.0865
block_nec_r9,lead_opt_r3,block_or_occupancy,lead,block_nec,lead_opt,block_nec|v9|L8,lead_opt|v7|s6,0,0,0,2.0,0.016238,0.0865
block_nec_r9,lead_opt_r4,block_or_occupancy,lead,block_nec,lead_opt,block_nec|v9|L8,lead_opt|v7|s6,0,0,0,2.0,0.016238,0.0865
block_nec_r9,lead_opt_r5,block_or_occupancy,lead,block_nec,lead_opt,block_nec|v9|L8,lead_opt|v8|s7,0,0,0,1.0,0.016238,0.0865
block_nec_r9,lead_opt_r6,block_or_occupancy,lead,block_nec,lead_opt,block_nec|v9|L8,lead_opt|v8|s7,0,0,0,1.0,0.016238,0.0865
block_nec_r9,lead_opt_r7,block_or_occupancy,lead,block_nec,lead_opt,block_nec|v9|L8,lead_opt|v9|s7,0,0,0,0.0,0.016238,0.0865
block_nec_r9,lead_opt_r8,block_or_occupancy,lead,block_nec,lead_opt,block_nec|v9|L8,lead_opt|v9|s7,0,0,0,0.0,0.016238,0.0865
block_nec_r9,lead_opt_r9,block_or_occupancy,lead,block_nec,lead_opt,block_nec|v9|L8,lead_opt|v7|s6,0,0,0,2.0,0.016238,0.0865
block_nec_r9,temp_opt_r1,block_or_occupancy,block_or_occupancy,block_nec,temp_opt,block_nec|v9|L8,temp_opt|v6|o6,1,0,0,3.0,0.016238,0.0865
block_nec_r9,temp_opt_r10,block_or_occupancy,block_or_occupancy,block_nec,temp_opt,block_nec|v9|L8,temp_opt|v6|o7,1,0,0,3.0,0.016238,0.0865
block_nec_r9,temp_opt_r11,block_or_occupancy,block_or_occupancy,block_nec,temp_opt,block_nec|v9|L8,temp_opt|v7|o8,1,0,0,2.0,0.016238,0.0865
block_nec_r9,temp_opt_r12,block_or_occupancy,block_or_occupancy,block_nec,temp_opt,block_nec|v9|L8,temp_opt|v8|o7,1,0,0,1.0,0.012975,0.0604
block_nec_r9,temp_opt_r2,block_or_occupancy,block_or_occupancy,block_nec,temp_opt,block_nec|v9|L8,temp_opt|v6|o7,1,0,0,3.0,0.016238,0.0865
block_nec_r9,temp_opt_r3,block_or_occupancy,block_or_occupancy,block_nec,temp_opt,block_nec|v9|L8,temp_opt|v6|o8,1,0,0,3.0,0.016238,0.0865
block_nec_r9,temp_opt_r4,block_or_occupancy,block_or_occupancy,block_nec,temp_opt,block_nec|v9|L8,temp_opt|v7|o6,1,0,0,2.0,0.016238,0.0865
block_nec_r9,temp_opt_r5,block_or_occupancy,block_or_occupancy,block_nec,temp_opt,block_nec|v9|L8,temp_opt|v7|o7,1,0,0,2.0,0.016238,0.0865
block_nec_r9,temp_opt_r6,block_or_occupancy,block_or_occupancy,block_nec,temp_opt,block_nec|v9|L8,temp_opt|v7|o8,1,0,0,2.0,0.016238,0.0865
block_nec_r9,temp_opt_r7,block_or_occupancy,block_or_occupancy,block_nec,temp_opt,block_nec|v9|L8,temp_opt|v8|o6,1,0,0,1.0,0.009087,0.0658
block_nec_r9,temp_opt_r8,block_or_occupancy,block_or_occupancy,block_nec,temp_opt,block_nec|v9|L8,temp_opt|v8|o7,1,0,0,1.0,0.016238,0.0865
block_nec_r9,temp_opt_r9,block_or_occupancy,block_or_occupancy,block_nec,temp_opt,block_nec|v9|L8,temp_opt|v8|o8,1,0,0,1.0,0.016238,0.0865
cross_clear_r1,cross_clear_r10,cross,cross,cross_clear,cross_clear,cross_clear|v6|d5,cross_clear|v8|d6,1,1,0,2.0,0.550763,1.0
cross_clear_r1,cross_clear_r11,cross,cross,cross_clear,cross_clear,cross_clear|v6|d5,cross_clear|v8|d7,1,1,0,2.0,0.110975,0.2338
cross_clear_r1,cross_clear_r12,cross,cross,cross_clear,cross_clear,cross_clear|v6|d5,cross_clear|v8|d8,1,1,0,2.0,0.363825,0.6043
cross_clear_r1,cross_clear_r2,cross,cross,cross_clear,cross_clear,cross_clear|v6|d5,cross_clear|v6|d6,1,1,0,0.0,0.093988,0.2702
cross_clear_r1,cross_clear_r3,cross,cross,cross_clear,cross_clear,cross_clear|v6|d5,cross_clear|v6|d7,1,1,0,0.0,0.04605,0.2106
cross_clear_r1,cross_clear_r4,cross,cross,cross_clear,cross_clear,cross_clear|v6|d5,cross_clear|v6|d8,1,1,0,0.0,0.099362,0.4694
cross_clear_r1,cross_clear_r5,cross,cross,cross_clear,cross_clear,cross_clear|v6|d5,cross_clear|v7|d5,1,1,0,1.0,0.196762,0.352
cross_clear_r1,cross_clear_r6,cross,cross,cross_clear,cross_clear,cross_clear|v6|d5,cross_clear|v7|d6,1,1,0,1.0,0.3281,0.5252
cross_clear_r1,cross_clear_r7,cross,cross,cross_clear,cross_clear,cross_clear|v6|d5,cross_clear|v7|d7,1,1,0,1.0,0.077625,0.2196
cross_clear_r1,cross_clear_r8,cross,cross,cross_clear,cross_clear,cross_clear|v6|d5,cross_clear|v7|d8,1,1,0,1.0,0.158488,0.4463
cross_clear_r1,cross_clear_r9,cross,cross,cross_clear,cross_clear,cross_clear|v6|d5,cross_clear|v8|d5,1,1,0,2.0,0.362538,1.0
cross_clear_r1,cross_stall_occ_r1,cross,cross,cross_clear,cross_stall_occ,cross_clear|v6|d5,cross_stall_occ|v6|d6,1,0,0,0.0,0.814375,1.0
cross_clear_r1,cross_stall_occ_r10,cross,cross,cross_clear,cross_stall_occ,cross_clear|v6|d5,cross_stall_occ|v7|d7,1,0,0,1.0,0.782687,1.0
cross_clear_r1,cross_stall_occ_r11,cross,cross,cross_clear,cross_stall_occ,cross_clear|v6|d5,cross_stall_occ|v8|d7,1,0,0,2.0,0.852875,1.0
cross_clear_r1,cross_stall_occ_r12,cross,cross,cross_clear,cross_stall_occ,cross_clear|v6|d5,cross_stall_occ|v8|d8,1,0,0,2.0,0.824937,1.0
cross_clear_r1,cross_stall_occ_r2,cross,cross,cross_clear,cross_stall_occ,cross_clear|v6|d5,cross_stall_occ|v6|d7,1,0,0,0.0,0.782863,1.0
cross_clear_r1,cross_stall_occ_r3,cross,cross,cross_clear,cross_stall_occ,cross_clear|v6|d5,cross_stall_occ|v7|d7,1,0,0,1.0,0.805012,1.0
cross_clear_r1,cross_stall_occ_r4,cross,cross,cross_clear,cross_stall_occ,cross_clear|v6|d5,cross_stall_occ|v7|d7,1,0,0,1.0,0.762687,1.0
cross_clear_r1,cross_stall_occ_r5,cross,cross,cross_clear,cross_stall_occ,cross_clear|v6|d5,cross_stall_occ|v8|d7,1,0,0,2.0,0.824788,1.0
cross_clear_r1,cross_stall_occ_r6,cross,cross,cross_clear,cross_stall_occ,cross_clear|v6|d5,cross_stall_occ|v8|d8,1,0,0,2.0,0.824712,1.0
cross_clear_r1,cross_stall_occ_r7,cross,cross,cross_clear,cross_stall_occ,cross_clear|v6|d5,cross_stall_occ|v6|d6,1,0,0,0.0,0.822575,1.0
cross_clear_r1,cross_stall_occ_r8,cross,cross,cross_clear,cross_stall_occ,cross_clear|v6|d5,cross_stall_occ|v6|d7,1,0,0,0.0,0.790725,1.0
cross_clear_r1,cross_stall_occ_r9,cross,cross,cross_clear,cross_stall_occ,cross_clear|v6|d5,cross_stall_occ|v7|d7,1,0,0,1.0,0.8124,1.0
cross_clear_r1,cross_stall_r1,cross,cross,cross_clear,cross_stall,cross_clear|v6|d5,cross_stall|v6|d6,1,0,0,0.0,0.0641,0.2228
cross_clear_r1,cross_stall_r10,cross,cross,cross_clear,cross_stall,cross_clear|v6|d5,cross_stall|v7|d7,1,0,0,1.0,0.0641,0.2228
cross_clear_r1,cross_stall_r11,cross,cross,cross_clear,cross_stall,cross_clear|v6|d5,cross_stall|v8|d7,1,0,0,2.0,0.067363,0.2228
cross_clear_r1,cross_stall_r12,cross,cross,cross_clear,cross_stall,cross_clear|v6|d5,cross_stall|v8|d8,1,0,0,2.0,0.0641,0.2228
cross_clear_r1,cross_stall_r2,cross,cross,cross_clear,cross_stall,cross_clear|v6|d5,cross_stall|v6|d6,1,0,0,0.0,0.0641,0.2228
cross_clear_r1,cross_stall_r3,cross,cross,cross_clear,cross_stall,cross_clear|v6|d5,cross_stall|v7|d6,1,0,0,1.0,0.069025,0.2228
cross_clear_r1,cross_stall_r4,cross,cross,cross_clear,cross_stall,cross_clear|v6|d5,cross_stall|v7|d7,1,0,0,1.0,0.0641,0.2228
cross_clear_r1,cross_stall_r5,cross,cross,cross_clear,cross_stall,cross_clear|v6|d5,cross_stall|v8|d7,1,0,0,2.0,0.083375,0.2228
cross_clear_r1,cross_stall_r6,cross,cross,cross_clear,cross_stall,cross_clear|v6|d5,cross_stall|v8|d8,1,0,0,2.0,0.0641,0.2228
cross_clear_r1,cross_stall_r7,cross,cross,cross_clear,cross_stall,cross_clear|v6|d5,cross_stall|v6|d6,1,0,0,0.0,0.0641,0.2228
cross_clear_r1,cross_stall_r8,cross,cross,cross_clear,cross_stall,cross_clear|v6|d5,cross_stall|v6|d6,1,0,0,0.0,0.0641,0.2228
cross_clear_r1,cross_stall_r9,cross,cross,cross_clear,cross_stall,cross_clear|v6|d5,cross_stall|v7|d6,1,0,0,1.0,0.0641,0.2228
cross_clear_r1,lead_cont_r1,cross,lead,cross_clear,lead_cont,cross_clear|v6|d5,lead_cont|v6|s5,0,0,0,0.0,0.785388,1.0
cross_clear_r1,lead_cont_r10,cross,lead,cross_clear,lead_cont,cross_clear|v6|d5,lead_cont|v9|s8,0,0,0,3.0,0.7269,1.0
cross_clear_r1,lead_cont_r11,cross,lead,cross_clear,lead_cont,cross_clear|v6|d5,lead_cont|v7|s6,0,0,0,1.0,0.7431,1.0
cross_clear_r1,lead_cont_r12,cross,lead,cross_clear,lead_cont,cross_clear|v6|d5,lead_cont|v8|s7,0,0,0,2.0,0.7121,1.0
cross_clear_r1,lead_cont_r2,cross,lead,cross_clear,lead_cont,cross_clear|v6|d5,lead_cont|v6|s5,0,0,0,0.0,0.712263,1.0
cross_clear_r1,lead_cont_r3,cross,lead,cross_clear,lead_cont,cross_clear|v6|d5,lead_cont|v7|s5,0,0,0,1.0,0.738337,1.0
cross_clear_r1,lead_cont_r4,cross,lead,cross_clear,lead_cont,cross_clear|v6|d5,lead_cont|v7|s6,0,0,0,1.0,0.69355,1.0
cross_clear_r1,lead_cont_r5,cross,lead,cross_clear,lead_cont,cross_clear|v6|d5,lead_cont|v8|s6,0,0,0,2.0,0.759038,1.0
cross_clear_r1,lead_cont_r6,cross,lead,cross_clear,lead_cont,cross_clear|v6|d5,lead_cont|v8|s7,0,0,0,2.0,0.693538,1.0
cross_clear_r1,lead_cont_r7,cross,lead,cross_clear,lead_cont,cross_clear|v6|d5,lead_cont|v8|s7,0,0,0,2.0,0.7121,1.0
cross_clear_r1,lead_cont_r8,cross,lead,cross_clear,lead_cont,cross_clear|v6|d5,lead_cont|v9|s7,0,0,0,3.0,0.7269,1.0
cross_clear_r1,lead_cont_r9,cross,lead,cross_clear,lead_cont,cross_clear|v6|d5,lead_cont|v9|s8,0,0,0,3.0,0.72295,1.0
cross_clear_r1,lead_nec_r1,cross,lead,cross_clear,lead_nec,cross_clear|v6|d5,lead_nec|v6|s5,0,0,0,0.0,0.0641,0.2228
cross_clear_r1,lead_nec_r10,cross,lead,cross_clear,lead_nec,cross_clear|v6|d5,lead_nec|v9|s8,0,0,0,3.0,0.0641,0.2228
cross_clear_r1,lead_nec_r11,cross,lead,cross_clear,lead_nec,cross_clear|v6|d5,lead_nec|v7|s6,0,0,0,1.0,0.0641,0.2228
cross_clear_r1,lead_nec_r12,cross,lead,cross_clear,lead_nec,cross_clear|v6|d5,lead_nec|v8|s7,0,0,0,2.0,0.0641,0.2228
cross_clear_r1,lead_nec_r2,cross,lead,cross_clear,lead_nec,cross_clear|v6|d5,lead_nec|v6|s5,0,0,0,0.0,0.0641,0.2228
cross_clear_r1,lead_nec_r3,cross,lead,cross_clear,lead_nec,cross_clear|v6|d5,lead_nec|v7|s5,0,0,0,1.0,0.0641,0.2228
cross_clear_r1,lead_nec_r4,cross,lead,cross_clear,lead_nec,cross_clear|v6|d5,lead_nec|v7|s6,0,0,0,1.0,0.0641,0.2228
cross_clear_r1,lead_nec_r5,cross,lead,cross_clear,lead_nec,cross_clear|v6|d5,lead_nec|v8|s6,0,0,0,2.0,0.0641,0.2228
cross_clear_r1,lead_nec_r6,cross,lead,cross_clear,lead_nec,cross_clear|v6|d5,lead_nec|v8|s7,0,0,0,2.0,0.0641,0.2228
cross_clear_r1,lead_nec_r7,cross,lead,cross_clear,lead_nec,cross_clear|v6|d5,lead_nec|v8|s7,0,0,0,2.0,0.0641,0.2228
cross_clear_r1,lead_nec_r8,cross,lead,cross_clear,lead_nec,cross_clear|v6|d5,lead_nec|v9|s7,0,0,0,3.0,0.0641,0.2228
cross_clear_r1,lead_nec_r9,cross,lead,cross_clear,lead_nec,cross_clear|v6|d5,lead_nec|v9|s8,0,0,0,3.0,0.0641,0.2228
cross_clear_r1,lead_opt_r1,cross,lead,cross_clear,lead_opt,cross_clear|v6|d5,lead_opt|v6|s6,0,0,0,0.0,0.0641,0.2228
cross_clear_r1,lead_opt_r10,cross,lead,cross_clear,lead_opt,cross_clear|v6|d5,lead_opt|v8|s7,0,0,0,2.0,0.0641,0.2228
cross_clear_r1,lead_opt_r11,cross,lead,cross_clear,lead_opt,cross_clear|v6|d5,lead_opt|v6|s6,0,0,0,0.0,0.0641,0.2228
cross_clear_r1,lead_opt_r12,cross,lead,cross_clear,lead_opt,cross_clear|v6|d5,lead_opt|v7|s7,0,0,0,1.0,0.0641,0.2228
cross_clear_r1,lead_opt_r2,cross,lead,cross_clear,lead_opt,cross_clear|v6|d5,lead_opt|v6|s6,0,0,0,0.0,0.0641,0.2228
cross_clear_r1,lead_opt_r3,cross,lead,cross_clear,lead_opt,cross_clear|v6|d5,lead_opt|v7|s6,0,0,0,1.0,0.0641,0.2228
cross_clear_r1,lead_opt_r4,cross,lead,cross_clear,lead_opt,cross_clear|v6|d5,lead_opt|v7|s6,0,0,0,1.0,0.0641,0.2228
cross_clear_r1,lead_opt_r5,cross,lead,cross_clear,lead_opt,cross_clear|v6|d5,lead_opt|v8|s7,0,0,0,2.0,0.0641,0.2228
cross_clear_r1,lead_opt_r6,cross,lead,cross_clear,lead_opt,cross_clear|v6|d5,lead_opt|v8|s7,0,0,0,2.0,0.0641,0.2228
cross_clear_r1,lead_opt_r7,cross,lead,cross_clear,lead_opt,cross_clear|v6|d5,lead_opt|v9|s7,0,0,0,3.0,0.0641,0.2228
cross_clear_r1,lead_opt_r8,cross,lead,cross_clear,lead_opt,cross_clear|v6|d5,lead_opt|v9|s7,0,0,0,3.0,0.0641,0.2228
cross_clear_r1,lead_opt_r9,cross,lead,cross_clear,lead_opt,cross_clear|v6|d5,lead_opt|v7|s6,0,0,0,1.0,0.0641,0.2228
cross_clear_r1,temp_opt_r1,cross,block_or_occupancy,cross_clear,temp_opt,cross_clear|v6|d5,temp_opt|v6|o6,0,0,0,0.0,0.0641,0.2228
cross_clear_r1,temp_opt_r10,cross,block_or_occupancy,cross_clear,temp_opt,cross_clear|v6|d5,temp_opt|v6|o7,0,0,0,0.0,0.0641,0.2228
cross_clear_r1,temp_opt_r11,cross,block_or_occupancy,cross_clear,temp_opt,cross_clear|v6|d5,temp_opt|v7|o8,0,0,0,1.0,0.0641,0.2228
cross_clear_r1,temp_opt_r12,cross,block_or_occupancy,cross_clear,temp_opt,cross_clear|v6|d5,temp_opt|v8|o7,0,0,0,2.0,0.067363,0.2228
cross_clear_r1,temp_opt_r2,cross,block_or_occupancy,cross_clear,temp_opt,cross_clear|v6|d5,temp_opt|v6|o7,0,0,0,0.0,0.0641,0.2228
cross_clear_r1,temp_opt_r3,cross,block_or_occupancy,cross_clear,temp_opt,cross_clear|v6|d5,temp_opt|v6|o8,0,0,0,0.0,0.0641,0.2228
cross_clear_r1,temp_opt_r4,cross,block_or_occupancy,cross_clear,temp_opt,cross_clear|v6|d5,temp_opt|v7|o6,0,0,0,1.0,0.0641,0.2228
cross_clear_r1,temp_opt_r5,cross,block_or_occupancy,cross_clear,temp_opt,cross_clear|v6|d5,temp_opt|v7|o7,0,0,0,1.0,0.0641,0.2228
cross_clear_r1,temp_opt_r6,cross,block_or_occupancy,cross_clear,temp_opt,cross_clear|v6|d5,temp_opt|v7|o8,0,0,0,1.0,0.0641,0.2228
cross_clear_r1,temp_opt_r7,cross,block_or_occupancy,cross_clear,temp_opt,cross_clear|v6|d5,temp_opt|v8|o6,0,0,0,2.0,0.07685,0.2228
cross_clear_r1,temp_opt_r8,cross,block_or_occupancy,cross_clear,temp_opt,cross_clear|v6|d5,temp_opt|v8|o7,0,0,0,2.0,0.0641,0.2228
cross_clear_r1,temp_opt_r9,cross,block_or_occupancy,cross_clear,temp_opt,cross_clear|v6|d5,temp_opt|v8|o8,0,0,0,2.0,0.0641,0.2228
cross_clear_r10,cross_clear_r11,cross,cross,cross_clear,cross_clear,cross_clear|v8|d6,cross_clear|v8|d7,1,1,0,0.0,0.523212,1.0
cross_clear_r10,cross_clear_r12,cross,cross,cross_clear,cross_clear,cross_clear|v8|d6,cross_clear|v8|d8,1,1,0,0.0,0.33175,1.0
cross_clear_r10,cross_clear_r2,cross,cross,cross_clear,cross_clear,cross_clear|v8|d6,cross_clear|v6|d6,1,1,0,2.0,0.493825,1.0
cross_clear_r10,cross_clear_r3,cross,cross,cross_clear,cross_clear,cross_clear|v8|d6,cross_clear|v6|d7,1,1,0,2.0,0.584762,1.0
cross_clear_r10,cross_clear_r4,cross,cross,cross_clear,cross_clear,cross_clear|v8|d6,cross_clear|v6|d8,1,1,0,2.0,0.516162,1.0
cross_clear_r10,cross_clear_r5,cross,cross,cross_clear,cross_clear,cross_clear|v8|d6,cross_clear|v7|d5,1,1,0,1.0,0.450813,1.0
cross_clear_r10,cross_clear_r6,cross,cross,cross_clear,cross_clear,cross_clear|v8|d6,cross_clear|v7|d6,1,1,0,1.0,0.3505,1.0
cross_clear_r10,cross_clear_r7,cross,cross,cross_clear,cross_clear,cross_clear|v8|d6,cross_clear|v7|d7,1,1,0,1.0,0.533862,1.0
cross_clear_r10,cross_clear_r8,cross,cross,cross_clear,cross_clear,cross_clear|v8|d6,cross_clear|v7|d8,1,1,0,1.0,0.458337,1.0
cross_clear_r10,cross_clear_r9,cross,cross,cross_clear,cross_clear,cross_clear|v8|d6,cross_clear|v8|d5,1,1,0,0.0,0.4377,1.0
cross_clear_r10,cross_stall_occ_r1,cross,cross,cross_clear,cross_stall_occ,cross_clear|v8|d6,cross_stall_occ|v6|d6,1,0,0,2.0,0.5699,1.0
cross_clear_r10,cross_stall_occ_r10,cross,cross,cross_clear,cross_stall_occ,cross_clear|v8|d6,cross_stall_occ|v7|d7,1,0,0,1.0,0.4489,1.0
cross_clear_r10,cross_stall_occ_r11,cross,cross,cross_clear,cross_stall_occ,cross_clear|v8|d6,cross_stall_occ|v8|d7,1,0,0,0.0,0.601413,1.0
cross_clear_r10,cross_stall_occ_r12,cross,cross,cross_clear,cross_stall_occ,cross_clear|v8|d6,cross_stall_occ|v8|d8,1,0,0,0.0,0.579725,1.0
cross_clear_r10,cross_stall_occ_r2,cross,cross,cross_clear,cross_stall_occ,cross_clear|v8|d6,cross_stall_occ|v6|d7,1,0,0,2.0,0.5452,1.0
cross_clear_r10,cross_stall_occ_r3,cross,cross,cross_clear,cross_stall_occ,cross_clear|v8|d6,cross_stall_occ|v7|d7,1,0,0,1.0,0.4663,1.0
cross_clear_r10,cross_stall_occ_r4,cross,cross,cross_clear,cross_stall_occ,cross_clear|v8|d6,cross_stall_occ|v7|d7,1,0,0,1.0,0.433288,1.0
cross_clear_r10,cross_stall_occ_r5,cross,cross,cross_clear,cross_stall_occ,cross_clear|v8|d6,cross_stall_occ|v8|d7,1,0,0,0.0,0.579638,1.0
cross_clear_r10,cross_stall_occ_r6,cross,cross,cross_clear,cross_stall_occ,cross_clear|v8|d6,cross_stall_occ|v8|d8,1,0,0,0.0,0.579638,1.0
cross_clear_r10,cross_stall_occ_r7,cross,cross,cross_clear,cross_stall_occ,cross_clear|v8|d6,cross_stall_occ|v6|d6,1,0,0,2.0,0.576337,1.0
cross_clear_r10,cross_stall_occ_r8,cross,cross,cross_clear,cross_stall_occ,cross_clear|v8|d6,cross_stall_occ|v6|d7,1,0,0,2.0,0.551362,1.0
cross_clear_r10,cross_stall_occ_r9,cross,cross,cross_clear,cross_stall_occ,cross_clear|v8|d6,cross_stall_occ|v7|d7,1,0,0,1.0,0.47205,1.0
cross_clear_r10,cross_stall_r1,cross,cross,cross_clear,cross_stall,cross_clear|v8|d6,cross_stall|v6|d6,1,0,0,2.0,0.587012,1.0
cross_clear_r10,cross_stall_r10,cross,cross,cross_clear,cross_stall,cross_clear|v8|d6,cross_stall|v7|d7,1,0,0,1.0,0.587012,1.0
cross_clear_r10,cross_stall_r11,cross,cross,cross_clear,cross_stall,cross_clear|v8|d6,cross_stall|v8|d7,1,0,0,0.0,0.587012,1.0
cross_clear_r10,cross_stall_r12,cross,cross,cross_clear,cross_stall,cross_clear|v8|d6,cross_stall|v8|d8,1,0,0,0.0,0.587012,1.0
cross_clear_r10,cross_stall_r2,cross,cross,cross_clear,cross_stall,cross_clear|v8|d6,cross_stall|v6|d6,1,0,0,2.0,0.587012,1.0
cross_clear_r10,cross_stall_r3,cross,cross,cross_clear,cross_stall,cross_clear|v8|d6,cross_stall|v7|d6,1,0,0,1.0,0.587012,1.0
cross_clear_r10,cross_stall_r4,cross,cross,cross_clear,cross_stall,cross_clear|v8|d6,cross_stall|v7|d7,1,0,0,1.0,0.587012,1.0
cross_clear_r10,cross_stall_r5,cross,cross,cross_clear,cross_stall,cross_clear|v8|d6,cross_stall|v8|d7,1,0,0,0.0,0.5792,1.0
cross_clear_r10,cross_stall_r6,cross,cross,cross_clear,cross_stall,cross_clear|v8|d6,cross_stall|v8|d8,1,0,0,0.0,0.587012,1.0
cross_clear_r10,cross_stall_r7,cross,cross,cross_clear,cross_stall,cross_clear|v8|d6,cross_stall|v6|d6,1,0,0,2.0,0.587012,1.0
cross_clear_r10,cross_stall_r8,cross,cross,cross_clear,cross_stall,cross_clear|v8|d6,cross_stall|v6|d6,1,0,0,2.0,0.587012,1.0
cross_clear_r10,cross_stall_r9,cross,cross,cross_clear,cross_stall,cross_clear|v8|d6,cross_stall|v7|d6,1,0,0,1.0,0.587012,1.0
cross_clear_r10,lead_cont_r1,cross,lead,cross_clear,lead_cont,cross_clear|v8|d6,lead_cont|v6|s5,0,0,0,2.0,0.54715,1.0
cross_clear_r10,lead_cont_r10,cross,lead,cross_clear,lead_cont,cross_clear|v8|d6,lead_cont|v9|s8,0,0,0,1.0,0.485538,1.0
cross_clear_r10,lead_cont_r11,cross,lead,cross_clear,lead_cont,cross_clear|v8|d6,lead_cont|v7|s6,0,0,0,1.0,0.42415,1.0
cross_clear_r10,lead_cont_r12,cross,lead,cross_clear,lead_cont,cross_clear|v8|d6,lead_cont|v8|s7,0,0,0,0.0,0.526475,1.0
cross_clear_r10,lead_cont_r2,cross,lead,cross_clear,lead_cont,cross_clear|v8|d6,lead_cont|v6|s5,0,0,0,2.0,0.5258,1.0
cross_clear_r10,lead_cont_r3,cross,lead,cross_clear,lead_cont,cross_clear|v8|d6,lead_cont|v7|s5,0,0,0,1.0,0.422938,1.0
cross_clear_r10,lead_cont_r4,cross,lead,cross_clear,lead_cont,cross_clear|v8|d6,lead_cont|v7|s6,0,0,0,1.0,0.408688,1.0
cross_clear_r10,lead_cont_r5,cross,lead,cross_clear,lead_cont,cross_clear|v8|d6,lead_cont|v8|s6,0,0,0,0.0,0.540637,1.0
cross_clear_r10,lead_cont_r6,cross,lead,cross_clear,lead_cont,cross_clear|v8|d6,lead_cont|v8|s7,0,0,0,0.0,0.528963,1.0
cross_clear_r10,lead_cont_r7,cross,lead,cross_clear,lead_cont,cross_clear|v8|d6,lead_cont|v8|s7,0,0,0,0.0,0.526475,1.0
cross_clear_r10,lead_cont_r8,cross,lead,cross_clear,lead_cont,cross_clear|v8|d6,lead_cont|v9|s7,0,0,0,1.0,0.485538,1.0
cross_clear_r10,lead_cont_r9,cross,lead,cross_clear,lead_cont,cross_clear|v8|d6,lead_cont|v9|s8,0,0,0,1.0,0.481588,1.0
cross_clear_r10,lead_nec_r1,cross,lead,cross_clear,lead_nec,cross_clear|v8|d6,lead_nec|v6|s5,0,0,0,2.0,0.587012,1.0
cross_clear_r10,lead_nec_r10,cross,lead,cross_clear,lead_nec,cross_clear|v8|d6,lead_nec|v9|s8,0,0,0,1.0,0.587012,1.0
cross_clear_r10,lead_nec_r11,cross,lead,cross_clear,lead_nec,cross_clear|v8|d6,lead_nec|v7|s6,0,0,0,1.0,0.587012,1.0
cross_clear_r10,lead_nec_r12,cross,lead,cross_clear,lead_nec,cross_clear|v8|d6,lead_nec|v8|s7,0,0,0,0.0,0.587012,1.0
cross_clear_r10,lead_nec_r2,cross,lead,cross_clear,lead_nec,cross_clear|v8|d6,lead_nec|v6|s5,0,0,0,2.0,0.587012,1.0
cross_clear_r10,lead_nec_r3,cross,lead,cross_clear,lead_nec,cross_clear|v8|d6,lead_nec|v7|s5,0,0,0,1.0,0.587012,1.0
cross_clear_r10,lead_nec_r4,cross,lead,cross_clear,lead_nec,cross_clear|v8|d6,lead_nec|v7|s6,0,0,0,1.0,0.587012,1.0
cross_clear_r10,lead_nec_r5,cross,lead,cross_clear,lead_nec,cross_clear|v8|d6,lead_nec|v8|s6,0,0,0,0.0,0.587012,1.0
cross_clear_r10,lead_nec_r6,cross,lead,cross_clear,lead_nec,cross_clear|v8|d6,lead_nec|v8|s7,0,0,0,0.0,0.587012,1.0
cross_clear_r10,lead_nec_r7,cross,lead,cross_clear,lead_nec,cross_clear|v8|d6,lead_nec|v8|s7,0,0,0,0.0,0.587012,1.0
cross_clear_r10,lead_nec_r8,cross,lead,cross_clear,lead_nec,cross_clear|v8|d6,lead_nec|v9|s7,0,0,0,1.0,0.587012,1.0
cross_clear_r10,lead_nec_r9,cross,lead,cross_clear,lead_nec,cross_clear|v8|d6,lead_nec|v9|s8,0,0,0,1.0,0.587012,1.0
cross_clear_r10,lead_opt_r1,cross,lead,cross_clear,lead_opt,cross_clear|v8|d6,lead_opt|v6|s6,0,0,0,2.0,0.587012,1.0
cross_clear_r10,lead_opt_r10,cross,lead,cross_clear,lead_opt,cross_clear|v8|d6,lead_opt|v8|s7,0,0,0,0.0,0.587012,1.0
cross_clear_r10,lead_opt_r11,cross,lead,cross_clear,lead_opt,cross_clear|v8|d6,lead_opt|v6|s6,0,0,0,2.0,0.587012,1.0
cross_clear_r10,lead_opt_r12,cross,lead,cross_clear,lead_opt,cross_clear|v8|d6,lead_opt|v7|s7,0,0,0,1.0,0.587012,1.0
cross_clear_r10,lead_opt_r2,cross,lead,cross_clear,lead_opt,cross_clear|v8|d6,lead_opt|v6|s6,0,0,0,2.0,0.587012,1.0
cross_clear_r10,lead_opt_r3,cross,lead,cross_clear,lead_opt,cross_clear|v8|d6,lead_opt|v7|s6,0,0,0,1.0,0.587012,1.0
cross_clear_r10,lead_opt_r4,cross,lead,cross_clear,lead_opt,cross_clear|v8|d6,lead_opt|v7|s6,0,0,0,1.0,0.587012,1.0
cross_clear_r10,lead_opt_r5,cross,lead,cross_clear,lead_opt,cross_clear|v8|d6,lead_opt|v8|s7,0,0,0,0.0,0.587012,1.0
cross_clear_r10,lead_opt_r6,cross,lead,cross_clear,lead_opt,cross_clear|v8|d6,lead_opt|v8|s7,0,0,0,0.0,0.587012,1.0
cross_clear_r10,lead_opt_r7,cross,lead,cross_clear,lead_opt,cross_clear|v8|d6,lead_opt|v9|s7,0,0,0,1.0,0.587012,1.0
cross_clear_r10,lead_opt_r8,cross,lead,cross_clear,lead_opt,cross_clear|v8|d6,lead_opt|v9|s7,0,0,0,1.0,0.587012,1.0
cross_clear_r10,lead_opt_r9,cross,lead,cross_clear,lead_opt,cross_clear|v8|d6,lead_opt|v7|s6,0,0,0,1.0,0.587012,1.0
cross_clear_r10,temp_opt_r1,cross,block_or_occupancy,cross_clear,temp_opt,cross_clear|v8|d6,temp_opt|v6|o6,0,0,0,2.0,0.587012,1.0
cross_clear_r10,temp_opt_r10,cross,block_or_occupancy,cross_clear,temp_opt,cross_clear|v8|d6,temp_opt|v6|o7,0,0,0,2.0,0.587012,1.0
cross_clear_r10,temp_opt_r11,cross,block_or_occupancy,cross_clear,temp_opt,cross_clear|v8|d6,temp_opt|v7|o8,0,0,0,1.0,0.587012,1.0
cross_clear_r10,temp_opt_r12,cross,block_or_occupancy,cross_clear,temp_opt,cross_clear|v8|d6,temp_opt|v8|o7,0,0,0,0.0,0.587012,1.0
cross_clear_r10,temp_opt_r2,cross,block_or_occupancy,cross_clear,temp_opt,cross_clear|v8|d6,temp_opt|v6|o7,0,0,0,2.0,0.587012,1.0
cross_clear_r10,temp_opt_r3,cross,block_or_occupancy,cross_clear,temp_opt,cross_clear|v8|d6,temp_opt|v6|o8,0,0,0,2.0,0.587012,1.0
cross_clear_r10,temp_opt_r4,cross,block_or_occupancy,cross_clear,temp_opt,cross_clear|v8|d6,temp_opt|v7|o6,0,0,0,1.0,0.587012,1.0
cross_clear_r10,temp_opt_r5,cross,block_or_occupancy,cross_clear,temp_opt,cross_clear|v8|d6,temp_opt|v7|o7,0,0,0,1.0,0.587012,1.0
cross_clear_r10,temp_opt_r6,cross,block_or_occupancy,cross_clear,temp_opt,cross_clear|v8|d6,temp_opt|v7|o8,0,0,0,1.0,0.587012,1.0
cross_clear_r10,temp_opt_r7,cross,block_or_occupancy,cross_clear,temp_opt,cross_clear|v8|d6,temp_opt|v8|o6,0,0,0,0.0,0.580725,1.0
cross_clear_r10,temp_opt_r8,cross,block_or_occupancy,cross_clear,temp_opt,cross_clear|v8|d6,temp_opt|v8|o7,0,0,0,0.0,0.587012,1.0
cross_clear_r10,temp_opt_r9,cross,block_or_occupancy,cross_clear,temp_opt,cross_clear|v8|d6,temp_opt|v8|o8,0,0,0,0.0,0.587012,1.0
cross_clear_r11,cross_clear_r12,cross,cross,cross_clear,cross_clear,cross_clear|v8|d7,cross_clear|v8|d8,1,1,0,0.0,0.30775,0.6043
cross_clear_r11,cross_clear_r2,cross,cross,cross_clear,cross_clear,cross_clear|v8|d7,cross_clear|v6|d6,1,1,0,2.0,0.149438,0.4898
cross_clear_r11,cross_clear_r3,cross,cross,cross_clear,cross_clear,cross_clear|v8|d7,cross_clear|v6|d7,1,1,0,2.0,0.104375,0.3246
cross_clear_r11,cross_clear_r4,cross,cross,cross_clear,cross_clear,cross_clear|v8|d7,cross_clear|v6|d8,1,1,0,2.0,0.139713,0.4694
cross_clear_r11,cross_clear_r5,cross,cross,cross_clear,cross_clear,cross_clear|v8|d7,cross_clear|v7|d5,1,1,0,1.0,0.085787,0.352
cross_clear_r11,cross_clear_r6,cross,cross,cross_clear,cross_clear,cross_clear|v8|d7,cross_clear|v7|d6,1,1,0,1.0,0.272025,0.5908
cross_clear_r11,cross_clear_r7,cross,cross,cross_clear,cross_clear,cross_clear|v8|d7,cross_clear|v7|d7,1,1,0,1.0,0.047675,0.1816
cross_clear_r11,cross_clear_r8,cross,cross,cross_clear,cross_clear,cross_clear|v8|d7,cross_clear|v7|d8,1,1,0,1.0,0.142987,0.4463
cross_clear_r11,cross_clear_r9,cross,cross,cross_clear,cross_clear,cross_clear|v8|d7,cross_clear|v8|d5,1,1,0,0.0,0.309312,1.0
cross_clear_r11,cross_stall_occ_r1,cross,cross,cross_clear,cross_stall_occ,cross_clear|v8|d7,cross_stall_occ|v6|d6,1,0,0,2.0,0.841825,1.0
cross_clear_r11,cross_stall_occ_r10,cross,cross,cross_clear,cross_stall_occ,cross_clear|v8|d7,cross_stall_occ|v7|d7,1,0,0,1.0,0.784362,1.0
cross_clear_r11,cross_stall_occ_r11,cross,cross,cross_clear,cross_stall_occ,cross_clear|v8|d7,cross_stall_occ|v8|d7,1,0,0,0.0,0.880325,1.0
cross_clear_r11,cross_stall_occ_r12,cross,cross,cross_clear,cross_stall_occ,cross_clear|v8|d7,cross_stall_occ|v8|d8,1,0,0,0.0,0.852388,1.0
cross_clear_r11,cross_stall_occ_r2,cross,cross,cross_clear,cross_stall_occ,cross_clear|v8|d7,cross_stall_occ|v6|d7,1,0,0,2.0,0.810312,1.0
cross_clear_r11,cross_stall_occ_r3,cross,cross,cross_clear,cross_stall_occ,cross_clear|v8|d7,cross_stall_occ|v7|d7,1,0,0,1.0,0.806687,1.0
cross_clear_r11,cross_stall_occ_r4,cross,cross,cross_clear,cross_stall_occ,cross_clear|v8|d7,cross_stall_occ|v7|d7,1,0,0,1.0,0.764362,1.0
cross_clear_r11,cross_stall_occ_r5,cross,cross,cross_clear,cross_stall_occ,cross_clear|v8|d7,cross_stall_occ|v8|d7,1,0,0,0.0,0.852237,1.0
cross_clear_r11,cross_stall_occ_r6,cross,cross,cross_clear,cross_stall_occ,cross_clear|v8|d7,cross_stall_occ|v8|d8,1,0,0,0.0,0.852163,1.0
cross_clear_r11,cross_stall_occ_r7,cross,cross,cross_clear,cross_stall_occ,cross_clear|v8|d7,cross_stall_occ|v6|d6,1,0,0,2.0,0.850025,1.0
cross_clear_r11,cross_stall_occ_r8,cross,cross,cross_clear,cross_stall_occ,cross_clear|v8|d7,cross_stall_occ|v6|d7,1,0,0,2.0,0.818175,1.0
cross_clear_r11,cross_stall_occ_r9,cross,cross,cross_clear,cross_stall_occ,cross_clear|v8|d7,cross_stall_occ|v7|d7,1,0,0,1.0,0.814075,1.0
cross_clear_r11,cross_stall_r1,cross,cross,cross_clear,cross_stall,cross_clear|v8|d7,cross_stall|v6|d6,1,0,0,2.0,0.120175,0.451
cross_clear_r11,cross_stall_r10,cross,cross,cross_clear,cross_stall,cross_clear|v8|d7,cross_stall|v7|d7,1,0,0,1.0,0.120175,0.451
cross_clear_r11,cross_stall_r11,cross,cross,cross_clear,cross_stall,cross_clear|v8|d7,cross_stall|v8|d7,1,0,0,0.0,0.123438,0.451
cross_clear_r11,cross_stall_r12,cross,cross,cross_clear,cross_stall,cross_clear|v8|d7,cross_stall|v8|d8,1,0,0,0.0,0.120175,0.451
cross_clear_r11,cross_stall_r2,cross,cross,cross_clear,cross_stall,cross_clear|v8|d7,cross_stall|v6|d6,1,0,0,2.0,0.120175,0.451
cross_clear_r11,cross_stall_r3,cross,cross,cross_clear,cross_stall,cross_clear|v8|d7,cross_stall|v7|d6,1,0,0,1.0,0.1251,0.451
cross_clear_r11,cross_stall_r4,cross,cross,cross_clear,cross_stall,cross_clear|v8|d7,cross_stall|v7|d7,1,0,0,1.0,0.120175,0.451
cross_clear_r11,cross_stall_r5,cross,cross,cross_clear,cross_stall,cross_clear|v8|d7,cross_stall|v8|d7,1,0,0,0.0,0.155075,0.451
cross_clear_r11,cross_stall_r6,cross,cross,cross_clear,cross_stall,cross_clear|v8|d7,cross_stall|v8|d8,1,0,0,0.0,0.120175,0.451
cross_clear_r11,cross_stall_r7,cross,cross,cross_clear,cross_stall,cross_clear|v8|d7,cross_stall|v6|d6,1,0,0,2.0,0.120175,0.451
cross_clear_r11,cross_stall_r8,cross,cross,cross_clear,cross_stall,cross_clear|v8|d7,cross_stall|v6|d6,1,0,0,2.0,0.120175,0.451
cross_clear_r11,cross_stall_r9,cross,cross,cross_clear,cross_stall,cross_clear|v8|d7,cross_stall|v7|d6,1,0,0,1.0,0.120175,0.451
cross_clear_r11,lead_cont_r1,cross,lead,cross_clear,lead_cont,cross_clear|v8|d7,lead_cont|v6|s5,0,0,0,2.0,0.812837,1.0
cross_clear_r11,lead_cont_r10,cross,lead,cross_clear,lead_cont,cross_clear|v8|d7,lead_cont|v9|s8,0,0,0,1.0,0.75435,1.0
cross_clear_r11,lead_cont_r11,cross,lead,cross_clear,lead_cont,cross_clear|v8|d7,lead_cont|v7|s6,0,0,0,1.0,0.744775,1.0
cross_clear_r11,lead_cont_r12,cross,lead,cross_clear,lead_cont,cross_clear|v8|d7,lead_cont|v8|s7,0,0,0,0.0,0.73955,1.0
cross_clear_r11,lead_cont_r2,cross,lead,cross_clear,lead_cont,cross_clear|v8|d7,lead_cont|v6|s5,0,0,0,2.0,0.739712,1.0
cross_clear_r11,lead_cont_r3,cross,lead,cross_clear,lead_cont,cross_clear|v8|d7,lead_cont|v7|s5,0,0,0,1.0,0.740012,1.0
cross_clear_r11,lead_cont_r4,cross,lead,cross_clear,lead_cont,cross_clear|v8|d7,lead_cont|v7|s6,0,0,0,1.0,0.695225,1.0
cross_clear_r11,lead_cont_r5,cross,lead,cross_clear,lead_cont,cross_clear|v8|d7,lead_cont|v8|s6,0,0,0,0.0,0.786488,1.0
cross_clear_r11,lead_cont_r6,cross,lead,cross_clear,lead_cont,cross_clear|v8|d7,lead_cont|v8|s7,0,0,0,0.0,0.720988,1.0
cross_clear_r11,lead_cont_r7,cross,lead,cross_clear,lead_cont,cross_clear|v8|d7,lead_cont|v8|s7,0,0,0,0.0,0.73955,1.0
cross_clear_r11,lead_cont_r8,cross,lead,cross_clear,lead_cont,cross_clear|v8|d7,lead_cont|v9|s7,0,0,0,1.0,0.75435,1.0
cross_clear_r11,lead_cont_r9,cross,lead,cross_clear,lead_cont,cross_clear|v8|d7,lead_cont|v9|s8,0,0,0,1.0,0.7504,1.0
cross_clear_r11,lead_nec_r1,cross,lead,cross_clear,lead_nec,cross_clear|v8|d7,lead_nec|v6|s5,0,0,0,2.0,0.120175,0.451
cross_clear_r11,lead_nec_r10,cross,lead,cross_clear,lead_nec,cross_clear|v8|d7,lead_nec|v9|s8,0,0,0,1.0,0.120175,0.451
cross_clear_r11,lead_nec_r11,cross,lead,cross_clear,lead_nec,cross_clear|v8|d7,lead_nec|v7|s6,0,0,0,1.0,0.120175,0.451
cross_clear_r11,lead_nec_r12,cross,lead,cross_clear,lead_nec,cross_clear|v8|d7,lead_nec|v8|s7,0,0,0,0.0,0.120175,0.451
cross_clear_r11,lead_nec_r2,cross,lead,cross_clear,lead_nec,cross_clear|v8|d7,lead_nec|v6|s5,0,0,0,2.0,0.120175,0.451
cross_clear_r11,lead_nec_r3,cross,lead,cross_clear,lead_nec,cross_clear|v8|d7,lead_nec|v7|s5,0,0,0,1.0,0.120175,0.451
cross_clear_r11,lead_nec_r4,cross,lead,cross_clear,lead_nec,cross_clear|v8|d7,lead_nec|v7|s6,0,0,0,1.0,0.120175,0.451
cross_clear_r11,lead_nec_r5,cross,lead,cross_clear,lead_nec,cross_clear|v8|d7,lead_nec|v8|s6,0,0,0,0.0,0.120175,0.451
cross_clear_r11,lead_nec_r6,cross,lead,cross_clear,lead_nec,cross_clear|v8|d7,lead_nec|v8|s7,0,0,0,0.0,0.120175,0.451
cross_clear_r11,lead_nec_r7,cross,lead,cross_clear,lead_nec,cross_clear|v8|d7,lead_nec|v8|s7,0,0,0,0.0,0.120175,0.451
cross_clear_r11,lead_nec_r8,cross,lead,cross_clear,lead_nec,cross_clear|v8|d7,lead_nec|v9|s7,0,0,0,1.0,0.120175,0.451
cross_clear_r11,lead_nec_r9,cross,lead,cross_clear,lead_nec,cross_clear|v8|d7,lead_nec|v9|s8,0,0,0,1.0,0.120175,0.451
cross_clear_r11,lead_opt_r1,cross,lead,cross_clear,lead_opt,cross_clear|v8|d7,lead_opt|v6|s6,0,0,0,2.0,0.120175,0.451
cross_clear_r11,lead_opt_r10,cross,lead,cross_clear,lead_opt,cross_clear|v8|d7,lead_opt|v8|s7,0,0,0,0.0,0.120175,0.451
cross_clear_r11,lead_opt_r11,cross,lead,cross_clear,lead_opt,cross_clear|v8|d7,lead_opt|v6|s6,0,0,0,2.0,0.120175,0.451
cross_clear_r11,lead_opt_r12,cross,lead,cross_clear,lead_opt,cross_clear|v8|d7,lead_opt|v7|s7,0,0,0,1.0,0.120175,0.451
cross_clear_r11,lead_opt_r2,cross,lead,cross_clear,lead_opt,cross_clear|v8|d7,lead_opt|v6|s6,0,0,0,2.0,0.120175,0.451
cross_clear_r11,lead_opt_r3,cross,lead,cross_clear,lead_opt,cross_clear|v8|d7,lead_opt|v7|s6,0,0,0,1.0,0.120175,0.451
cross_clear_r11,lead_opt_r4,cross,lead,cross_clear,lead_opt,cross_clear|v8|d7,lead_opt|v7|s6,0,0,0,1.0,0.120175,0.451
cross_clear_r11,lead_opt_r5,cross,lead,cross_clear,lead_opt,cross_clear|v8|d7,lead_opt|v8|s7,0,0,0,0.0,0.120175,0.451
cross_clear_r11,lead_opt_r6,cross,lead,cross_clear,lead_opt,cross_clear|v8|d7,lead_opt|v8|s7,0,0,0,0.0,0.120175,0.451
cross_clear_r11,lead_opt_r7,cross,lead,cross_clear,lead_opt,cross_clear|v8|d7,lead_opt|v9|s7,0,0,0,1.0,0.120175,0.451
cross_clear_r11,lead_opt_r8,cross,lead,cross_clear,lead_opt,cross_clear|v8|d7,lead_opt|v9|s7,0,0,0,1.0,0.120175,0.451
cross_clear_r11,lead_opt_r9,cross,lead,cross_clear,lead_opt,cross_clear|v8|d7,lead_opt|v7|s6,0,0,0,1.0,0.120175,0.451
cross_clear_r11,temp_opt_r1,cross,block_or_occupancy,cross_clear,temp_opt,cross_clear|v8|d7,temp_opt|v6|o6,0,0,0,2.0,0.120175,0.451
cross_clear_r11,temp_opt_r10,cross,block_or_occupancy,cross_clear,temp_opt,cross_clear|v8|d7,temp_opt|v6|o7,0,0,0,2.0,0.120175,0.451
cross_clear_r11,temp_opt_r11,cross,block_or_occupancy,cross_clear,temp_opt,cross_clear|v8|d7,temp_opt|v7|o8,0,0,0,1.0,0.120175,0.451
cross_clear_r11,temp_opt_r12,cross,block_or_occupancy,cross_clear,temp_opt,cross_clear|v8|d7,temp_opt|v8|o7,0,0,0,0.0,0.123438,0.451
cross_clear_r11,temp_opt_r2,cross,block_or_occupancy,cross_clear,temp_opt,cross_clear|v8|d7,temp_opt|v6|o7,0,0,0,2.0,0.120175,0.451
cross_clear_r11,temp_opt_r3,cross,block_or_occupancy,cross_clear,temp_opt,cross_clear|v8|d7,temp_opt|v6|o8,0,0,0,2.0,0.120175,0.451
cross_clear_r11,temp_opt_r4,cross,block_or_occupancy,cross_clear,temp_opt,cross_clear|v8|d7,temp_opt|v7|o6,0,0,0,1.0,0.120175,0.451
cross_clear_r11,temp_opt_r5,cross,block_or_occupancy,cross_clear,temp_opt,cross_clear|v8|d7,temp_opt|v7|o7,0,0,0,1.0,0.120175,0.451
cross_clear_r11,temp_opt_r6,cross,block_or_occupancy,cross_clear,temp_opt,cross_clear|v8|d7,temp_opt|v7|o8,0,0,0,1.0,0.120175,0.451
cross_clear_r11,temp_opt_r7,cross,block_or_occupancy,cross_clear,temp_opt,cross_clear|v8|d7,temp_opt|v8|o6,0,0,0,0.0,0.1455,0.451
cross_clear_r11,temp_opt_r8,cross,block_or_occupancy,cross_clear,temp_opt,cross_clear|v8|d7,temp_opt|v8|o7,0,0,0,0.0,0.120175,0.451
cross_clear_r11,temp_opt_r9,cross,block_or_occupancy,cross_clear,temp_opt,cross_clear|v8|d7,temp_opt|v8|o8,0,0,0,0.0,0.120175,0.451
cross_clear_r12,cross_clear_r2,cross,cross,cross_clear,cross_clear,cross_clear|v8|d8,cross_clear|v6|d6,1,1,0,2.0,0.269838,0.6043
cross_clear_r12,cross_clear_r3,cross,cross,cross_clear,cross_clear,cross_clear|v8|d8,cross_clear|v6|d7,1,1,0,2.0,0.409875,0.6043
cross_clear_r12,cross_clear_r4,cross,cross,cross_clear,cross_clear,cross_clear|v8|d8,cross_clear|v6|d8,1,1,0,2.0,0.269063,0.6043
cross_clear_r12,cross_clear_r5,cross,cross,cross_clear,cross_clear,cross_clear|v8|d8,cross_clear|v7|d5,1,1,0,1.0,0.242713,0.5846
cross_clear_r12,cross_clear_r6,cross,cross,cross_clear,cross_clear,cross_clear|v8|d8,cross_clear|v7|d6,1,1,0,1.0,0.08375,0.1559
cross_clear_r12,cross_clear_r7,cross,cross,cross_clear,cross_clear,cross_clear|v8|d8,cross_clear|v7|d7,1,1,0,1.0,0.3411,0.5846
cross_clear_r12,cross_clear_r8,cross,cross,cross_clear,cross_clear,cross_clear|v8|d8,cross_clear|v7|d8,1,1,0,1.0,0.205338,0.3581
cross_clear_r12,cross_clear_r9,cross,cross,cross_clear,cross_clear,cross_clear|v8|d8,cross_clear|v8|d5,1,1,0,0.0,0.493788,1.0
cross_clear_r12,cross_stall_occ_r1,cross,cross,cross_clear,cross_stall_occ,cross_clear|v8|d8,cross_stall_occ|v6|d6,1,0,0,2.0,0.612075,1.0
cross_clear_r12,cross_stall_occ_r10,cross,cross,cross_clear,cross_stall_occ,cross_clear|v8|d8,cross_stall_occ|v7|d7,1,0,0,1.0,0.509337,1.0
cross_clear_r12,cross_stall_occ_r11,cross,cross,cross_clear,cross_stall_occ,cross_clear|v8|d8,cross_stall_occ|v8|d7,1,0,0,0.0,0.650575,1.0
cross_clear_r12,cross_stall_occ_r12,cross,cross,cross_clear,cross_stall_occ,cross_clear|v8|d8,cross_stall_occ|v8|d8,1,0,0,0.0,0.622637,1.0
cross_clear_r12,cross_stall_occ_r2,cross,cross,cross_clear,cross_stall_occ,cross_clear|v8|d8,cross_stall_occ|v6|d7,1,0,0,2.0,0.580562,1.0
cross_clear_r12,cross_stall_occ_r3,cross,cross,cross_clear,cross_stall_occ,cross_clear|v8|d8,cross_stall_occ|v7|d7,1,0,0,1.0,0.531662,1.0
cross_clear_r12,cross_stall_occ_r4,cross,cross,cross_clear,cross_stall_occ,cross_clear|v8|d8,cross_stall_occ|v7|d7,1,0,0,1.0,0.489337,1.0
cross_clear_r12,cross_stall_occ_r5,cross,cross,cross_clear,cross_stall_occ,cross_clear|v8|d8,cross_stall_occ|v8|d7,1,0,0,0.0,0.622487,1.0
cross_clear_r12,cross_stall_occ_r6,cross,cross,cross_clear,cross_stall_occ,cross_clear|v8|d8,cross_stall_occ|v8|d8,1,0,0,0.0,0.622413,1.0
cross_clear_r12,cross_stall_occ_r7,cross,cross,cross_clear,cross_stall_occ,cross_clear|v8|d8,cross_stall_occ|v6|d6,1,0,0,2.0,0.620275,1.0
cross_clear_r12,cross_stall_occ_r8,cross,cross,cross_clear,cross_stall_occ,cross_clear|v8|d8,cross_stall_occ|v6|d7,1,0,0,2.0,0.588425,1.0
cross_clear_r12,cross_stall_occ_r9,cross,cross,cross_clear,cross_stall_occ,cross_clear|v8|d8,cross_stall_occ|v7|d7,1,0,0,1.0,0.53905,1.0
cross_clear_r12,cross_stall_r1,cross,cross,cross_clear,cross_stall,cross_clear|v8|d8,cross_stall|v6|d6,1,0,0,2.0,0.427925,0.6043
cross_clear_r12,cross_stall_r10,cross,cross,cross_clear,cross_stall,cross_clear|v8|d8,cross_stall|v7|d7,1,0,0,1.0,0.427925,0.6043
cross_clear_r12,cross_stall_r11,cross,cross,cross_clear,cross_stall,cross_clear|v8|d8,cross_stall|v8|d7,1,0,0,0.0,0.424663,0.6043
cross_clear_r12,cross_stall_r12,cross,cross,cross_clear,cross_stall,cross_clear|v8|d8,cross_stall|v8|d8,1,0,0,0.0,0.427925,0.6043
cross_clear_r12,cross_stall_r2,cross,cross,cross_clear,cross_stall,cross_clear|v8|d8,cross_stall|v6|d6,1,0,0,2.0,0.427925,0.6043
cross_clear_r12,cross_stall_r3,cross,cross,cross_clear,cross_stall,cross_clear|v8|d8,cross_stall|v7|d6,1,0,0,1.0,0.423,0.6043
cross_clear_r12,cross_stall_r4,cross,cross,cross_clear,cross_stall,cross_clear|v8|d8,cross_stall|v7|d7,1,0,0,1.0,0.427925,0.6043
cross_clear_r12,cross_stall_r5,cross,cross,cross_clear,cross_stall,cross_clear|v8|d8,cross_stall|v8|d7,1,0,0,0.0,0.393025,0.6043
cross_clear_r12,cross_stall_r6,cross,cross,cross_clear,cross_stall,cross_clear|v8|d8,cross_stall|v8|d8,1,0,0,0.0,0.427925,0.6043
cross_clear_r12,cross_stall_r7,cross,cross,cross_clear,cross_stall,cross_clear|v8|d8,cross_stall|v6|d6,1,0,0,2.0,0.427925,0.6043
cross_clear_r12,cross_stall_r8,cross,cross,cross_clear,cross_stall,cross_clear|v8|d8,cross_stall|v6|d6,1,0,0,2.0,0.427925,0.6043
cross_clear_r12,cross_stall_r9,cross,cross,cross_clear,cross_stall,cross_clear|v8|d8,cross_stall|v7|d6,1,0,0,1.0,0.427925,0.6043
cross_clear_r12,lead_cont_r1,cross,lead,cross_clear,lead_cont,cross_clear|v8|d8,lead_cont|v6|s5,0,0,0,2.0,0.583087,1.0
cross_clear_r12,lead_cont_r10,cross,lead,cross_clear,lead_cont,cross_clear|v8|d8,lead_cont|v9|s8,0,0,0,1.0,0.526725,1.0
cross_clear_r12,lead_cont_r11,cross,lead,cross_clear,lead_cont,cross_clear|v8|d8,lead_cont|v7|s6,0,0,0,1.0,0.474875,1.0
cross_clear_r12,lead_cont_r12,cross,lead,cross_clear,lead_cont,cross_clear|v8|d8,lead_cont|v8|s7,0,0,0,0.0,0.562125,1.0
cross_clear_r12,lead_cont_r2,cross,lead,cross_clear,lead_cont,cross_clear|v8|d8,lead_cont|v6|s5,0,0,0,2.0,0.559538,1.0
cross_clear_r12,lead_cont_r3,cross,lead,cross_clear,lead_cont,cross_clear|v8|d8,lead_cont|v7|s5,0,0,0,1.0,0.472488,1.0
cross_clear_r12,lead_cont_r4,cross,lead,cross_clear,lead_cont,cross_clear|v8|d8,lead_cont|v7|s6,0,0,0,1.0,0.464925,1.0
cross_clear_r12,lead_cont_r5,cross,lead,cross_clear,lead_cont,cross_clear|v8|d8,lead_cont|v8|s6,0,0,0,0.0,0.566263,1.0
cross_clear_r12,lead_cont_r6,cross,lead,cross_clear,lead_cont,cross_clear|v8|d8,lead_cont|v8|s7,0,0,0,0.0,0.561638,1.0
cross_clear_r12,lead_cont_r7,cross,lead,cross_clear,lead_cont,cross_clear|v8|d8,lead_cont|v8|s7,0,0,0,0.0,0.562125,1.0
cross_clear_r12,lead_cont_r8,cross,lead,cross_clear,lead_cont,cross_clear|v8|d8,lead_cont|v9|s7,0,0,0,1.0,0.526725,1.0
cross_clear_r12,lead_cont_r9,cross,lead,cross_clear,lead_cont,cross_clear|v8|d8,lead_cont|v9|s8,0,0,0,1.0,0.52305,1.0
cross_clear_r12,lead_nec_r1,cross,lead,cross_clear,lead_nec,cross_clear|v8|d8,lead_nec|v6|s5,0,0,0,2.0,0.427925,0.6043
cross_clear_r12,lead_nec_r10,cross,lead,cross_clear,lead_nec,cross_clear|v8|d8,lead_nec|v9|s8,0,0,0,1.0,0.427925,0.6043
cross_clear_r12,lead_nec_r11,cross,lead,cross_clear,lead_nec,cross_clear|v8|d8,lead_nec|v7|s6,0,0,0,1.0,0.427925,0.6043
cross_clear_r12,lead_nec_r12,cross,lead,cross_clear,lead_nec,cross_clear|v8|d8,lead_nec|v8|s7,0,0,0,0.0,0.427925,0.6043
cross_clear_r12,lead_nec_r2,cross,lead,cross_clear,lead_nec,cross_clear|v8|d8,lead_nec|v6|s5,0,0,0,2.0,0.427925,0.6043
cross_clear_r12,lead_nec_r3,cross,lead,cross_clear,lead_nec,cross_clear|v8|d8,lead_nec|v7|s5,0,0,0,1.0,0.427925,0.6043
cross_clear_r12,lead_nec_r4,cross,lead,cross_clear,lead_nec,cross_clear|v8|d8,lead_nec|v7|s6,0,0,0,1.0,0.427925,0.6043
cross_clear_r12,lead_nec_r5,cross,lead,cross_clear,lead_nec,cross_clear|v8|d8,lead_nec|v8|s6,0,0,0,0.0,0.427925,0.6043
cross_clear_r12,lead_nec_r6,cross,lead,cross_clear,lead_nec,cross_clear|v8|d8,lead_nec|v8|s7,0,0,0,0.0,0.427925,0.6043
cross_clear_r12,lead_nec_r7,cross,lead,cross_clear,lead_nec,cross_clear|v8|d8,lead_nec|v8|s7,0,0,0,0.0,0.427925,0.6043
cross_clear_r12,lead_nec_r8,cross,lead,cross_clear,lead_nec,cross_clear|v8|d8,lead_nec|v9|s7,0,0,0,1.0,0.427925,0.6043
cross_clear_r12,lead_nec_r9,cross,lead,cross_clear,lead_nec,cross_clear|v8|d8,lead_nec|v9|s8,0,0,0,1.0,0.427925,0.6043
cross_clear_r12,lead_opt_r1,cross,lead,cross_clear,lead_opt,cross_clear|v8|d8,lead_opt|v6|s6,0,0,0,2.0,0.427925,0.6043
cross_clear_r12,lead_opt_r10,cross,lead,cross_clear,lead_opt,cross_clear|v8|d8,lead_opt|v8|s7,0,0,0,0.0,0.427925,0.6043
cross_clear_r12,lead_opt_r11,cross,lead,cross_clear,lead_opt,cross_clear|v8|d8,lead_opt|v6|s6,0,0,0,2.0,0.427925,0.6043
cross_clear_r12,lead_opt_r12,cross,lead,cross_clear,lead_opt,cross_clear|v8|d8,lead_opt|v7|s7,0,0,0,1.0,0.427925,0.6043
cross_clear_r12,lead_opt_r2,cross,lead,cross_clear,lead_opt,cross_clear|v8|d8,lead_opt|v6|s6,0,0,0,2.0,0.427925,0.6043
cross_clear_r12,lead_opt_r3,cross,lead,cross_clear,lead_opt,cross_clear|v8|d8,lead_opt|v7|s6,0,0,0,1.0,0.427925,0.6043
cross_clear_r12,lead_opt_r4,cross,lead,cross_clear,lead_opt,cross_clear|v8|d8,lead_opt|v7|s6,0,0,0,1.0,0.427925,0.6043
cross_clear_r12,lead_opt_r5,cross,lead,cross_clear,lead_opt,cross_clear|v8|d8,lead_opt|v8|s7,0,0,0,0.0,0.427925,0.6043
cross_clear_r12,lead_opt_r6,cross,lead,cross_clear,lead_opt,cross_clear|v8|d8,lead_opt|v8|s7,0,0,0,0.0,0.427925,0.6043
cross_clear_r12,lead_opt_r7,cross,lead,cross_clear,lead_opt,cross_clear|v8|d8,lead_opt|v9|s7,0,0,0,1.0,0.427925,0.6043
cross_clear_r12,lead_opt_r8,cross,lead,cross_clear,lead_opt,cross_clear|v8|d8,lead_opt|v9|s7,0,0,0,1.0,0.427925,0.6043
cross_clear_r12,lead_opt_r9,cross,lead,cross_clear,lead_opt,cross_clear|v8|d8,lead_opt|v7|s6,0,0,0,1.0,0.427925,0.6043
cross_clear_r12,temp_opt_r1,cross,block_or_occupancy,cross_clear,temp_opt,cross_clear|v8|d8,temp_opt|v6|o6,0,0,0,2.0,0.427925,0.6043
cross_clear_r12,temp_opt_r10,cross,block_or_occupancy,cross_clear,temp_opt,cross_clear|v8|d8,temp_opt|v6|o7,0,0,0,2.0,0.427925,0.6043
cross_clear_r12,temp_opt_r11,cross,block_or_occupancy,cross_clear,temp_opt,cross_clear|v8|d8,temp_opt|v7|o8,0,0,0,1.0,0.427925,0.6043
cross_clear_r12,temp_opt_r12,cross,block_or_occupancy,cross_clear,temp_opt,cross_clear|v8|d8,temp_opt|v8|o7,0,0,0,0.0,0.424663,0.6043
cross_clear_r12,temp_opt_r2,cross,block_or_occupancy,cross_clear,temp_opt,cross_clear|v8|d8,temp_opt|v6|o7,0,0,0,2.0,0.427925,0.6043
cross_clear_r12,temp_opt_r3,cross,block_or_occupancy,cross_clear,temp_opt,cross_clear|v8|d8,temp_opt|v6|o8,0,0,0,2.0,0.427925,0.6043
cross_clear_r12,temp_opt_r4,cross,block_or_occupancy,cross_clear,temp_opt,cross_clear|v8|d8,temp_opt|v7|o6,0,0,0,1.0,0.427925,0.6043
cross_clear_r12,temp_opt_r5,cross,block_or_occupancy,cross_clear,temp_opt,cross_clear|v8|d8,temp_opt|v7|o7,0,0,0,1.0,0.427925,0.6043
cross_clear_r12,temp_opt_r6,cross,block_or_occupancy,cross_clear,temp_opt,cross_clear|v8|d8,temp_opt|v7|o8,0,0,0,1.0,0.427925,0.6043
cross_clear_r12,temp_opt_r7,cross,block_or_occupancy,cross_clear,temp_opt,cross_clear|v8|d8,temp_opt|v8|o6,0,0,0,0.0,0.4026,0.6043
cross_clear_r12,temp_opt_r8,cross,block_or_occupancy,cross_clear,temp_opt,cross_clear|v8|d8,temp_opt|v8|o7,0,0,0,0.0,0.427925,0.6043
cross_clear_r12,temp_opt_r9,cross,block_or_occupancy,cross_clear,temp_opt,cross_clear|v8|d8,temp_opt|v8|o8,0,0,0,0.0,0.427925,0.6043
cross_clear_r2,cross_clear_r3,cross,cross,cross_clear,cross_clear,cross_clear|v6|d6,cross_clear|v6|d7,1,1,0,0.0,0.140038,0.4808
cross_clear_r2,cross_clear_r4,cross,cross,cross_clear,cross_clear,cross_clear|v6|d6,cross_clear|v6|d8,1,1,0,0.0,0.0693,0.2557
cross_clear_r2,cross_clear_r5,cross,cross,cross_clear,cross_clear,cross_clear|v6|d6,cross_clear|v7|d5,1,1,0,1.0,0.235225,0.4898
cross_clear_r2,cross_clear_r6,cross,cross,cross_clear,cross_clear,cross_clear|v6|d6,cross_clear|v7|d6,1,1,0,1.0,0.234113,0.4748
cross_clear_r2,cross_clear_r7,cross,cross,cross_clear,cross_clear,cross_clear|v6|d6,cross_clear|v7|d7,1,1,0,1.0,0.126138,0.4898
cross_clear_r2,cross_clear_r8,cross,cross,cross_clear,cross_clear,cross_clear|v6|d6,cross_clear|v7|d8,1,1,0,1.0,0.122,0.2462
cross_clear_r2,cross_clear_r9,cross,cross,cross_clear,cross_clear,cross_clear|v6|d6,cross_clear|v8|d5,1,1,0,2.0,0.428762,1.0
cross_clear_r2,cross_stall_occ_r1,cross,cross,cross_clear,cross_stall_occ,cross_clear|v6|d6,cross_stall_occ|v6|d6,1,0,0,0.0,0.74815,1.0
cross_clear_r2,cross_stall_occ_r10,cross,cross,cross_clear,cross_stall_occ,cross_clear|v6|d6,cross_stall_occ|v7|d7,1,0,0,1.0,0.716463,1.0
cross_clear_r2,cross_stall_occ_r11,cross,cross,cross_clear,cross_stall_occ,cross_clear|v6|d6,cross_stall_occ|v8|d7,1,0,0,2.0,0.78665,1.0
cross_clear_r2,cross_stall_occ_r12,cross,cross,cross_clear,cross_stall_occ,cross_clear|v6|d6,cross_stall_occ|v8|d8,1,0,0,2.0,0.758713,1.0
cross_clear_r2,cross_stall_occ_r2,cross,cross,cross_clear,cross_stall_occ,cross_clear|v6|d6,cross_stall_occ|v6|d7,1,0,0,0.0,0.716638,1.0
cross_clear_r2,cross_stall_occ_r3,cross,cross,cross_clear,cross_stall_occ,cross_clear|v6|d6,cross_stall_occ|v7|d7,1,0,0,1.0,0.738787,1.0
cross_clear_r2,cross_stall_occ_r4,cross,cross,cross_clear,cross_stall_occ,cross_clear|v6|d6,cross_stall_occ|v7|d7,1,0,0,1.0,0.696462,1.0
cross_clear_r2,cross_stall_occ_r5,cross,cross,cross_clear,cross_stall_occ,cross_clear|v6|d6,cross_stall_occ|v8|d7,1,0,0,2.0,0.758563,1.0
cross_clear_r2,cross_stall_occ_r6,cross,cross,cross_clear,cross_stall_occ,cross_clear|v6|d6,cross_stall_occ|v8|d8,1,0,0,2.0,0.758487,1.0
cross_clear_r2,cross_stall_occ_r7,cross,cross,cross_clear,cross_stall_occ,cross_clear|v6|d6,cross_stall_occ|v6|d6,1,0,0,0.0,0.75635,1.0
cross_clear_r2,cross_stall_occ_r8,cross,cross,cross_clear,cross_stall_occ,cross_clear|v6|d6,cross_stall_occ|v6|d7,1,0,0,0.0,0.7245,1.0
cross_clear_r2,cross_stall_occ_r9,cross,cross,cross_clear,cross_stall_occ,cross_clear|v6|d6,cross_stall_occ|v7|d7,1,0,0,1.0,0.746175,1.0
cross_clear_r2,cross_stall_r1,cross,cross,cross_clear,cross_stall,cross_clear|v6|d6,cross_stall|v6|d6,1,0,0,0.0,0.158088,0.4898
cross_clear_r2,cross_stall_r10,cross,cross,cross_clear,cross_stall,cross_clear|v6|d6,cross_stall|v7|d7,1,0,0,1.0,0.158088,0.4898
cross_clear_r2,cross_stall_r11,cross,cross,cross_clear,cross_stall,cross_clear|v6|d6,cross_stall|v8|d7,1,0,0,2.0,0.154825,0.4898
cross_clear_r2,cross_stall_r12,cross,cross,cross_clear,cross_stall,cross_clear|v6|d6,cross_stall|v8|d8,1,0,0,2.0,0.158088,0.4898
cross_clear_r2,cross_stall_r2,cross,cross,cross_clear,cross_stall,cross_clear|v6|d6,cross_stall|v6|d6,1,0,0,0.0,0.158088,0.4898
cross_clear_r2,cross_stall_r3,cross,cross,cross_clear,cross_stall,cross_clear|v6|d6,cross_stall|v7|d6,1,0,0,1.0,0.153163,0.4898
cross_clear_r2,cross_stall_r4,cross,cross,cross_clear,cross_stall,cross_clear|v6|d6,cross_stall|v7|d7,1,0,0,1.0,0.158088,0.4898
cross_clear_r2,cross_stall_r5,cross,cross,cross_clear,cross_stall,cross_clear|v6|d6,cross_stall|v8|d7,1,0,0,2.0,0.123188,0.4273
cross_clear_r2,cross_stall_r6,cross,cross,cross_clear,cross_stall,cross_clear|v6|d6,cross_stall|v8|d8,1,0,0,2.0,0.158088,0.4898
cross_clear_r2,cross_stall_r7,cross,cross,cross_clear,cross_stall,cross_clear|v6|d6,cross_stall|v6|d6,1,0,0,0.0,0.158088,0.4898
cross_clear_r2,cross_stall_r8,cross,cross,cross_clear,cross_stall,cross_clear|v6|d6,cross_stall|v6|d6,1,0,0,0.0,0.158088,0.4898
cross_clear_r2,cross_stall_r9,cross,cross,cross_clear,cross_stall,cross_clear|v6|d6,cross_stall|v7|d6,1,0,0,1.0,0.158088,0.4898
cross_clear_r2,lead_cont_r1,cross,lead,cross_clear,lead_cont,cross_clear|v6|d6,lead_cont|v6|s5,0,0,0,0.0,0.719163,1.0
cross_clear_r2,lead_cont_r10,cross,lead,cross_clear,lead_cont,cross_clear|v6|d6,lead_cont|v9|s8,0,0,0,3.0,0.660675,1.0
cross_clear_r2,lead_cont_r11,cross,lead,cross_clear,lead_cont,cross_clear|v6|d6,lead_cont|v7|s6,0,0,0,1.0,0.676875,1.0
cross_clear_r2,lead_cont_r12,cross,lead,cross_clear,lead_cont,cross_clear|v6|d6,lead_cont|v8|s7,0,0,0,2.0,0.645875,1.0
cross_clear_r2,lead_cont_r2,cross,lead,cross_clear,lead_cont,cross_clear|v6|d6,lead_cont|v6|s5,0,0,0,0.0,0.646038,1.0
cross_clear_r2,lead_cont_r3,cross,lead,cross_clear,lead_cont,cross_clear|v6|d6,lead_cont|v7|s5,0,0,0,1.0,0.672113,1.0
cross_clear_r2,lead_cont_r4,cross,lead,cross_clear,lead_cont,cross_clear|v6|d6,lead_cont|v7|s6,0,0,0,1.0,0.627325,1.0
cross_clear_r2,lead_cont_r5,cross,lead,cross_clear,lead_cont,cross_clear|v6|d6,lead_cont|v8|s6,0,0,0,2.0,0.692813,1.0
cross_clear_r2,lead_cont_r6,cross,lead,cross_clear,lead_cont,cross_clear|v6|d6,lead_cont|v8|s7,0,0,0,2.0,0.631263,1.0
cross_clear_r2,lead_cont_r7,cross,lead,cross_clear,lead_cont,cross_clear|v6|d6,lead_cont|v8|s7,0,0,0,2.0,0.645875,1.0
cross_clear_r2,lead_cont_r8,cross,lead,cross_clear,lead_cont,cross_clear|v6|d6,lead_cont|v9|s7,0,0,0,3.0,0.660675,1.0
cross_clear_r2,lead_cont_r9,cross,lead,cross_clear,lead_cont,cross_clear|v6|d6,lead_cont|v9|s8,0,0,0,3.0,0.656725,1.0
cross_clear_r2,lead_nec_r1,cross,lead,cross_clear,lead_nec,cross_clear|v6|d6,lead_nec|v6|s5,0,0,0,0.0,0.158088,0.4898
cross_clear_r2,lead_nec_r10,cross,lead,cross_clear,lead_nec,cross_clear|v6|d6,lead_nec|v9|s8,0,0,0,3.0,0.158088,0.4898
cross_clear_r2,lead_nec_r11,cross,lead,cross_clear,lead_nec,cross_clear|v6|d6,lead_nec|v7|s6,0,0,0,1.0,0.158088,0.4898
cross_clear_r2,lead_nec_r12,cross,lead,cross_clear,lead_nec,cross_clear|v6|d6,lead_nec|v8|s7,0,0,0,2.0,0.158088,0.4898
cross_clear_r2,lead_nec_r2,cross,lead,cross_clear,lead_nec,cross_clear|v6|d6,lead_nec|v6|s5,0,0,0,0.0,0.158088,0.4898
cross_clear_r2,lead_nec_r3,cross,lead,cross_clear,lead_nec,cross_clear|v6|d6,lead_nec|v7|s5,0,0,0,1.0,0.158088,0.4898
cross_clear_r2,lead_nec_r4,cross,lead,cross_clear,lead_nec,cross_clear|v6|d6,lead_nec|v7|s6,0,0,0,1.0,0.158088,0.4898
cross_clear_r2,lead_nec_r5,cross,lead,cross_clear,lead_nec,cross_clear|v6|d6,lead_nec|v8|s6,0,0,0,2.0,0.158088,0.4898
cross_clear_r2,lead_nec_r6,cross,lead,cross_clear,lead_nec,cross_clear|v6|d6,lead_nec|v8|s7,0,0,0,2.0,0.158088,0.4898
cross_clear_r2,lead_nec_r7,cross,lead,cross_clear,lead_nec,cross_clear|v6|d6,lead_nec|v8|s7,0,0,0,2.0,0.158088,0.4898
cross_clear_r2,lead_nec_r8,cross,lead,cross_clear,lead_nec,cross_clear|v6|d6,lead_nec|v9|s7,0,0,0,3.0,0.158088,0.4898
cross_clear_r2,lead_nec_r9,cross,lead,cross_clear,lead_nec,cross_clear|v6|d6,lead_nec|v9|s8,0,0,0,3.0,0.158088,0.4898
cross_clear_r2,lead_opt_r1,cross,lead,cross_clear,lead_opt,cross_clear|v6|d6,lead_opt|v6|s6,0,0,0,0.0,0.158088,0.4898
cross_clear_r2,lead_opt_r10,cross,lead,cross_clear,lead_opt,cross_clear|v6|d6,lead_opt|v8|s7,0,0,0,2.0,0.158088,0.4898
cross_clear_r2,lead_opt_r11,cross,lead,cross_clear,lead_opt,cross_clear|v6|d6,lead_opt|v6|s6,0,0,0,0.0,0.158088,0.4898
cross_clear_r2,lead_opt_r12,cross,lead,cross_clear,lead_opt,cross_clear|v6|d6,lead_opt|v7|s7,0,0,0,1.0,0.158088,0.4898
cross_clear_r2,lead_opt_r2,cross,lead,cross_clear,lead_opt,cross_clear|v6|d6,lead_opt|v6|s6,0,0,0,0.0,0.158088,0.4898
cross_clear_r2,lead_opt_r3,cross,lead,cross_clear,lead_opt,cross_clear|v6|d6,lead_opt|v7|s6,0,0,0,1.0,0.158088,0.4898
cross_clear_r2,lead_opt_r4,cross,lead,cross_clear,lead_opt,cross_clear|v6|d6,lead_opt|v7|s6,0,0,0,1.0,0.158088,0.4898
cross_clear_r2,lead_opt_r5,cross,lead,cross_clear,lead_opt,cross_clear|v6|d6,lead_opt|v8|s7,0,0,0,2.0,0.158088,0.4898
cross_clear_r2,lead_opt_r6,cross,lead,cross_clear,lead_opt,cross_clear|v6|d6,lead_opt|v8|s7,0,0,0,2.0,0.158088,0.4898
cross_clear_r2,lead_opt_r7,cross,lead,cross_clear,lead_opt,cross_clear|v6|d6,lead_opt|v9|s7,0,0,0,3.0,0.158088,0.4898
cross_clear_r2,lead_opt_r8,cross,lead,cross_clear,lead_opt,cross_clear|v6|d6,lead_opt|v9|s7,0,0,0,3.0,0.158088,0.4898
cross_clear_r2,lead_opt_r9,cross,lead,cross_clear,lead_opt,cross_clear|v6|d6,lead_opt|v7|s6,0,0,0,1.0,0.158088,0.4898
cross_clear_r2,temp_opt_r1,cross,block_or_occupancy,cross_clear,temp_opt,cross_clear|v6|d6,temp_opt|v6|o6,0,0,0,0.0,0.158088,0.4898
cross_clear_r2,temp_opt_r10,cross,block_or_occupancy,cross_clear,temp_opt,cross_clear|v6|d6,temp_opt|v6|o7,0,0,0,0.0,0.158088,0.4898
cross_clear_r2,temp_opt_r11,cross,block_or_occupancy,cross_clear,temp_opt,cross_clear|v6|d6,temp_opt|v7|o8,0,0,0,1.0,0.158088,0.4898
cross_clear_r2,temp_opt_r12,cross,block_or_occupancy,cross_clear,temp_opt,cross_clear|v6|d6,temp_opt|v8|o7,0,0,0,2.0,0.154825,0.4898
cross_clear_r2,temp_opt_r2,cross,block_or_occupancy,cross_clear,temp_opt,cross_clear|v6|d6,temp_opt|v6|o7,0,0,0,0.0,0.158088,0.4898
cross_clear_r2,temp_opt_r3,cross,block_or_occupancy,cross_clear,temp_opt,cross_clear|v6|d6,temp_opt|v6|o8,0,0,0,0.0,0.158088,0.4898
cross_clear_r2,temp_opt_r4,cross,block_or_occupancy,cross_clear,temp_opt,cross_clear|v6|d6,temp_opt|v7|o6,0,0,0,1.0,0.158088,0.4898
cross_clear_r2,temp_opt_r5,cross,block_or_occupancy,cross_clear,temp_opt,cross_clear|v6|d6,temp_opt|v7|o7,0,0,0,1.0,0.158088,0.4898
cross_clear_r2,temp_opt_r6,cross,block_or_occupancy,cross_clear,temp_opt,cross_clear|v6|d6,temp_opt|v7|o8,0,0,0,1.0,0.158088,0.4898
cross_clear_r2,temp_opt_r7,cross,block_or_occupancy,cross_clear,temp_opt,cross_clear|v6|d6,temp_opt|v8|o6,0,0,0,2.0,0.132763,0.4395
cross_clear_r2,temp_opt_r8,cross,block_or_occupancy,cross_clear,temp_opt,cross_clear|v6|d6,temp_opt|v8|o7,0,0,0,2.0,0.158088,0.4898
cross_clear_r2,temp_opt_r9,cross,block_or_occupancy,cross_clear,temp_opt,cross_clear|v6|d6,temp_opt|v8|o8,0,0,0,2.0,0.158088,0.4898
cross_clear_r3,cross_clear_r4,cross,cross,cross_clear,cross_clear,cross_clear|v6|d7,cross_clear|v6|d8,1,1,0,0.0,0.145413,0.4694
cross_clear_r3,cross_clear_r5,cross,cross,cross_clear,cross_clear,cross_clear|v6|d7,cross_clear|v7|d5,1,1,0,1.0,0.190162,0.4317
cross_clear_r3,cross_clear_r6,cross,cross,cross_clear,cross_clear,cross_clear|v6|d7,cross_clear|v7|d6,1,1,0,1.0,0.37415,0.5818
cross_clear_r3,cross_clear_r7,cross,cross,cross_clear,cross_clear,cross_clear|v6|d7,cross_clear|v7|d7,1,1,0,1.0,0.071025,0.2065
cross_clear_r3,cross_clear_r8,cross,cross,cross_clear,cross_clear,cross_clear|v6|d7,cross_clear|v7|d8,1,1,0,1.0,0.204538,0.4463
cross_clear_r3,cross_clear_r9,cross,cross,cross_clear,cross_clear,cross_clear|v6|d7,cross_clear|v8|d5,1,1,0,2.0,0.336213,1.0
cross_clear_r3,cross_stall_occ_r1,cross,cross,cross_clear,cross_stall_occ,cross_clear|v6|d7,cross_stall_occ|v6|d6,1,0,0,0.0,0.8407,1.0
cross_clear_r3,cross_stall_occ_r10,cross,cross,cross_clear,cross_stall_occ,cross_clear|v6|d7,cross_stall_occ|v7|d7,1,0,0,1.0,0.809012,1.0
cross_clear_r3,cross_stall_occ_r11,cross,cross,cross_clear,cross_stall_occ,cross_clear|v6|d7,cross_stall_occ|v8|d7,1,0,0,2.0,0.8792,1.0
cross_clear_r3,cross_stall_occ_r12,cross,cross,cross_clear,cross_stall_occ,cross_clear|v6|d7,cross_stall_occ|v8|d8,1,0,0,2.0,0.851263,1.0
cross_clear_r3,cross_stall_occ_r2,cross,cross,cross_clear,cross_stall_occ,cross_clear|v6|d7,cross_stall_occ|v6|d7,1,0,0,0.0,0.809187,1.0
cross_clear_r3,cross_stall_occ_r3,cross,cross,cross_clear,cross_stall_occ,cross_clear|v6|d7,cross_stall_occ|v7|d7,1,0,0,1.0,0.831337,1.0
cross_clear_r3,cross_stall_occ_r4,cross,cross,cross_clear,cross_stall_occ,cross_clear|v6|d7,cross_stall_occ|v7|d7,1,0,0,1.0,0.789012,1.0
cross_clear_r3,cross_stall_occ_r5,cross,cross,cross_clear,cross_stall_occ,cross_clear|v6|d7,cross_stall_occ|v8|d7,1,0,0,2.0,0.851112,1.0
cross_clear_r3,cross_stall_occ_r6,cross,cross,cross_clear,cross_stall_occ,cross_clear|v6|d7,cross_stall_occ|v8|d8,1,0,0,2.0,0.851038,1.0
cross_clear_r3,cross_stall_occ_r7,cross,cross,cross_clear,cross_stall_occ,cross_clear|v6|d7,cross_stall_occ|v6|d6,1,0,0,0.0,0.8489,1.0
cross_clear_r3,cross_stall_occ_r8,cross,cross,cross_clear,cross_stall_occ,cross_clear|v6|d7,cross_stall_occ|v6|d7,1,0,0,0.0,0.81705,1.0
cross_clear_r3,cross_stall_occ_r9,cross,cross,cross_clear,cross_stall_occ,cross_clear|v6|d7,cross_stall_occ|v7|d7,1,0,0,1.0,0.838725,1.0
cross_clear_r3,cross_stall_r1,cross,cross,cross_clear,cross_stall,cross_clear|v6|d7,cross_stall|v6|d6,1,0,0,0.0,0.01805,0.1264
cross_clear_r3,cross_stall_r10,cross,cross,cross_clear,cross_stall,cross_clear|v6|d7,cross_stall|v7|d7,1,0,0,1.0,0.01805,0.1264
cross_clear_r3,cross_stall_r11,cross,cross,cross_clear,cross_stall,cross_clear|v6|d7,cross_stall|v8|d7,1,0,0,2.0,0.021312,0.1264
cross_clear_r3,cross_stall_r12,cross,cross,cross_clear,cross_stall,cross_clear|v6|d7,cross_stall|v8|d8,1,0,0,2.0,0.01805,0.1264
cross_clear_r3,cross_stall_r2,cross,cross,cross_clear,cross_stall,cross_clear|v6|d7,cross_stall|v6|d6,1,0,0,0.0,0.01805,0.1264
cross_clear_r3,cross_stall_r3,cross,cross,cross_clear,cross_stall,cross_clear|v6|d7,cross_stall|v7|d6,1,0,0,1.0,0.022975,0.1264
cross_clear_r3,cross_stall_r4,cross,cross,cross_clear,cross_stall,cross_clear|v6|d7,cross_stall|v7|d7,1,0,0,1.0,0.01805,0.1264
cross_clear_r3,cross_stall_r5,cross,cross,cross_clear,cross_stall,cross_clear|v6|d7,cross_stall|v8|d7,1,0,0,2.0,0.0507,0.2167
cross_clear_r3,cross_stall_r6,cross,cross,cross_clear,cross_stall,cross_clear|v6|d7,cross_stall|v8|d8,1,0,0,2.0,0.01805,0.1264
cross_clear_r3,cross_stall_r7,cross,cross,cross_clear,cross_stall,cross_clear|v6|d7,cross_stall|v6|d6,1,0,0,0.0,0.01805,0.1264
cross_clear_r3,cross_stall_r8,cross,cross,cross_clear,cross_stall,cross_clear|v6|d7,cross_stall|v6|d6,1,0,0,0.0,0.01805,0.1264
cross_clear_r3,cross_stall_r9,cross,cross,cross_clear,cross_stall,cross_clear|v6|d7,cross_stall|v7|d6,1,0,0,1.0,0.01805,0.1264
cross_clear_r3,lead_cont_r1,cross,lead,cross_clear,lead_cont,cross_clear|v6|d7,lead_cont|v6|s5,0,0,0,0.0,0.811713,1.0
cross_clear_r3,lead_cont_r10,cross,lead,cross_clear,lead_cont,cross_clear|v6|d7,lead_cont|v9|s8,0,0,0,3.0,0.753225,1.0
cross_clear_r3,lead_cont_r11,cross,lead,cross_clear,lead_cont,cross_clear|v6|d7,lead_cont|v7|s6,0,0,0,1.0,0.769425,1.0
cross_clear_r3,lead_cont_r12,cross,lead,cross_clear,lead_cont,cross_clear|v6|d7,lead_cont|v8|s7,0,0,0,2.0,0.738425,1.0
cross_clear_r3,lead_cont_r2,cross,lead,cross_clear,lead_cont,cross_clear|v6|d7,lead_cont|v6|s5,0,0,0,0.0,0.738587,1.0
cross_clear_r3,lead_cont_r3,cross,lead,cross_clear,lead_cont,cross_clear|v6|d7,lead_cont|v7|s5,0,0,0,1.0,0.764663,1.0
cross_clear_r3,lead_cont_r4,cross,lead,cross_clear,lead_cont,cross_clear|v6|d7,lead_cont|v7|s6,0,0,0,1.0,0.719875,1.0
cross_clear_r3,lead_cont_r5,cross,lead,cross_clear,lead_cont,cross_clear|v6|d7,lead_cont|v8|s6,0,0,0,2.0,0.785362,1.0
cross_clear_r3,lead_cont_r6,cross,lead,cross_clear,lead_cont,cross_clear|v6|d7,lead_cont|v8|s7,0,0,0,2.0,0.719862,1.0
cross_clear_r3,lead_cont_r7,cross,lead,cross_clear,lead_cont,cross_clear|v6|d7,lead_cont|v8|s7,0,0,0,2.0,0.738425,1.0
cross_clear_r3,lead_cont_r8,cross,lead,cross_clear,lead_cont,cross_clear|v6|d7,lead_cont|v9|s7,0,0,0,3.0,0.753225,1.0
cross_clear_r3,lead_cont_r9,cross,lead,cross_clear,lead_cont,cross_clear|v6|d7,lead_cont|v9|s8,0,0,0,3.0,0.749275,1.0
cross_clear_r3,lead_nec_r1,cross,lead,cross_clear,lead_nec,cross_clear|v6|d7,lead_nec|v6|s5,0,0,0,0.0,0.01805,0.1264
cross_clear_r3,lead_nec_r10,cross,lead,cross_clear,lead_nec,cross_clear|v6|d7,lead_nec|v9|s8,0,0,0,3.0,0.01805,0.1264
cross_clear_r3,lead_nec_r11,cross,lead,cross_clear,lead_nec,cross_clear|v6|d7,lead_nec|v7|s6,0,0,0,1.0,0.01805,0.1264
cross_clear_r3,lead_nec_r12,cross,lead,cross_clear,lead_nec,cross_clear|v6|d7,lead_nec|v8|s7,0,0,0,2.0,0.01805,0.1264
cross_clear_r3,lead_nec_r2,cross,lead,cross_clear,lead_nec,cross_clear|v6|d7,lead_nec|v6|s5,0,0,0,0.0,0.01805,0.1264
cross_clear_r3,lead_nec_r3,cross,lead,cross_clear,lead_nec,cross_clear|v6|d7,lead_nec|v7|s5,0,0,0,1.0,0.01805,0.1264
cross_clear_r3,lead_nec_r4,cross,lead,cross_clear,lead_nec,cross_clear|v6|d7,lead_nec|v7|s6,0,0,0,1.0,0.01805,0.1264
cross_clear_r3,lead_nec_r5,cross,lead,cross_clear,lead_nec,cross_clear|v6|d7,lead_nec|v8|s6,0,0,0,2.0,0.01805,0.1264
cross_clear_r3,lead_nec_r6,cross,lead,cross_clear,lead_nec,cross_clear|v6|d7,lead_nec|v8|s7,0,0,0,2.0,0.01805,0.1264
cross_clear_r3,lead_nec_r7,cross,lead,cross_clear,lead_nec,cross_clear|v6|d7,lead_nec|v8|s7,0,0,0,2.0,0.01805,0.1264
cross_clear_r3,lead_nec_r8,cross,lead,cross_clear,lead_nec,cross_clear|v6|d7,lead_nec|v9|s7,0,0,0,3.0,0.01805,0.1264
cross_clear_r3,lead_nec_r9,cross,lead,cross_clear,lead_nec,cross_clear|v6|d7,lead_nec|v9|s8,0,0,0,3.0,0.01805,0.1264
cross_clear_r3,lead_opt_r1,cross,lead,cross_clear,lead_opt,cross_clear|v6|d7,lead_opt|v6|s6,0,0,0,0.0,0.01805,0.1264
cross_clear_r3,lead_opt_r10,cross,lead,cross_clear,lead_opt,cross_clear|v6|d7,lead_opt|v8|s7,0,0,0,2.0,0.01805,0.1264
cross_clear_r3,lead_opt_r11,cross,lead,cross_clear,lead_opt,cross_clear|v6|d7,lead_opt|v6|s6,0,0,0,0.0,0.01805,0.1264
cross_clear_r3,lead_opt_r12,cross,lead,cross_clear,lead_opt,cross_clear|v6|d7,lead_opt|v7|s7,0,0,0,1.0,0.01805,0.1264
cross_clear_r3,lead_opt_r2,cross,lead,cross_clear,lead_opt,cross_clear|v6|d7,lead_opt|v6|s6,0,0,0,0.0,0.01805,0.1264
cross_clear_r3,lead_opt_r3,cross,lead,cross_clear,lead_opt,cross_clear|v6|d7,lead_opt|v7|s6,0,0,0,1.0,0.01805,0.1264
cross_clear_r3,lead_opt_r4,cross,lead,cross_clear,lead_opt,cross_clear|v6|d7,lead_opt|v7|s6,0,0,0,1.0,0.01805,0.1264
cross_clear_r3,lead_opt_r5,cross,lead,cross_clear,lead_opt,cross_clear|v6|d7,lead_opt|v8|s7,0,0,0,2.0,0.01805,0.1264
cross_clear_r3,lead_opt_r6,cross,lead,cross_clear,lead_opt,cross_clear|v6|d7,lead_opt|v8|s7,0,0,0,2.0,0.01805,0.1264
cross_clear_r3,lead_opt_r7,cross,lead,cross_clear,lead_opt,cross_clear|v6|d7,lead_opt|v9|s7,0,0,0,3.0,0.01805,0.1264
cross_clear_r3,lead_opt_r8,cross,lead,cross_clear,lead_opt,cross_clear|v6|d7,lead_opt|v9|s7,0,0,0,3.0,0.01805,0.1264
cross_clear_r3,lead_opt_r9,cross,lead,cross_clear,lead_opt,cross_clear|v6|d7,lead_opt|v7|s6,0,0,0,1.0,0.01805,0.1264
cross_clear_r3,temp_opt_r1,cross,block_or_occupancy,cross_clear,temp_opt,cross_clear|v6|d7,temp_opt|v6|o6,0,0,0,0.0,0.01805,0.1264
cross_clear_r3,temp_opt_r10,cross,block_or_occupancy,cross_clear,temp_opt,cross_clear|v6|d7,temp_opt|v6|o7,0,0,0,0.0,0.01805,0.1264
cross_clear_r3,temp_opt_r11,cross,block_or_occupancy,cross_clear,temp_opt,cross_clear|v6|d7,temp_opt|v7|o8,0,0,0,1.0,0.01805,0.1264
cross_clear_r3,temp_opt_r12,cross,block_or_occupancy,cross_clear,temp_opt,cross_clear|v6|d7,temp_opt|v8|o7,0,0,0,2.0,0.021312,0.1264
cross_clear_r3,temp_opt_r2,cross,block_or_occupancy,cross_clear,temp_opt,cross_clear|v6|d7,temp_opt|v6|o7,0,0,0,0.0,0.01805,0.1264
cross_clear_r3,temp_opt_r3,cross,block_or_occupancy,cross_clear,temp_opt,cross_clear|v6|d7,temp_opt|v6|o8,0,0,0,0.0,0.01805,0.1264
cross_clear_r3,temp_opt_r4,cross,block_or_occupancy,cross_clear,temp_opt,cross_clear|v6|d7,temp_opt|v7|o6,0,0,0,1.0,0.01805,0.1264
cross_clear_r3,temp_opt_r5,cross,block_or_occupancy,cross_clear,temp_opt,cross_clear|v6|d7,temp_opt|v7|o7,0,0,0,1.0,0.01805,0.1264
cross_clear_r3,temp_opt_r6,cross,block_or_occupancy,cross_clear,temp_opt,cross_clear|v6|d7,temp_opt|v7|o8,0,0,0,1.0,0.01805,0.1264
cross_clear_r3,temp_opt_r7,cross,block_or_occupancy,cross_clear,temp_opt,cross_clear|v6|d7,temp_opt|v8|o6,0,0,0,2.0,0.041125,0.1523
cross_clear_r3,temp_opt_r8,cross,block_or_occupancy,cross_clear,temp_opt,cross_clear|v6|d7,temp_opt|v8|o7,0,0,0,2.0,0.01805,0.1264
cross_clear_r3,temp_opt_r9,cross,block_or_occupancy,cross_clear,temp_opt,cross_clear|v6|d7,temp_opt|v8|o8,0,0,0,2.0,0.01805,0.1264
cross_clear_r4,cross_clear_r5,cross,cross,cross_clear,cross_clear,cross_clear|v6|d8,cross_clear|v7|d5,1,1,0,1.0,0.218375,0.4694
cross_clear_r4,cross_clear_r6,cross,cross,cross_clear,cross_clear,cross_clear|v6|d8,cross_clear|v7|d6,1,1,0,1.0,0.228738,0.4748
cross_clear_r4,cross_clear_r7,cross,cross,cross_clear,cross_clear,cross_clear|v6|d8,cross_clear|v7|d7,1,1,0,1.0,0.129062,0.4694
cross_clear_r4,cross_clear_r8,cross,cross,cross_clear,cross_clear,cross_clear|v6|d8,cross_clear|v7|d8,1,1,0,1.0,0.0761,0.2462
cross_clear_r4,cross_clear_r9,cross,cross,cross_clear,cross_clear,cross_clear|v6|d8,cross_clear|v8|d5,1,1,0,2.0,0.423025,1.0
cross_clear_r4,cross_stall_occ_r1,cross,cross,cross_clear,cross_stall_occ,cross_clear|v6|d8,cross_stall_occ|v6|d6,1,0,0,0.0,0.753888,1.0
cross_clear_r4,cross_stall_occ_r10,cross,cross,cross_clear,cross_stall_occ,cross_clear|v6|d8,cross_stall_occ|v7|d7,1,0,0,1.0,0.7222,1.0
cross_clear_r4,cross_stall_occ_r11,cross,cross,cross_clear,cross_stall_occ,cross_clear|v6|d8,cross_stall_occ|v8|d7,1,0,0,2.0,0.792388,1.0
cross_clear_r4,cross_stall_occ_r12,cross,cross,cross_clear,cross_stall_occ,cross_clear|v6|d8,cross_stall_occ|v8|d8,1,0,0,2.0,0.76445,1.0
cross_clear_r4,cross_stall_occ_r2,cross,cross,cross_clear,cross_stall_occ,cross_clear|v6|d8,cross_stall_occ|v6|d7,1,0,0,0.0,0.722375,1.0
cross_clear_r4,cross_stall_occ_r3,cross,cross,cross_clear,cross_stall_occ,cross_clear|v6|d8,cross_stall_occ|v7|d7,1,0,0,1.0,0.744525,1.0
cross_clear_r4,cross_stall_occ_r4,cross,cross,cross_clear,cross_stall_occ,cross_clear|v6|d8,cross_stall_occ|v7|d7,1,0,0,1.0,0.7022,1.0
cross_clear_r4,cross_stall_occ_r5,cross,cross,cross_clear,cross_stall_occ,cross_clear|v6|d8,cross_stall_occ|v8|d7,1,0,0,2.0,0.7643,1.0
cross_clear_r4,cross_stall_occ_r6,cross,cross,cross_clear,cross_stall_occ,cross_clear|v6|d8,cross_stall_occ|v8|d8,1,0,0,2.0,0.764225,1.0
cross_clear_r4,cross_stall_occ_r7,cross,cross,cross_clear,cross_stall_occ,cross_clear|v6|d8,cross_stall_occ|v6|d6,1,0,0,0.0,0.762088,1.0
cross_clear_r4,cross_stall_occ_r8,cross,cross,cross_clear,cross_stall_occ,cross_clear|v6|d8,cross_stall_occ|v6|d7,1,0,0,0.0,0.730237,1.0
cross_clear_r4,cross_stall_occ_r9,cross,cross,cross_clear,cross_stall_occ,cross_clear|v6|d8,cross_stall_occ|v7|d7,1,0,0,1.0,0.751912,1.0
cross_clear_r4,cross_stall_r1,cross,cross,cross_clear,cross_stall,cross_clear|v6|d8,cross_stall|v6|d6,1,0,0,0.0,0.163463,0.4694
cross_clear_r4,cross_stall_r10,cross,cross,cross_clear,cross_stall,cross_clear|v6|d8,cross_stall|v7|d7,1,0,0,1.0,0.163463,0.4694
cross_clear_r4,cross_stall_r11,cross,cross,cross_clear,cross_stall,cross_clear|v6|d8,cross_stall|v8|d7,1,0,0,2.0,0.1602,0.4433
cross_clear_r4,cross_stall_r12,cross,cross,cross_clear,cross_stall,cross_clear|v6|d8,cross_stall|v8|d8,1,0,0,2.0,0.163463,0.4694
cross_clear_r4,cross_stall_r2,cross,cross,cross_clear,cross_stall,cross_clear|v6|d8,cross_stall|v6|d6,1,0,0,0.0,0.163463,0.4694
cross_clear_r4,cross_stall_r3,cross,cross,cross_clear,cross_stall,cross_clear|v6|d8,cross_stall|v7|d6,1,0,0,1.0,0.158537,0.43
cross_clear_r4,cross_stall_r4,cross,cross,cross_clear,cross_stall,cross_clear|v6|d8,cross_stall|v7|d7,1,0,0,1.0,0.163463,0.4694
cross_clear_r4,cross_stall_r5,cross,cross,cross_clear,cross_stall,cross_clear|v6|d8,cross_stall|v8|d7,1,0,0,2.0,0.128562,0.3327
cross_clear_r4,cross_stall_r6,cross,cross,cross_clear,cross_stall,cross_clear|v6|d8,cross_stall|v8|d8,1,0,0,2.0,0.163463,0.4694
cross_clear_r4,cross_stall_r7,cross,cross,cross_clear,cross_stall,cross_clear|v6|d8,cross_stall|v6|d6,1,0,0,0.0,0.163463,0.4694
cross_clear_r4,cross_stall_r8,cross,cross,cross_clear,cross_stall,cross_clear|v6|d8,cross_stall|v6|d6,1,0,0,0.0,0.163463,0.4694
cross_clear_r4,cross_stall_r9,cross,cross,cross_clear,cross_stall,cross_clear|v6|d8,cross_stall|v7|d6,1,0,0,1.0,0.163463,0.4694
cross_clear_r4,lead_cont_r1,cross,lead,cross_clear,lead_cont,cross_clear|v6|d8,lead_cont|v6|s5,0,0,0,0.0,0.7249,1.0
cross_clear_r4,lead_cont_r10,cross,lead,cross_clear,lead_cont,cross_clear|v6|d8,lead_cont|v9|s8,0,0,0,3.0,0.666413,1.0
cross_clear_r4,lead_cont_r11,cross,lead,cross_clear,lead_cont,cross_clear|v6|d8,lead_cont|v7|s6,0,0,0,1.0,0.682612,1.0
cross_clear_r4,lead_cont_r12,cross,lead,cross_clear,lead_cont,cross_clear|v6|d8,lead_cont|v8|s7,0,0,0,2.0,0.651612,1.0
cross_clear_r4,lead_cont_r2,cross,lead,cross_clear,lead_cont,cross_clear|v6|d8,lead_cont|v6|s5,0,0,0,0.0,0.651775,1.0
cross_clear_r4,lead_cont_r3,cross,lead,cross_clear,lead_cont,cross_clear|v6|d8,lead_cont|v7|s5,0,0,0,1.0,0.67785,1.0
cross_clear_r4,lead_cont_r4,cross,lead,cross_clear,lead_cont,cross_clear|v6|d8,lead_cont|v7|s6,0,0,0,1.0,0.633063,1.0
cross_clear_r4,lead_cont_r5,cross,lead,cross_clear,lead_cont,cross_clear|v6|d8,lead_cont|v8|s6,0,0,0,2.0,0.69855,1.0
cross_clear_r4,lead_cont_r6,cross,lead,cross_clear,lead_cont,cross_clear|v6|d8,lead_cont|v8|s7,0,0,0,2.0,0.63305,1.0
cross_clear_r4,lead_cont_r7,cross,lead,cross_clear,lead_cont,cross_clear|v6|d8,lead_cont|v8|s7,0,0,0,2.0,0.651612,1.0
cross_clear_r4,lead_cont_r8,cross,lead,cross_clear,lead_cont,cross_clear|v6|d8,lead_cont|v9|s7,0,0,0,3.0,0.666413,1.0
cross_clear_r4,lead_cont_r9,cross,lead,cross_clear,lead_cont,cross_clear|v6|d8,lead_cont|v9|s8,0,0,0,3.0,0.662462,1.0
cross_clear_r4,lead_nec_r1,cross,lead,cross_clear,lead_nec,cross_clear|v6|d8,lead_nec|v6|s5,0,0,0,0.0,0.163463,0.4694
cross_clear_r4,lead_nec_r10,cross,lead,cross_clear,lead_nec,cross_clear|v6|d8,lead_nec|v9|s8,0,0,0,3.0,0.163463,0.4694
cross_clear_r4,lead_nec_r11,cross,lead,cross_clear,lead_nec,cross_clear|v6|d8,lead_nec|v7|s6,0,0,0,1.0,0.163463,0.4694
cross_clear_r4,lead_nec_r12,cross,lead,cross_clear,lead_nec,cross_clear|v6|d8,lead_nec|v8|s7,0,0,0,2.0,0.163463,0.4694
cross_clear_r4,lead_nec_r2,cross,lead,cross_clear,lead_nec,cross_clear|v6|d8,lead_nec|v6|s5,0,0,0,0.0,0.163463,0.4694
cross_clear_r4,lead_nec_r3,cross,lead,cross_clear,lead_nec,cross_clear|v6|d8,lead_nec|v7|s5,0,0,0,1.0,0.163463,0.4694
cross_clear_r4,lead_nec_r4,cross,lead,cross_clear,lead_nec,cross_clear|v6|d8,lead_nec|v7|s6,0,0,0,1.0,0.163463,0.4694
cross_clear_r4,lead_nec_r5,cross,lead,cross_clear,lead_nec,cross_clear|v6|d8,lead_nec|v8|s6,0,0,0,2.0,0.163463,0.4694
cross_clear_r4,lead_nec_r6,cross,lead,cross_clear,lead_nec,cross_clear|v6|d8,lead_nec|v8|s7,0,0,0,2.0,0.163463,0.4694
cross_clear_r4,lead_nec_r7,cross,lead,cross_clear,lead_nec,cross_clear|v6|d8,lead_nec|v8|s7,0,0,0,2.0,0.163463,0.4694
cross_clear_r4,lead_nec_r8,cross,lead,cross_clear,lead_nec,cross_clear|v6|d8,lead_nec|v9|s7,0,0,0,3.0,0.163463,0.4694
cross_clear_r4,lead_nec_r9,cross,lead,cross_clear,lead_nec,cross_clear|v6|d8,lead_nec|v9|s8,0,0,0,3.0,0.163463,0.4694
cross_clear_r4,lead_opt_r1,cross,lead,cross_clear,lead_opt,cross_clear|v6|d8,lead_opt|v6|s6,0,0,0,0.0,0.163463,0.4694
cross_clear_r4,lead_opt_r10,cross,lead,cross_clear,lead_opt,cross_clear|v6|d8,lead_opt|v8|s7,0,0,0,2.0,0.163463,0.4694
cross_clear_r4,lead_opt_r11,cross,lead,cross_clear,lead_opt,cross_clear|v6|d8,lead_opt|v6|s6,0,0,0,0.0,0.163463,0.4694
cross_clear_r4,lead_opt_r12,cross,lead,cross_clear,lead_opt,cross_clear|v6|d8,lead_opt|v7|s7,0,0,0,1.0,0.163463,0.4694
cross_clear_r4,lead_opt_r2,cross,lead,cross_clear,lead_opt,cross_clear|v6|d8,lead_opt|v6|s6,0,0,0,0.0,0.163463,0.4694
cross_clear_r4,lead_opt_r3,cross,lead,cross_clear,lead_opt,cross_clear|v6|d8,lead_opt|v7|s6,0,0,0,1.0,0.163463,0.4694
cross_clear_r4,lead_opt_r4,cross,lead,cross_clear,lead_opt,cross_clear|v6|d8,lead_opt|v7|s6,0,0,0,1.0,0.163463,0.4694
cross_clear_r4,lead_opt_r5,cross,lead,cross_clear,lead_opt,cross_clear|v6|d8,lead_opt|v8|s7,0,0,0,2.0,0.163463,0.4694
cross_clear_r4,lead_opt_r6,cross,lead,cross_clear,lead_opt,cross_clear|v6|d8,lead_opt|v8|s7,0,0,0,2.0,0.163463,0.4694
cross_clear_r4,lead_opt_r7,cross,lead,cross_clear,lead_opt,cross_clear|v6|d8,lead_opt|v9|s7,0,0,0,3.0,0.163463,0.4694
cross_clear_r4,lead_opt_r8,cross,lead,cross_clear,lead_opt,cross_clear|v6|d8,lead_opt|v9|s7,0,0,0,3.0,0.163463,0.4694
cross_clear_r4,lead_opt_r9,cross,lead,cross_clear,lead_opt,cross_clear|v6|d8,lead_opt|v7|s6,0,0,0,1.0,0.163463,0.4694
cross_clear_r4,temp_opt_r1,cross,block_or_occupancy,cross_clear,temp_opt,cross_clear|v6|d8,temp_opt|v6|o6,0,0,0,0.0,0.163463,0.4694
cross_clear_r4,temp_opt_r10,cross,block_or_occupancy,cross_clear,temp_opt,cross_clear|v6|d8,temp_opt|v6|o7,0,0,0,0.0,0.163463,0.4694
cross_clear_r4,temp_opt_r11,cross,block_or_occupancy,cross_clear,temp_opt,cross_clear|v6|d8,temp_opt|v7|o8,0,0,0,1.0,0.163463,0.4694
cross_clear_r4,temp_opt_r12,cross,block_or_occupancy,cross_clear,temp_opt,cross_clear|v6|d8,temp_opt|v8|o7,0,0,0,2.0,0.1602,0.4433
cross_clear_r4,temp_opt_r2,cross,block_or_occupancy,cross_clear,temp_opt,cross_clear|v6|d8,temp_opt|v6|o7,0,0,0,0.0,0.163463,0.4694
cross_clear_r4,temp_opt_r3,cross,block_or_occupancy,cross_clear,temp_opt,cross_clear|v6|d8,temp_opt|v6|o8,0,0,0,0.0,0.163463,0.4694
cross_clear_r4,temp_opt_r4,cross,block_or_occupancy,cross_clear,temp_opt,cross_clear|v6|d8,temp_opt|v7|o6,0,0,0,1.0,0.163463,0.4694
cross_clear_r4,temp_opt_r5,cross,block_or_occupancy,cross_clear,temp_opt,cross_clear|v6|d8,temp_opt|v7|o7,0,0,0,1.0,0.163463,0.4694
cross_clear_r4,temp_opt_r6,cross,block_or_occupancy,cross_clear,temp_opt,cross_clear|v6|d8,temp_opt|v7|o8,0,0,0,1.0,0.163463,0.4694
cross_clear_r4,temp_opt_r7,cross,block_or_occupancy,cross_clear,temp_opt,cross_clear|v6|d8,temp_opt|v8|o6,0,0,0,2.0,0.138137,0.3327
cross_clear_r4,temp_opt_r8,cross,block_or_occupancy,cross_clear,temp_opt,cross_clear|v6|d8,temp_opt|v8|o7,0,0,0,2.0,0.163463,0.4694
cross_clear_r4,temp_opt_r9,cross,block_or_occupancy,cross_clear,temp_opt,cross_clear|v6|d8,temp_opt|v8|o8,0,0,0,2.0,0.163463,0.4694
cross_clear_r5,cross_clear_r6,cross,cross,cross_clear,cross_clear,cross_clear|v7|d5,cross_clear|v7|d6,1,1,0,0.0,0.203637,0.5908
cross_clear_r5,cross_clear_r7,cross,cross,cross_clear,cross_clear,cross_clear|v7|d5,cross_clear|v7|d7,1,1,0,0.0,0.119138,0.2947
cross_clear_r5,cross_clear_r8,cross,cross,cross_clear,cross_clear,cross_clear|v7|d5,cross_clear|v7|d8,1,1,0,0.0,0.1599,0.4463
cross_clear_r5,cross_clear_r9,cross,cross,cross_clear,cross_clear,cross_clear|v7|d5,cross_clear|v8|d5,1,1,0,1.0,0.335087,1.0
cross_clear_r5,cross_stall_occ_r1,cross,cross,cross_clear,cross_stall_occ,cross_clear|v7|d5,cross_stall_occ|v6|d6,1,0,0,1.0,0.797825,1.0
cross_clear_r5,cross_stall_occ_r10,cross,cross,cross_clear,cross_stall_occ,cross_clear|v7|d5,cross_stall_occ|v7|d7,1,0,0,0.0,0.722137,1.0
cross_clear_r5,cross_stall_occ_r11,cross,cross,cross_clear,cross_stall_occ,cross_clear|v7|d5,cross_stall_occ|v8|d7,1,0,0,1.0,0.836325,1.0
cross_clear_r5,cross_stall_occ_r12,cross,cross,cross_clear,cross_stall_occ,cross_clear|v7|d5,cross_stall_occ|v8|d8,1,0,0,1.0,0.808388,1.0
cross_clear_r5,cross_stall_occ_r2,cross,cross,cross_clear,cross_stall_occ,cross_clear|v7|d5,cross_stall_occ|v6|d7,1,0,0,1.0,0.766312,1.0
cross_clear_r5,cross_stall_occ_r3,cross,cross,cross_clear,cross_stall_occ,cross_clear|v7|d5,cross_stall_occ|v7|d7,1,0,0,0.0,0.744463,1.0
cross_clear_r5,cross_stall_occ_r4,cross,cross,cross_clear,cross_stall_occ,cross_clear|v7|d5,cross_stall_occ|v7|d7,1,0,0,0.0,0.702137,1.0
cross_clear_r5,cross_stall_occ_r5,cross,cross,cross_clear,cross_stall_occ,cross_clear|v7|d5,cross_stall_occ|v8|d7,1,0,0,1.0,0.808238,1.0
cross_clear_r5,cross_stall_occ_r6,cross,cross,cross_clear,cross_stall_occ,cross_clear|v7|d5,cross_stall_occ|v8|d8,1,0,0,1.0,0.808163,1.0
cross_clear_r5,cross_stall_occ_r7,cross,cross,cross_clear,cross_stall_occ,cross_clear|v7|d5,cross_stall_occ|v6|d6,1,0,0,1.0,0.806025,1.0
cross_clear_r5,cross_stall_occ_r8,cross,cross,cross_clear,cross_stall_occ,cross_clear|v7|d5,cross_stall_occ|v6|d7,1,0,0,1.0,0.774175,1.0
cross_clear_r5,cross_stall_occ_r9,cross,cross,cross_clear,cross_stall_occ,cross_clear|v7|d5,cross_stall_occ|v7|d7,1,0,0,0.0,0.75185,1.0
cross_clear_r5,cross_stall_r1,cross,cross,cross_clear,cross_stall,cross_clear|v7|d5,cross_stall|v6|d6,1,0,0,1.0,0.205962,0.5581
cross_clear_r5,cross_stall_r10,cross,cross,cross_clear,cross_stall,cross_clear|v7|d5,cross_stall|v7|d7,1,0,0,0.0,0.205962,0.5581
cross_clear_r5,cross_stall_r11,cross,cross,cross_clear,cross_stall,cross_clear|v7|d5,cross_stall|v8|d7,1,0,0,1.0,0.209225,0.5581
cross_clear_r5,cross_stall_r12,cross,cross,cross_clear,cross_stall,cross_clear|v7|d5,cross_stall|v8|d8,1,0,0,1.0,0.205962,0.5581
cross_clear_r5,cross_stall_r2,cross,cross,cross_clear,cross_stall,cross_clear|v7|d5,cross_stall|v6|d6,1,0,0,1.0,0.205962,0.5581
cross_clear_r5,cross_stall_r3,cross,cross,cross_clear,cross_stall,cross_clear|v7|d5,cross_stall|v7|d6,1,0,0,0.0,0.210888,0.5581
cross_clear_r5,cross_stall_r4,cross,cross,cross_clear,cross_stall,cross_clear|v7|d5,cross_stall|v7|d7,1,0,0,0.0,0.205962,0.5581
cross_clear_r5,cross_stall_r5,cross,cross,cross_clear,cross_stall,cross_clear|v7|d5,cross_stall|v8|d7,1,0,0,1.0,0.240863,0.5581
cross_clear_r5,cross_stall_r6,cross,cross,cross_clear,cross_stall,cross_clear|v7|d5,cross_stall|v8|d8,1,0,0,1.0,0.205962,0.5581
cross_clear_r5,cross_stall_r7,cross,cross,cross_clear,cross_stall,cross_clear|v7|d5,cross_stall|v6|d6,1,0,0,1.0,0.205962,0.5581
cross_clear_r5,cross_stall_r8,cross,cross,cross_clear,cross_stall,cross_clear|v7|d5,cross_stall|v6|d6,1,0,0,1.0,0.205962,0.5581
cross_clear_r5,cross_stall_r9,cross,cross,cross_clear,cross_stall,cross_clear|v7|d5,cross_stall|v7|d6,1,0,0,0.0,0.205962,0.5581
cross_clear_r5,lead_cont_r1,cross,lead,cross_clear,lead_cont,cross_clear|v7|d5,lead_cont|v6|s5,0,0,0,1.0,0.768838,1.0
cross_clear_r5,lead_cont_r10,cross,lead,cross_clear,lead_cont,cross_clear|v7|d5,lead_cont|v9|s8,0,0,0,2.0,0.71035,1.0
cross_clear_r5,lead_cont_r11,cross,lead,cross_clear,lead_cont,cross_clear|v7|d5,lead_cont|v7|s6,0,0,0,0.0,0.68255,1.0
cross_clear_r5,lead_cont_r12,cross,lead,cross_clear,lead_cont,cross_clear|v7|d5,lead_cont|v8|s7,0,0,0,1.0,0.69555,1.0
cross_clear_r5,lead_cont_r2,cross,lead,cross_clear,lead_cont,cross_clear|v7|d5,lead_cont|v6|s5,0,0,0,1.0,0.695712,1.0
cross_clear_r5,lead_cont_r3,cross,lead,cross_clear,lead_cont,cross_clear|v7|d5,lead_cont|v7|s5,0,0,0,0.0,0.677787,1.0
cross_clear_r5,lead_cont_r4,cross,lead,cross_clear,lead_cont,cross_clear|v7|d5,lead_cont|v7|s6,0,0,0,0.0,0.633,1.0
cross_clear_r5,lead_cont_r5,cross,lead,cross_clear,lead_cont,cross_clear|v7|d5,lead_cont|v8|s6,0,0,0,1.0,0.742487,1.0
cross_clear_r5,lead_cont_r6,cross,lead,cross_clear,lead_cont,cross_clear|v7|d5,lead_cont|v8|s7,0,0,0,1.0,0.676988,1.0
cross_clear_r5,lead_cont_r7,cross,lead,cross_clear,lead_cont,cross_clear|v7|d5,lead_cont|v8|s7,0,0,0,1.0,0.69555,1.0
cross_clear_r5,lead_cont_r8,cross,lead,cross_clear,lead_cont,cross_clear|v7|d5,lead_cont|v9|s7,0,0,0,2.0,0.71035,1.0
cross_clear_r5,lead_cont_r9,cross,lead,cross_clear,lead_cont,cross_clear|v7|d5,lead_cont|v9|s8,0,0,0,2.0,0.7064,1.0
cross_clear_r5,lead_nec_r1,cross,lead,cross_clear,lead_nec,cross_clear|v7|d5,lead_nec|v6|s5,0,0,0,1.0,0.205962,0.5581
cross_clear_r5,lead_nec_r10,cross,lead,cross_clear,lead_nec,cross_clear|v7|d5,lead_nec|v9|s8,0,0,0,2.0,0.205962,0.5581
cross_clear_r5,lead_nec_r11,cross,lead,cross_clear,lead_nec,cross_clear|v7|d5,lead_nec|v7|s6,0,0,0,0.0,0.205962,0.5581
cross_clear_r5,lead_nec_r12,cross,lead,cross_clear,lead_nec,cross_clear|v7|d5,lead_nec|v8|s7,0,0,0,1.0,0.205962,0.5581
cross_clear_r5,lead_nec_r2,cross,lead,cross_clear,lead_nec,cross_clear|v7|d5,lead_nec|v6|s5,0,0,0,1.0,0.205962,0.5581
cross_clear_r5,lead_nec_r3,cross,lead,cross_clear,lead_nec,cross_clear|v7|d5,lead_nec|v7|s5,0,0,0,0.0,0.205962,0.5581
cross_clear_r5,lead_nec_r4,cross,lead,cross_clear,lead_nec,cross_clear|v7|d5,lead_nec|v7|s6,0,0,0,0.0,0.205962,0.5581
cross_clear_r5,lead_nec_r5,cross,lead,cross_clear,lead_nec,cross_clear|v7|d5,lead_nec|v8|s6,0,0,0,1.0,0.205962,0.5581
cross_clear_r5,lead_nec_r6,cross,lead,cross_clear,lead_nec,cross_clear|v7|d5,lead_nec|v8|s7,0,0,0,1.0,0.205962,0.5581
cross_clear_r5,lead_nec_r7,cross,lead,cross_clear,lead_nec,cross_clear|v7|d5,lead_nec|v8|s7,0,0,0,1.0,0.205962,0.5581
cross_clear_r5,lead_nec_r8,cross,lead,cross_clear,lead_nec,cross_clear|v7|d5,lead_nec|v9|s7,0,0,0,2.0,0.205962,0.5581
cross_clear_r5,lead_nec_r9,cross,lead,cross_clear,lead_nec,cross_clear|v7|d5,lead_nec|v9|s8,0,0,0,2.0,0.205962,0.5581
cross_clear_r5,lead_opt_r1,cross,lead,cross_clear,lead_opt,cross_clear|v7|d5,lead_opt|v6|s6,0,0,0,1.0,0.205962,0.5581
cross_clear_r5,lead_opt_r10,cross,lead,cross_clear,lead_opt,cross_clear|v7|d5,lead_opt|v8|s7,0,0,0,1.0,0.205962,0.5581
cross_clear_r5,lead_opt_r11,cross,lead,cross_clear,lead_opt,cross_clear|v7|d5,lead_opt|v6|s6,0,0,0,1.0,0.205962,0.5581
cross_clear_r5,lead_opt_r12,cross,lead,cross_clear,lead_opt,cross_clear|v7|d5,lead_opt|v7|s7,0,0,0,0.0,0.205962,0.5581
cross_clear_r5,lead_opt_r2,cross,lead,cross_clear,lead_opt,cross_clear|v7|d5,lead_opt|v6|s6,0,0,0,1.0,0.205962,0.5581
cross_clear_r5,lead_opt_r3,cross,lead,cross_clear,lead_opt,cross_clear|v7|d5,lead_opt|v7|s6,0,0,0,0.0,0.205962,0.5581
cross_clear_r5,lead_opt_r4,cross,lead,cross_clear,lead_opt,cross_clear|v7|d5,lead_opt|v7|s6,0,0,0,0.0,0.205962,0.5581
cross_clear_r5,lead_opt_r5,cross,lead,cross_clear,lead_opt,cross_clear|v7|d5,lead_opt|v8|s7,0,0,0,1.0,0.205962,0.5581
cross_clear_r5,lead_opt_r6,cross,lead,cross_clear,lead_opt,cross_clear|v7|d5,lead_opt|v8|s7,0,0,0,1.0,0.205962,0.5581
cross_clear_r5,lead_opt_r7,cross,lead,cross_clear,lead_opt,cross_clear|v7|d5,lead_opt|v9|s7,0,0,0,2.0,0.205962,0.5581
cross_clear_r5,lead_opt_r8,cross,lead,cross_clear,lead_opt,cross_clear|v7|d5,lead_opt|v9|s7,0,0,0,2.0,0.205962,0.5581
cross_clear_r5,lead_opt_r9,cross,lead,cross_clear,lead_opt,cross_clear|v7|d5,lead_opt|v7|s6,0,0,0,0.0,0.205962,0.5581
cross_clear_r5,temp_opt_r1,cross,block_or_occupancy,cross_clear,temp_opt,cross_clear|v7|d5,temp_opt|v6|o6,0,0,0,1.0,0.205962,0.5581
cross_clear_r5,temp_opt_r10,cross,block_or_occupancy,cross_clear,temp_opt,cross_clear|v7|d5,temp_opt|v6|o7,0,0,0,1.0,0.205962,0.5581
cross_clear_r5,temp_opt_r11,cross,block_or_occupancy,cross_clear,temp_opt,cross_clear|v7|d5,temp_opt|v7|o8,0,0,0,0.0,0.205962,0.5581
cross_clear_r5,temp_opt_r12,cross,block_or_occupancy,cross_clear,temp_opt,cross_clear|v7|d5,temp_opt|v8|o7,0,0,0,1.0,0.209225,0.5581
cross_clear_r5,temp_opt_r2,cross,block_or_occupancy,cross_clear,temp_opt,cross_clear|v7|d5,temp_opt|v6|o7,0,0,0,1.0,0.205962,0.5581
cross_clear_r5,temp_opt_r3,cross,block_or_occupancy,cross_clear,temp_opt,cross_clear|v7|d5,temp_opt|v6|o8,0,0,0,1.0,0.205962,0.5581
cross_clear_r5,temp_opt_r4,cross,block_or_occupancy,cross_clear,temp_opt,cross_clear|v7|d5,temp_opt|v7|o6,0,0,0,0.0,0.205962,0.5581
cross_clear_r5,temp_opt_r5,cross,block_or_occupancy,cross_clear,temp_opt,cross_clear|v7|d5,temp_opt|v7|o7,0,0,0,0.0,0.205962,0.5581
cross_clear_r5,temp_opt_r6,cross,block_or_occupancy,cross_clear,temp_opt,cross_clear|v7|d5,temp_opt|v7|o8,0,0,0,0.0,0.205962,0.5581
cross_clear_r5,temp_opt_r7,cross,block_or_occupancy,cross_clear,temp_opt,cross_clear|v7|d5,temp_opt|v8|o6,0,0,0,1.0,0.231288,0.5581
cross_clear_r5,temp_opt_r8,cross,block_or_occupancy,cross_clear,temp_opt,cross_clear|v7|d5,temp_opt|v8|o7,0,0,0,1.0,0.205962,0.5581
cross_clear_r5,temp_opt_r9,cross,block_or_occupancy,cross_clear,temp_opt,cross_clear|v7|d5,temp_opt|v8|o8,0,0,0,1.0,0.205962,0.5581
cross_clear_r6,cross_clear_r7,cross,cross,cross_clear,cross_clear,cross_clear|v7|d6,cross_clear|v7|d7,1,1,0,0.0,0.305375,0.5908
cross_clear_r6,cross_clear_r8,cross,cross,cross_clear,cross_clear,cross_clear|v7|d6,cross_clear|v7|d8,1,1,0,0.0,0.169612,0.331
cross_clear_r6,cross_clear_r9,cross,cross,cross_clear,cross_clear,cross_clear|v7|d6,cross_clear|v8|d5,1,1,0,1.0,0.485025,1.0
cross_clear_r6,cross_stall_occ_r1,cross,cross,cross_clear,cross_stall_occ,cross_clear|v7|d6,cross_stall_occ|v6|d6,1,0,0,1.0,0.632663,1.0
cross_clear_r6,cross_stall_occ_r10,cross,cross,cross_clear,cross_stall_occ,cross_clear|v7|d6,cross_stall_occ|v7|d7,1,0,0,0.0,0.5272,1.0
cross_clear_r6,cross_stall_occ_r11,cross,cross,cross_clear,cross_stall_occ,cross_clear|v7|d6,cross_stall_occ|v8|d7,1,0,0,1.0,0.671162,1.0
cross_clear_r6,cross_stall_occ_r12,cross,cross,cross_clear,cross_stall_occ,cross_clear|v7|d6,cross_stall_occ|v8|d8,1,0,0,1.0,0.643225,1.0
cross_clear_r6,cross_stall_occ_r2,cross,cross,cross_clear,cross_stall_occ,cross_clear|v7|d6,cross_stall_occ|v6|d7,1,0,0,1.0,0.60115,1.0
cross_clear_r6,cross_stall_occ_r3,cross,cross,cross_clear,cross_stall_occ,cross_clear|v7|d6,cross_stall_occ|v7|d7,1,0,0,0.0,0.549525,1.0
cross_clear_r6,cross_stall_occ_r4,cross,cross,cross_clear,cross_stall_occ,cross_clear|v7|d6,cross_stall_occ|v7|d7,1,0,0,0.0,0.5072,1.0
cross_clear_r6,cross_stall_occ_r5,cross,cross,cross_clear,cross_stall_occ,cross_clear|v7|d6,cross_stall_occ|v8|d7,1,0,0,1.0,0.643075,1.0
cross_clear_r6,cross_stall_occ_r6,cross,cross,cross_clear,cross_stall_occ,cross_clear|v7|d6,cross_stall_occ|v8|d8,1,0,0,1.0,0.643,1.0
cross_clear_r6,cross_stall_occ_r7,cross,cross,cross_clear,cross_stall_occ,cross_clear|v7|d6,cross_stall_occ|v6|d6,1,0,0,1.0,0.640863,1.0
cross_clear_r6,cross_stall_occ_r8,cross,cross,cross_clear,cross_stall_occ,cross_clear|v7|d6,cross_stall_occ|v6|d7,1,0,0,1.0,0.609012,1.0
cross_clear_r6,cross_stall_occ_r9,cross,cross,cross_clear,cross_stall_occ,cross_clear|v7|d6,cross_stall_occ|v7|d7,1,0,0,0.0,0.556913,1.0
cross_clear_r6,cross_stall_r1,cross,cross,cross_clear,cross_stall,cross_clear|v7|d6,cross_stall|v6|d6,1,0,0,1.0,0.3922,0.5908
cross_clear_r6,cross_stall_r10,cross,cross,cross_clear,cross_stall,cross_clear|v7|d6,cross_stall|v7|d7,1,0,0,0.0,0.3922,0.5908
cross_clear_r6,cross_stall_r11,cross,cross,cross_clear,cross_stall,cross_clear|v7|d6,cross_stall|v8|d7,1,0,0,1.0,0.388937,0.5908
cross_clear_r6,cross_stall_r12,cross,cross,cross_clear,cross_stall,cross_clear|v7|d6,cross_stall|v8|d8,1,0,0,1.0,0.3922,0.5908
cross_clear_r6,cross_stall_r2,cross,cross,cross_clear,cross_stall,cross_clear|v7|d6,cross_stall|v6|d6,1,0,0,1.0,0.3922,0.5908
cross_clear_r6,cross_stall_r3,cross,cross,cross_clear,cross_stall,cross_clear|v7|d6,cross_stall|v7|d6,1,0,0,0.0,0.387275,0.5908
cross_clear_r6,cross_stall_r4,cross,cross,cross_clear,cross_stall,cross_clear|v7|d6,cross_stall|v7|d7,1,0,0,0.0,0.3922,0.5908
cross_clear_r6,cross_stall_r5,cross,cross,cross_clear,cross_stall,cross_clear|v7|d6,cross_stall|v8|d7,1,0,0,1.0,0.3573,0.5283
cross_clear_r6,cross_stall_r6,cross,cross,cross_clear,cross_stall,cross_clear|v7|d6,cross_stall|v8|d8,1,0,0,1.0,0.3922,0.5908
cross_clear_r6,cross_stall_r7,cross,cross,cross_clear,cross_stall,cross_clear|v7|d6,cross_stall|v6|d6,1,0,0,1.0,0.3922,0.5908
cross_clear_r6,cross_stall_r8,cross,cross,cross_clear,cross_stall,cross_clear|v7|d6,cross_stall|v6|d6,1,0,0,1.0,0.3922,0.5908
cross_clear_r6,cross_stall_r9,cross,cross,cross_clear,cross_stall,cross_clear|v7|d6,cross_stall|v7|d6,1,0,0,0.0,0.3922,0.5908
cross_clear_r6,lead_cont_r1,cross,lead,cross_clear,lead_cont,cross_clear|v7|d6,lead_cont|v6|s5,0,0,0,1.0,0.603675,1.0
cross_clear_r6,lead_cont_r10,cross,lead,cross_clear,lead_cont,cross_clear|v7|d6,lead_cont|v9|s8,0,0,0,2.0,0.53795,1.0
cross_clear_r6,lead_cont_r11,cross,lead,cross_clear,lead_cont,cross_clear|v7|d6,lead_cont|v7|s6,0,0,0,0.0,0.487613,1.0
cross_clear_r6,lead_cont_r12,cross,lead,cross_clear,lead_cont,cross_clear|v7|d6,lead_cont|v8|s7,0,0,0,1.0,0.551887,1.0
cross_clear_r6,lead_cont_r2,cross,lead,cross_clear,lead_cont,cross_clear|v7|d6,lead_cont|v6|s5,0,0,0,1.0,0.5493,1.0
cross_clear_r6,lead_cont_r3,cross,lead,cross_clear,lead_cont,cross_clear|v7|d6,lead_cont|v7|s5,0,0,0,0.0,0.48285,1.0
cross_clear_r6,lead_cont_r4,cross,lead,cross_clear,lead_cont,cross_clear|v7|d6,lead_cont|v7|s6,0,0,0,0.0,0.453863,1.0
cross_clear_r6,lead_cont_r5,cross,lead,cross_clear,lead_cont,cross_clear|v7|d6,lead_cont|v8|s6,0,0,0,1.0,0.577325,1.0
cross_clear_r6,lead_cont_r6,cross,lead,cross_clear,lead_cont,cross_clear|v7|d6,lead_cont|v8|s7,0,0,0,1.0,0.5593,1.0
cross_clear_r6,lead_cont_r7,cross,lead,cross_clear,lead_cont,cross_clear|v7|d6,lead_cont|v8|s7,0,0,0,1.0,0.551887,1.0
cross_clear_r6,lead_cont_r8,cross,lead,cross_clear,lead_cont,cross_clear|v7|d6,lead_cont|v9|s7,0,0,0,2.0,0.53795,1.0
cross_clear_r6,lead_cont_r9,cross,lead,cross_clear,lead_cont,cross_clear|v7|d6,lead_cont|v9|s8,0,0,0,2.0,0.534,1.0
cross_clear_r6,lead_nec_r1,cross,lead,cross_clear,lead_nec,cross_clear|v7|d6,lead_nec|v6|s5,0,0,0,1.0,0.3922,0.5908
cross_clear_r6,lead_nec_r10,cross,lead,cross_clear,lead_nec,cross_clear|v7|d6,lead_nec|v9|s8,0,0,0,2.0,0.3922,0.5908
cross_clear_r6,lead_nec_r11,cross,lead,cross_clear,lead_nec,cross_clear|v7|d6,lead_nec|v7|s6,0,0,0,0.0,0.3922,0.5908
cross_clear_r6,lead_nec_r12,cross,lead,cross_clear,lead_nec,cross_clear|v7|d6,lead_nec|v8|s7,0,0,0,1.0,0.3922,0.5908
cross_clear_r6,lead_nec_r2,cross,lead,cross_clear,lead_nec,cross_clear|v7|d6,lead_nec|v6|s5,0,0,0,1.0,0.3922,0.5908
cross_clear_r6,lead_nec_r3,cross,lead,cross_clear,lead_nec,cross_clear|v7|d6,lead_nec|v7|s5,0,0,0,0.0,0.3922,0.5908
cross_clear_r6,lead_nec_r4,cross,lead,cross_clear,lead_nec,cross_clear|v7|d6,lead_nec|v7|s6,0,0,0,0.0,0.3922,0.5908
cross_clear_r6,lead_nec_r5,cross,lead,cross_clear,lead_nec,cross_clear|v7|d6,lead_nec|v8|s6,0,0,0,1.0,0.3922,0.5908
cross_clear_r6,lead_nec_r6,cross,lead,cross_clear,lead_nec,cross_clear|v7|d6,lead_nec|v8|s7,0,0,0,1.0,0.3922,0.5908
cross_clear_r6,lead_nec_r7,cross,lead,cross_clear,lead_nec,cross_clear|v7|d6,lead_nec|v8|s7,0,0,0,1.0,0.3922,0.5908
cross_clear_r6,lead_nec_r8,cross,lead,cross_clear,lead_nec,cross_clear|v7|d6,lead_nec|v9|s7,0,0,0,2.0,0.3922,0.5908
cross_clear_r6,lead_nec_r9,cross,lead,cross_clear,lead_nec,cross_clear|v7|d6,lead_nec|v9|s8,0,0,0,2.0,0.3922,0.5908
cross_clear_r6,lead_opt_r1,cross,lead,cross_clear,lead_opt,cross_clear|v7|d6,lead_opt|v6|s6,0,0,0,1.0,0.3922,0.5908
cross_clear_r6,lead_opt_r10,cross,lead,cross_clear,lead_opt,cross_clear|v7|d6,lead_opt|v8|s7,0,0,0,1.0,0.3922,0.5908
cross_clear_r6,lead_opt_r11,cross,lead,cross_clear,lead_opt,cross_clear|v7|d6,lead_opt|v6|s6,0,0,0,1.0,0.3922,0.5908
cross_clear_r6,lead_opt_r12,cross,lead,cross_clear,lead_opt,cross_clear|v7|d6,lead_opt|v7|s7,0,0,0,0.0,0.3922,0.5908
cross_clear_r6,lead_opt_r2,cross,lead,cross_clear,lead_opt,cross_clear|v7|d6,lead_opt|v6|s6,0,0,0,1.0,0.3922,0.5908
cross_clear_r6,lead_opt_r3,cross,lead,cross_clear,lead_opt,cross_clear|v7|d6,lead_opt|v7|s6,0,0,0,0.0,0.3922,0.5908
cross_clear_r6,lead_opt_r4,cross,lead,cross_clear,lead_opt,cross_clear|v7|d6,lead_opt|v7|s6,0,0,0,0.0,0.3922,0.5908
cross_clear_r6,lead_opt_r5,cross,lead,cross_clear,lead_opt,cross_clear|v7|d6,lead_opt|v8|s7,0,0,0,1.0,0.3922,0.5908
cross_clear_r6,lead_opt_r6,cross,lead,cross_clear,lead_opt,cross_clear|v7|d6,lead_opt|v8|s7,0,0,0,1.0,0.3922,0.5908
cross_clear_r6,lead_opt_r7,cross,lead,cross_clear,lead_opt,cross_clear|v7|d6,lead_opt|v9|s7,0,0,0,2.0,0.3922,0.5908
cross_clear_r6,lead_opt_r8,cross,lead,cross_clear,lead_opt,cross_clear|v7|d6,lead_opt|v9|s7,0,0,0,2.0,0.3922,0.5908
cross_clear_r6,lead_opt_r9,cross,lead,cross_clear,lead_opt,cross_clear|v7|d6,lead_opt|v7|s6,0,0,0,0.0,0.3922,0.5908
cross_clear_r6,temp_opt_r1,cross,block_or_occupancy,cross_clear,temp_opt,cross_clear|v7|d6,temp_opt|v6|o6,0,0,0,1.0,0.3922,0.5908
cross_clear_r6,temp_opt_r10,cross,block_or_occupancy,cross_clear,temp_opt,cross_clear|v7|d6,temp_opt|v6|o7,0,0,0,1.0,0.3922,0.5908
cross_clear_r6,temp_opt_r11,cross,block_or_occupancy,cross_clear,temp_opt,cross_clear|v7|d6,temp_opt|v7|o8,0,0,0,0.0,0.3922,0.5908
cross_clear_r6,temp_opt_r12,cross,block_or_occupancy,cross_clear,temp_opt,cross_clear|v7|d6,temp_opt|v8|o7,0,0,0,1.0,0.388937,0.5908
cross_clear_r6,temp_opt_r2,cross,block_or_occupancy,cross_clear,temp_opt,cross_clear|v7|d6,temp_opt|v6|o7,0,0,0,1.0,0.3922,0.5908
cross_clear_r6,temp_opt_r3,cross,block_or_occupancy,cross_clear,temp_opt,cross_clear|v7|d6,temp_opt|v6|o8,0,0,0,1.0,0.3922,0.5908
cross_clear_r6,temp_opt_r4,cross,block_or_occupancy,cross_clear,temp_opt,cross_clear|v7|d6,temp_opt|v7|o6,0,0,0,0.0,0.3922,0.5908
cross_clear_r6,temp_opt_r5,cross,block_or_occupancy,cross_clear,temp_opt,cross_clear|v7|d6,temp_opt|v7|o7,0,0,0,0.0,0.3922,0.5908
cross_clear_r6,temp_opt_r6,cross,block_or_occupancy,cross_clear,temp_opt,cross_clear|v7|d6,temp_opt|v7|o8,0,0,0,0.0,0.3922,0.5908
cross_clear_r6,temp_opt_r7,cross,block_or_occupancy,cross_clear,temp_opt,cross_clear|v7|d6,temp_opt|v8|o6,0,0,0,1.0,0.366875,0.5405
cross_clear_r6,temp_opt_r8,cross,block_or_occupancy,cross_clear,temp_opt,cross_clear|v7|d6,temp_opt|v8|o7,0,0,0,1.0,0.3922,0.5908
cross_clear_r6,temp_opt_r9,cross,block_or_occupancy,cross_clear,temp_opt,cross_clear|v7|d6,temp_opt|v8|o8,0,0,0,1.0,0.3922,0.5908
cross_clear_r7,cross_clear_r8,cross,cross,cross_clear,cross_clear,cross_clear|v7|d7,cross_clear|v7|d8,1,1,0,0.0,0.135763,0.4463
cross_clear_r7,cross_clear_r9,cross,cross,cross_clear,cross_clear,cross_clear|v7|d7,cross_clear|v8|d5,1,1,0,1.0,0.3232,1.0
cross_clear_r7,cross_stall_occ_r1,cross,cross,cross_clear,cross_stall_occ,cross_clear|v7|d7,cross_stall_occ|v6|d6,1,0,0,1.0,0.834662,1.0
cross_clear_r7,cross_stall_occ_r10,cross,cross,cross_clear,cross_stall_occ,cross_clear|v7|d7,cross_stall_occ|v7|d7,1,0,0,0.0,0.783925,1.0
cross_clear_r7,cross_stall_occ_r11,cross,cross,cross_clear,cross_stall_occ,cross_clear|v7|d7,cross_stall_occ|v8|d7,1,0,0,1.0,0.873163,1.0
cross_clear_r7,cross_stall_occ_r12,cross,cross,cross_clear,cross_stall_occ,cross_clear|v7|d7,cross_stall_occ|v8|d8,1,0,0,1.0,0.845225,1.0
cross_clear_r7,cross_stall_occ_r2,cross,cross,cross_clear,cross_stall_occ,cross_clear|v7|d7,cross_stall_occ|v6|d7,1,0,0,1.0,0.80315,1.0
cross_clear_r7,cross_stall_occ_r3,cross,cross,cross_clear,cross_stall_occ,cross_clear|v7|d7,cross_stall_occ|v7|d7,1,0,0,0.0,0.80625,1.0
cross_clear_r7,cross_stall_occ_r4,cross,cross,cross_clear,cross_stall_occ,cross_clear|v7|d7,cross_stall_occ|v7|d7,1,0,0,0.0,0.763925,1.0
cross_clear_r7,cross_stall_occ_r5,cross,cross,cross_clear,cross_stall_occ,cross_clear|v7|d7,cross_stall_occ|v8|d7,1,0,0,1.0,0.845075,1.0
cross_clear_r7,cross_stall_occ_r6,cross,cross,cross_clear,cross_stall_occ,cross_clear|v7|d7,cross_stall_occ|v8|d8,1,0,0,1.0,0.845,1.0
cross_clear_r7,cross_stall_occ_r7,cross,cross,cross_clear,cross_stall_occ,cross_clear|v7|d7,cross_stall_occ|v6|d6,1,0,0,1.0,0.842862,1.0
cross_clear_r7,cross_stall_occ_r8,cross,cross,cross_clear,cross_stall_occ,cross_clear|v7|d7,cross_stall_occ|v6|d7,1,0,0,1.0,0.811013,1.0
cross_clear_r7,cross_stall_occ_r9,cross,cross,cross_clear,cross_stall_occ,cross_clear|v7|d7,cross_stall_occ|v7|d7,1,0,0,0.0,0.813638,1.0
cross_clear_r7,cross_stall_r1,cross,cross,cross_clear,cross_stall,cross_clear|v7|d7,cross_stall|v6|d6,1,0,0,1.0,0.086825,0.2694
cross_clear_r7,cross_stall_r10,cross,cross,cross_clear,cross_stall,cross_clear|v7|d7,cross_stall|v7|d7,1,0,0,0.0,0.086825,0.2694
cross_clear_r7,cross_stall_r11,cross,cross,cross_clear,cross_stall,cross_clear|v7|d7,cross_stall|v8|d7,1,0,0,1.0,0.090088,0.2694
cross_clear_r7,cross_stall_r12,cross,cross,cross_clear,cross_stall,cross_clear|v7|d7,cross_stall|v8|d8,1,0,0,1.0,0.086825,0.2694
cross_clear_r7,cross_stall_r2,cross,cross,cross_clear,cross_stall,cross_clear|v7|d7,cross_stall|v6|d6,1,0,0,1.0,0.086825,0.2694
cross_clear_r7,cross_stall_r3,cross,cross,cross_clear,cross_stall,cross_clear|v7|d7,cross_stall|v7|d6,1,0,0,0.0,0.09175,0.2694
cross_clear_r7,cross_stall_r4,cross,cross,cross_clear,cross_stall,cross_clear|v7|d7,cross_stall|v7|d7,1,0,0,0.0,0.086825,0.2694
cross_clear_r7,cross_stall_r5,cross,cross,cross_clear,cross_stall,cross_clear|v7|d7,cross_stall|v8|d7,1,0,0,1.0,0.121725,0.2694
cross_clear_r7,cross_stall_r6,cross,cross,cross_clear,cross_stall,cross_clear|v7|d7,cross_stall|v8|d8,1,0,0,1.0,0.086825,0.2694
cross_clear_r7,cross_stall_r7,cross,cross,cross_clear,cross_stall,cross_clear|v7|d7,cross_stall|v6|d6,1,0,0,1.0,0.086825,0.2694
cross_clear_r7,cross_stall_r8,cross,cross,cross_clear,cross_stall,cross_clear|v7|d7,cross_stall|v6|d6,1,0,0,1.0,0.086825,0.2694
cross_clear_r7,cross_stall_r9,cross,cross,cross_clear,cross_stall,cross_clear|v7|d7,cross_stall|v7|d6,1,0,0,0.0,0.086825,0.2694
cross_clear_r7,lead_cont_r1,cross,lead,cross_clear,lead_cont,cross_clear|v7|d7,lead_cont|v6|s5,0,0,0,1.0,0.805675,1.0
cross_clear_r7,lead_cont_r10,cross,lead,cross_clear,lead_cont,cross_clear|v7|d7,lead_cont|v9|s8,0,0,0,2.0,0.747188,1.0
cross_clear_r7,lead_cont_r11,cross,lead,cross_clear,lead_cont,cross_clear|v7|d7,lead_cont|v7|s6,0,0,0,0.0,0.744337,1.0
cross_clear_r7,lead_cont_r12,cross,lead,cross_clear,lead_cont,cross_clear|v7|d7,lead_cont|v8|s7,0,0,0,1.0,0.732387,1.0
cross_clear_r7,lead_cont_r2,cross,lead,cross_clear,lead_cont,cross_clear|v7|d7,lead_cont|v6|s5,0,0,0,1.0,0.73255,1.0
cross_clear_r7,lead_cont_r3,cross,lead,cross_clear,lead_cont,cross_clear|v7|d7,lead_cont|v7|s5,0,0,0,0.0,0.739575,1.0
cross_clear_r7,lead_cont_r4,cross,lead,cross_clear,lead_cont,cross_clear|v7|d7,lead_cont|v7|s6,0,0,0,0.0,0.694788,1.0
cross_clear_r7,lead_cont_r5,cross,lead,cross_clear,lead_cont,cross_clear|v7|d7,lead_cont|v8|s6,0,0,0,1.0,0.779325,1.0
cross_clear_r7,lead_cont_r6,cross,lead,cross_clear,lead_cont,cross_clear|v7|d7,lead_cont|v8|s7,0,0,0,1.0,0.713825,1.0
cross_clear_r7,lead_cont_r7,cross,lead,cross_clear,lead_cont,cross_clear|v7|d7,lead_cont|v8|s7,0,0,0,1.0,0.732387,1.0
cross_clear_r7,lead_cont_r8,cross,lead,cross_clear,lead_cont,cross_clear|v7|d7,lead_cont|v9|s7,0,0,0,2.0,0.747188,1.0
cross_clear_r7,lead_cont_r9,cross,lead,cross_clear,lead_cont,cross_clear|v7|d7,lead_cont|v9|s8,0,0,0,2.0,0.743237,1.0
cross_clear_r7,lead_nec_r1,cross,lead,cross_clear,lead_nec,cross_clear|v7|d7,lead_nec|v6|s5,0,0,0,1.0,0.086825,0.2694
cross_clear_r7,lead_nec_r10,cross,lead,cross_clear,lead_nec,cross_clear|v7|d7,lead_nec|v9|s8,0,0,0,2.0,0.086825,0.2694
cross_clear_r7,lead_nec_r11,cross,lead,cross_clear,lead_nec,cross_clear|v7|d7,lead_nec|v7|s6,0,0,0,0.0,0.086825,0.2694
cross_clear_r7,lead_nec_r12,cross,lead,cross_clear,lead_nec,cross_clear|v7|d7,lead_nec|v8|s7,0,0,0,1.0,0.086825,0.2694
cross_clear_r7,lead_nec_r2,cross,lead,cross_clear,lead_nec,cross_clear|v7|d7,lead_nec|v6|s5,0,0,0,1.0,0.086825,0.2694
cross_clear_r7,lead_nec_r3,cross,lead,cross_clear,lead_nec,cross_clear|v7|d7,lead_nec|v7|s5,0,0,0,0.0,0.086825,0.2694
cross_clear_r7,lead_nec_r4,cross,lead,cross_clear,lead_nec,cross_clear|v7|d7,lead_nec|v7|s6,0,0,0,0.0,0.086825,0.2694
cross_clear_r7,lead_nec_r5,cross,lead,cross_clear,lead_nec,cross_clear|v7|d7,lead_nec|v8|s6,0,0,0,1.0,0.086825,0.2694
cross_clear_r7,lead_nec_r6,cross,lead,cross_clear,lead_nec,cross_clear|v7|d7,lead_nec|v8|s7,0,0,0,1.0,0.086825,0.2694
cross_clear_r7,lead_nec_r7,cross,lead,cross_clear,lead_nec,cross_clear|v7|d7,lead_nec|v8|s7,0,0,0,1.0,0.086825,0.2694
cross_clear_r7,lead_nec_r8,cross,lead,cross_clear,lead_nec,cross_clear|v7|d7,lead_nec|v9|s7,0,0,0,2.0,0.086825,0.2694
cross_clear_r7,lead_nec_r9,cross,lead,cross_clear,lead_nec,cross_clear|v7|d7,lead_nec|v9|s8,0,0,0,2.0,0.086825,0.2694
cross_clear_r7,lead_opt_r1,cross,lead,cross_clear,lead_opt,cross_clear|v7|d7,lead_opt|v6|s6,0,0,0,1.0,0.086825,0.2694
cross_clear_r7,lead_opt_r10,cross,lead,cross_clear,lead_opt,cross_clear|v7|d7,lead_opt|v8|s7,0,0,0,1.0,0.086825,0.2694
cross_clear_r7,lead_opt_r11,cross,lead,cross_clear,lead_opt,cross_clear|v7|d7,lead_opt|v6|s6,0,0,0,1.0,0.086825,0.2694
cross_clear_r7,lead_opt_r12,cross,lead,cross_clear,lead_opt,cross_clear|v7|d7,lead_opt|v7|s7,0,0,0,0.0,0.086825,0.2694
cross_clear_r7,lead_opt_r2,cross,lead,cross_clear,lead_opt,cross_clear|v7|d7,lead_opt|v6|s6,0,0,0,1.0,0.086825,0.2694
cross_clear_r7,lead_opt_r3,cross,lead,cross_clear,lead_opt,cross_clear|v7|d7,lead_opt|v7|s6,0,0,0,0.0,0.086825,0.2694
cross_clear_r7,lead_opt_r4,cross,lead,cross_clear,lead_opt,cross_clear|v7|d7,lead_opt|v7|s6,0,0,0,0.0,0.086825,0.2694
cross_clear_r7,lead_opt_r5,cross,lead,cross_clear,lead_opt,cross_clear|v7|d7,lead_opt|v8|s7,0,0,0,1.0,0.086825,0.2694
cross_clear_r7,lead_opt_r6,cross,lead,cross_clear,lead_opt,cross_clear|v7|d7,lead_opt|v8|s7,0,0,0,1.0,0.086825,0.2694
cross_clear_r7,lead_opt_r7,cross,lead,cross_clear,lead_opt,cross_clear|v7|d7,lead_opt|v9|s7,0,0,0,2.0,0.086825,0.2694
cross_clear_r7,lead_opt_r8,cross,lead,cross_clear,lead_opt,cross_clear|v7|d7,lead_opt|v9|s7,0,0,0,2.0,0.086825,0.2694
cross_clear_r7,lead_opt_r9,cross,lead,cross_clear,lead_opt,cross_clear|v7|d7,lead_opt|v7|s6,0,0,0,0.0,0.086825,0.2694
cross_clear_r7,temp_opt_r1,cross,block_or_occupancy,cross_clear,temp_opt,cross_clear|v7|d7,temp_opt|v6|o6,0,0,0,1.0,0.086825,0.2694
cross_clear_r7,temp_opt_r10,cross,block_or_occupancy,cross_clear,temp_opt,cross_clear|v7|d7,temp_opt|v6|o7,0,0,0,1.0,0.086825,0.2694
cross_clear_r7,temp_opt_r11,cross,block_or_occupancy,cross_clear,temp_opt,cross_clear|v7|d7,temp_opt|v7|o8,0,0,0,0.0,0.086825,0.2694
cross_clear_r7,temp_opt_r12,cross,block_or_occupancy,cross_clear,temp_opt,cross_clear|v7|d7,temp_opt|v8|o7,0,0,0,1.0,0.090088,0.2694
cross_clear_r7,temp_opt_r2,cross,block_or_occupancy,cross_clear,temp_opt,cross_clear|v7|d7,temp_opt|v6|o7,0,0,0,1.0,0.086825,0.2694
cross_clear_r7,temp_opt_r3,cross,block_or_occupancy,cross_clear,temp_opt,cross_clear|v7|d7,temp_opt|v6|o8,0,0,0,1.0,0.086825,0.2694
cross_clear_r7,temp_opt_r4,cross,block_or_occupancy,cross_clear,temp_opt,cross_clear|v7|d7,temp_opt|v7|o6,0,0,0,0.0,0.086825,0.2694
cross_clear_r7,temp_opt_r5,cross,block_or_occupancy,cross_clear,temp_opt,cross_clear|v7|d7,temp_opt|v7|o7,0,0,0,0.0,0.086825,0.2694
cross_clear_r7,temp_opt_r6,cross,block_or_occupancy,cross_clear,temp_opt,cross_clear|v7|d7,temp_opt|v7|o8,0,0,0,0.0,0.086825,0.2694
cross_clear_r7,temp_opt_r7,cross,block_or_occupancy,cross_clear,temp_opt,cross_clear|v7|d7,temp_opt|v8|o6,0,0,0,1.0,0.11215,0.2694
cross_clear_r7,temp_opt_r8,cross,block_or_occupancy,cross_clear,temp_opt,cross_clear|v7|d7,temp_opt|v8|o7,0,0,0,1.0,0.086825,0.2694
cross_clear_r7,temp_opt_r9,cross,block_or_occupancy,cross_clear,temp_opt,cross_clear|v7|d7,temp_opt|v8|o8,0,0,0,1.0,0.086825,0.2694
cross_clear_r8,cross_clear_r9,cross,cross,cross_clear,cross_clear,cross_clear|v7|d8,cross_clear|v8|d5,1,1,0,1.0,0.424687,1.0
cross_clear_r8,cross_stall_occ_r1,cross,cross,cross_clear,cross_stall_occ,cross_clear|v7|d8,cross_stall_occ|v6|d6,1,0,0,1.0,0.722788,1.0
cross_clear_r8,cross_stall_occ_r10,cross,cross,cross_clear,cross_stall_occ,cross_clear|v7|d8,cross_stall_occ|v7|d7,1,0,0,0.0,0.661662,1.0
cross_clear_r8,cross_stall_occ_r11,cross,cross,cross_clear,cross_stall_occ,cross_clear|v7|d8,cross_stall_occ|v8|d7,1,0,0,1.0,0.761288,1.0
cross_clear_r8,cross_stall_occ_r12,cross,cross,cross_clear,cross_stall_occ,cross_clear|v7|d8,cross_stall_occ|v8|d8,1,0,0,1.0,0.73335,1.0
cross_clear_r8,cross_stall_occ_r2,cross,cross,cross_clear,cross_stall_occ,cross_clear|v7|d8,cross_stall_occ|v6|d7,1,0,0,1.0,0.691275,1.0
cross_clear_r8,cross_stall_occ_r3,cross,cross,cross_clear,cross_stall_occ,cross_clear|v7|d8,cross_stall_occ|v7|d7,1,0,0,0.0,0.683987,1.0
cross_clear_r8,cross_stall_occ_r4,cross,cross,cross_clear,cross_stall_occ,cross_clear|v7|d8,cross_stall_occ|v7|d7,1,0,0,0.0,0.641663,1.0
cross_clear_r8,cross_stall_occ_r5,cross,cross,cross_clear,cross_stall_occ,cross_clear|v7|d8,cross_stall_occ|v8|d7,1,0,0,1.0,0.7332,1.0
cross_clear_r8,cross_stall_occ_r6,cross,cross,cross_clear,cross_stall_occ,cross_clear|v7|d8,cross_stall_occ|v8|d8,1,0,0,1.0,0.733125,1.0
cross_clear_r8,cross_stall_occ_r7,cross,cross,cross_clear,cross_stall_occ,cross_clear|v7|d8,cross_stall_occ|v6|d6,1,0,0,1.0,0.730988,1.0
cross_clear_r8,cross_stall_occ_r8,cross,cross,cross_clear,cross_stall_occ,cross_clear|v7|d8,cross_stall_occ|v6|d7,1,0,0,1.0,0.699137,1.0
cross_clear_r8,cross_stall_occ_r9,cross,cross,cross_clear,cross_stall_occ,cross_clear|v7|d8,cross_stall_occ|v7|d7,1,0,0,0.0,0.691375,1.0
cross_clear_r8,cross_stall_r1,cross,cross,cross_clear,cross_stall,cross_clear|v7|d8,cross_stall|v6|d6,1,0,0,1.0,0.222588,0.4463
cross_clear_r8,cross_stall_r10,cross,cross,cross_clear,cross_stall,cross_clear|v7|d8,cross_stall|v7|d7,1,0,0,0.0,0.222588,0.4463
cross_clear_r8,cross_stall_r11,cross,cross,cross_clear,cross_stall,cross_clear|v7|d8,cross_stall|v8|d7,1,0,0,1.0,0.219325,0.4202
cross_clear_r8,cross_stall_r12,cross,cross,cross_clear,cross_stall,cross_clear|v7|d8,cross_stall|v8|d8,1,0,0,1.0,0.222588,0.4463
cross_clear_r8,cross_stall_r2,cross,cross,cross_clear,cross_stall,cross_clear|v7|d8,cross_stall|v6|d6,1,0,0,1.0,0.222588,0.4463
cross_clear_r8,cross_stall_r3,cross,cross,cross_clear,cross_stall,cross_clear|v7|d8,cross_stall|v7|d6,1,0,0,0.0,0.217663,0.4069
cross_clear_r8,cross_stall_r4,cross,cross,cross_clear,cross_stall,cross_clear|v7|d8,cross_stall|v7|d7,1,0,0,0.0,0.222588,0.4463
cross_clear_r8,cross_stall_r5,cross,cross,cross_clear,cross_stall,cross_clear|v7|d8,cross_stall|v8|d7,1,0,0,1.0,0.187688,0.305
cross_clear_r8,cross_stall_r6,cross,cross,cross_clear,cross_stall,cross_clear|v7|d8,cross_stall|v8|d8,1,0,0,1.0,0.222588,0.4463
cross_clear_r8,cross_stall_r7,cross,cross,cross_clear,cross_stall,cross_clear|v7|d8,cross_stall|v6|d6,1,0,0,1.0,0.222588,0.4463
cross_clear_r8,cross_stall_r8,cross,cross,cross_clear,cross_stall,cross_clear|v7|d8,cross_stall|v6|d6,1,0,0,1.0,0.222588,0.4463
cross_clear_r8,cross_stall_r9,cross,cross,cross_clear,cross_stall,cross_clear|v7|d8,cross_stall|v7|d6,1,0,0,0.0,0.222588,0.4463
cross_clear_r8,lead_cont_r1,cross,lead,cross_clear,lead_cont,cross_clear|v7|d8,lead_cont|v6|s5,0,0,0,1.0,0.6938,1.0
cross_clear_r8,lead_cont_r10,cross,lead,cross_clear,lead_cont,cross_clear|v7|d8,lead_cont|v9|s8,0,0,0,2.0,0.635312,1.0
cross_clear_r8,lead_cont_r11,cross,lead,cross_clear,lead_cont,cross_clear|v7|d8,lead_cont|v7|s6,0,0,0,0.0,0.622075,1.0
cross_clear_r8,lead_cont_r12,cross,lead,cross_clear,lead_cont,cross_clear|v7|d8,lead_cont|v8|s7,0,0,0,1.0,0.620513,1.0
cross_clear_r8,lead_cont_r2,cross,lead,cross_clear,lead_cont,cross_clear|v7|d8,lead_cont|v6|s5,0,0,0,1.0,0.620675,1.0
cross_clear_r8,lead_cont_r3,cross,lead,cross_clear,lead_cont,cross_clear|v7|d8,lead_cont|v7|s5,0,0,0,0.0,0.617312,1.0
cross_clear_r8,lead_cont_r4,cross,lead,cross_clear,lead_cont,cross_clear|v7|d8,lead_cont|v7|s6,0,0,0,0.0,0.572525,1.0
cross_clear_r8,lead_cont_r5,cross,lead,cross_clear,lead_cont,cross_clear|v7|d8,lead_cont|v8|s6,0,0,0,1.0,0.66745,1.0
cross_clear_r8,lead_cont_r6,cross,lead,cross_clear,lead_cont,cross_clear|v7|d8,lead_cont|v8|s7,0,0,0,1.0,0.60195,1.0
cross_clear_r8,lead_cont_r7,cross,lead,cross_clear,lead_cont,cross_clear|v7|d8,lead_cont|v8|s7,0,0,0,1.0,0.620513,1.0
cross_clear_r8,lead_cont_r8,cross,lead,cross_clear,lead_cont,cross_clear|v7|d8,lead_cont|v9|s7,0,0,0,2.0,0.635312,1.0
cross_clear_r8,lead_cont_r9,cross,lead,cross_clear,lead_cont,cross_clear|v7|d8,lead_cont|v9|s8,0,0,0,2.0,0.631363,1.0
cross_clear_r8,lead_nec_r1,cross,lead,cross_clear,lead_nec,cross_clear|v7|d8,lead_nec|v6|s5,0,0,0,1.0,0.222588,0.4463
cross_clear_r8,lead_nec_r10,cross,lead,cross_clear,lead_nec,cross_clear|v7|d8,lead_nec|v9|s8,0,0,0,2.0,0.222588,0.4463
cross_clear_r8,lead_nec_r11,cross,lead,cross_clear,lead_nec,cross_clear|v7|d8,lead_nec|v7|s6,0,0,0,0.0,0.222588,0.4463
cross_clear_r8,lead_nec_r12,cross,lead,cross_clear,lead_nec,cross_clear|v7|d8,lead_nec|v8|s7,0,0,0,1.0,0.222588,0.4463
cross_clear_r8,lead_nec_r2,cross,lead,cross_clear,lead_nec,cross_clear|v7|d8,lead_nec|v6|s5,0,0,0,1.0,0.222588,0.4463
cross_clear_r8,lead_nec_r3,cross,lead,cross_clear,lead_nec,cross_clear|v7|d8,lead_nec|v7|s5,0,0,0,0.0,0.222588,0.4463
cross_clear_r8,lead_nec_r4,cross,lead,cross_clear,lead_nec,cross_clear|v7|d8,lead_nec|v7|s6,0,0,0,0.0,0.222588,0.4463
cross_clear_r8,lead_nec_r5,cross,lead,cross_clear,lead_nec,cross_clear|v7|d8,lead_nec|v8|s6,0,0,0,1.0,0.222588,0.4463
cross_clear_r8,lead_nec_r6,cross,lead,cross_clear,lead_nec,cross_clear|v7|d8,lead_nec|v8|s7,0,0,0,1.0,0.222588,0.4463
cross_clear_r8,lead_nec_r7,cross,lead,cross_clear,lead_nec,cross_clear|v7|d8,lead_nec|v8|s7,0,0,0,1.0,0.222588,0.4463
cross_clear_r8,lead_nec_r8,cross,lead,cross_clear,lead_nec,cross_clear|v7|d8,lead_nec|v9|s7,0,0,0,2.0,0.222588,0.4463
cross_clear_r8,lead_nec_r9,cross,lead,cross_clear,lead_nec,cross_clear|v7|d8,lead_nec|v9|s8,0,0,0,2.0,0.222588,0.4463
cross_clear_r8,lead_opt_r1,cross,lead,cross_clear,lead_opt,cross_clear|v7|d8,lead_opt|v6|s6,0,0,0,1.0,0.222588,0.4463
cross_clear_r8,lead_opt_r10,cross,lead,cross_clear,lead_opt,cross_clear|v7|d8,lead_opt|v8|s7,0,0,0,1.0,0.222588,0.4463
cross_clear_r8,lead_opt_r11,cross,lead,cross_clear,lead_opt,cross_clear|v7|d8,lead_opt|v6|s6,0,0,0,1.0,0.222588,0.4463
cross_clear_r8,lead_opt_r12,cross,lead,cross_clear,lead_opt,cross_clear|v7|d8,lead_opt|v7|s7,0,0,0,0.0,0.222588,0.4463
cross_clear_r8,lead_opt_r2,cross,lead,cross_clear,lead_opt,cross_clear|v7|d8,lead_opt|v6|s6,0,0,0,1.0,0.222588,0.4463
cross_clear_r8,lead_opt_r3,cross,lead,cross_clear,lead_opt,cross_clear|v7|d8,lead_opt|v7|s6,0,0,0,0.0,0.222588,0.4463
cross_clear_r8,lead_opt_r4,cross,lead,cross_clear,lead_opt,cross_clear|v7|d8,lead_opt|v7|s6,0,0,0,0.0,0.222588,0.4463
cross_clear_r8,lead_opt_r5,cross,lead,cross_clear,lead_opt,cross_clear|v7|d8,lead_opt|v8|s7,0,0,0,1.0,0.222588,0.4463
cross_clear_r8,lead_opt_r6,cross,lead,cross_clear,lead_opt,cross_clear|v7|d8,lead_opt|v8|s7,0,0,0,1.0,0.222588,0.4463
cross_clear_r8,lead_opt_r7,cross,lead,cross_clear,lead_opt,cross_clear|v7|d8,lead_opt|v9|s7,0,0,0,2.0,0.222588,0.4463
cross_clear_r8,lead_opt_r8,cross,lead,cross_clear,lead_opt,cross_clear|v7|d8,lead_opt|v9|s7,0,0,0,2.0,0.222588,0.4463
cross_clear_r8,lead_opt_r9,cross,lead,cross_clear,lead_opt,cross_clear|v7|d8,lead_opt|v7|s6,0,0,0,0.0,0.222588,0.4463
cross_clear_r8,temp_opt_r1,cross,block_or_occupancy,cross_clear,temp_opt,cross_clear|v7|d8,temp_opt|v6|o6,0,0,0,1.0,0.222588,0.4463
cross_clear_r8,temp_opt_r10,cross,block_or_occupancy,cross_clear,temp_opt,cross_clear|v7|d8,temp_opt|v6|o7,0,0,0,1.0,0.222588,0.4463
cross_clear_r8,temp_opt_r11,cross,block_or_occupancy,cross_clear,temp_opt,cross_clear|v7|d8,temp_opt|v7|o8,0,0,0,0.0,0.222588,0.4463
cross_clear_r8,temp_opt_r12,cross,block_or_occupancy,cross_clear,temp_opt,cross_clear|v7|d8,temp_opt|v8|o7,0,0,0,1.0,0.219325,0.4202
cross_clear_r8,temp_opt_r2,cross,block_or_occupancy,cross_clear,temp_opt,cross_clear|v7|d8,temp_opt|v6|o7,0,0,0,1.0,0.222588,0.4463
cross_clear_r8,temp_opt_r3,cross,block_or_occupancy,cross_clear,temp_opt,cross_clear|v7|d8,temp_opt|v6|o8,0,0,0,1.0,0.222588,0.4463
cross_clear_r8,temp_opt_r4,cross,block_or_occupancy,cross_clear,temp_opt,cross_clear|v7|d8,temp_opt|v7|o6,0,0,0,0.0,0.222588,0.4463
cross_clear_r8,temp_opt_r5,cross,block_or_occupancy,cross_clear,temp_opt,cross_clear|v7|d8,temp_opt|v7|o7,0,0,0,0.0,0.222588,0.4463
cross_clear_r8,temp_opt_r6,cross,block_or_occupancy,cross_clear,temp_opt,cross_clear|v7|d8,temp_opt|v7|o8,0,0,0,0.0,0.222588,0.4463
cross_clear_r8,temp_opt_r7,cross,block_or_occupancy,cross_clear,temp_opt,cross_clear|v7|d8,temp_opt|v8|o6,0,0,0,1.0,0.197263,0.305
cross_clear_r8,temp_opt_r8,cross,block_or_occupancy,cross_clear,temp_opt,cross_clear|v7|d8,temp_opt|v8|o7,0,0,0,1.0,0.222588,0.4463
cross_clear_r8,temp_opt_r9,cross,block_or_occupancy,cross_clear,temp_opt,cross_clear|v7|d8,temp_opt|v8|o8,0,0,0,1.0,0.222588,0.4463
cross_clear_r9,cross_stall_occ_r1,cross,cross,cross_clear,cross_stall_occ,cross_clear|v8|d5,cross_stall_occ|v6|d6,1,0,0,2.0,0.591825,1.0
cross_clear_r9,cross_stall_occ_r10,cross,cross,cross_clear,cross_stall_occ,cross_clear|v8|d5,cross_stall_occ|v7|d7,1,0,0,1.0,0.47505,0.7076
cross_clear_r9,cross_stall_occ_r11,cross,cross,cross_clear,cross_stall_occ,cross_clear|v8|d5,cross_stall_occ|v8|d7,1,0,0,0.0,0.630325,1.0
cross_clear_r9,cross_stall_occ_r12,cross,cross,cross_clear,cross_stall_occ,cross_clear|v8|d5,cross_stall_occ|v8|d8,1,0,0,0.0,0.602388,1.0
cross_clear_r9,cross_stall_occ_r2,cross,cross,cross_clear,cross_stall_occ,cross_clear|v8|d5,cross_stall_occ|v6|d7,1,0,0,2.0,0.560312,1.0
cross_clear_r9,cross_stall_occ_r3,cross,cross,cross_clear,cross_stall_occ,cross_clear|v8|d5,cross_stall_occ|v7|d7,1,0,0,1.0,0.497375,0.747
cross_clear_r9,cross_stall_occ_r4,cross,cross,cross_clear,cross_stall_occ,cross_clear|v8|d5,cross_stall_occ|v7|d7,1,0,0,1.0,0.45505,0.6725
cross_clear_r9,cross_stall_occ_r5,cross,cross,cross_clear,cross_stall_occ,cross_clear|v8|d5,cross_stall_occ|v8|d7,1,0,0,0.0,0.602237,1.0
cross_clear_r9,cross_stall_occ_r6,cross,cross,cross_clear,cross_stall_occ,cross_clear|v8|d5,cross_stall_occ|v8|d8,1,0,0,0.0,0.602163,1.0
cross_clear_r9,cross_stall_occ_r7,cross,cross,cross_clear,cross_stall_occ,cross_clear|v8|d5,cross_stall_occ|v6|d6,1,0,0,2.0,0.600025,1.0
cross_clear_r9,cross_stall_occ_r8,cross,cross,cross_clear,cross_stall_occ,cross_clear|v8|d5,cross_stall_occ|v6|d7,1,0,0,2.0,0.568175,1.0
cross_clear_r9,cross_stall_occ_r9,cross,cross,cross_clear,cross_stall_occ,cross_clear|v8|d5,cross_stall_occ|v7|d7,1,0,0,1.0,0.504763,0.7601
cross_clear_r9,cross_stall_r1,cross,cross,cross_clear,cross_stall,cross_clear|v8|d5,cross_stall|v6|d6,1,0,0,2.0,0.335087,1.0
cross_clear_r9,cross_stall_r10,cross,cross,cross_clear,cross_stall,cross_clear|v8|d5,cross_stall|v7|d7,1,0,0,1.0,0.335087,1.0
cross_clear_r9,cross_stall_r11,cross,cross,cross_clear,cross_stall,cross_clear|v8|d5,cross_stall|v8|d7,1,0,0,0.0,0.33835,1.0
cross_clear_r9,cross_stall_r12,cross,cross,cross_clear,cross_stall,cross_clear|v8|d5,cross_stall|v8|d8,1,0,0,0.0,0.335087,1.0
cross_clear_r9,cross_stall_r2,cross,cross,cross_clear,cross_stall,cross_clear|v8|d5,cross_stall|v6|d6,1,0,0,2.0,0.335087,1.0
cross_clear_r9,cross_stall_r3,cross,cross,cross_clear,cross_stall,cross_clear|v8|d5,cross_stall|v7|d6,1,0,0,1.0,0.340012,1.0
cross_clear_r9,cross_stall_r4,cross,cross,cross_clear,cross_stall,cross_clear|v8|d5,cross_stall|v7|d7,1,0,0,1.0,0.335087,1.0
cross_clear_r9,cross_stall_r5,cross,cross,cross_clear,cross_stall,cross_clear|v8|d5,cross_stall|v8|d7,1,0,0,0.0,0.369988,1.0
cross_clear_r9,cross_stall_r6,cross,cross,cross_clear,cross_stall,cross_clear|v8|d5,cross_stall|v8|d8,1,0,0,0.0,0.335087,1.0
cross_clear_r9,cross_stall_r7,cross,cross,cross_clear,cross_stall,cross_clear|v8|d5,cross_stall|v6|d6,1,0,0,2.0,0.335087,1.0
cross_clear_r9,cross_stall_r8,cross,cross,cross_clear,cross_stall,cross_clear|v8|d5,cross_stall|v6|d6,1,0,0,2.0,0.335087,1.0
cross_clear_r9,cross_stall_r9,cross,cross,cross_clear,cross_stall,cross_clear|v8|d5,cross_stall|v7|d6,1,0,0,1.0,0.335087,1.0
cross_clear_r9,lead_cont_r1,cross,lead,cross_clear,lead_cont,cross_clear|v8|d5,lead_cont|v6|s5,0,0,0,2.0,0.562837,1.0
cross_clear_r9,lead_cont_r10,cross,lead,cross_clear,lead_cont,cross_clear|v8|d5,lead_cont|v9|s8,0,0,0,1.0,0.468275,1.0
cross_clear_r9,lead_cont_r11,cross,lead,cross_clear,lead_cont,cross_clear|v8|d5,lead_cont|v7|s6,0,0,0,1.0,0.435463,0.6375
cross_clear_r9,lead_cont_r12,cross,lead,cross_clear,lead_cont,cross_clear|v8|d5,lead_cont|v8|s7,0,0,0,0.0,0.48955,1.0
cross_clear_r9,lead_cont_r2,cross,lead,cross_clear,lead_cont,cross_clear|v8|d5,lead_cont|v6|s5,0,0,0,2.0,0.489712,1.0
cross_clear_r9,lead_cont_r3,cross,lead,cross_clear,lead_cont,cross_clear|v8|d5,lead_cont|v7|s5,0,0,0,1.0,0.4307,0.6287
cross_clear_r9,lead_cont_r4,cross,lead,cross_clear,lead_cont,cross_clear|v8|d5,lead_cont|v7|s6,0,0,0,1.0,0.385912,0.6038
cross_clear_r9,lead_cont_r5,cross,lead,cross_clear,lead_cont,cross_clear|v8|d5,lead_cont|v8|s6,0,0,0,0.0,0.536488,1.0
cross_clear_r9,lead_cont_r6,cross,lead,cross_clear,lead_cont,cross_clear|v8|d5,lead_cont|v8|s7,0,0,0,0.0,0.470988,1.0
cross_clear_r9,lead_cont_r7,cross,lead,cross_clear,lead_cont,cross_clear|v8|d5,lead_cont|v8|s7,0,0,0,0.0,0.48955,1.0
cross_clear_r9,lead_cont_r8,cross,lead,cross_clear,lead_cont,cross_clear|v8|d5,lead_cont|v9|s7,0,0,0,1.0,0.468275,1.0
cross_clear_r9,lead_cont_r9,cross,lead,cross_clear,lead_cont,cross_clear|v8|d5,lead_cont|v9|s8,0,0,0,1.0,0.464325,1.0
cross_clear_r9,lead_nec_r1,cross,lead,cross_clear,lead_nec,cross_clear|v8|d5,lead_nec|v6|s5,0,0,0,2.0,0.335087,1.0
cross_clear_r9,lead_nec_r10,cross,lead,cross_clear,lead_nec,cross_clear|v8|d5,lead_nec|v9|s8,0,0,0,1.0,0.335087,1.0
cross_clear_r9,lead_nec_r11,cross,lead,cross_clear,lead_nec,cross_clear|v8|d5,lead_nec|v7|s6,0,0,0,1.0,0.335087,1.0
cross_clear_r9,lead_nec_r12,cross,lead,cross_clear,lead_nec,cross_clear|v8|d5,lead_nec|v8|s7,0,0,0,0.0,0.335087,1.0
cross_clear_r9,lead_nec_r2,cross,lead,cross_clear,lead_nec,cross_clear|v8|d5,lead_nec|v6|s5,0,0,0,2.0,0.335087,1.0
cross_clear_r9,lead_nec_r3,cross,lead,cross_clear,lead_nec,cross_clear|v8|d5,lead_nec|v7|s5,0,0,0,1.0,0.335087,1.0
cross_clear_r9,lead_nec_r4,cross,lead,cross_clear,lead_nec,cross_clear|v8|d5,lead_nec|v7|s6,0,0,0,1.0,0.335087,1.0
cross_clear_r9,lead_nec_r5,cross,lead,cross_clear,lead_nec,cross_clear|v8|d5,lead_nec|v8|s6,0,0,0,0.0,0.335087,1.0
cross_clear_r9,lead_nec_r6,cross,lead,cross_clear,lead_nec,cross_clear|v8|d5,lead_nec|v8|s7,0,0,0,0.0,0.335087,1.0
cross_clear_r9,lead_nec_r7,cross,lead,cross_clear,lead_nec,cross_clear|v8|d5,lead_nec|v8|s7,0,0,0,0.0,0.335087,1.0
cross_clear_r9,lead_nec_r8,cross,lead,cross_clear,lead_nec,cross_clear|v8|d5,lead_nec|v9|s7,0,0,0,1.0,0.335087,1.0
cross_clear_r9,lead_nec_r9,cross,lead,cross_clear,lead_nec,cross_clear|v8|d5,lead_nec|v9|s8,0,0,0,1.0,0.335087,1.0
cross_clear_r9,lead_opt_r1,cross,lead,cross_clear,lead_opt,cross_clear|v8|d5,lead_opt|v6|s6,0,0,0,2.0,0.335087,1.0
cross_clear_r9,lead_opt_r10,cross,lead,cross_clear,lead_opt,cross_clear|v8|d5,lead_opt|v8|s7,0,0,0,0.0,0.335087,1.0
cross_clear_r9,lead_opt_r11,cross,lead,cross_clear,lead_opt,cross_clear|v8|d5,lead_opt|v6|s6,0,0,0,2.0,0.335087,1.0
cross_clear_r9,lead_opt_r12,cross,lead,cross_clear,lead_opt,cross_clear|v8|d5,lead_opt|v7|s7,0,0,0,1.0,0.335087,1.0
cross_clear_r9,lead_opt_r2,cross,lead,cross_clear,lead_opt,cross_clear|v8|d5,lead_opt|v6|s6,0,0,0,2.0,0.335087,1.0
cross_clear_r9,lead_opt_r3,cross,lead,cross_clear,lead_opt,cross_clear|v8|d5,lead_opt|v7|s6,0,0,0,1.0,0.335087,1.0
cross_clear_r9,lead_opt_r4,cross,lead,cross_clear,lead_opt,cross_clear|v8|d5,lead_opt|v7|s6,0,0,0,1.0,0.335087,1.0
cross_clear_r9,lead_opt_r5,cross,lead,cross_clear,lead_opt,cross_clear|v8|d5,lead_opt|v8|s7,0,0,0,0.0,0.335087,1.0
cross_clear_r9,lead_opt_r6,cross,lead,cross_clear,lead_opt,cross_clear|v8|d5,lead_opt|v8|s7,0,0,0,0.0,0.335087,1.0
cross_clear_r9,lead_opt_r7,cross,lead,cross_clear,lead_opt,cross_clear|v8|d5,lead_opt|v9|s7,0,0,0,1.0,0.335087,1.0
cross_clear_r9,lead_opt_r8,cross,lead,cross_clear,lead_opt,cross_clear|v8|d5,lead_opt|v9|s7,0,0,0,1.0,0.335087,1.0
cross_clear_r9,lead_opt_r9,cross,lead,cross_clear,lead_opt,cross_clear|v8|d5,lead_opt|v7|s6,0,0,0,1.0,0.335087,1.0
cross_clear_r9,temp_opt_r1,cross,block_or_occupancy,cross_clear,temp_opt,cross_clear|v8|d5,temp_opt|v6|o6,0,0,0,2.0,0.335087,1.0
cross_clear_r9,temp_opt_r10,cross,block_or_occupancy,cross_clear,temp_opt,cross_clear|v8|d5,temp_opt|v6|o7,0,0,0,2.0,0.335087,1.0
cross_clear_r9,temp_opt_r11,cross,block_or_occupancy,cross_clear,temp_opt,cross_clear|v8|d5,temp_opt|v7|o8,0,0,0,1.0,0.335087,1.0
cross_clear_r9,temp_opt_r12,cross,block_or_occupancy,cross_clear,temp_opt,cross_clear|v8|d5,temp_opt|v8|o7,0,0,0,0.0,0.33835,1.0
cross_clear_r9,temp_opt_r2,cross,block_or_occupancy,cross_clear,temp_opt,cross_clear|v8|d5,temp_opt|v6|o7,0,0,0,2.0,0.335087,1.0
cross_clear_r9,temp_opt_r3,cross,block_or_occupancy,cross_clear,temp_opt,cross_clear|v8|d5,temp_opt|v6|o8,0,0,0,2.0,0.335087,1.0
cross_clear_r9,temp_opt_r4,cross,block_or_occupancy,cross_clear,temp_opt,cross_clear|v8|d5,temp_opt|v7|o6,0,0,0,1.0,0.335087,1.0
cross_clear_r9,temp_opt_r5,cross,block_or_occupancy,cross_clear,temp_opt,cross_clear|v8|d5,temp_opt|v7|o7,0,0,0,1.0,0.335087,1.0
cross_clear_r9,temp_opt_r6,cross,block_or_occupancy,cross_clear,temp_opt,cross_clear|v8|d5,temp_opt|v7|o8,0,0,0,1.0,0.335087,1.0
cross_clear_r9,temp_opt_r7,cross,block_or_occupancy,cross_clear,temp_opt,cross_clear|v8|d5,temp_opt|v8|o6,0,0,0,0.0,0.360413,1.0
cross_clear_r9,temp_opt_r8,cross,block_or_occupancy,cross_clear,temp_opt,cross_clear|v8|d5,temp_opt|v8|o7,0,0,0,0.0,0.335087,1.0
cross_clear_r9,temp_opt_r9,cross,block_or_occupancy,cross_clear,temp_opt,cross_clear|v8|d5,temp_opt|v8|o8,0,0,0,0.0,0.335087,1.0
cross_stall_occ_r1,cross_stall_occ_r10,cross,cross,cross_stall_occ,cross_stall_occ,cross_stall_occ|v6|d6,cross_stall_occ|v7|d7,1,1,0,1.0,0.256425,1.0
cross_stall_occ_r1,cross_stall_occ_r11,cross,cross,cross_stall_occ,cross_stall_occ,cross_stall_occ|v6|d6,cross_stall_occ|v8|d7,1,1,0,2.0,0.0385,0.1076
cross_stall_occ_r1,cross_stall_occ_r12,cross,cross,cross_stall_occ,cross_stall_occ,cross_stall_occ|v6|d6,cross_stall_occ|v8|d8,1,1,0,2.0,0.010563,0.0445
cross_stall_occ_r1,cross_stall_occ_r2,cross,cross,cross_stall_occ,cross_stall_occ,cross_stall_occ|v6|d6,cross_stall_occ|v6|d7,1,1,0,0.0,0.031513,0.0747
cross_stall_occ_r1,cross_stall_occ_r3,cross,cross,cross_stall_occ,cross_stall_occ,cross_stall_occ|v6|d6,cross_stall_occ|v7|d7,1,1,0,1.0,0.2659,1.0
cross_stall_occ_r1,cross_stall_occ_r4,cross,cross,cross_stall_occ,cross_stall_occ,cross_stall_occ|v6|d6,cross_stall_occ|v7|d7,1,1,0,1.0,0.276425,1.0
cross_stall_occ_r1,cross_stall_occ_r5,cross,cross,cross_stall_occ,cross_stall_occ,cross_stall_occ|v6|d6,cross_stall_occ|v8|d7,1,1,0,2.0,0.010412,0.0438
cross_stall_occ_r1,cross_stall_occ_r6,cross,cross,cross_stall_occ,cross_stall_occ,cross_stall_occ|v6|d6,cross_stall_occ|v8|d8,1,1,0,2.0,0.010337,0.0438
cross_stall_occ_r1,cross_stall_occ_r7,cross,cross,cross_stall_occ,cross_stall_occ,cross_stall_occ|v6|d6,cross_stall_occ|v6|d6,1,1,1,0.0,0.0082,0.0204
cross_stall_occ_r1,cross_stall_occ_r8,cross,cross,cross_stall_occ,cross_stall_occ,cross_stall_occ|v6|d6,cross_stall_occ|v6|d7,1,1,0,0.0,0.02365,0.0566
cross_stall_occ_r1,cross_stall_occ_r9,cross,cross,cross_stall_occ,cross_stall_occ,cross_stall_occ|v6|d6,cross_stall_occ|v7|d7,1,1,0,1.0,0.273288,1.0
cross_stall_occ_r1,cross_stall_r1,cross,cross,cross_stall_occ,cross_stall,cross_stall_occ|v6|d6,cross_stall|v6|d6,1,0,0,0.0,0.841825,1.0
cross_stall_occ_r1,cross_stall_r10,cross,cross,cross_stall_occ,cross_stall,cross_stall_occ|v6|d6,cross_stall|v7|d7,1,0,0,1.0,0.841825,1.0
cross_stall_occ_r1,cross_stall_r11,cross,cross,cross_stall_occ,cross_stall,cross_stall_occ|v6|d6,cross_stall|v8|d7,1,0,0,2.0,0.838562,1.0
cross_stall_occ_r1,cross_stall_r12,cross,cross,cross_stall_occ,cross_stall,cross_stall_occ|v6|d6,cross_stall|v8|d8,1,0,0,2.0,0.841825,1.0
cross_stall_occ_r1,cross_stall_r2,cross,cross,cross_stall_occ,cross_stall,cross_stall_occ|v6|d6,cross_stall|v6|d6,1,0,0,0.0,0.841825,1.0
cross_stall_occ_r1,cross_stall_r3,cross,cross,cross_stall_occ,cross_stall,cross_stall_occ|v6|d6,cross_stall|v7|d6,1,0,0,1.0,0.8369,1.0
cross_stall_occ_r1,cross_stall_r4,cross,cross,cross_stall_occ,cross_stall,cross_stall_occ|v6|d6,cross_stall|v7|d7,1,0,0,1.0,0.841825,1.0
cross_stall_occ_r1,cross_stall_r5,cross,cross,cross_stall_occ,cross_stall,cross_stall_occ|v6|d6,cross_stall|v8|d7,1,0,0,2.0,0.806925,1.0
cross_stall_occ_r1,cross_stall_r6,cross,cross,cross_stall_occ,cross_stall,cross_stall_occ|v6|d6,cross_stall|v8|d8,1,0,0,2.0,0.841825,1.0
cross_stall_occ_r1,cross_stall_r7,cross,cross,cross_stall_occ,cross_stall,cross_stall_occ|v6|d6,cross_stall|v6|d6,1,0,0,0.0,0.841825,1.0
cross_stall_occ_r1,cross_stall_r8,cross,cross,cross_stall_occ,cross_stall,cross_stall_occ|v6|d6,cross_stall|v6|d6,1,0,0,0.0,0.841825,1.0
cross_stall_occ_r1,cross_stall_r9,cross,cross,cross_stall_occ,cross_stall,cross_stall_occ|v6|d6,cross_stall|v7|d6,1,0,0,1.0,0.841825,1.0
cross_stall_occ_r1,lead_cont_r1,cross,lead,cross_stall_occ,lead_cont,cross_stall_occ|v6|d6,lead_cont|v6|s5,0,0,0,0.0,0.028988,0.0692
cross_stall_occ_r1,lead_cont_r10,cross,lead,cross_stall_occ,lead_cont,cross_stall_occ|v6|d6,lead_cont|v9|s8,0,0,0,3.0,0.1993,1.0
cross_stall_occ_r1,lead_cont_r11,cross,lead,cross_stall_occ,lead_cont,cross_stall_occ|v6|d6,lead_cont|v7|s6,0,0,0,1.0,0.296013,1.0
cross_stall_occ_r1,lead_cont_r12,cross,lead,cross_stall_occ,lead_cont,cross_stall_occ|v6|d6,lead_cont|v8|s7,0,0,0,2.0,0.102275,0.2115
cross_stall_occ_r1,lead_cont_r2,cross,lead,cross_stall_occ,lead_cont,cross_stall_occ|v6|d6,lead_cont|v6|s5,0,0,0,0.0,0.102113,0.2445
cross_stall_occ_r1,lead_cont_r3,cross,lead,cross_stall_occ,lead_cont,cross_stall_occ|v6|d6,lead_cont|v7|s5,0,0,0,1.0,0.300775,1.0
cross_stall_occ_r1,lead_cont_r4,cross,lead,cross_stall_occ,lead_cont,cross_stall_occ|v6|d6,lead_cont|v7|s6,0,0,0,1.0,0.345562,1.0
cross_stall_occ_r1,lead_cont_r5,cross,lead,cross_stall_occ,lead_cont,cross_stall_occ|v6|d6,lead_cont|v8|s6,0,0,0,2.0,0.055338,0.1144
cross_stall_occ_r1,lead_cont_r6,cross,lead,cross_stall_occ,lead_cont,cross_stall_occ|v6|d6,lead_cont|v8|s7,0,0,0,2.0,0.120838,0.2541
cross_stall_occ_r1,lead_cont_r7,cross,lead,cross_stall_occ,lead_cont,cross_stall_occ|v6|d6,lead_cont|v8|s7,0,0,0,2.0,0.102275,0.2115
cross_stall_occ_r1,lead_cont_r8,cross,lead,cross_stall_occ,lead_cont,cross_stall_occ|v6|d6,lead_cont|v9|s7,0,0,0,3.0,0.1993,1.0
cross_stall_occ_r1,lead_cont_r9,cross,lead,cross_stall_occ,lead_cont,cross_stall_occ|v6|d6,lead_cont|v9|s8,0,0,0,3.0,0.20325,1.0
cross_stall_occ_r1,lead_nec_r1,cross,lead,cross_stall_occ,lead_nec,cross_stall_occ|v6|d6,lead_nec|v6|s5,0,0,0,0.0,0.841825,1.0
cross_stall_occ_r1,lead_nec_r10,cross,lead,cross_stall_occ,lead_nec,cross_stall_occ|v6|d6,lead_nec|v9|s8,0,0,0,3.0,0.841825,1.0
cross_stall_occ_r1,lead_nec_r11,cross,lead,cross_stall_occ,lead_nec,cross_stall_occ|v6|d6,lead_nec|v7|s6,0,0,0,1.0,0.841825,1.0
cross_stall_occ_r1,lead_nec_r12,cross,lead,cross_stall_occ,lead_nec,cross_stall_occ|v6|d6,lead_nec|v8|s7,0,0,0,2.0,0.841825,1.0
cross_stall_occ_r1,lead_nec_r2,cross,lead,cross_stall_occ,lead_nec,cross_stall_occ|v6|d6,lead_nec|v6|s5,0,0,0,0.0,0.841825,1.0
cross_stall_occ_r1,lead_nec_r3,cross,lead,cross_stall_occ,lead_nec,cross_stall_occ|v6|d6,lead_nec|v7|s5,0,0,0,1.0,0.841825,1.0
cross_stall_occ_r1,lead_nec_r4,cross,lead,cross_stall_occ,lead_nec,cross_stall_occ|v6|d6,lead_nec|v7|s6,0,0,0,1.0,0.841825,1.0
cross_stall_occ_r1,lead_nec_r5,cross,lead,cross_stall_occ,lead_nec,cross_stall_occ|v6|d6,lead_nec|v8|s6,0,0,0,2.0,0.841825,1.0
cross_stall_occ_r1,lead_nec_r6,cross,lead,cross_stall_occ,lead_nec,cross_stall_occ|v6|d6,lead_nec|v8|s7,0,0,0,2.0,0.841825,1.0
cross_stall_occ_r1,lead_nec_r7,cross,lead,cross_stall_occ,lead_nec,cross_stall_occ|v6|d6,lead_nec|v8|s7,0,0,0,2.0,0.841825,1.0
cross_stall_occ_r1,lead_nec_r8,cross,lead,cross_stall_occ,lead_nec,cross_stall_occ|v6|d6,lead_nec|v9|s7,0,0,0,3.0,0.841825,1.0
cross_stall_occ_r1,lead_nec_r9,cross,lead,cross_stall_occ,lead_nec,cross_stall_occ|v6|d6,lead_nec|v9|s8,0,0,0,3.0,0.841825,1.0
cross_stall_occ_r1,lead_opt_r1,cross,lead,cross_stall_occ,lead_opt,cross_stall_occ|v6|d6,lead_opt|v6|s6,0,0,0,0.0,0.841825,1.0
cross_stall_occ_r1,lead_opt_r10,cross,lead,cross_stall_occ,lead_opt,cross_stall_occ|v6|d6,lead_opt|v8|s7,0,0,0,2.0,0.841825,1.0
cross_stall_occ_r1,lead_opt_r11,cross,lead,cross_stall_occ,lead_opt,cross_stall_occ|v6|d6,lead_opt|v6|s6,0,0,0,0.0,0.841825,1.0
cross_stall_occ_r1,lead_opt_r12,cross,lead,cross_stall_occ,lead_opt,cross_stall_occ|v6|d6,lead_opt|v7|s7,0,0,0,1.0,0.841825,1.0
cross_stall_occ_r1,lead_opt_r2,cross,lead,cross_stall_occ,lead_opt,cross_stall_occ|v6|d6,lead_opt|v6|s6,0,0,0,0.0,0.841825,1.0
cross_stall_occ_r1,lead_opt_r3,cross,lead,cross_stall_occ,lead_opt,cross_stall_occ|v6|d6,lead_opt|v7|s6,0,0,0,1.0,0.841825,1.0
cross_stall_occ_r1,lead_opt_r4,cross,lead,cross_stall_occ,lead_opt,cross_stall_occ|v6|d6,lead_opt|v7|s6,0,0,0,1.0,0.841825,1.0
cross_stall_occ_r1,lead_opt_r5,cross,lead,cross_stall_occ,lead_opt,cross_stall_occ|v6|d6,lead_opt|v8|s7,0,0,0,2.0,0.841825,1.0
cross_stall_occ_r1,lead_opt_r6,cross,lead,cross_stall_occ,lead_opt,cross_stall_occ|v6|d6,lead_opt|v8|s7,0,0,0,2.0,0.841825,1.0
cross_stall_occ_r1,lead_opt_r7,cross,lead,cross_stall_occ,lead_opt,cross_stall_occ|v6|d6,lead_opt|v9|s7,0,0,0,3.0,0.841825,1.0
cross_stall_occ_r1,lead_opt_r8,cross,lead,cross_stall_occ,lead_opt,cross_stall_occ|v6|d6,lead_opt|v9|s7,0,0,0,3.0,0.841825,1.0
cross_stall_occ_r1,lead_opt_r9,cross,lead,cross_stall_occ,lead_opt,cross_stall_occ|v6|d6,lead_opt|v7|s6,0,0,0,1.0,0.841825,1.0
cross_stall_occ_r1,temp_opt_r1,cross,block_or_occupancy,cross_stall_occ,temp_opt,cross_stall_occ|v6|d6,temp_opt|v6|o6,0,0,0,0.0,0.841825,1.0
cross_stall_occ_r1,temp_opt_r10,cross,block_or_occupancy,cross_stall_occ,temp_opt,cross_stall_occ|v6|d6,temp_opt|v6|o7,0,0,0,0.0,0.841825,1.0
cross_stall_occ_r1,temp_opt_r11,cross,block_or_occupancy,cross_stall_occ,temp_opt,cross_stall_occ|v6|d6,temp_opt|v7|o8,0,0,0,1.0,0.841825,1.0
cross_stall_occ_r1,temp_opt_r12,cross,block_or_occupancy,cross_stall_occ,temp_opt,cross_stall_occ|v6|d6,temp_opt|v8|o7,0,0,0,2.0,0.838562,1.0
cross_stall_occ_r1,temp_opt_r2,cross,block_or_occupancy,cross_stall_occ,temp_opt,cross_stall_occ|v6|d6,temp_opt|v6|o7,0,0,0,0.0,0.841825,1.0
cross_stall_occ_r1,temp_opt_r3,cross,block_or_occupancy,cross_stall_occ,temp_opt,cross_stall_occ|v6|d6,temp_opt|v6|o8,0,0,0,0.0,0.841825,1.0
cross_stall_occ_r1,temp_opt_r4,cross,block_or_occupancy,cross_stall_occ,temp_opt,cross_stall_occ|v6|d6,temp_opt|v7|o6,0,0,0,1.0,0.841825,1.0
cross_stall_occ_r1,temp_opt_r5,cross,block_or_occupancy,cross_stall_occ,temp_opt,cross_stall_occ|v6|d6,temp_opt|v7|o7,0,0,0,1.0,0.841825,1.0
cross_stall_occ_r1,temp_opt_r6,cross,block_or_occupancy,cross_stall_occ,temp_opt,cross_stall_occ|v6|d6,temp_opt|v7|o8,0,0,0,1.0,0.841825,1.0
cross_stall_occ_r1,temp_opt_r7,cross,block_or_occupancy,cross_stall_occ,temp_opt,cross_stall_occ|v6|d6,temp_opt|v8|o6,0,0,0,2.0,0.8165,1.0
cross_stall_occ_r1,temp_opt_r8,cross,block_or_occupancy,cross_stall_occ,temp_opt,cross_stall_occ|v6|d6,temp_opt|v8|o7,0,0,0,2.0,0.841825,1.0
cross_stall_occ_r1,temp_opt_r9,cross,block_or_occupancy,cross_stall_occ,temp_opt,cross_stall_occ|v6|d6,temp_opt|v8|o8,0,0,0,2.0,0.841825,1.0
cross_stall_occ_r10,cross_stall_occ_r11,cross,cross,cross_stall_occ,cross_stall_occ,cross_stall_occ|v7|d7,cross_stall_occ|v8|d7,1,1,0,1.0,0.294925,1.0
cross_stall_occ_r10,cross_stall_occ_r12,cross,cross,cross_stall_occ,cross_stall_occ,cross_stall_occ|v7|d7,cross_stall_occ|v8|d8,1,1,0,1.0,0.266988,1.0
cross_stall_occ_r10,cross_stall_occ_r2,cross,cross,cross_stall_occ,cross_stall_occ,cross_stall_occ|v7|d7,cross_stall_occ|v6|d7,1,1,0,1.0,0.275087,1.0
cross_stall_occ_r10,cross_stall_occ_r3,cross,cross,cross_stall_occ,cross_stall_occ,cross_stall_occ|v7|d7,cross_stall_occ|v7|d7,1,1,1,0.0,0.022325,0.0531
cross_stall_occ_r10,cross_stall_occ_r4,cross,cross,cross_stall_occ,cross_stall_occ,cross_stall_occ|v7|d7,cross_stall_occ|v7|d7,1,1,1,0.0,0.02,0.0459
cross_stall_occ_r10,cross_stall_occ_r5,cross,cross,cross_stall_occ,cross_stall_occ,cross_stall_occ|v7|d7,cross_stall_occ|v8|d7,1,1,0,1.0,0.266838,1.0
cross_stall_occ_r10,cross_stall_occ_r6,cross,cross,cross_stall_occ,cross_stall_occ,cross_stall_occ|v7|d7,cross_stall_occ|v8|d8,1,1,0,1.0,0.266763,1.0
cross_stall_occ_r10,cross_stall_occ_r7,cross,cross,cross_stall_occ,cross_stall_occ,cross_stall_occ|v7|d7,cross_stall_occ|v6|d6,1,1,0,1.0,0.264625,1.0
cross_stall_occ_r10,cross_stall_occ_r8,cross,cross,cross_stall_occ,cross_stall_occ,cross_stall_occ|v7|d7,cross_stall_occ|v6|d7,1,1,0,1.0,0.267225,1.0
cross_stall_occ_r10,cross_stall_occ_r9,cross,cross,cross_stall_occ,cross_stall_occ,cross_stall_occ|v7|d7,cross_stall_occ|v7|d7,1,1,1,0.0,0.029713,0.0696
cross_stall_occ_r10,cross_stall_r1,cross,cross,cross_stall_occ,cross_stall,cross_stall_occ|v7|d7,cross_stall|v6|d6,1,0,0,1.0,0.810137,1.0
cross_stall_occ_r10,cross_stall_r10,cross,cross,cross_stall_occ,cross_stall,cross_stall_occ|v7|d7,cross_stall|v7|d7,1,0,0,0.0,0.810137,1.0
cross_stall_occ_r10,cross_stall_r11,cross,cross,cross_stall_occ,cross_stall,cross_stall_occ|v7|d7,cross_stall|v8|d7,1,0,0,1.0,0.806875,1.0
cross_stall_occ_r10,cross_stall_r12,cross,cross,cross_stall_occ,cross_stall,cross_stall_occ|v7|d7,cross_stall|v8|d8,1,0,0,1.0,0.810137,1.0
cross_stall_occ_r10,cross_stall_r2,cross,cross,cross_stall_occ,cross_stall,cross_stall_occ|v7|d7,cross_stall|v6|d6,1,0,0,1.0,0.810137,1.0
cross_stall_occ_r10,cross_stall_r3,cross,cross,cross_stall_occ,cross_stall,cross_stall_occ|v7|d7,cross_stall|v7|d6,1,0,0,0.0,0.805212,1.0
cross_stall_occ_r10,cross_stall_r4,cross,cross,cross_stall_occ,cross_stall,cross_stall_occ|v7|d7,cross_stall|v7|d7,1,0,0,0.0,0.810137,1.0
cross_stall_occ_r10,cross_stall_r5,cross,cross,cross_stall_occ,cross_stall,cross_stall_occ|v7|d7,cross_stall|v8|d7,1,0,0,1.0,0.775238,1.0
cross_stall_occ_r10,cross_stall_r6,cross,cross,cross_stall_occ,cross_stall,cross_stall_occ|v7|d7,cross_stall|v8|d8,1,0,0,1.0,0.810137,1.0
cross_stall_occ_r10,cross_stall_r7,cross,cross,cross_stall_occ,cross_stall,cross_stall_occ|v7|d7,cross_stall|v6|d6,1,0,0,1.0,0.810137,1.0
cross_stall_occ_r10,cross_stall_r8,cross,cross,cross_stall_occ,cross_stall,cross_stall_occ|v7|d7,cross_stall|v6|d6,1,0,0,1.0,0.810137,1.0
cross_stall_occ_r10,cross_stall_r9,cross,cross,cross_stall_occ,cross_stall,cross_stall_occ|v7|d7,cross_stall|v7|d6,1,0,0,0.0,0.810137,1.0
cross_stall_occ_r10,lead_cont_r1,cross,lead,cross_stall_occ,lead_cont,cross_stall_occ|v7|d7,lead_cont|v6|s5,0,0,0,1.0,0.272562,1.0
cross_stall_occ_r10,lead_cont_r10,cross,lead,cross_stall_occ,lead_cont,cross_stall_occ|v7|d7,lead_cont|v9|s8,0,0,0,2.0,0.19315,1.0
cross_stall_occ_r10,lead_cont_r11,cross,lead,cross_stall_occ,lead_cont,cross_stall_occ|v7|d7,lead_cont|v7|s6,0,0,0,0.0,0.039587,0.0918
cross_stall_occ_r10,lead_cont_r12,cross,lead,cross_stall_occ,lead_cont,cross_stall_occ|v7|d7,lead_cont|v8|s7,0,0,0,1.0,0.34585,1.0
cross_stall_occ_r10,lead_cont_r2,cross,lead,cross_stall_occ,lead_cont,cross_stall_occ|v7|d7,lead_cont|v6|s5,0,0,0,1.0,0.345687,1.0
cross_stall_occ_r10,lead_cont_r3,cross,lead,cross_stall_occ,lead_cont,cross_stall_occ|v7|d7,lead_cont|v7|s5,0,0,0,0.0,0.04435,0.1018
cross_stall_occ_r10,lead_cont_r4,cross,lead,cross_stall_occ,lead_cont,cross_stall_occ|v7|d7,lead_cont|v7|s6,0,0,0,0.0,0.089137,0.2066
cross_stall_occ_r10,lead_cont_r5,cross,lead,cross_stall_occ,lead_cont,cross_stall_occ|v7|d7,lead_cont|v8|s6,0,0,0,1.0,0.298913,1.0
cross_stall_occ_r10,lead_cont_r6,cross,lead,cross_stall_occ,lead_cont,cross_stall_occ|v7|d7,lead_cont|v8|s7,0,0,0,1.0,0.364413,1.0
cross_stall_occ_r10,lead_cont_r7,cross,lead,cross_stall_occ,lead_cont,cross_stall_occ|v7|d7,lead_cont|v8|s7,0,0,0,1.0,0.34585,1.0
cross_stall_occ_r10,lead_cont_r8,cross,lead,cross_stall_occ,lead_cont,cross_stall_occ|v7|d7,lead_cont|v9|s7,0,0,0,2.0,0.19315,1.0
cross_stall_occ_r10,lead_cont_r9,cross,lead,cross_stall_occ,lead_cont,cross_stall_occ|v7|d7,lead_cont|v9|s8,0,0,0,2.0,0.1971,1.0
cross_stall_occ_r10,lead_nec_r1,cross,lead,cross_stall_occ,lead_nec,cross_stall_occ|v7|d7,lead_nec|v6|s5,0,0,0,1.0,0.810137,1.0
cross_stall_occ_r10,lead_nec_r10,cross,lead,cross_stall_occ,lead_nec,cross_stall_occ|v7|d7,lead_nec|v9|s8,0,0,0,2.0,0.810137,1.0
cross_stall_occ_r10,lead_nec_r11,cross,lead,cross_stall_occ,lead_nec,cross_stall_occ|v7|d7,lead_nec|v7|s6,0,0,0,0.0,0.810137,1.0
cross_stall_occ_r10,lead_nec_r12,cross,lead,cross_stall_occ,lead_nec,cross_stall_occ|v7|d7,lead_nec|v8|s7,0,0,0,1.0,0.810137,1.0
cross_stall_occ_r10,lead_nec_r2,cross,lead,cross_stall_occ,lead_nec,cross_stall_occ|v7|d7,lead_nec|v6|s5,0,0,0,1.0,0.810137,1.0
cross_stall_occ_r10,lead_nec_r3,cross,lead,cross_stall_occ,lead_nec,cross_stall_occ|v7|d7,lead_nec|v7|s5,0,0,0,0.0,0.810137,1.0
cross_stall_occ_r10,lead_nec_r4,cross,lead,cross_stall_occ,lead_nec,cross_stall_occ|v7|d7,lead_nec|v7|s6,0,0,0,0.0,0.810137,1.0
cross_stall_occ_r10,lead_nec_r5,cross,lead,cross_stall_occ,lead_nec,cross_stall_occ|v7|d7,lead_nec|v8|s6,0,0,0,1.0,0.810137,1.0
cross_stall_occ_r10,lead_nec_r6,cross,lead,cross_stall_occ,lead_nec,cross_stall_occ|v7|d7,lead_nec|v8|s7,0,0,0,1.0,0.810137,1.0
cross_stall_occ_r10,lead_nec_r7,cross,lead,cross_stall_occ,lead_nec,cross_stall_occ|v7|d7,lead_nec|v8|s7,0,0,0,1.0,0.810137,1.0
cross_stall_occ_r10,lead_nec_r8,cross,lead,cross_stall_occ,lead_nec,cross_stall_occ|v7|d7,lead_nec|v9|s7,0,0,0,2.0,0.810137,1.0
cross_stall_occ_r10,lead_nec_r9,cross,lead,cross_stall_occ,lead_nec,cross_stall_occ|v7|d7,lead_nec|v9|s8,0,0,0,2.0,0.810137,1.0
cross_stall_occ_r10,lead_opt_r1,cross,lead,cross_stall_occ,lead_opt,cross_stall_occ|v7|d7,lead_opt|v6|s6,0,0,0,1.0,0.810137,1.0
cross_stall_occ_r10,lead_opt_r10,cross,lead,cross_stall_occ,lead_opt,cross_stall_occ|v7|d7,lead_opt|v8|s7,0,0,0,1.0,0.810137,1.0
cross_stall_occ_r10,lead_opt_r11,cross,lead,cross_stall_occ,lead_opt,cross_stall_occ|v7|d7,lead_opt|v6|s6,0,0,0,1.0,0.810137,1.0
cross_stall_occ_r10,lead_opt_r12,cross,lead,cross_stall_occ,lead_opt,cross_stall_occ|v7|d7,lead_opt|v7|s7,0,0,0,0.0,0.810137,1.0
cross_stall_occ_r10,lead_opt_r2,cross,lead,cross_stall_occ,lead_opt,cross_stall_occ|v7|d7,lead_opt|v6|s6,0,0,0,1.0,0.810137,1.0
cross_stall_occ_r10,lead_opt_r3,cross,lead,cross_stall_occ,lead_opt,cross_stall_occ|v7|d7,lead_opt|v7|s6,0,0,0,0.0,0.810137,1.0
cross_stall_occ_r10,lead_opt_r4,cross,lead,cross_stall_occ,lead_opt,cross_stall_occ|v7|d7,lead_opt|v7|s6,0,0,0,0.0,0.810137,1.0
cross_stall_occ_r10,lead_opt_r5,cross,lead,cross_stall_occ,lead_opt,cross_stall_occ|v7|d7,lead_opt|v8|s7,0,0,0,1.0,0.810137,1.0
cross_stall_occ_r10,lead_opt_r6,cross,lead,cross_stall_occ,lead_opt,cross_stall_occ|v7|d7,lead_opt|v8|s7,0,0,0,1.0,0.810137,1.0
cross_stall_occ_r10,lead_opt_r7,cross,lead,cross_stall_occ,lead_opt,cross_stall_occ|v7|d7,lead_opt|v9|s7,0,0,0,2.0,0.810137,1.0
cross_stall_occ_r10,lead_opt_r8,cross,lead,cross_stall_occ,lead_opt,cross_stall_occ|v7|d7,lead_opt|v9|s7,0,0,0,2.0,0.810137,1.0
cross_stall_occ_r10,lead_opt_r9,cross,lead,cross_stall_occ,lead_opt,cross_stall_occ|v7|d7,lead_opt|v7|s6,0,0,0,0.0,0.810137,1.0
cross_stall_occ_r10,temp_opt_r1,cross,block_or_occupancy,cross_stall_occ,temp_opt,cross_stall_occ|v7|d7,temp_opt|v6|o6,0,0,0,1.0,0.810137,1.0
cross_stall_occ_r10,temp_opt_r10,cross,block_or_occupancy,cross_stall_occ,temp_opt,cross_stall_occ|v7|d7,temp_opt|v6|o7,0,0,0,1.0,0.810137,1.0
cross_stall_occ_r10,temp_opt_r11,cross,block_or_occupancy,cross_stall_occ,temp_opt,cross_stall_occ|v7|d7,temp_opt|v7|o8,0,0,0,0.0,0.810137,1.0
cross_stall_occ_r10,temp_opt_r12,cross,block_or_occupancy,cross_stall_occ,temp_opt,cross_stall_occ|v7|d7,temp_opt|v8|o7,0,0,0,1.0,0.806875,1.0
cross_stall_occ_r10,temp_opt_r2,cross,block_or_occupancy,cross_stall_occ,temp_opt,cross_stall_occ|v7|d7,temp_opt|v6|o7,0,0,0,1.0,0.810137,1.0
cross_stall_occ_r10,temp_opt_r3,cross,block_or_occupancy,cross_stall_occ,temp_opt,cross_stall_occ|v7|d7,temp_opt|v6|o8,0,0,0,1.0,0.810137,1.0
cross_stall_occ_r10,temp_opt_r4,cross,block_or_occupancy,cross_stall_occ,temp_opt,cross_stall_occ|v7|d7,temp_opt|v7|o6,0,0,0,0.0,0.810137,1.0
cross_stall_occ_r10,temp_opt_r5,cross,block_or_occupancy,cross_stall_occ,temp_opt,cross_stall_occ|v7|d7,temp_opt|v7|o7,0,0,0,0.0,0.810137,1.0
cross_stall_occ_r10,temp_opt_r6,cross,block_or_occupancy,cross_stall_occ,temp_opt,cross_stall_occ|v7|d7,temp_opt|v7|o8,0,0,0,0.0,0.810137,1.0
cross_stall_occ_r10,temp_opt_r7,cross,block_or_occupancy,cross_stall_occ,temp_opt,cross_stall_occ|v7|d7,temp_opt|v8|o6,0,0,0,1.0,0.784812,1.0
cross_stall_occ_r10,temp_opt_r8,cross,block_or_occupancy,cross_stall_occ,temp_opt,cross_stall_occ|v7|d7,temp_opt|v8|o7,0,0,0,1.0,0.810137,1.0
cross_stall_occ_r10,temp_opt_r9,cross,block_or_occupancy,cross_stall_occ,temp_opt,cross_stall_occ|v7|d7,temp_opt|v8|o8,0,0,0,1.0,0.810137,1.0
cross_stall_occ_r11,cross_stall_occ_r12,cross,cross,cross_stall_occ,cross_stall_occ,cross_stall_occ|v8|d7,cross_stall_occ|v8|d8,1,1,0,0.0,0.027937,0.0631
cross_stall_occ_r11,cross_stall_occ_r2,cross,cross,cross_stall_occ,cross_stall_occ,cross_stall_occ|v8|d7,cross_stall_occ|v6|d7,1,1,0,2.0,0.070013,0.1823
cross_stall_occ_r11,cross_stall_occ_r3,cross,cross,cross_stall_occ,cross_stall_occ,cross_stall_occ|v8|d7,cross_stall_occ|v7|d7,1,1,0,1.0,0.2726,1.0
cross_stall_occ_r11,cross_stall_occ_r4,cross,cross,cross_stall_occ,cross_stall_occ,cross_stall_occ|v8|d7,cross_stall_occ|v7|d7,1,1,0,1.0,0.314925,1.0
cross_stall_occ_r11,cross_stall_occ_r5,cross,cross,cross_stall_occ,cross_stall_occ,cross_stall_occ|v8|d7,cross_stall_occ|v8|d7,1,1,1,0.0,0.028087,0.0638
cross_stall_occ_r11,cross_stall_occ_r6,cross,cross,cross_stall_occ,cross_stall_occ,cross_stall_occ|v8|d7,cross_stall_occ|v8|d8,1,1,0,0.0,0.028163,0.0638
cross_stall_occ_r11,cross_stall_occ_r7,cross,cross,cross_stall_occ,cross_stall_occ,cross_stall_occ|v8|d7,cross_stall_occ|v6|d6,1,1,0,2.0,0.0303,0.0872
cross_stall_occ_r11,cross_stall_occ_r8,cross,cross,cross_stall_occ,cross_stall_occ,cross_stall_occ|v8|d7,cross_stall_occ|v6|d7,1,1,0,2.0,0.06215,0.1642
cross_stall_occ_r11,cross_stall_occ_r9,cross,cross,cross_stall_occ,cross_stall_occ,cross_stall_occ|v8|d7,cross_stall_occ|v7|d7,1,1,0,1.0,0.265212,1.0
cross_stall_occ_r11,cross_stall_r1,cross,cross,cross_stall_occ,cross_stall,cross_stall_occ|v8|d7,cross_stall|v6|d6,1,0,0,2.0,0.880325,1.0
cross_stall_occ_r11,cross_stall_r10,cross,cross,cross_stall_occ,cross_stall,cross_stall_occ|v8|d7,cross_stall|v7|d7,1,0,0,1.0,0.880325,1.0
cross_stall_occ_r11,cross_stall_r11,cross,cross,cross_stall_occ,cross_stall,cross_stall_occ|v8|d7,cross_stall|v8|d7,1,0,0,0.0,0.877062,1.0
cross_stall_occ_r11,cross_stall_r12,cross,cross,cross_stall_occ,cross_stall,cross_stall_occ|v8|d7,cross_stall|v8|d8,1,0,0,0.0,0.880325,1.0
cross_stall_occ_r11,cross_stall_r2,cross,cross,cross_stall_occ,cross_stall,cross_stall_occ|v8|d7,cross_stall|v6|d6,1,0,0,2.0,0.880325,1.0
cross_stall_occ_r11,cross_stall_r3,cross,cross,cross_stall_occ,cross_stall,cross_stall_occ|v8|d7,cross_stall|v7|d6,1,0,0,1.0,0.8754,1.0
cross_stall_occ_r11,cross_stall_r4,cross,cross,cross_stall_occ,cross_stall,cross_stall_occ|v8|d7,cross_stall|v7|d7,1,0,0,1.0,0.880325,1.0
cross_stall_occ_r11,cross_stall_r5,cross,cross,cross_stall_occ,cross_stall,cross_stall_occ|v8|d7,cross_stall|v8|d7,1,0,0,0.0,0.845425,1.0
cross_stall_occ_r11,cross_stall_r6,cross,cross,cross_stall_occ,cross_stall,cross_stall_occ|v8|d7,cross_stall|v8|d8,1,0,0,0.0,0.880325,1.0
cross_stall_occ_r11,cross_stall_r7,cross,cross,cross_stall_occ,cross_stall,cross_stall_occ|v8|d7,cross_stall|v6|d6,1,0,0,2.0,0.880325,1.0
cross_stall_occ_r11,cross_stall_r8,cross,cross,cross_stall_occ,cross_stall,cross_stall_occ|v8|d7,cross_stall|v6|d6,1,0,0,2.0,0.880325,1.0
cross_stall_occ_r11,cross_stall_r9,cross,cross,cross_stall_occ,cross_stall,cross_stall_occ|v8|d7,cross_stall|v7|d6,1,0,0,1.0,0.880325,1.0
cross_stall_occ_r11,lead_cont_r1,cross,lead,cross_stall_occ,lead_cont,cross_stall_occ|v8|d7,lead_cont|v6|s5,0,0,0,2.0,0.067488,0.1768
cross_stall_occ_r11,lead_cont_r10,cross,lead,cross_stall_occ,lead_cont,cross_stall_occ|v8|d7,lead_cont|v9|s8,0,0,0,1.0,0.2378,1.0
cross_stall_occ_r11,lead_cont_r11,cross,lead,cross_stall_occ,lead_cont,cross_stall_occ|v8|d7,lead_cont|v7|s6,0,0,0,1.0,0.334512,1.0
cross_stall_occ_r11,lead_cont_r12,cross,lead,cross_stall_occ,lead_cont,cross_stall_occ|v8|d7,lead_cont|v8|s7,0,0,0,0.0,0.140775,0.3191
cross_stall_occ_r11,lead_cont_r2,cross,lead,cross_stall_occ,lead_cont,cross_stall_occ|v8|d7,lead_cont|v6|s5,0,0,0,2.0,0.140613,0.3521
cross_stall_occ_r11,lead_cont_r3,cross,lead,cross_stall_occ,lead_cont,cross_stall_occ|v8|d7,lead_cont|v7|s5,0,0,0,1.0,0.339275,1.0
cross_stall_occ_r11,lead_cont_r4,cross,lead,cross_stall_occ,lead_cont,cross_stall_occ|v8|d7,lead_cont|v7|s6,0,0,0,1.0,0.384062,1.0
cross_stall_occ_r11,lead_cont_r5,cross,lead,cross_stall_occ,lead_cont,cross_stall_occ|v8|d7,lead_cont|v8|s6,0,0,0,0.0,0.093838,0.2127
cross_stall_occ_r11,lead_cont_r6,cross,lead,cross_stall_occ,lead_cont,cross_stall_occ|v8|d7,lead_cont|v8|s7,0,0,0,0.0,0.159337,0.3617
cross_stall_occ_r11,lead_cont_r7,cross,lead,cross_stall_occ,lead_cont,cross_stall_occ|v8|d7,lead_cont|v8|s7,0,0,0,0.0,0.140775,0.3191
cross_stall_occ_r11,lead_cont_r8,cross,lead,cross_stall_occ,lead_cont,cross_stall_occ|v8|d7,lead_cont|v9|s7,0,0,0,1.0,0.2378,1.0
cross_stall_occ_r11,lead_cont_r9,cross,lead,cross_stall_occ,lead_cont,cross_stall_occ|v8|d7,lead_cont|v9|s8,0,0,0,1.0,0.24175,1.0
cross_stall_occ_r11,lead_nec_r1,cross,lead,cross_stall_occ,lead_nec,cross_stall_occ|v8|d7,lead_nec|v6|s5,0,0,0,2.0,0.880325,1.0
cross_stall_occ_r11,lead_nec_r10,cross,lead,cross_stall_occ,lead_nec,cross_stall_occ|v8|d7,lead_nec|v9|s8,0,0,0,1.0,0.880325,1.0
cross_stall_occ_r11,lead_nec_r11,cross,lead,cross_stall_occ,lead_nec,cross_stall_occ|v8|d7,lead_nec|v7|s6,0,0,0,1.0,0.880325,1.0
cross_stall_occ_r11,lead_nec_r12,cross,lead,cross_stall_occ,lead_nec,cross_stall_occ|v8|d7,lead_nec|v8|s7,0,0,0,0.0,0.880325,1.0
cross_stall_occ_r11,lead_nec_r2,cross,lead,cross_stall_occ,lead_nec,cross_stall_occ|v8|d7,lead_nec|v6|s5,0,0,0,2.0,0.880325,1.0
cross_stall_occ_r11,lead_nec_r3,cross,lead,cross_stall_occ,lead_nec,cross_stall_occ|v8|d7,lead_nec|v7|s5,0,0,0,1.0,0.880325,1.0
cross_stall_occ_r11,lead_nec_r4,cross,lead,cross_stall_occ,lead_nec,cross_stall_occ|v8|d7,lead_nec|v7|s6,0,0,0,1.0,0.880325,1.0
cross_stall_occ_r11,lead_nec_r5,cross,lead,cross_stall_occ,lead_nec,cross_stall_occ|v8|d7,lead_nec|v8|s6,0,0,0,0.0,0.880325,1.0
cross_stall_occ_r11,lead_nec_r6,cross,lead,cross_stall_occ,lead_nec,cross_stall_occ|v8|d7,lead_nec|v8|s7,0,0,0,0.0,0.880325,1.0
cross_stall_occ_r11,lead_nec_r7,cross,lead,cross_stall_occ,lead_nec,cross_stall_occ|v8|d7,lead_nec|v8|s7,0,0,0,0.0,0.880325,1.0
cross_stall_occ_r11,lead_nec_r8,cross,lead,cross_stall_occ,lead_nec,cross_stall_occ|v8|d7,lead_nec|v9|s7,0,0,0,1.0,0.880325,1.0
cross_stall_occ_r11,lead_nec_r9,cross,lead,cross_stall_occ,lead_nec,cross_stall_occ|v8|d7,lead_nec|v9|s8,0,0,0,1.0,0.880325,1.0
cross_stall_occ_r11,lead_opt_r1,cross,lead,cross_stall_occ,lead_opt,cross_stall_occ|v8|d7,lead_opt|v6|s6,0,0,0,2.0,0.880325,1.0
cross_stall_occ_r11,lead_opt_r10,cross,lead,cross_stall_occ,lead_opt,cross_stall_occ|v8|d7,lead_opt|v8|s7,0,0,0,0.0,0.880325,1.0
cross_stall_occ_r11,lead_opt_r11,cross,lead,cross_stall_occ,lead_opt,cross_stall_occ|v8|d7,lead_opt|v6|s6,0,0,0,2.0,0.880325,1.0
cross_stall_occ_r11,lead_opt_r12,cross,lead,cross_stall_occ,lead_opt,cross_stall_occ|v8|d7,lead_opt|v7|s7,0,0,0,1.0,0.880325,1.0
cross_stall_occ_r11,lead_opt_r2,cross,lead,cross_stall_occ,lead_opt,cross_stall_occ|v8|d7,lead_opt|v6|s6,0,0,0,2.0,0.880325,1.0
cross_stall_occ_r11,lead_opt_r3,cross,lead,cross_stall_occ,lead_opt,cross_stall_occ|v8|d7,lead_opt|v7|s6,0,0,0,1.0,0.880325,1.0
cross_stall_occ_r11,lead_opt_r4,cross,lead,cross_stall_occ,lead_opt,cross_stall_occ|v8|d7,lead_opt|v7|s6,0,0,0,1.0,0.880325,1.0
cross_stall_occ_r11,lead_opt_r5,cross,lead,cross_stall_occ,lead_opt,cross_stall_occ|v8|d7,lead_opt|v8|s7,0,0,0,0.0,0.880325,1.0
cross_stall_occ_r11,lead_opt_r6,cross,lead,cross_stall_occ,lead_opt,cross_stall_occ|v8|d7,lead_opt|v8|s7,0,0,0,0.0,0.880325,1.0
cross_stall_occ_r11,lead_opt_r7,cross,lead,cross_stall_occ,lead_opt,cross_stall_occ|v8|d7,lead_opt|v9|s7,0,0,0,1.0,0.880325,1.0
cross_stall_occ_r11,lead_opt_r8,cross,lead,cross_stall_occ,lead_opt,cross_stall_occ|v8|d7,lead_opt|v9|s7,0,0,0,1.0,0.880325,1.0
cross_stall_occ_r11,lead_opt_r9,cross,lead,cross_stall_occ,lead_opt,cross_stall_occ|v8|d7,lead_opt|v7|s6,0,0,0,1.0,0.880325,1.0
cross_stall_occ_r11,temp_opt_r1,cross,block_or_occupancy,cross_stall_occ,temp_opt,cross_stall_occ|v8|d7,temp_opt|v6|o6,0,0,0,2.0,0.880325,1.0
cross_stall_occ_r11,temp_opt_r10,cross,block_or_occupancy,cross_stall_occ,temp_opt,cross_stall_occ|v8|d7,temp_opt|v6|o7,0,0,0,2.0,0.880325,1.0
cross_stall_occ_r11,temp_opt_r11,cross,block_or_occupancy,cross_stall_occ,temp_opt,cross_stall_occ|v8|d7,temp_opt|v7|o8,0,0,0,1.0,0.880325,1.0
cross_stall_occ_r11,temp_opt_r12,cross,block_or_occupancy,cross_stall_occ,temp_opt,cross_stall_occ|v8|d7,temp_opt|v8|o7,0,0,0,0.0,0.877062,1.0
cross_stall_occ_r11,temp_opt_r2,cross,block_or_occupancy,cross_stall_occ,temp_opt,cross_stall_occ|v8|d7,temp_opt|v6|o7,0,0,0,2.0,0.880325,1.0
cross_stall_occ_r11,temp_opt_r3,cross,block_or_occupancy,cross_stall_occ,temp_opt,cross_stall_occ|v8|d7,temp_opt|v6|o8,0,0,0,2.0,0.880325,1.0
cross_stall_occ_r11,temp_opt_r4,cross,block_or_occupancy,cross_stall_occ,temp_opt,cross_stall_occ|v8|d7,temp_opt|v7|o6,0,0,0,1.0,0.880325,1.0
cross_stall_occ_r11,temp_opt_r5,cross,block_or_occupancy,cross_stall_occ,temp_opt,cross_stall_occ|v8|d7,temp_opt|v7|o7,0,0,0,1.0,0.880325,1.0
cross_stall_occ_r11,temp_opt_r6,cross,block_or_occupancy,cross_stall_occ,temp_opt,cross_stall_occ|v8|d7,temp_opt|v7|o8,0,0,0,1.0,0.880325,1.0
cross_stall_occ_r11,temp_opt_r7,cross,block_or_occupancy,cross_stall_occ,temp_opt,cross_stall_occ|v8|d7,temp_opt|v8|o6,0,0,0,0.0,0.855,1.0
cross_stall_occ_r11,temp_opt_r8,cross,block_or_occupancy,cross_stall_occ,temp_opt,cross_stall_occ|v8|d7,temp_opt|v8|o7,0,0,0,0.0,0.880325,1.0
cross_stall_occ_r11,temp_opt_r9,cross,block_or_occupancy,cross_stall_occ,temp_opt,cross_stall_occ|v8|d7,temp_opt|v8|o8,0,0,0,0.0,0.880325,1.0
cross_stall_occ_r12,cross_stall_occ_r2,cross,cross,cross_stall_occ,cross_stall_occ,cross_stall_occ|v8|d8,cross_stall_occ|v6|d7,1,1,0,2.0,0.042075,0.1192
cross_stall_occ_r12,cross_stall_occ_r3,cross,cross,cross_stall_occ,cross_stall_occ,cross_stall_occ|v8|d8,cross_stall_occ|v7|d7,1,1,0,1.0,0.255337,1.0
cross_stall_occ_r12,cross_stall_occ_r4,cross,cross,cross_stall_occ,cross_stall_occ,cross_stall_occ|v8|d8,cross_stall_occ|v7|d7,1,1,0,1.0,0.286988,1.0
cross_stall_occ_r12,cross_stall_occ_r5,cross,cross,cross_stall_occ,cross_stall_occ,cross_stall_occ|v8|d8,cross_stall_occ|v8|d7,1,1,0,0.0,0.00015,0.0007
cross_stall_occ_r12,cross_stall_occ_r6,cross,cross,cross_stall_occ,cross_stall_occ,cross_stall_occ|v8|d8,cross_stall_occ|v8|d8,1,1,1,0.0,0.000225,0.0011
cross_stall_occ_r12,cross_stall_occ_r7,cross,cross,cross_stall_occ,cross_stall_occ,cross_stall_occ|v8|d8,cross_stall_occ|v6|d6,1,1,0,2.0,0.005513,0.0241
cross_stall_occ_r12,cross_stall_occ_r8,cross,cross,cross_stall_occ,cross_stall_occ,cross_stall_occ|v8|d8,cross_stall_occ|v6|d7,1,1,0,2.0,0.034213,0.1011
cross_stall_occ_r12,cross_stall_occ_r9,cross,cross,cross_stall_occ,cross_stall_occ,cross_stall_occ|v8|d8,cross_stall_occ|v7|d7,1,1,0,1.0,0.262725,1.0
cross_stall_occ_r12,cross_stall_r1,cross,cross,cross_stall_occ,cross_stall,cross_stall_occ|v8|d8,cross_stall|v6|d6,1,0,0,2.0,0.852388,1.0
cross_stall_occ_r12,cross_stall_r10,cross,cross,cross_stall_occ,cross_stall,cross_stall_occ|v8|d8,cross_stall|v7|d7,1,0,0,1.0,0.852388,1.0
cross_stall_occ_r12,cross_stall_r11,cross,cross,cross_stall_occ,cross_stall,cross_stall_occ|v8|d8,cross_stall|v8|d7,1,0,0,0.0,0.849125,1.0
cross_stall_occ_r12,cross_stall_r12,cross,cross,cross_stall_occ,cross_stall,cross_stall_occ|v8|d8,cross_stall|v8|d8,1,0,0,0.0,0.852388,1.0
cross_stall_occ_r12,cross_stall_r2,cross,cross,cross_stall_occ,cross_stall,cross_stall_occ|v8|d8,cross_stall|v6|d6,1,0,0,2.0,0.852388,1.0
cross_stall_occ_r12,cross_stall_r3,cross,cross,cross_stall_occ,cross_stall,cross_stall_occ|v8|d8,cross_stall|v7|d6,1,0,0,1.0,0.847463,1.0
cross_stall_occ_r12,cross_stall_r4,cross,cross,cross_stall_occ,cross_stall,cross_stall_occ|v8|d8,cross_stall|v7|d7,1,0,0,1.0,0.852388,1.0
cross_stall_occ_r12,cross_stall_r5,cross,cross,cross_stall_occ,cross_stall,cross_stall_occ|v8|d8,cross_stall|v8|d7,1,0,0,0.0,0.817488,1.0
cross_stall_occ_r12,cross_stall_r6,cross,cross,cross_stall_occ,cross_stall,cross_stall_occ|v8|d8,cross_stall|v8|d8,1,0,0,0.0,0.852388,1.0
cross_stall_occ_r12,cross_stall_r7,cross,cross,cross_stall_occ,cross_stall,cross_stall_occ|v8|d8,cross_stall|v6|d6,1,0,0,2.0,0.852388,1.0
cross_stall_occ_r12,cross_stall_r8,cross,cross,cross_stall_occ,cross_stall,cross_stall_occ|v8|d8,cross_stall|v6|d6,1,0,0,2.0,0.852388,1.0
cross_stall_occ_r12,cross_stall_r9,cross,cross,cross_stall_occ,cross_stall,cross_stall_occ|v8|d8,cross_stall|v7|d6,1,0,0,1.0,0.852388,1.0
cross_stall_occ_r12,lead_cont_r1,cross,lead,cross_stall_occ,lead_cont,cross_stall_occ|v8|d8,lead_cont|v6|s5,0,0,0,2.0,0.03955,0.1137
cross_stall_occ_r12,lead_cont_r10,cross,lead,cross_stall_occ,lead_cont,cross_stall_occ|v8|d8,lead_cont|v9|s8,0,0,0,1.0,0.209863,1.0
cross_stall_occ_r12,lead_cont_r11,cross,lead,cross_stall_occ,lead_cont,cross_stall_occ|v8|d8,lead_cont|v7|s6,0,0,0,1.0,0.306575,1.0
cross_stall_occ_r12,lead_cont_r12,cross,lead,cross_stall_occ,lead_cont,cross_stall_occ|v8|d8,lead_cont|v8|s7,0,0,0,0.0,0.112838,0.256
cross_stall_occ_r12,lead_cont_r2,cross,lead,cross_stall_occ,lead_cont,cross_stall_occ|v8|d8,lead_cont|v6|s5,0,0,0,2.0,0.112675,0.289
cross_stall_occ_r12,lead_cont_r3,cross,lead,cross_stall_occ,lead_cont,cross_stall_occ|v8|d8,lead_cont|v7|s5,0,0,0,1.0,0.311338,1.0
cross_stall_occ_r12,lead_cont_r4,cross,lead,cross_stall_occ,lead_cont,cross_stall_occ|v8|d8,lead_cont|v7|s6,0,0,0,1.0,0.356125,1.0
cross_stall_occ_r12,lead_cont_r5,cross,lead,cross_stall_occ,lead_cont,cross_stall_occ|v8|d8,lead_cont|v8|s6,0,0,0,0.0,0.0659,0.1496
cross_stall_occ_r12,lead_cont_r6,cross,lead,cross_stall_occ,lead_cont,cross_stall_occ|v8|d8,lead_cont|v8|s7,0,0,0,0.0,0.1314,0.2986
cross_stall_occ_r12,lead_cont_r7,cross,lead,cross_stall_occ,lead_cont,cross_stall_occ|v8|d8,lead_cont|v8|s7,0,0,0,0.0,0.112838,0.256
cross_stall_occ_r12,lead_cont_r8,cross,lead,cross_stall_occ,lead_cont,cross_stall_occ|v8|d8,lead_cont|v9|s7,0,0,0,1.0,0.209863,1.0
cross_stall_occ_r12,lead_cont_r9,cross,lead,cross_stall_occ,lead_cont,cross_stall_occ|v8|d8,lead_cont|v9|s8,0,0,0,1.0,0.213813,1.0
cross_stall_occ_r12,lead_nec_r1,cross,lead,cross_stall_occ,lead_nec,cross_stall_occ|v8|d8,lead_nec|v6|s5,0,0,0,2.0,0.852388,1.0
cross_stall_occ_r12,lead_nec_r10,cross,lead,cross_stall_occ,lead_nec,cross_stall_occ|v8|d8,lead_nec|v9|s8,0,0,0,1.0,0.852388,1.0
cross_stall_occ_r12,lead_nec_r11,cross,lead,cross_stall_occ,lead_nec,cross_stall_occ|v8|d8,lead_nec|v7|s6,0,0,0,1.0,0.852388,1.0
cross_stall_occ_r12,lead_nec_r12,cross,lead,cross_stall_occ,lead_nec,cross_stall_occ|v8|d8,lead_nec|v8|s7,0,0,0,0.0,0.852388,1.0
cross_stall_occ_r12,lead_nec_r2,cross,lead,cross_stall_occ,lead_nec,cross_stall_occ|v8|d8,lead_nec|v6|s5,0,0,0,2.0,0.852388,1.0
cross_stall_occ_r12,lead_nec_r3,cross,lead,cross_stall_occ,lead_nec,cross_stall_occ|v8|d8,lead_nec|v7|s5,0,0,0,1.0,0.852388,1.0
cross_stall_occ_r12,lead_nec_r4,cross,lead,cross_stall_occ,lead_nec,cross_stall_occ|v8|d8,lead_nec|v7|s6,0,0,0,1.0,0.852388,1.0
cross_stall_occ_r12,lead_nec_r5,cross,lead,cross_stall_occ,lead_nec,cross_stall_occ|v8|d8,lead_nec|v8|s6,0,0,0,0.0,0.852388,1.0
cross_stall_occ_r12,lead_nec_r6,cross,lead,cross_stall_occ,lead_nec,cross_stall_occ|v8|d8,lead_nec|v8|s7,0,0,0,0.0,0.852388,1.0
cross_stall_occ_r12,lead_nec_r7,cross,lead,cross_stall_occ,lead_nec,cross_stall_occ|v8|d8,lead_nec|v8|s7,0,0,0,0.0,0.852388,1.0
cross_stall_occ_r12,lead_nec_r8,cross,lead,cross_stall_occ,lead_nec,cross_stall_occ|v8|d8,lead_nec|v9|s7,0,0,0,1.0,0.852388,1.0
cross_stall_occ_r12,lead_nec_r9,cross,lead,cross_stall_occ,lead_nec,cross_stall_occ|v8|d8,lead_nec|v9|s8,0,0,0,1.0,0.852388,1.0
cross_stall_occ_r12,lead_opt_r1,cross,lead,cross_stall_occ,lead_opt,cross_stall_occ|v8|d8,lead_opt|v6|s6,0,0,0,2.0,0.852388,1.0
cross_stall_occ_r12,lead_opt_r10,cross,lead,cross_stall_occ,lead_opt,cross_stall_occ|v8|d8,lead_opt|v8|s7,0,0,0,0.0,0.852388,1.0
cross_stall_occ_r12,lead_opt_r11,cross,lead,cross_stall_occ,lead_opt,cross_stall_occ|v8|d8,lead_opt|v6|s6,0,0,0,2.0,0.852388,1.0
cross_stall_occ_r12,lead_opt_r12,cross,lead,cross_stall_occ,lead_opt,cross_stall_occ|v8|d8,lead_opt|v7|s7,0,0,0,1.0,0.852388,1.0
cross_stall_occ_r12,lead_opt_r2,cross,lead,cross_stall_occ,lead_opt,cross_stall_occ|v8|d8,lead_opt|v6|s6,0,0,0,2.0,0.852388,1.0
cross_stall_occ_r12,lead_opt_r3,cross,lead,cross_stall_occ,lead_opt,cross_stall_occ|v8|d8,lead_opt|v7|s6,0,0,0,1.0,0.852388,1.0
cross_stall_occ_r12,lead_opt_r4,cross,lead,cross_stall_occ,lead_opt,cross_stall_occ|v8|d8,lead_opt|v7|s6,0,0,0,1.0,0.852388,1.0
cross_stall_occ_r12,lead_opt_r5,cross,lead,cross_stall_occ,lead_opt,cross_stall_occ|v8|d8,lead_opt|v8|s7,0,0,0,0.0,0.852388,1.0
cross_stall_occ_r12,lead_opt_r6,cross,lead,cross_stall_occ,lead_opt,cross_stall_occ|v8|d8,lead_opt|v8|s7,0,0,0,0.0,0.852388,1.0
cross_stall_occ_r12,lead_opt_r7,cross,lead,cross_stall_occ,lead_opt,cross_stall_occ|v8|d8,lead_opt|v9|s7,0,0,0,1.0,0.852388,1.0
cross_stall_occ_r12,lead_opt_r8,cross,lead,cross_stall_occ,lead_opt,cross_stall_occ|v8|d8,lead_opt|v9|s7,0,0,0,1.0,0.852388,1.0
cross_stall_occ_r12,lead_opt_r9,cross,lead,cross_stall_occ,lead_opt,cross_stall_occ|v8|d8,lead_opt|v7|s6,0,0,0,1.0,0.852388,1.0
cross_stall_occ_r12,temp_opt_r1,cross,block_or_occupancy,cross_stall_occ,temp_opt,cross_stall_occ|v8|d8,temp_opt|v6|o6,0,0,0,2.0,0.852388,1.0
cross_stall_occ_r12,temp_opt_r10,cross,block_or_occupancy,cross_stall_occ,temp_opt,cross_stall_occ|v8|d8,temp_opt|v6|o7,0,0,0,2.0,0.852388,1.0
cross_stall_occ_r12,temp_opt_r11,cross,block_or_occupancy,cross_stall_occ,temp_opt,cross_stall_occ|v8|d8,temp_opt|v7|o8,0,0,0,1.0,0.852388,1.0
cross_stall_occ_r12,temp_opt_r12,cross,block_or_occupancy,cross_stall_occ,temp_opt,cross_stall_occ|v8|d8,temp_opt|v8|o7,0,0,0,0.0,0.849125,1.0
cross_stall_occ_r12,temp_opt_r2,cross,block_or_occupancy,cross_stall_occ,temp_opt,cross_stall_occ|v8|d8,temp_opt|v6|o7,0,0,0,2.0,0.852388,1.0
cross_stall_occ_r12,temp_opt_r3,cross,block_or_occupancy,cross_stall_occ,temp_opt,cross_stall_occ|v8|d8,temp_opt|v6|o8,0,0,0,2.0,0.852388,1.0
cross_stall_occ_r12,temp_opt_r4,cross,block_or_occupancy,cross_stall_occ,temp_opt,cross_stall_occ|v8|d8,temp_opt|v7|o6,0,0,0,1.0,0.852388,1.0
cross_stall_occ_r12,temp_opt_r5,cross,block_or_occupancy,cross_stall_occ,temp_opt,cross_stall_occ|v8|d8,temp_opt|v7|o7,0,0,0,1.0,0.852388,1.0
cross_stall_occ_r12,temp_opt_r6,cross,block_or_occupancy,cross_stall_occ,temp_opt,cross_stall_occ|v8|d8,temp_opt|v7|o8,0,0,0,1.0,0.852388,1.0
cross_stall_occ_r12,temp_opt_r7,cross,block_or_occupancy,cross_stall_occ,temp_opt,cross_stall_occ|v8|d8,temp_opt|v8|o6,0,0,0,0.0,0.827063,1.0
cross_stall_occ_r12,temp_opt_r8,cross,block_or_occupancy,cross_stall_occ,temp_opt,cross_stall_occ|v8|d8,temp_opt|v8|o7,0,0,0,0.0,0.852388,1.0
cross_stall_occ_r12,temp_opt_r9,cross,block_or_occupancy,cross_stall_occ,temp_opt,cross_stall_occ|v8|d8,temp_opt|v8|o8,0,0,0,0.0,0.852388,1.0
cross_stall_occ_r2,cross_stall_occ_r3,cross,cross,cross_stall_occ,cross_stall_occ,cross_stall_occ|v6|d7,cross_stall_occ|v7|d7,1,1,0,1.0,0.297412,1.0
cross_stall_occ_r2,cross_stall_occ_r4,cross,cross,cross_stall_occ,cross_stall_occ,cross_stall_occ|v6|d7,cross_stall_occ|v7|d7,1,1,0,1.0,0.255088,1.0
cross_stall_occ_r2,cross_stall_occ_r5,cross,cross,cross_stall_occ,cross_stall_occ,cross_stall_occ|v6|d7,cross_stall_occ|v8|d7,1,1,0,2.0,0.041925,0.1185
cross_stall_occ_r2,cross_stall_occ_r6,cross,cross,cross_stall_occ,cross_stall_occ,cross_stall_occ|v6|d7,cross_stall_occ|v8|d8,1,1,0,2.0,0.04185,0.1185
cross_stall_occ_r2,cross_stall_occ_r7,cross,cross,cross_stall_occ,cross_stall_occ,cross_stall_occ|v6|d7,cross_stall_occ|v6|d6,1,1,0,0.0,0.039713,0.0951
cross_stall_occ_r2,cross_stall_occ_r8,cross,cross,cross_stall_occ,cross_stall_occ,cross_stall_occ|v6|d7,cross_stall_occ|v6|d7,1,1,1,0.0,0.007863,0.0181
cross_stall_occ_r2,cross_stall_occ_r9,cross,cross,cross_stall_occ,cross_stall_occ,cross_stall_occ|v6|d7,cross_stall_occ|v7|d7,1,1,0,1.0,0.3048,1.0
cross_stall_occ_r2,cross_stall_r1,cross,cross,cross_stall_occ,cross_stall,cross_stall_occ|v6|d7,cross_stall|v6|d6,1,0,0,0.0,0.810312,1.0
cross_stall_occ_r2,cross_stall_r10,cross,cross,cross_stall_occ,cross_stall,cross_stall_occ|v6|d7,cross_stall|v7|d7,1,0,0,1.0,0.810312,1.0
cross_stall_occ_r2,cross_stall_r11,cross,cross,cross_stall_occ,cross_stall,cross_stall_occ|v6|d7,cross_stall|v8|d7,1,0,0,2.0,0.80705,1.0
cross_stall_occ_r2,cross_stall_r12,cross,cross,cross_stall_occ,cross_stall,cross_stall_occ|v6|d7,cross_stall|v8|d8,1,0,0,2.0,0.810312,1.0
cross_stall_occ_r2,cross_stall_r2,cross,cross,cross_stall_occ,cross_stall,cross_stall_occ|v6|d7,cross_stall|v6|d6,1,0,0,0.0,0.810312,1.0
cross_stall_occ_r2,cross_stall_r3,cross,cross,cross_stall_occ,cross_stall,cross_stall_occ|v6|d7,cross_stall|v7|d6,1,0,0,1.0,0.805388,1.0
cross_stall_occ_r2,cross_stall_r4,cross,cross,cross_stall_occ,cross_stall,cross_stall_occ|v6|d7,cross_stall|v7|d7,1,0,0,1.0,0.810312,1.0
cross_stall_occ_r2,cross_stall_r5,cross,cross,cross_stall_occ,cross_stall,cross_stall_occ|v6|d7,cross_stall|v8|d7,1,0,0,2.0,0.775413,1.0
cross_stall_occ_r2,cross_stall_r6,cross,cross,cross_stall_occ,cross_stall,cross_stall_occ|v6|d7,cross_stall|v8|d8,1,0,0,2.0,0.810312,1.0
cross_stall_occ_r2,cross_stall_r7,cross,cross,cross_stall_occ,cross_stall,cross_stall_occ|v6|d7,cross_stall|v6|d6,1,0,0,0.0,0.810312,1.0
cross_stall_occ_r2,cross_stall_r8,cross,cross,cross_stall_occ,cross_stall,cross_stall_occ|v6|d7,cross_stall|v6|d6,1,0,0,0.0,0.810312,1.0
cross_stall_occ_r2,cross_stall_r9,cross,cross,cross_stall_occ,cross_stall,cross_stall_occ|v6|d7,cross_stall|v7|d6,1,0,0,1.0,0.810312,1.0
cross_stall_occ_r2,lead_cont_r1,cross,lead,cross_stall_occ,lead_cont,cross_stall_occ|v6|d7,lead_cont|v6|s5,0,0,0,0.0,0.002525,0.0055
cross_stall_occ_r2,lead_cont_r10,cross,lead,cross_stall_occ,lead_cont,cross_stall_occ|v6|d7,lead_cont|v9|s8,0,0,0,3.0,0.167788,1.0
cross_stall_occ_r2,lead_cont_r11,cross,lead,cross_stall_occ,lead_cont,cross_stall_occ|v6|d7,lead_cont|v7|s6,0,0,0,1.0,0.2645,1.0
cross_stall_occ_r2,lead_cont_r12,cross,lead,cross_stall_occ,lead_cont,cross_stall_occ|v6|d7,lead_cont|v8|s7,0,0,0,2.0,0.070763,0.1451
cross_stall_occ_r2,lead_cont_r2,cross,lead,cross_stall_occ,lead_cont,cross_stall_occ|v6|d7,lead_cont|v6|s5,0,0,0,0.0,0.0706,0.1698
cross_stall_occ_r2,lead_cont_r3,cross,lead,cross_stall_occ,lead_cont,cross_stall_occ|v6|d7,lead_cont|v7|s5,0,0,0,1.0,0.269263,1.0
cross_stall_occ_r2,lead_cont_r4,cross,lead,cross_stall_occ,lead_cont,cross_stall_occ|v6|d7,lead_cont|v7|s6,0,0,0,1.0,0.31405,1.0
cross_stall_occ_r2,lead_cont_r5,cross,lead,cross_stall_occ,lead_cont,cross_stall_occ|v6|d7,lead_cont|v8|s6,0,0,0,2.0,0.023825,0.0599
cross_stall_occ_r2,lead_cont_r6,cross,lead,cross_stall_occ,lead_cont,cross_stall_occ|v6|d7,lead_cont|v8|s7,0,0,0,2.0,0.089325,0.1794
cross_stall_occ_r2,lead_cont_r7,cross,lead,cross_stall_occ,lead_cont,cross_stall_occ|v6|d7,lead_cont|v8|s7,0,0,0,2.0,0.070763,0.1451
cross_stall_occ_r2,lead_cont_r8,cross,lead,cross_stall_occ,lead_cont,cross_stall_occ|v6|d7,lead_cont|v9|s7,0,0,0,3.0,0.167788,1.0
cross_stall_occ_r2,lead_cont_r9,cross,lead,cross_stall_occ,lead_cont,cross_stall_occ|v6|d7,lead_cont|v9|s8,0,0,0,3.0,0.171737,1.0
cross_stall_occ_r2,lead_nec_r1,cross,lead,cross_stall_occ,lead_nec,cross_stall_occ|v6|d7,lead_nec|v6|s5,0,0,0,0.0,0.810312,1.0
cross_stall_occ_r2,lead_nec_r10,cross,lead,cross_stall_occ,lead_nec,cross_stall_occ|v6|d7,lead_nec|v9|s8,0,0,0,3.0,0.810312,1.0
cross_stall_occ_r2,lead_nec_r11,cross,lead,cross_stall_occ,lead_nec,cross_stall_occ|v6|d7,lead_nec|v7|s6,0,0,0,1.0,0.810312,1.0
cross_stall_occ_r2,lead_nec_r12,cross,lead,cross_stall_occ,lead_nec,cross_stall_occ|v6|d7,lead_nec|v8|s7,0,0,0,2.0,0.810312,1.0
cross_stall_occ_r2,lead_nec_r2,cross,lead,cross_stall_occ,lead_nec,cross_stall_occ|v6|d7,lead_nec|v6|s5,0,0,0,0.0,0.810312,1.0
cross_stall_occ_r2,lead_nec_r3,cross,lead,cross_stall_occ,lead_nec,cross_stall_occ|v6|d7,lead_nec|v7|s5,0,0,0,1.0,0.810312,1.0
cross_stall_occ_r2,lead_nec_r4,cross,lead,cross_stall_occ,lead_nec,cross_stall_occ|v6|d7,lead_nec|v7|s6,0,0,0,1.0,0.810312,1.0
cross_stall_occ_r2,lead_nec_r5,cross,lead,cross_stall_occ,lead_nec,cross_stall_occ|v6|d7,lead_nec|v8|s6,0,0,0,2.0,0.810312,1.0
cross_stall_occ_r2,lead_nec_r6,cross,lead,cross_stall_occ,lead_nec,cross_stall_occ|v6|d7,lead_nec|v8|s7,0,0,0,2.0,0.810312,1.0
cross_stall_occ_r2,lead_nec_r7,cross,lead,cross_stall_occ,lead_nec,cross_stall_occ|v6|d7,lead_nec|v8|s7,0,0,0,2.0,0.810312,1.0
cross_stall_occ_r2,lead_nec_r8,cross,lead,cross_stall_occ,lead_nec,cross_stall_occ|v6|d7,lead_nec|v9|s7,0,0,0,3.0,0.810312,1.0
cross_stall_occ_r2,lead_nec_r9,cross,lead,cross_stall_occ,lead_nec,cross_stall_occ|v6|d7,lead_nec|v9|s8,0,0,0,3.0,0.810312,1.0
cross_stall_occ_r2,lead_opt_r1,cross,lead,cross_stall_occ,lead_opt,cross_stall_occ|v6|d7,lead_opt|v6|s6,0,0,0,0.0,0.810312,1.0
cross_stall_occ_r2,lead_opt_r10,cross,lead,cross_stall_occ,lead_opt,cross_stall_occ|v6|d7,lead_opt|v8|s7,0,0,0,2.0,0.810312,1.0
cross_stall_occ_r2,lead_opt_r11,cross,lead,cross_stall_occ,lead_opt,cross_stall_occ|v6|d7,lead_opt|v6|s6,0,0,0,0.0,0.810312,1.0
cross_stall_occ_r2,lead_opt_r12,cross,lead,cross_stall_occ,lead_opt,cross_stall_occ|v6|d7,lead_opt|v7|s7,0,0,0,1.0,0.810312,1.0
cross_stall_occ_r2,lead_opt_r2,cross,lead,cross_stall_occ,lead_opt,cross_stall_occ|v6|d7,lead_opt|v6|s6,0,0,0,0.0,0.810312,1.0
cross_stall_occ_r2,lead_opt_r3,cross,lead,cross_stall_occ,lead_opt,cross_stall_occ|v6|d7,lead_opt|v7|s6,0,0,0,1.0,0.810312,1.0
cross_stall_occ_r2,lead_opt_r4,cross,lead,cross_stall_occ,lead_opt,cross_stall_occ|v6|d7,lead_opt|v7|s6,0,0,0,1.0,0.810312,1.0
cross_stall_occ_r2,lead_opt_r5,cross,lead,cross_stall_occ,lead_opt,cross_stall_occ|v6|d7,lead_opt|v8|s7,0,0,0,2.0,0.810312,1.0
cross_stall_occ_r2,lead_opt_r6,cross,lead,cross_stall_occ,lead_opt,cross_stall_occ|v6|d7,lead_opt|v8|s7,0,0,0,2.0,0.810312,1.0
cross_stall_occ_r2,lead_opt_r7,cross,lead,cross_stall_occ,lead_opt,cross_stall_occ|v6|d7,lead_opt|v9|s7,0,0,0,3.0,0.810312,1.0
cross_stall_occ_r2,lead_opt_r8,cross,lead,cross_stall_occ,lead_opt,cross_stall_occ|v6|d7,lead_opt|v9|s7,0,0,0,3.0,0.810312,1.0
cross_stall_occ_r2,lead_opt_r9,cross,lead,cross_stall_occ,lead_opt,cross_stall_occ|v6|d7,lead_opt|v7|s6,0,0,0,1.0,0.810312,1.0
cross_stall_occ_r2,temp_opt_r1,cross,block_or_occupancy,cross_stall_occ,temp_opt,cross_stall_occ|v6|d7,temp_opt|v6|o6,0,0,0,0.0,0.810312,1.0
cross_stall_occ_r2,temp_opt_r10,cross,block_or_occupancy,cross_stall_occ,temp_opt,cross_stall_occ|v6|d7,temp_opt|v6|o7,0,0,0,0.0,0.810312,1.0
cross_stall_occ_r2,temp_opt_r11,cross,block_or_occupancy,cross_stall_occ,temp_opt,cross_stall_occ|v6|d7,temp_opt|v7|o8,0,0,0,1.0,0.810312,1.0
cross_stall_occ_r2,temp_opt_r12,cross,block_or_occupancy,cross_stall_occ,temp_opt,cross_stall_occ|v6|d7,temp_opt|v8|o7,0,0,0,2.0,0.80705,1.0
cross_stall_occ_r2,temp_opt_r2,cross,block_or_occupancy,cross_stall_occ,temp_opt,cross_stall_occ|v6|d7,temp_opt|v6|o7,0,0,0,0.0,0.810312,1.0
cross_stall_occ_r2,temp_opt_r3,cross,block_or_occupancy,cross_stall_occ,temp_opt,cross_stall_occ|v6|d7,temp_opt|v6|o8,0,0,0,0.0,0.810312,1.0
cross_stall_occ_r2,temp_opt_r4,cross,block_or_occupancy,cross_stall_occ,temp_opt,cross_stall_occ|v6|d7,temp_opt|v7|o6,0,0,0,1.0,0.810312,1.0
cross_stall_occ_r2,temp_opt_r5,cross,block_or_occupancy,cross_stall_occ,temp_opt,cross_stall_occ|v6|d7,temp_opt|v7|o7,0,0,0,1.0,0.810312,1.0
cross_stall_occ_r2,temp_opt_r6,cross,block_or_occupancy,cross_stall_occ,temp_opt,cross_stall_occ|v6|d7,temp_opt|v7|o8,0,0,0,1.0,0.810312,1.0
cross_stall_occ_r2,temp_opt_r7,cross,block_or_occupancy,cross_stall_occ,temp_opt,cross_stall_occ|v6|d7,temp_opt|v8|o6,0,0,0,2.0,0.784987,1.0
cross_stall_occ_r2,temp_opt_r8,cross,block_or_occupancy,cross_stall_occ,temp_opt,cross_stall_occ|v6|d7,temp_opt|v8|o7,0,0,0,2.0,0.810312,1.0
cross_stall_occ_r2,temp_opt_r9,cross,block_or_occupancy,cross_stall_occ,temp_opt,cross_stall_occ|v6|d7,temp_opt|v8|o8,0,0,0,2.0,0.810312,1.0
cross_stall_occ_r3,cross_stall_occ_r4,cross,cross,cross_stall_occ,cross_stall_occ,cross_stall_occ|v7|d7,cross_stall_occ|v7|d7,1,1,1,0.0,0.042325,0.099
cross_stall_occ_r3,cross_stall_occ_r5,cross,cross,cross_stall_occ,cross_stall_occ,cross_stall_occ|v7|d7,cross_stall_occ|v8|d7,1,1,0,1.0,0.255487,1.0
cross_stall_occ_r3,cross_stall_occ_r6,cross,cross,cross_stall_occ,cross_stall_occ,cross_stall_occ|v7|d7,cross_stall_occ|v8|d8,1,1,0,1.0,0.255563,1.0
cross_stall_occ_r3,cross_stall_occ_r7,cross,cross,cross_stall_occ,cross_stall_occ,cross_stall_occ|v7|d7,cross_stall_occ|v6|d6,1,1,0,1.0,0.2577,1.0
cross_stall_occ_r3,cross_stall_occ_r8,cross,cross,cross_stall_occ,cross_stall_occ,cross_stall_occ|v7|d7,cross_stall_occ|v6|d7,1,1,0,1.0,0.28955,1.0
cross_stall_occ_r3,cross_stall_occ_r9,cross,cross,cross_stall_occ,cross_stall_occ,cross_stall_occ|v7|d7,cross_stall_occ|v7|d7,1,1,1,0.0,0.007388,0.0165
cross_stall_occ_r3,cross_stall_r1,cross,cross,cross_stall_occ,cross_stall,cross_stall_occ|v7|d7,cross_stall|v6|d6,1,0,0,1.0,0.832462,1.0
cross_stall_occ_r3,cross_stall_r10,cross,cross,cross_stall_occ,cross_stall,cross_stall_occ|v7|d7,cross_stall|v7|d7,1,0,0,0.0,0.832462,1.0
cross_stall_occ_r3,cross_stall_r11,cross,cross,cross_stall_occ,cross_stall,cross_stall_occ|v7|d7,cross_stall|v8|d7,1,0,0,1.0,0.8292,1.0
cross_stall_occ_r3,cross_stall_r12,cross,cross,cross_stall_occ,cross_stall,cross_stall_occ|v7|d7,cross_stall|v8|d8,1,0,0,1.0,0.832462,1.0
cross_stall_occ_r3,cross_stall_r2,cross,cross,cross_stall_occ,cross_stall,cross_stall_occ|v7|d7,cross_stall|v6|d6,1,0,0,1.0,0.832462,1.0
cross_stall_occ_r3,cross_stall_r3,cross,cross,cross_stall_occ,cross_stall,cross_stall_occ|v7|d7,cross_stall|v7|d6,1,0,0,0.0,0.827538,1.0
cross_stall_occ_r3,cross_stall_r4,cross,cross,cross_stall_occ,cross_stall,cross_stall_occ|v7|d7,cross_stall|v7|d7,1,0,0,0.0,0.832462,1.0
cross_stall_occ_r3,cross_stall_r5,cross,cross,cross_stall_occ,cross_stall,cross_stall_occ|v7|d7,cross_stall|v8|d7,1,0,0,1.0,0.797562,1.0
cross_stall_occ_r3,cross_stall_r6,cross,cross,cross_stall_occ,cross_stall,cross_stall_occ|v7|d7,cross_stall|v8|d8,1,0,0,1.0,0.832462,1.0
cross_stall_occ_r3,cross_stall_r7,cross,cross,cross_stall_occ,cross_stall,cross_stall_occ|v7|d7,cross_stall|v6|d6,1,0,0,1.0,0.832462,1.0
cross_stall_occ_r3,cross_stall_r8,cross,cross,cross_stall_occ,cross_stall,cross_stall_occ|v7|d7,cross_stall|v6|d6,1,0,0,1.0,0.832462,1.0
cross_stall_occ_r3,cross_stall_r9,cross,cross,cross_stall_occ,cross_stall,cross_stall_occ|v7|d7,cross_stall|v7|d6,1,0,0,0.0,0.832462,1.0
cross_stall_occ_r3,lead_cont_r1,cross,lead,cross_stall_occ,lead_cont,cross_stall_occ|v7|d7,lead_cont|v6|s5,0,0,0,1.0,0.294887,1.0
cross_stall_occ_r3,lead_cont_r10,cross,lead,cross_stall_occ,lead_cont,cross_stall_occ|v7|d7,lead_cont|v9|s8,0,0,0,2.0,0.215475,1.0
cross_stall_occ_r3,lead_cont_r11,cross,lead,cross_stall_occ,lead_cont,cross_stall_occ|v7|d7,lead_cont|v7|s6,0,0,0,0.0,0.061912,0.1449
cross_stall_occ_r3,lead_cont_r12,cross,lead,cross_stall_occ,lead_cont,cross_stall_occ|v7|d7,lead_cont|v8|s7,0,0,0,1.0,0.368175,1.0
cross_stall_occ_r3,lead_cont_r2,cross,lead,cross_stall_occ,lead_cont,cross_stall_occ|v7|d7,lead_cont|v6|s5,0,0,0,1.0,0.368013,1.0
cross_stall_occ_r3,lead_cont_r3,cross,lead,cross_stall_occ,lead_cont,cross_stall_occ|v7|d7,lead_cont|v7|s5,0,0,0,0.0,0.066675,0.1549
cross_stall_occ_r3,lead_cont_r4,cross,lead,cross_stall_occ,lead_cont,cross_stall_occ|v7|d7,lead_cont|v7|s6,0,0,0,0.0,0.111462,0.2597
cross_stall_occ_r3,lead_cont_r5,cross,lead,cross_stall_occ,lead_cont,cross_stall_occ|v7|d7,lead_cont|v8|s6,0,0,0,1.0,0.321238,1.0
cross_stall_occ_r3,lead_cont_r6,cross,lead,cross_stall_occ,lead_cont,cross_stall_occ|v7|d7,lead_cont|v8|s7,0,0,0,1.0,0.386737,1.0
cross_stall_occ_r3,lead_cont_r7,cross,lead,cross_stall_occ,lead_cont,cross_stall_occ|v7|d7,lead_cont|v8|s7,0,0,0,1.0,0.368175,1.0
cross_stall_occ_r3,lead_cont_r8,cross,lead,cross_stall_occ,lead_cont,cross_stall_occ|v7|d7,lead_cont|v9|s7,0,0,0,2.0,0.215475,1.0
cross_stall_occ_r3,lead_cont_r9,cross,lead,cross_stall_occ,lead_cont,cross_stall_occ|v7|d7,lead_cont|v9|s8,0,0,0,2.0,0.219425,1.0
cross_stall_occ_r3,lead_nec_r1,cross,lead,cross_stall_occ,lead_nec,cross_stall_occ|v7|d7,lead_nec|v6|s5,0,0,0,1.0,0.832462,1.0
cross_stall_occ_r3,lead_nec_r10,cross,lead,cross_stall_occ,lead_nec,cross_stall_occ|v7|d7,lead_nec|v9|s8,0,0,0,2.0,0.832462,1.0
cross_stall_occ_r3,lead_nec_r11,cross,lead,cross_stall_occ,lead_nec,cross_stall_occ|v7|d7,lead_nec|v7|s6,0,0,0,0.0,0.832462,1.0
cross_stall_occ_r3,lead_nec_r12,cross,lead,cross_stall_occ,lead_nec,cross_stall_occ|v7|d7,lead_nec|v8|s7,0,0,0,1.0,0.832462,1.0
cross_stall_occ_r3,lead_nec_r2,cross,lead,cross_stall_occ,lead_nec,cross_stall_occ|v7|d7,lead_nec|v6|s5,0,0,0,1.0,0.832462,1.0
cross_stall_occ_r3,lead_nec_r3,cross,lead,cross_stall_occ,lead_nec,cross_stall_occ|v7|d7,lead_nec|v7|s5,0,0,0,0.0,0.832462,1.0
cross_stall_occ_r3,lead_nec_r4,cross,lead,cross_stall_occ,lead_nec,cross_stall_occ|v7|d7,lead_nec|v7|s6,0,0,0,0.0,0.832462,1.0
cross_stall_occ_r3,lead_nec_r5,cross,lead,cross_stall_occ,lead_nec,cross_stall_occ|v7|d7,lead_nec|v8|s6,0,0,0,1.0,0.832462,1.0
cross_stall_occ_r3,lead_nec_r6,cross,lead,cross_stall_occ,lead_nec,cross_stall_occ|v7|d7,lead_nec|v8|s7,0,0,0,1.0,0.832462,1.0
cross_stall_occ_r3,lead_nec_r7,cross,lead,cross_stall_occ,lead_nec,cross_stall_occ|v7|d7,lead_nec|v8|s7,0,0,0,1.0,0.832462,1.0
cross_stall_occ_r3,lead_nec_r8,cross,lead,cross_stall_occ,lead_nec,cross_stall_occ|v7|d7,lead_nec|v9|s7,0,0,0,2.0,0.832462,1.0
cross_stall_occ_r3,lead_nec_r9,cross,lead,cross_stall_occ,lead_nec,cross_stall_occ|v7|d7,lead_nec|v9|s8,0,0,0,2.0,0.832462,1.0
cross_stall_occ_r3,lead_opt_r1,cross,lead,cross_stall_occ,lead_opt,cross_stall_occ|v7|d7,lead_opt|v6|s6,0,0,0,1.0,0.832462,1.0
cross_stall_occ_r3,lead_opt_r10,cross,lead,cross_stall_occ,lead_opt,cross_stall_occ|v7|d7,lead_opt|v8|s7,0,0,0,1.0,0.832462,1.0
cross_stall_occ_r3,lead_opt_r11,cross,lead,cross_stall_occ,lead_opt,cross_stall_occ|v7|d7,lead_opt|v6|s6,0,0,0,1.0,0.832462,1.0
cross_stall_occ_r3,lead_opt_r12,cross,lead,cross_stall_occ,lead_opt,cross_stall_occ|v7|d7,lead_opt|v7|s7,0,0,0,0.0,0.832462,1.0
cross_stall_occ_r3,lead_opt_r2,cross,lead,cross_stall_occ,lead_opt,cross_stall_occ|v7|d7,lead_opt|v6|s6,0,0,0,1.0,0.832462,1.0
cross_stall_occ_r3,lead_opt_r3,cross,lead,cross_stall_occ,lead_opt,cross_stall_occ|v7|d7,lead_opt|v7|s6,0,0,0,0.0,0.832462,1.0
cross_stall_occ_r3,lead_opt_r4,cross,lead,cross_stall_occ,lead_opt,cross_stall_occ|v7|d7,lead_opt|v7|s6,0,0,0,0.0,0.832462,1.0
cross_stall_occ_r3,lead_opt_r5,cross,lead,cross_stall_occ,lead_opt,cross_stall_occ|v7|d7,lead_opt|v8|s7,0,0,0,1.0,0.832462,1.0
cross_stall_occ_r3,lead_opt_r6,cross,lead,cross_stall_occ,lead_opt,cross_stall_occ|v7|d7,lead_opt|v8|s7,0,0,0,1.0,0.832462,1.0
cross_stall_occ_r3,lead_opt_r7,cross,lead,cross_stall_occ,lead_opt,cross_stall_occ|v7|d7,lead_opt|v9|s7,0,0,0,2.0,0.832462,1.0
cross_stall_occ_r3,lead_opt_r8,cross,lead,cross_stall_occ,lead_opt,cross_stall_occ|v7|d7,lead_opt|v9|s7,0,0,0,2.0,0.832462,1.0
cross_stall_occ_r3,lead_opt_r9,cross,lead,cross_stall_occ,lead_opt,cross_stall_occ|v7|d7,lead_opt|v7|s6,0,0,0,0.0,0.832462,1.0
cross_stall_occ_r3,temp_opt_r1,cross,block_or_occupancy,cross_stall_occ,temp_opt,cross_stall_occ|v7|d7,temp_opt|v6|o6,0,0,0,1.0,0.832462,1.0
cross_stall_occ_r3,temp_opt_r10,cross,block_or_occupancy,cross_stall_occ,temp_opt,cross_stall_occ|v7|d7,temp_opt|v6|o7,0,0,0,1.0,0.832462,1.0
cross_stall_occ_r3,temp_opt_r11,cross,block_or_occupancy,cross_stall_occ,temp_opt,cross_stall_occ|v7|d7,temp_opt|v7|o8,0,0,0,0.0,0.832462,1.0
cross_stall_occ_r3,temp_opt_r12,cross,block_or_occupancy,cross_stall_occ,temp_opt,cross_stall_occ|v7|d7,temp_opt|v8|o7,0,0,0,1.0,0.8292,1.0
cross_stall_occ_r3,temp_opt_r2,cross,block_or_occupancy,cross_stall_occ,temp_opt,cross_stall_occ|v7|d7,temp_opt|v6|o7,0,0,0,1.0,0.832462,1.0
cross_stall_occ_r3,temp_opt_r3,cross,block_or_occupancy,cross_stall_occ,temp_opt,cross_stall_occ|v7|d7,temp_opt|v6|o8,0,0,0,1.0,0.832462,1.0
cross_stall_occ_r3,temp_opt_r4,cross,block_or_occupancy,cross_stall_occ,temp_opt,cross_stall_occ|v7|d7,temp_opt|v7|o6,0,0,0,0.0,0.832462,1.0
cross_stall_occ_r3,temp_opt_r5,cross,block_or_occupancy,cross_stall_occ,temp_opt,cross_stall_occ|v7|d7,temp_opt|v7|o7,0,0,0,0.0,0.832462,1.0
cross_stall_occ_r3,temp_opt_r6,cross,block_or_occupancy,cross_stall_occ,temp_opt,cross_stall_occ|v7|d7,temp_opt|v7|o8,0,0,0,0.0,0.832462,1.0
cross_stall_occ_r3,temp_opt_r7,cross,block_or_occupancy,cross_stall_occ,temp_opt,cross_stall_occ|v7|d7,temp_opt|v8|o6,0,0,0,1.0,0.807137,1.0
cross_stall_occ_r3,temp_opt_r8,cross,block_or_occupancy,cross_stall_occ,temp_opt,cross_stall_occ|v7|d7,temp_opt|v8|o7,0,0,0,1.0,0.832462,1.0
cross_stall_occ_r3,temp_opt_r9,cross,block_or_occupancy,cross_stall_occ,temp_opt,cross_stall_occ|v7|d7,temp_opt|v8|o8,0,0,0,1.0,0.832462,1.0
cross_stall_occ_r4,cross_stall_occ_r5,cross,cross,cross_stall_occ,cross_stall_occ,cross_stall_occ|v7|d7,cross_stall_occ|v8|d7,1,1,0,1.0,0.286837,1.0
cross_stall_occ_r4,cross_stall_occ_r6,cross,cross,cross_stall_occ,cross_stall_occ,cross_stall_occ|v7|d7,cross_stall_occ|v8|d8,1,1,0,1.0,0.286763,1.0
cross_stall_occ_r4,cross_stall_occ_r7,cross,cross,cross_stall_occ,cross_stall_occ,cross_stall_occ|v7|d7,cross_stall_occ|v6|d6,1,1,0,1.0,0.284625,1.0
cross_stall_occ_r4,cross_stall_occ_r8,cross,cross,cross_stall_occ,cross_stall_occ,cross_stall_occ|v7|d7,cross_stall_occ|v6|d7,1,1,0,1.0,0.2544,1.0
cross_stall_occ_r4,cross_stall_occ_r9,cross,cross,cross_stall_occ,cross_stall_occ,cross_stall_occ|v7|d7,cross_stall_occ|v7|d7,1,1,1,0.0,0.049712,0.1155
cross_stall_occ_r4,cross_stall_r1,cross,cross,cross_stall_occ,cross_stall,cross_stall_occ|v7|d7,cross_stall|v6|d6,1,0,0,1.0,0.790137,1.0
cross_stall_occ_r4,cross_stall_r10,cross,cross,cross_stall_occ,cross_stall,cross_stall_occ|v7|d7,cross_stall|v7|d7,1,0,0,0.0,0.790137,1.0
cross_stall_occ_r4,cross_stall_r11,cross,cross,cross_stall_occ,cross_stall,cross_stall_occ|v7|d7,cross_stall|v8|d7,1,0,0,1.0,0.786875,1.0
cross_stall_occ_r4,cross_stall_r12,cross,cross,cross_stall_occ,cross_stall,cross_stall_occ|v7|d7,cross_stall|v8|d8,1,0,0,1.0,0.790137,1.0
cross_stall_occ_r4,cross_stall_r2,cross,cross,cross_stall_occ,cross_stall,cross_stall_occ|v7|d7,cross_stall|v6|d6,1,0,0,1.0,0.790137,1.0
cross_stall_occ_r4,cross_stall_r3,cross,cross,cross_stall_occ,cross_stall,cross_stall_occ|v7|d7,cross_stall|v7|d6,1,0,0,0.0,0.785212,1.0
cross_stall_occ_r4,cross_stall_r4,cross,cross,cross_stall_occ,cross_stall,cross_stall_occ|v7|d7,cross_stall|v7|d7,1,0,0,0.0,0.790137,1.0
cross_stall_occ_r4,cross_stall_r5,cross,cross,cross_stall_occ,cross_stall,cross_stall_occ|v7|d7,cross_stall|v8|d7,1,0,0,1.0,0.755238,1.0
cross_stall_occ_r4,cross_stall_r6,cross,cross,cross_stall_occ,cross_stall,cross_stall_occ|v7|d7,cross_stall|v8|d8,1,0,0,1.0,0.790137,1.0
cross_stall_occ_r4,cross_stall_r7,cross,cross,cross_stall_occ,cross_stall,cross_stall_occ|v7|d7,cross_stall|v6|d6,1,0,0,1.0,0.790137,1.0
cross_stall_occ_r4,cross_stall_r8,cross,cross,cross_stall_occ,cross_stall,cross_stall_occ|v7|d7,cross_stall|v6|d6,1,0,0,1.0,0.790137,1.0
cross_stall_occ_r4,cross_stall_r9,cross,cross,cross_stall_occ,cross_stall,cross_stall_occ|v7|d7,cross_stall|v7|d6,1,0,0,0.0,0.790137,1.0
cross_stall_occ_r4,lead_cont_r1,cross,lead,cross_stall_occ,lead_cont,cross_stall_occ|v7|d7,lead_cont|v6|s5,0,0,0,1.0,0.253837,1.0
cross_stall_occ_r4,lead_cont_r10,cross,lead,cross_stall_occ,lead_cont,cross_stall_occ|v7|d7,lead_cont|v9|s8,0,0,0,2.0,0.17315,1.0
cross_stall_occ_r4,lead_cont_r11,cross,lead,cross_stall_occ,lead_cont,cross_stall_occ|v7|d7,lead_cont|v7|s6,0,0,0,0.0,0.019588,0.0459
cross_stall_occ_r4,lead_cont_r12,cross,lead,cross_stall_occ,lead_cont,cross_stall_occ|v7|d7,lead_cont|v8|s7,0,0,0,1.0,0.32585,1.0
cross_stall_occ_r4,lead_cont_r2,cross,lead,cross_stall_occ,lead_cont,cross_stall_occ|v7|d7,lead_cont|v6|s5,0,0,0,1.0,0.325688,1.0
cross_stall_occ_r4,lead_cont_r3,cross,lead,cross_stall_occ,lead_cont,cross_stall_occ|v7|d7,lead_cont|v7|s5,0,0,0,0.0,0.02435,0.0559
cross_stall_occ_r4,lead_cont_r4,cross,lead,cross_stall_occ,lead_cont,cross_stall_occ|v7|d7,lead_cont|v7|s6,0,0,0,0.0,0.069137,0.1607
cross_stall_occ_r4,lead_cont_r5,cross,lead,cross_stall_occ,lead_cont,cross_stall_occ|v7|d7,lead_cont|v8|s6,0,0,0,1.0,0.278913,1.0
cross_stall_occ_r4,lead_cont_r6,cross,lead,cross_stall_occ,lead_cont,cross_stall_occ|v7|d7,lead_cont|v8|s7,0,0,0,1.0,0.344413,1.0
cross_stall_occ_r4,lead_cont_r7,cross,lead,cross_stall_occ,lead_cont,cross_stall_occ|v7|d7,lead_cont|v8|s7,0,0,0,1.0,0.32585,1.0
cross_stall_occ_r4,lead_cont_r8,cross,lead,cross_stall_occ,lead_cont,cross_stall_occ|v7|d7,lead_cont|v9|s7,0,0,0,2.0,0.17315,1.0
cross_stall_occ_r4,lead_cont_r9,cross,lead,cross_stall_occ,lead_cont,cross_stall_occ|v7|d7,lead_cont|v9|s8,0,0,0,2.0,0.1771,1.0
cross_stall_occ_r4,lead_nec_r1,cross,lead,cross_stall_occ,lead_nec,cross_stall_occ|v7|d7,lead_nec|v6|s5,0,0,0,1.0,0.790137,1.0
cross_stall_occ_r4,lead_nec_r10,cross,lead,cross_stall_occ,lead_nec,cross_stall_occ|v7|d7,lead_nec|v9|s8,0,0,0,2.0,0.790137,1.0
cross_stall_occ_r4,lead_nec_r11,cross,lead,cross_stall_occ,lead_nec,cross_stall_occ|v7|d7,lead_nec|v7|s6,0,0,0,0.0,0.790137,1.0
cross_stall_occ_r4,lead_nec_r12,cross,lead,cross_stall_occ,lead_nec,cross_stall_occ|v7|d7,lead_nec|v8|s7,0,0,0,1.0,0.790137,1.0
cross_stall_occ_r4,lead_nec_r2,cross,lead,cross_stall_occ,lead_nec,cross_stall_occ|v7|d7,lead_nec|v6|s5,0,0,0,1.0,0.790137,1.0
cross_stall_occ_r4,lead_nec_r3,cross,lead,cross_stall_occ,lead_nec,cross_stall_occ|v7|d7,lead_nec|v7|s5,0,0,0,0.0,0.790137,1.0
cross_stall_occ_r4,lead_nec_r4,cross,lead,cross_stall_occ,lead_nec,cross_stall_occ|v7|d7,lead_nec|v7|s6,0,0,0,0.0,0.790137,1.0
cross_stall_occ_r4,lead_nec_r5,cross,lead,cross_stall_occ,lead_nec,cross_stall_occ|v7|d7,lead_nec|v8|s6,0,0,0,1.0,0.790137,1.0
cross_stall_occ_r4,lead_nec_r6,cross,lead,cross_stall_occ,lead_nec,cross_stall_occ|v7|d7,lead_nec|v8|s7,0,0,0,1.0,0.790137,1.0
cross_stall_occ_r4,lead_nec_r7,cross,lead,cross_stall_occ,lead_nec,cross_stall_occ|v7|d7,lead_nec|v8|s7,0,0,0,1.0,0.790137,1.0
cross_stall_occ_r4,lead_nec_r8,cross,lead,cross_stall_occ,lead_nec,cross_stall_occ|v7|d7,lead_nec|v9|s7,0,0,0,2.0,0.790137,1.0
cross_stall_occ_r4,lead_nec_r9,cross,lead,cross_stall_occ,lead_nec,cross_stall_occ|v7|d7,lead_nec|v9|s8,0,0,0,2.0,0.790137,1.0
cross_stall_occ_r4,lead_opt_r1,cross,lead,cross_stall_occ,lead_opt,cross_stall_occ|v7|d7,lead_opt|v6|s6,0,0,0,1.0,0.790137,1.0
cross_stall_occ_r4,lead_opt_r10,cross,lead,cross_stall_occ,lead_opt,cross_stall_occ|v7|d7,lead_opt|v8|s7,0,0,0,1.0,0.790137,1.0
cross_stall_occ_r4,lead_opt_r11,cross,lead,cross_stall_occ,lead_opt,cross_stall_occ|v7|d7,lead_opt|v6|s6,0,0,0,1.0,0.790137,1.0
cross_stall_occ_r4,lead_opt_r12,cross,lead,cross_stall_occ,lead_opt,cross_stall_occ|v7|d7,lead_opt|v7|s7,0,0,0,0.0,0.790137,1.0
cross_stall_occ_r4,lead_opt_r2,cross,lead,cross_stall_occ,lead_opt,cross_stall_occ|v7|d7,lead_opt|v6|s6,0,0,0,1.0,0.790137,1.0
cross_stall_occ_r4,lead_opt_r3,cross,lead,cross_stall_occ,lead_opt,cross_stall_occ|v7|d7,lead_opt|v7|s6,0,0,0,0.0,0.790137,1.0
cross_stall_occ_r4,lead_opt_r4,cross,lead,cross_stall_occ,lead_opt,cross_stall_occ|v7|d7,lead_opt|v7|s6,0,0,0,0.0,0.790137,1.0
cross_stall_occ_r4,lead_opt_r5,cross,lead,cross_stall_occ,lead_opt,cross_stall_occ|v7|d7,lead_opt|v8|s7,0,0,0,1.0,0.790137,1.0
cross_stall_occ_r4,lead_opt_r6,cross,lead,cross_stall_occ,lead_opt,cross_stall_occ|v7|d7,lead_opt|v8|s7,0,0,0,1.0,0.790137,1.0
cross_stall_occ_r4,lead_opt_r7,cross,lead,cross_stall_occ,lead_opt,cross_stall_occ|v7|d7,lead_opt|v9|s7,0,0,0,2.0,0.790137,1.0
cross_stall_occ_r4,lead_opt_r8,cross,lead,cross_stall_occ,lead_opt,cross_stall_occ|v7|d7,lead_opt|v9|s7,0,0,0,2.0,0.790137,1.0
cross_stall_occ_r4,lead_opt_r9,cross,lead,cross_stall_occ,lead_opt,cross_stall_occ|v7|d7,lead_opt|v7|s6,0,0,0,0.0,0.790137,1.0
cross_stall_occ_r4,temp_opt_r1,cross,block_or_occupancy,cross_stall_occ,temp_opt,cross_stall_occ|v7|d7,temp_opt|v6|o6,0,0,0,1.0,0.790137,1.0
cross_stall_occ_r4,temp_opt_r10,cross,block_or_occupancy,cross_stall_occ,temp_opt,cross_stall_occ|v7|d7,temp_opt|v6|o7,0,0,0,1.0,0.790137,1.0
cross_stall_occ_r4,temp_opt_r11,cross,block_or_occupancy,cross_stall_occ,temp_opt,cross_stall_occ|v7|d7,temp_opt|v7|o8,0,0,0,0.0,0.790137,1.0
cross_stall_occ_r4,temp_opt_r12,cross,block_or_occupancy,cross_stall_occ,temp_opt,cross_stall_occ|v7|d7,temp_opt|v8|o7,0,0,0,1.0,0.786875,1.0
cross_stall_occ_r4,temp_opt_r2,cross,block_or_occupancy,cross_stall_occ,temp_opt,cross_stall_occ|v7|d7,temp_opt|v6|o7,0,0,0,1.0,0.790137,1.0
cross_stall_occ_r4,temp_opt_r3,cross,block_or_occupancy,cross_stall_occ,temp_opt,cross_stall_occ|v7|d7,temp_opt|v6|o8,0,0,0,1.0,0.790137,1.0
cross_stall_occ_r4,temp_opt_r4,cross,block_or_occupancy,cross_stall_occ,temp_opt,cross_stall_occ|v7|d7,temp_opt|v7|o6,0,0,0,0.0,0.790137,1.0
cross_stall_occ_r4,temp_opt_r5,cross,block_or_occupancy,cross_stall_occ,temp_opt,cross_stall_occ|v7|d7,temp_opt|v7|o7,0,0,0,0.0,0.790137,1.0
cross_stall_occ_r4,temp_opt_r6,cross,block_or_occupancy,cross_stall_occ,temp_opt,cross_stall_occ|v7|d7,temp_opt|v7|o8,0,0,0,0.0,0.790137,1.0
cross_stall_occ_r4,temp_opt_r7,cross,block_or_occupancy,cross_stall_occ,temp_opt,cross_stall_occ|v7|d7,temp_opt|v8|o6,0,0,0,1.0,0.764812,1.0
cross_stall_occ_r4,temp_opt_r8,cross,block_or_occupancy,cross_stall_occ,temp_opt,cross_stall_occ|v7|d7,temp_opt|v8|o7,0,0,0,1.0,0.790137,1.0
cross_stall_occ_r4,temp_opt_r9,cross,block_or_occupancy,cross_stall_occ,temp_opt,cross_stall_occ|v7|d7,temp_opt|v8|o8,0,0,0,1.0,0.790137,1.0
cross_stall_occ_r5,cross_stall_occ_r6,cross,cross,cross_stall_occ,cross_stall_occ,cross_stall_occ|v8|d7,cross_stall_occ|v8|d8,1,1,0,0.0,7.5e-05,0.0006
cross_stall_occ_r5,cross_stall_occ_r7,cross,cross,cross_stall_occ,cross_stall_occ,cross_stall_occ|v8|d7,cross_stall_occ|v6|d6,1,1,0,2.0,0.005487,0.0234
cross_stall_occ_r5,cross_stall_occ_r8,cross,cross,cross_stall_occ,cross_stall_occ,cross_stall_occ|v8|d7,cross_stall_occ|v6|d7,1,1,0,2.0,0.034063,0.1004
cross_stall_occ_r5,cross_stall_occ_r9,cross,cross,cross_stall_occ,cross_stall_occ,cross_stall_occ|v8|d7,cross_stall_occ|v7|d7,1,1,0,1.0,0.262875,1.0
cross_stall_occ_r5,cross_stall_r1,cross,cross,cross_stall_occ,cross_stall,cross_stall_occ|v8|d7,cross_stall|v6|d6,1,0,0,2.0,0.852237,1.0
cross_stall_occ_r5,cross_stall_r10,cross,cross,cross_stall_occ,cross_stall,cross_stall_occ|v8|d7,cross_stall|v7|d7,1,0,0,1.0,0.852237,1.0
cross_stall_occ_r5,cross_stall_r11,cross,cross,cross_stall_occ,cross_stall,cross_stall_occ|v8|d7,cross_stall|v8|d7,1,0,0,0.0,0.848975,1.0
cross_stall_occ_r5,cross_stall_r12,cross,cross,cross_stall_occ,cross_stall,cross_stall_occ|v8|d7,cross_stall|v8|d8,1,0,0,0.0,0.852237,1.0
cross_stall_occ_r5,cross_stall_r2,cross,cross,cross_stall_occ,cross_stall,cross_stall_occ|v8|d7,cross_stall|v6|d6,1,0,0,2.0,0.852237,1.0
cross_stall_occ_r5,cross_stall_r3,cross,cross,cross_stall_occ,cross_stall,cross_stall_occ|v8|d7,cross_stall|v7|d6,1,0,0,1.0,0.847313,1.0
cross_stall_occ_r5,cross_stall_r4,cross,cross,cross_stall_occ,cross_stall,cross_stall_occ|v8|d7,cross_stall|v7|d7,1,0,0,1.0,0.852237,1.0
cross_stall_occ_r5,cross_stall_r5,cross,cross,cross_stall_occ,cross_stall,cross_stall_occ|v8|d7,cross_stall|v8|d7,1,0,0,0.0,0.817338,1.0
cross_stall_occ_r5,cross_stall_r6,cross,cross,cross_stall_occ,cross_stall,cross_stall_occ|v8|d7,cross_stall|v8|d8,1,0,0,0.0,0.852237,1.0
cross_stall_occ_r5,cross_stall_r7,cross,cross,cross_stall_occ,cross_stall,cross_stall_occ|v8|d7,cross_stall|v6|d6,1,0,0,2.0,0.852237,1.0
cross_stall_occ_r5,cross_stall_r8,cross,cross,cross_stall_occ,cross_stall,cross_stall_occ|v8|d7,cross_stall|v6|d6,1,0,0,2.0,0.852237,1.0
cross_stall_occ_r5,cross_stall_r9,cross,cross,cross_stall_occ,cross_stall,cross_stall_occ|v8|d7,cross_stall|v7|d6,1,0,0,1.0,0.852237,1.0
cross_stall_occ_r5,lead_cont_r1,cross,lead,cross_stall_occ,lead_cont,cross_stall_occ|v8|d7,lead_cont|v6|s5,0,0,0,2.0,0.0394,0.113
cross_stall_occ_r5,lead_cont_r10,cross,lead,cross_stall_occ,lead_cont,cross_stall_occ|v8|d7,lead_cont|v9|s8,0,0,0,1.0,0.209713,1.0
cross_stall_occ_r5,lead_cont_r11,cross,lead,cross_stall_occ,lead_cont,cross_stall_occ|v8|d7,lead_cont|v7|s6,0,0,0,1.0,0.306425,1.0
cross_stall_occ_r5,lead_cont_r12,cross,lead,cross_stall_occ,lead_cont,cross_stall_occ|v8|d7,lead_cont|v8|s7,0,0,0,0.0,0.112688,0.2553
cross_stall_occ_r5,lead_cont_r2,cross,lead,cross_stall_occ,lead_cont,cross_stall_occ|v8|d7,lead_cont|v6|s5,0,0,0,2.0,0.112525,0.2883
cross_stall_occ_r5,lead_cont_r3,cross,lead,cross_stall_occ,lead_cont,cross_stall_occ|v8|d7,lead_cont|v7|s5,0,0,0,1.0,0.311188,1.0
cross_stall_occ_r5,lead_cont_r4,cross,lead,cross_stall_occ,lead_cont,cross_stall_occ|v8|d7,lead_cont|v7|s6,0,0,0,1.0,0.355975,1.0
cross_stall_occ_r5,lead_cont_r5,cross,lead,cross_stall_occ,lead_cont,cross_stall_occ|v8|d7,lead_cont|v8|s6,0,0,0,0.0,0.06575,0.1489
cross_stall_occ_r5,lead_cont_r6,cross,lead,cross_stall_occ,lead_cont,cross_stall_occ|v8|d7,lead_cont|v8|s7,0,0,0,0.0,0.13125,0.2979
cross_stall_occ_r5,lead_cont_r7,cross,lead,cross_stall_occ,lead_cont,cross_stall_occ|v8|d7,lead_cont|v8|s7,0,0,0,0.0,0.112688,0.2553
cross_stall_occ_r5,lead_cont_r8,cross,lead,cross_stall_occ,lead_cont,cross_stall_occ|v8|d7,lead_cont|v9|s7,0,0,0,1.0,0.209713,1.0
cross_stall_occ_r5,lead_cont_r9,cross,lead,cross_stall_occ,lead_cont,cross_stall_occ|v8|d7,lead_cont|v9|s8,0,0,0,1.0,0.213662,1.0
cross_stall_occ_r5,lead_nec_r1,cross,lead,cross_stall_occ,lead_nec,cross_stall_occ|v8|d7,lead_nec|v6|s5,0,0,0,2.0,0.852237,1.0
cross_stall_occ_r5,lead_nec_r10,cross,lead,cross_stall_occ,lead_nec,cross_stall_occ|v8|d7,lead_nec|v9|s8,0,0,0,1.0,0.852237,1.0
cross_stall_occ_r5,lead_nec_r11,cross,lead,cross_stall_occ,lead_nec,cross_stall_occ|v8|d7,lead_nec|v7|s6,0,0,0,1.0,0.852237,1.0
cross_stall_occ_r5,lead_nec_r12,cross,lead,cross_stall_occ,lead_nec,cross_stall_occ|v8|d7,lead_nec|v8|s7,0,0,0,0.0,0.852237,1.0
cross_stall_occ_r5,lead_nec_r2,cross,lead,cross_stall_occ,lead_nec,cross_stall_occ|v8|d7,lead_nec|v6|s5,0,0,0,2.0,0.852237,1.0
cross_stall_occ_r5,lead_nec_r3,cross,lead,cross_stall_occ,lead_nec,cross_stall_occ|v8|d7,lead_nec|v7|s5,0,0,0,1.0,0.852237,1.0
cross_stall_occ_r5,lead_nec_r4,cross,lead,cross_stall_occ,lead_nec,cross_stall_occ|v8|d7,lead_nec|v7|s6,0,0,0,1.0,0.852237,1.0
cross_stall_occ_r5,lead_nec_r5,cross,lead,cross_stall_occ,lead_nec,cross_stall_occ|v8|d7,lead_nec|v8|s6,0,0,0,0.0,0.852237,1.0
cross_stall_occ_r5,lead_nec_r6,cross,lead,cross_stall_occ,lead_nec,cross_stall_occ|v8|d7,lead_nec|v8|s7,0,0,0,0.0,0.852237,1.0
cross_stall_occ_r5,lead_nec_r7,cross,lead,cross_stall_occ,lead_nec,cross_stall_occ|v8|d7,lead_nec|v8|s7,0,0,0,0.0,0.852237,1.0
cross_stall_occ_r5,lead_nec_r8,cross,lead,cross_stall_occ,lead_nec,cross_stall_occ|v8|d7,lead_nec|v9|s7,0,0,0,1.0,0.852237,1.0
cross_stall_occ_r5,lead_nec_r9,cross,lead,cross_stall_occ,lead_nec,cross_stall_occ|v8|d7,lead_nec|v9|s8,0,0,0,1.0,0.852237,1.0
cross_stall_occ_r5,lead_opt_r1,cross,lead,cross_stall_occ,lead_opt,cross_stall_occ|v8|d7,lead_opt|v6|s6,0,0,0,2.0,0.852237,1.0
cross_stall_occ_r5,lead_opt_r10,cross,lead,cross_stall_occ,lead_opt,cross_stall_occ|v8|d7,lead_opt|v8|s7,0,0,0,0.0,0.852237,1.0
cross_stall_occ_r5,lead_opt_r11,cross,lead,cross_stall_occ,lead_opt,cross_stall_occ|v8|d7,lead_opt|v6|s6,0,0,0,2.0,0.852237,1.0
cross_stall_occ_r5,lead_opt_r12,cross,lead,cross_stall_occ,lead_opt,cross_stall_occ|v8|d7,lead_opt|v7|s7,0,0,0,1.0,0.852237,1.0
cross_stall_occ_r5,lead_opt_r2,cross,lead,cross_stall_occ,lead_opt,cross_stall_occ|v8|d7,lead_opt|v6|s6,0,0,0,2.0,0.852237,1.0
cross_stall_occ_r5,lead_opt_r3,cross,lead,cross_stall_occ,lead_opt,cross_stall_occ|v8|d7,lead_opt|v7|s6,0,0,0,1.0,0.852237,1.0
cross_stall_occ_r5,lead_opt_r4,cross,lead,cross_stall_occ,lead_opt,cross_stall_occ|v8|d7,lead_opt|v7|s6,0,0,0,1.0,0.852237,1.0
cross_stall_occ_r5,lead_opt_r5,cross,lead,cross_stall_occ,lead_opt,cross_stall_occ|v8|d7,lead_opt|v8|s7,0,0,0,0.0,0.852237,1.0
cross_stall_occ_r5,lead_opt_r6,cross,lead,cross_stall_occ,lead_opt,cross_stall_occ|v8|d7,lead_opt|v8|s7,0,0,0,0.0,0.852237,1.0
cross_stall_occ_r5,lead_opt_r7,cross,lead,cross_stall_occ,lead_opt,cross_stall_occ|v8|d7,lead_opt|v9|s7,0,0,0,1.0,0.852237,1.0
cross_stall_occ_r5,lead_opt_r8,cross,lead,cross_stall_occ,lead_opt,cross_stall_occ|v8|d7,lead_opt|v9|s7,0,0,0,1.0,0.852237,1.0
cross_stall_occ_r5,lead_opt_r9,cross,lead,cross_stall_occ,lead_opt,cross_stall_occ|v8|d7,lead_opt|v7|s6,0,0,0,1.0,0.852237,1.0
cross_stall_occ_r5,temp_opt_r1,cross,block_or_occupancy,cross_stall_occ,temp_opt,cross_stall_occ|v8|d7,temp_opt|v6|o6,0,0,0,2.0,0.852237,1.0
cross_stall_occ_r5,temp_opt_r10,cross,block_or_occupancy,cross_stall_occ,temp_opt,cross_stall_occ|v8|d7,temp_opt|v6|o7,0,0,0,2.0,0.852237,1.0
cross_stall_occ_r5,temp_opt_r11,cross,block_or_occupancy,cross_stall_occ,temp_opt,cross_stall_occ|v8|d7,temp_opt|v7|o8,0,0,0,1.0,0.852237,1.0
cross_stall_occ_r5,temp_opt_r12,cross,block_or_occupancy,cross_stall_occ,temp_opt,cross_stall_occ|v8|d7,temp_opt|v8|o7,0,0,0,0.0,0.848975,1.0
cross_stall_occ_r5,temp_opt_r2,cross,block_or_occupancy,cross_stall_occ,temp_opt,cross_stall_occ|v8|d7,temp_opt|v6|o7,0,0,0,2.0,0.852237,1.0
cross_stall_occ_r5,temp_opt_r3,cross,block_or_occupancy,cross_stall_occ,temp_opt,cross_stall_occ|v8|d7,temp_opt|v6|o8,0,0,0,2.0,0.852237,1.0
cross_stall_occ_r5,temp_opt_r4,cross,block_or_occupancy,cross_stall_occ,temp_opt,cross_stall_occ|v8|d7,temp_opt|v7|o6,0,0,0,1.0,0.852237,1.0
cross_stall_occ_r5,temp_opt_r5,cross,block_or_occupancy,cross_stall_occ,temp_opt,cross_stall_occ|v8|d7,temp_opt|v7|o7,0,0,0,1.0,0.852237,1.0
cross_stall_occ_r5,temp_opt_r6,cross,block_or_occupancy,cross_stall_occ,temp_opt,cross_stall_occ|v8|d7,temp_opt|v7|o8,0,0,0,1.0,0.852237,1.0
cross_stall_occ_r5,temp_opt_r7,cross,block_or_occupancy,cross_stall_occ,temp_opt,cross_stall_occ|v8|d7,temp_opt|v8|o6,0,0,0,0.0,0.826913,1.0
cross_stall_occ_r5,temp_opt_r8,cross,block_or_occupancy,cross_stall_occ,temp_opt,cross_stall_occ|v8|d7,temp_opt|v8|o7,0,0,0,0.0,0.852237,1.0
cross_stall_occ_r5,temp_opt_r9,cross,block_or_occupancy,cross_stall_occ,temp_opt,cross_stall_occ|v8|d7,temp_opt|v8|o8,0,0,0,0.0,0.852237,1.0
cross_stall_occ_r6,cross_stall_occ_r7,cross,cross,cross_stall_occ,cross_stall_occ,cross_stall_occ|v8|d8,cross_stall_occ|v6|d6,1,1,0,2.0,0.005563,0.0234
cross_stall_occ_r6,cross_stall_occ_r8,cross,cross,cross_stall_occ,cross_stall_occ,cross_stall_occ|v8|d8,cross_stall_occ|v6|d7,1,1,0,2.0,0.033987,0.1004
cross_stall_occ_r6,cross_stall_occ_r9,cross,cross,cross_stall_occ,cross_stall_occ,cross_stall_occ|v8|d8,cross_stall_occ|v7|d7,1,1,0,1.0,0.26295,1.0
cross_stall_occ_r6,cross_stall_r1,cross,cross,cross_stall_occ,cross_stall,cross_stall_occ|v8|d8,cross_stall|v6|d6,1,0,0,2.0,0.852163,1.0
cross_stall_occ_r6,cross_stall_r10,cross,cross,cross_stall_occ,cross_stall,cross_stall_occ|v8|d8,cross_stall|v7|d7,1,0,0,1.0,0.852163,1.0
cross_stall_occ_r6,cross_stall_r11,cross,cross,cross_stall_occ,cross_stall,cross_stall_occ|v8|d8,cross_stall|v8|d7,1,0,0,0.0,0.8489,1.0
cross_stall_occ_r6,cross_stall_r12,cross,cross,cross_stall_occ,cross_stall,cross_stall_occ|v8|d8,cross_stall|v8|d8,1,0,0,0.0,0.852163,1.0
cross_stall_occ_r6,cross_stall_r2,cross,cross,cross_stall_occ,cross_stall,cross_stall_occ|v8|d8,cross_stall|v6|d6,1,0,0,2.0,0.852163,1.0
cross_stall_occ_r6,cross_stall_r3,cross,cross,cross_stall_occ,cross_stall,cross_stall_occ|v8|d8,cross_stall|v7|d6,1,0,0,1.0,0.847237,1.0
cross_stall_occ_r6,cross_stall_r4,cross,cross,cross_stall_occ,cross_stall,cross_stall_occ|v8|d8,cross_stall|v7|d7,1,0,0,1.0,0.852163,1.0
cross_stall_occ_r6,cross_stall_r5,cross,cross,cross_stall_occ,cross_stall,cross_stall_occ|v8|d8,cross_stall|v8|d7,1,0,0,0.0,0.817263,1.0
cross_stall_occ_r6,cross_stall_r6,cross,cross,cross_stall_occ,cross_stall,cross_stall_occ|v8|d8,cross_stall|v8|d8,1,0,0,0.0,0.852163,1.0
cross_stall_occ_r6,cross_stall_r7,cross,cross,cross_stall_occ,cross_stall,cross_stall_occ|v8|d8,cross_stall|v6|d6,1,0,0,2.0,0.852163,1.0
cross_stall_occ_r6,cross_stall_r8,cross,cross,cross_stall_occ,cross_stall,cross_stall_occ|v8|d8,cross_stall|v6|d6,1,0,0,2.0,0.852163,1.0
cross_stall_occ_r6,cross_stall_r9,cross,cross,cross_stall_occ,cross_stall,cross_stall_occ|v8|d8,cross_stall|v7|d6,1,0,0,1.0,0.852163,1.0
cross_stall_occ_r6,lead_cont_r1,cross,lead,cross_stall_occ,lead_cont,cross_stall_occ|v8|d8,lead_cont|v6|s5,0,0,0,2.0,0.039325,0.113
cross_stall_occ_r6,lead_cont_r10,cross,lead,cross_stall_occ,lead_cont,cross_stall_occ|v8|d8,lead_cont|v9|s8,0,0,0,1.0,0.209638,1.0
cross_stall_occ_r6,lead_cont_r11,cross,lead,cross_stall_occ,lead_cont,cross_stall_occ|v8|d8,lead_cont|v7|s6,0,0,0,1.0,0.30635,1.0
cross_stall_occ_r6,lead_cont_r12,cross,lead,cross_stall_occ,lead_cont,cross_stall_occ|v8|d8,lead_cont|v8|s7,0,0,0,0.0,0.112613,0.2553
cross_stall_occ_r6,lead_cont_r2,cross,lead,cross_stall_occ,lead_cont,cross_stall_occ|v8|d8,lead_cont|v6|s5,0,0,0,2.0,0.11245,0.2883
cross_stall_occ_r6,lead_cont_r3,cross,lead,cross_stall_occ,lead_cont,cross_stall_occ|v8|d8,lead_cont|v7|s5,0,0,0,1.0,0.311113,1.0
cross_stall_occ_r6,lead_cont_r4,cross,lead,cross_stall_occ,lead_cont,cross_stall_occ|v8|d8,lead_cont|v7|s6,0,0,0,1.0,0.3559,1.0
cross_stall_occ_r6,lead_cont_r5,cross,lead,cross_stall_occ,lead_cont,cross_stall_occ|v8|d8,lead_cont|v8|s6,0,0,0,0.0,0.065675,0.1489
cross_stall_occ_r6,lead_cont_r6,cross,lead,cross_stall_occ,lead_cont,cross_stall_occ|v8|d8,lead_cont|v8|s7,0,0,0,0.0,0.131175,0.2979
cross_stall_occ_r6,lead_cont_r7,cross,lead,cross_stall_occ,lead_cont,cross_stall_occ|v8|d8,lead_cont|v8|s7,0,0,0,0.0,0.112613,0.2553
cross_stall_occ_r6,lead_cont_r8,cross,lead,cross_stall_occ,lead_cont,cross_stall_occ|v8|d8,lead_cont|v9|s7,0,0,0,1.0,0.209638,1.0
cross_stall_occ_r6,lead_cont_r9,cross,lead,cross_stall_occ,lead_cont,cross_stall_occ|v8|d8,lead_cont|v9|s8,0,0,0,1.0,0.213587,1.0
cross_stall_occ_r6,lead_nec_r1,cross,lead,cross_stall_occ,lead_nec,cross_stall_occ|v8|d8,lead_nec|v6|s5,0,0,0,2.0,0.852163,1.0
cross_stall_occ_r6,lead_nec_r10,cross,lead,cross_stall_occ,lead_nec,cross_stall_occ|v8|d8,lead_nec|v9|s8,0,0,0,1.0,0.852163,1.0
cross_stall_occ_r6,lead_nec_r11,cross,lead,cross_stall_occ,lead_nec,cross_stall_occ|v8|d8,lead_nec|v7|s6,0,0,0,1.0,0.852163,1.0
cross_stall_occ_r6,lead_nec_r12,cross,lead,cross_stall_occ,lead_nec,cross_stall_occ|v8|d8,lead_nec|v8|s7,0,0,0,0.0,0.852163,1.0
cross_stall_occ_r6,lead_nec_r2,cross,lead,cross_stall_occ,lead_nec,cross_stall_occ|v8|d8,lead_nec|v6|s5,0,0,0,2.0,0.852163,1.0
cross_stall_occ_r6,lead_nec_r3,cross,lead,cross_stall_occ,lead_nec,cross_stall_occ|v8|d8,lead_nec|v7|s5,0,0,0,1.0,0.852163,1.0
cross_stall_occ_r6,lead_nec_r4,cross,lead,cross_stall_occ,lead_nec,cross_stall_occ|v8|d8,lead_nec|v7|s6,0,0,0,1.0,0.852163,1.0
cross_stall_occ_r6,lead_nec_r5,cross,lead,cross_stall_occ,lead_nec,cross_stall_occ|v8|d8,lead_nec|v8|s6,0,0,0,0.0,0.852163,1.0
cross_stall_occ_r6,lead_nec_r6,cross,lead,cross_stall_occ,lead_nec,cross_stall_occ|v8|d8,lead_nec|v8|s7,0,0,0,0.0,0.852163,1.0
cross_stall_occ_r6,lead_nec_r7,cross,lead,cross_stall_occ,lead_nec,cross_stall_occ|v8|d8,lead_nec|v8|s7,0,0,0,0.0,0.852163,1.0
cross_stall_occ_r6,lead_nec_r8,cross,lead,cross_stall_occ,lead_nec,cross_stall_occ|v8|d8,lead_nec|v9|s7,0,0,0,1.0,0.852163,1.0
cross_stall_occ_r6,lead_nec_r9,cross,lead,cross_stall_occ,lead_nec,cross_stall_occ|v8|d8,lead_nec|v9|s8,0,0,0,1.0,0.852163,1.0
cross_stall_occ_r6,lead_opt_r1,cross,lead,cross_stall_occ,lead_opt,cross_stall_occ|v8|d8,lead_opt|v6|s6,0,0,0,2.0,0.852163,1.0
cross_stall_occ_r6,lead_opt_r10,cross,lead,cross_stall_occ,lead_opt,cross_stall_occ|v8|d8,lead_opt|v8|s7,0,0,0,0.0,0.852163,1.0
cross_stall_occ_r6,lead_opt_r11,cross,lead,cross_stall_occ,lead_opt,cross_stall_occ|v8|d8,lead_opt|v6|s6,0,0,0,2.0,0.852163,1.0
cross_stall_occ_r6,lead_opt_r12,cross,lead,cross_stall_occ,lead_opt,cross_stall_occ|v8|d8,lead_opt|v7|s7,0,0,0,1.0,0.852163,1.0
cross_stall_occ_r6,lead_opt_r2,cross,lead,cross_stall_occ,lead_opt,cross_stall_occ|v8|d8,lead_opt|v6|s6,0,0,0,2.0,0.852163,1.0
cross_stall_occ_r6,lead_opt_r3,cross,lead,cross_stall_occ,lead_opt,cross_stall_occ|v8|d8,lead_opt|v7|s6,0,0,0,1.0,0.852163,1.0
cross_stall_occ_r6,lead_opt_r4,cross,lead,cross_stall_occ,lead_opt,cross_stall_occ|v8|d8,lead_opt|v7|s6,0,0,0,1.0,0.852163,1.0
cross_stall_occ_r6,lead_opt_r5,cross,lead,cross_stall_occ,lead_opt,cross_stall_occ|v8|d8,lead_opt|v8|s7,0,0,0,0.0,0.852163,1.0
cross_stall_occ_r6,lead_opt_r6,cross,lead,cross_stall_occ,lead_opt,cross_stall_occ|v8|d8,lead_opt|v8|s7,0,0,0,0.0,0.852163,1.0
cross_stall_occ_r6,lead_opt_r7,cross,lead,cross_stall_occ,lead_opt,cross_stall_occ|v8|d8,lead_opt|v9|s7,0,0,0,1.0,0.852163,1.0
cross_stall_occ_r6,lead_opt_r8,cross,lead,cross_stall_occ,lead_opt,cross_stall_occ|v8|d8,lead_opt|v9|s7,0,0,0,1.0,0.852163,1.0
cross_stall_occ_r6,lead_opt_r9,cross,lead,cross_stall_occ,lead_opt,cross_stall_occ|v8|d8,lead_opt|v7|s6,0,0,0,1.0,0.852163,1.0
cross_stall_occ_r6,temp_opt_r1,cross,block_or_occupancy,cross_stall_occ,temp_opt,cross_stall_occ|v8|d8,temp_opt|v6|o6,0,0,0,2.0,0.852163,1.0
cross_stall_occ_r6,temp_opt_r10,cross,block_or_occupancy,cross_stall_occ,temp_opt,cross_stall_occ|v8|d8,temp_opt|v6|o7,0,0,0,2.0,0.852163,1.0
cross_stall_occ_r6,temp_opt_r11,cross,block_or_occupancy,cross_stall_occ,temp_opt,cross_stall_occ|v8|d8,temp_opt|v7|o8,0,0,0,1.0,0.852163,1.0
cross_stall_occ_r6,temp_opt_r12,cross,block_or_occupancy,cross_stall_occ,temp_opt,cross_stall_occ|v8|d8,temp_opt|v8|o7,0,0,0,0.0,0.8489,1.0
cross_stall_occ_r6,temp_opt_r2,cross,block_or_occupancy,cross_stall_occ,temp_opt,cross_stall_occ|v8|d8,temp_opt|v6|o7,0,0,0,2.0,0.852163,1.0
cross_stall_occ_r6,temp_opt_r3,cross,block_or_occupancy,cross_stall_occ,temp_opt,cross_stall_occ|v8|d8,temp_opt|v6|o8,0,0,0,2.0,0.852163,1.0
cross_stall_occ_r6,temp_opt_r4,cross,block_or_occupancy,cross_stall_occ,temp_opt,cross_stall_occ|v8|d8,temp_opt|v7|o6,0,0,0,1.0,0.852163,1.0
cross_stall_occ_r6,temp_opt_r5,cross,block_or_occupancy,cross_stall_occ,temp_opt,cross_stall_occ|v8|d8,temp_opt|v7|o7,0,0,0,1.0,0.852163,1.0
cross_stall_occ_r6,temp_opt_r6,cross,block_or_occupancy,cross_stall_occ,temp_opt,cross_stall_occ|v8|d8,temp_opt|v7|o8,0,0,0,1.0,0.852163,1.0
cross_stall_occ_r6,temp_opt_r7,cross,block_or_occupancy,cross_stall_occ,temp_opt,cross_stall_occ|v8|d8,temp_opt|v8|o6,0,0,0,0.0,0.826838,1.0
cross_stall_occ_r6,temp_opt_r8,cross,block_or_occupancy,cross_stall_occ,temp_opt,cross_stall_occ|v8|d8,temp_opt|v8|o7,0,0,0,0.0,0.852163,1.0
cross_stall_occ_r6,temp_opt_r9,cross,block_or_occupancy,cross_stall_occ,temp_opt,cross_stall_occ|v8|d8,temp_opt|v8|o8,0,0,0,0.0,0.852163,1.0
cross_stall_occ_r7,cross_stall_occ_r8,cross,cross,cross_stall_occ,cross_stall_occ,cross_stall_occ|v6|d6,cross_stall_occ|v6|d7,1,1,0,0.0,0.03185,0.077
cross_stall_occ_r7,cross_stall_occ_r9,cross,cross,cross_stall_occ,cross_stall_occ,cross_stall_occ|v6|d6,cross_stall_occ|v7|d7,1,1,0,1.0,0.265088,1.0
cross_stall_occ_r7,cross_stall_r1,cross,cross,cross_stall_occ,cross_stall,cross_stall_occ|v6|d6,cross_stall|v6|d6,1,0,0,0.0,0.850025,1.0
cross_stall_occ_r7,cross_stall_r10,cross,cross,cross_stall_occ,cross_stall,cross_stall_occ|v6|d6,cross_stall|v7|d7,1,0,0,1.0,0.850025,1.0
cross_stall_occ_r7,cross_stall_r11,cross,cross,cross_stall_occ,cross_stall,cross_stall_occ|v6|d6,cross_stall|v8|d7,1,0,0,2.0,0.846762,1.0
cross_stall_occ_r7,cross_stall_r12,cross,cross,cross_stall_occ,cross_stall,cross_stall_occ|v6|d6,cross_stall|v8|d8,1,0,0,2.0,0.850025,1.0
cross_stall_occ_r7,cross_stall_r2,cross,cross,cross_stall_occ,cross_stall,cross_stall_occ|v6|d6,cross_stall|v6|d6,1,0,0,0.0,0.850025,1.0
cross_stall_occ_r7,cross_stall_r3,cross,cross,cross_stall_occ,cross_stall,cross_stall_occ|v6|d6,cross_stall|v7|d6,1,0,0,1.0,0.8451,1.0
cross_stall_occ_r7,cross_stall_r4,cross,cross,cross_stall_occ,cross_stall,cross_stall_occ|v6|d6,cross_stall|v7|d7,1,0,0,1.0,0.850025,1.0
cross_stall_occ_r7,cross_stall_r5,cross,cross,cross_stall_occ,cross_stall,cross_stall_occ|v6|d6,cross_stall|v8|d7,1,0,0,2.0,0.815125,1.0
cross_stall_occ_r7,cross_stall_r6,cross,cross,cross_stall_occ,cross_stall,cross_stall_occ|v6|d6,cross_stall|v8|d8,1,0,0,2.0,0.850025,1.0
cross_stall_occ_r7,cross_stall_r7,cross,cross,cross_stall_occ,cross_stall,cross_stall_occ|v6|d6,cross_stall|v6|d6,1,0,0,0.0,0.850025,1.0
cross_stall_occ_r7,cross_stall_r8,cross,cross,cross_stall_occ,cross_stall,cross_stall_occ|v6|d6,cross_stall|v6|d6,1,0,0,0.0,0.850025,1.0
cross_stall_occ_r7,cross_stall_r9,cross,cross,cross_stall_occ,cross_stall,cross_stall_occ|v6|d6,cross_stall|v7|d6,1,0,0,1.0,0.850025,1.0
cross_stall_occ_r7,lead_cont_r1,cross,lead,cross_stall_occ,lead_cont,cross_stall_occ|v6|d6,lead_cont|v6|s5,0,0,0,0.0,0.037188,0.0896
cross_stall_occ_r7,lead_cont_r10,cross,lead,cross_stall_occ,lead_cont,cross_stall_occ|v6|d6,lead_cont|v9|s8,0,0,0,3.0,0.2075,1.0
cross_stall_occ_r7,lead_cont_r11,cross,lead,cross_stall_occ,lead_cont,cross_stall_occ|v6|d6,lead_cont|v7|s6,0,0,0,1.0,0.304212,1.0
cross_stall_occ_r7,lead_cont_r12,cross,lead,cross_stall_occ,lead_cont,cross_stall_occ|v6|d6,lead_cont|v8|s7,0,0,0,2.0,0.110475,0.2319
cross_stall_occ_r7,lead_cont_r2,cross,lead,cross_stall_occ,lead_cont,cross_stall_occ|v6|d6,lead_cont|v6|s5,0,0,0,0.0,0.110312,0.2649
cross_stall_occ_r7,lead_cont_r3,cross,lead,cross_stall_occ,lead_cont,cross_stall_occ|v6|d6,lead_cont|v7|s5,0,0,0,1.0,0.308975,1.0
cross_stall_occ_r7,lead_cont_r4,cross,lead,cross_stall_occ,lead_cont,cross_stall_occ|v6|d6,lead_cont|v7|s6,0,0,0,1.0,0.353762,1.0
cross_stall_occ_r7,lead_cont_r5,cross,lead,cross_stall_occ,lead_cont,cross_stall_occ|v6|d6,lead_cont|v8|s6,0,0,0,2.0,0.063537,0.1285
cross_stall_occ_r7,lead_cont_r6,cross,lead,cross_stall_occ,lead_cont,cross_stall_occ|v6|d6,lead_cont|v8|s7,0,0,0,2.0,0.129037,0.2745
cross_stall_occ_r7,lead_cont_r7,cross,lead,cross_stall_occ,lead_cont,cross_stall_occ|v6|d6,lead_cont|v8|s7,0,0,0,2.0,0.110475,0.2319
cross_stall_occ_r7,lead_cont_r8,cross,lead,cross_stall_occ,lead_cont,cross_stall_occ|v6|d6,lead_cont|v9|s7,0,0,0,3.0,0.2075,1.0
cross_stall_occ_r7,lead_cont_r9,cross,lead,cross_stall_occ,lead_cont,cross_stall_occ|v6|d6,lead_cont|v9|s8,0,0,0,3.0,0.21145,1.0
cross_stall_occ_r7,lead_nec_r1,cross,lead,cross_stall_occ,lead_nec,cross_stall_occ|v6|d6,lead_nec|v6|s5,0,0,0,0.0,0.850025,1.0
cross_stall_occ_r7,lead_nec_r10,cross,lead,cross_stall_occ,lead_nec,cross_stall_occ|v6|d6,lead_nec|v9|s8,0,0,0,3.0,0.850025,1.0
cross_stall_occ_r7,lead_nec_r11,cross,lead,cross_stall_occ,lead_nec,cross_stall_occ|v6|d6,lead_nec|v7|s6,0,0,0,1.0,0.850025,1.0
cross_stall_occ_r7,lead_nec_r12,cross,lead,cross_stall_occ,lead_nec,cross_stall_occ|v6|d6,lead_nec|v8|s7,0,0,0,2.0,0.850025,1.0
cross_stall_occ_r7,lead_nec_r2,cross,lead,cross_stall_occ,lead_nec,cross_stall_occ|v6|d6,lead_nec|v6|s5,0,0,0,0.0,0.850025,1.0
cross_stall_occ_r7,lead_nec_r3,cross,lead,cross_stall_occ,lead_nec,cross_stall_occ|v6|d6,lead_nec|v7|s5,0,0,0,1.0,0.850025,1.0
cross_stall_occ_r7,lead_nec_r4,cross,lead,cross_stall_occ,lead_nec,cross_stall_occ|v6|d6,lead_nec|v7|s6,0,0,0,1.0,0.850025,1.0
cross_stall_occ_r7,lead_nec_r5,cross,lead,cross_stall_occ,lead_nec,cross_stall_occ|v6|d6,lead_nec|v8|s6,0,0,0,2.0,0.850025,1.0
cross_stall_occ_r7,lead_nec_r6,cross,lead,cross_stall_occ,lead_nec,cross_stall_occ|v6|d6,lead_nec|v8|s7,0,0,0,2.0,0.850025,1.0
cross_stall_occ_r7,lead_nec_r7,cross,lead,cross_stall_occ,lead_nec,cross_stall_occ|v6|d6,lead_nec|v8|s7,0,0,0,2.0,0.850025,1.0
cross_stall_occ_r7,lead_nec_r8,cross,lead,cross_stall_occ,lead_nec,cross_stall_occ|v6|d6,lead_nec|v9|s7,0,0,0,3.0,0.850025,1.0
cross_stall_occ_r7,lead_nec_r9,cross,lead,cross_stall_occ,lead_nec,cross_stall_occ|v6|d6,lead_nec|v9|s8,0,0,0,3.0,0.850025,1.0
cross_stall_occ_r7,lead_opt_r1,cross,lead,cross_stall_occ,lead_opt,cross_stall_occ|v6|d6,lead_opt|v6|s6,0,0,0,0.0,0.850025,1.0
cross_stall_occ_r7,lead_opt_r10,cross,lead,cross_stall_occ,lead_opt,cross_stall_occ|v6|d6,lead_opt|v8|s7,0,0,0,2.0,0.850025,1.0
cross_stall_occ_r7,lead_opt_r11,cross,lead,cross_stall_occ,lead_opt,cross_stall_occ|v6|d6,lead_opt|v6|s6,0,0,0,0.0,0.850025,1.0
cross_stall_occ_r7,lead_opt_r12,cross,lead,cross_stall_occ,lead_opt,cross_stall_occ|v6|d6,lead_opt|v7|s7,0,0,0,1.0,0.850025,1.0
cross_stall_occ_r7,lead_opt_r2,cross,lead,cross_stall_occ,lead_opt,cross_stall_occ|v6|d6,lead_opt|v6|s6,0,0,0,0.0,0.850025,1.0
cross_stall_occ_r7,lead_opt_r3,cross,lead,cross_stall_occ,lead_opt,cross_stall_occ|v6|d6,lead_opt|v7|s6,0,0,0,1.0,0.850025,1.0
cross_stall_occ_r7,lead_opt_r4,cross,lead,cross_stall_occ,lead_opt,cross_stall_occ|v6|d6,lead_opt|v7|s6,0,0,0,1.0,0.850025,1.0
cross_stall_occ_r7,lead_opt_r5,cross,lead,cross_stall_occ,lead_opt,cross_stall_occ|v6|d6,lead_opt|v8|s7,0,0,0,2.0,0.850025,1.0
cross_stall_occ_r7,lead_opt_r6,cross,lead,cross_stall_occ,lead_opt,cross_stall_occ|v6|d6,lead_opt|v8|s7,0,0,0,2.0,0.850025,1.0
cross_stall_occ_r7,lead_opt_r7,cross,lead,cross_stall_occ,lead_opt,cross_stall_occ|v6|d6,lead_opt|v9|s7,0,0,0,3.0,0.850025,1.0
cross_stall_occ_r7,lead_opt_r8,cross,lead,cross_stall_occ,lead_opt,cross_stall_occ|v6|d6,lead_opt|v9|s7,0,0,0,3.0,0.850025,1.0
cross_stall_occ_r7,lead_opt_r9,cross,lead,cross_stall_occ,lead_opt,cross_stall_occ|v6|d6,lead_opt|v7|s6,0,0,0,1.0,0.850025,1.0
cross_stall_occ_r7,temp_opt_r1,cross,block_or_occupancy,cross_stall_occ,temp_opt,cross_stall_occ|v6|d6,temp_opt|v6|o6,0,0,0,0.0,0.850025,1.0
cross_stall_occ_r7,temp_opt_r10,cross,block_or_occupancy,cross_stall_occ,temp_opt,cross_stall_occ|v6|d6,temp_opt|v6|o7,0,0,0,0.0,0.850025,1.0
cross_stall_occ_r7,temp_opt_r11,cross,block_or_occupancy,cross_stall_occ,temp_opt,cross_stall_occ|v6|d6,temp_opt|v7|o8,0,0,0,1.0,0.850025,1.0
cross_stall_occ_r7,temp_opt_r12,cross,block_or_occupancy,cross_stall_occ,temp_opt,cross_stall_occ|v6|d6,temp_opt|v8|o7,0,0,0,2.0,0.846762,1.0
cross_stall_occ_r7,temp_opt_r2,cross,block_or_occupancy,cross_stall_occ,temp_opt,cross_stall_occ|v6|d6,temp_opt|v6|o7,0,0,0,0.0,0.850025,1.0
cross_stall_occ_r7,temp_opt_r3,cross,block_or_occupancy,cross_stall_occ,temp_opt,cross_stall_occ|v6|d6,temp_opt|v6|o8,0,0,0,0.0,0.850025,1.0
cross_stall_occ_r7,temp_opt_r4,cross,block_or_occupancy,cross_stall_occ,temp_opt,cross_stall_occ|v6|d6,temp_opt|v7|o6,0,0,0,1.0,0.850025,1.0
cross_stall_occ_r7,temp_opt_r5,cross,block_or_occupancy,cross_stall_occ,temp_opt,cross_stall_occ|v6|d6,temp_opt|v7|o7,0,0,0,1.0,0.850025,1.0
cross_stall_occ_r7,temp_opt_r6,cross,block_or_occupancy,cross_stall_occ,temp_opt,cross_stall_occ|v6|d6,temp_opt|v7|o8,0,0,0,1.0,0.850025,1.0
cross_stall_occ_r7,temp_opt_r7,cross,block_or_occupancy,cross_stall_occ,temp_opt,cross_stall_occ|v6|d6,temp_opt|v8|o6,0,0,0,2.0,0.8247,1.0
cross_stall_occ_r7,temp_opt_r8,cross,block_or_occupancy,cross_stall_occ,temp_opt,cross_stall_occ|v6|d6,temp_opt|v8|o7,0,0,0,2.0,0.850025,1.0
cross_stall_occ_r7,temp_opt_r9,cross,block_or_occupancy,cross_stall_occ,temp_opt,cross_stall_occ|v6|d6,temp_opt|v8|o8,0,0,0,2.0,0.850025,1.0
cross_stall_occ_r8,cross_stall_occ_r9,cross,cross,cross_stall_occ,cross_stall_occ,cross_stall_occ|v6|d7,cross_stall_occ|v7|d7,1,1,0,1.0,0.296937,1.0
cross_stall_occ_r8,cross_stall_r1,cross,cross,cross_stall_occ,cross_stall,cross_stall_occ|v6|d7,cross_stall|v6|d6,1,0,0,0.0,0.818175,1.0
cross_stall_occ_r8,cross_stall_r10,cross,cross,cross_stall_occ,cross_stall,cross_stall_occ|v6|d7,cross_stall|v7|d7,1,0,0,1.0,0.818175,1.0
cross_stall_occ_r8,cross_stall_r11,cross,cross,cross_stall_occ,cross_stall,cross_stall_occ|v6|d7,cross_stall|v8|d7,1,0,0,2.0,0.814912,1.0
cross_stall_occ_r8,cross_stall_r12,cross,cross,cross_stall_occ,cross_stall,cross_stall_occ|v6|d7,cross_stall|v8|d8,1,0,0,2.0,0.818175,1.0
cross_stall_occ_r8,cross_stall_r2,cross,cross,cross_stall_occ,cross_stall,cross_stall_occ|v6|d7,cross_stall|v6|d6,1,0,0,0.0,0.818175,1.0
cross_stall_occ_r8,cross_stall_r3,cross,cross,cross_stall_occ,cross_stall,cross_stall_occ|v6|d7,cross_stall|v7|d6,1,0,0,1.0,0.81325,1.0
cross_stall_occ_r8,cross_stall_r4,cross,cross,cross_stall_occ,cross_stall,cross_stall_occ|v6|d7,cross_stall|v7|d7,1,0,0,1.0,0.818175,1.0
cross_stall_occ_r8,cross_stall_r5,cross,cross,cross_stall_occ,cross_stall,cross_stall_occ|v6|d7,cross_stall|v8|d7,1,0,0,2.0,0.783275,1.0
cross_stall_occ_r8,cross_stall_r6,cross,cross,cross_stall_occ,cross_stall,cross_stall_occ|v6|d7,cross_stall|v8|d8,1,0,0,2.0,0.818175,1.0
cross_stall_occ_r8,cross_stall_r7,cross,cross,cross_stall_occ,cross_stall,cross_stall_occ|v6|d7,cross_stall|v6|d6,1,0,0,0.0,0.818175,1.0
cross_stall_occ_r8,cross_stall_r8,cross,cross,cross_stall_occ,cross_stall,cross_stall_occ|v6|d7,cross_stall|v6|d6,1,0,0,0.0,0.818175,1.0
cross_stall_occ_r8,cross_stall_r9,cross,cross,cross_stall_occ,cross_stall,cross_stall_occ|v6|d7,cross_stall|v7|d6,1,0,0,1.0,0.818175,1.0
cross_stall_occ_r8,lead_cont_r1,cross,lead,cross_stall_occ,lead_cont,cross_stall_occ|v6|d7,lead_cont|v6|s5,0,0,0,0.0,0.005338,0.0126
cross_stall_occ_r8,lead_cont_r10,cross,lead,cross_stall_occ,lead_cont,cross_stall_occ|v6|d7,lead_cont|v9|s8,0,0,0,3.0,0.17565,1.0
cross_stall_occ_r8,lead_cont_r11,cross,lead,cross_stall_occ,lead_cont,cross_stall_occ|v6|d7,lead_cont|v7|s6,0,0,0,1.0,0.272363,1.0
cross_stall_occ_r8,lead_cont_r12,cross,lead,cross_stall_occ,lead_cont,cross_stall_occ|v6|d7,lead_cont|v8|s7,0,0,0,2.0,0.078625,0.1587
cross_stall_occ_r8,lead_cont_r2,cross,lead,cross_stall_occ,lead_cont,cross_stall_occ|v6|d7,lead_cont|v6|s5,0,0,0,0.0,0.078462,0.1879
cross_stall_occ_r8,lead_cont_r3,cross,lead,cross_stall_occ,lead_cont,cross_stall_occ|v6|d7,lead_cont|v7|s5,0,0,0,1.0,0.277125,1.0
cross_stall_occ_r8,lead_cont_r4,cross,lead,cross_stall_occ,lead_cont,cross_stall_occ|v6|d7,lead_cont|v7|s6,0,0,0,1.0,0.321912,1.0
cross_stall_occ_r8,lead_cont_r5,cross,lead,cross_stall_occ,lead_cont,cross_stall_occ|v6|d7,lead_cont|v8|s6,0,0,0,2.0,0.031688,0.0735
cross_stall_occ_r8,lead_cont_r6,cross,lead,cross_stall_occ,lead_cont,cross_stall_occ|v6|d7,lead_cont|v8|s7,0,0,0,2.0,0.097187,0.1975
cross_stall_occ_r8,lead_cont_r7,cross,lead,cross_stall_occ,lead_cont,cross_stall_occ|v6|d7,lead_cont|v8|s7,0,0,0,2.0,0.078625,0.1587
cross_stall_occ_r8,lead_cont_r8,cross,lead,cross_stall_occ,lead_cont,cross_stall_occ|v6|d7,lead_cont|v9|s7,0,0,0,3.0,0.17565,1.0
cross_stall_occ_r8,lead_cont_r9,cross,lead,cross_stall_occ,lead_cont,cross_stall_occ|v6|d7,lead_cont|v9|s8,0,0,0,3.0,0.1796,1.0
cross_stall_occ_r8,lead_nec_r1,cross,lead,cross_stall_occ,lead_nec,cross_stall_occ|v6|d7,lead_nec|v6|s5,0,0,0,0.0,0.818175,1.0
cross_stall_occ_r8,lead_nec_r10,cross,lead,cross_stall_occ,lead_nec,cross_stall_occ|v6|d7,lead_nec|v9|s8,0,0,0,3.0,0.818175,1.0
cross_stall_occ_r8,lead_nec_r11,cross,lead,cross_stall_occ,lead_nec,cross_stall_occ|v6|d7,lead_nec|v7|s6,0,0,0,1.0,0.818175,1.0
cross_stall_occ_r8,lead_nec_r12,cross,lead,cross_stall_occ,lead_nec,cross_stall_occ|v6|d7,lead_nec|v8|s7,0,0,0,2.0,0.818175,1.0
cross_stall_occ_r8,lead_nec_r2,cross,lead,cross_stall_occ,lead_nec,cross_stall_occ|v6|d7,lead_nec|v6|s5,0,0,0,0.0,0.818175,1.0
cross_stall_occ_r8,lead_nec_r3,cross,lead,cross_stall_occ,lead_nec,cross_stall_occ|v6|d7,lead_nec|v7|s5,0,0,0,1.0,0.818175,1.0
cross_stall_occ_r8,lead_nec_r4,cross,lead,cross_stall_occ,lead_nec,cross_stall_occ|v6|d7,lead_nec|v7|s6,0,0,0,1.0,0.818175,1.0
cross_stall_occ_r8,lead_nec_r5,cross,lead,cross_stall_occ,lead_nec,cross_stall_occ|v6|d7,lead_nec|v8|s6,0,0,0,2.0,0.818175,1.0
cross_stall_occ_r8,lead_nec_r6,cross,lead,cross_stall_occ,lead_nec,cross_stall_occ|v6|d7,lead_nec|v8|s7,0,0,0,2.0,0.818175,1.0
cross_stall_occ_r8,lead_nec_r7,cross,lead,cross_stall_occ,lead_nec,cross_stall_occ|v6|d7,lead_nec|v8|s7,0,0,0,2.0,0.818175,1.0
cross_stall_occ_r8,lead_nec_r8,cross,lead,cross_stall_occ,lead_nec,cross_stall_occ|v6|d7,lead_nec|v9|s7,0,0,0,3.0,0.818175,1.0
cross_stall_occ_r8,lead_nec_r9,cross,lead,cross_stall_occ,lead_nec,cross_stall_occ|v6|d7,lead_nec|v9|s8,0,0,0,3.0,0.818175,1.0
cross_stall_occ_r8,lead_opt_r1,cross,lead,cross_stall_occ,lead_opt,cross_stall_occ|v6|d7,lead_opt|v6|s6,0,0,0,0.0,0.818175,1.0
cross_stall_occ_r8,lead_opt_r10,cross,lead,cross_stall_occ,lead_opt,cross_stall_occ|v6|d7,lead_opt|v8|s7,0,0,0,2.0,0.818175,1.0
cross_stall_occ_r8,lead_opt_r11,cross,lead,cross_stall_occ,lead_opt,cross_stall_occ|v6|d7,lead_opt|v6|s6,0,0,0,0.0,0.818175,1.0
cross_stall_occ_r8,lead_opt_r12,cross,lead,cross_stall_occ,lead_opt,cross_stall_occ|v6|d7,lead_opt|v7|s7,0,0,0,1.0,0.818175,1.0
cross_stall_occ_r8,lead_opt_r2,cross,lead,cross_stall_occ,lead_opt,cross_stall_occ|v6|d7,lead_opt|v6|s6,0,0,0,0.0,0.818175,1.0
cross_stall_occ_r8,lead_opt_r3,cross,lead,cross_stall_occ,lead_opt,cross_stall_occ|v6|d7,lead_opt|v7|s6,0,0,0,1.0,0.818175,1.0
cross_stall_occ_r8,lead_opt_r4,cross,lead,cross_stall_occ,lead_opt,cross_stall_occ|v6|d7,lead_opt|v7|s6,0,0,0,1.0,0.818175,1.0
cross_stall_occ_r8,lead_opt_r5,cross,lead,cross_stall_occ,lead_opt,cross_stall_occ|v6|d7,lead_opt|v8|s7,0,0,0,2.0,0.818175,1.0
cross_stall_occ_r8,lead_opt_r6,cross,lead,cross_stall_occ,lead_opt,cross_stall_occ|v6|d7,lead_opt|v8|s7,0,0,0,2.0,0.818175,1.0
cross_stall_occ_r8,lead_opt_r7,cross,lead,cross_stall_occ,lead_opt,cross_stall_occ|v6|d7,lead_opt|v9|s7,0,0,0,3.0,0.818175,1.0
cross_stall_occ_r8,lead_opt_r8,cross,lead,cross_stall_occ,lead_opt,cross_stall_occ|v6|d7,lead_opt|v9|s7,0,0,0,3.0,0.818175,1.0
cross_stall_occ_r8,lead_opt_r9,cross,lead,cross_stall_occ,lead_opt,cross_stall_occ|v6|d7,lead_opt|v7|s6,0,0,0,1.0,0.818175,1.0
cross_stall_occ_r8,temp_opt_r1,cross,block_or_occupancy,cross_stall_occ,temp_opt,cross_stall_occ|v6|d7,temp_opt|v6|o6,0,0,0,0.0,0.818175,1.0
cross_stall_occ_r8,temp_opt_r10,cross,block_or_occupancy,cross_stall_occ,temp_opt,cross_stall_occ|v6|d7,temp_opt|v6|o7,0,0,0,0.0,0.818175,1.0
cross_stall_occ_r8,temp_opt_r11,cross,block_or_occupancy,cross_stall_occ,temp_opt,cross_stall_occ|v6|d7,temp_opt|v7|o8,0,0,0,1.0,0.818175,1.0
cross_stall_occ_r8,temp_opt_r12,cross,block_or_occupancy,cross_stall_occ,temp_opt,cross_stall_occ|v6|d7,temp_opt|v8|o7,0,0,0,2.0,0.814912,1.0
cross_stall_occ_r8,temp_opt_r2,cross,block_or_occupancy,cross_stall_occ,temp_opt,cross_stall_occ|v6|d7,temp_opt|v6|o7,0,0,0,0.0,0.818175,1.0
cross_stall_occ_r8,temp_opt_r3,cross,block_or_occupancy,cross_stall_occ,temp_opt,cross_stall_occ|v6|d7,temp_opt|v6|o8,0,0,0,0.0,0.818175,1.0
cross_stall_occ_r8,temp_opt_r4,cross,block_or_occupancy,cross_stall_occ,temp_opt,cross_stall_occ|v6|d7,temp_opt|v7|o6,0,0,0,1.0,0.818175,1.0
cross_stall_occ_r8,temp_opt_r5,cross,block_or_occupancy,cross_stall_occ,temp_opt,cross_stall_occ|v6|d7,temp_opt|v7|o7,0,0,0,1.0,0.818175,1.0
cross_stall_occ_r8,temp_opt_r6,cross,block_or_occupancy,cross_stall_occ,temp_opt,cross_stall_occ|v6|d7,temp_opt|v7|o8,0,0,0,1.0,0.818175,1.0
cross_stall_occ_r8,temp_opt_r7,cross,block_or_occupancy,cross_stall_occ,temp_opt,cross_stall_occ|v6|d7,temp_opt|v8|o6,0,0,0,2.0,0.79285,1.0
cross_stall_occ_r8,temp_opt_r8,cross,block_or_occupancy,cross_stall_occ,temp_opt,cross_stall_occ|v6|d7,temp_opt|v8|o7,0,0,0,2.0,0.818175,1.0
cross_stall_occ_r8,temp_opt_r9,cross,block_or_occupancy,cross_stall_occ,temp_opt,cross_stall_occ|v6|d7,temp_opt|v8|o8,0,0,0,2.0,0.818175,1.0
cross_stall_occ_r9,cross_stall_r1,cross,cross,cross_stall_occ,cross_stall,cross_stall_occ|v7|d7,cross_stall|v6|d6,1,0,0,1.0,0.83985,1.0
cross_stall_occ_r9,cross_stall_r10,cross,cross,cross_stall_occ,cross_stall,cross_stall_occ|v7|d7,cross_stall|v7|d7,1,0,0,0.0,0.83985,1.0
cross_stall_occ_r9,cross_stall_r11,cross,cross,cross_stall_occ,cross_stall,cross_stall_occ|v7|d7,cross_stall|v8|d7,1,0,0,1.0,0.836588,1.0
cross_stall_occ_r9,cross_stall_r12,cross,cross,cross_stall_occ,cross_stall,cross_stall_occ|v7|d7,cross_stall|v8|d8,1,0,0,1.0,0.83985,1.0
cross_stall_occ_r9,cross_stall_r2,cross,cross,cross_stall_occ,cross_stall,cross_stall_occ|v7|d7,cross_stall|v6|d6,1,0,0,1.0,0.83985,1.0
cross_stall_occ_r9,cross_stall_r3,cross,cross,cross_stall_occ,cross_stall,cross_stall_occ|v7|d7,cross_stall|v7|d6,1,0,0,0.0,0.834925,1.0
cross_stall_occ_r9,cross_stall_r4,cross,cross,cross_stall_occ,cross_stall,cross_stall_occ|v7|d7,cross_stall|v7|d7,1,0,0,0.0,0.83985,1.0
cross_stall_occ_r9,cross_stall_r5,cross,cross,cross_stall_occ,cross_stall,cross_stall_occ|v7|d7,cross_stall|v8|d7,1,0,0,1.0,0.80495,1.0
cross_stall_occ_r9,cross_stall_r6,cross,cross,cross_stall_occ,cross_stall,cross_stall_occ|v7|d7,cross_stall|v8|d8,1,0,0,1.0,0.83985,1.0
cross_stall_occ_r9,cross_stall_r7,cross,cross,cross_stall_occ,cross_stall,cross_stall_occ|v7|d7,cross_stall|v6|d6,1,0,0,1.0,0.83985,1.0
cross_stall_occ_r9,cross_stall_r8,cross,cross,cross_stall_occ,cross_stall,cross_stall_occ|v7|d7,cross_stall|v6|d6,1,0,0,1.0,0.83985,1.0
cross_stall_occ_r9,cross_stall_r9,cross,cross,cross_stall_occ,cross_stall,cross_stall_occ|v7|d7,cross_stall|v7|d6,1,0,0,0.0,0.83985,1.0
cross_stall_occ_r9,lead_cont_r1,cross,lead,cross_stall_occ,lead_cont,cross_stall_occ|v7|d7,lead_cont|v6|s5,0,0,0,1.0,0.302275,1.0
cross_stall_occ_r9,lead_cont_r10,cross,lead,cross_stall_occ,lead_cont,cross_stall_occ|v7|d7,lead_cont|v9|s8,0,0,0,2.0,0.222862,1.0
cross_stall_occ_r9,lead_cont_r11,cross,lead,cross_stall_occ,lead_cont,cross_stall_occ|v7|d7,lead_cont|v7|s6,0,0,0,0.0,0.0693,0.1614
cross_stall_occ_r9,lead_cont_r12,cross,lead,cross_stall_occ,lead_cont,cross_stall_occ|v7|d7,lead_cont|v8|s7,0,0,0,1.0,0.375563,1.0
cross_stall_occ_r9,lead_cont_r2,cross,lead,cross_stall_occ,lead_cont,cross_stall_occ|v7|d7,lead_cont|v6|s5,0,0,0,1.0,0.3754,1.0
cross_stall_occ_r9,lead_cont_r3,cross,lead,cross_stall_occ,lead_cont,cross_stall_occ|v7|d7,lead_cont|v7|s5,0,0,0,0.0,0.074063,0.1714
cross_stall_occ_r9,lead_cont_r4,cross,lead,cross_stall_occ,lead_cont,cross_stall_occ|v7|d7,lead_cont|v7|s6,0,0,0,0.0,0.11885,0.2762
cross_stall_occ_r9,lead_cont_r5,cross,lead,cross_stall_occ,lead_cont,cross_stall_occ|v7|d7,lead_cont|v8|s6,0,0,0,1.0,0.328625,1.0
cross_stall_occ_r9,lead_cont_r6,cross,lead,cross_stall_occ,lead_cont,cross_stall_occ|v7|d7,lead_cont|v8|s7,0,0,0,1.0,0.394125,1.0
cross_stall_occ_r9,lead_cont_r7,cross,lead,cross_stall_occ,lead_cont,cross_stall_occ|v7|d7,lead_cont|v8|s7,0,0,0,1.0,0.375563,1.0
cross_stall_occ_r9,lead_cont_r8,cross,lead,cross_stall_occ,lead_cont,cross_stall_occ|v7|d7,lead_cont|v9|s7,0,0,0,2.0,0.222862,1.0
cross_stall_occ_r9,lead_cont_r9,cross,lead,cross_stall_occ,lead_cont,cross_stall_occ|v7|d7,lead_cont|v9|s8,0,0,0,2.0,0.226813,1.0
cross_stall_occ_r9,lead_nec_r1,cross,lead,cross_stall_occ,lead_nec,cross_stall_occ|v7|d7,lead_nec|v6|s5,0,0,0,1.0,0.83985,1.0
cross_stall_occ_r9,lead_nec_r10,cross,lead,cross_stall_occ,lead_nec,cross_stall_occ|v7|d7,lead_nec|v9|s8,0,0,0,2.0,0.83985,1.0
cross_stall_occ_r9,lead_nec_r11,cross,lead,cross_stall_occ,lead_nec,cross_stall_occ|v7|d7,lead_nec|v7|s6,0,0,0,0.0,0.83985,1.0
cross_stall_occ_r9,lead_nec_r12,cross,lead,cross_stall_occ,lead_nec,cross_stall_occ|v7|d7,lead_nec|v8|s7,0,0,0,1.0,0.83985,1.0
cross_stall_occ_r9,lead_nec_r2,cross,lead,cross_stall_occ,lead_nec,cross_stall_occ|v7|d7,lead_nec|v6|s5,0,0,0,1.0,0.83985,1.0
cross_stall_occ_r9,lead_nec_r3,cross,lead,cross_stall_occ,lead_nec,cross_stall_occ|v7|d7,lead_nec|v7|s5,0,0,0,0.0,0.83985,1.0
cross_stall_occ_r9,lead_nec_r4,cross,lead,cross_stall_occ,lead_nec,cross_stall_occ|v7|d7,lead_nec|v7|s6,0,0,0,0.0,0.83985,1.0
cross_stall_occ_r9,lead_nec_r5,cross,lead,cross_stall_occ,lead_nec,cross_stall_occ|v7|d7,lead_nec|v8|s6,0,0,0,1.0,0.83985,1.0
cross_stall_occ_r9,lead_nec_r6,cross,lead,cross_stall_occ,lead_nec,cross_stall_occ|v7|d7,lead_nec|v8|s7,0,0,0,1.0,0.83985,1.0
cross_stall_occ_r9,lead_nec_r7,cross,lead,cross_stall_occ,lead_nec,cross_stall_occ|v7|d7,lead_nec|v8|s7,0,0,0,1.0,0.83985,1.0
cross_stall_occ_r9,lead_nec_r8,cross,lead,cross_stall_occ,lead_nec,cross_stall_occ|v7|d7,lead_nec|v9|s7,0,0,0,2.0,0.83985,1.0
cross_stall_occ_r9,lead_nec_r9,cross,lead,cross_stall_occ,lead_nec,cross_stall_occ|v7|d7,lead_nec|v9|s8,0,0,0,2.0,0.83985,1.0
cross_stall_occ_r9,lead_opt_r1,cross,lead,cross_stall_occ,lead_opt,cross_stall_occ|v7|d7,lead_opt|v6|s6,0,0,0,1.0,0.83985,1.0
cross_stall_occ_r9,lead_opt_r10,cross,lead,cross_stall_occ,lead_opt,cross_stall_occ|v7|d7,lead_opt|v8|s7,0,0,0,1.0,0.83985,1.0
cross_stall_occ_r9,lead_opt_r11,cross,lead,cross_stall_occ,lead_opt,cross_stall_occ|v7|d7,lead_opt|v6|s6,0,0,0,1.0,0.83985,1.0
cross_stall_occ_r9,lead_opt_r12,cross,lead,cross_stall_occ,lead_opt,cross_stall_occ|v7|d7,lead_opt|v7|s7,0,0,0,0.0,0.83985,1.0
cross_stall_occ_r9,lead_opt_r2,cross,lead,cross_stall_occ,lead_opt,cross_stall_occ|v7|d7,lead_opt|v6|s6,0,0,0,1.0,0.83985,1.0
cross_stall_occ_r9,lead_opt_r3,cross,lead,cross_stall_occ,lead_opt,cross_stall_occ|v7|d7,lead_opt|v7|s6,0,0,0,0.0,0.83985,1.0
cross_stall_occ_r9,lead_opt_r4,cross,lead,cross_stall_occ,lead_opt,cross_stall_occ|v7|d7,lead_opt|v7|s6,0,0,0,0.0,0.83985,1.0
cross_stall_occ_r9,lead_opt_r5,cross,lead,cross_stall_occ,lead_opt,cross_stall_occ|v7|d7,lead_opt|v8|s7,0,0,0,1.0,0.83985,1.0
cross_stall_occ_r9,lead_opt_r6,cross,lead,cross_stall_occ,lead_opt,cross_stall_occ|v7|d7,lead_opt|v8|s7,0,0,0,1.0,0.83985,1.0
cross_stall_occ_r9,lead_opt_r7,cross,lead,cross_stall_occ,lead_opt,cross_stall_occ|v7|d7,lead_opt|v9|s7,0,0,0,2.0,0.83985,1.0
cross_stall_occ_r9,lead_opt_r8,cross,lead,cross_stall_occ,lead_opt,cross_stall_occ|v7|d7,lead_opt|v9|s7,0,0,0,2.0,0.83985,1.0
cross_stall_occ_r9,lead_opt_r9,cross,lead,cross_stall_occ,lead_opt,cross_stall_occ|v7|d7,lead_opt|v7|s6,0,0,0,0.0,0.83985,1.0
cross_stall_occ_r9,temp_opt_r1,cross,block_or_occupancy,cross_stall_occ,temp_opt,cross_stall_occ|v7|d7,temp_opt|v6|o6,0,0,0,1.0,0.83985,1.0
cross_stall_occ_r9,temp_opt_r10,cross,block_or_occupancy,cross_stall_occ,temp_opt,cross_stall_occ|v7|d7,temp_opt|v6|o7,0,0,0,1.0,0.83985,1.0
cross_stall_occ_r9,temp_opt_r11,cross,block_or_occupancy,cross_stall_occ,temp_opt,cross_stall_occ|v7|d7,temp_opt|v7|o8,0,0,0,0.0,0.83985,1.0
cross_stall_occ_r9,temp_opt_r12,cross,block_or_occupancy,cross_stall_occ,temp_opt,cross_stall_occ|v7|d7,temp_opt|v8|o7,0,0,0,1.0,0.836588,1.0
cross_stall_occ_r9,temp_opt_r2,cross,block_or_occupancy,cross_stall_occ,temp_opt,cross_stall_occ|v7|d7,temp_opt|v6|o7,0,0,0,1.0,0.83985,1.0
cross_stall_occ_r9,temp_opt_r3,cross,block_or_occupancy,cross_stall_occ,temp_opt,cross_stall_occ|v7|d7,temp_opt|v6|o8,0,0,0,1.0,0.83985,1.0
cross_stall_occ_r9,temp_opt_r4,cross,block_or_occupancy,cross_stall_occ,temp_opt,cross_stall_occ|v7|d7,temp_opt|v7|o6,0,0,0,0.0,0.83985,1.0
cross_stall_occ_r9,temp_opt_r5,cross,block_or_occupancy,cross_stall_occ,temp_opt,cross_stall_occ|v7|d7,temp_opt|v7|o7,0,0,0,0.0,0.83985,1.0
cross_stall_occ_r9,temp_opt_r6,cross,block_or_occupancy,cross_stall_occ,temp_opt,cross_stall_occ|v7|d7,temp_opt|v7|o8,0,0,0,0.0,0.83985,1.0
cross_stall_occ_r9,temp_opt_r7,cross,block_or_occupancy,cross_stall_occ,temp_opt,cross_stall_occ|v7|d7,temp_opt|v8|o6,0,0,0,1.0,0.814525,1.0
cross_stall_occ_r9,temp_opt_r8,cross,block_or_occupancy,cross_stall_occ,temp_opt,cross_stall_occ|v7|d7,temp_opt|v8|o7,0,0,0,1.0,0.83985,1.0
cross_stall_occ_r9,temp_opt_r9,cross,block_or_occupancy,cross_stall_occ,temp_opt,cross_stall_occ|v7|d7,temp_opt|v8|o8,0,0,0,1.0,0.83985,1.0
cross_stall_r1,cross_stall_r10,cross,cross,cross_stall,cross_stall,cross_stall|v6|d6,cross_stall|v7|d7,1,1,0,1.0,0.0,0.0
cross_stall_r1,cross_stall_r11,cross,cross,cross_stall,cross_stall,cross_stall|v6|d6,cross_stall|v8|d7,1,1,0,2.0,0.003263,0.0261
cross_stall_r1,cross_stall_r12,cross,cross,cross_stall,cross_stall,cross_stall|v6|d6,cross_stall|v8|d8,1,1,0,2.0,0.0,0.0
cross_stall_r1,cross_stall_r2,cross,cross,cross_stall,cross_stall,cross_stall|v6|d6,cross_stall|v6|d6,1,1,1,0.0,0.0,0.0
cross_stall_r1,cross_stall_r3,cross,cross,cross_stall,cross_stall,cross_stall|v6|d6,cross_stall|v7|d6,1,1,0,1.0,0.004925,0.0394
cross_stall_r1,cross_stall_r4,cross,cross,cross_stall,cross_stall,cross_stall|v6|d6,cross_stall|v7|d7,1,1,0,1.0,0.0,0.0
cross_stall_r1,cross_stall_r5,cross,cross,cross_stall,cross_stall,cross_stall|v6|d6,cross_stall|v8|d7,1,1,0,2.0,0.0349,0.2167
cross_stall_r1,cross_stall_r6,cross,cross,cross_stall,cross_stall,cross_stall|v6|d6,cross_stall|v8|d8,1,1,0,2.0,0.0,0.0
cross_stall_r1,cross_stall_r7,cross,cross,cross_stall,cross_stall,cross_stall|v6|d6,cross_stall|v6|d6,1,1,1,0.0,0.0,0.0
cross_stall_r1,cross_stall_r8,cross,cross,cross_stall,cross_stall,cross_stall|v6|d6,cross_stall|v6|d6,1,1,1,0.0,0.0,0.0
cross_stall_r1,cross_stall_r9,cross,cross,cross_stall,cross_stall,cross_stall|v6|d6,cross_stall|v7|d6,1,1,0,1.0,0.0,0.0
cross_stall_r1,lead_cont_r1,cross,lead,cross_stall,lead_cont,cross_stall|v6|d6,lead_cont|v6|s5,0,0,0,0.0,0.812837,1.0
cross_stall_r1,lead_cont_r10,cross,lead,cross_stall,lead_cont,cross_stall|v6|d6,lead_cont|v9|s8,0,0,0,3.0,0.75435,1.0
cross_stall_r1,lead_cont_r11,cross,lead,cross_stall,lead_cont,cross_stall|v6|d6,lead_cont|v7|s6,0,0,0,1.0,0.77055,1.0
cross_stall_r1,lead_cont_r12,cross,lead,cross_stall,lead_cont,cross_stall|v6|d6,lead_cont|v8|s7,0,0,0,2.0,0.73955,1.0
cross_stall_r1,lead_cont_r2,cross,lead,cross_stall,lead_cont,cross_stall|v6|d6,lead_cont|v6|s5,0,0,0,0.0,0.739712,1.0
cross_stall_r1,lead_cont_r3,cross,lead,cross_stall,lead_cont,cross_stall|v6|d6,lead_cont|v7|s5,0,0,0,1.0,0.765788,1.0
cross_stall_r1,lead_cont_r4,cross,lead,cross_stall,lead_cont,cross_stall|v6|d6,lead_cont|v7|s6,0,0,0,1.0,0.721,1.0
cross_stall_r1,lead_cont_r5,cross,lead,cross_stall,lead_cont,cross_stall|v6|d6,lead_cont|v8|s6,0,0,0,2.0,0.786488,1.0
cross_stall_r1,lead_cont_r6,cross,lead,cross_stall,lead_cont,cross_stall|v6|d6,lead_cont|v8|s7,0,0,0,2.0,0.720988,1.0
cross_stall_r1,lead_cont_r7,cross,lead,cross_stall,lead_cont,cross_stall|v6|d6,lead_cont|v8|s7,0,0,0,2.0,0.73955,1.0
cross_stall_r1,lead_cont_r8,cross,lead,cross_stall,lead_cont,cross_stall|v6|d6,lead_cont|v9|s7,0,0,0,3.0,0.75435,1.0
cross_stall_r1,lead_cont_r9,cross,lead,cross_stall,lead_cont,cross_stall|v6|d6,lead_cont|v9|s8,0,0,0,3.0,0.7504,1.0
cross_stall_r1,lead_nec_r1,cross,lead,cross_stall,lead_nec,cross_stall|v6|d6,lead_nec|v6|s5,0,0,0,0.0,0.0,0.0
cross_stall_r1,lead_nec_r10,cross,lead,cross_stall,lead_nec,cross_stall|v6|d6,lead_nec|v9|s8,0,0,0,3.0,0.0,0.0
cross_stall_r1,lead_nec_r11,cross,lead,cross_stall,lead_nec,cross_stall|v6|d6,lead_nec|v7|s6,0,0,0,1.0,0.0,0.0
cross_stall_r1,lead_nec_r12,cross,lead,cross_stall,lead_nec,cross_stall|v6|d6,lead_nec|v8|s7,0,0,0,2.0,0.0,0.0
cross_stall_r1,lead_nec_r2,cross,lead,cross_stall,lead_nec,cross_stall|v6|d6,lead_nec|v6|s5,0,0,0,0.0,0.0,0.0
cross_stall_r1,lead_nec_r3,cross,lead,cross_stall,lead_nec,cross_stall|v6|d6,lead_nec|v7|s5,0,0,0,1.0,0.0,0.0
cross_stall_r1,lead_nec_r4,cross,lead,cross_stall,lead_nec,cross_stall|v6|d6,lead_nec|v7|s6,0,0,0,1.0,0.0,0.0
cross_stall_r1,lead_nec_r5,cross,lead,cross_stall,lead_nec,cross_stall|v6|d6,lead_nec|v8|s6,0,0,0,2.0,0.0,0.0
cross_stall_r1,lead_nec_r6,cross,lead,cross_stall,lead_nec,cross_stall|v6|d6,lead_nec|v8|s7,0,0,0,2.0,0.0,0.0
cross_stall_r1,lead_nec_r7,cross,lead,cross_stall,lead_nec,cross_stall|v6|d6,lead_nec|v8|s7,0,0,0,2.0,0.0,0.0
cross_stall_r1,lead_nec_r8,cross,lead,cross_stall,lead_nec,cross_stall|v6|d6,lead_nec|v9|s7,0,0,0,3.0,0.0,0.0
cross_stall_r1,lead_nec_r9,cross,lead,cross_stall,lead_nec,cross_stall|v6|d6,lead_nec|v9|s8,0,0,0,3.0,0.0,0.0
cross_stall_r1,lead_opt_r1,cross,lead,cross_stall,lead_opt,cross_stall|v6|d6,lead_opt|v6|s6,0,0,0,0.0,0.0,0.0
cross_stall_r1,lead_opt_r10,cross,lead,cross_stall,lead_opt,cross_stall|v6|d6,lead_opt|v8|s7,0,0,0,2.0,0.0,0.0
cross_stall_r1,lead_opt_r11,cross,lead,cross_stall,lead_opt,cross_stall|v6|d6,lead_opt|v6|s6,0,0,0,0.0,0.0,0.0
cross_stall_r1,lead_opt_r12,cross,lead,cross_stall,lead_opt,cross_stall|v6|d6,lead_opt|v7|s7,0,0,0,1.0,0.0,0.0
cross_stall_r1,lead_opt_r2,cross,lead,cross_stall,lead_opt,cross_stall|v6|d6,lead_opt|v6|s6,0,0,0,0.0,0.0,0.0
cross_stall_r1,lead_opt_r3,cross,lead,cross_stall,lead_opt,cross_stall|v6|d6,lead_opt|v7|s6,0,0,0,1.0,0.0,0.0
cross_stall_r1,lead_opt_r4,cross,lead,cross_stall,lead_opt,cross_stall|v6|d6,lead_opt|v7|s6,0,0,0,1.0,0.0,0.0
cross_stall_r1,lead_opt_r5,cross,lead,cross_stall,lead_opt,cross_stall|v6|d6,lead_opt|v8|s7,0,0,0,2.0,0.0,0.0
cross_stall_r1,lead_opt_r6,cross,lead,cross_stall,lead_opt,cross_stall|v6|d6,lead_opt|v8|s7,0,0,0,2.0,0.0,0.0
cross_stall_r1,lead_opt_r7,cross,lead,cross_stall,lead_opt,cross_stall|v6|d6,lead_opt|v9|s7,0,0,0,3.0,0.0,0.0
cross_stall_r1,lead_opt_r8,cross,lead,cross_stall,lead_opt,cross_stall|v6|d6,lead_opt|v9|s7,0,0,0,3.0,0.0,0.0
cross_stall_r1,lead_opt_r9,cross,lead,cross_stall,lead_opt,cross_stall|v6|d6,lead_opt|v7|s6,0,0,0,1.0,0.0,0.0
cross_stall_r1,temp_opt_r1,cross,block_or_occupancy,cross_stall,temp_opt,cross_stall|v6|d6,temp_opt|v6|o6,0,0,0,0.0,0.0,0.0
cross_stall_r1,temp_opt_r10,cross,block_or_occupancy,cross_stall,temp_opt,cross_stall|v6|d6,temp_opt|v6|o7,0,0,0,0.0,0.0,0.0
cross_stall_r1,temp_opt_r11,cross,block_or_occupancy,cross_stall,temp_opt,cross_stall|v6|d6,temp_opt|v7|o8,0,0,0,1.0,0.0,0.0
cross_stall_r1,temp_opt_r12,cross,block_or_occupancy,cross_stall,temp_opt,cross_stall|v6|d6,temp_opt|v8|o7,0,0,0,2.0,0.003263,0.0261
cross_stall_r1,temp_opt_r2,cross,block_or_occupancy,cross_stall,temp_opt,cross_stall|v6|d6,temp_opt|v6|o7,0,0,0,0.0,0.0,0.0
cross_stall_r1,temp_opt_r3,cross,block_or_occupancy,cross_stall,temp_opt,cross_stall|v6|d6,temp_opt|v6|o8,0,0,0,0.0,0.0,0.0
cross_stall_r1,temp_opt_r4,cross,block_or_occupancy,cross_stall,temp_opt,cross_stall|v6|d6,temp_opt|v7|o6,0,0,0,1.0,0.0,0.0
cross_stall_r1,temp_opt_r5,cross,block_or_occupancy,cross_stall,temp_opt,cross_stall|v6|d6,temp_opt|v7|o7,0,0,0,1.0,0.0,0.0
cross_stall_r1,temp_opt_r6,cross,block_or_occupancy,cross_stall,temp_opt,cross_stall|v6|d6,temp_opt|v7|o8,0,0,0,1.0,0.0,0.0
cross_stall_r1,temp_opt_r7,cross,block_or_occupancy,cross_stall,temp_opt,cross_stall|v6|d6,temp_opt|v8|o6,0,0,0,2.0,0.025325,0.1523
cross_stall_r1,temp_opt_r8,cross,block_or_occupancy,cross_stall,temp_opt,cross_stall|v6|d6,temp_opt|v8|o7,0,0,0,2.0,0.0,0.0
cross_stall_r1,temp_opt_r9,cross,block_or_occupancy,cross_stall,temp_opt,cross_stall|v6|d6,temp_opt|v8|o8,0,0,0,2.0,0.0,0.0
cross_stall_r10,cross_stall_r11,cross,cross,cross_stall,cross_stall,cross_stall|v7|d7,cross_stall|v8|d7,1,1,0,1.0,0.003263,0.0261
cross_stall_r10,cross_stall_r12,cross,cross,cross_stall,cross_stall,cross_stall|v7|d7,cross_stall|v8|d8,1,1,0,1.0,0.0,0.0
cross_stall_r10,cross_stall_r2,cross,cross,cross_stall,cross_stall,cross_stall|v7|d7,cross_stall|v6|d6,1,1,0,1.0,0.0,0.0
cross_stall_r10,cross_stall_r3,cross,cross,cross_stall,cross_stall,cross_stall|v7|d7,cross_stall|v7|d6,1,1,0,0.0,0.004925,0.0394
cross_stall_r10,cross_stall_r4,cross,cross,cross_stall,cross_stall,cross_stall|v7|d7,cross_stall|v7|d7,1,1,1,0.0,0.0,0.0
cross_stall_r10,cross_stall_r5,cross,cross,cross_stall,cross_stall,cross_stall|v7|d7,cross_stall|v8|d7,1,1,0,1.0,0.0349,0.2167
cross_stall_r10,cross_stall_r6,cross,cross,cross_stall,cross_stall,cross_stall|v7|d7,cross_stall|v8|d8,1,1,0,1.0,0.0,0.0
cross_stall_r10,cross_stall_r7,cross,cross,cross_stall,cross_stall,cross_stall|v7|d7,cross_stall|v6|d6,1,1,0,1.0,0.0,0.0
cross_stall_r10,cross_stall_r8,cross,cross,cross_stall,cross_stall,cross_stall|v7|d7,cross_stall|v6|d6,1,1,0,1.0,0.0,0.0
cross_stall_r10,cross_stall_r9,cross,cross,cross_stall,cross_stall,cross_stall|v7|d7,cross_stall|v7|d6,1,1,0,0.0,0.0,0.0
cross_stall_r10,lead_cont_r1,cross,lead,cross_stall,lead_cont,cross_stall|v7|d7,lead_cont|v6|s5,0,0,0,1.0,0.812837,1.0
cross_stall_r10,lead_cont_r10,cross,lead,cross_stall,lead_cont,cross_stall|v7|d7,lead_cont|v9|s8,0,0,0,2.0,0.75435,1.0
cross_stall_r10,lead_cont_r11,cross,lead,cross_stall,lead_cont,cross_stall|v7|d7,lead_cont|v7|s6,0,0,0,0.0,0.77055,1.0
cross_stall_r10,lead_cont_r12,cross,lead,cross_stall,lead_cont,cross_stall|v7|d7,lead_cont|v8|s7,0,0,0,1.0,0.73955,1.0
cross_stall_r10,lead_cont_r2,cross,lead,cross_stall,lead_cont,cross_stall|v7|d7,lead_cont|v6|s5,0,0,0,1.0,0.739712,1.0
cross_stall_r10,lead_cont_r3,cross,lead,cross_stall,lead_cont,cross_stall|v7|d7,lead_cont|v7|s5,0,0,0,0.0,0.765788,1.0
cross_stall_r10,lead_cont_r4,cross,lead,cross_stall,lead_cont,cross_stall|v7|d7,lead_cont|v7|s6,0,0,0,0.0,0.721,1.0
cross_stall_r10,lead_cont_r5,cross,lead,cross_stall,lead_cont,cross_stall|v7|d7,lead_cont|v8|s6,0,0,0,1.0,0.786488,1.0
cross_stall_r10,lead_cont_r6,cross,lead,cross_stall,lead_cont,cross_stall|v7|d7,lead_cont|v8|s7,0,0,0,1.0,0.720988,1.0
cross_stall_r10,lead_cont_r7,cross,lead,cross_stall,lead_cont,cross_stall|v7|d7,lead_cont|v8|s7,0,0,0,1.0,0.73955,1.0
cross_stall_r10,lead_cont_r8,cross,lead,cross_stall,lead_cont,cross_stall|v7|d7,lead_cont|v9|s7,0,0,0,2.0,0.75435,1.0
cross_stall_r10,lead_cont_r9,cross,lead,cross_stall,lead_cont,cross_stall|v7|d7,lead_cont|v9|s8,0,0,0,2.0,0.7504,1.0
cross_stall_r10,lead_nec_r1,cross,lead,cross_stall,lead_nec,cross_stall|v7|d7,lead_nec|v6|s5,0,0,0,1.0,0.0,0.0
cross_stall_r10,lead_nec_r10,cross,lead,cross_stall,lead_nec,cross_stall|v7|d7,lead_nec|v9|s8,0,0,0,2.0,0.0,0.0
cross_stall_r10,lead_nec_r11,cross,lead,cross_stall,lead_nec,cross_stall|v7|d7,lead_nec|v7|s6,0,0,0,0.0,0.0,0.0
cross_stall_r10,lead_nec_r12,cross,lead,cross_stall,lead_nec,cross_stall|v7|d7,lead_nec|v8|s7,0,0,0,1.0,0.0,0.0
cross_stall_r10,lead_nec_r2,cross,lead,cross_stall,lead_nec,cross_stall|v7|d7,lead_nec|v6|s5,0,0,0,1.0,0.0,0.0
cross_stall_r10,lead_nec_r3,cross,lead,cross_stall,lead_nec,cross_stall|v7|d7,lead_nec|v7|s5,0,0,0,0.0,0.0,0.0
cross_stall_r10,lead_nec_r4,cross,lead,cross_stall,lead_nec,cross_stall|v7|d7,lead_nec|v7|s6,0,0,0,0.0,0.0,0.0
cross_stall_r10,lead_nec_r5,cross,lead,cross_stall,lead_nec,cross_stall|v7|d7,lead_nec|v8|s6,0,0,0,1.0,0.0,0.0
cross_stall_r10,lead_nec_r6,cross,lead,cross_stall,lead_nec,cross_stall|v7|d7,lead_nec|v8|s7,0,0,0,1.0,0.0,0.0
cross_stall_r10,lead_nec_r7,cross,lead,cross_stall,lead_nec,cross_stall|v7|d7,lead_nec|v8|s7,0,0,0,1.0,0.0,0.0
cross_stall_r10,lead_nec_r8,cross,lead,cross_stall,lead_nec,cross_stall|v7|d7,lead_nec|v9|s7,0,0,0,2.0,0.0,0.0
cross_stall_r10,lead_nec_r9,cross,lead,cross_stall,lead_nec,cross_stall|v7|d7,lead_nec|v9|s8,0,0,0,2.0,0.0,0.0
cross_stall_r10,lead_opt_r1,cross,lead,cross_stall,lead_opt,cross_stall|v7|d7,lead_opt|v6|s6,0,0,0,1.0,0.0,0.0
cross_stall_r10,lead_opt_r10,cross,lead,cross_stall,lead_opt,cross_stall|v7|d7,lead_opt|v8|s7,0,0,0,1.0,0.0,0.0
cross_stall_r10,lead_opt_r11,cross,lead,cross_stall,lead_opt,cross_stall|v7|d7,lead_opt|v6|s6,0,0,0,1.0,0.0,0.0
cross_stall_r10,lead_opt_r12,cross,lead,cross_stall,lead_opt,cross_stall|v7|d7,lead_opt|v7|s7,0,0,0,0.0,0.0,0.0
cross_stall_r10,lead_opt_r2,cross,lead,cross_stall,lead_opt,cross_stall|v7|d7,lead_opt|v6|s6,0,0,0,1.0,0.0,0.0
cross_stall_r10,lead_opt_r3,cross,lead,cross_stall,lead_opt,cross_stall|v7|d7,lead_opt|v7|s6,0,0,0,0.0,0.0,0.0
cross_stall_r10,lead_opt_r4,cross,lead,cross_stall,lead_opt,cross_stall|v7|d7,lead_opt|v7|s6,0,0,0,0.0,0.0,0.0
cross_stall_r10,lead_opt_r5,cross,lead,cross_stall,lead_opt,cross_stall|v7|d7,lead_opt|v8|s7,0,0,0,1.0,0.0,0.0
cross_stall_r10,lead_opt_r6,cross,lead,cross_stall,lead_opt,cross_stall|v7|d7,lead_opt|v8|s7,0,0,0,1.0,0.0,0.0
cross_stall_r10,lead_opt_r7,cross,lead,cross_stall,lead_opt,cross_stall|v7|d7,lead_opt|v9|s7,0,0,0,2.0,0.0,0.0
cross_stall_r10,lead_opt_r8,cross,lead,cross_stall,lead_opt,cross_stall|v7|d7,lead_opt|v9|s7,0,0,0,2.0,0.0,0.0
cross_stall_r10,lead_opt_r9,cross,lead,cross_stall,lead_opt,cross_stall|v7|d7,lead_opt|v7|s6,0,0,0,0.0,0.0,0.0
cross_stall_r10,temp_opt_r1,cross,block_or_occupancy,cross_stall,temp_opt,cross_stall|v7|d7,temp_opt|v6|o6,0,0,0,1.0,0.0,0.0
cross_stall_r10,temp_opt_r10,cross,block_or_occupancy,cross_stall,temp_opt,cross_stall|v7|d7,temp_opt|v6|o7,0,0,0,1.0,0.0,0.0
cross_stall_r10,temp_opt_r11,cross,block_or_occupancy,cross_stall,temp_opt,cross_stall|v7|d7,temp_opt|v7|o8,0,0,0,0.0,0.0,0.0
cross_stall_r10,temp_opt_r12,cross,block_or_occupancy,cross_stall,temp_opt,cross_stall|v7|d7,temp_opt|v8|o7,0,0,0,1.0,0.003263,0.0261
cross_stall_r10,temp_opt_r2,cross,block_or_occupancy,cross_stall,temp_opt,cross_stall|v7|d7,temp_opt|v6|o7,0,0,0,1.0,0.0,0.0
cross_stall_r10,temp_opt_r3,cross,block_or_occupancy,cross_stall,temp_opt,cross_stall|v7|d7,temp_opt|v6|o8,0,0,0,1.0,0.0,0.0
cross_stall_r10,temp_opt_r4,cross,block_or_occupancy,cross_stall,temp_opt,cross_stall|v7|d7,temp_opt|v7|o6,0,0,0,0.0,0.0,0.0
cross_stall_r10,temp_opt_r5,cross,block_or_occupancy,cross_stall,temp_opt,cross_stall|v7|d7,temp_opt|v7|o7,0,0,0,0.0,0.0,0.0
cross_stall_r10,temp_opt_r6,cross,block_or_occupancy,cross_stall,temp_opt,cross_stall|v7|d7,temp_opt|v7|o8,0,0,0,0.0,0.0,0.0
cross_stall_r10,temp_opt_r7,cross,block_or_occupancy,cross_stall,temp_opt,cross_stall|v7|d7,temp_opt|v8|o6,0,0,0,1.0,0.025325,0.1523
cross_stall_r10,temp_opt_r8,cross,block_or_occupancy,cross_stall,temp_opt,cross_stall|v7|d7,temp_opt|v8|o7,0,0,0,1.0,0.0,0.0
cross_stall_r10,temp_opt_r9,cross,block_or_occupancy,cross_stall,temp_opt,cross_stall|v7|d7,temp_opt|v8|o8,0,0,0,1.0,0.0,0.0
cross_stall_r11,cross_stall_r12,cross,cross,cross_stall,cross_stall,cross_stall|v8|d7,cross_stall|v8|d8,1,1,0,0.0,0.003263,0.0261
cross_stall_r11,cross_stall_r2,cross,cross,cross_stall,cross_stall,cross_stall|v8|d7,cross_stall|v6|d6,1,1,0,2.0,0.003263,0.0261
cross_stall_r11,cross_stall_r3,cross,cross,cross_stall,cross_stall,cross_stall|v8|d7,cross_stall|v7|d6,1,1,0,1.0,0.001662,0.0133
cross_stall_r11,cross_stall_r4,cross,cross,cross_stall,cross_stall,cross_stall|v8|d7,cross_stall|v7|d7,1,1,0,1.0,0.003263,0.0261
cross_stall_r11,cross_stall_r5,cross,cross,cross_stall,cross_stall,cross_stall|v8|d7,cross_stall|v8|d7,1,1,1,0.0,0.031637,0.1906
cross_stall_r11,cross_stall_r6,cross,cross,cross_stall,cross_stall,cross_stall|v8|d7,cross_stall|v8|d8,1,1,0,0.0,0.003263,0.0261
cross_stall_r11,cross_stall_r7,cross,cross,cross_stall,cross_stall,cross_stall|v8|d7,cross_stall|v6|d6,1,1,0,2.0,0.003263,0.0261
cross_stall_r11,cross_stall_r8,cross,cross,cross_stall,cross_stall,cross_stall|v8|d7,cross_stall|v6|d6,1,1,0,2.0,0.003263,0.0261
cross_stall_r11,cross_stall_r9,cross,cross,cross_stall,cross_stall,cross_stall|v8|d7,cross_stall|v7|d6,1,1,0,1.0,0.003263,0.0261
cross_stall_r11,lead_cont_r1,cross,lead,cross_stall,lead_cont,cross_stall|v8|d7,lead_cont|v6|s5,0,0,0,2.0,0.809575,1.0
cross_stall_r11,lead_cont_r10,cross,lead,cross_stall,lead_cont,cross_stall|v8|d7,lead_cont|v9|s8,0,0,0,1.0,0.751088,1.0
cross_stall_r11,lead_cont_r11,cross,lead,cross_stall,lead_cont,cross_stall|v8|d7,lead_cont|v7|s6,0,0,0,1.0,0.767287,1.0
cross_stall_r11,lead_cont_r12,cross,lead,cross_stall,lead_cont,cross_stall|v8|d7,lead_cont|v8|s7,0,0,0,0.0,0.736287,1.0
cross_stall_r11,lead_cont_r2,cross,lead,cross_stall,lead_cont,cross_stall|v8|d7,lead_cont|v6|s5,0,0,0,2.0,0.73645,1.0
cross_stall_r11,lead_cont_r3,cross,lead,cross_stall,lead_cont,cross_stall|v8|d7,lead_cont|v7|s5,0,0,0,1.0,0.762525,1.0
cross_stall_r11,lead_cont_r4,cross,lead,cross_stall,lead_cont,cross_stall|v8|d7,lead_cont|v7|s6,0,0,0,1.0,0.717738,1.0
cross_stall_r11,lead_cont_r5,cross,lead,cross_stall,lead_cont,cross_stall|v8|d7,lead_cont|v8|s6,0,0,0,0.0,0.783225,1.0
cross_stall_r11,lead_cont_r6,cross,lead,cross_stall,lead_cont,cross_stall|v8|d7,lead_cont|v8|s7,0,0,0,0.0,0.717725,1.0
cross_stall_r11,lead_cont_r7,cross,lead,cross_stall,lead_cont,cross_stall|v8|d7,lead_cont|v8|s7,0,0,0,0.0,0.736287,1.0
cross_stall_r11,lead_cont_r8,cross,lead,cross_stall,lead_cont,cross_stall|v8|d7,lead_cont|v9|s7,0,0,0,1.0,0.751088,1.0
cross_stall_r11,lead_cont_r9,cross,lead,cross_stall,lead_cont,cross_stall|v8|d7,lead_cont|v9|s8,0,0,0,1.0,0.747138,1.0
cross_stall_r11,lead_nec_r1,cross,lead,cross_stall,lead_nec,cross_stall|v8|d7,lead_nec|v6|s5,0,0,0,2.0,0.003263,0.0261
cross_stall_r11,lead_nec_r10,cross,lead,cross_stall,lead_nec,cross_stall|v8|d7,lead_nec|v9|s8,0,0,0,1.0,0.003263,0.0261
cross_stall_r11,lead_nec_r11,cross,lead,cross_stall,lead_nec,cross_stall|v8|d7,lead_nec|v7|s6,0,0,0,1.0,0.003263,0.0261
cross_stall_r11,lead_nec_r12,cross,lead,cross_stall,lead_nec,cross_stall|v8|d7,lead_nec|v8|s7,0,0,0,0.0,0.003263,0.0261
cross_stall_r11,lead_nec_r2,cross,lead,cross_stall,lead_nec,cross_stall|v8|d7,lead_nec|v6|s5,0,0,0,2.0,0.003263,0.0261
cross_stall_r11,lead_nec_r3,cross,lead,cross_stall,lead_nec,cross_stall|v8|d7,lead_nec|v7|s5,0,0,0,1.0,0.003263,0.0261
cross_stall_r11,lead_nec_r4,cross,lead,cross_stall,lead_nec,cross_stall|v8|d7,lead_nec|v7|s6,0,0,0,1.0,0.003263,0.0261
cross_stall_r11,lead_nec_r5,cross,lead,cross_stall,lead_nec,cross_stall|v8|d7,lead_nec|v8|s6,0,0,0,0.0,0.003263,0.0261
cross_stall_r11,lead_nec_r6,cross,lead,cross_stall,lead_nec,cross_stall|v8|d7,lead_nec|v8|s7,0,0,0,0.0,0.003263,0.0261
cross_stall_r11,lead_nec_r7,cross,lead,cross_stall,lead_nec,cross_stall|v8|d7,lead_nec|v8|s7,0,0,0,0.0,0.003263,0.0261
cross_stall_r11,lead_nec_r8,cross,lead,cross_stall,lead_nec,cross_stall|v8|d7,lead_nec|v9|s7,0,0,0,1.0,0.003263,0.0261
cross_stall_r11,lead_nec_r9,cross,lead,cross_stall,lead_nec,cross_stall|v8|d7,lead_nec|v9|s8,0,0,0,1.0,0.003263,0.0261
cross_stall_r11,lead_opt_r1,cross,lead,cross_stall,lead_opt,cross_stall|v8|d7,lead_opt|v6|s6,0,0,0,2.0,0.003263,0.0261
cross_stall_r11,lead_opt_r10,cross,lead,cross_stall,lead_opt,cross_stall|v8|d7,lead_opt|v8|s7,0,0,0,0.0,0.003263,0.0261
cross_stall_r11,lead_opt_r11,cross,lead,cross_stall,lead_opt,cross_stall|v8|d7,lead_opt|v6|s6,0,0,0,2.0,0.003263,0.0261
cross_stall_r11,lead_opt_r12,cross,lead,cross_stall,lead_opt,cross_stall|v8|d7,lead_opt|v7|s7,0,0,0,1.0,0.003263,0.0261
cross_stall_r11,lead_opt_r2,cross,lead,cross_stall,lead_opt,cross_stall|v8|d7,lead_opt|v6|s6,0,0,0,2.0,0.003263,0.0261
cross_stall_r11,lead_opt_r3,cross,lead,cross_stall,lead_opt,cross_stall|v8|d7,lead_opt|v7|s6,0,0,0,1.0,0.003263,0.0261
cross_stall_r11,lead_opt_r4,cross,lead,cross_stall,lead_opt,cross_stall|v8|d7,lead_opt|v7|s6,0,0,0,1.0,0.003263,0.0261
cross_stall_r11,lead_opt_r5,cross,lead,cross_stall,lead_opt,cross_stall|v8|d7,lead_opt|v8|s7,0,0,0,0.0,0.003263,0.0261
cross_stall_r11,lead_opt_r6,cross,lead,cross_stall,lead_opt,cross_stall|v8|d7,lead_opt|v8|s7,0,0,0,0.0,0.003263,0.0261
cross_stall_r11,lead_opt_r7,cross,lead,cross_stall,lead_opt,cross_stall|v8|d7,lead_opt|v9|s7,0,0,0,1.0,0.003263,0.0261
cross_stall_r11,lead_opt_r8,cross,lead,cross_stall,lead_opt,cross_stall|v8|d7,lead_opt|v9|s7,0,0,0,1.0,0.003263,0.0261
cross_stall_r11,lead_opt_r9,cross,lead,cross_stall,lead_opt,cross_stall|v8|d7,lead_opt|v7|s6,0,0,0,1.0,0.003263,0.0261
cross_stall_r11,temp_opt_r1,cross,block_or_occupancy,cross_stall,temp_opt,cross_stall|v8|d7,temp_opt|v6|o6,0,0,0,2.0,0.003263,0.0261
cross_stall_r11,temp_opt_r10,cross,block_or_occupancy,cross_stall,temp_opt,cross_stall|v8|d7,temp_opt|v6|o7,0,0,0,2.0,0.003263,0.0261
cross_stall_r11,temp_opt_r11,cross,block_or_occupancy,cross_stall,temp_opt,cross_stall|v8|d7,temp_opt|v7|o8,0,0,0,1.0,0.003263,0.0261
cross_stall_r11,temp_opt_r12,cross,block_or_occupancy,cross_stall,temp_opt,cross_stall|v8|d7,temp_opt|v8|o7,0,0,0,0.0,0.0,0.0
cross_stall_r11,temp_opt_r2,cross,block_or_occupancy,cross_stall,temp_opt,cross_stall|v8|d7,temp_opt|v6|o7,0,0,0,2.0,0.003263,0.0261
cross_stall_r11,temp_opt_r3,cross,block_or_occupancy,cross_stall,temp_opt,cross_stall|v8|d7,temp_opt|v6|o8,0,0,0,2.0,0.003263,0.0261
cross_stall_r11,temp_opt_r4,cross,block_or_occupancy,cross_stall,temp_opt,cross_stall|v8|d7,temp_opt|v7|o6,0,0,0,1.0,0.003263,0.0261
cross_stall_r11,temp_opt_r5,cross,block_or_occupancy,cross_stall,temp_opt,cross_stall|v8|d7,temp_opt|v7|o7,0,0,0,1.0,0.003263,0.0261
cross_stall_r11,temp_opt_r6,cross,block_or_occupancy,cross_stall,temp_opt,cross_stall|v8|d7,temp_opt|v7|o8,0,0,0,1.0,0.003263,0.0261
cross_stall_r11,temp_opt_r7,cross,block_or_occupancy,cross_stall,temp_opt,cross_stall|v8|d7,temp_opt|v8|o6,0,0,0,0.0,0.022062,0.1262
cross_stall_r11,temp_opt_r8,cross,block_or_occupancy,cross_stall,temp_opt,cross_stall|v8|d7,temp_opt|v8|o7,0,0,0,0.0,0.003263,0.0261
cross_stall_r11,temp_opt_r9,cross,block_or_occupancy,cross_stall,temp_opt,cross_stall|v8|d7,temp_opt|v8|o8,0,0,0,0.0,0.003263,0.0261
cross_stall_r12,cross_stall_r2,cross,cross,cross_stall,cross_stall,cross_stall|v8|d8,cross_stall|v6|d6,1,1,0,2.0,0.0,0.0
cross_stall_r12,cross_stall_r3,cross,cross,cross_stall,cross_stall,cross_stall|v8|d8,cross_stall|v7|d6,1,1,0,1.0,0.004925,0.0394
cross_stall_r12,cross_stall_r4,cross,cross,cross_stall,cross_stall,cross_stall|v8|d8,cross_stall|v7|d7,1,1,0,1.0,0.0,0.0
cross_stall_r12,cross_stall_r5,cross,cross,cross_stall,cross_stall,cross_stall|v8|d8,cross_stall|v8|d7,1,1,0,0.0,0.0349,0.2167
cross_stall_r12,cross_stall_r6,cross,cross,cross_stall,cross_stall,cross_stall|v8|d8,cross_stall|v8|d8,1,1,1,0.0,0.0,0.0
cross_stall_r12,cross_stall_r7,cross,cross,cross_stall,cross_stall,cross_stall|v8|d8,cross_stall|v6|d6,1,1,0,2.0,0.0,0.0
cross_stall_r12,cross_stall_r8,cross,cross,cross_stall,cross_stall,cross_stall|v8|d8,cross_stall|v6|d6,1,1,0,2.0,0.0,0.0
cross_stall_r12,cross_stall_r9,cross,cross,cross_stall,cross_stall,cross_stall|v8|d8,cross_stall|v7|d6,1,1,0,1.0,0.0,0.0
cross_stall_r12,lead_cont_r1,cross,lead,cross_stall,lead_cont,cross_stall|v8|d8,lead_cont|v6|s5,0,0,0,2.0,0.812837,1.0
cross_stall_r12,lead_cont_r10,cross,lead,cross_stall,lead_cont,cross_stall|v8|d8,lead_cont|v9|s8,0,0,0,1.0,0.75435,1.0
cross_stall_r12,lead_cont_r11,cross,lead,cross_stall,lead_cont,cross_stall|v8|d8,lead_cont|v7|s6,0,0,0,1.0,0.77055,1.0
cross_stall_r12,lead_cont_r12,cross,lead,cross_stall,lead_cont,cross_stall|v8|d8,lead_cont|v8|s7,0,0,0,0.0,0.73955,1.0
cross_stall_r12,lead_cont_r2,cross,lead,cross_stall,lead_cont,cross_stall|v8|d8,lead_cont|v6|s5,0,0,0,2.0,0.739712,1.0
cross_stall_r12,lead_cont_r3,cross,lead,cross_stall,lead_cont,cross_stall|v8|d8,lead_cont|v7|s5,0,0,0,1.0,0.765788,1.0
cross_stall_r12,lead_cont_r4,cross,lead,cross_stall,lead_cont,cross_stall|v8|d8,lead_cont|v7|s6,0,0,0,1.0,0.721,1.0
cross_stall_r12,lead_cont_r5,cross,lead,cross_stall,lead_cont,cross_stall|v8|d8,lead_cont|v8|s6,0,0,0,0.0,0.786488,1.0
cross_stall_r12,lead_cont_r6,cross,lead,cross_stall,lead_cont,cross_stall|v8|d8,lead_cont|v8|s7,0,0,0,0.0,0.720988,1.0
cross_stall_r12,lead_cont_r7,cross,lead,cross_stall,lead_cont,cross_stall|v8|d8,lead_cont|v8|s7,0,0,0,0.0,0.73955,1.0
cross_stall_r12,lead_cont_r8,cross,lead,cross_stall,lead_cont,cross_stall|v8|d8,lead_cont|v9|s7,0,0,0,1.0,0.75435,1.0
cross_stall_r12,lead_cont_r9,cross,lead,cross_stall,lead_cont,cross_stall|v8|d8,lead_cont|v9|s8,0,0,0,1.0,0.7504,1.0
cross_stall_r12,lead_nec_r1,cross,lead,cross_stall,lead_nec,cross_stall|v8|d8,lead_nec|v6|s5,0,0,0,2.0,0.0,0.0
cross_stall_r12,lead_nec_r10,cross,lead,cross_stall,lead_nec,cross_stall|v8|d8,lead_nec|v9|s8,0,0,0,1.0,0.0,0.0
cross_stall_r12,lead_nec_r11,cross,lead,cross_stall,lead_nec,cross_stall|v8|d8,lead_nec|v7|s6,0,0,0,1.0,0.0,0.0
cross_stall_r12,lead_nec_r12,cross,lead,cross_stall,lead_nec,cross_stall|v8|d8,lead_nec|v8|s7,0,0,0,0.0,0.0,0.0
cross_stall_r12,lead_nec_r2,cross,lead,cross_stall,lead_nec,cross_stall|v8|d8,lead_nec|v6|s5,0,0,0,2.0,0.0,0.0
cross_stall_r12,lead_nec_r3,cross,lead,cross_stall,lead_nec,cross_stall|v8|d8,lead_nec|v7|s5,0,0,0,1.0,0.0,0.0
cross_stall_r12,lead_nec_r4,cross,lead,cross_stall,lead_nec,cross_stall|v8|d8,lead_nec|v7|s6,0,0,0,1.0,0.0,0.0
cross_stall_r12,lead_nec_r5,cross,lead,cross_stall,lead_nec,cross_stall|v8|d8,lead_nec|v8|s6,0,0,0,0.0,0.0,0.0
cross_stall_r12,lead_nec_r6,cross,lead,cross_stall,lead_nec,cross_stall|v8|d8,lead_nec|v8|s7,0,0,0,0.0,0.0,0.0
cross_stall_r12,lead_nec_r7,cross,lead,cross_stall,lead_nec,cross_stall|v8|d8,lead_nec|v8|s7,0,0,0,0.0,0.0,0.0
cross_stall_r12,lead_nec_r8,cross,lead,cross_stall,lead_nec,cross_stall|v8|d8,lead_nec|v9|s7,0,0,0,1.0,0.0,0.0
cross_stall_r12,lead_nec_r9,cross,lead,cross_stall,lead_nec,cross_stall|v8|d8,lead_nec|v9|s8,0,0,0,1.0,0.0,0.0
cross_stall_r12,lead_opt_r1,cross,lead,cross_stall,lead_opt,cross_stall|v8|d8,lead_opt|v6|s6,0,0,0,2.0,0.0,0.0
cross_stall_r12,lead_opt_r10,cross,lead,cross_stall,lead_opt,cross_stall|v8|d8,lead_opt|v8|s7,0,0,0,0.0,0.0,0.0
cross_stall_r12,lead_opt_r11,cross,lead,cross_stall,lead_opt,cross_stall|v8|d8,lead_opt|v6|s6,0,0,0,2.0,0.0,0.0
cross_stall_r12,lead_opt_r12,cross,lead,cross_stall,lead_opt,cross_stall|v8|d8,lead_opt|v7|s7,0,0,0,1.0,0.0,0.0
cross_stall_r12,lead_opt_r2,cross,lead,cross_stall,lead_opt,cross_stall|v8|d8,lead_opt|v6|s6,0,0,0,2.0,0.0,0.0
cross_stall_r12,lead_opt_r3,cross,lead,cross_stall,lead_opt,cross_stall|v8|d8,lead_opt|v7|s6,0,0,0,1.0,0.0,0.0
cross_stall_r12,lead_opt_r4,cross,lead,cross_stall,lead_opt,cross_stall|v8|d8,lead_opt|v7|s6,0,0,0,1.0,0.0,0.0
cross_stall_r12,lead_opt_r5,cross,lead,cross_stall,lead_opt,cross_stall|v8|d8,lead_opt|v8|s7,0,0,0,0.0,0.0,0.0
cross_stall_r12,lead_opt_r6,cross,lead,cross_stall,lead_opt,cross_stall|v8|d8,lead_opt|v8|s7,0,0,0,0.0,0.0,0.0
cross_stall_r12,lead_opt_r7,cross,lead,cross_stall,lead_opt,cross_stall|v8|d8,lead_opt|v9|s7,0,0,0,1.0,0.0,0.0
cross_stall_r12,lead_opt_r8,cross,lead,cross_stall,lead_opt,cross_stall|v8|d8,lead_opt|v9|s7,0,0,0,1.0,0.0,0.0
cross_stall_r12,lead_opt_r9,cross,lead,cross_stall,lead_opt,cross_stall|v8|d8,lead_opt|v7|s6,0,0,0,1.0,0.0,0.0
cross_stall_r12,temp_opt_r1,cross,block_or_occupancy,cross_stall,temp_opt,cross_stall|v8|d8,temp_opt|v6|o6,0,0,0,2.0,0.0,0.0
cross_stall_r12,temp_opt_r10,cross,block_or_occupancy,cross_stall,temp_opt,cross_stall|v8|d8,temp_opt|v6|o7,0,0,0,2.0,0.0,0.0
cross_stall_r12,temp_opt_r11,cross,block_or_occupancy,cross_stall,temp_opt,cross_stall|v8|d8,temp_opt|v7|o8,0,0,0,1.0,0.0,0.0
cross_stall_r12,temp_opt_r12,cross,block_or_occupancy,cross_stall,temp_opt,cross_stall|v8|d8,temp_opt|v8|o7,0,0,0,0.0,0.003263,0.0261
cross_stall_r12,temp_opt_r2,cross,block_or_occupancy,cross_stall,temp_opt,cross_stall|v8|d8,temp_opt|v6|o7,0,0,0,2.0,0.0,0.0
cross_stall_r12,temp_opt_r3,cross,block_or_occupancy,cross_stall,temp_opt,cross_stall|v8|d8,temp_opt|v6|o8,0,0,0,2.0,0.0,0.0
cross_stall_r12,temp_opt_r4,cross,block_or_occupancy,cross_stall,temp_opt,cross_stall|v8|d8,temp_opt|v7|o6,0,0,0,1.0,0.0,0.0
cross_stall_r12,temp_opt_r5,cross,block_or_occupancy,cross_stall,temp_opt,cross_stall|v8|d8,temp_opt|v7|o7,0,0,0,1.0,0.0,0.0
cross_stall_r12,temp_opt_r6,cross,block_or_occupancy,cross_stall,temp_opt,cross_stall|v8|d8,temp_opt|v7|o8,0,0,0,1.0,0.0,0.0
cross_stall_r12,temp_opt_r7,cross,block_or_occupancy,cross_stall,temp_opt,cross_stall|v8|d8,temp_opt|v8|o6,0,0,0,0.0,0.025325,0.1523
cross_stall_r12,temp_opt_r8,cross,block_or_occupancy,cross_stall,temp_opt,cross_stall|v8|d8,temp_opt|v8|o7,0,0,0,0.0,0.0,0.0
cross_stall_r12,temp_opt_r9,cross,block_or_occupancy,cross_stall,temp_opt,cross_stall|v8|d8,temp_opt|v8|o8,0,0,0,0.0,0.0,0.0
cross_stall_r2,cross_stall_r3,cross,cross,cross_stall,cross_stall,cross_stall|v6|d6,cross_stall|v7|d6,1,1,0,1.0,0.004925,0.0394
cross_stall_r2,cross_stall_r4,cross,cross,cross_stall,cross_stall,cross_stall|v6|d6,cross_stall|v7|d7,1,1,0,1.0,0.0,0.0
cross_stall_r2,cross_stall_r5,cross,cross,cross_stall,cross_stall,cross_stall|v6|d6,cross_stall|v8|d7,1,1,0,2.0,0.0349,0.2167
cross_stall_r2,cross_stall_r6,cross,cross,cross_stall,cross_stall,cross_stall|v6|d6,cross_stall|v8|d8,1,1,0,2.0,0.0,0.0
cross_stall_r2,cross_stall_r7,cross,cross,cross_stall,cross_stall,cross_stall|v6|d6,cross_stall|v6|d6,1,1,1,0.0,0.0,0.0
cross_stall_r2,cross_stall_r8,cross,cross,cross_stall,cross_stall,cross_stall|v6|d6,cross_stall|v6|d6,1,1,1,0.0,0.0,0.0
cross_stall_r2,cross_stall_r9,cross,cross,cross_stall,cross_stall,cross_stall|v6|d6,cross_stall|v7|d6,1,1,0,1.0,0.0,0.0
cross_stall_r2,lead_cont_r1,cross,lead,cross_stall,lead_cont,cross_stall|v6|d6,lead_cont|v6|s5,0,0,0,0.0,0.812837,1.0
cross_stall_r2,lead_cont_r10,cross,lead,cross_stall,lead_cont,cross_stall|v6|d6,lead_cont|v9|s8,0,0,0,3.0,0.75435,1.0
cross_stall_r2,lead_cont_r11,cross,lead,cross_stall,lead_cont,cross_stall|v6|d6,lead_cont|v7|s6,0,0,0,1.0,0.77055,1.0
cross_stall_r2,lead_cont_r12,cross,lead,cross_stall,lead_cont,cross_stall|v6|d6,lead_cont|v8|s7,0,0,0,2.0,0.73955,1.0
cross_stall_r2,lead_cont_r2,cross,lead,cross_stall,lead_cont,cross_stall|v6|d6,lead_cont|v6|s5,0,0,0,0.0,0.739712,1.0
cross_stall_r2,lead_cont_r3,cross,lead,cross_stall,lead_cont,cross_stall|v6|d6,lead_cont|v7|s5,0,0,0,1.0,0.765788,1.0
cross_stall_r2,lead_cont_r4,cross,lead,cross_stall,lead_cont,cross_stall|v6|d6,lead_cont|v7|s6,0,0,0,1.0,0.721,1.0
cross_stall_r2,lead_cont_r5,cross,lead,cross_stall,lead_cont,cross_stall|v6|d6,lead_cont|v8|s6,0,0,0,2.0,0.786488,1.0
cross_stall_r2,lead_cont_r6,cross,lead,cross_stall,lead_cont,cross_stall|v6|d6,lead_cont|v8|s7,0,0,0,2.0,0.720988,1.0
cross_stall_r2,lead_cont_r7,cross,lead,cross_stall,lead_cont,cross_stall|v6|d6,lead_cont|v8|s7,0,0,0,2.0,0.73955,1.0
cross_stall_r2,lead_cont_r8,cross,lead,cross_stall,lead_cont,cross_stall|v6|d6,lead_cont|v9|s7,0,0,0,3.0,0.75435,1.0
cross_stall_r2,lead_cont_r9,cross,lead,cross_stall,lead_cont,cross_stall|v6|d6,lead_cont|v9|s8,0,0,0,3.0,0.7504,1.0
cross_stall_r2,lead_nec_r1,cross,lead,cross_stall,lead_nec,cross_stall|v6|d6,lead_nec|v6|s5,0,0,0,0.0,0.0,0.0
cross_stall_r2,lead_nec_r10,cross,lead,cross_stall,lead_nec,cross_stall|v6|d6,lead_nec|v9|s8,0,0,0,3.0,0.0,0.0
cross_stall_r2,lead_nec_r11,cross,lead,cross_stall,lead_nec,cross_stall|v6|d6,lead_nec|v7|s6,0,0,0,1.0,0.0,0.0
cross_stall_r2,lead_nec_r12,cross,lead,cross_stall,lead_nec,cross_stall|v6|d6,lead_nec|v8|s7,0,0,0,2.0,0.0,0.0
cross_stall_r2,lead_nec_r2,cross,lead,cross_stall,lead_nec,cross_stall|v6|d6,lead_nec|v6|s5,0,0,0,0.0,0.0,0.0
cross_stall_r2,lead_nec_r3,cross,lead,cross_stall,lead_nec,cross_stall|v6|d6,lead_nec|v7|s5,0,0,0,1.0,0.0,0.0
cross_stall_r2,lead_nec_r4,cross,lead,cross_stall,lead_nec,cross_stall|v6|d6,lead_nec|v7|s6,0,0,0,1.0,0.0,0.0
cross_stall_r2,lead_nec_r5,cross,lead,cross_stall,lead_nec,cross_stall|v6|d6,lead_nec|v8|s6,0,0,0,2.0,0.0,0.0
cross_stall_r2,lead_nec_r6,cross,lead,cross_stall,lead_nec,cross_stall|v6|d6,lead_nec|v8|s7,0,0,0,2.0,0.0,0.0
cross_stall_r2,lead_nec_r7,cross,lead,cross_stall,lead_nec,cross_stall|v6|d6,lead_nec|v8|s7,0,0,0,2.0,0.0,0.0
cross_stall_r2,lead_nec_r8,cross,lead,cross_stall,lead_nec,cross_stall|v6|d6,lead_nec|v9|s7,0,0,0,3.0,0.0,0.0
cross_stall_r2,lead_nec_r9,cross,lead,cross_stall,lead_nec,cross_stall|v6|d6,lead_nec|v9|s8,0,0,0,3.0,0.0,0.0
cross_stall_r2,lead_opt_r1,cross,lead,cross_stall,lead_opt,cross_stall|v6|d6,lead_opt|v6|s6,0,0,0,0.0,0.0,0.0
cross_stall_r2,lead_opt_r10,cross,lead,cross_stall,lead_opt,cross_stall|v6|d6,lead_opt|v8|s7,0,0,0,2.0,0.0,0.0
cross_stall_r2,lead_opt_r11,cross,lead,cross_stall,lead_opt,cross_stall|v6|d6,lead_opt|v6|s6,0,0,0,0.0,0.0,0.0
cross_stall_r2,lead_opt_r12,cross,lead,cross_stall,lead_opt,cross_stall|v6|d6,lead_opt|v7|s7,0,0,0,1.0,0.0,0.0
cross_stall_r2,lead_opt_r2,cross,lead,cross_stall,lead_opt,cross_stall|v6|d6,lead_opt|v6|s6,0,0,0,0.0,0.0,0.0
cross_stall_r2,lead_opt_r3,cross,lead,cross_stall,lead_opt,cross_stall|v6|d6,lead_opt|v7|s6,0,0,0,1.0,0.0,0.0
cross_stall_r2,lead_opt_r4,cross,lead,cross_stall,lead_opt,cross_stall|v6|d6,lead_opt|v7|s6,0,0,0,1.0,0.0,0.0
cross_stall_r2,lead_opt_r5,cross,lead,cross_stall,lead_opt,cross_stall|v6|d6,lead_opt|v8|s7,0,0,0,2.0,0.0,0.0
cross_stall_r2,lead_opt_r6,cross,lead,cross_stall,lead_opt,cross_stall|v6|d6,lead_opt|v8|s7,0,0,0,2.0,0.0,0.0
cross_stall_r2,lead_opt_r7,cross,lead,cross_stall,lead_opt,cross_stall|v6|d6,lead_opt|v9|s7,0,0,0,3.0,0.0,0.0
cross_stall_r2,lead_opt_r8,cross,lead,cross_stall,lead_opt,cross_stall|v6|d6,lead_opt|v9|s7,0,0,0,3.0,0.0,0.0
cross_stall_r2,lead_opt_r9,cross,lead,cross_stall,lead_opt,cross_stall|v6|d6,lead_opt|v7|s6,0,0,0,1.0,0.0,0.0
cross_stall_r2,temp_opt_r1,cross,block_or_occupancy,cross_stall,temp_opt,cross_stall|v6|d6,temp_opt|v6|o6,0,0,0,0.0,0.0,0.0
cross_stall_r2,temp_opt_r10,cross,block_or_occupancy,cross_stall,temp_opt,cross_stall|v6|d6,temp_opt|v6|o7,0,0,0,0.0,0.0,0.0
cross_stall_r2,temp_opt_r11,cross,block_or_occupancy,cross_stall,temp_opt,cross_stall|v6|d6,temp_opt|v7|o8,0,0,0,1.0,0.0,0.0
cross_stall_r2,temp_opt_r12,cross,block_or_occupancy,cross_stall,temp_opt,cross_stall|v6|d6,temp_opt|v8|o7,0,0,0,2.0,0.003263,0.0261
cross_stall_r2,temp_opt_r2,cross,block_or_occupancy,cross_stall,temp_opt,cross_stall|v6|d6,temp_opt|v6|o7,0,0,0,0.0,0.0,0.0
cross_stall_r2,temp_opt_r3,cross,block_or_occupancy,cross_stall,temp_opt,cross_stall|v6|d6,temp_opt|v6|o8,0,0,0,0.0,0.0,0.0
cross_stall_r2,temp_opt_r4,cross,block_or_occupancy,cross_stall,temp_opt,cross_stall|v6|d6,temp_opt|v7|o6,0,0,0,1.0,0.0,0.0
cross_stall_r2,temp_opt_r5,cross,block_or_occupancy,cross_stall,temp_opt,cross_stall|v6|d6,temp_opt|v7|o7,0,0,0,1.0,0.0,0.0
cross_stall_r2,temp_opt_r6,cross,block_or_occupancy,cross_stall,temp_opt,cross_stall|v6|d6,temp_opt|v7|o8,0,0,0,1.0,0.0,0.0
cross_stall_r2,temp_opt_r7,cross,block_or_occupancy,cross_stall,temp_opt,cross_stall|v6|d6,temp_opt|v8|o6,0,0,0,2.0,0.025325,0.1523
cross_stall_r2,temp_opt_r8,cross,block_or_occupancy,cross_stall,temp_opt,cross_stall|v6|d6,temp_opt|v8|o7,0,0,0,2.0,0.0,0.0
cross_stall_r2,temp_opt_r9,cross,block_or_occupancy,cross_stall,temp_opt,cross_stall|v6|d6,temp_opt|v8|o8,0,0,0,2.0,0.0,0.0
cross_stall_r3,cross_stall_r4,cross,cross,cross_stall,cross_stall,cross_stall|v7|d6,cross_stall|v7|d7,1,1,0,0.0,0.004925,0.0394
cross_stall_r3,cross_stall_r5,cross,cross,cross_stall,cross_stall,cross_stall|v7|d6,cross_stall|v8|d7,1,1,0,1.0,0.029975,0.1773
cross_stall_r3,cross_stall_r6,cross,cross,cross_stall,cross_stall,cross_stall|v7|d6,cross_stall|v8|d8,1,1,0,1.0,0.004925,0.0394
cross_stall_r3,cross_stall_r7,cross,cross,cross_stall,cross_stall,cross_stall|v7|d6,cross_stall|v6|d6,1,1,0,1.0,0.004925,0.0394
cross_stall_r3,cross_stall_r8,cross,cross,cross_stall,cross_stall,cross_stall|v7|d6,cross_stall|v6|d6,1,1,0,1.0,0.004925,0.0394
cross_stall_r3,cross_stall_r9,cross,cross,cross_stall,cross_stall,cross_stall|v7|d6,cross_stall|v7|d6,1,1,1,0.0,0.004925,0.0394
cross_stall_r3,lead_cont_r1,cross,lead,cross_stall,lead_cont,cross_stall|v7|d6,lead_cont|v6|s5,0,0,0,1.0,0.807913,1.0
cross_stall_r3,lead_cont_r10,cross,lead,cross_stall,lead_cont,cross_stall|v7|d6,lead_cont|v9|s8,0,0,0,2.0,0.749425,1.0
cross_stall_r3,lead_cont_r11,cross,lead,cross_stall,lead_cont,cross_stall|v7|d6,lead_cont|v7|s6,0,0,0,0.0,0.765625,1.0
cross_stall_r3,lead_cont_r12,cross,lead,cross_stall,lead_cont,cross_stall|v7|d6,lead_cont|v8|s7,0,0,0,1.0,0.734625,1.0
cross_stall_r3,lead_cont_r2,cross,lead,cross_stall,lead_cont,cross_stall|v7|d6,lead_cont|v6|s5,0,0,0,1.0,0.734787,1.0
cross_stall_r3,lead_cont_r3,cross,lead,cross_stall,lead_cont,cross_stall|v7|d6,lead_cont|v7|s5,0,0,0,0.0,0.760862,1.0
cross_stall_r3,lead_cont_r4,cross,lead,cross_stall,lead_cont,cross_stall|v7|d6,lead_cont|v7|s6,0,0,0,0.0,0.716075,1.0
cross_stall_r3,lead_cont_r5,cross,lead,cross_stall,lead_cont,cross_stall|v7|d6,lead_cont|v8|s6,0,0,0,1.0,0.781562,1.0
cross_stall_r3,lead_cont_r6,cross,lead,cross_stall,lead_cont,cross_stall|v7|d6,lead_cont|v8|s7,0,0,0,1.0,0.716063,1.0
cross_stall_r3,lead_cont_r7,cross,lead,cross_stall,lead_cont,cross_stall|v7|d6,lead_cont|v8|s7,0,0,0,1.0,0.734625,1.0
cross_stall_r3,lead_cont_r8,cross,lead,cross_stall,lead_cont,cross_stall|v7|d6,lead_cont|v9|s7,0,0,0,2.0,0.749425,1.0
cross_stall_r3,lead_cont_r9,cross,lead,cross_stall,lead_cont,cross_stall|v7|d6,lead_cont|v9|s8,0,0,0,2.0,0.745475,1.0
cross_stall_r3,lead_nec_r1,cross,lead,cross_stall,lead_nec,cross_stall|v7|d6,lead_nec|v6|s5,0,0,0,1.0,0.004925,0.0394
cross_stall_r3,lead_nec_r10,cross,lead,cross_stall,lead_nec,cross_stall|v7|d6,lead_nec|v9|s8,0,0,0,2.0,0.004925,0.0394
cross_stall_r3,lead_nec_r11,cross,lead,cross_stall,lead_nec,cross_stall|v7|d6,lead_nec|v7|s6,0,0,0,0.0,0.004925,0.0394
cross_stall_r3,lead_nec_r12,cross,lead,cross_stall,lead_nec,cross_stall|v7|d6,lead_nec|v8|s7,0,0,0,1.0,0.004925,0.0394
cross_stall_r3,lead_nec_r2,cross,lead,cross_stall,lead_nec,cross_stall|v7|d6,lead_nec|v6|s5,0,0,0,1.0,0.004925,0.0394
cross_stall_r3,lead_nec_r3,cross,lead,cross_stall,lead_nec,cross_stall|v7|d6,lead_nec|v7|s5,0,0,0,0.0,0.004925,0.0394
cross_stall_r3,lead_nec_r4,cross,lead,cross_stall,lead_nec,cross_stall|v7|d6,lead_nec|v7|s6,0,0,0,0.0,0.004925,0.0394
cross_stall_r3,lead_nec_r5,cross,lead,cross_stall,lead_nec,cross_stall|v7|d6,lead_nec|v8|s6,0,0,0,1.0,0.004925,0.0394
cross_stall_r3,lead_nec_r6,cross,lead,cross_stall,lead_nec,cross_stall|v7|d6,lead_nec|v8|s7,0,0,0,1.0,0.004925,0.0394
cross_stall_r3,lead_nec_r7,cross,lead,cross_stall,lead_nec,cross_stall|v7|d6,lead_nec|v8|s7,0,0,0,1.0,0.004925,0.0394
cross_stall_r3,lead_nec_r8,cross,lead,cross_stall,lead_nec,cross_stall|v7|d6,lead_nec|v9|s7,0,0,0,2.0,0.004925,0.0394
cross_stall_r3,lead_nec_r9,cross,lead,cross_stall,lead_nec,cross_stall|v7|d6,lead_nec|v9|s8,0,0,0,2.0,0.004925,0.0394
cross_stall_r3,lead_opt_r1,cross,lead,cross_stall,lead_opt,cross_stall|v7|d6,lead_opt|v6|s6,0,0,0,1.0,0.004925,0.0394
cross_stall_r3,lead_opt_r10,cross,lead,cross_stall,lead_opt,cross_stall|v7|d6,lead_opt|v8|s7,0,0,0,1.0,0.004925,0.0394
cross_stall_r3,lead_opt_r11,cross,lead,cross_stall,lead_opt,cross_stall|v7|d6,lead_opt|v6|s6,0,0,0,1.0,0.004925,0.0394
cross_stall_r3,lead_opt_r12,cross,lead,cross_stall,lead_opt,cross_stall|v7|d6,lead_opt|v7|s7,0,0,0,0.0,0.004925,0.0394
cross_stall_r3,lead_opt_r2,cross,lead,cross_stall,lead_opt,cross_stall|v7|d6,lead_opt|v6|s6,0,0,0,1.0,0.004925,0.0394
cross_stall_r3,lead_opt_r3,cross,lead,cross_stall,lead_opt,cross_stall|v7|d6,lead_opt|v7|s6,0,0,0,0.0,0.004925,0.0394
cross_stall_r3,lead_opt_r4,cross,lead,cross_stall,lead_opt,cross_stall|v7|d6,lead_opt|v7|s6,0,0,0,0.0,0.004925,0.0394
cross_stall_r3,lead_opt_r5,cross,lead,cross_stall,lead_opt,cross_stall|v7|d6,lead_opt|v8|s7,0,0,0,1.0,0.004925,0.0394
cross_stall_r3,lead_opt_r6,cross,lead,cross_stall,lead_opt,cross_stall|v7|d6,lead_opt|v8|s7,0,0,0,1.0,0.004925,0.0394
cross_stall_r3,lead_opt_r7,cross,lead,cross_stall,lead_opt,cross_stall|v7|d6,lead_opt|v9|s7,0,0,0,2.0,0.004925,0.0394
cross_stall_r3,lead_opt_r8,cross,lead,cross_stall,lead_opt,cross_stall|v7|d6,lead_opt|v9|s7,0,0,0,2.0,0.004925,0.0394
cross_stall_r3,lead_opt_r9,cross,lead,cross_stall,lead_opt,cross_stall|v7|d6,lead_opt|v7|s6,0,0,0,0.0,0.004925,0.0394
cross_stall_r3,temp_opt_r1,cross,block_or_occupancy,cross_stall,temp_opt,cross_stall|v7|d6,temp_opt|v6|o6,0,0,0,1.0,0.004925,0.0394
cross_stall_r3,temp_opt_r10,cross,block_or_occupancy,cross_stall,temp_opt,cross_stall|v7|d6,temp_opt|v6|o7,0,0,0,1.0,0.004925,0.0394
cross_stall_r3,temp_opt_r11,cross,block_or_occupancy,cross_stall,temp_opt,cross_stall|v7|d6,temp_opt|v7|o8,0,0,0,0.0,0.004925,0.0394
cross_stall_r3,temp_opt_r12,cross,block_or_occupancy,cross_stall,temp_opt,cross_stall|v7|d6,temp_opt|v8|o7,0,0,0,1.0,0.001662,0.0133
cross_stall_r3,temp_opt_r2,cross,block_or_occupancy,cross_stall,temp_opt,cross_stall|v7|d6,temp_opt|v6|o7,0,0,0,1.0,0.004925,0.0394
cross_stall_r3,temp_opt_r3,cross,block_or_occupancy,cross_stall,temp_opt,cross_stall|v7|d6,temp_opt|v6|o8,0,0,0,1.0,0.004925,0.0394
cross_stall_r3,temp_opt_r4,cross,block_or_occupancy,cross_stall,temp_opt,cross_stall|v7|d6,temp_opt|v7|o6,0,0,0,0.0,0.004925,0.0394
cross_stall_r3,temp_opt_r5,cross,block_or_occupancy,cross_stall,temp_opt,cross_stall|v7|d6,temp_opt|v7|o7,0,0,0,0.0,0.004925,0.0394
cross_stall_r3,temp_opt_r6,cross,block_or_occupancy,cross_stall,temp_opt,cross_stall|v7|d6,temp_opt|v7|o8,0,0,0,0.0,0.004925,0.0394
cross_stall_r3,temp_opt_r7,cross,block_or_occupancy,cross_stall,temp_opt,cross_stall|v7|d6,temp_opt|v8|o6,0,0,0,1.0,0.0204,0.1129
cross_stall_r3,temp_opt_r8,cross,block_or_occupancy,cross_stall,temp_opt,cross_stall|v7|d6,temp_opt|v8|o7,0,0,0,1.0,0.004925,0.0394
cross_stall_r3,temp_opt_r9,cross,block_or_occupancy,cross_stall,temp_opt,cross_stall|v7|d6,temp_opt|v8|o8,0,0,0,1.0,0.004925,0.0394
cross_stall_r4,cross_stall_r5,cross,cross,cross_stall,cross_stall,cross_stall|v7|d7,cross_stall|v8|d7,1,1,0,1.0,0.0349,0.2167
cross_stall_r4,cross_stall_r6,cross,cross,cross_stall,cross_stall,cross_stall|v7|d7,cross_stall|v8|d8,1,1,0,1.0,0.0,0.0
cross_stall_r4,cross_stall_r7,cross,cross,cross_stall,cross_stall,cross_stall|v7|d7,cross_stall|v6|d6,1,1,0,1.0,0.0,0.0
cross_stall_r4,cross_stall_r8,cross,cross,cross_stall,cross_stall,cross_stall|v7|d7,cross_stall|v6|d6,1,1,0,1.0,0.0,0.0
cross_stall_r4,cross_stall_r9,cross,cross,cross_stall,cross_stall,cross_stall|v7|d7,cross_stall|v7|d6,1,1,0,0.0,0.0,0.0
cross_stall_r4,lead_cont_r1,cross,lead,cross_stall,lead_cont,cross_stall|v7|d7,lead_cont|v6|s5,0,0,0,1.0,0.812837,1.0
cross_stall_r4,lead_cont_r10,cross,lead,cross_stall,lead_cont,cross_stall|v7|d7,lead_cont|v9|s8,0,0,0,2.0,0.75435,1.0
cross_stall_r4,lead_cont_r11,cross,lead,cross_stall,lead_cont,cross_stall|v7|d7,lead_cont|v7|s6,0,0,0,0.0,0.77055,1.0
cross_stall_r4,lead_cont_r12,cross,lead,cross_stall,lead_cont,cross_stall|v7|d7,lead_cont|v8|s7,0,0,0,1.0,0.73955,1.0
cross_stall_r4,lead_cont_r2,cross,lead,cross_stall,lead_cont,cross_stall|v7|d7,lead_cont|v6|s5,0,0,0,1.0,0.739712,1.0
cross_stall_r4,lead_cont_r3,cross,lead,cross_stall,lead_cont,cross_stall|v7|d7,lead_cont|v7|s5,0,0,0,0.0,0.765788,1.0
cross_stall_r4,lead_cont_r4,cross,lead,cross_stall,lead_cont,cross_stall|v7|d7,lead_cont|v7|s6,0,0,0,0.0,0.721,1.0
cross_stall_r4,lead_cont_r5,cross,lead,cross_stall,lead_cont,cross_stall|v7|d7,lead_cont|v8|s6,0,0,0,1.0,0.786488,1.0
cross_stall_r4,lead_cont_r6,cross,lead,cross_stall,lead_cont,cross_stall|v7|d7,lead_cont|v8|s7,0,0,0,1.0,0.720988,1.0
cross_stall_r4,lead_cont_r7,cross,lead,cross_stall,lead_cont,cross_stall|v7|d7,lead_cont|v8|s7,0,0,0,1.0,0.73955,1.0
cross_stall_r4,lead_cont_r8,cross,lead,cross_stall,lead_cont,cross_stall|v7|d7,lead_cont|v9|s7,0,0,0,2.0,0.75435,1.0
cross_stall_r4,lead_cont_r9,cross,lead,cross_stall,lead_cont,cross_stall|v7|d7,lead_cont|v9|s8,0,0,0,2.0,0.7504,1.0
cross_stall_r4,lead_nec_r1,cross,lead,cross_stall,lead_nec,cross_stall|v7|d7,lead_nec|v6|s5,0,0,0,1.0,0.0,0.0
cross_stall_r4,lead_nec_r10,cross,lead,cross_stall,lead_nec,cross_stall|v7|d7,lead_nec|v9|s8,0,0,0,2.0,0.0,0.0
cross_stall_r4,lead_nec_r11,cross,lead,cross_stall,lead_nec,cross_stall|v7|d7,lead_nec|v7|s6,0,0,0,0.0,0.0,0.0
cross_stall_r4,lead_nec_r12,cross,lead,cross_stall,lead_nec,cross_stall|v7|d7,lead_nec|v8|s7,0,0,0,1.0,0.0,0.0
cross_stall_r4,lead_nec_r2,cross,lead,cross_stall,lead_nec,cross_stall|v7|d7,lead_nec|v6|s5,0,0,0,1.0,0.0,0.0
cross_stall_r4,lead_nec_r3,cross,lead,cross_stall,lead_nec,cross_stall|v7|d7,lead_nec|v7|s5,0,0,0,0.0,0.0,0.0
cross_stall_r4,lead_nec_r4,cross,lead,cross_stall,lead_nec,cross_stall|v7|d7,lead_nec|v7|s6,0,0,0,0.0,0.0,0.0
cross_stall_r4,lead_nec_r5,cross,lead,cross_stall,lead_nec,cross_stall|v7|d7,lead_nec|v8|s6,0,0,0,1.0,0.0,0.0
cross_stall_r4,lead_nec_r6,cross,lead,cross_stall,lead_nec,cross_stall|v7|d7,lead_nec|v8|s7,0,0,0,1.0,0.0,0.0
cross_stall_r4,lead_nec_r7,cross,lead,cross_stall,lead_nec,cross_stall|v7|d7,lead_nec|v8|s7,0,0,0,1.0,0.0,0.0
cross_stall_r4,lead_nec_r8,cross,lead,cross_stall,lead_nec,cross_stall|v7|d7,lead_nec|v9|s7,0,0,0,2.0,0.0,0.0
cross_stall_r4,lead_nec_r9,cross,lead,cross_stall,lead_nec,cross_stall|v7|d7,lead_nec|v9|s8,0,0,0,2.0,0.0,0.0
cross_stall_r4,lead_opt_r1,cross,lead,cross_stall,lead_opt,cross_stall|v7|d7,lead_opt|v6|s6,0,0,0,1.0,0.0,0.0
cross_stall_r4,lead_opt_r10,cross,lead,cross_stall,lead_opt,cross_stall|v7|d7,lead_opt|v8|s7,0,0,0,1.0,0.0,0.0
cross_stall_r4,lead_opt_r11,cross,lead,cross_stall,lead_opt,cross_stall|v7|d7,lead_opt|v6|s6,0,0,0,1.0,0.0,0.0
cross_stall_r4,lead_opt_r12,cross,lead,cross_stall,lead_opt,cross_stall|v7|d7,lead_opt|v7|s7,0,0,0,0.0,0.0,0.0
cross_stall_r4,lead_opt_r2,cross,lead,cross_stall,lead_opt,cross_stall|v7|d7,lead_opt|v6|s6,0,0,0,1.0,0.0,0.0
cross_stall_r4,lead_opt_r3,cross,lead,cross_stall,lead_opt,cross_stall|v7|d7,lead_opt|v7|s6,0,0,0,0.0,0.0,0.0
cross_stall_r4,lead_opt_r4,cross,lead,cross_stall,lead_opt,cross_stall|v7|d7,lead_opt|v7|s6,0,0,0,0.0,0.0,0.0
cross_stall_r4,lead_opt_r5,cross,lead,cross_stall,lead_opt,cross_stall|v7|d7,lead_opt|v8|s7,0,0,0,1.0,0.0,0.0
cross_stall_r4,lead_opt_r6,cross,lead,cross_stall,lead_opt,cross_stall|v7|d7,lead_opt|v8|s7,0,0,0,1.0,0.0,0.0
cross_stall_r4,lead_opt_r7,cross,lead,cross_stall,lead_opt,cross_stall|v7|d7,lead_opt|v9|s7,0,0,0,2.0,0.0,0.0
cross_stall_r4,lead_opt_r8,cross,lead,cross_stall,lead_opt,cross_stall|v7|d7,lead_opt|v9|s7,0,0,0,2.0,0.0,0.0
cross_stall_r4,lead_opt_r9,cross,lead,cross_stall,lead_opt,cross_stall|v7|d7,lead_opt|v7|s6,0,0,0,0.0,0.0,0.0
cross_stall_r4,temp_opt_r1,cross,block_or_occupancy,cross_stall,temp_opt,cross_stall|v7|d7,temp_opt|v6|o6,0,0,0,1.0,0.0,0.0
cross_stall_r4,temp_opt_r10,cross,block_or_occupancy,cross_stall,temp_opt,cross_stall|v7|d7,temp_opt|v6|o7,0,0,0,1.0,0.0,0.0
cross_stall_r4,temp_opt_r11,cross,block_or_occupancy,cross_stall,temp_opt,cross_stall|v7|d7,temp_opt|v7|o8,0,0,0,0.0,0.0,0.0
cross_stall_r4,temp_opt_r12,cross,block_or_occupancy,cross_stall,temp_opt,cross_stall|v7|d7,temp_opt|v8|o7,0,0,0,1.0,0.003263,0.0261
cross_stall_r4,temp_opt_r2,cross,block_or_occupancy,cross_stall,temp_opt,cross_stall|v7|d7,temp_opt|v6|o7,0,0,0,1.0,0.0,0.0
cross_stall_r4,temp_opt_r3,cross,block_or_occupancy,cross_stall,temp_opt,cross_stall|v7|d7,temp_opt|v6|o8,0,0,0,1.0,0.0,0.0
cross_stall_r4,temp_opt_r4,cross,block_or_occupancy,cross_stall,temp_opt,cross_stall|v7|d7,temp_opt|v7|o6,0,0,0,0.0,0.0,0.0
cross_stall_r4,temp_opt_r5,cross,block_or_occupancy,cross_stall,temp_opt,cross_stall|v7|d7,temp_opt|v7|o7,0,0,0,0.0,0.0,0.0
cross_stall_r4,temp_opt_r6,cross,block_or_occupancy,cross_stall,temp_opt,cross_stall|v7|d7,temp_opt|v7|o8,0,0,0,0.0,0.0,0.0
cross_stall_r4,temp_opt_r7,cross,block_or_occupancy,cross_stall,temp_opt,cross_stall|v7|d7,temp_opt|v8|o6,0,0,0,1.0,0.025325,0.1523
cross_stall_r4,temp_opt_r8,cross,block_or_occupancy,cross_stall,temp_opt,cross_stall|v7|d7,temp_opt|v8|o7,0,0,0,1.0,0.0,0.0
cross_stall_r4,temp_opt_r9,cross,block_or_occupancy,cross_stall,temp_opt,cross_stall|v7|d7,temp_opt|v8|o8,0,0,0,1.0,0.0,0.0
cross_stall_r5,cross_stall_r6,cross,cross,cross_stall,cross_stall,cross_stall|v8|d7,cross_stall|v8|d8,1,1,0,0.0,0.0349,0.2167
cross_stall_r5,cross_stall_r7,cross,cross,cross_stall,cross_stall,cross_stall|v8|d7,cross_stall|v6|d6,1,1,0,2.0,0.0349,0.2167
cross_stall_r5,cross_stall_r8,cross,cross,cross_stall,cross_stall,cross_stall|v8|d7,cross_stall|v6|d6,1,1,0,2.0,0.0349,0.2167
cross_stall_r5,cross_stall_r9,cross,cross,cross_stall,cross_stall,cross_stall|v8|d7,cross_stall|v7|d6,1,1,0,1.0,0.0349,0.2167
cross_stall_r5,lead_cont_r1,cross,lead,cross_stall,lead_cont,cross_stall|v8|d7,lead_cont|v6|s5,0,0,0,2.0,0.777937,1.0
cross_stall_r5,lead_cont_r10,cross,lead,cross_stall,lead_cont,cross_stall|v8|d7,lead_cont|v9|s8,0,0,0,1.0,0.71945,1.0
cross_stall_r5,lead_cont_r11,cross,lead,cross_stall,lead_cont,cross_stall|v8|d7,lead_cont|v7|s6,0,0,0,1.0,0.73565,1.0
cross_stall_r5,lead_cont_r12,cross,lead,cross_stall,lead_cont,cross_stall|v8|d7,lead_cont|v8|s7,0,0,0,0.0,0.70465,1.0
cross_stall_r5,lead_cont_r2,cross,lead,cross_stall,lead_cont,cross_stall|v8|d7,lead_cont|v6|s5,0,0,0,2.0,0.704813,1.0
cross_stall_r5,lead_cont_r3,cross,lead,cross_stall,lead_cont,cross_stall|v8|d7,lead_cont|v7|s5,0,0,0,1.0,0.730887,1.0
cross_stall_r5,lead_cont_r4,cross,lead,cross_stall,lead_cont,cross_stall|v8|d7,lead_cont|v7|s6,0,0,0,1.0,0.6861,1.0
cross_stall_r5,lead_cont_r5,cross,lead,cross_stall,lead_cont,cross_stall|v8|d7,lead_cont|v8|s6,0,0,0,0.0,0.751588,1.0
cross_stall_r5,lead_cont_r6,cross,lead,cross_stall,lead_cont,cross_stall|v8|d7,lead_cont|v8|s7,0,0,0,0.0,0.686087,1.0
cross_stall_r5,lead_cont_r7,cross,lead,cross_stall,lead_cont,cross_stall|v8|d7,lead_cont|v8|s7,0,0,0,0.0,0.70465,1.0
cross_stall_r5,lead_cont_r8,cross,lead,cross_stall,lead_cont,cross_stall|v8|d7,lead_cont|v9|s7,0,0,0,1.0,0.71945,1.0
cross_stall_r5,lead_cont_r9,cross,lead,cross_stall,lead_cont,cross_stall|v8|d7,lead_cont|v9|s8,0,0,0,1.0,0.7155,1.0
cross_stall_r5,lead_nec_r1,cross,lead,cross_stall,lead_nec,cross_stall|v8|d7,lead_nec|v6|s5,0,0,0,2.0,0.0349,0.2167
cross_stall_r5,lead_nec_r10,cross,lead,cross_stall,lead_nec,cross_stall|v8|d7,lead_nec|v9|s8,0,0,0,1.0,0.0349,0.2167
cross_stall_r5,lead_nec_r11,cross,lead,cross_stall,lead_nec,cross_stall|v8|d7,lead_nec|v7|s6,0,0,0,1.0,0.0349,0.2167
cross_stall_r5,lead_nec_r12,cross,lead,cross_stall,lead_nec,cross_stall|v8|d7,lead_nec|v8|s7,0,0,0,0.0,0.0349,0.2167
cross_stall_r5,lead_nec_r2,cross,lead,cross_stall,lead_nec,cross_stall|v8|d7,lead_nec|v6|s5,0,0,0,2.0,0.0349,0.2167
cross_stall_r5,lead_nec_r3,cross,lead,cross_stall,lead_nec,cross_stall|v8|d7,lead_nec|v7|s5,0,0,0,1.0,0.0349,0.2167
cross_stall_r5,lead_nec_r4,cross,lead,cross_stall,lead_nec,cross_stall|v8|d7,lead_nec|v7|s6,0,0,0,1.0,0.0349,0.2167
cross_stall_r5,lead_nec_r5,cross,lead,cross_stall,lead_nec,cross_stall|v8|d7,lead_nec|v8|s6,0,0,0,0.0,0.0349,0.2167
cross_stall_r5,lead_nec_r6,cross,lead,cross_stall,lead_nec,cross_stall|v8|d7,lead_nec|v8|s7,0,0,0,0.0,0.0349,0.2167
cross_stall_r5,lead_nec_r7,cross,lead,cross_stall,lead_nec,cross_stall|v8|d7,lead_nec|v8|s7,0,0,0,0.0,0.0349,0.2167
cross_stall_r5,lead_nec_r8,cross,lead,cross_stall,lead_nec,cross_stall|v8|d7,lead_nec|v9|s7,0,0,0,1.0,0.0349,0.2167
cross_stall_r5,lead_nec_r9,cross,lead,cross_stall,lead_nec,cross_stall|v8|d7,lead_nec|v9|s8,0,0,0,1.0,0.0349,0.2167
cross_stall_r5,lead_opt_r1,cross,lead,cross_stall,lead_opt,cross_stall|v8|d7,lead_opt|v6|s6,0,0,0,2.0,0.0349,0.2167
cross_stall_r5,lead_opt_r10,cross,lead,cross_stall,lead_opt,cross_stall|v8|d7,lead_opt|v8|s7,0,0,0,0.0,0.0349,0.2167
cross_stall_r5,lead_opt_r11,cross,lead,cross_stall,lead_opt,cross_stall|v8|d7,lead_opt|v6|s6,0,0,0,2.0,0.0349,0.2167
cross_stall_r5,lead_opt_r12,cross,lead,cross_stall,lead_opt,cross_stall|v8|d7,lead_opt|v7|s7,0,0,0,1.0,0.0349,0.2167
cross_stall_r5,lead_opt_r2,cross,lead,cross_stall,lead_opt,cross_stall|v8|d7,lead_opt|v6|s6,0,0,0,2.0,0.0349,0.2167
cross_stall_r5,lead_opt_r3,cross,lead,cross_stall,lead_opt,cross_stall|v8|d7,lead_opt|v7|s6,0,0,0,1.0,0.0349,0.2167
cross_stall_r5,lead_opt_r4,cross,lead,cross_stall,lead_opt,cross_stall|v8|d7,lead_opt|v7|s6,0,0,0,1.0,0.0349,0.2167
cross_stall_r5,lead_opt_r5,cross,lead,cross_stall,lead_opt,cross_stall|v8|d7,lead_opt|v8|s7,0,0,0,0.0,0.0349,0.2167
cross_stall_r5,lead_opt_r6,cross,lead,cross_stall,lead_opt,cross_stall|v8|d7,lead_opt|v8|s7,0,0,0,0.0,0.0349,0.2167
cross_stall_r5,lead_opt_r7,cross,lead,cross_stall,lead_opt,cross_stall|v8|d7,lead_opt|v9|s7,0,0,0,1.0,0.0349,0.2167
cross_stall_r5,lead_opt_r8,cross,lead,cross_stall,lead_opt,cross_stall|v8|d7,lead_opt|v9|s7,0,0,0,1.0,0.0349,0.2167
cross_stall_r5,lead_opt_r9,cross,lead,cross_stall,lead_opt,cross_stall|v8|d7,lead_opt|v7|s6,0,0,0,1.0,0.0349,0.2167
cross_stall_r5,temp_opt_r1,cross,block_or_occupancy,cross_stall,temp_opt,cross_stall|v8|d7,temp_opt|v6|o6,0,0,0,2.0,0.0349,0.2167
cross_stall_r5,temp_opt_r10,cross,block_or_occupancy,cross_stall,temp_opt,cross_stall|v8|d7,temp_opt|v6|o7,0,0,0,2.0,0.0349,0.2167
cross_stall_r5,temp_opt_r11,cross,block_or_occupancy,cross_stall,temp_opt,cross_stall|v8|d7,temp_opt|v7|o8,0,0,0,1.0,0.0349,0.2167
cross_stall_r5,temp_opt_r12,cross,block_or_occupancy,cross_stall,temp_opt,cross_stall|v8|d7,temp_opt|v8|o7,0,0,0,0.0,0.031637,0.1906
cross_stall_r5,temp_opt_r2,cross,block_or_occupancy,cross_stall,temp_opt,cross_stall|v8|d7,temp_opt|v6|o7,0,0,0,2.0,0.0349,0.2167
cross_stall_r5,temp_opt_r3,cross,block_or_occupancy,cross_stall,temp_opt,cross_stall|v8|d7,temp_opt|v6|o8,0,0,0,2.0,0.0349,0.2167
cross_stall_r5,temp_opt_r4,cross,block_or_occupancy,cross_stall,temp_opt,cross_stall|v8|d7,temp_opt|v7|o6,0,0,0,1.0,0.0349,0.2167
cross_stall_r5,temp_opt_r5,cross,block_or_occupancy,cross_stall,temp_opt,cross_stall|v8|d7,temp_opt|v7|o7,0,0,0,1.0,0.0349,0.2167
cross_stall_r5,temp_opt_r6,cross,block_or_occupancy,cross_stall,temp_opt,cross_stall|v8|d7,temp_opt|v7|o8,0,0,0,1.0,0.0349,0.2167
cross_stall_r5,temp_opt_r7,cross,block_or_occupancy,cross_stall,temp_opt,cross_stall|v8|d7,temp_opt|v8|o6,0,0,0,0.0,0.009575,0.0644
cross_stall_r5,temp_opt_r8,cross,block_or_occupancy,cross_stall,temp_opt,cross_stall|v8|d7,temp_opt|v8|o7,0,0,0,0.0,0.0349,0.2167
cross_stall_r5,temp_opt_r9,cross,block_or_occupancy,cross_stall,temp_opt,cross_stall|v8|d7,temp_opt|v8|o8,0,0,0,0.0,0.0349,0.2167
cross_stall_r6,cross_stall_r7,cross,cross,cross_stall,cross_stall,cross_stall|v8|d8,cross_stall|v6|d6,1,1,0,2.0,0.0,0.0
cross_stall_r6,cross_stall_r8,cross,cross,cross_stall,cross_stall,cross_stall|v8|d8,cross_stall|v6|d6,1,1,0,2.0,0.0,0.0
cross_stall_r6,cross_stall_r9,cross,cross,cross_stall,cross_stall,cross_stall|v8|d8,cross_stall|v7|d6,1,1,0,1.0,0.0,0.0
cross_stall_r6,lead_cont_r1,cross,lead,cross_stall,lead_cont,cross_stall|v8|d8,lead_cont|v6|s5,0,0,0,2.0,0.812837,1.0
cross_stall_r6,lead_cont_r10,cross,lead,cross_stall,lead_cont,cross_stall|v8|d8,lead_cont|v9|s8,0,0,0,1.0,0.75435,1.0
cross_stall_r6,lead_cont_r11,cross,lead,cross_stall,lead_cont,cross_stall|v8|d8,lead_cont|v7|s6,0,0,0,1.0,0.77055,1.0
cross_stall_r6,lead_cont_r12,cross,lead,cross_stall,lead_cont,cross_stall|v8|d8,lead_cont|v8|s7,0,0,0,0.0,0.73955,1.0
cross_stall_r6,lead_cont_r2,cross,lead,cross_stall,lead_cont,cross_stall|v8|d8,lead_cont|v6|s5,0,0,0,2.0,0.739712,1.0
cross_stall_r6,lead_cont_r3,cross,lead,cross_stall,lead_cont,cross_stall|v8|d8,lead_cont|v7|s5,0,0,0,1.0,0.765788,1.0
cross_stall_r6,lead_cont_r4,cross,lead,cross_stall,lead_cont,cross_stall|v8|d8,lead_cont|v7|s6,0,0,0,1.0,0.721,1.0
cross_stall_r6,lead_cont_r5,cross,lead,cross_stall,lead_cont,cross_stall|v8|d8,lead_cont|v8|s6,0,0,0,0.0,0.786488,1.0
cross_stall_r6,lead_cont_r6,cross,lead,cross_stall,lead_cont,cross_stall|v8|d8,lead_cont|v8|s7,0,0,0,0.0,0.720988,1.0
cross_stall_r6,lead_cont_r7,cross,lead,cross_stall,lead_cont,cross_stall|v8|d8,lead_cont|v8|s7,0,0,0,0.0,0.73955,1.0
cross_stall_r6,lead_cont_r8,cross,lead,cross_stall,lead_cont,cross_stall|v8|d8,lead_cont|v9|s7,0,0,0,1.0,0.75435,1.0
cross_stall_r6,lead_cont_r9,cross,lead,cross_stall,lead_cont,cross_stall|v8|d8,lead_cont|v9|s8,0,0,0,1.0,0.7504,1.0
cross_stall_r6,lead_nec_r1,cross,lead,cross_stall,lead_nec,cross_stall|v8|d8,lead_nec|v6|s5,0,0,0,2.0,0.0,0.0
cross_stall_r6,lead_nec_r10,cross,lead,cross_stall,lead_nec,cross_stall|v8|d8,lead_nec|v9|s8,0,0,0,1.0,0.0,0.0
cross_stall_r6,lead_nec_r11,cross,lead,cross_stall,lead_nec,cross_stall|v8|d8,lead_nec|v7|s6,0,0,0,1.0,0.0,0.0
cross_stall_r6,lead_nec_r12,cross,lead,cross_stall,lead_nec,cross_stall|v8|d8,lead_nec|v8|s7,0,0,0,0.0,0.0,0.0
cross_stall_r6,lead_nec_r2,cross,lead,cross_stall,lead_nec,cross_stall|v8|d8,lead_nec|v6|s5,0,0,0,2.0,0.0,0.0
cross_stall_r6,lead_nec_r3,cross,lead,cross_stall,lead_nec,cross_stall|v8|d8,lead_nec|v7|s5,0,0,0,1.0,0.0,0.0
cross_stall_r6,lead_nec_r4,cross,lead,cross_stall,lead_nec,cross_stall|v8|d8,lead_nec|v7|s6,0,0,0,1.0,0.0,0.0
cross_stall_r6,lead_nec_r5,cross,lead,cross_stall,lead_nec,cross_stall|v8|d8,lead_nec|v8|s6,0,0,0,0.0,0.0,0.0
cross_stall_r6,lead_nec_r6,cross,lead,cross_stall,lead_nec,cross_stall|v8|d8,lead_nec|v8|s7,0,0,0,0.0,0.0,0.0
cross_stall_r6,lead_nec_r7,cross,lead,cross_stall,lead_nec,cross_stall|v8|d8,lead_nec|v8|s7,0,0,0,0.0,0.0,0.0
cross_stall_r6,lead_nec_r8,cross,lead,cross_stall,lead_nec,cross_stall|v8|d8,lead_nec|v9|s7,0,0,0,1.0,0.0,0.0
cross_stall_r6,lead_nec_r9,cross,lead,cross_stall,lead_nec,cross_stall|v8|d8,lead_nec|v9|s8,0,0,0,1.0,0.0,0.0
cross_stall_r6,lead_opt_r1,cross,lead,cross_stall,lead_opt,cross_stall|v8|d8,lead_opt|v6|s6,0,0,0,2.0,0.0,0.0
cross_stall_r6,lead_opt_r10,cross,lead,cross_stall,lead_opt,cross_stall|v8|d8,lead_opt|v8|s7,0,0,0,0.0,0.0,0.0
cross_stall_r6,lead_opt_r11,cross,lead,cross_stall,lead_opt,cross_stall|v8|d8,lead_opt|v6|s6,0,0,0,2.0,0.0,0.0
cross_stall_r6,lead_opt_r12,cross,lead,cross_stall,lead_opt,cross_stall|v8|d8,lead_opt|v7|s7,0,0,0,1.0,0.0,0.0
cross_stall_r6,lead_opt_r2,cross,lead,cross_stall,lead_opt,cross_stall|v8|d8,lead_opt|v6|s6,0,0,0,2.0,0.0,0.0
cross_stall_r6,lead_opt_r3,cross,lead,cross_stall,lead_opt,cross_stall|v8|d8,lead_opt|v7|s6,0,0,0,1.0,0.0,0.0
cross_stall_r6,lead_opt_r4,cross,lead,cross_stall,lead_opt,cross_stall|v8|d8,lead_opt|v7|s6,0,0,0,1.0,0.0,0.0
cross_stall_r6,lead_opt_r5,cross,lead,cross_stall,lead_opt,cross_stall|v8|d8,lead_opt|v8|s7,0,0,0,0.0,0.0,0.0
cross_stall_r6,lead_opt_r6,cross,lead,cross_stall,lead_opt,cross_stall|v8|d8,lead_opt|v8|s7,0,0,0,0.0,0.0,0.0
cross_stall_r6,lead_opt_r7,cross,lead,cross_stall,lead_opt,cross_stall|v8|d8,lead_opt|v9|s7,0,0,0,1.0,0.0,0.0
cross_stall_r6,lead_opt_r8,cross,lead,cross_stall,lead_opt,cross_stall|v8|d8,lead_opt|v9|s7,0,0,0,1.0,0.0,0.0
cross_stall_r6,lead_opt_r9,cross,lead,cross_stall,lead_opt,cross_stall|v8|d8,lead_opt|v7|s6,0,0,0,1.0,0.0,0.0
cross_stall_r6,temp_opt_r1,cross,block_or_occupancy,cross_stall,temp_opt,cross_stall|v8|d8,temp_opt|v6|o6,0,0,0,2.0,0.0,0.0
cross_stall_r6,temp_opt_r10,cross,block_or_occupancy,cross_stall,temp_opt,cross_stall|v8|d8,temp_opt|v6|o7,0,0,0,2.0,0.0,0.0
cross_stall_r6,temp_opt_r11,cross,block_or_occupancy,cross_stall,temp_opt,cross_stall|v8|d8,temp_opt|v7|o8,0,0,0,1.0,0.0,0.0
cross_stall_r6,temp_opt_r12,cross,block_or_occupancy,cross_stall,temp_opt,cross_stall|v8|d8,temp_opt|v8|o7,0,0,0,0.0,0.003263,0.0261
cross_stall_r6,temp_opt_r2,cross,block_or_occupancy,cross_stall,temp_opt,cross_stall|v8|d8,temp_opt|v6|o7,0,0,0,2.0,0.0,0.0
cross_stall_r6,temp_opt_r3,cross,block_or_occupancy,cross_stall,temp_opt,cross_stall|v8|d8,temp_opt|v6|o8,0,0,0,2.0,0.0,0.0
cross_stall_r6,temp_opt_r4,cross,block_or_occupancy,cross_stall,temp_opt,cross_stall|v8|d8,temp_opt|v7|o6,0,0,0,1.0,0.0,0.0
cross_stall_r6,temp_opt_r5,cross,block_or_occupancy,cross_stall,temp_opt,cross_stall|v8|d8,temp_opt|v7|o7,0,0,0,1.0,0.0,0.0
cross_stall_r6,temp_opt_r6,cross,block_or_occupancy,cross_stall,temp_opt,cross_stall|v8|d8,temp_opt|v7|o8,0,0,0,1.0,0.0,0.0
cross_stall_r6,temp_opt_r7,cross,block_or_occupancy,cross_stall,temp_opt,cross_stall|v8|d8,temp_opt|v8|o6,0,0,0,0.0,0.025325,0.1523
cross_stall_r6,temp_opt_r8,cross,block_or_occupancy,cross_stall,temp_opt,cross_stall|v8|d8,temp_opt|v8|o7,0,0,0,0.0,0.0,0.0
cross_stall_r6,temp_opt_r9,cross,block_or_occupancy,cross_stall,temp_opt,cross_stall|v8|d8,temp_opt|v8|o8,0,0,0,0.0,0.0,0.0
cross_stall_r7,cross_stall_r8,cross,cross,cross_stall,cross_stall,cross_stall|v6|d6,cross_stall|v6|d6,1,1,1,0.0,0.0,0.0
cross_stall_r7,cross_stall_r9,cross,cross,cross_stall,cross_stall,cross_stall|v6|d6,cross_stall|v7|d6,1,1,0,1.0,0.0,0.0
cross_stall_r7,lead_cont_r1,cross,lead,cross_stall,lead_cont,cross_stall|v6|d6,lead_cont|v6|s5,0,0,0,0.0,0.812837,1.0
cross_stall_r7,lead_cont_r10,cross,lead,cross_stall,lead_cont,cross_stall|v6|d6,lead_cont|v9|s8,0,0,0,3.0,0.75435,1.0
cross_stall_r7,lead_cont_r11,cross,lead,cross_stall,lead_cont,cross_stall|v6|d6,lead_cont|v7|s6,0,0,0,1.0,0.77055,1.0
cross_stall_r7,lead_cont_r12,cross,lead,cross_stall,lead_cont,cross_stall|v6|d6,lead_cont|v8|s7,0,0,0,2.0,0.73955,1.0
cross_stall_r7,lead_cont_r2,cross,lead,cross_stall,lead_cont,cross_stall|v6|d6,lead_cont|v6|s5,0,0,0,0.0,0.739712,1.0
cross_stall_r7,lead_cont_r3,cross,lead,cross_stall,lead_cont,cross_stall|v6|d6,lead_cont|v7|s5,0,0,0,1.0,0.765788,1.0
cross_stall_r7,lead_cont_r4,cross,lead,cross_stall,lead_cont,cross_stall|v6|d6,lead_cont|v7|s6,0,0,0,1.0,0.721,1.0
cross_stall_r7,lead_cont_r5,cross,lead,cross_stall,lead_cont,cross_stall|v6|d6,lead_cont|v8|s6,0,0,0,2.0,0.786488,1.0
cross_stall_r7,lead_cont_r6,cross,lead,cross_stall,lead_cont,cross_stall|v6|d6,lead_cont|v8|s7,0,0,0,2.0,0.720988,1.0
cross_stall_r7,lead_cont_r7,cross,lead,cross_stall,lead_cont,cross_stall|v6|d6,lead_cont|v8|s7,0,0,0,2.0,0.73955,1.0
cross_stall_r7,lead_cont_r8,cross,lead,cross_stall,lead_cont,cross_stall|v6|d6,lead_cont|v9|s7,0,0,0,3.0,0.75435,1.0
cross_stall_r7,lead_cont_r9,cross,lead,cross_stall,lead_cont,cross_stall|v6|d6,lead_cont|v9|s8,0,0,0,3.0,0.7504,1.0
cross_stall_r7,lead_nec_r1,cross,lead,cross_stall,lead_nec,cross_stall|v6|d6,lead_nec|v6|s5,0,0,0,0.0,0.0,0.0
cross_stall_r7,lead_nec_r10,cross,lead,cross_stall,lead_nec,cross_stall|v6|d6,lead_nec|v9|s8,0,0,0,3.0,0.0,0.0
cross_stall_r7,lead_nec_r11,cross,lead,cross_stall,lead_nec,cross_stall|v6|d6,lead_nec|v7|s6,0,0,0,1.0,0.0,0.0
cross_stall_r7,lead_nec_r12,cross,lead,cross_stall,lead_nec,cross_stall|v6|d6,lead_nec|v8|s7,0,0,0,2.0,0.0,0.0
cross_stall_r7,lead_nec_r2,cross,lead,cross_stall,lead_nec,cross_stall|v6|d6,lead_nec|v6|s5,0,0,0,0.0,0.0,0.0
cross_stall_r7,lead_nec_r3,cross,lead,cross_stall,lead_nec,cross_stall|v6|d6,lead_nec|v7|s5,0,0,0,1.0,0.0,0.0
cross_stall_r7,lead_nec_r4,cross,lead,cross_stall,lead_nec,cross_stall|v6|d6,lead_nec|v7|s6,0,0,0,1.0,0.0,0.0
cross_stall_r7,lead_nec_r5,cross,lead,cross_stall,lead_nec,cross_stall|v6|d6,lead_nec|v8|s6,0,0,0,2.0,0.0,0.0
cross_stall_r7,lead_nec_r6,cross,lead,cross_stall,lead_nec,cross_stall|v6|d6,lead_nec|v8|s7,0,0,0,2.0,0.0,0.0
cross_stall_r7,lead_nec_r7,cross,lead,cross_stall,lead_nec,cross_stall|v6|d6,lead_nec|v8|s7,0,0,0,2.0,0.0,0.0
cross_stall_r7,lead_nec_r8,cross,lead,cross_stall,lead_nec,cross_stall|v6|d6,lead_nec|v9|s7,0,0,0,3.0,0.0,0.0
cross_stall_r7,lead_nec_r9,cross,lead,cross_stall,lead_nec,cross_stall|v6|d6,lead_nec|v9|s8,0,0,0,3.0,0.0,0.0
cross_stall_r7,lead_opt_r1,cross,lead,cross_stall,lead_opt,cross_stall|v6|d6,lead_opt|v6|s6,0,0,0,0.0,0.0,0.0
cross_stall_r7,lead_opt_r10,cross,lead,cross_stall,lead_opt,cross_stall|v6|d6,lead_opt|v8|s7,0,0,0,2.0,0.0,0.0
cross_stall_r7,lead_opt_r11,cross,lead,cross_stall,lead_opt,cross_stall|v6|d6,lead_opt|v6|s6,0,0,0,0.0,0.0,0.0
cross_stall_r7,lead_opt_r12,cross,lead,cross_stall,lead_opt,cross_stall|v6|d6,lead_opt|v7|s7,0,0,0,1.0,0.0,0.0
cross_stall_r7,lead_opt_r2,cross,lead,cross_stall,lead_opt,cross_stall|v6|d6,lead_opt|v6|s6,0,0,0,0.0,0.0,0.0
cross_stall_r7,lead_opt_r3,cross,lead,cross_stall,lead_opt,cross_stall|v6|d6,lead_opt|v7|s6,0,0,0,1.0,0.0,0.0
cross_stall_r7,lead_opt_r4,cross,lead,cross_stall,lead_opt,cross_stall|v6|d6,lead_opt|v7|s6,0,0,0,1.0,0.0,0.0
cross_stall_r7,lead_opt_r5,cross,lead,cross_stall,lead_opt,cross_stall|v6|d6,lead_opt|v8|s7,0,0,0,2.0,0.0,0.0
cross_stall_r7,lead_opt_r6,cross,lead,cross_stall,lead_opt,cross_stall|v6|d6,lead_opt|v8|s7,0,0,0,2.0,0.0,0.0
cross_stall_r7,lead_opt_r7,cross,lead,cross_stall,lead_opt,cross_stall|v6|d6,lead_opt|v9|s7,0,0,0,3.0,0.0,0.0
cross_stall_r7,lead_opt_r8,cross,lead,cross_stall,lead_opt,cross_stall|v6|d6,lead_opt|v9|s7,0,0,0,3.0,0.0,0.0
cross_stall_r7,lead_opt_r9,cross,lead,cross_stall,lead_opt,cross_stall|v6|d6,lead_opt|v7|s6,0,0,0,1.0,0.0,0.0
cross_stall_r7,temp_opt_r1,cross,block_or_occupancy,cross_stall,temp_opt,cross_stall|v6|d6,temp_opt|v6|o6,0,0,0,0.0,0.0,0.0
cross_stall_r7,temp_opt_r10,cross,block_or_occupancy,cross_stall,temp_opt,cross_stall|v6|d6,temp_opt|v6|o7,0,0,0,0.0,0.0,0.0
cross_stall_r7,temp_opt_r11,cross,block_or_occupancy,cross_stall,temp_opt,cross_stall|v6|d6,temp_opt|v7|o8,0,0,0,1.0,0.0,0.0
cross_stall_r7,temp_opt_r12,cross,block_or_occupancy,cross_stall,temp_opt,cross_stall|v6|d6,temp_opt|v8|o7,0,0,0,2.0,0.003263,0.0261
cross_stall_r7,temp_opt_r2,cross,block_or_occupancy,cross_stall,temp_opt,cross_stall|v6|d6,temp_opt|v6|o7,0,0,0,0.0,0.0,0.0
cross_stall_r7,temp_opt_r3,cross,block_or_occupancy,cross_stall,temp_opt,cross_stall|v6|d6,temp_opt|v6|o8,0,0,0,0.0,0.0,0.0
cross_stall_r7,temp_opt_r4,cross,block_or_occupancy,cross_stall,temp_opt,cross_stall|v6|d6,temp_opt|v7|o6,0,0,0,1.0,0.0,0.0
cross_stall_r7,temp_opt_r5,cross,block_or_occupancy,cross_stall,temp_opt,cross_stall|v6|d6,temp_opt|v7|o7,0,0,0,1.0,0.0,0.0
cross_stall_r7,temp_opt_r6,cross,block_or_occupancy,cross_stall,temp_opt,cross_stall|v6|d6,temp_opt|v7|o8,0,0,0,1.0,0.0,0.0
cross_stall_r7,temp_opt_r7,cross,block_or_occupancy,cross_stall,temp_opt,cross_stall|v6|d6,temp_opt|v8|o6,0,0,0,2.0,0.025325,0.1523
cross_stall_r7,temp_opt_r8,cross,block_or_occupancy,cross_stall,temp_opt,cross_stall|v6|d6,temp_opt|v8|o7,0,0,0,2.0,0.0,0.0
cross_stall_r7,temp_opt_r9,cross,block_or_occupancy,cross_stall,temp_opt,cross_stall|v6|d6,temp_opt|v8|o8,0,0,0,2.0,0.0,0.0
cross_stall_r8,cross_stall_r9,cross,cross,cross_stall,cross_stall,cross_stall|v6|d6,cross_stall|v7|d6,1,1,0,1.0,0.0,0.0
cross_stall_r8,lead_cont_r1,cross,lead,cross_stall,lead_cont,cross_stall|v6|d6,lead_cont|v6|s5,0,0,0,0.0,0.812837,1.0
cross_stall_r8,lead_cont_r10,cross,lead,cross_stall,lead_cont,cross_stall|v6|d6,lead_cont|v9|s8,0,0,0,3.0,0.75435,1.0
cross_stall_r8,lead_cont_r11,cross,lead,cross_stall,lead_cont,cross_stall|v6|d6,lead_cont|v7|s6,0,0,0,1.0,0.77055,1.0
cross_stall_r8,lead_cont_r12,cross,lead,cross_stall,lead_cont,cross_stall|v6|d6,lead_cont|v8|s7,0,0,0,2.0,0.73955,1.0
cross_stall_r8,lead_cont_r2,cross,lead,cross_stall,lead_cont,cross_stall|v6|d6,lead_cont|v6|s5,0,0,0,0.0,0.739712,1.0
cross_stall_r8,lead_cont_r3,cross,lead,cross_stall,lead_cont,cross_stall|v6|d6,lead_cont|v7|s5,0,0,0,1.0,0.765788,1.0
cross_stall_r8,lead_cont_r4,cross,lead,cross_stall,lead_cont,cross_stall|v6|d6,lead_cont|v7|s6,0,0,0,1.0,0.721,1.0
cross_stall_r8,lead_cont_r5,cross,lead,cross_stall,lead_cont,cross_stall|v6|d6,lead_cont|v8|s6,0,0,0,2.0,0.786488,1.0
cross_stall_r8,lead_cont_r6,cross,lead,cross_stall,lead_cont,cross_stall|v6|d6,lead_cont|v8|s7,0,0,0,2.0,0.720988,1.0
cross_stall_r8,lead_cont_r7,cross,lead,cross_stall,lead_cont,cross_stall|v6|d6,lead_cont|v8|s7,0,0,0,2.0,0.73955,1.0
cross_stall_r8,lead_cont_r8,cross,lead,cross_stall,lead_cont,cross_stall|v6|d6,lead_cont|v9|s7,0,0,0,3.0,0.75435,1.0
cross_stall_r8,lead_cont_r9,cross,lead,cross_stall,lead_cont,cross_stall|v6|d6,lead_cont|v9|s8,0,0,0,3.0,0.7504,1.0
cross_stall_r8,lead_nec_r1,cross,lead,cross_stall,lead_nec,cross_stall|v6|d6,lead_nec|v6|s5,0,0,0,0.0,0.0,0.0
cross_stall_r8,lead_nec_r10,cross,lead,cross_stall,lead_nec,cross_stall|v6|d6,lead_nec|v9|s8,0,0,0,3.0,0.0,0.0
cross_stall_r8,lead_nec_r11,cross,lead,cross_stall,lead_nec,cross_stall|v6|d6,lead_nec|v7|s6,0,0,0,1.0,0.0,0.0
cross_stall_r8,lead_nec_r12,cross,lead,cross_stall,lead_nec,cross_stall|v6|d6,lead_nec|v8|s7,0,0,0,2.0,0.0,0.0
cross_stall_r8,lead_nec_r2,cross,lead,cross_stall,lead_nec,cross_stall|v6|d6,lead_nec|v6|s5,0,0,0,0.0,0.0,0.0
cross_stall_r8,lead_nec_r3,cross,lead,cross_stall,lead_nec,cross_stall|v6|d6,lead_nec|v7|s5,0,0,0,1.0,0.0,0.0
cross_stall_r8,lead_nec_r4,cross,lead,cross_stall,lead_nec,cross_stall|v6|d6,lead_nec|v7|s6,0,0,0,1.0,0.0,0.0
cross_stall_r8,lead_nec_r5,cross,lead,cross_stall,lead_nec,cross_stall|v6|d6,lead_nec|v8|s6,0,0,0,2.0,0.0,0.0
cross_stall_r8,lead_nec_r6,cross,lead,cross_stall,lead_nec,cross_stall|v6|d6,lead_nec|v8|s7,0,0,0,2.0,0.0,0.0
cross_stall_r8,lead_nec_r7,cross,lead,cross_stall,lead_nec,cross_stall|v6|d6,lead_nec|v8|s7,0,0,0,2.0,0.0,0.0
cross_stall_r8,lead_nec_r8,cross,lead,cross_stall,lead_nec,cross_stall|v6|d6,lead_nec|v9|s7,0,0,0,3.0,0.0,0.0
cross_stall_r8,lead_nec_r9,cross,lead,cross_stall,lead_nec,cross_stall|v6|d6,lead_nec|v9|s8,0,0,0,3.0,0.0,0.0
cross_stall_r8,lead_opt_r1,cross,lead,cross_stall,lead_opt,cross_stall|v6|d6,lead_opt|v6|s6,0,0,0,0.0,0.0,0.0
cross_stall_r8,lead_opt_r10,cross,lead,cross_stall,lead_opt,cross_stall|v6|d6,lead_opt|v8|s7,0,0,0,2.0,0.0,0.0
cross_stall_r8,lead_opt_r11,cross,lead,cross_stall,lead_opt,cross_stall|v6|d6,lead_opt|v6|s6,0,0,0,0.0,0.0,0.0
cross_stall_r8,lead_opt_r12,cross,lead,cross_stall,lead_opt,cross_stall|v6|d6,lead_opt|v7|s7,0,0,0,1.0,0.0,0.0
cross_stall_r8,lead_opt_r2,cross,lead,cross_stall,lead_opt,cross_stall|v6|d6,lead_opt|v6|s6,0,0,0,0.0,0.0,0.0
cross_stall_r8,lead_opt_r3,cross,lead,cross_stall,lead_opt,cross_stall|v6|d6,lead_opt|v7|s6,0,0,0,1.0,0.0,0.0
cross_stall_r8,lead_opt_r4,cross,lead,cross_stall,lead_opt,cross_stall|v6|d6,lead_opt|v7|s6,0,0,0,1.0,0.0,0.0
cross_stall_r8,lead_opt_r5,cross,lead,cross_stall,lead_opt,cross_stall|v6|d6,lead_opt|v8|s7,0,0,0,2.0,0.0,0.0
cross_stall_r8,lead_opt_r6,cross,lead,cross_stall,lead_opt,cross_stall|v6|d6,lead_opt|v8|s7,0,0,0,2.0,0.0,0.0
cross_stall_r8,lead_opt_r7,cross,lead,cross_stall,lead_opt,cross_stall|v6|d6,lead_opt|v9|s7,0,0,0,3.0,0.0,0.0
cross_stall_r8,lead_opt_r8,cross,lead,cross_stall,lead_opt,cross_stall|v6|d6,lead_opt|v9|s7,0,0,0,3.0,0.0,0.0
cross_stall_r8,lead_opt_r9,cross,lead,cross_stall,lead_opt,cross_stall|v6|d6,lead_opt|v7|s6,0,0,0,1.0,0.0,0.0
cross_stall_r8,temp_opt_r1,cross,block_or_occupancy,cross_stall,temp_opt,cross_stall|v6|d6,temp_opt|v6|o6,0,0,0,0.0,0.0,0.0
cross_stall_r8,temp_opt_r10,cross,block_or_occupancy,cross_stall,temp_opt,cross_stall|v6|d6,temp_opt|v6|o7,0,0,0,0.0,0.0,0.0
cross_stall_r8,temp_opt_r11,cross,block_or_occupancy,cross_stall,temp_opt,cross_stall|v6|d6,temp_opt|v7|o8,0,0,0,1.0,0.0,0.0
cross_stall_r8,temp_opt_r12,cross,block_or_occupancy,cross_stall,temp_opt,cross_stall|v6|d6,temp_opt|v8|o7,0,0,0,2.0,0.003263,0.0261
cross_stall_r8,temp_opt_r2,cross,block_or_occupancy,cross_stall,temp_opt,cross_stall|v6|d6,temp_opt|v6|o7,0,0,0,0.0,0.0,0.0
cross_stall_r8,temp_opt_r3,cross,block_or_occupancy,cross_stall,temp_opt,cross_stall|v6|d6,temp_opt|v6|o8,0,0,0,0.0,0.0,0.0
cross_stall_r8,temp_opt_r4,cross,block_or_occupancy,cross_stall,temp_opt,cross_stall|v6|d6,temp_opt|v7|o6,0,0,0,1.0,0.0,0.0
cross_stall_r8,temp_opt_r5,cross,block_or_occupancy,cross_stall,temp_opt,cross_stall|v6|d6,temp_opt|v7|o7,0,0,0,1.0,0.0,0.0
cross_stall_r8,temp_opt_r6,cross,block_or_occupancy,cross_stall,temp_opt,cross_stall|v6|d6,temp_opt|v7|o8,0,0,0,1.0,0.0,0.0
cross_stall_r8,temp_opt_r7,cross,block_or_occupancy,cross_stall,temp_opt,cross_stall|v6|d6,temp_opt|v8|o6,0,0,0,2.0,0.025325,0.1523
cross_stall_r8,temp_opt_r8,cross,block_or_occupancy,cross_stall,temp_opt,cross_stall|v6|d6,temp_opt|v8|o7,0,0,0,2.0,0.0,0.0
cross_stall_r8,temp_opt_r9,cross,block_or_occupancy,cross_stall,temp_opt,cross_stall|v6|d6,temp_opt|v8|o8,0,0,0,2.0,0.0,0.0
cross_stall_r9,lead_cont_r1,cross,lead,cross_stall,lead_cont,cross_stall|v7|d6,lead_cont|v6|s5,0,0,0,1.0,0.812837,1.0
cross_stall_r9,lead_cont_r10,cross,lead,cross_stall,lead_cont,cross_stall|v7|d6,lead_cont|v9|s8,0,0,0,2.0,0.75435,1.0
cross_stall_r9,lead_cont_r11,cross,lead,cross_stall,lead_cont,cross_stall|v7|d6,lead_cont|v7|s6,0,0,0,0.0,0.77055,1.0
cross_stall_r9,lead_cont_r12,cross,lead,cross_stall,lead_cont,cross_stall|v7|d6,lead_cont|v8|s7,0,0,0,1.0,0.73955,1.0
cross_stall_r9,lead_cont_r2,cross,lead,cross_stall,lead_cont,cross_stall|v7|d6,lead_cont|v6|s5,0,0,0,1.0,0.739712,1.0
cross_stall_r9,lead_cont_r3,cross,lead,cross_stall,lead_cont,cross_stall|v7|d6,lead_cont|v7|s5,0,0,0,0.0,0.765788,1.0
cross_stall_r9,lead_cont_r4,cross,lead,cross_stall,lead_cont,cross_stall|v7|d6,lead_cont|v7|s6,0,0,0,0.0,0.721,1.0
cross_stall_r9,lead_cont_r5,cross,lead,cross_stall,lead_cont,cross_stall|v7|d6,lead_cont|v8|s6,0,0,0,1.0,0.786488,1.0
cross_stall_r9,lead_cont_r6,cross,lead,cross_stall,lead_cont,cross_stall|v7|d6,lead_cont|v8|s7,0,0,0,1.0,0.720988,1.0
cross_stall_r9,lead_cont_r7,cross,lead,cross_stall,lead_cont,cross_stall|v7|d6,lead_cont|v8|s7,0,0,0,1.0,0.73955,1.0
cross_stall_r9,lead_cont_r8,cross,lead,cross_stall,lead_cont,cross_stall|v7|d6,lead_cont|v9|s7,0,0,0,2.0,0.75435,1.0
cross_stall_r9,lead_cont_r9,cross,lead,cross_stall,lead_cont,cross_stall|v7|d6,lead_cont|v9|s8,0,0,0,2.0,0.7504,1.0
cross_stall_r9,lead_nec_r1,cross,lead,cross_stall,lead_nec,cross_stall|v7|d6,lead_nec|v6|s5,0,0,0,1.0,0.0,0.0
cross_stall_r9,lead_nec_r10,cross,lead,cross_stall,lead_nec,cross_stall|v7|d6,lead_nec|v9|s8,0,0,0,2.0,0.0,0.0
cross_stall_r9,lead_nec_r11,cross,lead,cross_stall,lead_nec,cross_stall|v7|d6,lead_nec|v7|s6,0,0,0,0.0,0.0,0.0
cross_stall_r9,lead_nec_r12,cross,lead,cross_stall,lead_nec,cross_stall|v7|d6,lead_nec|v8|s7,0,0,0,1.0,0.0,0.0
cross_stall_r9,lead_nec_r2,cross,lead,cross_stall,lead_nec,cross_stall|v7|d6,lead_nec|v6|s5,0,0,0,1.0,0.0,0.0
cross_stall_r9,lead_nec_r3,cross,lead,cross_stall,lead_nec,cross_stall|v7|d6,lead_nec|v7|s5,0,0,0,0.0,0.0,0.0
cross_stall_r9,lead_nec_r4,cross,lead,cross_stall,lead_nec,cross_stall|v7|d6,lead_nec|v7|s6,0,0,0,0.0,0.0,0.0
cross_stall_r9,lead_nec_r5,cross,lead,cross_stall,lead_nec,cross_stall|v7|d6,lead_nec|v8|s6,0,0,0,1.0,0.0,0.0
cross_stall_r9,lead_nec_r6,cross,lead,cross_stall,lead_nec,cross_stall|v7|d6,lead_nec|v8|s7,0,0,0,1.0,0.0,0.0
cross_stall_r9,lead_nec_r7,cross,lead,cross_stall,lead_nec,cross_stall|v7|d6,lead_nec|v8|s7,0,0,0,1.0,0.0,0.0
cross_stall_r9,lead_nec_r8,cross,lead,cross_stall,lead_nec,cross_stall|v7|d6,lead_nec|v9|s7,0,0,0,2.0,0.0,0.0
cross_stall_r9,lead_nec_r9,cross,lead,cross_stall,lead_nec,cross_stall|v7|d6,lead_nec|v9|s8,0,0,0,2.0,0.0,0.0
cross_stall_r9,lead_opt_r1,cross,lead,cross_stall,lead_opt,cross_stall|v7|d6,lead_opt|v6|s6,0,0,0,1.0,0.0,0.0
cross_stall_r9,lead_opt_r10,cross,lead,cross_stall,lead_opt,cross_stall|v7|d6,lead_opt|v8|s7,0,0,0,1.0,0.0,0.0
cross_stall_r9,lead_opt_r11,cross,lead,cross_stall,lead_opt,cross_stall|v7|d6,lead_opt|v6|s6,0,0,0,1.0,0.0,0.0
cross_stall_r9,lead_opt_r12,cross,lead,cross_stall,lead_opt,cross_stall|v7|d6,lead_opt|v7|s7,0,0,0,0.0,0.0,0.0
cross_stall_r9,lead_opt_r2,cross,lead,cross_stall,lead_opt,cross_stall|v7|d6,lead_opt|v6|s6,0,0,0,1.0,0.0,0.0
cross_stall_r9,lead_opt_r3,cross,lead,cross_stall,lead_opt,cross_stall|v7|d6,lead_opt|v7|s6,0,0,0,0.0,0.0,0.0
cross_stall_r9,lead_opt_r4,cross,lead,cross_stall,lead_opt,cross_stall|v7|d6,lead_opt|v7|s6,0,0,0,0.0,0.0,0.0
cross_stall_r9,lead_opt_r5,cross,lead,cross_stall,lead_opt,cross_stall|v7|d6,lead_opt|v8|s7,0,0,0,1.0,0.0,0.0
cross_stall_r9,lead_opt_r6,cross,lead,cross_stall,lead_opt,cross_stall|v7|d6,lead_opt|v8|s7,0,0,0,1.0,0.0,0.0
cross_stall_r9,lead_opt_r7,cross,lead,cross_stall,lead_opt,cross_stall|v7|d6,lead_opt|v9|s7,0,0,0,2.0,0.0,0.0
cross_stall_r9,lead_opt_r8,cross,lead,cross_stall,lead_opt,cross_stall|v7|d6,lead_opt|v9|s7,0,0,0,2.0,0.0,0.0
cross_stall_r9,lead_opt_r9,cross,lead,cross_stall,lead_opt,cross_stall|v7|d6,lead_opt|v7|s6,0,0,0,0.0,0.0,0.0
cross_stall_r9,temp_opt_r1,cross,block_or_occupancy,cross_stall,temp_opt,cross_stall|v7|d6,temp_opt|v6|o6,0,0,0,1.0,0.0,0.0
cross_stall_r9,temp_opt_r10,cross,block_or_occupancy,cross_stall,temp_opt,cross_stall|v7|d6,temp_opt|v6|o7,0,0,0,1.0,0.0,0.0
cross_stall_r9,temp_opt_r11,cross,block_or_occupancy,cross_stall,temp_opt,cross_stall|v7|d6,temp_opt|v7|o8,0,0,0,0.0,0.0,0.0
cross_stall_r9,temp_opt_r12,cross,block_or_occupancy,cross_stall,temp_opt,cross_stall|v7|d6,temp_opt|v8|o7,0,0,0,1.0,0.003263,0.0261
cross_stall_r9,temp_opt_r2,cross,block_or_occupancy,cross_stall,temp_opt,cross_stall|v7|d6,temp_opt|v6|o7,0,0,0,1.0,0.0,0.0
cross_stall_r9,temp_opt_r3,cross,block_or_occupancy,cross_stall,temp_opt,cross_stall|v7|d6,temp_opt|v6|o8,0,0,0,1.0,0.0,0.0
cross_stall_r9,temp_opt_r4,cross,block_or_occupancy,cross_stall,temp_opt,cross_stall|v7|d6,temp_opt|v7|o6,0,0,0,0.0,0.0,0.0
cross_stall_r9,temp_opt_r5,cross,block_or_occupancy,cross_stall,temp_opt,cross_stall|v7|d6,temp_opt|v7|o7,0,0,0,0.0,0.0,0.0
cross_stall_r9,temp_opt_r6,cross,block_or_occupancy,cross_stall,temp_opt,cross_stall|v7|d6,temp_opt|v7|o8,0,0,0,0.0,0.0,0.0
cross_stall_r9,temp_opt_r7,cross,block_or_occupancy,cross_stall,temp_opt,cross_stall|v7|d6,temp_opt|v8|o6,0,0,0,1.0,0.025325,0.1523
cross_stall_r9,temp_opt_r8,cross,block_or_occupancy,cross_stall,temp_opt,cross_stall|v7|d6,temp_opt|v8|o7,0,0,0,1.0,0.0,0.0
cross_stall_r9,temp_opt_r9,cross,block_or_occupancy,cross_stall,temp_opt,cross_stall|v7|d6,temp_opt|v8|o8,0,0,0,1.0,0.0,0.0
lead_cont_r1,lead_cont_r10,lead,lead,lead_cont,lead_cont,lead_cont|v6|s5,lead_cont|v9|s8,1,1,0,3.0,0.170313,1.0
lead_cont_r1,lead_cont_r11,lead,lead,lead_cont,lead_cont,lead_cont|v6|s5,lead_cont|v7|s6,1,1,0,1.0,0.267025,1.0
lead_cont_r1,lead_cont_r12,lead,lead,lead_cont,lead_cont,lead_cont|v6|s5,lead_cont|v8|s7,1,1,0,2.0,0.073288,0.1497
lead_cont_r1,lead_cont_r2,lead,lead,lead_cont,lead_cont,lead_cont|v6|s5,lead_cont|v6|s5,1,1,1,0.0,0.073125,0.1753
lead_cont_r1,lead_cont_r3,lead,lead,lead_cont,lead_cont,lead_cont|v6|s5,lead_cont|v7|s5,1,1,0,1.0,0.271788,1.0
lead_cont_r1,lead_cont_r4,lead,lead,lead_cont,lead_cont,lead_cont|v6|s5,lead_cont|v7|s6,1,1,0,1.0,0.316575,1.0
lead_cont_r1,lead_cont_r5,lead,lead,lead_cont,lead_cont,lead_cont|v6|s5,lead_cont|v8|s6,1,1,0,2.0,0.02635,0.0645
lead_cont_r1,lead_cont_r6,lead,lead,lead_cont,lead_cont,lead_cont|v6|s5,lead_cont|v8|s7,1,1,0,2.0,0.09185,0.1849
lead_cont_r1,lead_cont_r7,lead,lead,lead_cont,lead_cont,lead_cont|v6|s5,lead_cont|v8|s7,1,1,0,2.0,0.073288,0.1497
lead_cont_r1,lead_cont_r8,lead,lead,lead_cont,lead_cont,lead_cont|v6|s5,lead_cont|v9|s7,1,1,0,3.0,0.170313,1.0
lead_cont_r1,lead_cont_r9,lead,lead,lead_cont,lead_cont,lead_cont|v6|s5,lead_cont|v9|s8,1,1,0,3.0,0.174262,1.0
lead_cont_r1,lead_nec_r1,lead,lead,lead_cont,lead_nec,lead_cont|v6|s5,lead_nec|v6|s5,1,0,0,0.0,0.812837,1.0
lead_cont_r1,lead_nec_r10,lead,lead,lead_cont,lead_nec,lead_cont|v6|s5,lead_nec|v9|s8,1,0,0,3.0,0.812837,1.0
lead_cont_r1,lead_nec_r11,lead,lead,lead_cont,lead_nec,lead_cont|v6|s5,lead_nec|v7|s6,1,0,0,1.0,0.812837,1.0
lead_cont_r1,lead_nec_r12,lead,lead,lead_cont,lead_nec,lead_cont|v6|s5,lead_nec|v8|s7,1,0,0,2.0,0.812837,1.0
lead_cont_r1,lead_nec_r2,lead,lead,lead_cont,lead_nec,lead_cont|v6|s5,lead_nec|v6|s5,1,0,0,0.0,0.812837,1.0
lead_cont_r1,lead_nec_r3,lead,lead,lead_cont,lead_nec,lead_cont|v6|s5,lead_nec|v7|s5,1,0,0,1.0,0.812837,1.0
lead_cont_r1,lead_nec_r4,lead,lead,lead_cont,lead_nec,lead_cont|v6|s5,lead_nec|v7|s6,1,0,0,1.0,0.812837,1.0
lead_cont_r1,lead_nec_r5,lead,lead,lead_cont,lead_nec,lead_cont|v6|s5,lead_nec|v8|s6,1,0,0,2.0,0.812837,1.0
lead_cont_r1,lead_nec_r6,lead,lead,lead_cont,lead_nec,lead_cont|v6|s5,lead_nec|v8|s7,1,0,0,2.0,0.812837,1.0
lead_cont_r1,lead_nec_r7,lead,lead,lead_cont,lead_nec,lead_cont|v6|s5,lead_nec|v8|s7,1,0,0,2.0,0.812837,1.0
lead_cont_r1,lead_nec_r8,lead,lead,lead_cont,lead_nec,lead_cont|v6|s5,lead_nec|v9|s7,1,0,0,3.0,0.812837,1.0
lead_cont_r1,lead_nec_r9,lead,lead,lead_cont,lead_nec,lead_cont|v6|s5,lead_nec|v9|s8,1,0,0,3.0,0.812837,1.0
lead_cont_r1,lead_opt_r1,lead,lead,lead_cont,lead_opt,lead_cont|v6|s5,lead_opt|v6|s6,1,0,0,0.0,0.812837,1.0
lead_cont_r1,lead_opt_r10,lead,lead,lead_cont,lead_opt,lead_cont|v6|s5,lead_opt|v8|s7,1,0,0,2.0,0.812837,1.0
lead_cont_r1,lead_opt_r11,lead,lead,lead_cont,lead_opt,lead_cont|v6|s5,lead_opt|v6|s6,1,0,0,0.0,0.812837,1.0
lead_cont_r1,lead_opt_r12,lead,lead,lead_cont,lead_opt,lead_cont|v6|s5,lead_opt|v7|s7,1,0,0,1.0,0.812837,1.0
lead_cont_r1,lead_opt_r2,lead,lead,lead_cont,lead_opt,lead_cont|v6|s5,lead_opt|v6|s6,1,0,0,0.0,0.812837,1.0
lead_cont_r1,lead_opt_r3,lead,lead,lead_cont,lead_opt,lead_cont|v6|s5,lead_opt|v7|s6,1,0,0,1.0,0.812837,1.0
lead_cont_r1,lead_opt_r4,lead,lead,lead_cont,lead_opt,lead_cont|v6|s5,lead_opt|v7|s6,1,0,0,1.0,0.812837,1.0
lead_cont_r1,lead_opt_r5,lead,lead,lead_cont,lead_opt,lead_cont|v6|s5,lead_opt|v8|s7,1,0,0,2.0,0.812837,1.0
lead_cont_r1,lead_opt_r6,lead,lead,lead_cont,lead_opt,lead_cont|v6|s5,lead_opt|v8|s7,1,0,0,2.0,0.812837,1.0
lead_cont_r1,lead_opt_r7,lead,lead,lead_cont,lead_opt,lead_cont|v6|s5,lead_opt|v9|s7,1,0,0,3.0,0.812837,1.0
lead_cont_r1,lead_opt_r8,lead,lead,lead_cont,lead_opt,lead_cont|v6|s5,lead_opt|v9|s7,1,0,0,3.0,0.812837,1.0
lead_cont_r1,lead_opt_r9,lead,lead,lead_cont,lead_opt,lead_cont|v6|s5,lead_opt|v7|s6,1,0,0,1.0,0.812837,1.0
lead_cont_r1,temp_opt_r1,lead,block_or_occupancy,lead_cont,temp_opt,lead_cont|v6|s5,temp_opt|v6|o6,0,0,0,0.0,0.812837,1.0
lead_cont_r1,temp_opt_r10,lead,block_or_occupancy,lead_cont,temp_opt,lead_cont|v6|s5,temp_opt|v6|o7,0,0,0,0.0,0.812837,1.0
lead_cont_r1,temp_opt_r11,lead,block_or_occupancy,lead_cont,temp_opt,lead_cont|v6|s5,temp_opt|v7|o8,0,0,0,1.0,0.812837,1.0
lead_cont_r1,temp_opt_r12,lead,block_or_occupancy,lead_cont,temp_opt,lead_cont|v6|s5,temp_opt|v8|o7,0,0,0,2.0,0.809575,1.0
lead_cont_r1,temp_opt_r2,lead,block_or_occupancy,lead_cont,temp_opt,lead_cont|v6|s5,temp_opt|v6|o7,0,0,0,0.0,0.812837,1.0
lead_cont_r1,temp_opt_r3,lead,block_or_occupancy,lead_cont,temp_opt,lead_cont|v6|s5,temp_opt|v6|o8,0,0,0,0.0,0.812837,1.0
lead_cont_r1,temp_opt_r4,lead,block_or_occupancy,lead_cont,temp_opt,lead_cont|v6|s5,temp_opt|v7|o6,0,0,0,1.0,0.812837,1.0
lead_cont_r1,temp_opt_r5,lead,block_or_occupancy,lead_cont,temp_opt,lead_cont|v6|s5,temp_opt|v7|o7,0,0,0,1.0,0.812837,1.0
lead_cont_r1,temp_opt_r6,lead,block_or_occupancy,lead_cont,temp_opt,lead_cont|v6|s5,temp_opt|v7|o8,0,0,0,1.0,0.812837,1.0
lead_cont_r1,temp_opt_r7,lead,block_or_occupancy,lead_cont,temp_opt,lead_cont|v6|s5,temp_opt|v8|o6,0,0,0,2.0,0.787513,1.0
lead_cont_r1,temp_opt_r8,lead,block_or_occupancy,lead_cont,temp_opt,lead_cont|v6|s5,temp_opt|v8|o7,0,0,0,2.0,0.812837,1.0
lead_cont_r1,temp_opt_r9,lead,block_or_occupancy,lead_cont,temp_opt,lead_cont|v6|s5,temp_opt|v8|o8,0,0,0,2.0,0.812837,1.0
lead_cont_r10,lead_cont_r11,lead,lead,lead_cont,lead_cont,lead_cont|v9|s8,lead_cont|v7|s6,1,1,0,2.0,0.153562,1.0
lead_cont_r10,lead_cont_r12,lead,lead,lead_cont,lead_cont,lead_cont|v9|s8,lead_cont|v8|s7,1,1,0,1.0,0.152975,1.0
lead_cont_r10,lead_cont_r2,lead,lead,lead_cont,lead_cont,lead_cont|v9|s8,lead_cont|v6|s5,1,1,0,3.0,0.152812,1.0
lead_cont_r10,lead_cont_r3,lead,lead,lead_cont,lead_cont,lead_cont|v9|s8,lead_cont|v7|s5,1,1,0,2.0,0.1488,1.0
lead_cont_r10,lead_cont_r4,lead,lead,lead_cont,lead_cont,lead_cont|v9|s8,lead_cont|v7|s6,1,1,0,2.0,0.146537,1.0
lead_cont_r10,lead_cont_r5,lead,lead,lead_cont,lead_cont,lead_cont|v9|s8,lead_cont|v8|s6,1,1,0,1.0,0.143962,1.0
lead_cont_r10,lead_cont_r6,lead,lead,lead_cont,lead_cont,lead_cont|v9|s8,lead_cont|v8|s7,1,1,0,1.0,0.171538,1.0
lead_cont_r10,lead_cont_r7,lead,lead,lead_cont,lead_cont,lead_cont|v9|s8,lead_cont|v8|s7,1,1,0,1.0,0.152975,1.0
lead_cont_r10,lead_cont_r8,lead,lead,lead_cont,lead_cont,lead_cont|v9|s8,lead_cont|v9|s7,1,1,0,0.0,0.0,0.0
lead_cont_r10,lead_cont_r9,lead,lead,lead_cont,lead_cont,lead_cont|v9|s8,lead_cont|v9|s8,1,1,1,0.0,0.00395,0.0305
lead_cont_r10,lead_nec_r1,lead,lead,lead_cont,lead_nec,lead_cont|v9|s8,lead_nec|v6|s5,1,0,0,3.0,0.75435,1.0
lead_cont_r10,lead_nec_r10,lead,lead,lead_cont,lead_nec,lead_cont|v9|s8,lead_nec|v9|s8,1,0,0,0.0,0.75435,1.0
lead_cont_r10,lead_nec_r11,lead,lead,lead_cont,lead_nec,lead_cont|v9|s8,lead_nec|v7|s6,1,0,0,2.0,0.75435,1.0
lead_cont_r10,lead_nec_r12,lead,lead,lead_cont,lead_nec,lead_cont|v9|s8,lead_nec|v8|s7,1,0,0,1.0,0.75435,1.0
lead_cont_r10,lead_nec_r2,lead,lead,lead_cont,lead_nec,lead_cont|v9|s8,lead_nec|v6|s5,1,0,0,3.0,0.75435,1.0
lead_cont_r10,lead_nec_r3,lead,lead,lead_cont,lead_nec,lead_cont|v9|s8,lead_nec|v7|s5,1,0,0,2.0,0.75435,1.0
lead_cont_r10,lead_nec_r4,lead,lead,lead_cont,lead_nec,lead_cont|v9|s8,lead_nec|v7|s6,1,0,0,2.0,0.75435,1.0
lead_cont_r10,lead_nec_r5,lead,lead,lead_cont,lead_nec,lead_cont|v9|s8,lead_nec|v8|s6,1,0,0,1.0,0.75435,1.0
lead_cont_r10,lead_nec_r6,lead,lead,lead_cont,lead_nec,lead_cont|v9|s8,lead_nec|v8|s7,1,0,0,1.0,0.75435,1.0
lead_cont_r10,lead_nec_r7,lead,lead,lead_cont,lead_nec,lead_cont|v9|s8,lead_nec|v8|s7,1,0,0,1.0,0.75435,1.0
lead_cont_r10,lead_nec_r8,lead,lead,lead_cont,lead_nec,lead_cont|v9|s8,lead_nec|v9|s7,1,0,0,0.0,0.75435,1.0
lead_cont_r10,lead_nec_r9,lead,lead,lead_cont,lead_nec,lead_cont|v9|s8,lead_nec|v9|s8,1,0,0,0.0,0.75435,1.0
lead_cont_r10,lead_opt_r1,lead,lead,lead_cont,lead_opt,lead_cont|v9|s8,lead_opt|v6|s6,1,0,0,3.0,0.75435,1.0
lead_cont_r10,lead_opt_r10,lead,lead,lead_cont,lead_opt,lead_cont|v9|s8,lead_opt|v8|s7,1,0,0,1.0,0.75435,1.0
lead_cont_r10,lead_opt_r11,lead,lead,lead_cont,lead_opt,lead_cont|v9|s8,lead_opt|v6|s6,1,0,0,3.0,0.75435,1.0
lead_cont_r10,lead_opt_r12,lead,lead,lead_cont,lead_opt,lead_cont|v9|s8,lead_opt|v7|s7,1,0,0,2.0,0.75435,1.0
lead_cont_r10,lead_opt_r2,lead,lead,lead_cont,lead_opt,lead_cont|v9|s8,lead_opt|v6|s6,1,0,0,3.0,0.75435,1.0
lead_cont_r10,lead_opt_r3,lead,lead,lead_cont,lead_opt,lead_cont|v9|s8,lead_opt|v7|s6,1,0,0,2.0,0.75435,1.0
lead_cont_r10,lead_opt_r4,lead,lead,lead_cont,lead_opt,lead_cont|v9|s8,lead_opt|v7|s6,1,0,0,2.0,0.75435,1.0
lead_cont_r10,lead_opt_r5,lead,lead,lead_cont,lead_opt,lead_cont|v9|s8,lead_opt|v8|s7,1,0,0,1.0,0.75435,1.0
lead_cont_r10,lead_opt_r6,lead,lead,lead_cont,lead_opt,lead_cont|v9|s8,lead_opt|v8|s7,1,0,0,1.0,0.75435,1.0
lead_cont_r10,lead_opt_r7,lead,lead,lead_cont,lead_opt,lead_cont|v9|s8,lead_opt|v9|s7,1,0,0,0.0,0.75435,1.0
lead_cont_r10,lead_opt_r8,lead,lead,lead_cont,lead_opt,lead_cont|v9|s8,lead_opt|v9|s7,1,0,0,0.0,0.75435,1.0
lead_cont_r10,lead_opt_r9,lead,lead,lead_cont,lead_opt,lead_cont|v9|s8,lead_opt|v7|s6,1,0,0,2.0,0.75435,1.0
lead_cont_r10,temp_opt_r1,lead,block_or_occupancy,lead_cont,temp_opt,lead_cont|v9|s8,temp_opt|v6|o6,0,0,0,3.0,0.75435,1.0
lead_cont_r10,temp_opt_r10,lead,block_or_occupancy,lead_cont,temp_opt,lead_cont|v9|s8,temp_opt|v6|o7,0,0,0,3.0,0.75435,1.0
lead_cont_r10,temp_opt_r11,lead,block_or_occupancy,lead_cont,temp_opt,lead_cont|v9|s8,temp_opt|v7|o8,0,0,0,2.0,0.75435,1.0
lead_cont_r10,temp_opt_r12,lead,block_or_occupancy,lead_cont,temp_opt,lead_cont|v9|s8,temp_opt|v8|o7,0,0,0,1.0,0.751088,1.0
lead_cont_r10,temp_opt_r2,lead,block_or_occupancy,lead_cont,temp_opt,lead_cont|v9|s8,temp_opt|v6|o7,0,0,0,3.0,0.75435,1.0
lead_cont_r10,temp_opt_r3,lead,block_or_occupancy,lead_cont,temp_opt,lead_cont|v9|s8,temp_opt|v6|o8,0,0,0,3.0,0.75435,1.0
lead_cont_r10,temp_opt_r4,lead,block_or_occupancy,lead_cont,temp_opt,lead_cont|v9|s8,temp_opt|v7|o6,0,0,0,2.0,0.75435,1.0
lead_cont_r10,temp_opt_r5,lead,block_or_occupancy,lead_cont,temp_opt,lead_cont|v9|s8,temp_opt|v7|o7,0,0,0,2.0,0.75435,1.0
lead_cont_r10,temp_opt_r6,lead,block_or_occupancy,lead_cont,temp_opt,lead_cont|v9|s8,temp_opt|v7|o8,0,0,0,2.0,0.75435,1.0
lead_cont_r10,temp_opt_r7,lead,block_or_occupancy,lead_cont,temp_opt,lead_cont|v9|s8,temp_opt|v8|o6,0,0,0,1.0,0.729025,1.0
lead_cont_r10,temp_opt_r8,lead,block_or_occupancy,lead_cont,temp_opt,lead_cont|v9|s8,temp_opt|v8|o7,0,0,0,1.0,0.75435,1.0
lead_cont_r10,temp_opt_r9,lead,block_or_occupancy,lead_cont,temp_opt,lead_cont|v9|s8,temp_opt|v8|o8,0,0,0,1.0,0.75435,1.0
lead_cont_r11,lead_cont_r12,lead,lead,lead_cont,lead_cont,lead_cont|v7|s6,lead_cont|v8|s7,1,1,0,1.0,0.306262,1.0
lead_cont_r11,lead_cont_r2,lead,lead,lead_cont,lead_cont,lead_cont|v7|s6,lead_cont|v6|s5,1,1,0,1.0,0.3061,1.0
lead_cont_r11,lead_cont_r3,lead,lead,lead_cont,lead_cont,lead_cont|v7|s6,lead_cont|v7|s5,1,1,0,0.0,0.004763,0.01
lead_cont_r11,lead_cont_r4,lead,lead,lead_cont,lead_cont,lead_cont|v7|s6,lead_cont|v7|s6,1,1,1,0.0,0.04955,0.1148
lead_cont_r11,lead_cont_r5,lead,lead,lead_cont,lead_cont,lead_cont|v7|s6,lead_cont|v8|s6,1,1,0,1.0,0.259325,1.0
lead_cont_r11,lead_cont_r6,lead,lead,lead_cont,lead_cont,lead_cont|v7|s6,lead_cont|v8|s7,1,1,0,1.0,0.324825,1.0
lead_cont_r11,lead_cont_r7,lead,lead,lead_cont,lead_cont,lead_cont|v7|s6,lead_cont|v8|s7,1,1,0,1.0,0.306262,1.0
lead_cont_r11,lead_cont_r8,lead,lead,lead_cont,lead_cont,lead_cont|v7|s6,lead_cont|v9|s7,1,1,0,2.0,0.153562,1.0
lead_cont_r11,lead_cont_r9,lead,lead,lead_cont,lead_cont,lead_cont|v7|s6,lead_cont|v9|s8,1,1,0,2.0,0.157512,1.0
lead_cont_r11,lead_nec_r1,lead,lead,lead_cont,lead_nec,lead_cont|v7|s6,lead_nec|v6|s5,1,0,0,1.0,0.77055,1.0
lead_cont_r11,lead_nec_r10,lead,lead,lead_cont,lead_nec,lead_cont|v7|s6,lead_nec|v9|s8,1,0,0,2.0,0.77055,1.0
lead_cont_r11,lead_nec_r11,lead,lead,lead_cont,lead_nec,lead_cont|v7|s6,lead_nec|v7|s6,1,0,0,0.0,0.77055,1.0
lead_cont_r11,lead_nec_r12,lead,lead,lead_cont,lead_nec,lead_cont|v7|s6,lead_nec|v8|s7,1,0,0,1.0,0.77055,1.0
lead_cont_r11,lead_nec_r2,lead,lead,lead_cont,lead_nec,lead_cont|v7|s6,lead_nec|v6|s5,1,0,0,1.0,0.77055,1.0
lead_cont_r11,lead_nec_r3,lead,lead,lead_cont,lead_nec,lead_cont|v7|s6,lead_nec|v7|s5,1,0,0,0.0,0.77055,1.0
lead_cont_r11,lead_nec_r4,lead,lead,lead_cont,lead_nec,lead_cont|v7|s6,lead_nec|v7|s6,1,0,0,0.0,0.77055,1.0
lead_cont_r11,lead_nec_r5,lead,lead,lead_cont,lead_nec,lead_cont|v7|s6,lead_nec|v8|s6,1,0,0,1.0,0.77055,1.0
lead_cont_r11,lead_nec_r6,lead,lead,lead_cont,lead_nec,lead_cont|v7|s6,lead_nec|v8|s7,1,0,0,1.0,0.77055,1.0
lead_cont_r11,lead_nec_r7,lead,lead,lead_cont,lead_nec,lead_cont|v7|s6,lead_nec|v8|s7,1,0,0,1.0,0.77055,1.0
lead_cont_r11,lead_nec_r8,lead,lead,lead_cont,lead_nec,lead_cont|v7|s6,lead_nec|v9|s7,1,0,0,2.0,0.77055,1.0
lead_cont_r11,lead_nec_r9,lead,lead,lead_cont,lead_nec,lead_cont|v7|s6,lead_nec|v9|s8,1,0,0,2.0,0.77055,1.0
lead_cont_r11,lead_opt_r1,lead,lead,lead_cont,lead_opt,lead_cont|v7|s6,lead_opt|v6|s6,1,0,0,1.0,0.77055,1.0
lead_cont_r11,lead_opt_r10,lead,lead,lead_cont,lead_opt,lead_cont|v7|s6,lead_opt|v8|s7,1,0,0,1.0,0.77055,1.0
lead_cont_r11,lead_opt_r11,lead,lead,lead_cont,lead_opt,lead_cont|v7|s6,lead_opt|v6|s6,1,0,0,1.0,0.77055,1.0
lead_cont_r11,lead_opt_r12,lead,lead,lead_cont,lead_opt,lead_cont|v7|s6,lead_opt|v7|s7,1,0,0,0.0,0.77055,1.0
lead_cont_r11,lead_opt_r2,lead,lead,lead_cont,lead_opt,lead_cont|v7|s6,lead_opt|v6|s6,1,0,0,1.0,0.77055,1.0
lead_cont_r11,lead_opt_r3,lead,lead,lead_cont,lead_opt,lead_cont|v7|s6,lead_opt|v7|s6,1,0,0,0.0,0.77055,1.0
lead_cont_r11,lead_opt_r4,lead,lead,lead_cont,lead_opt,lead_cont|v7|s6,lead_opt|v7|s6,1,0,0,0.0,0.77055,1.0
lead_cont_r11,lead_opt_r5,lead,lead,lead_cont,lead_opt,lead_cont|v7|s6,lead_opt|v8|s7,1,0,0,1.0,0.77055,1.0
lead_cont_r11,lead_opt_r6,lead,lead,lead_cont,lead_opt,lead_cont|v7|s6,lead_opt|v8|s7,1,0,0,1.0,0.77055,1.0
lead_cont_r11,lead_opt_r7,lead,lead,lead_cont,lead_opt,lead_cont|v7|s6,lead_opt|v9|s7,1,0,0,2.0,0.77055,1.0
lead_cont_r11,lead_opt_r8,lead,lead,lead_cont,lead_opt,lead_cont|v7|s6,lead_opt|v9|s7,1,0,0,2.0,0.77055,1.0
lead_cont_r11,lead_opt_r9,lead,lead,lead_cont,lead_opt,lead_cont|v7|s6,lead_opt|v7|s6,1,0,0,0.0,0.77055,1.0
lead_cont_r11,temp_opt_r1,lead,block_or_occupancy,lead_cont,temp_opt,lead_cont|v7|s6,temp_opt|v6|o6,0,0,0,1.0,0.77055,1.0
lead_cont_r11,temp_opt_r10,lead,block_or_occupancy,lead_cont,temp_opt,lead_cont|v7|s6,temp_opt|v6|o7,0,0,0,1.0,0.77055,1.0
lead_cont_r11,temp_opt_r11,lead,block_or_occupancy,lead_cont,temp_opt,lead_cont|v7|s6,temp_opt|v7|o8,0,0,0,0.0,0.77055,1.0
lead_cont_r11,temp_opt_r12,lead,block_or_occupancy,lead_cont,temp_opt,lead_cont|v7|s6,temp_opt|v8|o7,0,0,0,1.0,0.767287,1.0
lead_cont_r11,temp_opt_r2,lead,block_or_occupancy,lead_cont,temp_opt,lead_cont|v7|s6,temp_opt|v6|o7,0,0,0,1.0,0.77055,1.0
lead_cont_r11,temp_opt_r3,lead,block_or_occupancy,lead_cont,temp_opt,lead_cont|v7|s6,temp_opt|v6|o8,0,0,0,1.0,0.77055,1.0
lead_cont_r11,temp_opt_r4,lead,block_or_occupancy,lead_cont,temp_opt,lead_cont|v7|s6,temp_opt|v7|o6,0,0,0,0.0,0.77055,1.0
lead_cont_r11,temp_opt_r5,lead,block_or_occupancy,lead_cont,temp_opt,lead_cont|v7|s6,temp_opt|v7|o7,0,0,0,0.0,0.77055,1.0
lead_cont_r11,temp_opt_r6,lead,block_or_occupancy,lead_cont,temp_opt,lead_cont|v7|s6,temp_opt|v7|o8,0,0,0,0.0,0.77055,1.0
lead_cont_r11,temp_opt_r7,lead,block_or_occupancy,lead_cont,temp_opt,lead_cont|v7|s6,temp_opt|v8|o6,0,0,0,1.0,0.745225,1.0
lead_cont_r11,temp_opt_r8,lead,block_or_occupancy,lead_cont,temp_opt,lead_cont|v7|s6,temp_opt|v8|o7,0,0,0,1.0,0.77055,1.0
lead_cont_r11,temp_opt_r9,lead,block_or_occupancy,lead_cont,temp_opt,lead_cont|v7|s6,temp_opt|v8|o8,0,0,0,1.0,0.77055,1.0
lead_cont_r12,lead_cont_r2,lead,lead,lead_cont,lead_cont,lead_cont|v8|s7,lead_cont|v6|s5,1,1,0,2.0,0.009337,0.033
lead_cont_r12,lead_cont_r3,lead,lead,lead_cont,lead_cont,lead_cont|v8|s7,lead_cont|v7|s5,1,1,0,1.0,0.3015,1.0
lead_cont_r12,lead_cont_r4,lead,lead,lead_cont,lead_cont,lead_cont|v8|s7,lead_cont|v7|s6,1,1,0,1.0,0.256713,1.0
lead_cont_r12,lead_cont_r5,lead,lead,lead_cont,lead_cont,lead_cont|v8|s7,lead_cont|v8|s6,1,1,0,0.0,0.046938,0.1064
lead_cont_r12,lead_cont_r6,lead,lead,lead_cont,lead_cont,lead_cont|v8|s7,lead_cont|v8|s7,1,1,1,0.0,0.018562,0.0426
lead_cont_r12,lead_cont_r7,lead,lead,lead_cont,lead_cont,lead_cont|v8|s7,lead_cont|v8|s7,1,1,1,0.0,0.0,0.0
lead_cont_r12,lead_cont_r8,lead,lead,lead_cont,lead_cont,lead_cont|v8|s7,lead_cont|v9|s7,1,1,0,1.0,0.152975,1.0
lead_cont_r12,lead_cont_r9,lead,lead,lead_cont,lead_cont,lead_cont|v8|s7,lead_cont|v9|s8,1,1,0,1.0,0.149025,1.0
lead_cont_r12,lead_nec_r1,lead,lead,lead_cont,lead_nec,lead_cont|v8|s7,lead_nec|v6|s5,1,0,0,2.0,0.73955,1.0
lead_cont_r12,lead_nec_r10,lead,lead,lead_cont,lead_nec,lead_cont|v8|s7,lead_nec|v9|s8,1,0,0,1.0,0.73955,1.0
lead_cont_r12,lead_nec_r11,lead,lead,lead_cont,lead_nec,lead_cont|v8|s7,lead_nec|v7|s6,1,0,0,1.0,0.73955,1.0
lead_cont_r12,lead_nec_r12,lead,lead,lead_cont,lead_nec,lead_cont|v8|s7,lead_nec|v8|s7,1,0,0,0.0,0.73955,1.0
lead_cont_r12,lead_nec_r2,lead,lead,lead_cont,lead_nec,lead_cont|v8|s7,lead_nec|v6|s5,1,0,0,2.0,0.73955,1.0
lead_cont_r12,lead_nec_r3,lead,lead,lead_cont,lead_nec,lead_cont|v8|s7,lead_nec|v7|s5,1,0,0,1.0,0.73955,1.0
lead_cont_r12,lead_nec_r4,lead,lead,lead_cont,lead_nec,lead_cont|v8|s7,lead_nec|v7|s6,1,0,0,1.0,0.73955,1.0
lead_cont_r12,lead_nec_r5,lead,lead,lead_cont,lead_nec,lead_cont|v8|s7,lead_nec|v8|s6,1,0,0,0.0,0.73955,1.0
lead_cont_r12,lead_nec_r6,lead,lead,lead_cont,lead_nec,lead_cont|v8|s7,lead_nec|v8|s7,1,0,0,0.0,0.73955,1.0
lead_cont_r12,lead_nec_r7,lead,lead,lead_cont,lead_nec,lead_cont|v8|s7,lead_nec|v8|s7,1,0,0,0.0,0.73955,1.0
lead_cont_r12,lead_nec_r8,lead,lead,lead_cont,lead_nec,lead_cont|v8|s7,lead_nec|v9|s7,1,0,0,1.0,0.73955,1.0
lead_cont_r12,lead_nec_r9,lead,lead,lead_cont,lead_nec,lead_cont|v8|s7,lead_nec|v9|s8,1,0,0,1.0,0.73955,1.0
lead_cont_r12,lead_opt_r1,lead,lead,lead_cont,lead_opt,lead_cont|v8|s7,lead_opt|v6|s6,1,0,0,2.0,0.73955,1.0
lead_cont_r12,lead_opt_r10,lead,lead,lead_cont,lead_opt,lead_cont|v8|s7,lead_opt|v8|s7,1,0,0,0.0,0.73955,1.0
lead_cont_r12,lead_opt_r11,lead,lead,lead_cont,lead_opt,lead_cont|v8|s7,lead_opt|v6|s6,1,0,0,2.0,0.73955,1.0
lead_cont_r12,lead_opt_r12,lead,lead,lead_cont,lead_opt,lead_cont|v8|s7,lead_opt|v7|s7,1,0,0,1.0,0.73955,1.0
lead_cont_r12,lead_opt_r2,lead,lead,lead_cont,lead_opt,lead_cont|v8|s7,lead_opt|v6|s6,1,0,0,2.0,0.73955,1.0
lead_cont_r12,lead_opt_r3,lead,lead,lead_cont,lead_opt,lead_cont|v8|s7,lead_opt|v7|s6,1,0,0,1.0,0.73955,1.0
lead_cont_r12,lead_opt_r4,lead,lead,lead_cont,lead_opt,lead_cont|v8|s7,lead_opt|v7|s6,1,0,0,1.0,0.73955,1.0
lead_cont_r12,lead_opt_r5,lead,lead,lead_cont,lead_opt,lead_cont|v8|s7,lead_opt|v8|s7,1,0,0,0.0,0.73955,1.0
lead_cont_r12,lead_opt_r6,lead,lead,lead_cont,lead_opt,lead_cont|v8|s7,lead_opt|v8|s7,1,0,0,0.0,0.73955,1.0
lead_cont_r12,lead_opt_r7,lead,lead,lead_cont,lead_opt,lead_cont|v8|s7,lead_opt|v9|s7,1,0,0,1.0,0.73955,1.0
lead_cont_r12,lead_opt_r8,lead,lead,lead_cont,lead_opt,lead_cont|v8|s7,lead_opt|v9|s7,1,0,0,1.0,0.73955,1.0
lead_cont_r12,lead_opt_r9,lead,lead,lead_cont,lead_opt,lead_cont|v8|s7,lead_opt|v7|s6,1,0,0,1.0,0.73955,1.0
lead_cont_r12,temp_opt_r1,lead,block_or_occupancy,lead_cont,temp_opt,lead_cont|v8|s7,temp_opt|v6|o6,0,0,0,2.0,0.73955,1.0
lead_cont_r12,temp_opt_r10,lead,block_or_occupancy,lead_cont,temp_opt,lead_cont|v8|s7,temp_opt|v6|o7,0,0,0,2.0,0.73955,1.0
lead_cont_r12,temp_opt_r11,lead,block_or_occupancy,lead_cont,temp_opt,lead_cont|v8|s7,temp_opt|v7|o8,0,0,0,1.0,0.73955,1.0
lead_cont_r12,temp_opt_r12,lead,block_or_occupancy,lead_cont,temp_opt,lead_cont|v8|s7,temp_opt|v8|o7,0,0,0,0.0,0.736287,1.0
lead_cont_r12,temp_opt_r2,lead,block_or_occupancy,lead_cont,temp_opt,lead_cont|v8|s7,temp_opt|v6|o7,0,0,0,2.0,0.73955,1.0
lead_cont_r12,temp_opt_r3,lead,block_or_occupancy,lead_cont,temp_opt,lead_cont|v8|s7,temp_opt|v6|o8,0,0,0,2.0,0.73955,1.0
lead_cont_r12,temp_opt_r4,lead,block_or_occupancy,lead_cont,temp_opt,lead_cont|v8|s7,temp_opt|v7|o6,0,0,0,1.0,0.73955,1.0
lead_cont_r12,temp_opt_r5,lead,block_or_occupancy,lead_cont,temp_opt,lead_cont|v8|s7,temp_opt|v7|o7,0,0,0,1.0,0.73955,1.0
lead_cont_r12,temp_opt_r6,lead,block_or_occupancy,lead_cont,temp_opt,lead_cont|v8|s7,temp_opt|v7|o8,0,0,0,1.0,0.73955,1.0
lead_cont_r12,temp_opt_r7,lead,block_or_occupancy,lead_cont,temp_opt,lead_cont|v8|s7,temp_opt|v8|o6,0,0,0,0.0,0.714225,1.0
lead_cont_r12,temp_opt_r8,lead,block_or_occupancy,lead_cont,temp_opt,lead_cont|v8|s7,temp_opt|v8|o7,0,0,0,0.0,0.73955,1.0
lead_cont_r12,temp_opt_r9,lead,block_or_occupancy,lead_cont,temp_opt,lead_cont|v8|s7,temp_opt|v8|o8,0,0,0,0.0,0.73955,1.0
lead_cont_r2,lead_cont_r3,lead,lead,lead_cont,lead_cont,lead_cont|v6|s5,lead_cont|v7|s5,1,1,0,1.0,0.301337,1.0
lead_cont_r2,lead_cont_r4,lead,lead,lead_cont,lead_cont,lead_cont|v6|s5,lead_cont|v7|s6,1,1,0,1.0,0.256725,1.0
lead_cont_r2,lead_cont_r5,lead,lead,lead_cont,lead_cont,lead_cont|v6|s5,lead_cont|v8|s6,1,1,0,2.0,0.046775,0.1394
lead_cont_r2,lead_cont_r6,lead,lead,lead_cont,lead_cont,lead_cont|v6|s5,lead_cont|v8|s7,1,1,0,2.0,0.018725,0.0569
lead_cont_r2,lead_cont_r7,lead,lead,lead_cont,lead_cont,lead_cont|v6|s5,lead_cont|v8|s7,1,1,0,2.0,0.009337,0.033
lead_cont_r2,lead_cont_r8,lead,lead,lead_cont,lead_cont,lead_cont|v6|s5,lead_cont|v9|s7,1,1,0,3.0,0.152812,1.0
lead_cont_r2,lead_cont_r9,lead,lead,lead_cont,lead_cont,lead_cont|v6|s5,lead_cont|v9|s8,1,1,0,3.0,0.148863,1.0
lead_cont_r2,lead_nec_r1,lead,lead,lead_cont,lead_nec,lead_cont|v6|s5,lead_nec|v6|s5,1,0,0,0.0,0.739712,1.0
lead_cont_r2,lead_nec_r10,lead,lead,lead_cont,lead_nec,lead_cont|v6|s5,lead_nec|v9|s8,1,0,0,3.0,0.739712,1.0
lead_cont_r2,lead_nec_r11,lead,lead,lead_cont,lead_nec,lead_cont|v6|s5,lead_nec|v7|s6,1,0,0,1.0,0.739712,1.0
lead_cont_r2,lead_nec_r12,lead,lead,lead_cont,lead_nec,lead_cont|v6|s5,lead_nec|v8|s7,1,0,0,2.0,0.739712,1.0
lead_cont_r2,lead_nec_r2,lead,lead,lead_cont,lead_nec,lead_cont|v6|s5,lead_nec|v6|s5,1,0,0,0.0,0.739712,1.0
lead_cont_r2,lead_nec_r3,lead,lead,lead_cont,lead_nec,lead_cont|v6|s5,lead_nec|v7|s5,1,0,0,1.0,0.739712,1.0
lead_cont_r2,lead_nec_r4,lead,lead,lead_cont,lead_nec,lead_cont|v6|s5,lead_nec|v7|s6,1,0,0,1.0,0.739712,1.0
lead_cont_r2,lead_nec_r5,lead,lead,lead_cont,lead_nec,lead_cont|v6|s5,lead_nec|v8|s6,1,0,0,2.0,0.739712,1.0
lead_cont_r2,lead_nec_r6,lead,lead,lead_cont,lead_nec,lead_cont|v6|s5,lead_nec|v8|s7,1,0,0,2.0,0.739712,1.0
lead_cont_r2,lead_nec_r7,lead,lead,lead_cont,lead_nec,lead_cont|v6|s5,lead_nec|v8|s7,1,0,0,2.0,0.739712,1.0
lead_cont_r2,lead_nec_r8,lead,lead,lead_cont,lead_nec,lead_cont|v6|s5,lead_nec|v9|s7,1,0,0,3.0,0.739712,1.0
lead_cont_r2,lead_nec_r9,lead,lead,lead_cont,lead_nec,lead_cont|v6|s5,lead_nec|v9|s8,1,0,0,3.0,0.739712,1.0
lead_cont_r2,lead_opt_r1,lead,lead,lead_cont,lead_opt,lead_cont|v6|s5,lead_opt|v6|s6,1,0,0,0.0,0.739712,1.0
lead_cont_r2,lead_opt_r10,lead,lead,lead_cont,lead_opt,lead_cont|v6|s5,lead_opt|v8|s7,1,0,0,2.0,0.739712,1.0
lead_cont_r2,lead_opt_r11,lead,lead,lead_cont,lead_opt,lead_cont|v6|s5,lead_opt|v6|s6,1,0,0,0.0,0.739712,1.0
lead_cont_r2,lead_opt_r12,lead,lead,lead_cont,lead_opt,lead_cont|v6|s5,lead_opt|v7|s7,1,0,0,1.0,0.739712,1.0
lead_cont_r2,lead_opt_r2,lead,lead,lead_cont,lead_opt,lead_cont|v6|s5,lead_opt|v6|s6,1,0,0,0.0,0.739712,1.0
lead_cont_r2,lead_opt_r3,lead,lead,lead_cont,lead_opt,lead_cont|v6|s5,lead_opt|v7|s6,1,0,0,1.0,0.739712,1.0
lead_cont_r2,lead_opt_r4,lead,lead,lead_cont,lead_opt,lead_cont|v6|s5,lead_opt|v7|s6,1,0,0,1.0,0.739712,1.0
lead_cont_r2,lead_opt_r5,lead,lead,lead_cont,lead_opt,lead_cont|v6|s5,lead_opt|v8|s7,1,0,0,2.0,0.739712,1.0
lead_cont_r2,lead_opt_r6,lead,lead,lead_cont,lead_opt,lead_cont|v6|s5,lead_opt|v8|s7,1,0,0,2.0,0.739712,1.0
lead_cont_r2,lead_opt_r7,lead,lead,lead_cont,lead_opt,lead_cont|v6|s5,lead_opt|v9|s7,1,0,0,3.0,0.739712,1.0
lead_cont_r2,lead_opt_r8,lead,lead,lead_cont,lead_opt,lead_cont|v6|s5,lead_opt|v9|s7,1,0,0,3.0,0.739712,1.0
lead_cont_r2,lead_opt_r9,lead,lead,lead_cont,lead_opt,lead_cont|v6|s5,lead_opt|v7|s6,1,0,0,1.0,0.739712,1.0
lead_cont_r2,temp_opt_r1,lead,block_or_occupancy,lead_cont,temp_opt,lead_cont|v6|s5,temp_opt|v6|o6,0,0,0,0.0,0.739712,1.0
lead_cont_r2,temp_opt_r10,lead,block_or_occupancy,lead_cont,temp_opt,lead_cont|v6|s5,temp_opt|v6|o7,0,0,0,0.0,0.739712,1.0
lead_cont_r2,temp_opt_r11,lead,block_or_occupancy,lead_cont,temp_opt,lead_cont|v6|s5,temp_opt|v7|o8,0,0,0,1.0,0.739712,1.0
lead_cont_r2,temp_opt_r12,lead,block_or_occupancy,lead_cont,temp_opt,lead_cont|v6|s5,temp_opt|v8|o7,0,0,0,2.0,0.73645,1.0
lead_cont_r2,temp_opt_r2,lead,block_or_occupancy,lead_cont,temp_opt,lead_cont|v6|s5,temp_opt|v6|o7,0,0,0,0.0,0.739712,1.0
lead_cont_r2,temp_opt_r3,lead,block_or_occupancy,lead_cont,temp_opt,lead_cont|v6|s5,temp_opt|v6|o8,0,0,0,0.0,0.739712,1.0
lead_cont_r2,temp_opt_r4,lead,block_or_occupancy,lead_cont,temp_opt,lead_cont|v6|s5,temp_opt|v7|o6,0,0,0,1.0,0.739712,1.0
lead_cont_r2,temp_opt_r5,lead,block_or_occupancy,lead_cont,temp_opt,lead_cont|v6|s5,temp_opt|v7|o7,0,0,0,1.0,0.739712,1.0
lead_cont_r2,temp_opt_r6,lead,block_or_occupancy,lead_cont,temp_opt,lead_cont|v6|s5,temp_opt|v7|o8,0,0,0,1.0,0.739712,1.0
lead_cont_r2,temp_opt_r7,lead,block_or_occupancy,lead_cont,temp_opt,lead_cont|v6|s5,temp_opt|v8|o6,0,0,0,2.0,0.714387,1.0
lead_cont_r2,temp_opt_r8,lead,block_or_occupancy,lead_cont,temp_opt,lead_cont|v6|s5,temp_opt|v8|o7,0,0,0,2.0,0.739712,1.0
lead_cont_r2,temp_opt_r9,lead,block_or_occupancy,lead_cont,temp_opt,lead_cont|v6|s5,temp_opt|v8|o8,0,0,0,2.0,0.739712,1.0
lead_cont_r3,lead_cont_r4,lead,lead,lead_cont,lead_cont,lead_cont|v7|s5,lead_cont|v7|s6,1,1,0,0.0,0.044787,0.1048
lead_cont_r3,lead_cont_r5,lead,lead,lead_cont,lead_cont,lead_cont|v7|s5,lead_cont|v8|s6,1,1,0,1.0,0.254788,1.0
lead_cont_r3,lead_cont_r6,lead,lead,lead_cont,lead_cont,lead_cont|v7|s5,lead_cont|v8|s7,1,1,0,1.0,0.320063,1.0
lead_cont_r3,lead_cont_r7,lead,lead,lead_cont,lead_cont,lead_cont|v7|s5,lead_cont|v8|s7,1,1,0,1.0,0.3015,1.0
lead_cont_r3,lead_cont_r8,lead,lead,lead_cont,lead_cont,lead_cont|v7|s5,lead_cont|v9|s7,1,1,0,2.0,0.1488,1.0
lead_cont_r3,lead_cont_r9,lead,lead,lead_cont,lead_cont,lead_cont|v7|s5,lead_cont|v9|s8,1,1,0,2.0,0.15275,1.0
lead_cont_r3,lead_nec_r1,lead,lead,lead_cont,lead_nec,lead_cont|v7|s5,lead_nec|v6|s5,1,0,0,1.0,0.765788,1.0
lead_cont_r3,lead_nec_r10,lead,lead,lead_cont,lead_nec,lead_cont|v7|s5,lead_nec|v9|s8,1,0,0,2.0,0.765788,1.0
lead_cont_r3,lead_nec_r11,lead,lead,lead_cont,lead_nec,lead_cont|v7|s5,lead_nec|v7|s6,1,0,0,0.0,0.765788,1.0
lead_cont_r3,lead_nec_r12,lead,lead,lead_cont,lead_nec,lead_cont|v7|s5,lead_nec|v8|s7,1,0,0,1.0,0.765788,1.0
lead_cont_r3,lead_nec_r2,lead,lead,lead_cont,lead_nec,lead_cont|v7|s5,lead_nec|v6|s5,1,0,0,1.0,0.765788,1.0
lead_cont_r3,lead_nec_r3,lead,lead,lead_cont,lead_nec,lead_cont|v7|s5,lead_nec|v7|s5,1,0,0,0.0,0.765788,1.0
lead_cont_r3,lead_nec_r4,lead,lead,lead_cont,lead_nec,lead_cont|v7|s5,lead_nec|v7|s6,1,0,0,0.0,0.765788,1.0
lead_cont_r3,lead_nec_r5,lead,lead,lead_cont,lead_nec,lead_cont|v7|s5,lead_nec|v8|s6,1,0,0,1.0,0.765788,1.0
lead_cont_r3,lead_nec_r6,lead,lead,lead_cont,lead_nec,lead_cont|v7|s5,lead_nec|v8|s7,1,0,0,1.0,0.765788,1.0
lead_cont_r3,lead_nec_r7,lead,lead,lead_cont,lead_nec,lead_cont|v7|s5,lead_nec|v8|s7,1,0,0,1.0,0.765788,1.0
lead_cont_r3,lead_nec_r8,lead,lead,lead_cont,lead_nec,lead_cont|v7|s5,lead_nec|v9|s7,1,0,0,2.0,0.765788,1.0
lead_cont_r3,lead_nec_r9,lead,lead,lead_cont,lead_nec,lead_cont|v7|s5,lead_nec|v9|s8,1,0,0,2.0,0.765788,1.0
lead_cont_r3,lead_opt_r1,lead,lead,lead_cont,lead_opt,lead_cont|v7|s5,lead_opt|v6|s6,1,0,0,1.0,0.765788,1.0
lead_cont_r3,lead_opt_r10,lead,lead,lead_cont,lead_opt,lead_cont|v7|s5,lead_opt|v8|s7,1,0,0,1.0,0.765788,1.0
lead_cont_r3,lead_opt_r11,lead,lead,lead_cont,lead_opt,lead_cont|v7|s5,lead_opt|v6|s6,1,0,0,1.0,0.765788,1.0
lead_cont_r3,lead_opt_r12,lead,lead,lead_cont,lead_opt,lead_cont|v7|s5,lead_opt|v7|s7,1,0,0,0.0,0.765788,1.0
lead_cont_r3,lead_opt_r2,lead,lead,lead_cont,lead_opt,lead_cont|v7|s5,lead_opt|v6|s6,1,0,0,1.0,0.765788,1.0
lead_cont_r3,lead_opt_r3,lead,lead,lead_cont,lead_opt,lead_cont|v7|s5,lead_opt|v7|s6,1,0,0,0.0,0.765788,1.0
lead_cont_r3,lead_opt_r4,lead,lead,lead_cont,lead_opt,lead_cont|v7|s5,lead_opt|v7|s6,1,0,0,0.0,0.765788,1.0
lead_cont_r3,lead_opt_r5,lead,lead,lead_cont,lead_opt,lead_cont|v7|s5,lead_opt|v8|s7,1,0,0,1.0,0.765788,1.0
lead_cont_r3,lead_opt_r6,lead,lead,lead_cont,lead_opt,lead_cont|v7|s5,lead_opt|v8|s7,1,0,0,1.0,0.765788,1.0
lead_cont_r3,lead_opt_r7,lead,lead,lead_cont,lead_opt,lead_cont|v7|s5,lead_opt|v9|s7,1,0,0,2.0,0.765788,1.0
lead_cont_r3,lead_opt_r8,lead,lead,lead_cont,lead_opt,lead_cont|v7|s5,lead_opt|v9|s7,1,0,0,2.0,0.765788,1.0
lead_cont_r3,lead_opt_r9,lead,lead,lead_cont,lead_opt,lead_cont|v7|s5,lead_opt|v7|s6,1,0,0,0.0,0.765788,1.0
lead_cont_r3,temp_opt_r1,lead,block_or_occupancy,lead_cont,temp_opt,lead_cont|v7|s5,temp_opt|v6|o6,0,0,0,1.0,0.765788,1.0
lead_cont_r3,temp_opt_r10,lead,block_or_occupancy,lead_cont,temp_opt,lead_cont|v7|s5,temp_opt|v6|o7,0,0,0,1.0,0.765788,1.0
lead_cont_r3,temp_opt_r11,lead,block_or_occupancy,lead_cont,temp_opt,lead_cont|v7|s5,temp_opt|v7|o8,0,0,0,0.0,0.765788,1.0
lead_cont_r3,temp_opt_r12,lead,block_or_occupancy,lead_cont,temp_opt,lead_cont|v7|s5,temp_opt|v8|o7,0,0,0,1.0,0.762525,1.0
lead_cont_r3,temp_opt_r2,lead,block_or_occupancy,lead_cont,temp_opt,lead_cont|v7|s5,temp_opt|v6|o7,0,0,0,1.0,0.765788,1.0
lead_cont_r3,temp_opt_r3,lead,block_or_occupancy,lead_cont,temp_opt,lead_cont|v7|s5,temp_opt|v6|o8,0,0,0,1.0,0.765788,1.0
lead_cont_r3,temp_opt_r4,lead,block_or_occupancy,lead_cont,temp_opt,lead_cont|v7|s5,temp_opt|v7|o6,0,0,0,0.0,0.765788,1.0
lead_cont_r3,temp_opt_r5,lead,block_or_occupancy,lead_cont,temp_opt,lead_cont|v7|s5,temp_opt|v7|o7,0,0,0,0.0,0.765788,1.0
lead_cont_r3,temp_opt_r6,lead,block_or_occupancy,lead_cont,temp_opt,lead_cont|v7|s5,temp_opt|v7|o8,0,0,0,0.0,0.765788,1.0
lead_cont_r3,temp_opt_r7,lead,block_or_occupancy,lead_cont,temp_opt,lead_cont|v7|s5,temp_opt|v8|o6,0,0,0,1.0,0.740463,1.0
lead_cont_r3,temp_opt_r8,lead,block_or_occupancy,lead_cont,temp_opt,lead_cont|v7|s5,temp_opt|v8|o7,0,0,0,1.0,0.765788,1.0
lead_cont_r3,temp_opt_r9,lead,block_or_occupancy,lead_cont,temp_opt,lead_cont|v7|s5,temp_opt|v8|o8,0,0,0,1.0,0.765788,1.0
lead_cont_r4,lead_cont_r5,lead,lead,lead_cont,lead_cont,lead_cont|v7|s6,lead_cont|v8|s6,1,1,0,1.0,0.290225,1.0
lead_cont_r4,lead_cont_r6,lead,lead,lead_cont,lead_cont,lead_cont|v7|s6,lead_cont|v8|s7,1,1,0,1.0,0.275275,1.0
lead_cont_r4,lead_cont_r7,lead,lead,lead_cont,lead_cont,lead_cont|v7|s6,lead_cont|v8|s7,1,1,0,1.0,0.256713,1.0
lead_cont_r4,lead_cont_r8,lead,lead,lead_cont,lead_cont,lead_cont|v7|s6,lead_cont|v9|s7,1,1,0,2.0,0.146537,1.0
lead_cont_r4,lead_cont_r9,lead,lead,lead_cont,lead_cont,lead_cont|v7|s6,lead_cont|v9|s8,1,1,0,2.0,0.142588,1.0
lead_cont_r4,lead_nec_r1,lead,lead,lead_cont,lead_nec,lead_cont|v7|s6,lead_nec|v6|s5,1,0,0,1.0,0.721,1.0
lead_cont_r4,lead_nec_r10,lead,lead,lead_cont,lead_nec,lead_cont|v7|s6,lead_nec|v9|s8,1,0,0,2.0,0.721,1.0
lead_cont_r4,lead_nec_r11,lead,lead,lead_cont,lead_nec,lead_cont|v7|s6,lead_nec|v7|s6,1,0,0,0.0,0.721,1.0
lead_cont_r4,lead_nec_r12,lead,lead,lead_cont,lead_nec,lead_cont|v7|s6,lead_nec|v8|s7,1,0,0,1.0,0.721,1.0
lead_cont_r4,lead_nec_r2,lead,lead,lead_cont,lead_nec,lead_cont|v7|s6,lead_nec|v6|s5,1,0,0,1.0,0.721,1.0
lead_cont_r4,lead_nec_r3,lead,lead,lead_cont,lead_nec,lead_cont|v7|s6,lead_nec|v7|s5,1,0,0,0.0,0.721,1.0
lead_cont_r4,lead_nec_r4,lead,lead,lead_cont,lead_nec,lead_cont|v7|s6,lead_nec|v7|s6,1,0,0,0.0,0.721,1.0
lead_cont_r4,lead_nec_r5,lead,lead,lead_cont,lead_nec,lead_cont|v7|s6,lead_nec|v8|s6,1,0,0,1.0,0.721,1.0
lead_cont_r4,lead_nec_r6,lead,lead,lead_cont,lead_nec,lead_cont|v7|s6,lead_nec|v8|s7,1,0,0,1.0,0.721,1.0
lead_cont_r4,lead_nec_r7,lead,lead,lead_cont,lead_nec,lead_cont|v7|s6,lead_nec|v8|s7,1,0,0,1.0,0.721,1.0
lead_cont_r4,lead_nec_r8,lead,lead,lead_cont,lead_nec,lead_cont|v7|s6,lead_nec|v9|s7,1,0,0,2.0,0.721,1.0
lead_cont_r4,lead_nec_r9,lead,lead,lead_cont,lead_nec,lead_cont|v7|s6,lead_nec|v9|s8,1,0,0,2.0,0.721,1.0
lead_cont_r4,lead_opt_r1,lead,lead,lead_cont,lead_opt,lead_cont|v7|s6,lead_opt|v6|s6,1,0,0,1.0,0.721,1.0
lead_cont_r4,lead_opt_r10,lead,lead,lead_cont,lead_opt,lead_cont|v7|s6,lead_opt|v8|s7,1,0,0,1.0,0.721,1.0
lead_cont_r4,lead_opt_r11,lead,lead,lead_cont,lead_opt,lead_cont|v7|s6,lead_opt|v6|s6,1,0,0,1.0,0.721,1.0
lead_cont_r4,lead_opt_r12,lead,lead,lead_cont,lead_opt,lead_cont|v7|s6,lead_opt|v7|s7,1,0,0,0.0,0.721,1.0
lead_cont_r4,lead_opt_r2,lead,lead,lead_cont,lead_opt,lead_cont|v7|s6,lead_opt|v6|s6,1,0,0,1.0,0.721,1.0
lead_cont_r4,lead_opt_r3,lead,lead,lead_cont,lead_opt,lead_cont|v7|s6,lead_opt|v7|s6,1,0,0,0.0,0.721,1.0
lead_cont_r4,lead_opt_r4,lead,lead,lead_cont,lead_opt,lead_cont|v7|s6,lead_opt|v7|s6,1,0,0,0.0,0.721,1.0
lead_cont_r4,lead_opt_r5,lead,lead,lead_cont,lead_opt,lead_cont|v7|s6,lead_opt|v8|s7,1,0,0,1.0,0.721,1.0
lead_cont_r4,lead_opt_r6,lead,lead,lead_cont,lead_opt,lead_cont|v7|s6,lead_opt|v8|s7,1,0,0,1.0,0.721,1.0
lead_cont_r4,lead_opt_r7,lead,lead,lead_cont,lead_opt,lead_cont|v7|s6,lead_opt|v9|s7,1,0,0,2.0,0.721,1.0
lead_cont_r4,lead_opt_r8,lead,lead,lead_cont,lead_opt,lead_cont|v7|s6,lead_opt|v9|s7,1,0,0,2.0,0.721,1.0
lead_cont_r4,lead_opt_r9,lead,lead,lead_cont,lead_opt,lead_cont|v7|s6,lead_opt|v7|s6,1,0,0,0.0,0.721,1.0
lead_cont_r4,temp_opt_r1,lead,block_or_occupancy,lead_cont,temp_opt,lead_cont|v7|s6,temp_opt|v6|o6,0,0,0,1.0,0.721,1.0
lead_cont_r4,temp_opt_r10,lead,block_or_occupancy,lead_cont,temp_opt,lead_cont|v7|s6,temp_opt|v6|o7,0,0,0,1.0,0.721,1.0
lead_cont_r4,temp_opt_r11,lead,block_or_occupancy,lead_cont,temp_opt,lead_cont|v7|s6,temp_opt|v7|o8,0,0,0,0.0,0.721,1.0
lead_cont_r4,temp_opt_r12,lead,block_or_occupancy,lead_cont,temp_opt,lead_cont|v7|s6,temp_opt|v8|o7,0,0,0,1.0,0.717738,1.0
lead_cont_r4,temp_opt_r2,lead,block_or_occupancy,lead_cont,temp_opt,lead_cont|v7|s6,temp_opt|v6|o7,0,0,0,1.0,0.721,1.0
lead_cont_r4,temp_opt_r3,lead,block_or_occupancy,lead_cont,temp_opt,lead_cont|v7|s6,temp_opt|v6|o8,0,0,0,1.0,0.721,1.0
lead_cont_r4,temp_opt_r4,lead,block_or_occupancy,lead_cont,temp_opt,lead_cont|v7|s6,temp_opt|v7|o6,0,0,0,0.0,0.721,1.0
lead_cont_r4,temp_opt_r5,lead,block_or_occupancy,lead_cont,temp_opt,lead_cont|v7|s6,temp_opt|v7|o7,0,0,0,0.0,0.721,1.0
lead_cont_r4,temp_opt_r6,lead,block_or_occupancy,lead_cont,temp_opt,lead_cont|v7|s6,temp_opt|v7|o8,0,0,0,0.0,0.721,1.0
lead_cont_r4,temp_opt_r7,lead,block_or_occupancy,lead_cont,temp_opt,lead_cont|v7|s6,temp_opt|v8|o6,0,0,0,1.0,0.695675,1.0
lead_cont_r4,temp_opt_r8,lead,block_or_occupancy,lead_cont,temp_opt,lead_cont|v7|s6,temp_opt|v8|o7,0,0,0,1.0,0.721,1.0
lead_cont_r4,temp_opt_r9,lead,block_or_occupancy,lead_cont,temp_opt,lead_cont|v7|s6,temp_opt|v8|o8,0,0,0,1.0,0.721,1.0
lead_cont_r5,lead_cont_r6,lead,lead,lead_cont,lead_cont,lead_cont|v8|s6,lead_cont|v8|s7,1,1,0,0.0,0.0655,0.149
lead_cont_r5,lead_cont_r7,lead,lead,lead_cont,lead_cont,lead_cont|v8|s6,lead_cont|v8|s7,1,1,0,0.0,0.046938,0.1064
lead_cont_r5,lead_cont_r8,lead,lead,lead_cont,lead_cont,lead_cont|v8|s6,lead_cont|v9|s7,1,1,0,1.0,0.143962,1.0
lead_cont_r5,lead_cont_r9,lead,lead,lead_cont,lead_cont,lead_cont|v8|s6,lead_cont|v9|s8,1,1,0,1.0,0.147913,1.0
lead_cont_r5,lead_nec_r1,lead,lead,lead_cont,lead_nec,lead_cont|v8|s6,lead_nec|v6|s5,1,0,0,2.0,0.786488,1.0
lead_cont_r5,lead_nec_r10,lead,lead,lead_cont,lead_nec,lead_cont|v8|s6,lead_nec|v9|s8,1,0,0,1.0,0.786488,1.0
lead_cont_r5,lead_nec_r11,lead,lead,lead_cont,lead_nec,lead_cont|v8|s6,lead_nec|v7|s6,1,0,0,1.0,0.786488,1.0
lead_cont_r5,lead_nec_r12,lead,lead,lead_cont,lead_nec,lead_cont|v8|s6,lead_nec|v8|s7,1,0,0,0.0,0.786488,1.0
lead_cont_r5,lead_nec_r2,lead,lead,lead_cont,lead_nec,lead_cont|v8|s6,lead_nec|v6|s5,1,0,0,2.0,0.786488,1.0
lead_cont_r5,lead_nec_r3,lead,lead,lead_cont,lead_nec,lead_cont|v8|s6,lead_nec|v7|s5,1,0,0,1.0,0.786488,1.0
lead_cont_r5,lead_nec_r4,lead,lead,lead_cont,lead_nec,lead_cont|v8|s6,lead_nec|v7|s6,1,0,0,1.0,0.786488,1.0
lead_cont_r5,lead_nec_r5,lead,lead,lead_cont,lead_nec,lead_cont|v8|s6,lead_nec|v8|s6,1,0,0,0.0,0.786488,1.0
lead_cont_r5,lead_nec_r6,lead,lead,lead_cont,lead_nec,lead_cont|v8|s6,lead_nec|v8|s7,1,0,0,0.0,0.786488,1.0
lead_cont_r5,lead_nec_r7,lead,lead,lead_cont,lead_nec,lead_cont|v8|s6,lead_nec|v8|s7,1,0,0,0.0,0.786488,1.0
lead_cont_r5,lead_nec_r8,lead,lead,lead_cont,lead_nec,lead_cont|v8|s6,lead_nec|v9|s7,1,0,0,1.0,0.786488,1.0
lead_cont_r5,lead_nec_r9,lead,lead,lead_cont,lead_nec,lead_cont|v8|s6,lead_nec|v9|s8,1,0,0,1.0,0.786488,1.0
lead_cont_r5,lead_opt_r1,lead,lead,lead_cont,lead_opt,lead_cont|v8|s6,lead_opt|v6|s6,1,0,0,2.0,0.786488,1.0
lead_cont_r5,lead_opt_r10,lead,lead,lead_cont,lead_opt,lead_cont|v8|s6,lead_opt|v8|s7,1,0,0,0.0,0.786488,1.0
lead_cont_r5,lead_opt_r11,lead,lead,lead_cont,lead_opt,lead_cont|v8|s6,lead_opt|v6|s6,1,0,0,2.0,0.786488,1.0
lead_cont_r5,lead_opt_r12,lead,lead,lead_cont,lead_opt,lead_cont|v8|s6,lead_opt|v7|s7,1,0,0,1.0,0.786488,1.0
lead_cont_r5,lead_opt_r2,lead,lead,lead_cont,lead_opt,lead_cont|v8|s6,lead_opt|v6|s6,1,0,0,2.0,0.786488,1.0
lead_cont_r5,lead_opt_r3,lead,lead,lead_cont,lead_opt,lead_cont|v8|s6,lead_opt|v7|s6,1,0,0,1.0,0.786488,1.0
lead_cont_r5,lead_opt_r4,lead,lead,lead_cont,lead_opt,lead_cont|v8|s6,lead_opt|v7|s6,1,0,0,1.0,0.786488,1.0
lead_cont_r5,lead_opt_r5,lead,lead,lead_cont,lead_opt,lead_cont|v8|s6,lead_opt|v8|s7,1,0,0,0.0,0.786488,1.0
lead_cont_r5,lead_opt_r6,lead,lead,lead_cont,lead_opt,lead_cont|v8|s6,lead_opt|v8|s7,1,0,0,0.0,0.786488,1.0
lead_cont_r5,lead_opt_r7,lead,lead,lead_cont,lead_opt,lead_cont|v8|s6,lead_opt|v9|s7,1,0,0,1.0,0.786488,1.0
lead_cont_r5,lead_opt_r8,lead,lead,lead_cont,lead_opt,lead_cont|v8|s6,lead_opt|v9|s7,1,0,0,1.0,0.786488,1.0
lead_cont_r5,lead_opt_r9,lead,lead,lead_cont,lead_opt,lead_cont|v8|s6,lead_opt|v7|s6,1,0,0,1.0,0.786488,1.0
lead_cont_r5,temp_opt_r1,lead,block_or_occupancy,lead_cont,temp_opt,lead_cont|v8|s6,temp_opt|v6|o6,0,0,0,2.0,0.786488,1.0
lead_cont_r5,temp_opt_r10,lead,block_or_occupancy,lead_cont,temp_opt,lead_cont|v8|s6,temp_opt|v6|o7,0,0,0,2.0,0.786488,1.0
lead_cont_r5,temp_opt_r11,lead,block_or_occupancy,lead_cont,temp_opt,lead_cont|v8|s6,temp_opt|v7|o8,0,0,0,1.0,0.786488,1.0
lead_cont_r5,temp_opt_r12,lead,block_or_occupancy,lead_cont,temp_opt,lead_cont|v8|s6,temp_opt|v8|o7,0,0,0,0.0,0.783225,1.0
lead_cont_r5,temp_opt_r2,lead,block_or_occupancy,lead_cont,temp_opt,lead_cont|v8|s6,temp_opt|v6|o7,0,0,0,2.0,0.786488,1.0
lead_cont_r5,temp_opt_r3,lead,block_or_occupancy,lead_cont,temp_opt,lead_cont|v8|s6,temp_opt|v6|o8,0,0,0,2.0,0.786488,1.0
lead_cont_r5,temp_opt_r4,lead,block_or_occupancy,lead_cont,temp_opt,lead_cont|v8|s6,temp_opt|v7|o6,0,0,0,1.0,0.786488,1.0
lead_cont_r5,temp_opt_r5,lead,block_or_occupancy,lead_cont,temp_opt,lead_cont|v8|s6,temp_opt|v7|o7,0,0,0,1.0,0.786488,1.0
lead_cont_r5,temp_opt_r6,lead,block_or_occupancy,lead_cont,temp_opt,lead_cont|v8|s6,temp_opt|v7|o8,0,0,0,1.0,0.786488,1.0
lead_cont_r5,temp_opt_r7,lead,block_or_occupancy,lead_cont,temp_opt,lead_cont|v8|s6,temp_opt|v8|o6,0,0,0,0.0,0.761162,1.0
lead_cont_r5,temp_opt_r8,lead,block_or_occupancy,lead_cont,temp_opt,lead_cont|v8|s6,temp_opt|v8|o7,0,0,0,0.0,0.786488,1.0
lead_cont_r5,temp_opt_r9,lead,block_or_occupancy,lead_cont,temp_opt,lead_cont|v8|s6,temp_opt|v8|o8,0,0,0,0.0,0.786488,1.0
lead_cont_r6,lead_cont_r7,lead,lead,lead_cont,lead_cont,lead_cont|v8|s7,lead_cont|v8|s7,1,1,1,0.0,0.018562,0.0426
lead_cont_r6,lead_cont_r8,lead,lead,lead_cont,lead_cont,lead_cont|v8|s7,lead_cont|v9|s7,1,1,0,1.0,0.171538,1.0
lead_cont_r6,lead_cont_r9,lead,lead,lead_cont,lead_cont,lead_cont|v8|s7,lead_cont|v9|s8,1,1,0,1.0,0.167588,1.0
lead_cont_r6,lead_nec_r1,lead,lead,lead_cont,lead_nec,lead_cont|v8|s7,lead_nec|v6|s5,1,0,0,2.0,0.720988,1.0
lead_cont_r6,lead_nec_r10,lead,lead,lead_cont,lead_nec,lead_cont|v8|s7,lead_nec|v9|s8,1,0,0,1.0,0.720988,1.0
lead_cont_r6,lead_nec_r11,lead,lead,lead_cont,lead_nec,lead_cont|v8|s7,lead_nec|v7|s6,1,0,0,1.0,0.720988,1.0
lead_cont_r6,lead_nec_r12,lead,lead,lead_cont,lead_nec,lead_cont|v8|s7,lead_nec|v8|s7,1,0,0,0.0,0.720988,1.0
lead_cont_r6,lead_nec_r2,lead,lead,lead_cont,lead_nec,lead_cont|v8|s7,lead_nec|v6|s5,1,0,0,2.0,0.720988,1.0
lead_cont_r6,lead_nec_r3,lead,lead,lead_cont,lead_nec,lead_cont|v8|s7,lead_nec|v7|s5,1,0,0,1.0,0.720988,1.0
lead_cont_r6,lead_nec_r4,lead,lead,lead_cont,lead_nec,lead_cont|v8|s7,lead_nec|v7|s6,1,0,0,1.0,0.720988,1.0
lead_cont_r6,lead_nec_r5,lead,lead,lead_cont,lead_nec,lead_cont|v8|s7,lead_nec|v8|s6,1,0,0,0.0,0.720988,1.0
lead_cont_r6,lead_nec_r6,lead,lead,lead_cont,lead_nec,lead_cont|v8|s7,lead_nec|v8|s7,1,0,0,0.0,0.720988,1.0
lead_cont_r6,lead_nec_r7,lead,lead,lead_cont,lead_nec,lead_cont|v8|s7,lead_nec|v8|s7,1,0,0,0.0,0.720988,1.0
lead_cont_r6,lead_nec_r8,lead,lead,lead_cont,lead_nec,lead_cont|v8|s7,lead_nec|v9|s7,1,0,0,1.0,0.720988,1.0
lead_cont_r6,lead_nec_r9,lead,lead,lead_cont,lead_nec,lead_cont|v8|s7,lead_nec|v9|s8,1,0,0,1.0,0.720988,1.0
lead_cont_r6,lead_opt_r1,lead,lead,lead_cont,lead_opt,lead_cont|v8|s7,lead_opt|v6|s6,1,0,0,2.0,0.720988,1.0
lead_cont_r6,lead_opt_r10,lead,lead,lead_cont,lead_opt,lead_cont|v8|s7,lead_opt|v8|s7,1,0,0,0.0,0.720988,1.0
lead_cont_r6,lead_opt_r11,lead,lead,lead_cont,lead_opt,lead_cont|v8|s7,lead_opt|v6|s6,1,0,0,2.0,0.720988,1.0
lead_cont_r6,lead_opt_r12,lead,lead,lead_cont,lead_opt,lead_cont|v8|s7,lead_opt|v7|s7,1,0,0,1.0,0.720988,1.0
lead_cont_r6,lead_opt_r2,lead,lead,lead_cont,lead_opt,lead_cont|v8|s7,lead_opt|v6|s6,1,0,0,2.0,0.720988,1.0
lead_cont_r6,lead_opt_r3,lead,lead,lead_cont,lead_opt,lead_cont|v8|s7,lead_opt|v7|s6,1,0,0,1.0,0.720988,1.0
lead_cont_r6,lead_opt_r4,lead,lead,lead_cont,lead_opt,lead_cont|v8|s7,lead_opt|v7|s6,1,0,0,1.0,0.720988,1.0
lead_cont_r6,lead_opt_r5,lead,lead,lead_cont,lead_opt,lead_cont|v8|s7,lead_opt|v8|s7,1,0,0,0.0,0.720988,1.0
lead_cont_r6,lead_opt_r6,lead,lead,lead_cont,lead_opt,lead_cont|v8|s7,lead_opt|v8|s7,1,0,0,0.0,0.720988,1.0
lead_cont_r6,lead_opt_r7,lead,lead,lead_cont,lead_opt,lead_cont|v8|s7,lead_opt|v9|s7,1,0,0,1.0,0.720988,1.0
lead_cont_r6,lead_opt_r8,lead,lead,lead_cont,lead_opt,lead_cont|v8|s7,lead_opt|v9|s7,1,0,0,1.0,0.720988,1.0
lead_cont_r6,lead_opt_r9,lead,lead,lead_cont,lead_opt,lead_cont|v8|s7,lead_opt|v7|s6,1,0,0,1.0,0.720988,1.0
lead_cont_r6,temp_opt_r1,lead,block_or_occupancy,lead_cont,temp_opt,lead_cont|v8|s7,temp_opt|v6|o6,0,0,0,2.0,0.720988,1.0
lead_cont_r6,temp_opt_r10,lead,block_or_occupancy,lead_cont,temp_opt,lead_cont|v8|s7,temp_opt|v6|o7,0,0,0,2.0,0.720988,1.0
lead_cont_r6,temp_opt_r11,lead,block_or_occupancy,lead_cont,temp_opt,lead_cont|v8|s7,temp_opt|v7|o8,0,0,0,1.0,0.720988,1.0
lead_cont_r6,temp_opt_r12,lead,block_or_occupancy,lead_cont,temp_opt,lead_cont|v8|s7,temp_opt|v8|o7,0,0,0,0.0,0.717725,1.0
lead_cont_r6,temp_opt_r2,lead,block_or_occupancy,lead_cont,temp_opt,lead_cont|v8|s7,temp_opt|v6|o7,0,0,0,2.0,0.720988,1.0
lead_cont_r6,temp_opt_r3,lead,block_or_occupancy,lead_cont,temp_opt,lead_cont|v8|s7,temp_opt|v6|o8,0,0,0,2.0,0.720988,1.0
lead_cont_r6,temp_opt_r4,lead,block_or_occupancy,lead_cont,temp_opt,lead_cont|v8|s7,temp_opt|v7|o6,0,0,0,1.0,0.720988,1.0
lead_cont_r6,temp_opt_r5,lead,block_or_occupancy,lead_cont,temp_opt,lead_cont|v8|s7,temp_opt|v7|o7,0,0,0,1.0,0.720988,1.0
lead_cont_r6,temp_opt_r6,lead,block_or_occupancy,lead_cont,temp_opt,lead_cont|v8|s7,temp_opt|v7|o8,0,0,0,1.0,0.720988,1.0
lead_cont_r6,temp_opt_r7,lead,block_or_occupancy,lead_cont,temp_opt,lead_cont|v8|s7,temp_opt|v8|o6,0,0,0,0.0,0.695663,1.0
lead_cont_r6,temp_opt_r8,lead,block_or_occupancy,lead_cont,temp_opt,lead_cont|v8|s7,temp_opt|v8|o7,0,0,0,0.0,0.720988,1.0
lead_cont_r6,temp_opt_r9,lead,block_or_occupancy,lead_cont,temp_opt,lead_cont|v8|s7,temp_opt|v8|o8,0,0,0,0.0,0.720988,1.0
lead_cont_r7,lead_cont_r8,lead,lead,lead_cont,lead_cont,lead_cont|v8|s7,lead_cont|v9|s7,1,1,0,1.0,0.152975,1.0
lead_cont_r7,lead_cont_r9,lead,lead,lead_cont,lead_cont,lead_cont|v8|s7,lead_cont|v9|s8,1,1,0,1.0,0.149025,1.0
lead_cont_r7,lead_nec_r1,lead,lead,lead_cont,lead_nec,lead_cont|v8|s7,lead_nec|v6|s5,1,0,0,2.0,0.73955,1.0
lead_cont_r7,lead_nec_r10,lead,lead,lead_cont,lead_nec,lead_cont|v8|s7,lead_nec|v9|s8,1,0,0,1.0,0.73955,1.0
lead_cont_r7,lead_nec_r11,lead,lead,lead_cont,lead_nec,lead_cont|v8|s7,lead_nec|v7|s6,1,0,0,1.0,0.73955,1.0
lead_cont_r7,lead_nec_r12,lead,lead,lead_cont,lead_nec,lead_cont|v8|s7,lead_nec|v8|s7,1,0,0,0.0,0.73955,1.0
lead_cont_r7,lead_nec_r2,lead,lead,lead_cont,lead_nec,lead_cont|v8|s7,lead_nec|v6|s5,1,0,0,2.0,0.73955,1.0
lead_cont_r7,lead_nec_r3,lead,lead,lead_cont,lead_nec,lead_cont|v8|s7,lead_nec|v7|s5,1,0,0,1.0,0.73955,1.0
lead_cont_r7,lead_nec_r4,lead,lead,lead_cont,lead_nec,lead_cont|v8|s7,lead_nec|v7|s6,1,0,0,1.0,0.73955,1.0
lead_cont_r7,lead_nec_r5,lead,lead,lead_cont,lead_nec,lead_cont|v8|s7,lead_nec|v8|s6,1,0,0,0.0,0.73955,1.0
lead_cont_r7,lead_nec_r6,lead,lead,lead_cont,lead_nec,lead_cont|v8|s7,lead_nec|v8|s7,1,0,0,0.0,0.73955,1.0
lead_cont_r7,lead_nec_r7,lead,lead,lead_cont,lead_nec,lead_cont|v8|s7,lead_nec|v8|s7,1,0,0,0.0,0.73955,1.0
lead_cont_r7,lead_nec_r8,lead,lead,lead_cont,lead_nec,lead_cont|v8|s7,lead_nec|v9|s7,1,0,0,1.0,0.73955,1.0
lead_cont_r7,lead_nec_r9,lead,lead,lead_cont,lead_nec,lead_cont|v8|s7,lead_nec|v9|s8,1,0,0,1.0,0.73955,1.0
lead_cont_r7,lead_opt_r1,lead,lead,lead_cont,lead_opt,lead_cont|v8|s7,lead_opt|v6|s6,1,0,0,2.0,0.73955,1.0
lead_cont_r7,lead_opt_r10,lead,lead,lead_cont,lead_opt,lead_cont|v8|s7,lead_opt|v8|s7,1,0,0,0.0,0.73955,1.0
lead_cont_r7,lead_opt_r11,lead,lead,lead_cont,lead_opt,lead_cont|v8|s7,lead_opt|v6|s6,1,0,0,2.0,0.73955,1.0
lead_cont_r7,lead_opt_r12,lead,lead,lead_cont,lead_opt,lead_cont|v8|s7,lead_opt|v7|s7,1,0,0,1.0,0.73955,1.0
lead_cont_r7,lead_opt_r2,lead,lead,lead_cont,lead_opt,lead_cont|v8|s7,lead_opt|v6|s6,1,0,0,2.0,0.73955,1.0
lead_cont_r7,lead_opt_r3,lead,lead,lead_cont,lead_opt,lead_cont|v8|s7,lead_opt|v7|s6,1,0,0,1.0,0.73955,1.0
lead_cont_r7,lead_opt_r4,lead,lead,lead_cont,lead_opt,lead_cont|v8|s7,lead_opt|v7|s6,1,0,0,1.0,0.73955,1.0
lead_cont_r7,lead_opt_r5,lead,lead,lead_cont,lead_opt,lead_cont|v8|s7,lead_opt|v8|s7,1,0,0,0.0,0.73955,1.0
lead_cont_r7,lead_opt_r6,lead,lead,lead_cont,lead_opt,lead_cont|v8|s7,lead_opt|v8|s7,1,0,0,0.0,0.73955,1.0
lead_cont_r7,lead_opt_r7,lead,lead,lead_cont,lead_opt,lead_cont|v8|s7,lead_opt|v9|s7,1,0,0,1.0,0.73955,1.0
lead_cont_r7,lead_opt_r8,lead,lead,lead_cont,lead_opt,lead_cont|v8|s7,lead_opt|v9|s7,1,0,0,1.0,0.73955,1.0
lead_cont_r7,lead_opt_r9,lead,lead,lead_cont,lead_opt,lead_cont|v8|s7,lead_opt|v7|s6,1,0,0,1.0,0.73955,1.0
lead_cont_r7,temp_opt_r1,lead,block_or_occupancy,lead_cont,temp_opt,lead_cont|v8|s7,temp_opt|v6|o6,0,0,0,2.0,0.73955,1.0
lead_cont_r7,temp_opt_r10,lead,block_or_occupancy,lead_cont,temp_opt,lead_cont|v8|s7,temp_opt|v6|o7,0,0,0,2.0,0.73955,1.0
lead_cont_r7,temp_opt_r11,lead,block_or_occupancy,lead_cont,temp_opt,lead_cont|v8|s7,temp_opt|v7|o8,0,0,0,1.0,0.73955,1.0
lead_cont_r7,temp_opt_r12,lead,block_or_occupancy,lead_cont,temp_opt,lead_cont|v8|s7,temp_opt|v8|o7,0,0,0,0.0,0.736287,1.0
lead_cont_r7,temp_opt_r2,lead,block_or_occupancy,lead_cont,temp_opt,lead_cont|v8|s7,temp_opt|v6|o7,0,0,0,2.0,0.73955,1.0
lead_cont_r7,temp_opt_r3,lead,block_or_occupancy,lead_cont,temp_opt,lead_cont|v8|s7,temp_opt|v6|o8,0,0,0,2.0,0.73955,1.0
lead_cont_r7,temp_opt_r4,lead,block_or_occupancy,lead_cont,temp_opt,lead_cont|v8|s7,temp_opt|v7|o6,0,0,0,1.0,0.73955,1.0
lead_cont_r7,temp_opt_r5,lead,block_or_occupancy,lead_cont,temp_opt,lead_cont|v8|s7,temp_opt|v7|o7,0,0,0,1.0,0.73955,1.0
lead_cont_r7,temp_opt_r6,lead,block_or_occupancy,lead_cont,temp_opt,lead_cont|v8|s7,temp_opt|v7|o8,0,0,0,1.0,0.73955,1.0
lead_cont_r7,temp_opt_r7,lead,block_or_occupancy,lead_cont,temp_opt,lead_cont|v8|s7,temp_opt|v8|o6,0,0,0,0.0,0.714225,1.0
lead_cont_r7,temp_opt_r8,lead,block_or_occupancy,lead_cont,temp_opt,lead_cont|v8|s7,temp_opt|v8|o7,0,0,0,0.0,0.73955,1.0
lead_cont_r7,temp_opt_r9,lead,block_or_occupancy,lead_cont,temp_opt,lead_cont|v8|s7,temp_opt|v8|o8,0,0,0,0.0,0.73955,1.0
lead_cont_r8,lead_cont_r9,lead,lead,lead_cont,lead_cont,lead_cont|v9|s7,lead_cont|v9|s8,1,1,0,0.0,0.00395,0.0305
lead_cont_r8,lead_nec_r1,lead,lead,lead_cont,lead_nec,lead_cont|v9|s7,lead_nec|v6|s5,1,0,0,3.0,0.75435,1.0
lead_cont_r8,lead_nec_r10,lead,lead,lead_cont,lead_nec,lead_cont|v9|s7,lead_nec|v9|s8,1,0,0,0.0,0.75435,1.0
lead_cont_r8,lead_nec_r11,lead,lead,lead_cont,lead_nec,lead_cont|v9|s7,lead_nec|v7|s6,1,0,0,2.0,0.75435,1.0
lead_cont_r8,lead_nec_r12,lead,lead,lead_cont,lead_nec,lead_cont|v9|s7,lead_nec|v8|s7,1,0,0,1.0,0.75435,1.0
lead_cont_r8,lead_nec_r2,lead,lead,lead_cont,lead_nec,lead_cont|v9|s7,lead_nec|v6|s5,1,0,0,3.0,0.75435,1.0
lead_cont_r8,lead_nec_r3,lead,lead,lead_cont,lead_nec,lead_cont|v9|s7,lead_nec|v7|s5,1,0,0,2.0,0.75435,1.0
lead_cont_r8,lead_nec_r4,lead,lead,lead_cont,lead_nec,lead_cont|v9|s7,lead_nec|v7|s6,1,0,0,2.0,0.75435,1.0
lead_cont_r8,lead_nec_r5,lead,lead,lead_cont,lead_nec,lead_cont|v9|s7,lead_nec|v8|s6,1,0,0,1.0,0.75435,1.0
lead_cont_r8,lead_nec_r6,lead,lead,lead_cont,lead_nec,lead_cont|v9|s7,lead_nec|v8|s7,1,0,0,1.0,0.75435,1.0
lead_cont_r8,lead_nec_r7,lead,lead,lead_cont,lead_nec,lead_cont|v9|s7,lead_nec|v8|s7,1,0,0,1.0,0.75435,1.0
lead_cont_r8,lead_nec_r8,lead,lead,lead_cont,lead_nec,lead_cont|v9|s7,lead_nec|v9|s7,1,0,0,0.0,0.75435,1.0
lead_cont_r8,lead_nec_r9,lead,lead,lead_cont,lead_nec,lead_cont|v9|s7,lead_nec|v9|s8,1,0,0,0.0,0.75435,1.0
lead_cont_r8,lead_opt_r1,lead,lead,lead_cont,lead_opt,lead_cont|v9|s7,lead_opt|v6|s6,1,0,0,3.0,0.75435,1.0
lead_cont_r8,lead_opt_r10,lead,lead,lead_cont,lead_opt,lead_cont|v9|s7,lead_opt|v8|s7,1,0,0,1.0,0.75435,1.0
lead_cont_r8,lead_opt_r11,lead,lead,lead_cont,lead_opt,lead_cont|v9|s7,lead_opt|v6|s6,1,0,0,3.0,0.75435,1.0
lead_cont_r8,lead_opt_r12,lead,lead,lead_cont,lead_opt,lead_cont|v9|s7,lead_opt|v7|s7,1,0,0,2.0,0.75435,1.0
lead_cont_r8,lead_opt_r2,lead,lead,lead_cont,lead_opt,lead_cont|v9|s7,lead_opt|v6|s6,1,0,0,3.0,0.75435,1.0
lead_cont_r8,lead_opt_r3,lead,lead,lead_cont,lead_opt,lead_cont|v9|s7,lead_opt|v7|s6,1,0,0,2.0,0.75435,1.0
lead_cont_r8,lead_opt_r4,lead,lead,lead_cont,lead_opt,lead_cont|v9|s7,lead_opt|v7|s6,1,0,0,2.0,0.75435,1.0
lead_cont_r8,lead_opt_r5,lead,lead,lead_cont,lead_opt,lead_cont|v9|s7,lead_opt|v8|s7,1,0,0,1.0,0.75435,1.0
lead_cont_r8,lead_opt_r6,lead,lead,lead_cont,lead_opt,lead_cont|v9|s7,lead_opt|v8|s7,1,0,0,1.0,0.75435,1.0
lead_cont_r8,lead_opt_r7,lead,lead,lead_cont,lead_opt,lead_cont|v9|s7,lead_opt|v9|s7,1,0,0,0.0,0.75435,1.0
lead_cont_r8,lead_opt_r8,lead,lead,lead_cont,lead_opt,lead_cont|v9|s7,lead_opt|v9|s7,1,0,0,0.0,0.75435,1.0
lead_cont_r8,lead_opt_r9,lead,lead,lead_cont,lead_opt,lead_cont|v9|s7,lead_opt|v7|s6,1,0,0,2.0,0.75435,1.0
lead_cont_r8,temp_opt_r1,lead,block_or_occupancy,lead_cont,temp_opt,lead_cont|v9|s7,temp_opt|v6|o6,0,0,0,3.0,0.75435,1.0
lead_cont_r8,temp_opt_r10,lead,block_or_occupancy,lead_cont,temp_opt,lead_cont|v9|s7,temp_opt|v6|o7,0,0,0,3.0,0.75435,1.0
lead_cont_r8,temp_opt_r11,lead,block_or_occupancy,lead_cont,temp_opt,lead_cont|v9|s7,temp_opt|v7|o8,0,0,0,2.0,0.75435,1.0
lead_cont_r8,temp_opt_r12,lead,block_or_occupancy,lead_cont,temp_opt,lead_cont|v9|s7,temp_opt|v8|o7,0,0,0,1.0,0.751088,1.0
lead_cont_r8,temp_opt_r2,lead,block_or_occupancy,lead_cont,temp_opt,lead_cont|v9|s7,temp_opt|v6|o7,0,0,0,3.0,0.75435,1.0
lead_cont_r8,temp_opt_r3,lead,block_or_occupancy,lead_cont,temp_opt,lead_cont|v9|s7,temp_opt|v6|o8,0,0,0,3.0,0.75435,1.0
lead_cont_r8,temp_opt_r4,lead,block_or_occupancy,lead_cont,temp_opt,lead_cont|v9|s7,temp_opt|v7|o6,0,0,0,2.0,0.75435,1.0
lead_cont_r8,temp_opt_r5,lead,block_or_occupancy,lead_cont,temp_opt,lead_cont|v9|s7,temp_opt|v7|o7,0,0,0,2.0,0.75435,1.0
lead_cont_r8,temp_opt_r6,lead,block_or_occupancy,lead_cont,temp_opt,lead_cont|v9|s7,temp_opt|v7|o8,0,0,0,2.0,0.75435,1.0
lead_cont_r8,temp_opt_r7,lead,block_or_occupancy,lead_cont,temp_opt,lead_cont|v9|s7,temp_opt|v8|o6,0,0,0,1.0,0.729025,1.0
lead_cont_r8,temp_opt_r8,lead,block_or_occupancy,lead_cont,temp_opt,lead_cont|v9|s7,temp_opt|v8|o7,0,0,0,1.0,0.75435,1.0
lead_cont_r8,temp_opt_r9,lead,block_or_occupancy,lead_cont,temp_opt,lead_cont|v9|s7,temp_opt|v8|o8,0,0,0,1.0,0.75435,1.0
lead_cont_r9,lead_nec_r1,lead,lead,lead_cont,lead_nec,lead_cont|v9|s8,lead_nec|v6|s5,1,0,0,3.0,0.7504,1.0
lead_cont_r9,lead_nec_r10,lead,lead,lead_cont,lead_nec,lead_cont|v9|s8,lead_nec|v9|s8,1,0,0,0.0,0.7504,1.0
lead_cont_r9,lead_nec_r11,lead,lead,lead_cont,lead_nec,lead_cont|v9|s8,lead_nec|v7|s6,1,0,0,2.0,0.7504,1.0
lead_cont_r9,lead_nec_r12,lead,lead,lead_cont,lead_nec,lead_cont|v9|s8,lead_nec|v8|s7,1,0,0,1.0,0.7504,1.0
lead_cont_r9,lead_nec_r2,lead,lead,lead_cont,lead_nec,lead_cont|v9|s8,lead_nec|v6|s5,1,0,0,3.0,0.7504,1.0
lead_cont_r9,lead_nec_r3,lead,lead,lead_cont,lead_nec,lead_cont|v9|s8,lead_nec|v7|s5,1,0,0,2.0,0.7504,1.0
lead_cont_r9,lead_nec_r4,lead,lead,lead_cont,lead_nec,lead_cont|v9|s8,lead_nec|v7|s6,1,0,0,2.0,0.7504,1.0
lead_cont_r9,lead_nec_r5,lead,lead,lead_cont,lead_nec,lead_cont|v9|s8,lead_nec|v8|s6,1,0,0,1.0,0.7504,1.0
lead_cont_r9,lead_nec_r6,lead,lead,lead_cont,lead_nec,lead_cont|v9|s8,lead_nec|v8|s7,1,0,0,1.0,0.7504,1.0
lead_cont_r9,lead_nec_r7,lead,lead,lead_cont,lead_nec,lead_cont|v9|s8,lead_nec|v8|s7,1,0,0,1.0,0.7504,1.0
lead_cont_r9,lead_nec_r8,lead,lead,lead_cont,lead_nec,lead_cont|v9|s8,lead_nec|v9|s7,1,0,0,0.0,0.7504,1.0
lead_cont_r9,lead_nec_r9,lead,lead,lead_cont,lead_nec,lead_cont|v9|s8,lead_nec|v9|s8,1,0,0,0.0,0.7504,1.0
lead_cont_r9,lead_opt_r1,lead,lead,lead_cont,lead_opt,lead_cont|v9|s8,lead_opt|v6|s6,1,0,0,3.0,0.7504,1.0
lead_cont_r9,lead_opt_r10,lead,lead,lead_cont,lead_opt,lead_cont|v9|s8,lead_opt|v8|s7,1,0,0,1.0,0.7504,1.0
lead_cont_r9,lead_opt_r11,lead,lead,lead_cont,lead_opt,lead_cont|v9|s8,lead_opt|v6|s6,1,0,0,3.0,0.7504,1.0
lead_cont_r9,lead_opt_r12,lead,lead,lead_cont,lead_opt,lead_cont|v9|s8,lead_opt|v7|s7,1,0,0,2.0,0.7504,1.0
lead_cont_r9,lead_opt_r2,lead,lead,lead_cont,lead_opt,lead_cont|v9|s8,lead_opt|v6|s6,1,0,0,3.0,0.7504,1.0
lead_cont_r9,lead_opt_r3,lead,lead,lead_cont,lead_opt,lead_cont|v9|s8,lead_opt|v7|s6,1,0,0,2.0,0.7504,1.0
lead_cont_r9,lead_opt_r4,lead,lead,lead_cont,lead_opt,lead_cont|v9|s8,lead_opt|v7|s6,1,0,0,2.0,0.7504,1.0
lead_cont_r9,lead_opt_r5,lead,lead,lead_cont,lead_opt,lead_cont|v9|s8,lead_opt|v8|s7,1,0,0,1.0,0.7504,1.0
lead_cont_r9,lead_opt_r6,lead,lead,lead_cont,lead_opt,lead_cont|v9|s8,lead_opt|v8|s7,1,0,0,1.0,0.7504,1.0
lead_cont_r9,lead_opt_r7,lead,lead,lead_cont,lead_opt,lead_cont|v9|s8,lead_opt|v9|s7,1,0,0,0.0,0.7504,1.0
lead_cont_r9,lead_opt_r8,lead,lead,lead_cont,lead_opt,lead_cont|v9|s8,lead_opt|v9|s7,1,0,0,0.0,0.7504,1.0
lead_cont_r9,lead_opt_r9,lead,lead,lead_cont,lead_opt,lead_cont|v9|s8,lead_opt|v7|s6,1,0,0,2.0,0.7504,1.0
lead_cont_r9,temp_opt_r1,lead,block_or_occupancy,lead_cont,temp_opt,lead_cont|v9|s8,temp_opt|v6|o6,0,0,0,3.0,0.7504,1.0
lead_cont_r9,temp_opt_r10,lead,block_or_occupancy,lead_cont,temp_opt,lead_cont|v9|s8,temp_opt|v6|o7,0,0,0,3.0,0.7504,1.0
lead_cont_r9,temp_opt_r11,lead,block_or_occupancy,lead_cont,temp_opt,lead_cont|v9|s8,temp_opt|v7|o8,0,0,0,2.0,0.7504,1.0
lead_cont_r9,temp_opt_r12,lead,block_or_occupancy,lead_cont,temp_opt,lead_cont|v9|s8,temp_opt|v8|o7,0,0,0,1.0,0.747138,1.0
lead_cont_r9,temp_opt_r2,lead,block_or_occupancy,lead_cont,temp_opt,lead_cont|v9|s8,temp_opt|v6|o7,0,0,0,3.0,0.7504,1.0
lead_cont_r9,temp_opt_r3,lead,block_or_occupancy,lead_cont,temp_opt,lead_cont|v9|s8,temp_opt|v6|o8,0,0,0,3.0,0.7504,1.0
lead_cont_r9,temp_opt_r4,lead,block_or_occupancy,lead_cont,temp_opt,lead_cont|v9|s8,temp_opt|v7|o6,0,0,0,2.0,0.7504,1.0
lead_cont_r9,temp_opt_r5,lead,block_or_occupancy,lead_cont,temp_opt,lead_cont|v9|s8,temp_opt|v7|o7,0,0,0,2.0,0.7504,1.0
lead_cont_r9,temp_opt_r6,lead,block_or_occupancy,lead_cont,temp_opt,lead_cont|v9|s8,temp_opt|v7|o8,0,0,0,2.0,0.7504,1.0
lead_cont_r9,temp_opt_r7,lead,block_or_occupancy,lead_cont,temp_opt,lead_cont|v9|s8,temp_opt|v8|o6,0,0,0,1.0,0.725075,1.0
lead_cont_r9,temp_opt_r8,lead,block_or_occupancy,lead_cont,temp_opt,lead_cont|v9|s8,temp_opt|v8|o7,0,0,0,1.0,0.7504,1.0
lead_cont_r9,temp_opt_r9,lead,block_or_occupancy,lead_cont,temp_opt,lead_cont|v9|s8,temp_opt|v8|o8,0,0,0,1.0,0.7504,1.0
lead_nec_r1,lead_nec_r10,lead,lead,lead_nec,lead_nec,lead_nec|v6|s5,lead_nec|v9|s8,1,1,0,3.0,0.0,0.0
lead_nec_r1,lead_nec_r11,lead,lead,lead_nec,lead_nec,lead_nec|v6|s5,lead_nec|v7|s6,1,1,0,1.0,0.0,0.0
lead_nec_r1,lead_nec_r12,lead,lead,lead_nec,lead_nec,lead_nec|v6|s5,lead_nec|v8|s7,1,1,0,2.0,0.0,0.0
lead_nec_r1,lead_nec_r2,lead,lead,lead_nec,lead_nec,lead_nec|v6|s5,lead_nec|v6|s5,1,1,1,0.0,0.0,0.0
lead_nec_r1,lead_nec_r3,lead,lead,lead_nec,lead_nec,lead_nec|v6|s5,lead_nec|v7|s5,1,1,0,1.0,0.0,0.0
lead_nec_r1,lead_nec_r4,lead,lead,lead_nec,lead_nec,lead_nec|v6|s5,lead_nec|v7|s6,1,1,0,1.0,0.0,0.0
lead_nec_r1,lead_nec_r5,lead,lead,lead_nec,lead_nec,lead_nec|v6|s5,lead_nec|v8|s6,1,1,0,2.0,0.0,0.0
lead_nec_r1,lead_nec_r6,lead,lead,lead_nec,lead_nec,lead_nec|v6|s5,lead_nec|v8|s7,1,1,0,2.0,0.0,0.0
lead_nec_r1,lead_nec_r7,lead,lead,lead_nec,lead_nec,lead_nec|v6|s5,lead_nec|v8|s7,1,1,0,2.0,0.0,0.0
lead_nec_r1,lead_nec_r8,lead,lead,lead_nec,lead_nec,lead_nec|v6|s5,lead_nec|v9|s7,1,1,0,3.0,0.0,0.0
lead_nec_r1,lead_nec_r9,lead,lead,lead_nec,lead_nec,lead_nec|v6|s5,lead_nec|v9|s8,1,1,0,3.0,0.0,0.0
lead_nec_r1,lead_opt_r1,lead,lead,lead_nec,lead_opt,lead_nec|v6|s5,lead_opt|v6|s6,1,0,0,0.0,0.0,0.0
lead_nec_r1,lead_opt_r10,lead,lead,lead_nec,lead_opt,lead_nec|v6|s5,lead_opt|v8|s7,1,0,0,2.0,0.0,0.0
lead_nec_r1,lead_opt_r11,lead,lead,lead_nec,lead_opt,lead_nec|v6|s5,lead_opt|v6|s6,1,0,0,0.0,0.0,0.0
lead_nec_r1,lead_opt_r12,lead,lead,lead_nec,lead_opt,lead_nec|v6|s5,lead_opt|v7|s7,1,0,0,1.0,0.0,0.0
lead_nec_r1,lead_opt_r2,lead,lead,lead_nec,lead_opt,lead_nec|v6|s5,lead_opt|v6|s6,1,0,0,0.0,0.0,0.0
lead_nec_r1,lead_opt_r3,lead,lead,lead_nec,lead_opt,lead_nec|v6|s5,lead_opt|v7|s6,1,0,0,1.0,0.0,0.0
lead_nec_r1,lead_opt_r4,lead,lead,lead_nec,lead_opt,lead_nec|v6|s5,lead_opt|v7|s6,1,0,0,1.0,0.0,0.0
lead_nec_r1,lead_opt_r5,lead,lead,lead_nec,lead_opt,lead_nec|v6|s5,lead_opt|v8|s7,1,0,0,2.0,0.0,0.0
lead_nec_r1,lead_opt_r6,lead,lead,lead_nec,lead_opt,lead_nec|v6|s5,lead_opt|v8|s7,1,0,0,2.0,0.0,0.0
lead_nec_r1,lead_opt_r7,lead,lead,lead_nec,lead_opt,lead_nec|v6|s5,lead_opt|v9|s7,1,0,0,3.0,0.0,0.0
lead_nec_r1,lead_opt_r8,lead,lead,lead_nec,lead_opt,lead_nec|v6|s5,lead_opt|v9|s7,1,0,0,3.0,0.0,0.0
lead_nec_r1,lead_opt_r9,lead,lead,lead_nec,lead_opt,lead_nec|v6|s5,lead_opt|v7|s6,1,0,0,1.0,0.0,0.0
lead_nec_r1,temp_opt_r1,lead,block_or_occupancy,lead_nec,temp_opt,lead_nec|v6|s5,temp_opt|v6|o6,0,0,0,0.0,0.0,0.0
lead_nec_r1,temp_opt_r10,lead,block_or_occupancy,lead_nec,temp_opt,lead_nec|v6|s5,temp_opt|v6|o7,0,0,0,0.0,0.0,0.0
lead_nec_r1,temp_opt_r11,lead,block_or_occupancy,lead_nec,temp_opt,lead_nec|v6|s5,temp_opt|v7|o8,0,0,0,1.0,0.0,0.0
lead_nec_r1,temp_opt_r12,lead,block_or_occupancy,lead_nec,temp_opt,lead_nec|v6|s5,temp_opt|v8|o7,0,0,0,2.0,0.003263,0.0261
lead_nec_r1,temp_opt_r2,lead,block_or_occupancy,lead_nec,temp_opt,lead_nec|v6|s5,temp_opt|v6|o7,0,0,0,0.0,0.0,0.0
lead_nec_r1,temp_opt_r3,lead,block_or_occupancy,lead_nec,temp_opt,lead_nec|v6|s5,temp_opt|v6|o8,0,0,0,0.0,0.0,0.0
lead_nec_r1,temp_opt_r4,lead,block_or_occupancy,lead_nec,temp_opt,lead_nec|v6|s5,temp_opt|v7|o6,0,0,0,1.0,0.0,0.0
lead_nec_r1,temp_opt_r5,lead,block_or_occupancy,lead_nec,temp_opt,lead_nec|v6|s5,temp_opt|v7|o7,0,0,0,1.0,0.0,0.0
lead_nec_r1,temp_opt_r6,lead,block_or_occupancy,lead_nec,temp_opt,lead_nec|v6|s5,temp_opt|v7|o8,0,0,0,1.0,0.0,0.0
lead_nec_r1,temp_opt_r7,lead,block_or_occupancy,lead_nec,temp_opt,lead_nec|v6|s5,temp_opt|v8|o6,0,0,0,2.0,0.025325,0.1523
lead_nec_r1,temp_opt_r8,lead,block_or_occupancy,lead_nec,temp_opt,lead_nec|v6|s5,temp_opt|v8|o7,0,0,0,2.0,0.0,0.0
lead_nec_r1,temp_opt_r9,lead,block_or_occupancy,lead_nec,temp_opt,lead_nec|v6|s5,temp_opt|v8|o8,0,0,0,2.0,0.0,0.0
lead_nec_r10,lead_nec_r11,lead,lead,lead_nec,lead_nec,lead_nec|v9|s8,lead_nec|v7|s6,1,1,0,2.0,0.0,0.0
lead_nec_r10,lead_nec_r12,lead,lead,lead_nec,lead_nec,lead_nec|v9|s8,lead_nec|v8|s7,1,1,0,1.0,0.0,0.0
lead_nec_r10,lead_nec_r2,lead,lead,lead_nec,lead_nec,lead_nec|v9|s8,lead_nec|v6|s5,1,1,0,3.0,0.0,0.0
lead_nec_r10,lead_nec_r3,lead,lead,lead_nec,lead_nec,lead_nec|v9|s8,lead_nec|v7|s5,1,1,0,2.0,0.0,0.0
lead_nec_r10,lead_nec_r4,lead,lead,lead_nec,lead_nec,lead_nec|v9|s8,lead_nec|v7|s6,1,1,0,2.0,0.0,0.0
lead_nec_r10,lead_nec_r5,lead,lead,lead_nec,lead_nec,lead_nec|v9|s8,lead_nec|v8|s6,1,1,0,1.0,0.0,0.0
lead_nec_r10,lead_nec_r6,lead,lead,lead_nec,lead_nec,lead_nec|v9|s8,lead_nec|v8|s7,1,1,0,1.0,0.0,0.0
lead_nec_r10,lead_nec_r7,lead,lead,lead_nec,lead_nec,lead_nec|v9|s8,lead_nec|v8|s7,1,1,0,1.0,0.0,0.0
lead_nec_r10,lead_nec_r8,lead,lead,lead_nec,lead_nec,lead_nec|v9|s8,lead_nec|v9|s7,1,1,0,0.0,0.0,0.0
lead_nec_r10,lead_nec_r9,lead,lead,lead_nec,lead_nec,lead_nec|v9|s8,lead_nec|v9|s8,1,1,1,0.0,0.0,0.0
lead_nec_r10,lead_opt_r1,lead,lead,lead_nec,lead_opt,lead_nec|v9|s8,lead_opt|v6|s6,1,0,0,3.0,0.0,0.0
lead_nec_r10,lead_opt_r10,lead,lead,lead_nec,lead_opt,lead_nec|v9|s8,lead_opt|v8|s7,1,0,0,1.0,0.0,0.0
lead_nec_r10,lead_opt_r11,lead,lead,lead_nec,lead_opt,lead_nec|v9|s8,lead_opt|v6|s6,1,0,0,3.0,0.0,0.0
lead_nec_r10,lead_opt_r12,lead,lead,lead_nec,lead_opt,lead_nec|v9|s8,lead_opt|v7|s7,1,0,0,2.0,0.0,0.0
lead_nec_r10,lead_opt_r2,lead,lead,lead_nec,lead_opt,lead_nec|v9|s8,lead_opt|v6|s6,1,0,0,3.0,0.0,0.0
lead_nec_r10,lead_opt_r3,lead,lead,lead_nec,lead_opt,lead_nec|v9|s8,lead_opt|v7|s6,1,0,0,2.0,0.0,0.0
lead_nec_r10,lead_opt_r4,lead,lead,lead_nec,lead_opt,lead_nec|v9|s8,lead_opt|v7|s6,1,0,0,2.0,0.0,0.0
lead_nec_r10,lead_opt_r5,lead,lead,lead_nec,lead_opt,lead_nec|v9|s8,lead_opt|v8|s7,1,0,0,1.0,0.0,0.0
lead_nec_r10,lead_opt_r6,lead,lead,lead_nec,lead_opt,lead_nec|v9|s8,lead_opt|v8|s7,1,0,0,1.0,0.0,0.0
lead_nec_r10,lead_opt_r7,lead,lead,lead_nec,lead_opt,lead_nec|v9|s8,lead_opt|v9|s7,1,0,0,0.0,0.0,0.0
lead_nec_r10,lead_opt_r8,lead,lead,lead_nec,lead_opt,lead_nec|v9|s8,lead_opt|v9|s7,1,0,0,0.0,0.0,0.0
lead_nec_r10,lead_opt_r9,lead,lead,lead_nec,lead_opt,lead_nec|v9|s8,lead_opt|v7|s6,1,0,0,2.0,0.0,0.0
lead_nec_r10,temp_opt_r1,lead,block_or_occupancy,lead_nec,temp_opt,lead_nec|v9|s8,temp_opt|v6|o6,0,0,0,3.0,0.0,0.0
lead_nec_r10,temp_opt_r10,lead,block_or_occupancy,lead_nec,temp_opt,lead_nec|v9|s8,temp_opt|v6|o7,0,0,0,3.0,0.0,0.0
lead_nec_r10,temp_opt_r11,lead,block_or_occupancy,lead_nec,temp_opt,lead_nec|v9|s8,temp_opt|v7|o8,0,0,0,2.0,0.0,0.0
lead_nec_r10,temp_opt_r12,lead,block_or_occupancy,lead_nec,temp_opt,lead_nec|v9|s8,temp_opt|v8|o7,0,0,0,1.0,0.003263,0.0261
lead_nec_r10,temp_opt_r2,lead,block_or_occupancy,lead_nec,temp_opt,lead_nec|v9|s8,temp_opt|v6|o7,0,0,0,3.0,0.0,0.0
lead_nec_r10,temp_opt_r3,lead,block_or_occupancy,lead_nec,temp_opt,lead_nec|v9|s8,temp_opt|v6|o8,0,0,0,3.0,0.0,0.0
lead_nec_r10,temp_opt_r4,lead,block_or_occupancy,lead_nec,temp_opt,lead_nec|v9|s8,temp_opt|v7|o6,0,0,0,2.0,0.0,0.0
lead_nec_r10,temp_opt_r5,lead,block_or_occupancy,lead_nec,temp_opt,lead_nec|v9|s8,temp_opt|v7|o7,0,0,0,2.0,0.0,0.0
lead_nec_r10,temp_opt_r6,lead,block_or_occupancy,lead_nec,temp_opt,lead_nec|v9|s8,temp_opt|v7|o8,0,0,0,2.0,0.0,0.0
lead_nec_r10,temp_opt_r7,lead,block_or_occupancy,lead_nec,temp_opt,lead_nec|v9|s8,temp_opt|v8|o6,0,0,0,1.0,0.025325,0.1523
lead_nec_r10,temp_opt_r8,lead,block_or_occupancy,lead_nec,temp_opt,lead_nec|v9|s8,temp_opt|v8|o7,0,0,0,1.0,0.0,0.0
lead_nec_r10,temp_opt_r9,lead,block_or_occupancy,lead_nec,temp_opt,lead_nec|v9|s8,temp_opt|v8|o8,0,0,0,1.0,0.0,0.0
lead_nec_r11,lead_nec_r12,lead,lead,lead_nec,lead_nec,lead_nec|v7|s6,lead_nec|v8|s7,1,1,0,1.0,0.0,0.0
lead_nec_r11,lead_nec_r2,lead,lead,lead_nec,lead_nec,lead_nec|v7|s6,lead_nec|v6|s5,1,1,0,1.0,0.0,0.0
lead_nec_r11,lead_nec_r3,lead,lead,lead_nec,lead_nec,lead_nec|v7|s6,lead_nec|v7|s5,1,1,0,0.0,0.0,0.0
lead_nec_r11,lead_nec_r4,lead,lead,lead_nec,lead_nec,lead_nec|v7|s6,lead_nec|v7|s6,1,1,1,0.0,0.0,0.0
lead_nec_r11,lead_nec_r5,lead,lead,lead_nec,lead_nec,lead_nec|v7|s6,lead_nec|v8|s6,1,1,0,1.0,0.0,0.0
lead_nec_r11,lead_nec_r6,lead,lead,lead_nec,lead_nec,lead_nec|v7|s6,lead_nec|v8|s7,1,1,0,1.0,0.0,0.0
lead_nec_r11,lead_nec_r7,lead,lead,lead_nec,lead_nec,lead_nec|v7|s6,lead_nec|v8|s7,1,1,0,1.0,0.0,0.0
lead_nec_r11,lead_nec_r8,lead,lead,lead_nec,lead_nec,lead_nec|v7|s6,lead_nec|v9|s7,1,1,0,2.0,0.0,0.0
lead_nec_r11,lead_nec_r9,lead,lead,lead_nec,lead_nec,lead_nec|v7|s6,lead_nec|v9|s8,1,1,0,2.0,0.0,0.0
lead_nec_r11,lead_opt_r1,lead,lead,lead_nec,lead_opt,lead_nec|v7|s6,lead_opt|v6|s6,1,0,0,1.0,0.0,0.0
lead_nec_r11,lead_opt_r10,lead,lead,lead_nec,lead_opt,lead_nec|v7|s6,lead_opt|v8|s7,1,0,0,1.0,0.0,0.0
lead_nec_r11,lead_opt_r11,lead,lead,lead_nec,lead_opt,lead_nec|v7|s6,lead_opt|v6|s6,1,0,0,1.0,0.0,0.0
lead_nec_r11,lead_opt_r12,lead,lead,lead_nec,lead_opt,lead_nec|v7|s6,lead_opt|v7|s7,1,0,0,0.0,0.0,0.0
lead_nec_r11,lead_opt_r2,lead,lead,lead_nec,lead_opt,lead_nec|v7|s6,lead_opt|v6|s6,1,0,0,1.0,0.0,0.0
lead_nec_r11,lead_opt_r3,lead,lead,lead_nec,lead_opt,lead_nec|v7|s6,lead_opt|v7|s6,1,0,0,0.0,0.0,0.0
lead_nec_r11,lead_opt_r4,lead,lead,lead_nec,lead_opt,lead_nec|v7|s6,lead_opt|v7|s6,1,0,0,0.0,0.0,0.0
lead_nec_r11,lead_opt_r5,lead,lead,lead_nec,lead_opt,lead_nec|v7|s6,lead_opt|v8|s7,1,0,0,1.0,0.0,0.0
lead_nec_r11,lead_opt_r6,lead,lead,lead_nec,lead_opt,lead_nec|v7|s6,lead_opt|v8|s7,1,0,0,1.0,0.0,0.0
lead_nec_r11,lead_opt_r7,lead,lead,lead_nec,lead_opt,lead_nec|v7|s6,lead_opt|v9|s7,1,0,0,2.0,0.0,0.0
lead_nec_r11,lead_opt_r8,lead,lead,lead_nec,lead_opt,lead_nec|v7|s6,lead_opt|v9|s7,1,0,0,2.0,0.0,0.0
lead_nec_r11,lead_opt_r9,lead,lead,lead_nec,lead_opt,lead_nec|v7|s6,lead_opt|v7|s6,1,0,0,0.0,0.0,0.0
lead_nec_r11,temp_opt_r1,lead,block_or_occupancy,lead_nec,temp_opt,lead_nec|v7|s6,temp_opt|v6|o6,0,0,0,1.0,0.0,0.0
lead_nec_r11,temp_opt_r10,lead,block_or_occupancy,lead_nec,temp_opt,lead_nec|v7|s6,temp_opt|v6|o7,0,0,0,1.0,0.0,0.0
lead_nec_r11,temp_opt_r11,lead,block_or_occupancy,lead_nec,temp_opt,lead_nec|v7|s6,temp_opt|v7|o8,0,0,0,0.0,0.0,0.0
lead_nec_r11,temp_opt_r12,lead,block_or_occupancy,lead_nec,temp_opt,lead_nec|v7|s6,temp_opt|v8|o7,0,0,0,1.0,0.003263,0.0261
lead_nec_r11,temp_opt_r2,lead,block_or_occupancy,lead_nec,temp_opt,lead_nec|v7|s6,temp_opt|v6|o7,0,0,0,1.0,0.0,0.0
lead_nec_r11,temp_opt_r3,lead,block_or_occupancy,lead_nec,temp_opt,lead_nec|v7|s6,temp_opt|v6|o8,0,0,0,1.0,0.0,0.0
lead_nec_r11,temp_opt_r4,lead,block_or_occupancy,lead_nec,temp_opt,lead_nec|v7|s6,temp_opt|v7|o6,0,0,0,0.0,0.0,0.0
lead_nec_r11,temp_opt_r5,lead,block_or_occupancy,lead_nec,temp_opt,lead_nec|v7|s6,temp_opt|v7|o7,0,0,0,0.0,0.0,0.0
lead_nec_r11,temp_opt_r6,lead,block_or_occupancy,lead_nec,temp_opt,lead_nec|v7|s6,temp_opt|v7|o8,0,0,0,0.0,0.0,0.0
lead_nec_r11,temp_opt_r7,lead,block_or_occupancy,lead_nec,temp_opt,lead_nec|v7|s6,temp_opt|v8|o6,0,0,0,1.0,0.025325,0.1523
lead_nec_r11,temp_opt_r8,lead,block_or_occupancy,lead_nec,temp_opt,lead_nec|v7|s6,temp_opt|v8|o7,0,0,0,1.0,0.0,0.0
lead_nec_r11,temp_opt_r9,lead,block_or_occupancy,lead_nec,temp_opt,lead_nec|v7|s6,temp_opt|v8|o8,0,0,0,1.0,0.0,0.0
lead_nec_r12,lead_nec_r2,lead,lead,lead_nec,lead_nec,lead_nec|v8|s7,lead_nec|v6|s5,1,1,0,2.0,0.0,0.0
lead_nec_r12,lead_nec_r3,lead,lead,lead_nec,lead_nec,lead_nec|v8|s7,lead_nec|v7|s5,1,1,0,1.0,0.0,0.0
lead_nec_r12,lead_nec_r4,lead,lead,lead_nec,lead_nec,lead_nec|v8|s7,lead_nec|v7|s6,1,1,0,1.0,0.0,0.0
lead_nec_r12,lead_nec_r5,lead,lead,lead_nec,lead_nec,lead_nec|v8|s7,lead_nec|v8|s6,1,1,0,0.0,0.0,0.0
lead_nec_r12,lead_nec_r6,lead,lead,lead_nec,lead_nec,lead_nec|v8|s7,lead_nec|v8|s7,1,1,1,0.0,0.0,0.0
lead_nec_r12,lead_nec_r7,lead,lead,lead_nec,lead_nec,lead_nec|v8|s7,lead_nec|v8|s7,1,1,1,0.0,0.0,0.0
lead_nec_r12,lead_nec_r8,lead,lead,lead_nec,lead_nec,lead_nec|v8|s7,lead_nec|v9|s7,1,1,0,1.0,0.0,0.0
lead_nec_r12,lead_nec_r9,lead,lead,lead_nec,lead_nec,lead_nec|v8|s7,lead_nec|v9|s8,1,1,0,1.0,0.0,0.0
lead_nec_r12,lead_opt_r1,lead,lead,lead_nec,lead_opt,lead_nec|v8|s7,lead_opt|v6|s6,1,0,0,2.0,0.0,0.0
lead_nec_r12,lead_opt_r10,lead,lead,lead_nec,lead_opt,lead_nec|v8|s7,lead_opt|v8|s7,1,0,0,0.0,0.0,0.0
lead_nec_r12,lead_opt_r11,lead,lead,lead_nec,lead_opt,lead_nec|v8|s7,lead_opt|v6|s6,1,0,0,2.0,0.0,0.0
lead_nec_r12,lead_opt_r12,lead,lead,lead_nec,lead_opt,lead_nec|v8|s7,lead_opt|v7|s7,1,0,0,1.0,0.0,0.0
lead_nec_r12,lead_opt_r2,lead,lead,lead_nec,lead_opt,lead_nec|v8|s7,lead_opt|v6|s6,1,0,0,2.0,0.0,0.0
lead_nec_r12,lead_opt_r3,lead,lead,lead_nec,lead_opt,lead_nec|v8|s7,lead_opt|v7|s6,1,0,0,1.0,0.0,0.0
lead_nec_r12,lead_opt_r4,lead,lead,lead_nec,lead_opt,lead_nec|v8|s7,lead_opt|v7|s6,1,0,0,1.0,0.0,0.0
lead_nec_r12,lead_opt_r5,lead,lead,lead_nec,lead_opt,lead_nec|v8|s7,lead_opt|v8|s7,1,0,0,0.0,0.0,0.0
lead_nec_r12,lead_opt_r6,lead,lead,lead_nec,lead_opt,lead_nec|v8|s7,lead_opt|v8|s7,1,0,0,0.0,0.0,0.0
lead_nec_r12,lead_opt_r7,lead,lead,lead_nec,lead_opt,lead_nec|v8|s7,lead_opt|v9|s7,1,0,0,1.0,0.0,0.0
lead_nec_r12,lead_opt_r8,lead,lead,lead_nec,lead_opt,lead_nec|v8|s7,lead_opt|v9|s7,1,0,0,1.0,0.0,0.0
lead_nec_r12,lead_opt_r9,lead,lead,lead_nec,lead_opt,lead_nec|v8|s7,lead_opt|v7|s6,1,0,0,1.0,0.0,0.0
lead_nec_r12,temp_opt_r1,lead,block_or_occupancy,lead_nec,temp_opt,lead_nec|v8|s7,temp_opt|v6|o6,0,0,0,2.0,0.0,0.0
lead_nec_r12,temp_opt_r10,lead,block_or_occupancy,lead_nec,temp_opt,lead_nec|v8|s7,temp_opt|v6|o7,0,0,0,2.0,0.0,0.0
lead_nec_r12,temp_opt_r11,lead,block_or_occupancy,lead_nec,temp_opt,lead_nec|v8|s7,temp_opt|v7|o8,0,0,0,1.0,0.0,0.0
lead_nec_r12,temp_opt_r12,lead,block_or_occupancy,lead_nec,temp_opt,lead_nec|v8|s7,temp_opt|v8|o7,0,0,0,0.0,0.003263,0.0261
lead_nec_r12,temp_opt_r2,lead,block_or_occupancy,lead_nec,temp_opt,lead_nec|v8|s7,temp_opt|v6|o7,0,0,0,2.0,0.0,0.0
lead_nec_r12,temp_opt_r3,lead,block_or_occupancy,lead_nec,temp_opt,lead_nec|v8|s7,temp_opt|v6|o8,0,0,0,2.0,0.0,0.0
lead_nec_r12,temp_opt_r4,lead,block_or_occupancy,lead_nec,temp_opt,lead_nec|v8|s7,temp_opt|v7|o6,0,0,0,1.0,0.0,0.0
lead_nec_r12,temp_opt_r5,lead,block_or_occupancy,lead_nec,temp_opt,lead_nec|v8|s7,temp_opt|v7|o7,0,0,0,1.0,0.0,0.0
lead_nec_r12,temp_opt_r6,lead,block_or_occupancy,lead_nec,temp_opt,lead_nec|v8|s7,temp_opt|v7|o8,0,0,0,1.0,0.0,0.0
lead_nec_r12,temp_opt_r7,lead,block_or_occupancy,lead_nec,temp_opt,lead_nec|v8|s7,temp_opt|v8|o6,0,0,0,0.0,0.025325,0.1523
lead_nec_r12,temp_opt_r8,lead,block_or_occupancy,lead_nec,temp_opt,lead_nec|v8|s7,temp_opt|v8|o7,0,0,0,0.0,0.0,0.0
lead_nec_r12,temp_opt_r9,lead,block_or_occupancy,lead_nec,temp_opt,lead_nec|v8|s7,temp_opt|v8|o8,0,0,0,0.0,0.0,0.0
lead_nec_r2,lead_nec_r3,lead,lead,lead_nec,lead_nec,lead_nec|v6|s5,lead_nec|v7|s5,1,1,0,1.0,0.0,0.0
lead_nec_r2,lead_nec_r4,lead,lead,lead_nec,lead_nec,lead_nec|v6|s5,lead_nec|v7|s6,1,1,0,1.0,0.0,0.0
lead_nec_r2,lead_nec_r5,lead,lead,lead_nec,lead_nec,lead_nec|v6|s5,lead_nec|v8|s6,1,1,0,2.0,0.0,0.0
lead_nec_r2,lead_nec_r6,lead,lead,lead_nec,lead_nec,lead_nec|v6|s5,lead_nec|v8|s7,1,1,0,2.0,0.0,0.0
lead_nec_r2,lead_nec_r7,lead,lead,lead_nec,lead_nec,lead_nec|v6|s5,lead_nec|v8|s7,1,1,0,2.0,0.0,0.0
lead_nec_r2,lead_nec_r8,lead,lead,lead_nec,lead_nec,lead_nec|v6|s5,lead_nec|v9|s7,1,1,0,3.0,0.0,0.0
lead_nec_r2,lead_nec_r9,lead,lead,lead_nec,lead_nec,lead_nec|v6|s5,lead_nec|v9|s8,1,1,0,3.0,0.0,0.0
lead_nec_r2,lead_opt_r1,lead,lead,lead_nec,lead_opt,lead_nec|v6|s5,lead_opt|v6|s6,1,0,0,0.0,0.0,0.0
lead_nec_r2,lead_opt_r10,lead,lead,lead_nec,lead_opt,lead_nec|v6|s5,lead_opt|v8|s7,1,0,0,2.0,0.0,0.0
lead_nec_r2,lead_opt_r11,lead,lead,lead_nec,lead_opt,lead_nec|v6|s5,lead_opt|v6|s6,1,0,0,0.0,0.0,0.0
lead_nec_r2,lead_opt_r12,lead,lead,lead_nec,lead_opt,lead_nec|v6|s5,lead_opt|v7|s7,1,0,0,1.0,0.0,0.0
lead_nec_r2,lead_opt_r2,lead,lead,lead_nec,lead_opt,lead_nec|v6|s5,lead_opt|v6|s6,1,0,0,0.0,0.0,0.0
lead_nec_r2,lead_opt_r3,lead,lead,lead_nec,lead_opt,lead_nec|v6|s5,lead_opt|v7|s6,1,0,0,1.0,0.0,0.0
lead_nec_r2,lead_opt_r4,lead,lead,lead_nec,lead_opt,lead_nec|v6|s5,lead_opt|v7|s6,1,0,0,1.0,0.0,0.0
lead_nec_r2,lead_opt_r5,lead,lead,lead_nec,lead_opt,lead_nec|v6|s5,lead_opt|v8|s7,1,0,0,2.0,0.0,0.0
lead_nec_r2,lead_opt_r6,lead,lead,lead_nec,lead_opt,lead_nec|v6|s5,lead_opt|v8|s7,1,0,0,2.0,0.0,0.0
lead_nec_r2,lead_opt_r7,lead,lead,lead_nec,lead_opt,lead_nec|v6|s5,lead_opt|v9|s7,1,0,0,3.0,0.0,0.0
lead_nec_r2,lead_opt_r8,lead,lead,lead_nec,lead_opt,lead_nec|v6|s5,lead_opt|v9|s7,1,0,0,3.0,0.0,0.0
lead_nec_r2,lead_opt_r9,lead,lead,lead_nec,lead_opt,lead_nec|v6|s5,lead_opt|v7|s6,1,0,0,1.0,0.0,0.0
lead_nec_r2,temp_opt_r1,lead,block_or_occupancy,lead_nec,temp_opt,lead_nec|v6|s5,temp_opt|v6|o6,0,0,0,0.0,0.0,0.0
lead_nec_r2,temp_opt_r10,lead,block_or_occupancy,lead_nec,temp_opt,lead_nec|v6|s5,temp_opt|v6|o7,0,0,0,0.0,0.0,0.0
lead_nec_r2,temp_opt_r11,lead,block_or_occupancy,lead_nec,temp_opt,lead_nec|v6|s5,temp_opt|v7|o8,0,0,0,1.0,0.0,0.0
lead_nec_r2,temp_opt_r12,lead,block_or_occupancy,lead_nec,temp_opt,lead_nec|v6|s5,temp_opt|v8|o7,0,0,0,2.0,0.003263,0.0261
lead_nec_r2,temp_opt_r2,lead,block_or_occupancy,lead_nec,temp_opt,lead_nec|v6|s5,temp_opt|v6|o7,0,0,0,0.0,0.0,0.0
lead_nec_r2,temp_opt_r3,lead,block_or_occupancy,lead_nec,temp_opt,lead_nec|v6|s5,temp_opt|v6|o8,0,0,0,0.0,0.0,0.0
lead_nec_r2,temp_opt_r4,lead,block_or_occupancy,lead_nec,temp_opt,lead_nec|v6|s5,temp_opt|v7|o6,0,0,0,1.0,0.0,0.0
lead_nec_r2,temp_opt_r5,lead,block_or_occupancy,lead_nec,temp_opt,lead_nec|v6|s5,temp_opt|v7|o7,0,0,0,1.0,0.0,0.0
lead_nec_r2,temp_opt_r6,lead,block_or_occupancy,lead_nec,temp_opt,lead_nec|v6|s5,temp_opt|v7|o8,0,0,0,1.0,0.0,0.0
lead_nec_r2,temp_opt_r7,lead,block_or_occupancy,lead_nec,temp_opt,lead_nec|v6|s5,temp_opt|v8|o6,0,0,0,2.0,0.025325,0.1523
lead_nec_r2,temp_opt_r8,lead,block_or_occupancy,lead_nec,temp_opt,lead_nec|v6|s5,temp_opt|v8|o7,0,0,0,2.0,0.0,0.0
lead_nec_r2,temp_opt_r9,lead,block_or_occupancy,lead_nec,temp_opt,lead_nec|v6|s5,temp_opt|v8|o8,0,0,0,2.0,0.0,0.0
lead_nec_r3,lead_nec_r4,lead,lead,lead_nec,lead_nec,lead_nec|v7|s5,lead_nec|v7|s6,1,1,0,0.0,0.0,0.0
lead_nec_r3,lead_nec_r5,lead,lead,lead_nec,lead_nec,lead_nec|v7|s5,lead_nec|v8|s6,1,1,0,1.0,0.0,0.0
lead_nec_r3,lead_nec_r6,lead,lead,lead_nec,lead_nec,lead_nec|v7|s5,lead_nec|v8|s7,1,1,0,1.0,0.0,0.0
lead_nec_r3,lead_nec_r7,lead,lead,lead_nec,lead_nec,lead_nec|v7|s5,lead_nec|v8|s7,1,1,0,1.0,0.0,0.0
lead_nec_r3,lead_nec_r8,lead,lead,lead_nec,lead_nec,lead_nec|v7|s5,lead_nec|v9|s7,1,1,0,2.0,0.0,0.0
lead_nec_r3,lead_nec_r9,lead,lead,lead_nec,lead_nec,lead_nec|v7|s5,lead_nec|v9|s8,1,1,0,2.0,0.0,0.0
lead_nec_r3,lead_opt_r1,lead,lead,lead_nec,lead_opt,lead_nec|v7|s5,lead_opt|v6|s6,1,0,0,1.0,0.0,0.0
lead_nec_r3,lead_opt_r10,lead,lead,lead_nec,lead_opt,lead_nec|v7|s5,lead_opt|v8|s7,1,0,0,1.0,0.0,0.0
lead_nec_r3,lead_opt_r11,lead,lead,lead_nec,lead_opt,lead_nec|v7|s5,lead_opt|v6|s6,1,0,0,1.0,0.0,0.0
lead_nec_r3,lead_opt_r12,lead,lead,lead_nec,lead_opt,lead_nec|v7|s5,lead_opt|v7|s7,1,0,0,0.0,0.0,0.0
lead_nec_r3,lead_opt_r2,lead,lead,lead_nec,lead_opt,lead_nec|v7|s5,lead_opt|v6|s6,1,0,0,1.0,0.0,0.0
lead_nec_r3,lead_opt_r3,lead,lead,lead_nec,lead_opt,lead_nec|v7|s5,lead_opt|v7|s6,1,0,0,0.0,0.0,0.0
lead_nec_r3,lead_opt_r4,lead,lead,lead_nec,lead_opt,lead_nec|v7|s5,lead_opt|v7|s6,1,0,0,0.0,0.0,0.0
lead_nec_r3,lead_opt_r5,lead,lead,lead_nec,lead_opt,lead_nec|v7|s5,lead_opt|v8|s7,1,0,0,1.0,0.0,0.0
lead_nec_r3,lead_opt_r6,lead,lead,lead_nec,lead_opt,lead_nec|v7|s5,lead_opt|v8|s7,1,0,0,1.0,0.0,0.0
lead_nec_r3,lead_opt_r7,lead,lead,lead_nec,lead_opt,lead_nec|v7|s5,lead_opt|v9|s7,1,0,0,2.0,0.0,0.0
lead_nec_r3,lead_opt_r8,lead,lead,lead_nec,lead_opt,lead_nec|v7|s5,lead_opt|v9|s7,1,0,0,2.0,0.0,0.0
lead_nec_r3,lead_opt_r9,lead,lead,lead_nec,lead_opt,lead_nec|v7|s5,lead_opt|v7|s6,1,0,0,0.0,0.0,0.0
lead_nec_r3,temp_opt_r1,lead,block_or_occupancy,lead_nec,temp_opt,lead_nec|v7|s5,temp_opt|v6|o6,0,0,0,1.0,0.0,0.0
lead_nec_r3,temp_opt_r10,lead,block_or_occupancy,lead_nec,temp_opt,lead_nec|v7|s5,temp_opt|v6|o7,0,0,0,1.0,0.0,0.0
lead_nec_r3,temp_opt_r11,lead,block_or_occupancy,lead_nec,temp_opt,lead_nec|v7|s5,temp_opt|v7|o8,0,0,0,0.0,0.0,0.0
lead_nec_r3,temp_opt_r12,lead,block_or_occupancy,lead_nec,temp_opt,lead_nec|v7|s5,temp_opt|v8|o7,0,0,0,1.0,0.003263,0.0261
lead_nec_r3,temp_opt_r2,lead,block_or_occupancy,lead_nec,temp_opt,lead_nec|v7|s5,temp_opt|v6|o7,0,0,0,1.0,0.0,0.0
lead_nec_r3,temp_opt_r3,lead,block_or_occupancy,lead_nec,temp_opt,lead_nec|v7|s5,temp_opt|v6|o8,0,0,0,1.0,0.0,0.0
lead_nec_r3,temp_opt_r4,lead,block_or_occupancy,lead_nec,temp_opt,lead_nec|v7|s5,temp_opt|v7|o6,0,0,0,0.0,0.0,0.0
lead_nec_r3,temp_opt_r5,lead,block_or_occupancy,lead_nec,temp_opt,lead_nec|v7|s5,temp_opt|v7|o7,0,0,0,0.0,0.0,0.0
lead_nec_r3,temp_opt_r6,lead,block_or_occupancy,lead_nec,temp_opt,lead_nec|v7|s5,temp_opt|v7|o8,0,0,0,0.0,0.0,0.0
lead_nec_r3,temp_opt_r7,lead,block_or_occupancy,lead_nec,temp_opt,lead_nec|v7|s5,temp_opt|v8|o6,0,0,0,1.0,0.025325,0.1523
lead_nec_r3,temp_opt_r8,lead,block_or_occupancy,lead_nec,temp_opt,lead_nec|v7|s5,temp_opt|v8|o7,0,0,0,1.0,0.0,0.0
lead_nec_r3,temp_opt_r9,lead,block_or_occupancy,lead_nec,temp_opt,lead_nec|v7|s5,temp_opt|v8|o8,0,0,0,1.0,0.0,0.0
lead_nec_r4,lead_nec_r5,lead,lead,lead_nec,lead_nec,lead_nec|v7|s6,lead_nec|v8|s6,1,1,0,1.0,0.0,0.0
lead_nec_r4,lead_nec_r6,lead,lead,lead_nec,lead_nec,lead_nec|v7|s6,lead_nec|v8|s7,1,1,0,1.0,0.0,0.0
lead_nec_r4,lead_nec_r7,lead,lead,lead_nec,lead_nec,lead_nec|v7|s6,lead_nec|v8|s7,1,1,0,1.0,0.0,0.0
lead_nec_r4,lead_nec_r8,lead,lead,lead_nec,lead_nec,lead_nec|v7|s6,lead_nec|v9|s7,1,1,0,2.0,0.0,0.0
lead_nec_r4,lead_nec_r9,lead,lead,lead_nec,lead_nec,lead_nec|v7|s6,lead_nec|v9|s8,1,1,0,2.0,0.0,0.0
lead_nec_r4,lead_opt_r1,lead,lead,lead_nec,lead_opt,lead_nec|v7|s6,lead_opt|v6|s6,1,0,0,1.0,0.0,0.0
lead_nec_r4,lead_opt_r10,lead,lead,lead_nec,lead_opt,lead_nec|v7|s6,lead_opt|v8|s7,1,0,0,1.0,0.0,0.0
lead_nec_r4,lead_opt_r11,lead,lead,lead_nec,lead_opt,lead_nec|v7|s6,lead_opt|v6|s6,1,0,0,1.0,0.0,0.0
lead_nec_r4,lead_opt_r12,lead,lead,lead_nec,lead_opt,lead_nec|v7|s6,lead_opt|v7|s7,1,0,0,0.0,0.0,0.0
lead_nec_r4,lead_opt_r2,lead,lead,lead_nec,lead_opt,lead_nec|v7|s6,lead_opt|v6|s6,1,0,0,1.0,0.0,0.0
lead_nec_r4,lead_opt_r3,lead,lead,lead_nec,lead_opt,lead_nec|v7|s6,lead_opt|v7|s6,1,0,0,0.0,0.0,0.0
lead_nec_r4,lead_opt_r4,lead,lead,lead_nec,lead_opt,lead_nec|v7|s6,lead_opt|v7|s6,1,0,0,0.0,0.0,0.0
lead_nec_r4,lead_opt_r5,lead,lead,lead_nec,lead_opt,lead_nec|v7|s6,lead_opt|v8|s7,1,0,0,1.0,0.0,0.0
lead_nec_r4,lead_opt_r6,lead,lead,lead_nec,lead_opt,lead_nec|v7|s6,lead_opt|v8|s7,1,0,0,1.0,0.0,0.0
lead_nec_r4,lead_opt_r7,lead,lead,lead_nec,lead_opt,lead_nec|v7|s6,lead_opt|v9|s7,1,0,0,2.0,0.0,0.0
lead_nec_r4,lead_opt_r8,lead,lead,lead_nec,lead_opt,lead_nec|v7|s6,lead_opt|v9|s7,1,0,0,2.0,0.0,0.0
lead_nec_r4,lead_opt_r9,lead,lead,lead_nec,lead_opt,lead_nec|v7|s6,lead_opt|v7|s6,1,0,0,0.0,0.0,0.0
lead_nec_r4,temp_opt_r1,lead,block_or_occupancy,lead_nec,temp_opt,lead_nec|v7|s6,temp_opt|v6|o6,0,0,0,1.0,0.0,0.0
lead_nec_r4,temp_opt_r10,lead,block_or_occupancy,lead_nec,temp_opt,lead_nec|v7|s6,temp_opt|v6|o7,0,0,0,1.0,0.0,0.0
lead_nec_r4,temp_opt_r11,lead,block_or_occupancy,lead_nec,temp_opt,lead_nec|v7|s6,temp_opt|v7|o8,0,0,0,0.0,0.0,0.0
lead_nec_r4,temp_opt_r12,lead,block_or_occupancy,lead_nec,temp_opt,lead_nec|v7|s6,temp_opt|v8|o7,0,0,0,1.0,0.003263,0.0261
lead_nec_r4,temp_opt_r2,lead,block_or_occupancy,lead_nec,temp_opt,lead_nec|v7|s6,temp_opt|v6|o7,0,0,0,1.0,0.0,0.0
lead_nec_r4,temp_opt_r3,lead,block_or_occupancy,lead_nec,temp_opt,lead_nec|v7|s6,temp_opt|v6|o8,0,0,0,1.0,0.0,0.0
lead_nec_r4,temp_opt_r4,lead,block_or_occupancy,lead_nec,temp_opt,lead_nec|v7|s6,temp_opt|v7|o6,0,0,0,0.0,0.0,0.0
lead_nec_r4,temp_opt_r5,lead,block_or_occupancy,lead_nec,temp_opt,lead_nec|v7|s6,temp_opt|v7|o7,0,0,0,0.0,0.0,0.0
lead_nec_r4,temp_opt_r6,lead,block_or_occupancy,lead_nec,temp_opt,lead_nec|v7|s6,temp_opt|v7|o8,0,0,0,0.0,0.0,0.0
lead_nec_r4,temp_opt_r7,lead,block_or_occupancy,lead_nec,temp_opt,lead_nec|v7|s6,temp_opt|v8|o6,0,0,0,1.0,0.025325,0.1523
lead_nec_r4,temp_opt_r8,lead,block_or_occupancy,lead_nec,temp_opt,lead_nec|v7|s6,temp_opt|v8|o7,0,0,0,1.0,0.0,0.0
lead_nec_r4,temp_opt_r9,lead,block_or_occupancy,lead_nec,temp_opt,lead_nec|v7|s6,temp_opt|v8|o8,0,0,0,1.0,0.0,0.0
lead_nec_r5,lead_nec_r6,lead,lead,lead_nec,lead_nec,lead_nec|v8|s6,lead_nec|v8|s7,1,1,0,0.0,0.0,0.0
lead_nec_r5,lead_nec_r7,lead,lead,lead_nec,lead_nec,lead_nec|v8|s6,lead_nec|v8|s7,1,1,0,0.0,0.0,0.0
lead_nec_r5,lead_nec_r8,lead,lead,lead_nec,lead_nec,lead_nec|v8|s6,lead_nec|v9|s7,1,1,0,1.0,0.0,0.0
lead_nec_r5,lead_nec_r9,lead,lead,lead_nec,lead_nec,lead_nec|v8|s6,lead_nec|v9|s8,1,1,0,1.0,0.0,0.0
lead_nec_r5,lead_opt_r1,lead,lead,lead_nec,lead_opt,lead_nec|v8|s6,lead_opt|v6|s6,1,0,0,2.0,0.0,0.0
lead_nec_r5,lead_opt_r10,lead,lead,lead_nec,lead_opt,lead_nec|v8|s6,lead_opt|v8|s7,1,0,0,0.0,0.0,0.0
lead_nec_r5,lead_opt_r11,lead,lead,lead_nec,lead_opt,lead_nec|v8|s6,lead_opt|v6|s6,1,0,0,2.0,0.0,0.0
lead_nec_r5,lead_opt_r12,lead,lead,lead_nec,lead_opt,lead_nec|v8|s6,lead_opt|v7|s7,1,0,0,1.0,0.0,0.0
lead_nec_r5,lead_opt_r2,lead,lead,lead_nec,lead_opt,lead_nec|v8|s6,lead_opt|v6|s6,1,0,0,2.0,0.0,0.0
lead_nec_r5,lead_opt_r3,lead,lead,lead_nec,lead_opt,lead_nec|v8|s6,lead_opt|v7|s6,1,0,0,1.0,0.0,0.0
lead_nec_r5,lead_opt_r4,lead,lead,lead_nec,lead_opt,lead_nec|v8|s6,lead_opt|v7|s6,1,0,0,1.0,0.0,0.0
lead_nec_r5,lead_opt_r5,lead,lead,lead_nec,lead_opt,lead_nec|v8|s6,lead_opt|v8|s7,1,0,0,0.0,0.0,0.0
lead_nec_r5,lead_opt_r6,lead,lead,lead_nec,lead_opt,lead_nec|v8|s6,lead_opt|v8|s7,1,0,0,0.0,0.0,0.0
lead_nec_r5,lead_opt_r7,lead,lead,lead_nec,lead_opt,lead_nec|v8|s6,lead_opt|v9|s7,1,0,0,1.0,0.0,0.0
lead_nec_r5,lead_opt_r8,lead,lead,lead_nec,lead_opt,lead_nec|v8|s6,lead_opt|v9|s7,1,0,0,1.0,0.0,0.0
lead_nec_r5,lead_opt_r9,lead,lead,lead_nec,lead_opt,lead_nec|v8|s6,lead_opt|v7|s6,1,0,0,1.0,0.0,0.0
lead_nec_r5,temp_opt_r1,lead,block_or_occupancy,lead_nec,temp_opt,lead_nec|v8|s6,temp_opt|v6|o6,0,0,0,2.0,0.0,0.0
lead_nec_r5,temp_opt_r10,lead,block_or_occupancy,lead_nec,temp_opt,lead_nec|v8|s6,temp_opt|v6|o7,0,0,0,2.0,0.0,0.0
lead_nec_r5,temp_opt_r11,lead,block_or_occupancy,lead_nec,temp_opt,lead_nec|v8|s6,temp_opt|v7|o8,0,0,0,1.0,0.0,0.0
lead_nec_r5,temp_opt_r12,lead,block_or_occupancy,lead_nec,temp_opt,lead_nec|v8|s6,temp_opt|v8|o7,0,0,0,0.0,0.003263,0.0261
lead_nec_r5,temp_opt_r2,lead,block_or_occupancy,lead_nec,temp_opt,lead_nec|v8|s6,temp_opt|v6|o7,0,0,0,2.0,0.0,0.0
lead_nec_r5,temp_opt_r3,lead,block_or_occupancy,lead_nec,temp_opt,lead_nec|v8|s6,temp_opt|v6|o8,0,0,0,2.0,0.0,0.0
lead_nec_r5,temp_opt_r4,lead,block_or_occupancy,lead_nec,temp_opt,lead_nec|v8|s6,temp_opt|v7|o6,0,0,0,1.0,0.0,0.0
lead_nec_r5,temp_opt_r5,lead,block_or_occupancy,lead_nec,temp_opt,lead_nec|v8|s6,temp_opt|v7|o7,0,0,0,1.0,0.0,0.0
lead_nec_r5,temp_opt_r6,lead,block_or_occupancy,lead_nec,temp_opt,lead_nec|v8|s6,temp_opt|v7|o8,0,0,0,1.0,0.0,0.0
lead_nec_r5,temp_opt_r7,lead,block_or_occupancy,lead_nec,temp_opt,lead_nec|v8|s6,temp_opt|v8|o6,0,0,0,0.0,0.025325,0.1523
lead_nec_r5,temp_opt_r8,lead,block_or_occupancy,lead_nec,temp_opt,lead_nec|v8|s6,temp_opt|v8|o7,0,0,0,0.0,0.0,0.0
lead_nec_r5,temp_opt_r9,lead,block_or_occupancy,lead_nec,temp_opt,lead_nec|v8|s6,temp_opt|v8|o8,0,0,0,0.0,0.0,0.0
lead_nec_r6,lead_nec_r7,lead,lead,lead_nec,lead_nec,lead_nec|v8|s7,lead_nec|v8|s7,1,1,1,0.0,0.0,0.0
lead_nec_r6,lead_nec_r8,lead,lead,lead_nec,lead_nec,lead_nec|v8|s7,lead_nec|v9|s7,1,1,0,1.0,0.0,0.0
lead_nec_r6,lead_nec_r9,lead,lead,lead_nec,lead_nec,lead_nec|v8|s7,lead_nec|v9|s8,1,1,0,1.0,0.0,0.0
lead_nec_r6,lead_opt_r1,lead,lead,lead_nec,lead_opt,lead_nec|v8|s7,lead_opt|v6|s6,1,0,0,2.0,0.0,0.0
lead_nec_r6,lead_opt_r10,lead,lead,lead_nec,lead_opt,lead_nec|v8|s7,lead_opt|v8|s7,1,0,0,0.0,0.0,0.0
lead_nec_r6,lead_opt_r11,lead,lead,lead_nec,lead_opt,lead_nec|v8|s7,lead_opt|v6|s6,1,0,0,2.0,0.0,0.0
lead_nec_r6,lead_opt_r12,lead,lead,lead_nec,lead_opt,lead_nec|v8|s7,lead_opt|v7|s7,1,0,0,1.0,0.0,0.0
lead_nec_r6,lead_opt_r2,lead,lead,lead_nec,lead_opt,lead_nec|v8|s7,lead_opt|v6|s6,1,0,0,2.0,0.0,0.0
lead_nec_r6,lead_opt_r3,lead,lead,lead_nec,lead_opt,lead_nec|v8|s7,lead_opt|v7|s6,1,0,0,1.0,0.0,0.0
lead_nec_r6,lead_opt_r4,lead,lead,lead_nec,lead_opt,lead_nec|v8|s7,lead_opt|v7|s6,1,0,0,1.0,0.0,0.0
lead_nec_r6,lead_opt_r5,lead,lead,lead_nec,lead_opt,lead_nec|v8|s7,lead_opt|v8|s7,1,0,0,0.0,0.0,0.0
lead_nec_r6,lead_opt_r6,lead,lead,lead_nec,lead_opt,lead_nec|v8|s7,lead_opt|v8|s7,1,0,0,0.0,0.0,0.0
lead_nec_r6,lead_opt_r7,lead,lead,lead_nec,lead_opt,lead_nec|v8|s7,lead_opt|v9|s7,1,0,0,1.0,0.0,0.0
lead_nec_r6,lead_opt_r8,lead,lead,lead_nec,lead_opt,lead_nec|v8|s7,lead_opt|v9|s7,1,0,0,1.0,0.0,0.0
lead_nec_r6,lead_opt_r9,lead,lead,lead_nec,lead_opt,lead_nec|v8|s7,lead_opt|v7|s6,1,0,0,1.0,0.0,0.0
lead_nec_r6,temp_opt_r1,lead,block_or_occupancy,lead_nec,temp_opt,lead_nec|v8|s7,temp_opt|v6|o6,0,0,0,2.0,0.0,0.0
lead_nec_r6,temp_opt_r10,lead,block_or_occupancy,lead_nec,temp_opt,lead_nec|v8|s7,temp_opt|v6|o7,0,0,0,2.0,0.0,0.0
lead_nec_r6,temp_opt_r11,lead,block_or_occupancy,lead_nec,temp_opt,lead_nec|v8|s7,temp_opt|v7|o8,0,0,0,1.0,0.0,0.0
lead_nec_r6,temp_opt_r12,lead,block_or_occupancy,lead_nec,temp_opt,lead_nec|v8|s7,temp_opt|v8|o7,0,0,0,0.0,0.003263,0.0261
lead_nec_r6,temp_opt_r2,lead,block_or_occupancy,lead_nec,temp_opt,lead_nec|v8|s7,temp_opt|v6|o7,0,0,0,2.0,0.0,0.0
lead_nec_r6,temp_opt_r3,lead,block_or_occupancy,lead_nec,temp_opt,lead_nec|v8|s7,temp_opt|v6|o8,0,0,0,2.0,0.0,0.0
lead_nec_r6,temp_opt_r4,lead,block_or_occupancy,lead_nec,temp_opt,lead_nec|v8|s7,temp_opt|v7|o6,0,0,0,1.0,0.0,0.0
lead_nec_r6,temp_opt_r5,lead,block_or_occupancy,lead_nec,temp_opt,lead_nec|v8|s7,temp_opt|v7|o7,0,0,0,1.0,0.0,0.0
lead_nec_r6,temp_opt_r6,lead,block_or_occupancy,lead_nec,temp_opt,lead_nec|v8|s7,temp_opt|v7|o8,0,0,0,1.0,0.0,0.0
lead_nec_r6,temp_opt_r7,lead,block_or_occupancy,lead_nec,temp_opt,lead_nec|v8|s7,temp_opt|v8|o6,0,0,0,0.0,0.025325,0.1523
lead_nec_r6,temp_opt_r8,lead,block_or_occupancy,lead_nec,temp_opt,lead_nec|v8|s7,temp_opt|v8|o7,0,0,0,0.0,0.0,0.0
lead_nec_r6,temp_opt_r9,lead,block_or_occupancy,lead_nec,temp_opt,lead_nec|v8|s7,temp_opt|v8|o8,0,0,0,0.0,0.0,0.0
lead_nec_r7,lead_nec_r8,lead,lead,lead_nec,lead_nec,lead_nec|v8|s7,lead_nec|v9|s7,1,1,0,1.0,0.0,0.0
lead_nec_r7,lead_nec_r9,lead,lead,lead_nec,lead_nec,lead_nec|v8|s7,lead_nec|v9|s8,1,1,0,1.0,0.0,0.0
lead_nec_r7,lead_opt_r1,lead,lead,lead_nec,lead_opt,lead_nec|v8|s7,lead_opt|v6|s6,1,0,0,2.0,0.0,0.0
lead_nec_r7,lead_opt_r10,lead,lead,lead_nec,lead_opt,lead_nec|v8|s7,lead_opt|v8|s7,1,0,0,0.0,0.0,0.0
lead_nec_r7,lead_opt_r11,lead,lead,lead_nec,lead_opt,lead_nec|v8|s7,lead_opt|v6|s6,1,0,0,2.0,0.0,0.0
lead_nec_r7,lead_opt_r12,lead,lead,lead_nec,lead_opt,lead_nec|v8|s7,lead_opt|v7|s7,1,0,0,1.0,0.0,0.0
lead_nec_r7,lead_opt_r2,lead,lead,lead_nec,lead_opt,lead_nec|v8|s7,lead_opt|v6|s6,1,0,0,2.0,0.0,0.0
lead_nec_r7,lead_opt_r3,lead,lead,lead_nec,lead_opt,lead_nec|v8|s7,lead_opt|v7|s6,1,0,0,1.0,0.0,0.0
lead_nec_r7,lead_opt_r4,lead,lead,lead_nec,lead_opt,lead_nec|v8|s7,lead_opt|v7|s6,1,0,0,1.0,0.0,0.0
lead_nec_r7,lead_opt_r5,lead,lead,lead_nec,lead_opt,lead_nec|v8|s7,lead_opt|v8|s7,1,0,0,0.0,0.0,0.0
lead_nec_r7,lead_opt_r6,lead,lead,lead_nec,lead_opt,lead_nec|v8|s7,lead_opt|v8|s7,1,0,0,0.0,0.0,0.0
lead_nec_r7,lead_opt_r7,lead,lead,lead_nec,lead_opt,lead_nec|v8|s7,lead_opt|v9|s7,1,0,0,1.0,0.0,0.0
lead_nec_r7,lead_opt_r8,lead,lead,lead_nec,lead_opt,lead_nec|v8|s7,lead_opt|v9|s7,1,0,0,1.0,0.0,0.0
lead_nec_r7,lead_opt_r9,lead,lead,lead_nec,lead_opt,lead_nec|v8|s7,lead_opt|v7|s6,1,0,0,1.0,0.0,0.0
lead_nec_r7,temp_opt_r1,lead,block_or_occupancy,lead_nec,temp_opt,lead_nec|v8|s7,temp_opt|v6|o6,0,0,0,2.0,0.0,0.0
lead_nec_r7,temp_opt_r10,lead,block_or_occupancy,lead_nec,temp_opt,lead_nec|v8|s7,temp_opt|v6|o7,0,0,0,2.0,0.0,0.0
lead_nec_r7,temp_opt_r11,lead,block_or_occupancy,lead_nec,temp_opt,lead_nec|v8|s7,temp_opt|v7|o8,0,0,0,1.0,0.0,0.0
lead_nec_r7,temp_opt_r12,lead,block_or_occupancy,lead_nec,temp_opt,lead_nec|v8|s7,temp_opt|v8|o7,0,0,0,0.0,0.003263,0.0261
lead_nec_r7,temp_opt_r2,lead,block_or_occupancy,lead_nec,temp_opt,lead_nec|v8|s7,temp_opt|v6|o7,0,0,0,2.0,0.0,0.0
lead_nec_r7,temp_opt_r3,lead,block_or_occupancy,lead_nec,temp_opt,lead_nec|v8|s7,temp_opt|v6|o8,0,0,0,2.0,0.0,0.0
lead_nec_r7,temp_opt_r4,lead,block_or_occupancy,lead_nec,temp_opt,lead_nec|v8|s7,temp_opt|v7|o6,0,0,0,1.0,0.0,0.0
lead_nec_r7,temp_opt_r5,lead,block_or_occupancy,lead_nec,temp_opt,lead_nec|v8|s7,temp_opt|v7|o7,0,0,0,1.0,0.0,0.0
lead_nec_r7,temp_opt_r6,lead,block_or_occupancy,lead_nec,temp_opt,lead_nec|v8|s7,temp_opt|v7|o8,0,0,0,1.0,0.0,0.0
lead_nec_r7,temp_opt_r7,lead,block_or_occupancy,lead_nec,temp_opt,lead_nec|v8|s7,temp_opt|v8|o6,0,0,0,0.0,0.025325,0.1523
lead_nec_r7,temp_opt_r8,lead,block_or_occupancy,lead_nec,temp_opt,lead_nec|v8|s7,temp_opt|v8|o7,0,0,0,0.0,0.0,0.0
lead_nec_r7,temp_opt_r9,lead,block_or_occupancy,lead_nec,temp_opt,lead_nec|v8|s7,temp_opt|v8|o8,0,0,0,0.0,0.0,0.0
lead_nec_r8,lead_nec_r9,lead,lead,lead_nec,lead_nec,lead_nec|v9|s7,lead_nec|v9|s8,1,1,0,0.0,0.0,0.0
lead_nec_r8,lead_opt_r1,lead,lead,lead_nec,lead_opt,lead_nec|v9|s7,lead_opt|v6|s6,1,0,0,3.0,0.0,0.0
lead_nec_r8,lead_opt_r10,lead,lead,lead_nec,lead_opt,lead_nec|v9|s7,lead_opt|v8|s7,1,0,0,1.0,0.0,0.0
lead_nec_r8,lead_opt_r11,lead,lead,lead_nec,lead_opt,lead_nec|v9|s7,lead_opt|v6|s6,1,0,0,3.0,0.0,0.0
lead_nec_r8,lead_opt_r12,lead,lead,lead_nec,lead_opt,lead_nec|v9|s7,lead_opt|v7|s7,1,0,0,2.0,0.0,0.0
lead_nec_r8,lead_opt_r2,lead,lead,lead_nec,lead_opt,lead_nec|v9|s7,lead_opt|v6|s6,1,0,0,3.0,0.0,0.0
lead_nec_r8,lead_opt_r3,lead,lead,lead_nec,lead_opt,lead_nec|v9|s7,lead_opt|v7|s6,1,0,0,2.0,0.0,0.0
lead_nec_r8,lead_opt_r4,lead,lead,lead_nec,lead_opt,lead_nec|v9|s7,lead_opt|v7|s6,1,0,0,2.0,0.0,0.0
lead_nec_r8,lead_opt_r5,lead,lead,lead_nec,lead_opt,lead_nec|v9|s7,lead_opt|v8|s7,1,0,0,1.0,0.0,0.0
lead_nec_r8,lead_opt_r6,lead,lead,lead_nec,lead_opt,lead_nec|v9|s7,lead_opt|v8|s7,1,0,0,1.0,0.0,0.0
lead_nec_r8,lead_opt_r7,lead,lead,lead_nec,lead_opt,lead_nec|v9|s7,lead_opt|v9|s7,1,0,0,0.0,0.0,0.0
lead_nec_r8,lead_opt_r8,lead,lead,lead_nec,lead_opt,lead_nec|v9|s7,lead_opt|v9|s7,1,0,0,0.0,0.0,0.0
lead_nec_r8,lead_opt_r9,lead,lead,lead_nec,lead_opt,lead_nec|v9|s7,lead_opt|v7|s6,1,0,0,2.0,0.0,0.0
lead_nec_r8,temp_opt_r1,lead,block_or_occupancy,lead_nec,temp_opt,lead_nec|v9|s7,temp_opt|v6|o6,0,0,0,3.0,0.0,0.0
lead_nec_r8,temp_opt_r10,lead,block_or_occupancy,lead_nec,temp_opt,lead_nec|v9|s7,temp_opt|v6|o7,0,0,0,3.0,0.0,0.0
lead_nec_r8,temp_opt_r11,lead,block_or_occupancy,lead_nec,temp_opt,lead_nec|v9|s7,temp_opt|v7|o8,0,0,0,2.0,0.0,0.0
lead_nec_r8,temp_opt_r12,lead,block_or_occupancy,lead_nec,temp_opt,lead_nec|v9|s7,temp_opt|v8|o7,0,0,0,1.0,0.003263,0.0261
lead_nec_r8,temp_opt_r2,lead,block_or_occupancy,lead_nec,temp_opt,lead_nec|v9|s7,temp_opt|v6|o7,0,0,0,3.0,0.0,0.0
lead_nec_r8,temp_opt_r3,lead,block_or_occupancy,lead_nec,temp_opt,lead_nec|v9|s7,temp_opt|v6|o8,0,0,0,3.0,0.0,0.0
lead_nec_r8,temp_opt_r4,lead,block_or_occupancy,lead_nec,temp_opt,lead_nec|v9|s7,temp_opt|v7|o6,0,0,0,2.0,0.0,0.0
lead_nec_r8,temp_opt_r5,lead,block_or_occupancy,lead_nec,temp_opt,lead_nec|v9|s7,temp_opt|v7|o7,0,0,0,2.0,0.0,0.0
lead_nec_r8,temp_opt_r6,lead,block_or_occupancy,lead_nec,temp_opt,lead_nec|v9|s7,temp_opt|v7|o8,0,0,0,2.0,0.0,0.0
lead_nec_r8,temp_opt_r7,lead,block_or_occupancy,lead_nec,temp_opt,lead_nec|v9|s7,temp_opt|v8|o6,0,0,0,1.0,0.025325,0.1523
lead_nec_r8,temp_opt_r8,lead,block_or_occupancy,lead_nec,temp_opt,lead_nec|v9|s7,temp_opt|v8|o7,0,0,0,1.0,0.0,0.0
lead_nec_r8,temp_opt_r9,lead,block_or_occupancy,lead_nec,temp_opt,lead_nec|v9|s7,temp_opt|v8|o8,0,0,0,1.0,0.0,0.0
lead_nec_r9,lead_opt_r1,lead,lead,lead_nec,lead_opt,lead_nec|v9|s8,lead_opt|v6|s6,1,0,0,3.0,0.0,0.0
lead_nec_r9,lead_opt_r10,lead,lead,lead_nec,lead_opt,lead_nec|v9|s8,lead_opt|v8|s7,1,0,0,1.0,0.0,0.0
lead_nec_r9,lead_opt_r11,lead,lead,lead_nec,lead_opt,lead_nec|v9|s8,lead_opt|v6|s6,1,0,0,3.0,0.0,0.0
lead_nec_r9,lead_opt_r12,lead,lead,lead_nec,lead_opt,lead_nec|v9|s8,lead_opt|v7|s7,1,0,0,2.0,0.0,0.0
lead_nec_r9,lead_opt_r2,lead,lead,lead_nec,lead_opt,lead_nec|v9|s8,lead_opt|v6|s6,1,0,0,3.0,0.0,0.0
lead_nec_r9,lead_opt_r3,lead,lead,lead_nec,lead_opt,lead_nec|v9|s8,lead_opt|v7|s6,1,0,0,2.0,0.0,0.0
lead_nec_r9,lead_opt_r4,lead,lead,lead_nec,lead_opt,lead_nec|v9|s8,lead_opt|v7|s6,1,0,0,2.0,0.0,0.0
lead_nec_r9,lead_opt_r5,lead,lead,lead_nec,lead_opt,lead_nec|v9|s8,lead_opt|v8|s7,1,0,0,1.0,0.0,0.0
lead_nec_r9,lead_opt_r6,lead,lead,lead_nec,lead_opt,lead_nec|v9|s8,lead_opt|v8|s7,1,0,0,1.0,0.0,0.0
lead_nec_r9,lead_opt_r7,lead,lead,lead_nec,lead_opt,lead_nec|v9|s8,lead_opt|v9|s7,1,0,0,0.0,0.0,0.0
lead_nec_r9,lead_opt_r8,lead,lead,lead_nec,lead_opt,lead_nec|v9|s8,lead_opt|v9|s7,1,0,0,0.0,0.0,0.0
lead_nec_r9,lead_opt_r9,lead,lead,lead_nec,lead_opt,lead_nec|v9|s8,lead_opt|v7|s6,1,0,0,2.0,0.0,0.0
lead_nec_r9,temp_opt_r1,lead,block_or_occupancy,lead_nec,temp_opt,lead_nec|v9|s8,temp_opt|v6|o6,0,0,0,3.0,0.0,0.0
lead_nec_r9,temp_opt_r10,lead,block_or_occupancy,lead_nec,temp_opt,lead_nec|v9|s8,temp_opt|v6|o7,0,0,0,3.0,0.0,0.0
lead_nec_r9,temp_opt_r11,lead,block_or_occupancy,lead_nec,temp_opt,lead_nec|v9|s8,temp_opt|v7|o8,0,0,0,2.0,0.0,0.0
lead_nec_r9,temp_opt_r12,lead,block_or_occupancy,lead_nec,temp_opt,lead_nec|v9|s8,temp_opt|v8|o7,0,0,0,1.0,0.003263,0.0261
lead_nec_r9,temp_opt_r2,lead,block_or_occupancy,lead_nec,temp_opt,lead_nec|v9|s8,temp_opt|v6|o7,0,0,0,3.0,0.0,0.0
lead_nec_r9,temp_opt_r3,lead,block_or_occupancy,lead_nec,temp_opt,lead_nec|v9|s8,temp_opt|v6|o8,0,0,0,3.0,0.0,0.0
lead_nec_r9,temp_opt_r4,lead,block_or_occupancy,lead_nec,temp_opt,lead_nec|v9|s8,temp_opt|v7|o6,0,0,0,2.0,0.0,0.0
lead_nec_r9,temp_opt_r5,lead,block_or_occupancy,lead_nec,temp_opt,lead_nec|v9|s8,temp_opt|v7|o7,0,0,0,2.0,0.0,0.0
lead_nec_r9,temp_opt_r6,lead,block_or_occupancy,lead_nec,temp_opt,lead_nec|v9|s8,temp_opt|v7|o8,0,0,0,2.0,0.0,0.0
lead_nec_r9,temp_opt_r7,lead,block_or_occupancy,lead_nec,temp_opt,lead_nec|v9|s8,temp_opt|v8|o6,0,0,0,1.0,0.025325,0.1523
lead_nec_r9,temp_opt_r8,lead,block_or_occupancy,lead_nec,temp_opt,lead_nec|v9|s8,temp_opt|v8|o7,0,0,0,1.0,0.0,0.0
lead_nec_r9,temp_opt_r9,lead,block_or_occupancy,lead_nec,temp_opt,lead_nec|v9|s8,temp_opt|v8|o8,0,0,0,1.0,0.0,0.0
lead_opt_r1,lead_opt_r10,lead,lead,lead_opt,lead_opt,lead_opt|v6|s6,lead_opt|v8|s7,1,1,0,2.0,0.0,0.0
lead_opt_r1,lead_opt_r11,lead,lead,lead_opt,lead_opt,lead_opt|v6|s6,lead_opt|v6|s6,1,1,1,0.0,0.0,0.0
lead_opt_r1,lead_opt_r12,lead,lead,lead_opt,lead_opt,lead_opt|v6|s6,lead_opt|v7|s7,1,1,0,1.0,0.0,0.0
lead_opt_r1,lead_opt_r2,lead,lead,lead_opt,lead_opt,lead_opt|v6|s6,lead_opt|v6|s6,1,1,1,0.0,0.0,0.0
lead_opt_r1,lead_opt_r3,lead,lead,lead_opt,lead_opt,lead_opt|v6|s6,lead_opt|v7|s6,1,1,0,1.0,0.0,0.0
lead_opt_r1,lead_opt_r4,lead,lead,lead_opt,lead_opt,lead_opt|v6|s6,lead_opt|v7|s6,1,1,0,1.0,0.0,0.0
lead_opt_r1,lead_opt_r5,lead,lead,lead_opt,lead_opt,lead_opt|v6|s6,lead_opt|v8|s7,1,1,0,2.0,0.0,0.0
lead_opt_r1,lead_opt_r6,lead,lead,lead_opt,lead_opt,lead_opt|v6|s6,lead_opt|v8|s7,1,1,0,2.0,0.0,0.0
lead_opt_r1,lead_opt_r7,lead,lead,lead_opt,lead_opt,lead_opt|v6|s6,lead_opt|v9|s7,1,1,0,3.0,0.0,0.0
lead_opt_r1,lead_opt_r8,lead,lead,lead_opt,lead_opt,lead_opt|v6|s6,lead_opt|v9|s7,1,1,0,3.0,0.0,0.0
lead_opt_r1,lead_opt_r9,lead,lead,lead_opt,lead_opt,lead_opt|v6|s6,lead_opt|v7|s6,1,1,0,1.0,0.0,0.0
lead_opt_r1,temp_opt_r1,lead,block_or_occupancy,lead_opt,temp_opt,lead_opt|v6|s6,temp_opt|v6|o6,0,0,0,0.0,0.0,0.0
lead_opt_r1,temp_opt_r10,lead,block_or_occupancy,lead_opt,temp_opt,lead_opt|v6|s6,temp_opt|v6|o7,0,0,0,0.0,0.0,0.0
lead_opt_r1,temp_opt_r11,lead,block_or_occupancy,lead_opt,temp_opt,lead_opt|v6|s6,temp_opt|v7|o8,0,0,0,1.0,0.0,0.0
lead_opt_r1,temp_opt_r12,lead,block_or_occupancy,lead_opt,temp_opt,lead_opt|v6|s6,temp_opt|v8|o7,0,0,0,2.0,0.003263,0.0261
lead_opt_r1,temp_opt_r2,lead,block_or_occupancy,lead_opt,temp_opt,lead_opt|v6|s6,temp_opt|v6|o7,0,0,0,0.0,0.0,0.0
lead_opt_r1,temp_opt_r3,lead,block_or_occupancy,lead_opt,temp_opt,lead_opt|v6|s6,temp_opt|v6|o8,0,0,0,0.0,0.0,0.0
lead_opt_r1,temp_opt_r4,lead,block_or_occupancy,lead_opt,temp_opt,lead_opt|v6|s6,temp_opt|v7|o6,0,0,0,1.0,0.0,0.0
lead_opt_r1,temp_opt_r5,lead,block_or_occupancy,lead_opt,temp_opt,lead_opt|v6|s6,temp_opt|v7|o7,0,0,0,1.0,0.0,0.0
lead_opt_r1,temp_opt_r6,lead,block_or_occupancy,lead_opt,temp_opt,lead_opt|v6|s6,temp_opt|v7|o8,0,0,0,1.0,0.0,0.0
lead_opt_r1,temp_opt_r7,lead,block_or_occupancy,lead_opt,temp_opt,lead_opt|v6|s6,temp_opt|v8|o6,0,0,0,2.0,0.025325,0.1523
lead_opt_r1,temp_opt_r8,lead,block_or_occupancy,lead_opt,temp_opt,lead_opt|v6|s6,temp_opt|v8|o7,0,0,0,2.0,0.0,0.0
lead_opt_r1,temp_opt_r9,lead,block_or_occupancy,lead_opt,temp_opt,lead_opt|v6|s6,temp_opt|v8|o8,0,0,0,2.0,0.0,0.0
lead_opt_r10,lead_opt_r11,lead,lead,lead_opt,lead_opt,lead_opt|v8|s7,lead_opt|v6|s6,1,1,0,2.0,0.0,0.0
lead_opt_r10,lead_opt_r12,lead,lead,lead_opt,lead_opt,lead_opt|v8|s7,lead_opt|v7|s7,1,1,0,1.0,0.0,0.0
lead_opt_r10,lead_opt_r2,lead,lead,lead_opt,lead_opt,lead_opt|v8|s7,lead_opt|v6|s6,1,1,0,2.0,0.0,0.0
lead_opt_r10,lead_opt_r3,lead,lead,lead_opt,lead_opt,lead_opt|v8|s7,lead_opt|v7|s6,1,1,0,1.0,0.0,0.0
lead_opt_r10,lead_opt_r4,lead,lead,lead_opt,lead_opt,lead_opt|v8|s7,lead_opt|v7|s6,1,1,0,1.0,0.0,0.0
lead_opt_r10,lead_opt_r5,lead,lead,lead_opt,lead_opt,lead_opt|v8|s7,lead_opt|v8|s7,1,1,1,0.0,0.0,0.0
lead_opt_r10,lead_opt_r6,lead,lead,lead_opt,lead_opt,lead_opt|v8|s7,lead_opt|v8|s7,1,1,1,0.0,0.0,0.0
lead_opt_r10,lead_opt_r7,lead,lead,lead_opt,lead_opt,lead_opt|v8|s7,lead_opt|v9|s7,1,1,0,1.0,0.0,0.0
lead_opt_r10,lead_opt_r8,lead,lead,lead_opt,lead_opt,lead_opt|v8|s7,lead_opt|v9|s7,1,1,0,1.0,0.0,0.0
lead_opt_r10,lead_opt_r9,lead,lead,lead_opt,lead_opt,lead_opt|v8|s7,lead_opt|v7|s6,1,1,0,1.0,0.0,0.0
lead_opt_r10,temp_opt_r1,lead,block_or_occupancy,lead_opt,temp_opt,lead_opt|v8|s7,temp_opt|v6|o6,0,0,0,2.0,0.0,0.0
lead_opt_r10,temp_opt_r10,lead,block_or_occupancy,lead_opt,temp_opt,lead_opt|v8|s7,temp_opt|v6|o7,0,0,0,2.0,0.0,0.0
lead_opt_r10,temp_opt_r11,lead,block_or_occupancy,lead_opt,temp_opt,lead_opt|v8|s7,temp_opt|v7|o8,0,0,0,1.0,0.0,0.0
lead_opt_r10,temp_opt_r12,lead,block_or_occupancy,lead_opt,temp_opt,lead_opt|v8|s7,temp_opt|v8|o7,0,0,0,0.0,0.003263,0.0261
lead_opt_r10,temp_opt_r2,lead,block_or_occupancy,lead_opt,temp_opt,lead_opt|v8|s7,temp_opt|v6|o7,0,0,0,2.0,0.0,0.0
lead_opt_r10,temp_opt_r3,lead,block_or_occupancy,lead_opt,temp_opt,lead_opt|v8|s7,temp_opt|v6|o8,0,0,0,2.0,0.0,0.0
lead_opt_r10,temp_opt_r4,lead,block_or_occupancy,lead_opt,temp_opt,lead_opt|v8|s7,temp_opt|v7|o6,0,0,0,1.0,0.0,0.0
lead_opt_r10,temp_opt_r5,lead,block_or_occupancy,lead_opt,temp_opt,lead_opt|v8|s7,temp_opt|v7|o7,0,0,0,1.0,0.0,0.0
lead_opt_r10,temp_opt_r6,lead,block_or_occupancy,lead_opt,temp_opt,lead_opt|v8|s7,temp_opt|v7|o8,0,0,0,1.0,0.0,0.0
lead_opt_r10,temp_opt_r7,lead,block_or_occupancy,lead_opt,temp_opt,lead_opt|v8|s7,temp_opt|v8|o6,0,0,0,0.0,0.025325,0.1523
lead_opt_r10,temp_opt_r8,lead,block_or_occupancy,lead_opt,temp_opt,lead_opt|v8|s7,temp_opt|v8|o7,0,0,0,0.0,0.0,0.0
lead_opt_r10,temp_opt_r9,lead,block_or_occupancy,lead_opt,temp_opt,lead_opt|v8|s7,temp_opt|v8|o8,0,0,0,0.0,0.0,0.0
lead_opt_r11,lead_opt_r12,lead,lead,lead_opt,lead_opt,lead_opt|v6|s6,lead_opt|v7|s7,1,1,0,1.0,0.0,0.0
lead_opt_r11,lead_opt_r2,lead,lead,lead_opt,lead_opt,lead_opt|v6|s6,lead_opt|v6|s6,1,1,1,0.0,0.0,0.0
lead_opt_r11,lead_opt_r3,lead,lead,lead_opt,lead_opt,lead_opt|v6|s6,lead_opt|v7|s6,1,1,0,1.0,0.0,0.0
lead_opt_r11,lead_opt_r4,lead,lead,lead_opt,lead_opt,lead_opt|v6|s6,lead_opt|v7|s6,1,1,0,1.0,0.0,0.0
lead_opt_r11,lead_opt_r5,lead,lead,lead_opt,lead_opt,lead_opt|v6|s6,lead_opt|v8|s7,1,1,0,2.0,0.0,0.0
lead_opt_r11,lead_opt_r6,lead,lead,lead_opt,lead_opt,lead_opt|v6|s6,lead_opt|v8|s7,1,1,0,2.0,0.0,0.0
lead_opt_r11,lead_opt_r7,lead,lead,lead_opt,lead_opt,lead_opt|v6|s6,lead_opt|v9|s7,1,1,0,3.0,0.0,0.0
lead_opt_r11,lead_opt_r8,lead,lead,lead_opt,lead_opt,lead_opt|v6|s6,lead_opt|v9|s7,1,1,0,3.0,0.0,0.0
lead_opt_r11,lead_opt_r9,lead,lead,lead_opt,lead_opt,lead_opt|v6|s6,lead_opt|v7|s6,1,1,0,1.0,0.0,0.0
lead_opt_r11,temp_opt_r1,lead,block_or_occupancy,lead_opt,temp_opt,lead_opt|v6|s6,temp_opt|v6|o6,0,0,0,0.0,0.0,0.0
lead_opt_r11,temp_opt_r10,lead,block_or_occupancy,lead_opt,temp_opt,lead_opt|v6|s6,temp_opt|v6|o7,0,0,0,0.0,0.0,0.0
lead_opt_r11,temp_opt_r11,lead,block_or_occupancy,lead_opt,temp_opt,lead_opt|v6|s6,temp_opt|v7|o8,0,0,0,1.0,0.0,0.0
lead_opt_r11,temp_opt_r12,lead,block_or_occupancy,lead_opt,temp_opt,lead_opt|v6|s6,temp_opt|v8|o7,0,0,0,2.0,0.003263,0.0261
lead_opt_r11,temp_opt_r2,lead,block_or_occupancy,lead_opt,temp_opt,lead_opt|v6|s6,temp_opt|v6|o7,0,0,0,0.0,0.0,0.0
lead_opt_r11,temp_opt_r3,lead,block_or_occupancy,lead_opt,temp_opt,lead_opt|v6|s6,temp_opt|v6|o8,0,0,0,0.0,0.0,0.0
lead_opt_r11,temp_opt_r4,lead,block_or_occupancy,lead_opt,temp_opt,lead_opt|v6|s6,temp_opt|v7|o6,0,0,0,1.0,0.0,0.0
lead_opt_r11,temp_opt_r5,lead,block_or_occupancy,lead_opt,temp_opt,lead_opt|v6|s6,temp_opt|v7|o7,0,0,0,1.0,0.0,0.0
lead_opt_r11,temp_opt_r6,lead,block_or_occupancy,lead_opt,temp_opt,lead_opt|v6|s6,temp_opt|v7|o8,0,0,0,1.0,0.0,0.0
lead_opt_r11,temp_opt_r7,lead,block_or_occupancy,lead_opt,temp_opt,lead_opt|v6|s6,temp_opt|v8|o6,0,0,0,2.0,0.025325,0.1523
lead_opt_r11,temp_opt_r8,lead,block_or_occupancy,lead_opt,temp_opt,lead_opt|v6|s6,temp_opt|v8|o7,0,0,0,2.0,0.0,0.0
lead_opt_r11,temp_opt_r9,lead,block_or_occupancy,lead_opt,temp_opt,lead_opt|v6|s6,temp_opt|v8|o8,0,0,0,2.0,0.0,0.0
lead_opt_r12,lead_opt_r2,lead,lead,lead_opt,lead_opt,lead_opt|v7|s7,lead_opt|v6|s6,1,1,0,1.0,0.0,0.0
lead_opt_r12,lead_opt_r3,lead,lead,lead_opt,lead_opt,lead_opt|v7|s7,lead_opt|v7|s6,1,1,0,0.0,0.0,0.0
lead_opt_r12,lead_opt_r4,lead,lead,lead_opt,lead_opt,lead_opt|v7|s7,lead_opt|v7|s6,1,1,0,0.0,0.0,0.0
lead_opt_r12,lead_opt_r5,lead,lead,lead_opt,lead_opt,lead_opt|v7|s7,lead_opt|v8|s7,1,1,0,1.0,0.0,0.0
lead_opt_r12,lead_opt_r6,lead,lead,lead_opt,lead_opt,lead_opt|v7|s7,lead_opt|v8|s7,1,1,0,1.0,0.0,0.0
lead_opt_r12,lead_opt_r7,lead,lead,lead_opt,lead_opt,lead_opt|v7|s7,lead_opt|v9|s7,1,1,0,2.0,0.0,0.0
lead_opt_r12,lead_opt_r8,lead,lead,lead_opt,lead_opt,lead_opt|v7|s7,lead_opt|v9|s7,1,1,0,2.0,0.0,0.0
lead_opt_r12,lead_opt_r9,lead,lead,lead_opt,lead_opt,lead_opt|v7|s7,lead_opt|v7|s6,1,1,0,0.0,0.0,0.0
lead_opt_r12,temp_opt_r1,lead,block_or_occupancy,lead_opt,temp_opt,lead_opt|v7|s7,temp_opt|v6|o6,0,0,0,1.0,0.0,0.0
lead_opt_r12,temp_opt_r10,lead,block_or_occupancy,lead_opt,temp_opt,lead_opt|v7|s7,temp_opt|v6|o7,0,0,0,1.0,0.0,0.0
lead_opt_r12,temp_opt_r11,lead,block_or_occupancy,lead_opt,temp_opt,lead_opt|v7|s7,temp_opt|v7|o8,0,0,0,0.0,0.0,0.0
lead_opt_r12,temp_opt_r12,lead,block_or_occupancy,lead_opt,temp_opt,lead_opt|v7|s7,temp_opt|v8|o7,0,0,0,1.0,0.003263,0.0261
lead_opt_r12,temp_opt_r2,lead,block_or_occupancy,lead_opt,temp_opt,lead_opt|v7|s7,temp_opt|v6|o7,0,0,0,1.0,0.0,0.0
lead_opt_r12,temp_opt_r3,lead,block_or_occupancy,lead_opt,temp_opt,lead_opt|v7|s7,temp_opt|v6|o8,0,0,0,1.0,0.0,0.0
lead_opt_r12,temp_opt_r4,lead,block_or_occupancy,lead_opt,temp_opt,lead_opt|v7|s7,temp_opt|v7|o6,0,0,0,0.0,0.0,0.0
lead_opt_r12,temp_opt_r5,lead,block_or_occupancy,lead_opt,temp_opt,lead_opt|v7|s7,temp_opt|v7|o7,0,0,0,0.0,0.0,0.0
lead_opt_r12,temp_opt_r6,lead,block_or_occupancy,lead_opt,temp_opt,lead_opt|v7|s7,temp_opt|v7|o8,0,0,0,0.0,0.0,0.0
lead_opt_r12,temp_opt_r7,lead,block_or_occupancy,lead_opt,temp_opt,lead_opt|v7|s7,temp_opt|v8|o6,0,0,0,1.0,0.025325,0.1523
lead_opt_r12,temp_opt_r8,lead,block_or_occupancy,lead_opt,temp_opt,lead_opt|v7|s7,temp_opt|v8|o7,0,0,0,1.0,0.0,0.0
lead_opt_r12,temp_opt_r9,lead,block_or_occupancy,lead_opt,temp_opt,lead_opt|v7|s7,temp_opt|v8|o8,0,0,0,1.0,0.0,0.0
lead_opt_r2,lead_opt_r3,lead,lead,lead_opt,lead_opt,lead_opt|v6|s6,lead_opt|v7|s6,1,1,0,1.0,0.0,0.0
lead_opt_r2,lead_opt_r4,lead,lead,lead_opt,lead_opt,lead_opt|v6|s6,lead_opt|v7|s6,1,1,0,1.0,0.0,0.0
lead_opt_r2,lead_opt_r5,lead,lead,lead_opt,lead_opt,lead_opt|v6|s6,lead_opt|v8|s7,1,1,0,2.0,0.0,0.0
lead_opt_r2,lead_opt_r6,lead,lead,lead_opt,lead_opt,lead_opt|v6|s6,lead_opt|v8|s7,1,1,0,2.0,0.0,0.0
lead_opt_r2,lead_opt_r7,lead,lead,lead_opt,lead_opt,lead_opt|v6|s6,lead_opt|v9|s7,1,1,0,3.0,0.0,0.0
lead_opt_r2,lead_opt_r8,lead,lead,lead_opt,lead_opt,lead_opt|v6|s6,lead_opt|v9|s7,1,1,0,3.0,0.0,0.0
lead_opt_r2,lead_opt_r9,lead,lead,lead_opt,lead_opt,lead_opt|v6|s6,lead_opt|v7|s6,1,1,0,1.0,0.0,0.0
lead_opt_r2,temp_opt_r1,lead,block_or_occupancy,lead_opt,temp_opt,lead_opt|v6|s6,temp_opt|v6|o6,0,0,0,0.0,0.0,0.0
lead_opt_r2,temp_opt_r10,lead,block_or_occupancy,lead_opt,temp_opt,lead_opt|v6|s6,temp_opt|v6|o7,0,0,0,0.0,0.0,0.0
lead_opt_r2,temp_opt_r11,lead,block_or_occupancy,lead_opt,temp_opt,lead_opt|v6|s6,temp_opt|v7|o8,0,0,0,1.0,0.0,0.0
lead_opt_r2,temp_opt_r12,lead,block_or_occupancy,lead_opt,temp_opt,lead_opt|v6|s6,temp_opt|v8|o7,0,0,0,2.0,0.003263,0.0261
lead_opt_r2,temp_opt_r2,lead,block_or_occupancy,lead_opt,temp_opt,lead_opt|v6|s6,temp_opt|v6|o7,0,0,0,0.0,0.0,0.0
lead_opt_r2,temp_opt_r3,lead,block_or_occupancy,lead_opt,temp_opt,lead_opt|v6|s6,temp_opt|v6|o8,0,0,0,0.0,0.0,0.0
lead_opt_r2,temp_opt_r4,lead,block_or_occupancy,lead_opt,temp_opt,lead_opt|v6|s6,temp_opt|v7|o6,0,0,0,1.0,0.0,0.0
lead_opt_r2,temp_opt_r5,lead,block_or_occupancy,lead_opt,temp_opt,lead_opt|v6|s6,temp_opt|v7|o7,0,0,0,1.0,0.0,0.0
lead_opt_r2,temp_opt_r6,lead,block_or_occupancy,lead_opt,temp_opt,lead_opt|v6|s6,temp_opt|v7|o8,0,0,0,1.0,0.0,0.0
lead_opt_r2,temp_opt_r7,lead,block_or_occupancy,lead_opt,temp_opt,lead_opt|v6|s6,temp_opt|v8|o6,0,0,0,2.0,0.025325,0.1523
lead_opt_r2,temp_opt_r8,lead,block_or_occupancy,lead_opt,temp_opt,lead_opt|v6|s6,temp_opt|v8|o7,0,0,0,2.0,0.0,0.0
lead_opt_r2,temp_opt_r9,lead,block_or_occupancy,lead_opt,temp_opt,lead_opt|v6|s6,temp_opt|v8|o8,0,0,0,2.0,0.0,0.0
lead_opt_r3,lead_opt_r4,lead,lead,lead_opt,lead_opt,lead_opt|v7|s6,lead_opt|v7|s6,1,1,1,0.0,0.0,0.0
lead_opt_r3,lead_opt_r5,lead,lead,lead_opt,lead_opt,lead_opt|v7|s6,lead_opt|v8|s7,1,1,0,1.0,0.0,0.0
lead_opt_r3,lead_opt_r6,lead,lead,lead_opt,lead_opt,lead_opt|v7|s6,lead_opt|v8|s7,1,1,0,1.0,0.0,0.0
lead_opt_r3,lead_opt_r7,lead,lead,lead_opt,lead_opt,lead_opt|v7|s6,lead_opt|v9|s7,1,1,0,2.0,0.0,0.0
lead_opt_r3,lead_opt_r8,lead,lead,lead_opt,lead_opt,lead_opt|v7|s6,lead_opt|v9|s7,1,1,0,2.0,0.0,0.0
lead_opt_r3,lead_opt_r9,lead,lead,lead_opt,lead_opt,lead_opt|v7|s6,lead_opt|v7|s6,1,1,1,0.0,0.0,0.0
lead_opt_r3,temp_opt_r1,lead,block_or_occupancy,lead_opt,temp_opt,lead_opt|v7|s6,temp_opt|v6|o6,0,0,0,1.0,0.0,0.0
lead_opt_r3,temp_opt_r10,lead,block_or_occupancy,lead_opt,temp_opt,lead_opt|v7|s6,temp_opt|v6|o7,0,0,0,1.0,0.0,0.0
lead_opt_r3,temp_opt_r11,lead,block_or_occupancy,lead_opt,temp_opt,lead_opt|v7|s6,temp_opt|v7|o8,0,0,0,0.0,0.0,0.0
lead_opt_r3,temp_opt_r12,lead,block_or_occupancy,lead_opt,temp_opt,lead_opt|v7|s6,temp_opt|v8|o7,0,0,0,1.0,0.003263,0.0261
lead_opt_r3,temp_opt_r2,lead,block_or_occupancy,lead_opt,temp_opt,lead_opt|v7|s6,temp_opt|v6|o7,0,0,0,1.0,0.0,0.0
lead_opt_r3,temp_opt_r3,lead,block_or_occupancy,lead_opt,temp_opt,lead_opt|v7|s6,temp_opt|v6|o8,0,0,0,1.0,0.0,0.0
lead_opt_r3,temp_opt_r4,lead,block_or_occupancy,lead_opt,temp_opt,lead_opt|v7|s6,temp_opt|v7|o6,0,0,0,0.0,0.0,0.0
lead_opt_r3,temp_opt_r5,lead,block_or_occupancy,lead_opt,temp_opt,lead_opt|v7|s6,temp_opt|v7|o7,0,0,0,0.0,0.0,0.0
lead_opt_r3,temp_opt_r6,lead,block_or_occupancy,lead_opt,temp_opt,lead_opt|v7|s6,temp_opt|v7|o8,0,0,0,0.0,0.0,0.0
lead_opt_r3,temp_opt_r7,lead,block_or_occupancy,lead_opt,temp_opt,lead_opt|v7|s6,temp_opt|v8|o6,0,0,0,1.0,0.025325,0.1523
lead_opt_r3,temp_opt_r8,lead,block_or_occupancy,lead_opt,temp_opt,lead_opt|v7|s6,temp_opt|v8|o7,0,0,0,1.0,0.0,0.0
lead_opt_r3,temp_opt_r9,lead,block_or_occupancy,lead_opt,temp_opt,lead_opt|v7|s6,temp_opt|v8|o8,0,0,0,1.0,0.0,0.0
lead_opt_r4,lead_opt_r5,lead,lead,lead_opt,lead_opt,lead_opt|v7|s6,lead_opt|v8|s7,1,1,0,1.0,0.0,0.0
lead_opt_r4,lead_opt_r6,lead,lead,lead_opt,lead_opt,lead_opt|v7|s6,lead_opt|v8|s7,1,1,0,1.0,0.0,0.0
lead_opt_r4,lead_opt_r7,lead,lead,lead_opt,lead_opt,lead_opt|v7|s6,lead_opt|v9|s7,1,1,0,2.0,0.0,0.0
lead_opt_r4,lead_opt_r8,lead,lead,lead_opt,lead_opt,lead_opt|v7|s6,lead_opt|v9|s7,1,1,0,2.0,0.0,0.0
lead_opt_r4,lead_opt_r9,lead,lead,lead_opt,lead_opt,lead_opt|v7|s6,lead_opt|v7|s6,1,1,1,0.0,0.0,0.0
lead_opt_r4,temp_opt_r1,lead,block_or_occupancy,lead_opt,temp_opt,lead_opt|v7|s6,temp_opt|v6|o6,0,0,0,1.0,0.0,0.0
lead_opt_r4,temp_opt_r10,lead,block_or_occupancy,lead_opt,temp_opt,lead_opt|v7|s6,temp_opt|v6|o7,0,0,0,1.0,0.0,0.0
lead_opt_r4,temp_opt_r11,lead,block_or_occupancy,lead_opt,temp_opt,lead_opt|v7|s6,temp_opt|v7|o8,0,0,0,0.0,0.0,0.0
lead_opt_r4,temp_opt_r12,lead,block_or_occupancy,lead_opt,temp_opt,lead_opt|v7|s6,temp_opt|v8|o7,0,0,0,1.0,0.003263,0.0261
lead_opt_r4,temp_opt_r2,lead,block_or_occupancy,lead_opt,temp_opt,lead_opt|v7|s6,temp_opt|v6|o7,0,0,0,1.0,0.0,0.0
lead_opt_r4,temp_opt_r3,lead,block_or_occupancy,lead_opt,temp_opt,lead_opt|v7|s6,temp_opt|v6|o8,0,0,0,1.0,0.0,0.0
lead_opt_r4,temp_opt_r4,lead,block_or_occupancy,lead_opt,temp_opt,lead_opt|v7|s6,temp_opt|v7|o6,0,0,0,0.0,0.0,0.0
lead_opt_r4,temp_opt_r5,lead,block_or_occupancy,lead_opt,temp_opt,lead_opt|v7|s6,temp_opt|v7|o7,0,0,0,0.0,0.0,0.0
lead_opt_r4,temp_opt_r6,lead,block_or_occupancy,lead_opt,temp_opt,lead_opt|v7|s6,temp_opt|v7|o8,0,0,0,0.0,0.0,0.0
lead_opt_r4,temp_opt_r7,lead,block_or_occupancy,lead_opt,temp_opt,lead_opt|v7|s6,temp_opt|v8|o6,0,0,0,1.0,0.025325,0.1523
lead_opt_r4,temp_opt_r8,lead,block_or_occupancy,lead_opt,temp_opt,lead_opt|v7|s6,temp_opt|v8|o7,0,0,0,1.0,0.0,0.0
lead_opt_r4,temp_opt_r9,lead,block_or_occupancy,lead_opt,temp_opt,lead_opt|v7|s6,temp_opt|v8|o8,0,0,0,1.0,0.0,0.0
lead_opt_r5,lead_opt_r6,lead,lead,lead_opt,lead_opt,lead_opt|v8|s7,lead_opt|v8|s7,1,1,1,0.0,0.0,0.0
lead_opt_r5,lead_opt_r7,lead,lead,lead_opt,lead_opt,lead_opt|v8|s7,lead_opt|v9|s7,1,1,0,1.0,0.0,0.0
lead_opt_r5,lead_opt_r8,lead,lead,lead_opt,lead_opt,lead_opt|v8|s7,lead_opt|v9|s7,1,1,0,1.0,0.0,0.0
lead_opt_r5,lead_opt_r9,lead,lead,lead_opt,lead_opt,lead_opt|v8|s7,lead_opt|v7|s6,1,1,0,1.0,0.0,0.0
lead_opt_r5,temp_opt_r1,lead,block_or_occupancy,lead_opt,temp_opt,lead_opt|v8|s7,temp_opt|v6|o6,0,0,0,2.0,0.0,0.0
lead_opt_r5,temp_opt_r10,lead,block_or_occupancy,lead_opt,temp_opt,lead_opt|v8|s7,temp_opt|v6|o7,0,0,0,2.0,0.0,0.0
lead_opt_r5,temp_opt_r11,lead,block_or_occupancy,lead_opt,temp_opt,lead_opt|v8|s7,temp_opt|v7|o8,0,0,0,1.0,0.0,0.0
lead_opt_r5,temp_opt_r12,lead,block_or_occupancy,lead_opt,temp_opt,lead_opt|v8|s7,temp_opt|v8|o7,0,0,0,0.0,0.003263,0.0261
lead_opt_r5,temp_opt_r2,lead,block_or_occupancy,lead_opt,temp_opt,lead_opt|v8|s7,temp_opt|v6|o7,0,0,0,2.0,0.0,0.0
lead_opt_r5,temp_opt_r3,lead,block_or_occupancy,lead_opt,temp_opt,lead_opt|v8|s7,temp_opt|v6|o8,0,0,0,2.0,0.0,0.0
lead_opt_r5,temp_opt_r4,lead,block_or_occupancy,lead_opt,temp_opt,lead_opt|v8|s7,temp_opt|v7|o6,0,0,0,1.0,0.0,0.0
lead_opt_r5,temp_opt_r5,lead,block_or_occupancy,lead_opt,temp_opt,lead_opt|v8|s7,temp_opt|v7|o7,0,0,0,1.0,0.0,0.0
lead_opt_r5,temp_opt_r6,lead,block_or_occupancy,lead_opt,temp_opt,lead_opt|v8|s7,temp_opt|v7|o8,0,0,0,1.0,0.0,0.0
lead_opt_r5,temp_opt_r7,lead,block_or_occupancy,lead_opt,temp_opt,lead_opt|v8|s7,temp_opt|v8|o6,0,0,0,0.0,0.025325,0.1523
lead_opt_r5,temp_opt_r8,lead,block_or_occupancy,lead_opt,temp_opt,lead_opt|v8|s7,temp_opt|v8|o7,0,0,0,0.0,0.0,0.0
lead_opt_r5,temp_opt_r9,lead,block_or_occupancy,lead_opt,temp_opt,lead_opt|v8|s7,temp_opt|v8|o8,0,0,0,0.0,0.0,0.0
lead_opt_r6,lead_opt_r7,lead,lead,lead_opt,lead_opt,lead_opt|v8|s7,lead_opt|v9|s7,1,1,0,1.0,0.0,0.0
lead_opt_r6,lead_opt_r8,lead,lead,lead_opt,lead_opt,lead_opt|v8|s7,lead_opt|v9|s7,1,1,0,1.0,0.0,0.0
lead_opt_r6,lead_opt_r9,lead,lead,lead_opt,lead_opt,lead_opt|v8|s7,lead_opt|v7|s6,1,1,0,1.0,0.0,0.0
lead_opt_r6,temp_opt_r1,lead,block_or_occupancy,lead_opt,temp_opt,lead_opt|v8|s7,temp_opt|v6|o6,0,0,0,2.0,0.0,0.0
lead_opt_r6,temp_opt_r10,lead,block_or_occupancy,lead_opt,temp_opt,lead_opt|v8|s7,temp_opt|v6|o7,0,0,0,2.0,0.0,0.0
lead_opt_r6,temp_opt_r11,lead,block_or_occupancy,lead_opt,temp_opt,lead_opt|v8|s7,temp_opt|v7|o8,0,0,0,1.0,0.0,0.0
lead_opt_r6,temp_opt_r12,lead,block_or_occupancy,lead_opt,temp_opt,lead_opt|v8|s7,temp_opt|v8|o7,0,0,0,0.0,0.003263,0.0261
lead_opt_r6,temp_opt_r2,lead,block_or_occupancy,lead_opt,temp_opt,lead_opt|v8|s7,temp_opt|v6|o7,0,0,0,2.0,0.0,0.0
lead_opt_r6,temp_opt_r3,lead,block_or_occupancy,lead_opt,temp_opt,lead_opt|v8|s7,temp_opt|v6|o8,0,0,0,2.0,0.0,0.0
lead_opt_r6,temp_opt_r4,lead,block_or_occupancy,lead_opt,temp_opt,lead_opt|v8|s7,temp_opt|v7|o6,0,0,0,1.0,0.0,0.0
lead_opt_r6,temp_opt_r5,lead,block_or_occupancy,lead_opt,temp_opt,lead_opt|v8|s7,temp_opt|v7|o7,0,0,0,1.0,0.0,0.0
lead_opt_r6,temp_opt_r6,lead,block_or_occupancy,lead_opt,temp_opt,lead_opt|v8|s7,temp_opt|v7|o8,0,0,0,1.0,0.0,0.0
lead_opt_r6,temp_opt_r7,lead,block_or_occupancy,lead_opt,temp_opt,lead_opt|v8|s7,temp_opt|v8|o6,0,0,0,0.0,0.025325,0.1523
lead_opt_r6,temp_opt_r8,lead,block_or_occupancy,lead_opt,temp_opt,lead_opt|v8|s7,temp_opt|v8|o7,0,0,0,0.0,0.0,0.0
lead_opt_r6,temp_opt_r9,lead,block_or_occupancy,lead_opt,temp_opt,lead_opt|v8|s7,temp_opt|v8|o8,0,0,0,0.0,0.0,0.0
lead_opt_r7,lead_opt_r8,lead,lead,lead_opt,lead_opt,lead_opt|v9|s7,lead_opt|v9|s7,1,1,1,0.0,0.0,0.0
lead_opt_r7,lead_opt_r9,lead,lead,lead_opt,lead_opt,lead_opt|v9|s7,lead_opt|v7|s6,1,1,0,2.0,0.0,0.0
lead_opt_r7,temp_opt_r1,lead,block_or_occupancy,lead_opt,temp_opt,lead_opt|v9|s7,temp_opt|v6|o6,0,0,0,3.0,0.0,0.0
lead_opt_r7,temp_opt_r10,lead,block_or_occupancy,lead_opt,temp_opt,lead_opt|v9|s7,temp_opt|v6|o7,0,0,0,3.0,0.0,0.0
lead_opt_r7,temp_opt_r11,lead,block_or_occupancy,lead_opt,temp_opt,lead_opt|v9|s7,temp_opt|v7|o8,0,0,0,2.0,0.0,0.0
lead_opt_r7,temp_opt_r12,lead,block_or_occupancy,lead_opt,temp_opt,lead_opt|v9|s7,temp_opt|v8|o7,0,0,0,1.0,0.003263,0.0261
lead_opt_r7,temp_opt_r2,lead,block_or_occupancy,lead_opt,temp_opt,lead_opt|v9|s7,temp_opt|v6|o7,0,0,0,3.0,0.0,0.0
lead_opt_r7,temp_opt_r3,lead,block_or_occupancy,lead_opt,temp_opt,lead_opt|v9|s7,temp_opt|v6|o8,0,0,0,3.0,0.0,0.0
lead_opt_r7,temp_opt_r4,lead,block_or_occupancy,lead_opt,temp_opt,lead_opt|v9|s7,temp_opt|v7|o6,0,0,0,2.0,0.0,0.0
lead_opt_r7,temp_opt_r5,lead,block_or_occupancy,lead_opt,temp_opt,lead_opt|v9|s7,temp_opt|v7|o7,0,0,0,2.0,0.0,0.0
lead_opt_r7,temp_opt_r6,lead,block_or_occupancy,lead_opt,temp_opt,lead_opt|v9|s7,temp_opt|v7|o8,0,0,0,2.0,0.0,0.0
lead_opt_r7,temp_opt_r7,lead,block_or_occupancy,lead_opt,temp_opt,lead_opt|v9|s7,temp_opt|v8|o6,0,0,0,1.0,0.025325,0.1523
lead_opt_r7,temp_opt_r8,lead,block_or_occupancy,lead_opt,temp_opt,lead_opt|v9|s7,temp_opt|v8|o7,0,0,0,1.0,0.0,0.0
lead_opt_r7,temp_opt_r9,lead,block_or_occupancy,lead_opt,temp_opt,lead_opt|v9|s7,temp_opt|v8|o8,0,0,0,1.0,0.0,0.0
lead_opt_r8,lead_opt_r9,lead,lead,lead_opt,lead_opt,lead_opt|v9|s7,lead_opt|v7|s6,1,1,0,2.0,0.0,0.0
lead_opt_r8,temp_opt_r1,lead,block_or_occupancy,lead_opt,temp_opt,lead_opt|v9|s7,temp_opt|v6|o6,0,0,0,3.0,0.0,0.0
lead_opt_r8,temp_opt_r10,lead,block_or_occupancy,lead_opt,temp_opt,lead_opt|v9|s7,temp_opt|v6|o7,0,0,0,3.0,0.0,0.0
lead_opt_r8,temp_opt_r11,lead,block_or_occupancy,lead_opt,temp_opt,lead_opt|v9|s7,temp_opt|v7|o8,0,0,0,2.0,0.0,0.0
lead_opt_r8,temp_opt_r12,lead,block_or_occupancy,lead_opt,temp_opt,lead_opt|v9|s7,temp_opt|v8|o7,0,0,0,1.0,0.003263,0.0261
lead_opt_r8,temp_opt_r2,lead,block_or_occupancy,lead_opt,temp_opt,lead_opt|v9|s7,temp_opt|v6|o7,0,0,0,3.0,0.0,0.0
lead_opt_r8,temp_opt_r3,lead,block_or_occupancy,lead_opt,temp_opt,lead_opt|v9|s7,temp_opt|v6|o8,0,0,0,3.0,0.0,0.0
lead_opt_r8,temp_opt_r4,lead,block_or_occupancy,lead_opt,temp_opt,lead_opt|v9|s7,temp_opt|v7|o6,0,0,0,2.0,0.0,0.0
lead_opt_r8,temp_opt_r5,lead,block_or_occupancy,lead_opt,temp_opt,lead_opt|v9|s7,temp_opt|v7|o7,0,0,0,2.0,0.0,0.0
lead_opt_r8,temp_opt_r6,lead,block_or_occupancy,lead_opt,temp_opt,lead_opt|v9|s7,temp_opt|v7|o8,0,0,0,2.0,0.0,0.0
lead_opt_r8,temp_opt_r7,lead,block_or_occupancy,lead_opt,temp_opt,lead_opt|v9|s7,temp_opt|v8|o6,0,0,0,1.0,0.025325,0.1523
lead_opt_r8,temp_opt_r8,lead,block_or_occupancy,lead_opt,temp_opt,lead_opt|v9|s7,temp_opt|v8|o7,0,0,0,1.0,0.0,0.0
lead_opt_r8,temp_opt_r9,lead,block_or_occupancy,lead_opt,temp_opt,lead_opt|v9|s7,temp_opt|v8|o8,0,0,0,1.0,0.0,0.0
lead_opt_r9,temp_opt_r1,lead,block_or_occupancy,lead_opt,temp_opt,lead_opt|v7|s6,temp_opt|v6|o6,0,0,0,1.0,0.0,0.0
lead_opt_r9,temp_opt_r10,lead,block_or_occupancy,lead_opt,temp_opt,lead_opt|v7|s6,temp_opt|v6|o7,0,0,0,1.0,0.0,0.0
lead_opt_r9,temp_opt_r11,lead,block_or_occupancy,lead_opt,temp_opt,lead_opt|v7|s6,temp_opt|v7|o8,0,0,0,0.0,0.0,0.0
lead_opt_r9,temp_opt_r12,lead,block_or_occupancy,lead_opt,temp_opt,lead_opt|v7|s6,temp_opt|v8|o7,0,0,0,1.0,0.003263,0.0261
lead_opt_r9,temp_opt_r2,lead,block_or_occupancy,lead_opt,temp_opt,lead_opt|v7|s6,temp_opt|v6|o7,0,0,0,1.0,0.0,0.0
lead_opt_r9,temp_opt_r3,lead,block_or_occupancy,lead_opt,temp_opt,lead_opt|v7|s6,temp_opt|v6|o8,0,0,0,1.0,0.0,0.0
lead_opt_r9,temp_opt_r4,lead,block_or_occupancy,lead_opt,temp_opt,lead_opt|v7|s6,temp_opt|v7|o6,0,0,0,0.0,0.0,0.0
lead_opt_r9,temp_opt_r5,lead,block_or_occupancy,lead_opt,temp_opt,lead_opt|v7|s6,temp_opt|v7|o7,0,0,0,0.0,0.0,0.0
lead_opt_r9,temp_opt_r6,lead,block_or_occupancy,lead_opt,temp_opt,lead_opt|v7|s6,temp_opt|v7|o8,0,0,0,0.0,0.0,0.0
lead_opt_r9,temp_opt_r7,lead,block_or_occupancy,lead_opt,temp_opt,lead_opt|v7|s6,temp_opt|v8|o6,0,0,0,1.0,0.025325,0.1523
lead_opt_r9,temp_opt_r8,lead,block_or_occupancy,lead_opt,temp_opt,lead_opt|v7|s6,temp_opt|v8|o7,0,0,0,1.0,0.0,0.0
lead_opt_r9,temp_opt_r9,lead,block_or_occupancy,lead_opt,temp_opt,lead_opt|v7|s6,temp_opt|v8|o8,0,0,0,1.0,0.0,0.0
temp_opt_r1,temp_opt_r10,block_or_occupancy,block_or_occupancy,temp_opt,temp_opt,temp_opt|v6|o6,temp_opt|v6|o7,1,1,0,0.0,0.0,0.0
temp_opt_r1,temp_opt_r11,block_or_occupancy,block_or_occupancy,temp_opt,temp_opt,temp_opt|v6|o6,temp_opt|v7|o8,1,1,0,1.0,0.0,0.0
temp_opt_r1,temp_opt_r12,block_or_occupancy,block_or_occupancy,temp_opt,temp_opt,temp_opt|v6|o6,temp_opt|v8|o7,1,1,0,2.0,0.003263,0.0261
temp_opt_r1,temp_opt_r2,block_or_occupancy,block_or_occupancy,temp_opt,temp_opt,temp_opt|v6|o6,temp_opt|v6|o7,1,1,0,0.0,0.0,0.0
temp_opt_r1,temp_opt_r3,block_or_occupancy,block_or_occupancy,temp_opt,temp_opt,temp_opt|v6|o6,temp_opt|v6|o8,1,1,0,0.0,0.0,0.0
temp_opt_r1,temp_opt_r4,block_or_occupancy,block_or_occupancy,temp_opt,temp_opt,temp_opt|v6|o6,temp_opt|v7|o6,1,1,0,1.0,0.0,0.0
temp_opt_r1,temp_opt_r5,block_or_occupancy,block_or_occupancy,temp_opt,temp_opt,temp_opt|v6|o6,temp_opt|v7|o7,1,1,0,1.0,0.0,0.0
temp_opt_r1,temp_opt_r6,block_or_occupancy,block_or_occupancy,temp_opt,temp_opt,temp_opt|v6|o6,temp_opt|v7|o8,1,1,0,1.0,0.0,0.0
temp_opt_r1,temp_opt_r7,block_or_occupancy,block_or_occupancy,temp_opt,temp_opt,temp_opt|v6|o6,temp_opt|v8|o6,1,1,0,2.0,0.025325,0.1523
temp_opt_r1,temp_opt_r8,block_or_occupancy,block_or_occupancy,temp_opt,temp_opt,temp_opt|v6|o6,temp_opt|v8|o7,1,1,0,2.0,0.0,0.0
temp_opt_r1,temp_opt_r9,block_or_occupancy,block_or_occupancy,temp_opt,temp_opt,temp_opt|v6|o6,temp_opt|v8|o8,1,1,0,2.0,0.0,0.0
temp_opt_r10,temp_opt_r11,block_or_occupancy,block_or_occupancy,temp_opt,temp_opt,temp_opt|v6|o7,temp_opt|v7|o8,1,1,0,1.0,0.0,0.0
temp_opt_r10,temp_opt_r12,block_or_occupancy,block_or_occupancy,temp_opt,temp_opt,temp_opt|v6|o7,temp_opt|v8|o7,1,1,0,2.0,0.003263,0.0261
temp_opt_r10,temp_opt_r2,block_or_occupancy,block_or_occupancy,temp_opt,temp_opt,temp_opt|v6|o7,temp_opt|v6|o7,1,1,1,0.0,0.0,0.0
temp_opt_r10,temp_opt_r3,block_or_occupancy,block_or_occupancy,temp_opt,temp_opt,temp_opt|v6|o7,temp_opt|v6|o8,1,1,0,0.0,0.0,0.0
temp_opt_r10,temp_opt_r4,block_or_occupancy,block_or_occupancy,temp_opt,temp_opt,temp_opt|v6|o7,temp_opt|v7|o6,1,1,0,1.0,0.0,0.0
temp_opt_r10,temp_opt_r5,block_or_occupancy,block_or_occupancy,temp_opt,temp_opt,temp_opt|v6|o7,temp_opt|v7|o7,1,1,0,1.0,0.0,0.0
temp_opt_r10,temp_opt_r6,block_or_occupancy,block_or_occupancy,temp_opt,temp_opt,temp_opt|v6|o7,temp_opt|v7|o8,1,1,0,1.0,0.0,0.0
temp_opt_r10,temp_opt_r7,block_or_occupancy,block_or_occupancy,temp_opt,temp_opt,temp_opt|v6|o7,temp_opt|v8|o6,1,1,0,2.0,0.025325,0.1523
temp_opt_r10,temp_opt_r8,block_or_occupancy,block_or_occupancy,temp_opt,temp_opt,temp_opt|v6|o7,temp_opt|v8|o7,1,1,0,2.0,0.0,0.0
temp_opt_r10,temp_opt_r9,block_or_occupancy,block_or_occupancy,temp_opt,temp_opt,temp_opt|v6|o7,temp_opt|v8|o8,1,1,0,2.0,0.0,0.0
temp_opt_r11,temp_opt_r12,block_or_occupancy,block_or_occupancy,temp_opt,temp_opt,temp_opt|v7|o8,temp_opt|v8|o7,1,1,0,1.0,0.003263,0.0261
temp_opt_r11,temp_opt_r2,block_or_occupancy,block_or_occupancy,temp_opt,temp_opt,temp_opt|v7|o8,temp_opt|v6|o7,1,1,0,1.0,0.0,0.0
temp_opt_r11,temp_opt_r3,block_or_occupancy,block_or_occupancy,temp_opt,temp_opt,temp_opt|v7|o8,temp_opt|v6|o8,1,1,0,1.0,0.0,0.0
temp_opt_r11,temp_opt_r4,block_or_occupancy,block_or_occupancy,temp_opt,temp_opt,temp_opt|v7|o8,temp_opt|v7|o6,1,1,0,0.0,0.0,0.0
temp_opt_r11,temp_opt_r5,block_or_occupancy,block_or_occupancy,temp_opt,temp_opt,temp_opt|v7|o8,temp_opt|v7|o7,1,1,0,0.0,0.0,0.0
temp_opt_r11,temp_opt_r6,block_or_occupancy,block_or_occupancy,temp_opt,temp_opt,temp_opt|v7|o8,temp_opt|v7|o8,1,1,1,0.0,0.0,0.0
temp_opt_r11,temp_opt_r7,block_or_occupancy,block_or_occupancy,temp_opt,temp_opt,temp_opt|v7|o8,temp_opt|v8|o6,1,1,0,1.0,0.025325,0.1523
temp_opt_r11,temp_opt_r8,block_or_occupancy,block_or_occupancy,temp_opt,temp_opt,temp_opt|v7|o8,temp_opt|v8|o7,1,1,0,1.0,0.0,0.0
temp_opt_r11,temp_opt_r9,block_or_occupancy,block_or_occupancy,temp_opt,temp_opt,temp_opt|v7|o8,temp_opt|v8|o8,1,1,0,1.0,0.0,0.0
temp_opt_r12,temp_opt_r2,block_or_occupancy,block_or_occupancy,temp_opt,temp_opt,temp_opt|v8|o7,temp_opt|v6|o7,1,1,0,2.0,0.003263,0.0261
temp_opt_r12,temp_opt_r3,block_or_occupancy,block_or_occupancy,temp_opt,temp_opt,temp_opt|v8|o7,temp_opt|v6|o8,1,1,0,2.0,0.003263,0.0261
temp_opt_r12,temp_opt_r4,block_or_occupancy,block_or_occupancy,temp_opt,temp_opt,temp_opt|v8|o7,temp_opt|v7|o6,1,1,0,1.0,0.003263,0.0261
temp_opt_r12,temp_opt_r5,block_or_occupancy,block_or_occupancy,temp_opt,temp_opt,temp_opt|v8|o7,temp_opt|v7|o7,1,1,0,1.0,0.003263,0.0261
temp_opt_r12,temp_opt_r6,block_or_occupancy,block_or_occupancy,temp_opt,temp_opt,temp_opt|v8|o7,temp_opt|v7|o8,1,1,0,1.0,0.003263,0.0261
temp_opt_r12,temp_opt_r7,block_or_occupancy,block_or_occupancy,temp_opt,temp_opt,temp_opt|v8|o7,temp_opt|v8|o6,1,1,0,0.0,0.022062,0.1262
temp_opt_r12,temp_opt_r8,block_or_occupancy,block_or_occupancy,temp_opt,temp_opt,temp_opt|v8|o7,temp_opt|v8|o7,1,1,1,0.0,0.003263,0.0261
temp_opt_r12,temp_opt_r9,block_or_occupancy,block_or_occupancy,temp_opt,temp_opt,temp_opt|v8|o7,temp_opt|v8|o8,1,1,0,0.0,0.003263,0.0261
temp_opt_r2,temp_opt_r3,block_or_occupancy,block_or_occupancy,temp_opt,temp_opt,temp_opt|v6|o7,temp_opt|v6|o8,1,1,0,0.0,0.0,0.0
temp_opt_r2,temp_opt_r4,block_or_occupancy,block_or_occupancy,temp_opt,temp_opt,temp_opt|v6|o7,temp_opt|v7|o6,1,1,0,1.0,0.0,0.0
temp_opt_r2,temp_opt_r5,block_or_occupancy,block_or_occupancy,temp_opt,temp_opt,temp_opt|v6|o7,temp_opt|v7|o7,1,1,0,1.0,0.0,0.0
temp_opt_r2,temp_opt_r6,block_or_occupancy,block_or_occupancy,temp_opt,temp_opt,temp_opt|v6|o7,temp_opt|v7|o8,1,1,0,1.0,0.0,0.0
temp_opt_r2,temp_opt_r7,block_or_occupancy,block_or_occupancy,temp_opt,temp_opt,temp_opt|v6|o7,temp_opt|v8|o6,1,1,0,2.0,0.025325,0.1523
temp_opt_r2,temp_opt_r8,block_or_occupancy,block_or_occupancy,temp_opt,temp_opt,temp_opt|v6|o7,temp_opt|v8|o7,1,1,0,2.0,0.0,0.0
temp_opt_r2,temp_opt_r9,block_or_occupancy,block_or_occupancy,temp_opt,temp_opt,temp_opt|v6|o7,temp_opt|v8|o8,1,1,0,2.0,0.0,0.0
temp_opt_r3,temp_opt_r4,block_or_occupancy,block_or_occupancy,temp_opt,temp_opt,temp_opt|v6|o8,temp_opt|v7|o6,1,1,0,1.0,0.0,0.0
temp_opt_r3,temp_opt_r5,block_or_occupancy,block_or_occupancy,temp_opt,temp_opt,temp_opt|v6|o8,temp_opt|v7|o7,1,1,0,1.0,0.0,0.0
temp_opt_r3,temp_opt_r6,block_or_occupancy,block_or_occupancy,temp_opt,temp_opt,temp_opt|v6|o8,temp_opt|v7|o8,1,1,0,1.0,0.0,0.0
temp_opt_r3,temp_opt_r7,block_or_occupancy,block_or_occupancy,temp_opt,temp_opt,temp_opt|v6|o8,temp_opt|v8|o6,1,1,0,2.0,0.025325,0.1523
temp_opt_r3,temp_opt_r8,block_or_occupancy,block_or_occupancy,temp_opt,temp_opt,temp_opt|v6|o8,temp_opt|v8|o7,1,1,0,2.0,0.0,0.0
temp_opt_r3,temp_opt_r9,block_or_occupancy,block_or_occupancy,temp_opt,temp_opt,temp_opt|v6|o8,temp_opt|v8|o8,1,1,0,2.0,0.0,0.0
temp_opt_r4,temp_opt_r5,block_or_occupancy,block_or_occupancy,temp_opt,temp_opt,temp_opt|v7|o6,temp_opt|v7|o7,1,1,0,0.0,0.0,0.0
temp_opt_r4,temp_opt_r6,block_or_occupancy,block_or_occupancy,temp_opt,temp_opt,temp_opt|v7|o6,temp_opt|v7|o8,1,1,0,0.0,0.0,0.0
temp_opt_r4,temp_opt_r7,block_or_occupancy,block_or_occupancy,temp_opt,temp_opt,temp_opt|v7|o6,temp_opt|v8|o6,1,1,0,1.0,0.025325,0.1523
temp_opt_r4,temp_opt_r8,block_or_occupancy,block_or_occupancy,temp_opt,temp_opt,temp_opt|v7|o6,temp_opt|v8|o7,1,1,0,1.0,0.0,0.0
temp_opt_r4,temp_opt_r9,block_or_occupancy,block_or_occupancy,temp_opt,temp_opt,temp_opt|v7|o6,temp_opt|v8|o8,1,1,0,1.0,0.0,0.0
temp_opt_r5,temp_opt_r6,block_or_occupancy,block_or_occupancy,temp_opt,temp_opt,temp_opt|v7|o7,temp_opt|v7|o8,1,1,0,0.0,0.0,0.0
temp_opt_r5,temp_opt_r7,block_or_occupancy,block_or_occupancy,temp_opt,temp_opt,temp_opt|v7|o7,temp_opt|v8|o6,1,1,0,1.0,0.025325,0.1523
temp_opt_r5,temp_opt_r8,block_or_occupancy,block_or_occupancy,temp_opt,temp_opt,temp_opt|v7|o7,temp_opt|v8|o7,1,1,0,1.0,0.0,0.0
temp_opt_r5,temp_opt_r9,block_or_occupancy,block_or_occupancy,temp_opt,temp_opt,temp_opt|v7|o7,temp_opt|v8|o8,1,1,0,1.0,0.0,0.0
temp_opt_r6,temp_opt_r7,block_or_occupancy,block_or_occupancy,temp_opt,temp_opt,temp_opt|v7|o8,temp_opt|v8|o6,1,1,0,1.0,0.025325,0.1523
temp_opt_r6,temp_opt_r8,block_or_occupancy,block_or_occupancy,temp_opt,temp_opt,temp_opt|v7|o8,temp_opt|v8|o7,1,1,0,1.0,0.0,0.0
temp_opt_r6,temp_opt_r9,block_or_occupancy,block_or_occupancy,temp_opt,temp_opt,temp_opt|v7|o8,temp_opt|v8|o8,1,1,0,1.0,0.0,0.0
temp_opt_r7,temp_opt_r8,block_or_occupancy,block_or_occupancy,temp_opt,temp_opt,temp_opt|v8|o6,temp_opt|v8|o7,1,1,0,0.0,0.025325,0.1523
temp_opt_r7,temp_opt_r9,block_or_occupancy,block_or_occupancy,temp_opt,temp_opt,temp_opt|v8|o6,temp_opt|v8|o8,1,1,0,0.0,0.025325,0.1523
temp_opt_r8,temp_opt_r9,block_or_occupancy,block_or_occupancy,temp_opt,temp_opt,temp_opt|v8|o7,temp_opt|v8|o8,1,1,0,0.0,0.0,0.0
