state_id,coarse_mechanism,fine_mechanism,param_group_id,ego_speed,V0_U0_t1,VL_U0_t1,V0_U0_t2,VL_U0_t2,V0_U0_t3,VL_U0_t3,V0_U0_t4,VL_U0_t4,V0_U0_t5,VL_U0_t5,V0_U0_t6,VL_U0_t6,V0_U0_t7,VL_U0_t7,V0_U0_t8,VL_U0_t8,V0_U0_t9,VL_U0_t9,V0_U0_t10,VL_U0_t10,V0_U0_t11,VL_U0_t11,V0_U0_t12,VL_U0_t12,V0_U0_t13,VL_U0_t13,V0_U0_t14,VL_U0_t14,V0_U0_t15,VL_U0_t15,V0_U0_t16,VL_U0_t16,V0_U0_t17,VL_U0_t17,V0_U0_t18,VL_U0_t18,V0_U0_t19,VL_U0_t19,V0_U0_t20,VL_U0_t20,V0_U1_t1,VL_U1_t1,V0_U1_t2,VL_U1_t2,V0_U1_t3,VL_U1_t3,V0_U1_t4,VL_U1_t4,V0_U1_t5,VL_U1_t5,V0_U1_t6,VL_U1_t6,V0_U1_t7,VL_U1_t7,V0_U1_t8,VL_U1_t8,V0_U1_t9,VL_U1_t9,V0_U1_t10,VL_U1_t10,V0_U1_t11,VL_U1_t11,V0_U1_t12,VL_U1_t12,V0_U1_t13,VL_U1_t13,V0_U1_t14,VL_U1_t14,V0_U1_t15,VL_U1_t15,V0_U1_t16,VL_U1_t16,V0_U1_t17,VL_U1_t17,V0_U1_t18,VL_U1_t18,V0_U1_t19,VL_U1_t19,V0_U1_t20,VL_U1_t20,V0_U2_t1,VL_U2_t1,V0_U2_t2,VL_U2_t2,V0_U2_t3,VL_U2_t3,V0_U2_t4,VL_U2_t4,V0_U2_t5,VL_U2_t5,V0_U2_t6,VL_U2_t6,V0_U2_t7,VL_U2_t7,V0_U2_t8,VL_U2_t8,V0_U2_t9,VL_U2_t9,V0_U2_t10,VL_U2_t10,V0_U2_t11,VL_U2_t11,V0_U2_t12,VL_U2_t12,V0_U2_t13,VL_U2_t13,V0_U2_t14,VL_U2_t14,V0_U2_t15,VL_U2_t15,V0_U2_t16,VL_U2_t16,V0_U2_t17,VL_U2_t17,V0_U2_t18,VL_U2_t18,V0_U2_t19,VL_U2_t19,V0_U2_t20,VL_U2_t20,V0_U3_t1,VL_U3_t1,V0_U3_t2,VL_U3_t2,V0_U3_t3,VL_U3_t3,V0_U3_t4,VL_U3_t4,V0_U3_t5,VL_U3_t5,V0_U3_t6,VL_U3_t6,V0_U3_t7,VL_U3_t7,V0_U3_t8,VL_U3_t8,V0_U3_t9,VL_U3_t9,V0_U3_t10,VL_U3_t10,V0_U3_t11,VL_U3_t11,V0_U3_t12,VL_U3_t12,V0_U3_t13,VL_U3_t13,V0_U3_t14,VL_U3_t14,V0_U3_t15,VL_U3_t15,V0_U3_t16,VL_U3_t16,V0_U3_t17,VL_U3_t17,V0_U3_t18,VL_U3_t18,V0_U3_t19,VL_U3_t19,V0_U3_t20,VL_U3_t20,V0_U4_t1,VL_U4_t1,V0_U4_t2,VL_U4_t2,V0_U4_t3,VL_U4_t3,V0_U4_t4,VL_U4_t4,V0_U4_t5,VL_U4_t5,V0_U4_t6,VL_U4_t6,V0_U4_t7,VL_U4_t7,V0_U4_t8,VL_U4_t8,V0_U4_t9,VL_U4_t9,V0_U4_t10,VL_U4_t10,V0_U4_t11,VL_U4_t11,V0_U4_t12,VL_U4_t12,V0_U4_t13,VL_U4_t13,V0_U4_t14,VL_U4_t14,V0_U4_t15,VL_U4_t15,V0_U4_t16,VL_U4_t16,V0_U4_t17,VL_U4_t17,V0_U4_t18,VL_U4_t18,V0_U4_t19,VL_U4_t19,V0_U4_t20,VL_U4_t20,V0_U5_t1,VL_U5_t1,V0_U5_t2,VL_U5_t2,V0_U5_t3,VL_U5_t3,V0_U5_t4,VL_U5_t4,V0_U5_t5,VL_U5_t5,V0_U5_t6,VL_U5_t6,V0_U5_t7,VL_U5_t7,V0_U5_t8,VL_U5_t8,V0_U5_t9,VL_U5_t9,V0_U5_t10,VL_U5_t10,V0_U5_t11,VL_U5_t11,V0_U5_t12,VL_U5_t12,V0_U5_t13,VL_U5_t13,V0_U5_t14,VL_U5_t14,V0_U5_t15,VL_U5_t15,V0_U5_t16,VL_U5_t16,V0_U5_t17,VL_U5_t17,V0_U5_t18,VL_U5_t18,V0_U5_t19,VL_U5_t19,V0_U5_t20,VL_U5_t20,V0_U6_t1,VL_U6_t1,V0_U6_t2,VL_U6_t2,V0_U6_t3,VL_U6_t3,V0_U6_t4,VL_U6_t4,V0_U6_t5,VL_U6_t5,V0_U6_t6,VL_U6_t6,V0_U6_t7,VL_U6_t7,V0_U6_t8,VL_U6_t8,V0_U6_t9,VL_U6_t9,V0_U6_t10,VL_U6_t10,V0_U6_t11,VL_U6_t11,V0_U6_t12,VL_U6_t12,V0_U6_t13,VL_U6_t13,V0_U6_t14,VL_U6_t14,V0_U6_t15,VL_U6_t15,V0_U6_t16,VL_U6_t16,V0_U6_t17,VL_U6_t17,V0_U6_t18,VL_U6_t18,V0_U6_t19,VL_U6_t19,V0_U6_t20,VL_U6_t20,V0_U7_t1,VL_U7_t1,V0_U7_t2,VL_U7_t2,V0_U7_t3,VL_U7_t3,V0_U7_t4,VL_U7_t4,V0_U7_t5,VL_U7_t5,V0_U7_t6,VL_U7_t6,V0_U7_t7,VL_U7_t7,V0_U7_t8,VL_U7_t8,V0_U7_t9,VL_U7_t9,V0_U7_t10,VL_U7_t10,V0_U7_t11,VL_U7_t11,V0_U7_t12,VL_U7_t12,V0_U7_t13,VL_U7_t13,V0_U7_t14,VL_U7_t14,V0_U7_t15,VL_U7_t15,V0_U7_t16,VL_U7_t16,V0_U7_t17,VL_U7_t17,V0_U7_t18,VL_U7_t18,V0_U7_t19,VL_U7_t19,V0_U7_t20,VL_U7_t20
block_cont_r1,block_or_occupancy,block_cont,block_cont|v6|L5,6.0,1.0,0.0,1.0,0.0,1.0,0.0,1.0,0.0,1.0,0.0,1.0,0.0,1.0,0.0,0.9888,0.0,0.8204,0.0,0.6901,0.0,0.5898,0.0,0.5076,0.0,0.4411,0.0,0.3866,0.0,0.3415,0.0,0.3037,0.0,0.2728,0.0,0.2477,0.0,0.2268,0.0,0.2091,0.0,1.0,0.0,1.0,0.0,1.0,0.0,1.0,0.0,1.0,0.0,1.0,0.0,0.8444,0.0,0.7,0.6105,0.5898,0.5144,0.5038,0.4413,0.4354,0.3813,0.38,0.3343,0.3346,0.2943,0.2975,0.2617,0.2679,0.2356,0.2436,0.2143,0.2233,0.1965,0.2062,0.1814,0.1915,0.1685,0.1788,0.1573,1.0,0.0,1.0,0.0,1.0,0.0,1.0,0.0,0.9888,0.0,0.7887,0.0,0.6448,0.0,0.5407,0.4715,0.4594,0.4024,0.3958,0.3467,0.345,0.3035,0.3057,0.269,0.2745,0.2415,0.2491,0.2191,0.2279,0.2005,0.2101,0.1848,0.1949,0.1714,0.1817,0.1598,0.1702,0.1497,0.16,0.1408,1.0,0.0,1.0,0.0,1.0,0.0,1.0,0.0,0.8381,0.0,0.6667,0.0,0.5466,0.0,0.4583,0.0,0.3941,0.0,0.3437,0.0,0.3047,0.0,0.2737,0.0,0.2484,0.0,0.2274,0.0,0.2096,0.0,0.1944,0.0,0.1813,0.0,0.1699,0.0,0.1598,0.0,0.1508,0.0,0.0,0.0,0.0,0.0,0.0,0.0,0.0,0.0,0.0,0.0,0.0,0.0,0.0,0.0,0.0,0.0,0.0,0.0,0.0,0.0,0.0,0.0,0.0,0.0,0.0,0.0,0.0,0.0,0.0,0.0,0.0,0.0,0.0,0.0,0.0,0.0,0.0,0.0,0.0,0.0,0.0,0.0,0.0,0.0,0.0,0.0,0.0,0.0,0.0,0.0,0.0,0.0,0.0,0.0,0.0,0.0,0.0,0.0,0.0,0.0,0.0,0.0,0.0,0.0,0.0,0.0,0.0,0.0,0.0,0.0,0.0,0.0,0.0,0.0,0.0,0.0,0.0,0.0,0.0,0.0,0.0,0.0,0.0,0.0,0.0,0.0,0.0,0.0,0.0,0.0,0.0,0.0,0.0,0.0,0.0,0.0,0.0,0.0,0.0,0.0,0.0,0.0,0.0,0.0,0.0,0.0,0.0,0.0,0.0,0.0,0.0,0.0,0.0,0.0,0.0,0.0,0.0,0.0,0.0,0.0,0.0,0.0,0.0,0.0,0.0,0.0,0.0,0.0,0.0,0.0,0.0,0.0,0.0,0.0,0.0,0.0,0.0,0.0,0.0,0.0,0.0,0.0,0.0,0.0,0.0,0.0,0.0,0.0,0.0,0.0,0.0,0.0,0.0,0.0,0.0,0.0,0.0,0.0,0.0,0.0
block_cont_r10,block_or_occupancy,block_cont,block_cont|v7|L6,7.0,1.0,0.0,1.0,0.0,1.0,0.0,1.0,0.0,1.0,0.0,1.0,0.0,1.0,0.0,1.0,0.0,0.9468,0.0,0.806,0.0,0.6939,0.0,0.6032,0.0,0.529,0.0,0.4675,0.0,0.416,0.0,0.3747,0.0,0.3409,0.0,0.3127,0.0,0.2888,0.0,0.2683,0.0,1.0,0.0,1.0,0.0,1.0,0.0,1.0,0.0,1.0,0.0,1.0,0.0,1.0,0.0,0.8401,0.0,0.7132,0.0,0.6151,0.0,0.5351,0.0,0.4698,0.0,0.4179,0.4179,0.3763,0.3763,0.3422,0.3422,0.3138,0.3138,0.2897,0.2897,0.2691,0.2691,0.2512,0.2512,0.2355,0.2355,1.0,0.0,1.0,0.0,1.0,0.0,1.0,0.0,1.0,0.0,0.9714,0.0,0.7987,0.0,0.6709,0.0,0.573,0.0,0.4973,0.0,0.4393,0.0,0.3945,0.0,0.3572,0.0,0.3264,0.0,0.3004,0.0,0.2783,0.0,0.2592,0.0,0.2425,0.0,0.2279,0.0,0.2149,0.0,1.0,0.0,1.0,0.0,1.0,0.0,1.0,0.0,1.0,0.0,0.8401,0.0,0.692,0.0,0.5846,0.0,0.5061,0.5061,0.4462,0.4462,0.4,0.4,0.3617,0.3617,0.3301,0.3301,0.3036,0.3036,0.281,0.281,0.2615,0.2615,0.2446,0.2446,0.2297,0.2297,0.2166,0.2166,0.2048,0.2048,0.0,0.0,0.0,0.0,0.0,0.0,0.0,0.0,0.0,0.0,0.0,0.6652,0.0,0.5418,0.0,0.4518,0.0,0.3797,0.0,0.3233,0.0,0.2783,0.0,0.2419,0.0,0.2122,0.0,0.1875,0.0,0.1669,0.0,0.1503,0.0,0.1367,0.0,0.1254,0.0,0.1158,0.0,0.1076,0.0,0.0,0.0,0.0,0.0,0.0,0.0,0.0,0.0,0.0,0.0,0.4868,0.0,0.4016,0.0,0.3356,0.0,0.2868,0.0,0.2467,0.0,0.2146,0.0,0.1884,0.0,0.1676,0.0,0.1509,0.0,0.1372,0.0,0.1258,0.0,0.1162,0.0,0.1079,0.0,0.1007,0.0,0.0945,0.0,0.0,0.0,0.0,0.0,0.0,0.0,0.0,0.0,0.0,0.0,0.0,0.0,0.0,0.0,0.0,0.0,0.0,0.0,0.0,0.0,0.0,0.0,0.0,0.0,0.0,0.0,0.0,0.0,0.0,0.0,0.0,0.0,0.0,0.0,0.0,0.0,0.0,0.0,0.0,0.0,0.0,0.0,0.0,0.0,0.0,0.0,0.0,0.0,0.0,0.0,0.0,0.0,0.0,0.0,0.0,0.0,0.0,0.0,0.0,0.0,0.0,0.0,0.0,0.0,0.0,0.0,0.0,0.0,0.0,0.0,0.0,0.0,0.0,0.0,0.0,0.0,0.0,0.0,0.0
block_cont_r11,block_or_occupancy,block_cont,block_cont|v8|L6,8.0,1.0,0.0,1.0,0.0,1.0,0.0,1.0,0.0,1.0,0.0,0.9118,0.0,0.7492,0.0,0.6263,0.0,0.531,0.5953,0.4559,0.5129,0.3955,0.445,0.3464,0.3911,0.3058,0.3453,0.2725,0.3077,0.2458,0.2775,0.2238,0.2527,0.2055,0.232,0.1899,0.2144,0.1765,0.1993,0.1649,0.1862,1.0,0.0,1.0,0.0,1.0,0.0,1.0,0.0,0.8763,0.0,0.7045,0.0,0.5808,0.0,0.4882,0.5512,0.4168,0.4706,0.3605,0.407,0.3151,0.3558,0.2799,0.316,0.2518,0.2843,0.2288,0.2583,0.2096,0.2367,0.1934,0.2184,0.1796,0.2028,0.1676,0.1892,0.1571,0.1773,0.1478,0.1669,1.0,0.0,1.0,0.0,1.0,0.0,0.9254,0.0,0.7147,0.0,0.5741,0.0,0.4742,0.0,0.4,0.4516,0.3449,0.3894,0.3032,0.3423,0.2704,0.3053,0.2441,0.2756,0.2224,0.2511,0.2043,0.2306,0.1889,0.2133,0.1756,0.1983,0.1641,0.1853,0.154,0.1739,0.1451,0.1638,0.1372,0.1549,1.0,0.0,1.0,0.0,1.0,0.0,0.7204,0.0,0.5544,0.0,0.4451,0.0,0.3706,0.0,0.3174,0.0,0.2776,0.0,0.2466,0.0,0.2219,0.0,0.2017,0.0,0.1848,0.0,0.1706,0.0,0.1584,0.0,0.1478,0.0,0.1385,0.0,0.1304,0.0,0.1231,0.0,0.1166,0.0,0.0,0.0,0.0,0.0,0.0,0.0,0.0,0.0,0.0,0.0,0.0,0.0,0.0,0.0,0.0,0.0,0.0,0.0,0.0,0.0,0.0,0.0,0.0,0.0,0.0,0.0,0.0,0.0,0.0,0.0,0.0,0.0,0.0,0.0,0.0,0.0,0.0,0.0,0.0,0.0,0.0,0.0,0.0,0.0,0.0,0.0,0.0,0.0,0.0,0.0,0.0,0.0,0.0,0.0,0.0,0.0,0.0,0.0,0.0,0.0,0.0,0.0,0.0,0.0,0.0,0.0,0.0,0.0,0.0,0.0,0.0,0.0,0.0,0.0,0.0,0.0,0.0,0.0,0.0,0.0,0.0,0.0,0.0,0.0,0.0,0.0,0.0,0.0,0.0,0.0,0.0,0.0,0.0,0.0,0.0,0.0,0.0,0.0,0.0,0.0,0.0,0.0,0.0,0.0,0.0,0.0,0.0,0.0,0.0,0.0,0.0,0.0,0.0,0.0,0.0,0.0,0.0,0.0,0.0,0.0,0.0,0.0,0.0,0.0,0.0,0.0,0.0,0.0,0.0,0.0,0.0,0.0,0.0,0.0,0.0,0.0,0.0,0.0,0.0,0.0,0.0,0.0,0.0,0.0,0.0,0.0,0.0,0.0,0.0,0.0,0.0,0.0,0.0,0.0,0.0,0.0,0.0,0.0,0.0,0.0
block_cont_r12,block_or_occupancy,block_cont,block_cont|v6|L6,6.0,1.0,0.0,1.0,0.0,1.0,0.0,1.0,0.0,1.0,0.0,1.0,0.0,1.0,0.0,1.0,0.0,1.0,0.0,1.0,0.0,0.8692,0.0,0.7481,0.0,0.6501,0.0,0.5712,0.0,0.5045,0.0,0.4498,0.0,0.4041,0.0,0.3669,0.0,0.3359,0.0,0.3097,0.0,1.0,0.0,1.0,0.0,1.0,0.0,1.0,0.0,1.0,0.0,1.0,0.0,1.0,0.0,1.0,0.6105,0.8492,0.5144,0.7424,0.4413,0.6416,0.3813,0.5614,0.3343,0.4943,0.2943,0.4396,0.2617,0.3958,0.2356,0.3599,0.2143,0.33,0.1965,0.3047,0.1814,0.2829,0.1685,0.2641,0.1573,1.0,0.0,1.0,0.0,1.0,0.0,1.0,0.0,1.0,0.0,1.0,0.0,0.9562,0.0,0.7988,0.0,0.6788,0.0,0.5848,0.0,0.5097,0.0,0.4517,0.0,0.4056,0.0,0.3689,0.0,0.3376,0.0,0.3112,0.0,0.2886,0.0,0.2691,0.0,0.2521,0.0,0.2371,0.0,1.0,0.0,1.0,0.0,1.0,0.0,1.0,0.0,1.0,0.0,0.9924,0.0,0.8137,0.0,0.6823,0.0,0.5822,0.0,0.5078,0.0,0.4513,0.0,0.4053,0.0,0.3679,0.0,0.3368,0.0,0.3105,0.0,0.288,0.0,0.2686,0.0,0.2516,0.0,0.2366,0.0,0.2234,0.0,0.0,0.0,0.0,0.0,0.0,0.0,0.0,0.0,0.0,0.0,0.0,0.0,0.0,0.0,0.0,0.0,0.0,0.0,0.0,0.0,0.0,0.0,0.0,0.0,0.0,0.0,0.0,0.0,0.0,0.0,0.0,0.0,0.0,0.0,0.0,0.0,0.0,0.0,0.0,0.0,0.0,0.0,0.0,0.0,0.0,0.0,0.0,0.0,0.0,0.0,0.0,0.0,0.0,0.0,0.0,0.0,0.0,0.0,0.0,0.0,0.0,0.0,0.0,0.0,0.0,0.0,0.0,0.0,0.0,0.0,0.0,0.0,0.0,0.0,0.0,0.0,0.0,0.0,0.0,0.0,0.0,0.0,0.0,0.0,0.0,0.0,0.0,0.0,0.0,0.0,0.0,0.0,0.0,0.0,0.0,0.0,0.0,0.0,0.0,0.0,0.0,0.0,0.0,0.0,0.0,0.0,0.0,0.0,0.0,0.0,0.0,0.0,0.0,0.0,0.0,0.0,0.0,0.0,0.0,0.0,0.0,0.0,0.0,0.0,0.0,0.0,0.0,0.0,0.0,0.0,0.0,0.0,0.0,0.0,0.0,0.0,0.0,0.0,0.0,0.0,0.0,0.0,0.0,0.0,0.0,0.0,0.0,0.0,0.0,0.0,0.0,0.0,0.0,0.0,0.0,0.0,0.0,0.0,0.0,0.0
block_cont_r2,block_or_occupancy,block_cont,block_cont|v6|L5,6.0,1.0,0.0,1.0,0.0,1.0,0.0,1.0,0.0,1.0,0.0,1.0,0.0,1.0,0.0,1.0,0.0,1.0,0.0,0.8568,0.0,0.7295,0.0,0.6279,0.0,0.5456,0.0,0.4782,0.0,0.4223,0.0,0.3756,0.0,0.3374,0.0,0.3063,0.0,0.2805,0.0,0.2586,0.0,1.0,0.0,1.0,0.0,1.0,0.0,1.0,0.0,1.0,0.0,1.0,0.0,1.0,0.0,0.8658,0.6105,0.7295,0.5144,0.625,0.4413,0.5401,0.3813,0.4714,0.3343,0.4151,0.2943,0.3691,0.2617,0.3323,0.2356,0.3022,0.2143,0.2771,0.1965,0.2558,0.1814,0.2376,0.1685,0.2218,0.1573,1.0,0.0,1.0,0.0,1.0,0.0,1.0,0.0,1.0,0.0,0.9792,0.0,0.8005,0.0,0.6687,0.0,0.5682,0.0,0.4896,0.0,0.4267,0.0,0.3793,0.0,0.3406,0.0,0.309,0.0,0.2828,0.0,0.2607,0.0,0.2418,0.0,0.2254,0.0,0.2111,0.0,0.1986,0.0,1.0,0.0,1.0,0.0,1.0,0.0,1.0,0.0,1.0,0.0,0.7955,0.0,0.6832,0.0,0.5729,0.0,0.4889,0.0,0.4264,0.0,0.378,0.0,0.3395,0.0,0.3081,0.0,0.2821,0.0,0.26,0.0,0.2412,0.0,0.2249,0.0,0.2107,0.0,0.1982,0.0,0.1871,0.0,0.0,0.0,0.0,0.0,0.0,0.0,0.0,0.0,0.0,0.0,0.0,0.0,0.0,0.0,0.0,0.0,0.0,0.0,0.0,0.0,0.0,0.0,0.0,0.0,0.0,0.0,0.0,0.0,0.0,0.0,0.0,0.0,0.0,0.0,0.0,0.0,0.0,0.0,0.0,0.0,0.0,0.0,0.0,0.0,0.0,0.0,0.0,0.0,0.0,0.0,0.0,0.0,0.0,0.0,0.0,0.0,0.0,0.0,0.0,0.0,0.0,0.0,0.0,0.0,0.0,0.0,0.0,0.0,0.0,0.0,0.0,0.0,0.0,0.0,0.0,0.0,0.0,0.0,0.0,0.0,0.0,0.0,0.0,0.0,0.0,0.0,0.0,0.0,0.0,0.0,0.0,0.0,0.0,0.0,0.0,0.0,0.0,0.0,0.0,0.0,0.0,0.0,0.0,0.0,0.0,0.0,0.0,0.0,0.0,0.0,0.0,0.0,0.0,0.0,0.0,0.0,0.0,0.0,0.0,0.0,0.0,0.0,0.0,0.0,0.0,0.0,0.0,0.0,0.0,0.0,0.0,0.0,0.0,0.0,0.0,0.0,0.0,0.0,0.0,0.0,0.0,0.0,0.0,0.0,0.0,0.0,0.0,0.0,0.0,0.0,0.0,0.0,0.0,0.0,0.0,0.0,0.0,0.0,0.0,0.0
block_cont_r3,block_or_occupancy,block_cont,block_cont|v7|L5,7.0,1.0,0.0,1.0,0.0,1.0,0.0,1.0,0.0,1.0,0.0,1.0,0.0,1.0,0.0,0.8343,0.0,0.7013,0.0,0.5991,0.0,0.5158,0.0,0.4484,0.0,0.3932,0.0,0.3475,0.0,0.3092,0.0,0.2786,0.0,0.2534,0.0,0.2324,0.0,0.2147,0.0,0.1994,0.0,1.0,0.0,1.0,0.0,1.0,0.0,1.0,0.0,1.0,0.0,0.9145,0.0,0.7493,0.0,0.6261,0.0,0.5315,0.0,0.4572,0.0,0.3977,0.0,0.3492,0.0,0.3106,0.0,0.2797,0.0,0.2543,0.0,0.2332,0.0,0.2153,0.0,0.2,0.0,0.1867,0.0,0.1751,0.0,1.0,0.0,1.0,0.0,1.0,0.0,1.0,0.0,0.899,0.0,0.7188,0.0,0.591,0.0,0.4964,0.0,0.4255,0.0,0.3693,0.0,0.3263,0.0,0.2932,0.0,0.2655,0.0,0.2426,0.0,0.2233,0.0,0.2068,0.0,0.1927,0.0,0.1803,0.0,0.1694,0.0,0.1598,0.0,1.0,0.0,1.0,0.0,1.0,0.0,1.0,0.0,0.7775,0.0,0.6216,0.0,0.5121,0.0,0.4342,0.0,0.3758,0.0,0.3313,0.0,0.2963,0.0,0.2679,0.0,0.2445,0.0,0.2248,0.0,0.2081,0.0,0.1937,0.0,0.1812,0.0,0.1701,0.0,0.1604,0.0,0.1517,0.0,0.0,0.0,0.0,0.0,0.0,0.0,0.0,0.0,0.0,0.0,0.0,0.6652,0.0,0.5418,0.0,0.4518,0.0,0.3797,0.0,0.3233,0.0,0.2783,0.0,0.2419,0.0,0.2122,0.0,0.1875,0.0,0.1669,0.0,0.1503,0.0,0.1367,0.0,0.1254,0.0,0.1158,0.0,0.1076,0.0,0.0,0.0,0.0,0.0,0.0,0.0,0.0,0.0,0.0,0.0,0.4868,0.0,0.4016,0.0,0.3356,0.0,0.2868,0.0,0.2467,0.0,0.2146,0.0,0.1884,0.0,0.1676,0.0,0.1509,0.0,0.1372,0.0,0.1258,0.0,0.1162,0.0,0.1079,0.0,0.1007,0.0,0.0945,0.0,0.0,0.0,0.0,0.0,0.0,0.0,0.0,0.0,0.0,0.0,0.0,0.0,0.0,0.0,0.0,0.0,0.0,0.0,0.0,0.0,0.0,0.0,0.0,0.0,0.0,0.0,0.0,0.0,0.0,0.0,0.0,0.0,0.0,0.0,0.0,0.0,0.0,0.0,0.0,0.0,0.0,0.0,0.0,0.0,0.0,0.0,0.0,0.0,0.0,0.0,0.0,0.0,0.0,0.0,0.0,0.0,0.0,0.0,0.0,0.0,0.0,0.0,0.0,0.0,0.0,0.0,0.0,0.0,0.0,0.0,0.0,0.0,0.0,0.0,0.0,0.0,0.0,0.0,0.0
block_cont_r4,block_or_occupancy,block_cont,block_cont|v7|L6,7.0,1.0,0.0,1.0,0.0,1.0,0.0,1.0,0.0,1.0,0.0,1.0,0.0,1.0,0.0,1.0,0.0,0.8608,0.0,0.7328,0.0,0.6308,0.6939,0.5484,0.6032,0.4809,0.529,0.4275,0.4675,0.3804,0.416,0.3427,0.3747,0.3118,0.3409,0.286,0.3127,0.2641,0.2888,0.2453,0.2683,1.0,0.0,1.0,0.0,1.0,0.0,1.0,0.0,1.0,0.0,1.0,0.0,0.9164,0.0,0.7658,0.0,0.6501,0.0,0.5592,0.0,0.4893,0.0,0.4296,0.4673,0.3821,0.4156,0.3441,0.3742,0.3129,0.3403,0.2869,0.3121,0.2649,0.2881,0.246,0.2676,0.2297,0.2498,0.2154,0.2343,1.0,0.0,1.0,0.0,1.0,0.0,1.0,0.0,1.0,0.0,0.888,0.0,0.7323,0.0,0.6151,0.0,0.5253,0.0,0.456,0.0,0.4028,0.0,0.3608,0.3945,0.3266,0.3572,0.2984,0.3264,0.2747,0.3004,0.2545,0.2783,0.237,0.2592,0.2218,0.2425,0.2084,0.2279,0.1966,0.2149,1.0,0.0,1.0,0.0,1.0,0.0,1.0,0.0,0.9577,0.0,0.7658,0.0,0.6327,0.0,0.5345,0.0,0.464,0.5061,0.4091,0.4462,0.3658,0.4,0.3308,0.3617,0.3019,0.3301,0.2776,0.3036,0.2569,0.281,0.2392,0.2615,0.2237,0.2446,0.2101,0.2297,0.198,0.2166,0.1873,0.2048,0.0,0.0,0.0,0.0,0.0,0.0,0.0,0.0,0.0,0.0,0.0,0.6652,0.0,0.5418,0.0,0.4518,0.0,0.3797,0.0,0.3233,0.0,0.2783,0.0,0.2419,0.0,0.2122,0.0,0.1875,0.0,0.1669,0.0,0.1503,0.0,0.1367,0.0,0.1254,0.0,0.1158,0.0,0.1076,0.0,0.0,0.0,0.0,0.0,0.0,0.0,0.0,0.0,0.0,0.0,0.4868,0.0,0.4016,0.0,0.3356,0.0,0.2868,0.0,0.2467,0.0,0.2146,0.0,0.1884,0.0,0.1676,0.0,0.1509,0.0,0.1372,0.0,0.1258,0.0,0.1162,0.0,0.1079,0.0,0.1007,0.0,0.0945,0.0,0.0,0.0,0.0,0.0,0.0,0.0,0.0,0.0,0.0,0.0,0.0,0.0,0.0,0.0,0.0,0.0,0.0,0.0,0.0,0.0,0.0,0.0,0.0,0.0,0.0,0.0,0.0,0.0,0.0,0.0,0.0,0.0,0.0,0.0,0.0,0.0,0.0,0.0,0.0,0.0,0.0,0.0,0.0,0.0,0.0,0.0,0.0,0.0,0.0,0.0,0.0,0.0,0.0,0.0,0.0,0.0,0.0,0.0,0.0,0.0,0.0,0.0,0.0,0.0,0.0,0.0,0.0,0.0,0.0,0.0,0.0,0.0,0.0,0.0,0.0,0.0,0.0,0.0,0.0
block_cont_r5,block_or_occupancy,block_cont,block_cont|v8|L6,8.0,1.0,0.0,1.0,0.0,1.0,0.0,1.0,0.0,1.0,0.0,1.0,0.0,0.8459,0.0,0.7071,0.0,0.5996,0.591,0.5147,0.5129,0.4466,0.4466,0.3911,0.3911,0.3453,0.3453,0.3077,0.3077,0.2775,0.2775,0.2527,0.2527,0.232,0.232,0.2144,0.2144,0.1993,0.1993,0.1862,0.1862,1.0,0.0,1.0,0.0,1.0,0.0,1.0,0.0,0.9894,0.0,0.7955,0.0,0.6557,0.0,0.5512,0.0,0.4706,0.0,0.407,0.0,0.3558,0.3558,0.316,0.316,0.2843,0.2843,0.2583,0.2583,0.2367,0.2367,0.2184,0.2184,0.2028,0.2028,0.1892,0.1892,0.1773,0.1773,0.1669,0.1669,1.0,0.0,1.0,0.0,1.0,0.0,1.0,0.0,0.8069,0.0,0.6481,0.0,0.5354,0.0,0.4516,0.0,0.3894,0.0,0.3423,0.0,0.3053,0.0,0.2756,0.0,0.2511,0.0,0.2306,0.0,0.2133,0.0,0.1983,0.0,0.1853,0.0,0.1739,0.0,0.1638,0.0,0.1549,0.0,1.0,0.0,1.0,0.0,1.0,0.0,0.9211,0.0,0.7089,0.0,0.5691,0.0,0.4738,0.0,0.4058,0.0,0.3549,0.0,0.3153,0.0,0.2837,0.0,0.2578,0.0,0.2363,0.0,0.2181,0.0,0.2025,0.0,0.1889,0.0,0.1771,0.0,0.1667,0.0,0.1574,0.0,0.1491,0.0,0.0,0.0,0.0,0.0,0.0,0.0,0.0,0.0,0.0,0.0,0.0,0.0,0.0,0.0,0.0,0.0,0.0,0.0,0.0,0.0,0.0,0.0,0.0,0.0,0.0,0.0,0.0,0.0,0.0,0.0,0.0,0.0,0.0,0.0,0.0,0.0,0.0,0.0,0.0,0.0,0.0,0.0,0.0,0.0,0.0,0.0,0.0,0.0,0.0,0.0,0.0,0.0,0.0,0.0,0.0,0.0,0.0,0.0,0.0,0.0,0.0,0.0,0.0,0.0,0.0,0.0,0.0,0.0,0.0,0.0,0.0,0.0,0.0,0.0,0.0,0.0,0.0,0.0,0.0,0.0,0.0,0.0,0.0,0.0,0.0,0.0,0.0,0.0,0.0,0.0,0.0,0.0,0.0,0.0,0.0,0.0,0.0,0.0,0.0,0.0,0.0,0.0,0.0,0.0,0.0,0.0,0.0,0.0,0.0,0.0,0.0,0.0,0.0,0.0,0.0,0.0,0.0,0.0,0.0,0.0,0.0,0.0,0.0,0.0,0.0,0.0,0.0,0.0,0.0,0.0,0.0,0.0,0.0,0.0,0.0,0.0,0.0,0.0,0.0,0.0,0.0,0.0,0.0,0.0,0.0,0.0,0.0,0.0,0.0,0.0,0.0,0.0,0.0,0.0,0.0,0.0,0.0,0.0,0.0,0.0
block_cont_r6,block_or_occupancy,block_cont,block_cont|v8|L7,8.0,1.0,0.0,1.0,0.0,1.0,0.0,1.0,0.0,1.0,0.0,1.0,0.0,1.0,0.0,0.8636,0.0,0.7323,0.0,0.6287,0.0,0.5486,0.0,0.4804,0.0,0.4242,0.0,0.378,0.0,0.3409,0.0,0.3105,0.0,0.285,0.0,0.2634,0.0,0.2448,0.0,0.2287,0.0,1.0,0.0,1.0,0.0,1.0,0.0,1.0,0.0,1.0,0.0,0.9744,0.0,0.8056,0.0,0.6772,0.0,0.5782,0.0,0.5,0.0,0.4371,0.0,0.3883,0.0,0.3492,0.0,0.3173,0.0,0.2908,0.0,0.2683,0.0,0.2491,0.0,0.2324,0.0,0.2179,0.0,0.205,0.0,1.0,0.0,1.0,0.0,1.0,0.0,1.0,0.0,0.9914,0.0,0.7963,0.0,0.6577,0.0,0.5548,0.0,0.4784,0.0,0.4205,0.0,0.3751,0.0,0.3386,0.0,0.3085,0.0,0.2834,0.0,0.262,0.0,0.2436,0.0,0.2277,0.0,0.2137,0.0,0.2013,0.0,0.1903,0.0,1.0,0.0,1.0,0.0,1.0,0.0,1.0,0.0,0.8709,0.0,0.6992,0.0,0.5821,0.0,0.4986,0.0,0.436,0.0,0.3874,0.0,0.3485,0.0,0.3168,0.0,0.2903,0.0,0.2679,0.0,0.2487,0.0,0.2321,0.0,0.2176,0.0,0.2048,0.0,0.1934,0.0,0.1832,0.0,0.0,0.0,0.0,0.0,0.0,0.0,0.0,0.0,0.0,0.0,0.0,0.0,0.0,0.0,0.0,0.0,0.0,0.0,0.0,0.0,0.0,0.0,0.0,0.0,0.0,0.0,0.0,0.0,0.0,0.0,0.0,0.0,0.0,0.0,0.0,0.0,0.0,0.0,0.0,0.0,0.0,0.0,0.0,0.0,0.0,0.0,0.0,0.0,0.0,0.0,0.0,0.0,0.0,0.0,0.0,0.0,0.0,0.0,0.0,0.0,0.0,0.0,0.0,0.0,0.0,0.0,0.0,0.0,0.0,0.0,0.0,0.0,0.0,0.0,0.0,0.0,0.0,0.0,0.0,0.0,0.0,0.0,0.0,0.0,0.0,0.0,0.0,0.0,0.0,0.0,0.0,0.0,0.0,0.0,0.0,0.0,0.0,0.0,0.0,0.0,0.0,0.0,0.0,0.0,0.0,0.0,0.0,0.0,0.0,0.0,0.0,0.0,0.0,0.0,0.0,0.0,0.0,0.0,0.0,0.0,0.0,0.0,0.0,0.0,0.0,0.0,0.0,0.0,0.0,0.0,0.0,0.0,0.0,0.0,0.0,0.0,0.0,0.0,0.0,0.0,0.0,0.0,0.0,0.0,0.0,0.0,0.0,0.0,0.0,0.0,0.0,0.0,0.0,0.0,0.0,0.0,0.0,0.0,0.0,0.0
block_cont_r7,block_or_occupancy,block_cont,block_cont|v8|L7,8.0,1.0,0.0,1.0,0.0,1.0,0.0,1.0,0.0,1.0,0.0,1.0,0.0,1.0,0.0,1.0,0.0,0.8544,0.0,0.75,0.0,0.6507,0.0,0.5698,0.0,0.5031,0.0,0.4484,0.0,0.4044,0.0,0.3682,0.0,0.338,0.0,0.3124,0.0,0.2904,0.0,0.2713,0.0,1.0,0.0,1.0,0.0,1.0,0.0,1.0,0.0,1.0,0.0,1.0,0.0,0.9532,0.0,0.8031,0.0,0.6857,0.0,0.593,0.0,0.5184,0.0,0.4605,0.0,0.4142,0.0,0.3764,0.0,0.3449,0.0,0.3183,0.0,0.2954,0.0,0.2757,0.0,0.2584,0.0,0.2431,0.0,1.0,0.0,1.0,0.0,1.0,0.0,1.0,0.0,1.0,0.0,0.9444,0.0,0.7801,0.0,0.6581,0.0,0.5675,0.0,0.4988,0.0,0.4449,0.0,0.4016,0.0,0.3659,0.0,0.3361,0.0,0.3107,0.0,0.289,0.0,0.27,0.0,0.2534,0.0,0.2387,0.0,0.2257,0.0,1.0,0.0,1.0,0.0,1.0,0.0,1.0,0.0,1.0,0.0,0.8293,0.0,0.6904,0.0,0.5913,0.0,0.5171,0.0,0.4595,0.0,0.4134,0.0,0.3757,0.0,0.3443,0.0,0.3178,0.0,0.295,0.0,0.2753,0.0,0.2581,0.0,0.2429,0.0,0.2293,0.0,0.2173,0.0,0.0,0.0,0.0,0.0,0.0,0.0,0.0,0.0,0.0,0.0,0.0,0.0,0.0,0.0,0.0,0.0,0.0,0.0,0.0,0.0,0.0,0.0,0.0,0.0,0.0,0.0,0.0,0.0,0.0,0.0,0.0,0.0,0.0,0.0,0.0,0.0,0.0,0.0,0.0,0.0,0.0,0.0,0.0,0.0,0.0,0.0,0.0,0.0,0.0,0.0,0.0,0.0,0.0,0.0,0.0,0.0,0.0,0.0,0.0,0.0,0.0,0.0,0.0,0.0,0.0,0.0,0.0,0.0,0.0,0.0,0.0,0.0,0.0,0.0,0.0,0.0,0.0,0.0,0.0,0.0,0.0,0.0,0.0,0.0,0.0,0.0,0.0,0.0,0.0,0.0,0.0,0.0,0.0,0.0,0.0,0.0,0.0,0.0,0.0,0.0,0.0,0.0,0.0,0.0,0.0,0.0,0.0,0.0,0.0,0.0,0.0,0.0,0.0,0.0,0.0,0.0,0.0,0.0,0.0,0.0,0.0,0.0,0.0,0.0,0.0,0.0,0.0,0.0,0.0,0.0,0.0,0.0,0.0,0.0,0.0,0.0,0.0,0.0,0.0,0.0,0.0,0.0,0.0,0.0,0.0,0.0,0.0,0.0,0.0,0.0,0.0,0.0,0.0,0.0,0.0,0.0,0.0,0.0,0.0,0.0
block_cont_r8,block_or_occupancy,block_cont,block_cont|v9|L7,9.0,1.0,0.0,1.0,0.0,1.0,0.0,1.0,0.0,1.0,0.0,1.0,0.0,0.8475,0.0,0.713,0.0,0.6085,0.0,0.5272,0.0,0.4601,0.0,0.4064,0.0,0.3622,0.0,0.3267,0.0,0.2976,0.0,0.2732,0.0,0.2525,0.0,0.2347,0.0,0.2193,0.0,0.2057,0.0,1.0,0.0,1.0,0.0,1.0,0.0,1.0,0.0,1.0,0.0,0.8225,0.0,0.6812,0.0,0.5752,0.0,0.4933,0.0,0.4308,0.0,0.3815,0.0,0.3423,0.0,0.3104,0.0,0.284,0.0,0.2617,0.0,0.2426,0.0,0.2262,0.0,0.2118,0.0,0.1992,0.0,0.1879,0.0,1.0,0.0,1.0,0.0,1.0,0.0,1.0,0.0,0.8501,0.0,0.6854,0.0,0.5682,0.0,0.4853,0.0,0.4234,0.0,0.3756,0.0,0.3374,0.0,0.3063,0.0,0.2805,0.0,0.2586,0.0,0.24,0.0,0.2238,0.0,0.2097,0.0,0.1972,0.0,0.1862,0.0,0.1763,0.0,1.0,0.0,1.0,0.0,1.0,0.0,0.9792,0.0,0.7563,0.0,0.6161,0.0,0.5197,0.0,0.4495,0.0,0.3959,0.0,0.3538,0.0,0.3197,0.0,0.2917,0.0,0.2681,0.0,0.2481,0.0,0.2309,0.0,0.2159,0.0,0.2027,0.0,0.1911,0.0,0.1807,0.0,0.1714,0.0,0.0,0.0,0.0,0.0,0.0,0.0,0.0,0.0,0.0,0.0,0.0,0.525,0.0,0.4367,0.0,0.3674,0.0,0.3135,0.0,0.2708,0.0,0.2364,0.0,0.2081,0.0,0.1855,0.0,0.1673,0.0,0.1524,0.0,0.1399,0.0,0.1293,0.0,0.1202,0.0,0.1123,0.0,0.1054,0.0,0.0,0.0,0.0,0.0,0.0,0.0,0.0,0.0,0.0,0.0,0.0,0.0,0.0,0.0,0.0,0.0,0.0,0.0,0.0,0.0,0.0,0.0,0.0,0.0,0.0,0.0,0.0,0.0,0.0,0.0,0.0,0.0,0.0,0.0,0.0,0.0,0.0,0.0,0.0,0.0,0.0,0.0,0.0,0.0,0.0,0.0,0.0,0.0,0.0,0.0,0.0,0.0,0.0,0.0,0.0,0.0,0.0,0.0,0.0,0.0,0.0,0.0,0.0,0.0,0.0,0.0,0.0,0.0,0.0,0.0,0.0,0.0,0.0,0.0,0.0,0.0,0.0,0.0,0.0,0.0,0.0,0.0,0.0,0.0,0.0,0.0,0.0,0.0,0.0,0.0,0.0,0.0,0.0,0.0,0.0,0.0,0.0,0.0,0.0,0.0,0.0,0.0,0.0,0.0,0.0,0.0,0.0,0.0,0.0,0.0,0.0,0.0,0.0,0.0,0.0,0.0,0.0,0.0,0.0
block_cont_r9,block_or_occupancy,block_cont,block_cont|v9|L8,9.0,1.0,0.0,1.0,0.0,1.0,0.0,1.0,0.0,1.0,0.0,1.0,0.0,0.9328,0.0,0.7848,0.0,0.6698,0.0,0.5785,0.6298,0.5063,0.5497,0.4458,0.484,0.3974,0.4314,0.3584,0.3891,0.3264,0.3544,0.2997,0.3253,0.277,0.3007,0.2575,0.2795,0.2405,0.2611,0.2257,0.245,1.0,0.0,1.0,0.0,1.0,0.0,1.0,0.0,1.0,0.0,0.9025,0.0,0.7474,0.0,0.6311,0.0,0.5412,0.0,0.4713,0.0,0.4185,0.0,0.3755,0.4077,0.3405,0.3697,0.3115,0.3382,0.2871,0.3117,0.2662,0.289,0.2481,0.2694,0.2323,0.2522,0.2185,0.2372,0.2062,0.2238,1.0,0.0,1.0,0.0,1.0,0.0,1.0,0.0,0.9328,0.0,0.7521,0.0,0.6235,0.0,0.5324,0.0,0.4646,0.5058,0.4121,0.4486,0.3703,0.4031,0.3361,0.3659,0.3078,0.335,0.2838,0.309,0.2633,0.2867,0.2456,0.2673,0.2301,0.2505,0.2164,0.2356,0.2043,0.2224,0.1935,0.2106,1.0,0.0,1.0,0.0,1.0,0.0,1.0,0.0,0.8276,0.0,0.6742,0.0,0.5687,0.0,0.4918,0.5355,0.4332,0.4729,0.3871,0.4226,0.3499,0.3819,0.3191,0.3484,0.2934,0.3203,0.2715,0.2964,0.2526,0.2758,0.2362,0.2579,0.2218,0.2421,0.2091,0.2282,0.1977,0.2158,0.1875,0.2047,0.0,0.0,0.0,0.0,0.0,0.0,0.0,0.0,0.0,0.0,0.0,0.525,0.0,0.4367,0.0,0.3674,0.0,0.3135,0.0,0.2708,0.0,0.2364,0.0,0.2081,0.0,0.1855,0.0,0.1673,0.0,0.1524,0.0,0.1399,0.0,0.1293,0.0,0.1202,0.0,0.1123,0.0,0.1054,0.0,0.0,0.0,0.0,0.0,0.0,0.0,0.0,0.0,0.0,0.0,0.0,0.0,0.0,0.0,0.0,0.0,0.0,0.0,0.0,0.0,0.0,0.0,0.0,0.0,0.0,0.0,0.0,0.0,0.0,0.0,0.0,0.0,0.0,0.0,0.0,0.0,0.0,0.0,0.0,0.0,0.0,0.0,0.0,0.0,0.0,0.0,0.0,0.0,0.0,0.0,0.0,0.0,0.0,0.0,0.0,0.0,0.0,0.0,0.0,0.0,0.0,0.0,0.0,0.0,0.0,0.0,0.0,0.0,0.0,0.0,0.0,0.0,0.0,0.0,0.0,0.0,0.0,0.0,0.0,0.0,0.0,0.0,0.0,0.0,0.0,0.0,0.0,0.0,0.0,0.0,0.0,0.0,0.0,0.0,0.0,0.0,0.0,0.0,0.0,0.0,0.0,0.0,0.0,0.0,0.0,0.0,0.0,0.0,0.0,0.0,0.0,0.0,0.0,0.0,0.0,0.0,0.0,0.0,0.0
block_nec_r1,block_or_occupancy,block_nec,block_nec|v6|L5,6.0,1.0,0.0,1.0,0.0,1.0,0.0,1.0,0.0,1.0,0.0,1.0,0.0,1.0,0.0,0.9888,1.0,0.8204,1.0,0.6901,1.0,0.5898,1.0,0.5076,1.0,0.4411,1.0,0.3866,1.0,0.3415,1.0,0.3037,1.0,0.2728,1.0,0.2477,1.0,0.2268,1.0,0.2091,1.0,1.0,0.0,1.0,0.0,1.0,0.0,1.0,0.0,1.0,0.0,1.0,0.0,0.8444,0.0,0.7,1.0,0.5898,1.0,0.5038,1.0,0.4354,1.0,0.38,1.0,0.3346,1.0,0.2975,1.0,0.2679,1.0,0.2436,1.0,0.2233,1.0,0.2062,1.0,0.1915,1.0,0.1788,1.0,1.0,0.0,1.0,0.0,1.0,0.0,1.0,0.0,0.9888,0.0,0.7887,0.0,0.6448,0.0,0.5407,0.9573,0.4594,0.9534,0.3958,0.9509,0.345,0.9494,0.3057,0.9552,0.2745,0.9598,0.2491,0.9635,0.2279,0.9666,0.2101,0.9692,0.1949,0.9714,0.1817,0.9734,0.1702,0.975,0.16,0.9765,1.0,0.0,1.0,0.0,1.0,0.0,1.0,0.0,0.8381,0.0,0.6667,0.0,0.5466,0.0,0.4583,0.7344,0.3941,0.723,0.3437,0.7222,0.3047,0.7285,0.2737,0.7397,0.2484,0.7544,0.2274,0.7718,0.2096,0.7896,0.1944,0.8048,0.1813,0.818,0.1699,0.8295,0.1598,0.8396,0.1508,0.8486,0.0,0.0,0.0,0.0,0.0,0.0,0.0,0.0,0.0,0.0,0.0,1.0,0.0,1.0,0.0,1.0,0.0,1.0,0.0,1.0,0.0,1.0,0.0,1.0,0.0,1.0,0.0,1.0,0.0,1.0,0.0,1.0,0.0,1.0,0.0,1.0,0.0,1.0,0.0,1.0,0.0,0.0,0.0,0.0,0.0,0.0,0.0,0.0,0.0,0.0,0.0,1.0,0.0,1.0,0.0,1.0,0.0,1.0,0.0,1.0,0.0,1.0,0.0,1.0,0.0,1.0,0.0,1.0,0.0,1.0,0.0,1.0,0.0,1.0,0.0,1.0,0.0,1.0,0.0,1.0,0.0,0.0,0.0,0.0,0.0,0.0,0.0,0.0,0.0,0.0,0.0,1.0,0.0,1.0,0.0,1.0,0.0,1.0,0.0,1.0,0.0,1.0,0.0,1.0,0.0,1.0,0.0,1.0,0.0,1.0,0.0,1.0,0.0,1.0,0.0,1.0,0.0,1.0,0.0,1.0,0.0,0.0,0.0,0.0,0.0,0.0,0.0,0.0,0.0,0.0,0.0,1.0,0.0,1.0,0.0,1.0,0.0,1.0,0.0,1.0,0.0,1.0,0.0,1.0,0.0,1.0,0.0,1.0,0.0,1.0,0.0,1.0,0.0,1.0,0.0,1.0,0.0,1.0,0.0,1.0
block_nec_r10,block_or_occupancy,block_nec,block_nec|v7|L6,7.0,1.0,0.0,1.0,0.0,1.0,0.0,1.0,0.0,1.0,0.0,1.0,0.0,1.0,0.0,1.0,1.0,0.9468,1.0,0.806,1.0,0.6939,1.0,0.6032,1.0,0.529,1.0,0.4675,1.0,0.416,1.0,0.3747,1.0,0.3409,1.0,0.3127,1.0,0.2888,1.0,0.2683,1.0,1.0,0.0,1.0,0.0,1.0,0.0,1.0,0.0,1.0,0.0,1.0,0.0,1.0,0.0,0.8401,1.0,0.7132,1.0,0.6151,1.0,0.5351,1.0,0.4698,1.0,0.4179,1.0,0.3763,1.0,0.3422,1.0,0.3138,1.0,0.2897,1.0,0.2691,1.0,0.2512,1.0,0.2355,1.0,1.0,0.0,1.0,0.0,1.0,0.0,1.0,0.0,1.0,0.0,0.9714,0.0,0.7987,0.0,0.6709,1.0,0.573,1.0,0.4987,1.0,0.4405,1.0,0.3945,1.0,0.3572,1.0,0.3264,1.0,0.3004,1.0,0.2783,1.0,0.2592,1.0,0.2425,1.0,0.2279,1.0,0.2149,1.0,1.0,0.0,1.0,0.0,1.0,0.0,1.0,0.0,1.0,0.0,0.8401,0.0,0.692,0.0,0.5846,1.0,0.5061,1.0,0.4462,1.0,0.4,1.0,0.3617,1.0,0.3301,1.0,0.3036,1.0,0.281,1.0,0.2615,1.0,0.2446,1.0,0.2297,1.0,0.2166,1.0,0.2048,1.0,0.0,0.0,0.0,0.0,0.0,0.0,0.0,0.0,0.0,0.0,0.0,1.0,0.0,1.0,0.0,1.0,0.0,1.0,0.0,1.0,0.0,1.0,0.0,1.0,0.0,1.0,0.0,1.0,0.0,1.0,0.0,1.0,0.0,1.0,0.0,1.0,0.0,1.0,0.0,1.0,0.0,0.0,0.0,0.0,0.0,0.0,0.0,0.0,0.0,0.0,0.0,1.0,0.0,1.0,0.0,1.0,0.0,1.0,0.0,1.0,0.0,1.0,0.0,1.0,0.0,1.0,0.0,1.0,0.0,1.0,0.0,1.0,0.0,1.0,0.0,1.0,0.0,1.0,0.0,1.0,0.0,0.0,0.0,0.0,0.0,0.0,0.0,0.0,0.0,0.0,0.0,1.0,0.0,1.0,0.0,1.0,0.0,1.0,0.0,1.0,0.0,1.0,0.0,1.0,0.0,1.0,0.0,1.0,0.0,1.0,0.0,1.0,0.0,1.0,0.0,1.0,0.0,1.0,0.0,1.0,0.0,0.0,0.0,0.0,0.0,0.0,0.0,0.0,0.0,0.0,0.0,1.0,0.0,1.0,0.0,1.0,0.0,1.0,0.0,1.0,0.0,1.0,0.0,1.0,0.0,1.0,0.0,1.0,0.0,1.0,0.0,1.0,0.0,1.0,0.0,1.0,0.0,1.0,0.0,1.0
block_nec_r11,block_or_occupancy,block_nec,block_nec|v8|L6,8.0,1.0,0.0,1.0,0.0,1.0,0.0,1.0,0.0,1.0,0.0,0.9118,0.0,0.7492,0.0,0.6263,1.0,0.531,1.0,0.4559,1.0,0.3955,1.0,0.3464,1.0,0.3058,1.0,0.2725,1.0,0.2458,1.0,0.2238,1.0,0.2055,1.0,0.1899,1.0,0.1765,1.0,0.1649,1.0,1.0,0.0,1.0,0.0,1.0,0.0,1.0,0.0,0.8763,0.0,0.7045,0.0,0.5808,0.0,0.4882,0.7638,0.4168,0.7597,0.3605,0.7602,0.3151,0.7624,0.2799,0.7709,0.2518,0.7838,0.2288,0.7998,0.2096,0.8166,0.1934,0.8307,0.1796,0.8429,0.1676,0.8534,0.1571,0.8626,0.1478,0.8707,1.0,0.0,1.0,0.0,1.0,0.0,0.9254,0.0,0.7147,0.0,0.5741,0.0,0.4742,0.0,0.4,0.521,0.3449,0.5007,0.3032,0.4927,0.2704,0.4929,0.2441,0.499,0.2224,0.5094,0.2043,0.5231,0.1889,0.5392,0.1756,0.5574,0.1641,0.5771,0.154,0.5981,0.1451,0.6202,0.1372,0.641,1.0,0.0,1.0,0.0,1.0,0.0,0.7204,0.0,0.5544,0.0,0.4451,0.0,0.3706,0.0,0.3174,0.0,0.2776,0.0,0.2466,0.0,0.2219,0.0,0.2017,0.0,0.1848,0.0,0.1706,0.0,0.1584,0.0,0.1478,0.0,0.1385,0.0,0.1304,0.0,0.1231,0.0,0.1166,0.0,0.0,0.0,0.0,0.0,0.0,0.0,0.0,0.0,0.0,0.0,0.0,1.0,0.0,1.0,0.0,1.0,0.0,1.0,0.0,1.0,0.0,1.0,0.0,1.0,0.0,1.0,0.0,1.0,0.0,1.0,0.0,1.0,0.0,1.0,0.0,1.0,0.0,1.0,0.0,1.0,0.0,0.0,0.0,0.0,0.0,0.0,0.0,0.0,0.0,0.0,0.0,1.0,0.0,1.0,0.0,1.0,0.0,1.0,0.0,1.0,0.0,1.0,0.0,1.0,0.0,1.0,0.0,1.0,0.0,1.0,0.0,1.0,0.0,1.0,0.0,1.0,0.0,1.0,0.0,1.0,0.0,0.0,0.0,0.0,0.0,0.0,0.0,0.0,0.0,0.0,0.0,1.0,0.0,1.0,0.0,1.0,0.0,1.0,0.0,1.0,0.0,1.0,0.0,1.0,0.0,1.0,0.0,1.0,0.0,1.0,0.0,1.0,0.0,1.0,0.0,1.0,0.0,1.0,0.0,1.0,0.0,0.0,0.0,0.0,0.0,0.0,0.0,0.0,0.0,0.0,0.0,1.0,0.0,1.0,0.0,1.0,0.0,1.0,0.0,1.0,0.0,1.0,0.0,1.0,0.0,1.0,0.0,1.0,0.0,1.0,0.0,1.0,0.0,1.0,0.0,1.0,0.0,1.0,0.0,1.0
block_nec_r12,block_or_occupancy,block_nec,block_nec|v6|L6,6.0,1.0,0.0,1.0,0.0,1.0,0.0,1.0,0.0,1.0,0.0,1.0,0.0,1.0,0.0,1.0,1.0,1.0,1.0,1.0,1.0,0.8692,1.0,0.7481,1.0,0.6501,1.0,0.5712,1.0,0.5045,1.0,0.4498,1.0,0.4041,1.0,0.3669,1.0,0.3359,1.0,0.3097,1.0,1.0,0.0,1.0,0.0,1.0,0.0,1.0,0.0,1.0,0.0,1.0,0.0,1.0,0.0,1.0,1.0,0.8492,1.0,0.7424,1.0,0.6416,1.0,0.5614,1.0,0.4943,1.0,0.4396,1.0,0.3958,1.0,0.3599,1.0,0.33,1.0,0.3047,1.0,0.2829,1.0,0.2641,1.0,1.0,0.0,1.0,0.0,1.0,0.0,1.0,0.0,1.0,0.0,1.0,0.0,0.9562,0.0,0.7988,1.0,0.6788,1.0,0.5848,1.0,0.5097,1.0,0.4529,1.0,0.4066,1.0,0.3689,1.0,0.3376,1.0,0.3112,1.0,0.2886,1.0,0.2691,1.0,0.2521,1.0,0.2371,1.0,1.0,0.0,1.0,0.0,1.0,0.0,1.0,0.0,1.0,0.0,0.9924,0.0,0.8137,0.0,0.6823,1.0,0.5822,1.0,0.5078,1.0,0.4513,1.0,0.4053,1.0,0.3679,1.0,0.3368,1.0,0.3105,1.0,0.288,1.0,0.2686,1.0,0.2516,1.0,0.2366,1.0,0.2234,1.0,0.0,0.0,0.0,0.0,0.0,0.0,0.0,0.0,0.0,0.0,0.0,1.0,0.0,1.0,0.0,1.0,0.0,1.0,0.0,1.0,0.0,1.0,0.0,1.0,0.0,1.0,0.0,1.0,0.0,1.0,0.0,1.0,0.0,1.0,0.0,1.0,0.0,1.0,0.0,1.0,0.0,0.0,0.0,0.0,0.0,0.0,0.0,0.0,0.0,0.0,0.0,1.0,0.0,1.0,0.0,1.0,0.0,1.0,0.0,1.0,0.0,1.0,0.0,1.0,0.0,1.0,0.0,1.0,0.0,1.0,0.0,1.0,0.0,1.0,0.0,1.0,0.0,1.0,0.0,1.0,0.0,0.0,0.0,0.0,0.0,0.0,0.0,0.0,0.0,0.0,0.0,1.0,0.0,1.0,0.0,1.0,0.0,1.0,0.0,1.0,0.0,1.0,0.0,1.0,0.0,1.0,0.0,1.0,0.0,1.0,0.0,1.0,0.0,1.0,0.0,1.0,0.0,1.0,0.0,1.0,0.0,0.0,0.0,0.0,0.0,0.0,0.0,0.0,0.0,0.0,0.0,1.0,0.0,1.0,0.0,1.0,0.0,1.0,0.0,1.0,0.0,1.0,0.0,1.0,0.0,1.0,0.0,1.0,0.0,1.0,0.0,1.0,0.0,1.0,0.0,1.0,0.0,1.0,0.0,1.0
block_nec_r2,block_or_occupancy,block_nec,block_nec|v6|L5,6.0,1.0,0.0,1.0,0.0,1.0,0.0,1.0,0.0,1.0,0.0,1.0,0.0,1.0,0.0,1.0,1.0,1.0,1.0,0.8568,1.0,0.7295,1.0,0.6298,1.0,0.5473,1.0,0.4797,1.0,0.4236,1.0,0.3767,1.0,0.3385,1.0,0.3073,1.0,0.2813,1.0,0.2594,1.0,1.0,0.0,1.0,0.0,1.0,0.0,1.0,0.0,1.0,0.0,1.0,0.0,1.0,0.0,0.8658,1.0,0.7295,1.0,0.625,1.0,0.5401,1.0,0.4714,1.0,0.4151,1.0,0.3691,1.0,0.3323,1.0,0.3022,1.0,0.2771,1.0,0.2558,1.0,0.2376,1.0,0.2218,1.0,1.0,0.0,1.0,0.0,1.0,0.0,1.0,0.0,1.0,0.0,0.9792,0.0,0.8005,0.0,0.6687,1.0,0.5682,1.0,0.4896,1.0,0.4267,1.0,0.3793,1.0,0.3406,1.0,0.309,1.0,0.2828,1.0,0.2607,1.0,0.2418,1.0,0.2254,1.0,0.2111,1.0,0.1986,1.0,1.0,0.0,1.0,0.0,1.0,0.0,1.0,0.0,1.0,0.0,0.7955,0.0,0.6832,0.0,0.5729,1.0,0.4889,1.0,0.4264,1.0,0.378,1.0,0.3395,1.0,0.3081,1.0,0.2821,1.0,0.26,1.0,0.2412,1.0,0.2249,1.0,0.2107,1.0,0.1982,1.0,0.1871,1.0,0.0,0.0,0.0,0.0,0.0,0.0,0.0,0.0,0.0,0.0,0.0,1.0,0.0,1.0,0.0,1.0,0.0,1.0,0.0,1.0,0.0,1.0,0.0,1.0,0.0,1.0,0.0,1.0,0.0,1.0,0.0,1.0,0.0,1.0,0.0,1.0,0.0,1.0,0.0,1.0,0.0,0.0,0.0,0.0,0.0,0.0,0.0,0.0,0.0,0.0,0.0,1.0,0.0,1.0,0.0,1.0,0.0,1.0,0.0,1.0,0.0,1.0,0.0,1.0,0.0,1.0,0.0,1.0,0.0,1.0,0.0,1.0,0.0,1.0,0.0,1.0,0.0,1.0,0.0,1.0,0.0,0.0,0.0,0.0,0.0,0.0,0.0,0.0,0.0,0.0,0.0,1.0,0.0,1.0,0.0,1.0,0.0,1.0,0.0,1.0,0.0,1.0,0.0,1.0,0.0,1.0,0.0,1.0,0.0,1.0,0.0,1.0,0.0,1.0,0.0,1.0,0.0,1.0,0.0,1.0,0.0,0.0,0.0,0.0,0.0,0.0,0.0,0.0,0.0,0.0,0.0,1.0,0.0,1.0,0.0,1.0,0.0,1.0,0.0,1.0,0.0,1.0,0.0,1.0,0.0,1.0,0.0,1.0,0.0,1.0,0.0,1.0,0.0,1.0,0.0,1.0,0.0,1.0,0.0,1.0
block_nec_r3,block_or_occupancy,block_nec,block_nec|v7|L5,7.0,1.0,0.0,1.0,0.0,1.0,0.0,1.0,0.0,1.0,0.0,1.0,0.0,1.0,0.0,0.8343,1.0,0.7013,1.0,0.5991,1.0,0.5158,1.0,0.4484,1.0,0.3932,1.0,0.3475,1.0,0.3092,1.0,0.2786,1.0,0.2534,1.0,0.2324,1.0,0.2147,1.0,0.1994,1.0,1.0,0.0,1.0,0.0,1.0,0.0,1.0,0.0,1.0,0.0,0.9145,0.0,0.7493,0.0,0.6261,1.0,0.5315,1.0,0.4572,1.0,0.3977,1.0,0.3492,1.0,0.3106,1.0,0.2797,1.0,0.2543,1.0,0.2332,1.0,0.2153,1.0,0.2,1.0,0.1867,1.0,0.1751,1.0,1.0,0.0,1.0,0.0,1.0,0.0,1.0,0.0,0.899,0.0,0.7188,0.0,0.591,0.0,0.4964,0.8219,0.4255,0.8141,0.3707,0.812,0.3274,0.8174,0.2932,0.8281,0.2655,0.8424,0.2426,0.856,0.2233,0.8675,0.2068,0.8772,0.1927,0.8857,0.1803,0.893,0.1694,0.8995,0.1598,0.9052,1.0,0.0,1.0,0.0,1.0,0.0,1.0,0.0,0.7775,0.0,0.6216,0.0,0.5121,0.0,0.4342,0.6583,0.3758,0.6554,0.3313,0.6603,0.2963,0.6706,0.2679,0.6847,0.2445,0.7017,0.2248,0.7208,0.2081,0.7415,0.1937,0.7594,0.1812,0.775,0.1701,0.7887,0.1604,0.8008,0.1517,0.8116,0.0,0.0,0.0,0.0,0.0,0.0,0.0,0.0,0.0,0.0,0.0,1.0,0.0,1.0,0.0,1.0,0.0,1.0,0.0,1.0,0.0,1.0,0.0,1.0,0.0,1.0,0.0,1.0,0.0,1.0,0.0,1.0,0.0,1.0,0.0,1.0,0.0,1.0,0.0,1.0,0.0,0.0,0.0,0.0,0.0,0.0,0.0,0.0,0.0,0.0,0.0,1.0,0.0,1.0,0.0,1.0,0.0,1.0,0.0,1.0,0.0,1.0,0.0,1.0,0.0,1.0,0.0,1.0,0.0,1.0,0.0,1.0,0.0,1.0,0.0,1.0,0.0,1.0,0.0,1.0,0.0,0.0,0.0,0.0,0.0,0.0,0.0,0.0,0.0,0.0,0.0,1.0,0.0,1.0,0.0,1.0,0.0,1.0,0.0,1.0,0.0,1.0,0.0,1.0,0.0,1.0,0.0,1.0,0.0,1.0,0.0,1.0,0.0,1.0,0.0,1.0,0.0,1.0,0.0,1.0,0.0,0.0,0.0,0.0,0.0,0.0,0.0,0.0,0.0,0.0,0.0,1.0,0.0,1.0,0.0,1.0,0.0,1.0,0.0,1.0,0.0,1.0,0.0,1.0,0.0,1.0,0.0,1.0,0.0,1.0,0.0,1.0,0.0,1.0,0.0,1.0,0.0,1.0,0.0,1.0
block_nec_r4,block_or_occupancy,block_nec,block_nec|v7|L6,7.0,1.0,0.0,1.0,0.0,1.0,0.0,1.0,0.0,1.0,0.0,1.0,0.0,1.0,0.0,1.0,1.0,0.8633,1.0,0.7349,1.0,0.6327,1.0,0.55,1.0,0.4823,1.0,0.4275,1.0,0.3804,1.0,0.3427,1.0,0.3118,1.0,0.286,1.0,0.2641,1.0,0.2453,1.0,1.0,0.0,1.0,0.0,1.0,0.0,1.0,0.0,1.0,0.0,1.0,0.0,0.9164,0.0,0.7658,1.0,0.6501,1.0,0.5592,1.0,0.4893,1.0,0.4296,1.0,0.3821,1.0,0.3441,1.0,0.3129,1.0,0.2869,1.0,0.2649,1.0,0.246,1.0,0.2297,1.0,0.2154,1.0,1.0,0.0,1.0,0.0,1.0,0.0,1.0,0.0,1.0,0.0,0.888,0.0,0.7323,0.0,0.6151,1.0,0.5253,1.0,0.456,1.0,0.4028,1.0,0.3608,1.0,0.3266,1.0,0.2984,1.0,0.2747,1.0,0.2545,1.0,0.237,1.0,0.2218,1.0,0.2084,1.0,0.1966,1.0,1.0,0.0,1.0,0.0,1.0,0.0,1.0,0.0,0.9577,0.0,0.7658,0.0,0.6327,0.0,0.5345,0.9514,0.464,0.9579,0.4091,0.9629,0.3658,0.9668,0.3308,0.97,0.3019,0.9726,0.2776,0.9748,0.2569,0.9767,0.2392,0.9783,0.2237,0.9797,0.2101,0.981,0.198,0.982,0.1873,0.983,0.0,0.0,0.0,0.0,0.0,0.0,0.0,0.0,0.0,0.0,0.0,1.0,0.0,1.0,0.0,1.0,0.0,1.0,0.0,1.0,0.0,1.0,0.0,1.0,0.0,1.0,0.0,1.0,0.0,1.0,0.0,1.0,0.0,1.0,0.0,1.0,0.0,1.0,0.0,1.0,0.0,0.0,0.0,0.0,0.0,0.0,0.0,0.0,0.0,0.0,0.0,1.0,0.0,1.0,0.0,1.0,0.0,1.0,0.0,1.0,0.0,1.0,0.0,1.0,0.0,1.0,0.0,1.0,0.0,1.0,0.0,1.0,0.0,1.0,0.0,1.0,0.0,1.0,0.0,1.0,0.0,0.0,0.0,0.0,0.0,0.0,0.0,0.0,0.0,0.0,0.0,1.0,0.0,1.0,0.0,1.0,0.0,1.0,0.0,1.0,0.0,1.0,0.0,1.0,0.0,1.0,0.0,1.0,0.0,1.0,0.0,1.0,0.0,1.0,0.0,1.0,0.0,1.0,0.0,1.0,0.0,0.0,0.0,0.0,0.0,0.0,0.0,0.0,0.0,0.0,0.0,1.0,0.0,1.0,0.0,1.0,0.0,1.0,0.0,1.0,0.0,1.0,0.0,1.0,0.0,1.0,0.0,1.0,0.0,1.0,0.0,1.0,0.0,1.0,0.0,1.0,0.0,1.0,0.0,1.0
block_nec_r5,block_or_occupancy,block_nec,block_nec|v8|L6,8.0,1.0,0.0,1.0,0.0,1.0,0.0,1.0,0.0,1.0,0.0,1.0,0.0,0.8459,0.0,0.7071,1.0,0.5996,1.0,0.5147,1.0,0.4466,1.0,0.3911,1.0,0.3453,1.0,0.3077,1.0,0.2775,1.0,0.2527,1.0,0.232,1.0,0.2144,1.0,0.1993,1.0,0.1862,1.0,1.0,0.0,1.0,0.0,1.0,0.0,1.0,0.0,0.9894,0.0,0.7955,0.0,0.6557,0.0,0.5512,0.9587,0.4706,0.9546,0.407,0.952,0.3558,0.9504,0.316,0.956,0.2843,0.9604,0.2583,0.964,0.2367,0.967,0.2184,0.9696,0.2028,0.9718,0.1892,0.9736,0.1773,0.9753,0.1669,0.9768,1.0,0.0,1.0,0.0,1.0,0.0,1.0,0.0,0.8069,0.0,0.6481,0.0,0.5354,0.0,0.4516,0.6452,0.3894,0.6384,0.3423,0.6406,0.3053,0.6489,0.2756,0.6614,0.2511,0.6771,0.2306,0.6952,0.2133,0.7152,0.1983,0.7351,0.1853,0.7525,0.1739,0.7677,0.1638,0.7812,0.1549,0.7931,1.0,0.0,1.0,0.0,1.0,0.0,0.9211,0.0,0.7089,0.0,0.5691,0.0,0.4738,0.0,0.4058,0.0,0.3549,0.0,0.3153,0.0,0.2837,0.0,0.2578,0.0,0.2363,0.0,0.2181,0.0,0.2025,0.0,0.1889,0.0,0.1771,0.0,0.1667,0.0,0.1574,0.0,0.1491,0.0,0.0,0.0,0.0,0.0,0.0,0.0,0.0,0.0,0.0,0.0,0.0,1.0,0.0,1.0,0.0,1.0,0.0,1.0,0.0,1.0,0.0,1.0,0.0,1.0,0.0,1.0,0.0,1.0,0.0,1.0,0.0,1.0,0.0,1.0,0.0,1.0,0.0,1.0,0.0,1.0,0.0,0.0,0.0,0.0,0.0,0.0,0.0,0.0,0.0,0.0,0.0,1.0,0.0,1.0,0.0,1.0,0.0,1.0,0.0,1.0,0.0,1.0,0.0,1.0,0.0,1.0,0.0,1.0,0.0,1.0,0.0,1.0,0.0,1.0,0.0,1.0,0.0,1.0,0.0,1.0,0.0,0.0,0.0,0.0,0.0,0.0,0.0,0.0,0.0,0.0,0.0,1.0,0.0,1.0,0.0,1.0,0.0,1.0,0.0,1.0,0.0,1.0,0.0,1.0,0.0,1.0,0.0,1.0,0.0,1.0,0.0,1.0,0.0,1.0,0.0,1.0,0.0,1.0,0.0,1.0,0.0,0.0,0.0,0.0,0.0,0.0,0.0,0.0,0.0,0.0,0.0,1.0,0.0,1.0,0.0,1.0,0.0,1.0,0.0,1.0,0.0,1.0,0.0,1.0,0.0,1.0,0.0,1.0,0.0,1.0,0.0,1.0,0.0,1.0,0.0,1.0,0.0,1.0,0.0,1.0
block_nec_r6,block_or_occupancy,block_nec,block_nec|v8|L7,8.0,1.0,0.0,1.0,0.0,1.0,0.0,1.0,0.0,1.0,0.0,1.0,0.0,1.0,0.0,0.8636,1.0,0.7323,1.0,0.6287,1.0,0.5486,1.0,0.4804,1.0,0.4242,1.0,0.378,1.0,0.3409,1.0,0.3105,1.0,0.285,1.0,0.2634,1.0,0.2448,1.0,0.2287,1.0,1.0,0.0,1.0,0.0,1.0,0.0,1.0,0.0,1.0,0.0,0.9744,0.0,0.8056,0.0,0.6772,1.0,0.5782,1.0,0.5,1.0,0.4371,1.0,0.3883,1.0,0.3492,1.0,0.3173,1.0,0.2908,1.0,0.2683,1.0,0.2491,1.0,0.2324,1.0,0.2179,1.0,0.205,1.0,1.0,0.0,1.0,0.0,1.0,0.0,1.0,0.0,0.9914,0.0,0.7963,0.0,0.6577,0.0,0.5548,0.9661,0.4784,0.968,0.4205,0.9719,0.3751,0.9749,0.3386,0.9774,0.3085,0.9794,0.2834,0.9811,0.262,0.9825,0.2436,0.9837,0.2277,0.9848,0.2137,0.9857,0.2013,0.9865,0.1903,0.9873,1.0,0.0,1.0,0.0,1.0,0.0,1.0,0.0,0.8709,0.0,0.6992,0.0,0.5821,0.0,0.4986,0.8174,0.436,0.8251,0.3874,0.8378,0.3485,0.8541,0.3168,0.8674,0.2903,0.8785,0.2679,0.8879,0.2487,0.8959,0.2321,0.9028,0.2176,0.9089,0.2048,0.9143,0.1934,0.9191,0.1832,0.9233,0.0,0.0,0.0,0.0,0.0,0.0,0.0,0.0,0.0,0.0,0.0,1.0,0.0,1.0,0.0,1.0,0.0,1.0,0.0,1.0,0.0,1.0,0.0,1.0,0.0,1.0,0.0,1.0,0.0,1.0,0.0,1.0,0.0,1.0,0.0,1.0,0.0,1.0,0.0,1.0,0.0,0.0,0.0,0.0,0.0,0.0,0.0,0.0,0.0,0.0,0.0,1.0,0.0,1.0,0.0,1.0,0.0,1.0,0.0,1.0,0.0,1.0,0.0,1.0,0.0,1.0,0.0,1.0,0.0,1.0,0.0,1.0,0.0,1.0,0.0,1.0,0.0,1.0,0.0,1.0,0.0,0.0,0.0,0.0,0.0,0.0,0.0,0.0,0.0,0.0,0.0,1.0,0.0,1.0,0.0,1.0,0.0,1.0,0.0,1.0,0.0,1.0,0.0,1.0,0.0,1.0,0.0,1.0,0.0,1.0,0.0,1.0,0.0,1.0,0.0,1.0,0.0,1.0,0.0,1.0,0.0,0.0,0.0,0.0,0.0,0.0,0.0,0.0,0.0,0.0,0.0,1.0,0.0,1.0,0.0,1.0,0.0,1.0,0.0,1.0,0.0,1.0,0.0,1.0,0.0,1.0,0.0,1.0,0.0,1.0,0.0,1.0,0.0,1.0,0.0,1.0,0.0,1.0,0.0,1.0
block_nec_r7,block_or_occupancy,block_nec,block_nec|v8|L7,8.0,1.0,0.0,1.0,0.0,1.0,0.0,1.0,0.0,1.0,0.0,1.0,0.0,1.0,0.0,1.0,1.0,0.8544,1.0,0.75,1.0,0.6507,1.0,0.5698,1.0,0.5031,1.0,0.4484,1.0,0.4044,1.0,0.3682,1.0,0.338,1.0,0.3124,1.0,0.2904,1.0,0.2713,1.0,1.0,0.0,1.0,0.0,1.0,0.0,1.0,0.0,1.0,0.0,1.0,0.0,0.9532,0.0,0.8031,1.0,0.6857,1.0,0.593,1.0,0.5184,1.0,0.4605,1.0,0.4142,1.0,0.3764,1.0,0.3449,1.0,0.3183,1.0,0.2954,1.0,0.2757,1.0,0.2584,1.0,0.2431,1.0,1.0,0.0,1.0,0.0,1.0,0.0,1.0,0.0,1.0,0.0,0.9444,0.0,0.7801,0.0,0.6581,1.0,0.5675,1.0,0.4988,1.0,0.4449,1.0,0.4016,1.0,0.3659,1.0,0.3361,1.0,0.3107,1.0,0.289,1.0,0.27,1.0,0.2534,1.0,0.2387,1.0,0.2257,1.0,1.0,0.0,1.0,0.0,1.0,0.0,1.0,0.0,1.0,0.0,0.8293,0.0,0.6904,0.0,0.5913,1.0,0.5171,1.0,0.4595,1.0,0.4134,1.0,0.3757,1.0,0.3443,1.0,0.3178,1.0,0.295,1.0,0.2753,1.0,0.2581,1.0,0.2429,1.0,0.2293,1.0,0.2173,1.0,0.0,0.0,0.0,0.0,0.0,0.0,0.0,0.0,0.0,0.0,0.0,1.0,0.0,1.0,0.0,1.0,0.0,1.0,0.0,1.0,0.0,1.0,0.0,1.0,0.0,1.0,0.0,1.0,0.0,1.0,0.0,1.0,0.0,1.0,0.0,1.0,0.0,1.0,0.0,1.0,0.0,0.0,0.0,0.0,0.0,0.0,0.0,0.0,0.0,0.0,0.0,1.0,0.0,1.0,0.0,1.0,0.0,1.0,0.0,1.0,0.0,1.0,0.0,1.0,0.0,1.0,0.0,1.0,0.0,1.0,0.0,1.0,0.0,1.0,0.0,1.0,0.0,1.0,0.0,1.0,0.0,0.0,0.0,0.0,0.0,0.0,0.0,0.0,0.0,0.0,0.0,1.0,0.0,1.0,0.0,1.0,0.0,1.0,0.0,1.0,0.0,1.0,0.0,1.0,0.0,1.0,0.0,1.0,0.0,1.0,0.0,1.0,0.0,1.0,0.0,1.0,0.0,1.0,0.0,1.0,0.0,0.0,0.0,0.0,0.0,0.0,0.0,0.0,0.0,0.0,0.0,1.0,0.0,1.0,0.0,1.0,0.0,1.0,0.0,1.0,0.0,1.0,0.0,1.0,0.0,1.0,0.0,1.0,0.0,1.0,0.0,1.0,0.0,1.0,0.0,1.0,0.0,1.0,0.0,1.0
block_nec_r8,block_or_occupancy,block_nec,block_nec|v9|L7,9.0,1.0,0.0,1.0,0.0,1.0,0.0,1.0,0.0,1.0,0.0,1.0,0.0,0.8475,0.0,0.713,1.0,0.6085,1.0,0.5272,1.0,0.4601,1.0,0.4064,1.0,0.3622,1.0,0.3267,1.0,0.2976,1.0,0.2732,1.0,0.2525,1.0,0.2347,1.0,0.2193,1.0,0.2057,1.0,1.0,0.0,1.0,0.0,1.0,0.0,1.0,0.0,1.0,0.0,0.8225,0.0,0.6812,0.0,0.5769,1.0,0.4948,1.0,0.4308,1.0,0.3815,1.0,0.3423,1.0,0.3104,1.0,0.284,1.0,0.2617,1.0,0.2426,1.0,0.2262,1.0,0.2118,1.0,0.1992,1.0,0.1879,1.0,1.0,0.0,1.0,0.0,1.0,0.0,1.0,0.0,0.8501,0.0,0.6854,0.0,0.5682,0.0,0.4853,0.7994,0.4234,0.8044,0.3767,0.8151,0.3385,0.8297,0.3073,0.8454,0.2813,0.8585,0.2594,0.8695,0.2407,0.8789,0.2245,0.8871,0.2103,0.8942,0.1978,0.9005,0.1868,0.9061,0.1768,0.911,1.0,0.0,1.0,0.0,1.0,0.0,0.9792,0.0,0.7563,0.0,0.6161,0.0,0.5197,0.0,0.4495,0.0,0.3959,0.0,0.3538,0.0,0.3197,0.0,0.2917,0.0,0.2681,0.0,0.2481,0.0,0.2309,0.0,0.2159,0.0,0.2027,0.0,0.1911,0.0,0.1807,0.0,0.1714,0.0,0.0,0.0,0.0,0.0,0.0,0.0,0.0,0.0,0.0,0.0,0.0,1.0,0.0,1.0,0.0,1.0,0.0,1.0,0.0,1.0,0.0,1.0,0.0,1.0,0.0,1.0,0.0,1.0,0.0,1.0,0.0,1.0,0.0,1.0,0.0,1.0,0.0,1.0,0.0,1.0,0.0,0.0,0.0,0.0,0.0,0.0,0.0,0.0,0.0,0.0,0.0,1.0,0.0,1.0,0.0,1.0,0.0,1.0,0.0,1.0,0.0,1.0,0.0,1.0,0.0,1.0,0.0,1.0,0.0,1.0,0.0,1.0,0.0,1.0,0.0,1.0,0.0,1.0,0.0,1.0,0.0,0.0,0.0,0.0,0.0,0.0,0.0,0.0,0.0,0.0,0.0,1.0,0.0,1.0,0.0,1.0,0.0,1.0,0.0,1.0,0.0,1.0,0.0,1.0,0.0,1.0,0.0,1.0,0.0,1.0,0.0,1.0,0.0,1.0,0.0,1.0,0.0,1.0,0.0,1.0,0.0,0.0,0.0,0.0,0.0,0.0,0.0,0.0,0.0,0.0,0.0,1.0,0.0,1.0,0.0,1.0,0.0,1.0,0.0,1.0,0.0,1.0,0.0,1.0,0.0,1.0,0.0,1.0,0.0,1.0,0.0,1.0,0.0,1.0,0.0,1.0,0.0,1.0,0.0,1.0
block_nec_r9,block_or_occupancy,block_nec,block_nec|v9|L8,9.0,1.0,0.0,1.0,0.0,1.0,0.0,1.0,0.0,1.0,0.0,1.0,0.0,0.9328,0.0,0.7848,1.0,0.6698,1.0,0.5801,1.0,0.5063,1.0,0.4458,1.0,0.3974,1.0,0.3584,1.0,0.3264,1.0,0.2997,1.0,0.277,1.0,0.2575,1.0,0.2405,1.0,0.2257,1.0,1.0,0.0,1.0,0.0,1.0,0.0,1.0,0.0,1.0,0.0,0.9025,0.0,0.7474,0.0,0.6311,1.0,0.5412,1.0,0.4726,1.0,0.4185,1.0,0.3755,1.0,0.3405,1.0,0.3115,1.0,0.2871,1.0,0.2662,1.0,0.2481,1.0,0.2323,1.0,0.2185,1.0,0.2062,1.0,1.0,0.0,1.0,0.0,1.0,0.0,1.0,0.0,0.9328,0.0,0.7521,0.0,0.6235,0.0,0.5324,0.8894,0.4646,0.8958,0.4121,0.9075,0.3713,0.9169,0.3371,0.9246,0.3086,0.9309,0.2846,0.9363,0.264,0.9409,0.2463,0.9449,0.2307,0.9484,0.217,0.9514,0.2049,0.9542,0.194,0.9566,1.0,0.0,1.0,0.0,1.0,0.0,1.0,0.0,0.8276,0.0,0.6742,0.0,0.5687,0.0,0.4918,0.7978,0.4332,0.8075,0.3871,0.8215,0.3499,0.8387,0.3191,0.8528,0.2934,0.8647,0.2715,0.8748,0.2526,0.8835,0.2362,0.8911,0.2218,0.8977,0.2091,0.9036,0.1977,0.9088,0.1875,0.9135,0.0,0.0,0.0,0.0,0.0,0.0,0.0,0.0,0.0,0.0,0.0,1.0,0.0,1.0,0.0,1.0,0.0,1.0,0.0,1.0,0.0,1.0,0.0,1.0,0.0,1.0,0.0,1.0,0.0,1.0,0.0,1.0,0.0,1.0,0.0,1.0,0.0,1.0,0.0,1.0,0.0,0.0,0.0,0.0,0.0,0.0,0.0,0.0,0.0,0.0,0.0,1.0,0.0,1.0,0.0,1.0,0.0,1.0,0.0,1.0,0.0,1.0,0.0,1.0,0.0,1.0,0.0,1.0,0.0,1.0,0.0,1.0,0.0,1.0,0.0,1.0,0.0,1.0,0.0,1.0,0.0,0.0,0.0,0.0,0.0,0.0,0.0,0.0,0.0,0.0,0.0,1.0,0.0,1.0,0.0,1.0,0.0,1.0,0.0,1.0,0.0,1.0,0.0,1.0,0.0,1.0,0.0,1.0,0.0,1.0,0.0,1.0,0.0,1.0,0.0,1.0,0.0,1.0,0.0,1.0,0.0,0.0,0.0,0.0,0.0,0.0,0.0,0.0,0.0,0.0,0.0,1.0,0.0,1.0,0.0,1.0,0.0,1.0,0.0,1.0,0.0,1.0,0.0,1.0,0.0,1.0,0.0,1.0,0.0,1.0,0.0,1.0,0.0,1.0,0.0,1.0,0.0,1.0,0.0,1.0
cross_clear_r1,cross,cross_clear,cross_clear|v6|d5,6.0,1.0,0.0,1.0,0.0,1.0,0.0,1.0,0.0,1.0,0.0,1.0,0.0,1.0,0.0,1.0,1.0,1.0,1.0,1.0,1.0,0.8581,1.0,0.7385,1.0,0.6766,1.0,0.6323,1.0,0.6008,1.0,0.5788,1.0,0.5662,1.0,0.5615,1.0,0.5627,1.0,0.5684,1.0,1.0,0.0,1.0,0.0,1.0,0.0,1.0,0.0,1.0,0.0,1.0,0.0,1.0,0.0,1.0,1.0,0.8492,1.0,0.7273,1.0,0.6285,1.0,0.5543,1.0,0.5119,1.0,0.4877,1.0,0.4824,1.0,0.4835,1.0,0.4895,1.0,0.4992,1.0,0.5119,1.0,0.5269,1.0,1.0,0.0,1.0,0.0,1.0,0.0,1.0,0.0,1.0,0.0,1.0,0.0,1.0,0.0,0.8354,0.0,0.7098,0.0,0.6116,0.0,0.5331,0.69,0.4724,0.6839,0.4241,0.6852,0.3858,0.6919,0.371,0.7027,0.3633,0.7164,0.3612,0.7326,0.3634,0.7507,0.3692,0.7665,0.3779,0.7804,1.0,0.0,1.0,0.0,1.0,0.0,1.0,0.0,1.0,0.0,1.0,0.0,1.0,0.0,1.0,0.0,1.0,0.0,1.0,0.0,1.0,0.4822,1.0,1.0,1.0,1.0,1.0,1.0,1.0,1.0,1.0,1.0,1.0,1.0,1.0,1.0,1.0,1.0,1.0,1.0,0.0,0.0,0.0,0.0,0.0,0.0,0.0,0.0,0.0,0.0,0.0,1.0,0.0,1.0,0.0,1.0,0.0,1.0,0.0,1.0,0.0,1.0,0.0,1.0,0.0,1.0,0.0,1.0,0.0,1.0,0.0,1.0,0.0,1.0,0.0,1.0,0.0,1.0,0.0,1.0,0.0,0.0,0.0,0.0,0.0,0.0,0.0,0.0,0.0,0.0,0.0,1.0,0.0,1.0,0.0,1.0,0.0,1.0,0.0,1.0,0.0,1.0,0.0,1.0,0.0,1.0,0.0,1.0,0.0,1.0,0.0,1.0,0.0,1.0,0.0,1.0,0.0,1.0,0.0,1.0,0.0,0.0,0.0,0.0,0.0,0.0,0.0,0.0,0.0,0.0,0.0,1.0,0.0,0.9367,0.0,0.9085,0.0,0.8912,0.0,0.8795,0.0,0.8716,0.0,0.8724,0.0,0.8793,0.0,0.8904,0.0,0.8997,0.0,0.9076,0.0,0.9143,0.0,0.9201,0.0,0.9251,0.0,0.9296,0.0,0.0,0.0,0.0,0.0,0.0,0.0,0.0,0.0,0.0,0.0,0.9722,0.0,0.7971,0.0,0.724,0.0,0.6904,0.0,0.6731,0.0,0.6667,0.0,0.6677,0.0,0.6741,0.0,0.6846,0.0,0.6982,0.0,0.7142,0.0,0.7321,0.0,0.749,0.0,0.764,0.0,0.7772
cross_clear_r10,cross,cross_clear,cross_clear|v8|d6,8.0,1.0,0.0,1.0,0.0,1.0,0.0,1.0,0.0,1.0,0.0,1.0,0.0,0.8459,0.0,0.7071,0.6439,0.5996,0.591,0.5147,0.557,0.4466,0.5359,0.3911,0.5237,0.3564,0.5179,0.3341,0.5176,0.3221,0.5233,0.3177,0.5334,0.319,0.5468,0.3247,0.5628,0.3338,0.5808,0.3457,0.6004,1.0,0.0,1.0,0.0,1.0,0.0,1.0,0.0,0.9894,0.0,0.9744,0.0,0.8033,0.0,0.6752,0.502,0.5765,0.4773,0.4985,0.4637,0.4358,0.4574,0.3871,0.4594,0.3482,0.467,0.3164,0.4788,0.2899,0.4937,0.2746,0.5109,0.2788,0.5301,0.2865,0.5507,0.297,0.5725,0.3099,0.5954,1.0,0.0,1.0,0.0,1.0,0.0,1.0,0.0,0.8069,0.0,0.7662,0.0,0.6329,0.0,0.5339,0.0,0.4604,0.0,0.4046,0.0,0.361,0.3184,0.3258,0.3022,0.2969,0.2942,0.2727,0.2924,0.2521,0.2955,0.2344,0.3024,0.2349,0.3124,0.241,0.3248,0.2499,0.3394,0.2611,0.3556,1.0,0.0,1.0,0.0,1.0,0.0,0.9211,0.0,0.7089,0.0,0.5691,0.0,0.4738,0.0,0.4058,0.0,0.3549,0.0,0.3153,0.0,0.2837,0.0,0.2578,0.0,0.2363,0.0,0.2181,0.0,0.2025,0.0,0.1889,0.0,0.1771,0.0,0.1667,0.0,0.1574,0.0,0.1491,0.0,0.0,0.0,0.0,0.0,0.0,0.0,0.0,0.0,0.0,0.0,0.0,1.0,0.0,0.8459,0.0,0.7071,0.0,0.6296,0.0,0.6048,0.0,0.5901,0.0,0.5824,0.0,0.5795,0.0,0.5813,0.0,0.5887,0.0,0.6002,0.0,0.6147,0.0,0.6317,0.0,0.6505,0.0,0.6709,0.0,0.0,0.0,0.0,0.0,0.0,0.0,0.0,0.0,0.0,0.0,0.7955,0.0,0.6557,0.0,0.5512,0.0,0.4773,0.0,0.4637,0.0,0.4574,0.0,0.4594,0.0,0.467,0.0,0.4788,0.0,0.4937,0.0,0.5109,0.0,0.5301,0.0,0.5507,0.0,0.5725,0.0,0.5954,0.0,0.0,0.0,0.0,0.0,0.0,0.0,0.0,0.0,0.0,0.0,0.6481,0.0,0.5354,0.0,0.4516,0.0,0.4117,0.0,0.39,0.0,0.3795,0.0,0.377,0.0,0.3803,0.0,0.388,0.0,0.3991,0.0,0.4129,0.0,0.4289,0.0,0.4466,0.0,0.4658,0.0,0.4862,0.0,0.0,0.0,0.0,0.0,0.0,0.0,0.0,0.0,0.0,0.0,0.0,0.0,0.0,0.0,0.0,0.0,0.0,0.0,0.0,0.0,0.0,0.0,0.0,0.0,0.0,0.0,0.0,0.0,0.0,0.0,0.0,0.0,0.0,0.0,0.0,0.0,0.0,0.0,0.0
cross_clear_r11,cross,cross_clear,cross_clear|v8|d7,8.0,1.0,0.0,1.0,0.0,1.0,0.0,1.0,0.0,1.0,0.0,1.0,0.0,1.0,0.0,1.0,1.0,0.8544,1.0,0.7353,1.0,0.638,1.0,0.5587,1.0,0.5117,1.0,0.4967,1.0,0.4906,1.0,0.491,1.0,0.4963,1.0,0.5054,1.0,0.5174,1.0,0.5319,1.0,1.0,0.0,1.0,0.0,1.0,0.0,1.0,0.0,1.0,0.0,1.0,0.0,1.0,0.0,1.0,0.0,1.0,0.0,1.0,0.0,1.0,0.0,1.0,0.0,1.0,1.0,1.0,1.0,1.0,1.0,1.0,1.0,1.0,1.0,1.0,1.0,1.0,1.0,1.0,1.0,1.0,0.0,1.0,0.0,1.0,0.0,1.0,0.0,1.0,0.0,1.0,0.0,1.0,0.0,1.0,0.0,1.0,1.0,1.0,1.0,1.0,1.0,1.0,1.0,1.0,1.0,1.0,1.0,1.0,1.0,1.0,1.0,1.0,1.0,1.0,1.0,1.0,1.0,1.0,1.0,1.0,0.0,1.0,0.0,1.0,0.0,1.0,0.0,1.0,0.0,1.0,0.0,1.0,0.0,1.0,0.5551,1.0,1.0,1.0,1.0,1.0,1.0,1.0,1.0,1.0,1.0,1.0,1.0,1.0,1.0,1.0,1.0,1.0,1.0,1.0,1.0,1.0,1.0,1.0,1.0,0.0,0.0,0.0,0.0,0.0,0.0,0.0,0.0,0.0,0.0,0.0,1.0,0.0,1.0,0.0,1.0,0.0,1.0,0.0,1.0,0.0,1.0,0.0,1.0,0.0,1.0,0.0,1.0,0.0,1.0,0.0,1.0,0.0,1.0,0.0,1.0,0.0,1.0,0.0,1.0,0.0,0.0,0.0,0.0,0.0,0.0,0.0,0.0,0.0,0.0,0.0,1.0,0.0,0.9368,0.0,0.7874,0.0,0.7445,0.0,0.7209,0.0,0.7052,0.0,0.6998,0.0,0.7015,0.0,0.7085,0.0,0.7194,0.0,0.7332,0.0,0.7495,0.0,0.7662,0.0,0.7809,0.0,0.7938,0.0,0.0,0.0,0.0,0.0,0.0,0.0,0.0,0.0,0.0,0.0,0.9259,0.0,0.7648,0.0,0.6452,0.0,0.6106,0.0,0.5917,0.0,0.5834,0.0,0.5827,0.0,0.5874,0.0,0.5964,0.0,0.6085,0.0,0.6232,0.0,0.64,0.0,0.6584,0.0,0.6782,0.0,0.6958,0.0,0.0,0.0,0.0,0.0,0.0,0.0,0.0,0.0,0.0,0.0,0.8069,0.0,0.6768,0.0,0.5797,0.0,0.512,0.0,0.4854,0.0,0.4701,0.0,0.4632,0.0,0.4624,0.0,0.4665,0.0,0.4743,0.0,0.4852,0.0,0.4984,0.0,0.5137,0.0,0.5306,0.0,0.549
cross_clear_r12,cross,cross_clear,cross_clear|v8|d8,8.0,1.0,0.0,1.0,0.0,1.0,0.0,1.0,0.0,1.0,0.0,1.0,0.0,1.0,0.0,1.0,1.0,1.0,1.0,0.8621,0.8621,0.7512,0.8214,0.6578,0.7933,0.582,0.7731,0.5187,0.7604,0.4985,0.7562,0.491,0.7581,0.4896,0.7647,0.4931,0.7749,0.5004,0.7879,0.5106,0.8019,1.0,0.0,1.0,0.0,1.0,0.0,1.0,0.0,1.0,0.0,1.0,0.0,1.0,0.0,0.9291,0.9291,0.7933,0.7933,0.686,0.686,0.5997,0.5997,0.5327,0.5327,0.4792,0.4792,0.4354,0.4354,0.4015,0.4218,0.3775,0.4056,0.3613,0.3961,0.3514,0.3919,0.3464,0.392,0.3456,0.3957,1.0,0.0,1.0,0.0,1.0,0.0,1.0,0.0,1.0,0.0,1.0,0.0,0.9025,0.0,0.7613,0.0,0.6565,0.0,0.577,0.0,0.5147,0.0,0.4646,0.0,0.4233,0.4413,0.3888,0.4209,0.3618,0.4082,0.3428,0.4016,0.3302,0.3997,0.323,0.4019,0.3201,0.4073,0.3208,0.4154,1.0,0.0,1.0,0.0,1.0,0.0,1.0,0.0,1.0,0.0,0.9593,0.0,0.7986,0.0,0.6841,0.5551,0.5982,0.512,0.5315,0.4854,0.4782,0.4701,0.4346,0.4632,0.3983,0.4624,0.3676,0.4665,0.3435,0.4743,0.3266,0.4852,0.3156,0.4984,0.3095,0.5137,0.3075,0.5306,0.3088,0.549,0.0,0.0,0.0,0.0,0.0,0.0,0.0,0.0,0.0,0.0,0.0,1.0,0.0,1.0,0.0,1.0,0.0,1.0,0.0,0.8585,0.0,0.7767,0.0,0.7542,0.0,0.7386,0.0,0.7297,0.0,0.7284,0.0,0.7329,0.0,0.7415,0.0,0.7534,0.0,0.768,0.0,0.7832,0.0,0.0,0.0,0.0,0.0,0.0,0.0,0.0,0.0,0.0,0.0,1.0,0.0,1.0,0.0,0.9291,0.0,0.7933,0.0,0.686,0.0,0.6391,0.0,0.614,0.0,0.6,0.0,0.5941,0.0,0.5943,0.0,0.5991,0.0,0.6075,0.0,0.6189,0.0,0.6327,0.0,0.6484,0.0,0.0,0.0,0.0,0.0,0.0,0.0,0.0,0.0,0.0,0.0,1.0,0.0,0.9025,0.0,0.7613,0.0,0.6565,0.0,0.577,0.0,0.5213,0.0,0.4852,0.0,0.461,0.0,0.4456,0.0,0.4372,0.0,0.4341,0.0,0.4355,0.0,0.4404,0.0,0.4482,0.0,0.4585,0.0,0.0,0.0,0.0,0.0,0.0,0.0,0.0,0.0,0.0,0.0,0.9593,0.0,0.7986,0.0,0.6841,0.0,0.5982,0.0,0.5315,0.0,0.4965,0.0,0.4797,0.0,0.4709,0.0,0.4681,0.0,0.47,0.0,0.4757,0.0,0.4845,0.0,0.4958,0.0,0.5093,0.0,0.5245
cross_clear_r2,cross,cross_clear,cross_clear|v6|d6,6.0,1.0,0.0,1.0,0.0,1.0,0.0,1.0,0.0,1.0,0.0,1.0,0.0,1.0,0.0,1.0,1.0,1.0,1.0,1.0,1.0,1.0,1.0,0.8702,1.0,0.7562,1.0,0.6686,1.0,0.6149,1.0,0.5845,1.0,0.5651,1.0,0.5549,1.0,0.5516,1.0,0.5535,1.0,1.0,0.0,1.0,0.0,1.0,0.0,1.0,0.0,1.0,0.0,1.0,0.0,1.0,0.0,1.0,1.0,1.0,1.0,0.8655,1.0,0.748,1.0,0.6543,1.0,0.5761,1.0,0.5224,1.0,0.5116,1.0,0.5082,1.0,0.5105,1.0,0.5171,1.0,0.527,1.0,0.5397,1.0,1.0,0.0,1.0,0.0,1.0,0.0,1.0,0.0,1.0,0.0,1.0,0.0,1.0,0.0,0.9289,0.9268,0.7893,0.7876,0.6801,0.6786,0.5927,0.5914,0.5253,0.5241,0.4716,0.4706,0.4298,0.427,0.401,0.4824,0.3815,0.4803,0.3692,0.4828,0.3627,0.4891,0.3608,0.4984,0.3628,0.5102,1.0,0.0,1.0,0.0,1.0,0.0,1.0,0.0,1.0,0.0,1.0,0.0,0.9462,0.0,0.7934,0.0,0.677,0.0,0.5904,0.0,0.5246,0.6357,0.4712,0.6337,0.4276,0.6377,0.3991,0.6462,0.3798,0.658,0.3677,0.6725,0.3613,0.6892,0.3595,0.7075,0.3616,0.7249,0.3668,0.7404,0.0,0.0,0.0,0.0,0.0,0.0,0.0,0.0,0.0,0.0,0.0,1.0,0.0,1.0,0.0,1.0,0.0,1.0,0.0,1.0,0.0,1.0,0.0,1.0,0.0,1.0,0.0,1.0,0.0,1.0,0.0,1.0,0.0,1.0,0.0,1.0,0.0,1.0,0.0,1.0,0.0,0.0,0.0,0.0,0.0,0.0,0.0,0.0,0.0,0.0,0.0,1.0,0.0,1.0,0.0,1.0,0.0,1.0,0.0,1.0,0.0,1.0,0.0,1.0,0.0,1.0,0.0,1.0,0.0,1.0,0.0,1.0,0.0,1.0,0.0,1.0,0.0,1.0,0.0,1.0,0.0,0.0,0.0,0.0,0.0,0.0,0.0,0.0,0.0,0.0,0.0,1.0,0.0,1.0,0.0,0.9268,0.0,0.7876,0.0,0.7158,0.0,0.6874,0.0,0.6724,0.0,0.6667,0.0,0.6676,0.0,0.6735,0.0,0.6833,0.0,0.696,0.0,0.7111,0.0,0.7281,0.0,0.7443,0.0,0.0,0.0,0.0,0.0,0.0,0.0,0.0,0.0,0.0,0.0,1.0,0.0,0.942,0.0,0.7899,0.0,0.6741,0.0,0.646,0.0,0.6357,0.0,0.6337,0.0,0.6377,0.0,0.6462,0.0,0.658,0.0,0.6725,0.0,0.6892,0.0,0.7075,0.0,0.7249,0.0,0.7404
cross_clear_r3,cross,cross_clear,cross_clear|v6|d7,6.0,1.0,0.0,1.0,0.0,1.0,0.0,1.0,0.0,1.0,0.0,1.0,0.0,1.0,0.0,1.0,1.0,1.0,1.0,1.0,1.0,1.0,1.0,1.0,1.0,0.9569,1.0,0.8387,1.0,0.7741,1.0,0.7489,1.0,0.7333,1.0,0.7263,1.0,0.7255,1.0,0.7296,1.0,1.0,0.0,1.0,0.0,1.0,0.0,1.0,0.0,1.0,0.0,1.0,0.0,1.0,0.0,1.0,1.0,1.0,1.0,1.0,1.0,0.946,1.0,0.8257,1.0,0.727,1.0,0.6465,1.0,0.6103,1.0,0.587,1.0,0.5726,1.0,0.5651,1.0,0.563,1.0,0.5652,1.0,1.0,0.0,1.0,0.0,1.0,0.0,1.0,0.0,1.0,0.0,1.0,0.0,1.0,0.0,1.0,1.0,1.0,0.9948,0.8616,0.9866,0.751,0.9805,0.6655,0.9828,0.5975,0.9845,0.5421,0.986,0.5124,0.9871,0.4968,0.9882,0.4879,0.989,0.4843,0.9898,0.485,0.9904,0.4892,0.991,1.0,0.0,1.0,0.0,1.0,0.0,1.0,0.0,1.0,0.0,1.0,0.0,1.0,0.0,1.0,1.0,1.0,0.8533,1.0,0.7442,1.0,0.6598,1.0,0.5926,1.0,0.6863,1.0,1.0,1.0,1.0,1.0,1.0,1.0,1.0,1.0,1.0,1.0,1.0,1.0,1.0,0.0,0.0,0.0,0.0,0.0,0.0,0.0,0.0,0.0,0.0,0.0,1.0,0.0,1.0,0.0,1.0,0.0,1.0,0.0,1.0,0.0,1.0,0.0,1.0,0.0,1.0,0.0,1.0,0.0,1.0,0.0,1.0,0.0,1.0,0.0,1.0,0.0,1.0,0.0,1.0,0.0,0.0,0.0,0.0,0.0,0.0,0.0,0.0,0.0,0.0,0.0,1.0,0.0,1.0,0.0,1.0,0.0,1.0,0.0,1.0,0.0,1.0,0.0,1.0,0.0,1.0,0.0,1.0,0.0,1.0,0.0,1.0,0.0,1.0,0.0,1.0,0.0,1.0,0.0,1.0,0.0,0.0,0.0,0.0,0.0,0.0,0.0,0.0,0.0,0.0,0.0,1.0,0.0,1.0,0.0,1.0,0.0,0.9948,0.0,0.9866,0.0,0.9805,0.0,0.9828,0.0,0.9845,0.0,0.986,0.0,0.9871,0.0,0.9882,0.0,0.989,0.0,0.9898,0.0,0.9904,0.0,0.991,0.0,0.0,0.0,0.0,0.0,0.0,0.0,0.0,0.0,0.0,0.0,1.0,0.0,1.0,0.0,1.0,0.0,0.8563,0.0,0.8282,0.0,0.8133,0.0,0.8076,0.0,0.8086,0.0,0.8145,0.0,0.8243,0.0,0.837,0.0,0.848,0.0,0.8576,0.0,0.8661,0.0,0.8736
cross_clear_r4,cross,cross_clear,cross_clear|v6|d8,6.0,1.0,0.0,1.0,0.0,1.0,0.0,1.0,0.0,1.0,0.0,1.0,0.0,1.0,0.0,1.0,1.0,1.0,1.0,1.0,1.0,1.0,1.0,1.0,1.0,1.0,1.0,0.9433,1.0,0.8331,1.0,0.782,1.0,0.7569,1.0,0.7421,1.0,0.7349,1.0,0.7335,1.0,1.0,0.0,1.0,0.0,1.0,0.0,1.0,0.0,1.0,0.0,1.0,0.0,1.0,0.0,1.0,1.0,1.0,1.0,1.0,1.0,1.0,1.0,0.9271,1.0,0.8164,1.0,0.726,1.0,0.6536,1.0,0.6117,1.0,0.5835,1.0,0.5643,1.0,0.5522,1.0,0.5457,1.0,1.0,0.0,1.0,0.0,1.0,0.0,1.0,0.0,1.0,0.0,1.0,0.0,1.0,0.0,1.0,1.0,1.0,1.0,0.9673,0.9643,0.8431,0.8405,0.7471,0.7828,0.6708,0.7575,0.6086,0.7425,0.557,0.7352,0.5205,0.7338,0.4938,0.737,0.4747,0.7439,0.4619,0.7537,0.4543,0.7659,1.0,0.0,1.0,0.0,1.0,0.0,1.0,0.0,1.0,0.0,1.0,0.0,1.0,0.0,1.0,1.0,0.9615,0.9585,0.8385,0.8359,0.7434,0.7411,0.6677,0.6656,0.606,0.6041,0.5547,0.553,0.5122,0.5288,0.4949,0.5205,0.484,0.5174,0.4783,0.5185,0.4769,0.5231,0.479,0.5306,0.0,0.0,0.0,0.0,0.0,0.0,0.0,0.0,0.0,0.0,0.0,1.0,0.0,1.0,0.0,1.0,0.0,1.0,0.0,1.0,0.0,1.0,0.0,1.0,0.0,1.0,0.0,1.0,0.0,1.0,0.0,1.0,0.0,1.0,0.0,1.0,0.0,1.0,0.0,1.0,0.0,0.0,0.0,0.0,0.0,0.0,0.0,0.0,0.0,0.0,0.0,1.0,0.0,1.0,0.0,1.0,0.0,1.0,0.0,1.0,0.0,1.0,0.0,1.0,0.0,1.0,0.0,1.0,0.0,1.0,0.0,1.0,0.0,1.0,0.0,1.0,0.0,1.0,0.0,1.0,0.0,0.0,0.0,0.0,0.0,0.0,0.0,0.0,0.0,0.0,0.0,1.0,0.0,1.0,0.0,1.0,0.0,1.0,0.0,0.9048,0.0,0.7886,0.0,0.6989,0.0,0.6275,0.0,0.6114,0.0,0.6118,0.0,0.6169,0.0,0.6256,0.0,0.6373,0.0,0.6513,0.0,0.6673,0.0,0.0,0.0,0.0,0.0,0.0,0.0,0.0,0.0,0.0,0.0,1.0,0.0,1.0,0.0,1.0,0.0,0.8741,0.0,0.8398,0.0,0.7446,0.0,0.713,0.0,0.6965,0.0,0.688,0.0,0.6856,0.0,0.6879,0.0,0.6939,0.0,0.7031,0.0,0.7147,0.0,0.7285
cross_clear_r5,cross,cross_clear,cross_clear|v7|d5,7.0,1.0,0.0,1.0,0.0,1.0,0.0,1.0,0.0,1.0,0.0,1.0,0.0,1.0,0.0,0.9036,1.0,0.7595,1.0,0.6509,1.0,0.5603,1.0,0.5274,1.0,0.5092,1.0,0.4988,1.0,0.4939,1.0,0.496,1.0,0.5032,1.0,0.5142,1.0,0.5282,1.0,0.5445,1.0,1.0,0.0,1.0,0.0,1.0,0.0,1.0,0.0,1.0,0.0,1.0,0.0,0.8194,0.0,0.6847,0.0,0.5813,0.0,0.5,0.0,0.4349,0.5579,0.3819,0.549,0.3497,0.5475,0.33,0.5523,0.3193,0.5618,0.3154,0.5747,0.3168,0.5902,0.3223,0.6079,0.3311,0.6273,0.3426,0.648,1.0,0.0,1.0,0.0,1.0,0.0,1.0,0.0,1.0,0.0,1.0,0.0,1.0,0.0,1.0,0.4658,1.0,0.4424,1.0,1.0,1.0,1.0,1.0,1.0,1.0,1.0,1.0,1.0,1.0,1.0,1.0,1.0,1.0,1.0,1.0,1.0,1.0,1.0,1.0,1.0,1.0,0.0,1.0,0.0,1.0,0.0,1.0,0.0,1.0,0.0,1.0,0.0,1.0,0.0,1.0,0.0,1.0,1.0,1.0,1.0,1.0,1.0,1.0,1.0,1.0,1.0,1.0,1.0,1.0,1.0,1.0,1.0,1.0,1.0,1.0,1.0,1.0,1.0,1.0,1.0,0.0,0.0,0.0,0.0,0.0,0.0,0.0,0.0,0.0,0.0,0.0,1.0,0.0,1.0,0.0,1.0,0.0,1.0,0.0,1.0,0.0,1.0,0.0,1.0,0.0,1.0,0.0,1.0,0.0,1.0,0.0,1.0,0.0,1.0,0.0,1.0,0.0,1.0,0.0,1.0,0.0,0.0,0.0,0.0,0.0,0.0,0.0,0.0,0.0,0.0,0.0,0.9901,0.0,0.8113,0.0,0.6779,0.0,0.6004,0.0,0.574,0.0,0.5579,0.0,0.549,0.0,0.5475,0.0,0.5523,0.0,0.5618,0.0,0.5747,0.0,0.5902,0.0,0.6079,0.0,0.6273,0.0,0.648,0.0,0.0,0.0,0.0,0.0,0.0,0.0,0.0,0.0,0.0,0.0,0.7865,0.0,0.6467,0.0,0.5845,0.0,0.5438,0.0,0.5187,0.0,0.5065,0.0,0.5032,0.0,0.5062,0.0,0.514,0.0,0.5253,0.0,0.5394,0.0,0.5558,0.0,0.5739,0.0,0.5935,0.0,0.6144,0.0,0.0,0.0,0.0,0.0,0.0,0.0,0.0,0.0,0.0,0.0,0.6757,0.0,0.5566,0.0,0.4749,0.0,0.4233,0.0,0.3911,0.0,0.3722,0.0,0.3627,0.0,0.3601,0.0,0.3628,0.0,0.3696,0.0,0.3797,0.0,0.3924,0.0,0.4072,0.0,0.4239,0.0,0.4419
cross_clear_r6,cross,cross_clear,cross_clear|v7|d6,7.0,1.0,0.0,1.0,0.0,1.0,0.0,1.0,0.0,1.0,0.0,1.0,0.0,1.0,0.0,1.0,1.0,0.9468,0.9468,0.806,0.9246,0.6939,0.9091,0.6032,0.8984,0.529,0.8911,0.51,0.8862,0.5017,0.8832,0.501,0.8868,0.5059,0.8952,0.5151,0.9038,0.5274,0.9112,0.5423,0.9175,1.0,0.0,1.0,0.0,1.0,0.0,1.0,0.0,1.0,0.0,1.0,0.0,1.0,0.0,0.8401,0.0,0.7132,0.0,0.6151,0.0,0.5351,0.0,0.4698,0.5251,0.4179,0.5017,0.3793,0.4889,0.3532,0.484,0.3364,0.4849,0.3269,0.4903,0.323,0.4993,0.3237,0.5111,0.3281,0.5252,1.0,0.0,1.0,0.0,1.0,0.0,1.0,0.0,1.0,0.0,0.9714,0.0,0.7987,0.0,0.6709,0.0,0.573,0.0,0.4973,0.0,0.4393,0.0,0.3945,0.4135,0.3572,0.3926,0.3272,0.3805,0.3084,0.3751,0.2969,0.375,0.2911,0.3791,0.2899,0.3865,0.2925,0.3967,0.2983,0.4092,1.0,0.0,1.0,0.0,1.0,0.0,1.0,0.0,1.0,0.0,0.8401,0.0,0.692,0.0,0.5846,0.569,0.5061,0.5061,0.4462,0.4629,0.4,0.4364,0.3617,0.4207,0.3301,0.4131,0.3093,0.4115,0.2975,0.4147,0.2916,0.4217,0.2904,0.4317,0.293,0.4441,0.2988,0.4586,0.3072,0.4748,0.0,0.0,0.0,0.0,0.0,0.0,0.0,0.0,0.0,0.0,0.0,1.0,0.0,1.0,0.0,1.0,0.0,0.9165,0.0,0.8815,0.0,0.8571,0.0,0.8403,0.0,0.8289,0.0,0.8213,0.0,0.8165,0.0,0.8186,0.0,0.8259,0.0,0.837,0.0,0.8494,0.0,0.8601,0.0,0.0,0.0,0.0,0.0,0.0,0.0,0.0,0.0,0.0,0.0,1.0,0.0,1.0,0.0,0.8401,0.0,0.7132,0.0,0.6135,0.0,0.5336,0.0,0.4736,0.0,0.467,0.0,0.4678,0.0,0.4739,0.0,0.4841,0.0,0.4973,0.0,0.5129,0.0,0.5306,0.0,0.5497,0.0,0.0,0.0,0.0,0.0,0.0,0.0,0.0,0.0,0.0,0.0,0.9714,0.0,0.7987,0.0,0.6709,0.0,0.573,0.0,0.5187,0.0,0.5065,0.0,0.5032,0.0,0.5062,0.0,0.514,0.0,0.5253,0.0,0.5394,0.0,0.5558,0.0,0.5739,0.0,0.5935,0.0,0.6144,0.0,0.0,0.0,0.0,0.0,0.0,0.0,0.0,0.0,0.0,0.0,0.8401,0.0,0.692,0.0,0.5846,0.0,0.5061,0.0,0.4713,0.0,0.4503,0.0,0.4391,0.0,0.4351,0.0,0.4367,0.0,0.4425,0.0,0.4517,0.0,0.4637,0.0,0.4779,0.0,0.4939,0.0,0.5115
cross_clear_r7,cross,cross_clear,cross_clear|v7|d7,7.0,1.0,0.0,1.0,0.0,1.0,0.0,1.0,0.0,1.0,0.0,1.0,0.0,1.0,0.0,1.0,1.0,1.0,1.0,1.0,1.0,0.9184,1.0,0.7984,1.0,0.7001,1.0,0.6238,1.0,0.5729,1.0,0.5501,1.0,0.5378,1.0,0.5326,1.0,0.5328,1.0,0.5373,1.0,1.0,0.0,1.0,0.0,1.0,0.0,1.0,0.0,1.0,0.0,1.0,0.0,1.0,0.0,1.0,1.0,0.9407,0.9388,0.8092,0.9194,0.7082,0.9099,0.6219,0.9033,0.5531,0.9028,0.498,0.9085,0.4776,0.9167,0.474,0.9237,0.4756,0.9295,0.4813,0.9345,0.4903,0.9389,0.5019,0.9427,1.0,0.0,1.0,0.0,1.0,0.0,1.0,0.0,1.0,0.0,1.0,0.0,1.0,0.0,1.0,0.7464,1.0,0.7066,1.0,0.6813,1.0,0.669,1.0,1.0,1.0,1.0,1.0,1.0,1.0,1.0,1.0,1.0,1.0,1.0,1.0,1.0,1.0,1.0,1.0,1.0,1.0,0.0,1.0,0.0,1.0,0.0,1.0,0.0,1.0,0.0,1.0,0.0,1.0,0.0,1.0,0.569,1.0,0.521,1.0,0.4916,1.0,1.0,1.0,1.0,1.0,1.0,1.0,1.0,1.0,1.0,1.0,1.0,1.0,1.0,1.0,1.0,1.0,1.0,1.0,1.0,0.0,0.0,0.0,0.0,0.0,0.0,0.0,0.0,0.0,0.0,0.0,1.0,0.0,1.0,0.0,1.0,0.0,1.0,0.0,1.0,0.0,1.0,0.0,1.0,0.0,1.0,0.0,1.0,0.0,1.0,0.0,1.0,0.0,1.0,0.0,1.0,0.0,1.0,0.0,1.0,0.0,0.0,0.0,0.0,0.0,0.0,0.0,0.0,0.0,0.0,0.0,1.0,0.0,1.0,0.0,1.0,0.0,0.9388,0.0,0.8882,0.0,0.8512,0.0,0.8241,0.0,0.8078,0.0,0.8008,0.0,0.8005,0.0,0.8054,0.0,0.8141,0.0,0.8259,0.0,0.8375,0.0,0.8476,0.0,0.0,0.0,0.0,0.0,0.0,0.0,0.0,0.0,0.0,0.0,1.0,0.0,1.0,0.0,0.8867,0.0,0.7573,0.0,0.724,0.0,0.7067,0.0,0.6994,0.0,0.6991,0.0,0.7042,0.0,0.7133,0.0,0.7254,0.0,0.7401,0.0,0.7568,0.0,0.7715,0.0,0.7845,0.0,0.0,0.0,0.0,0.0,0.0,0.0,0.0,0.0,0.0,0.0,1.0,0.0,0.8738,0.0,0.7382,0.0,0.6499,0.0,0.6316,0.0,0.6235,0.0,0.6228,0.0,0.6275,0.0,0.6364,0.0,0.6484,0.0,0.6629,0.0,0.6795,0.0,0.6978,0.0,0.7151,0.0,0.7306
cross_clear_r8,cross,cross_clear,cross_clear|v7|d8,7.0,1.0,0.0,1.0,0.0,1.0,0.0,1.0,0.0,1.0,0.0,1.0,0.0,1.0,0.0,1.0,1.0,1.0,1.0,1.0,1.0,1.0,1.0,0.9113,1.0,0.802,1.0,0.7087,1.0,0.6307,1.0,0.5862,1.0,0.5561,1.0,0.536,1.0,0.5236,1.0,0.5172,1.0,1.0,0.0,1.0,0.0,1.0,0.0,1.0,0.0,1.0,0.0,1.0,0.0,1.0,0.0,1.0,1.0,1.0,1.0,0.9309,0.9293,0.8097,0.8083,0.7111,0.7601,0.6335,0.7352,0.5704,0.7213,0.5188,0.7155,0.4832,0.7156,0.4578,0.7204,0.4489,0.7288,0.456,0.7401,0.466,0.7538,1.0,0.0,1.0,0.0,1.0,0.0,1.0,0.0,1.0,0.0,1.0,0.0,1.0,0.0,1.0,1.0,0.8694,0.8541,0.7547,0.7413,0.6667,0.6655,0.597,0.6561,0.5415,0.6543,0.4948,0.6579,0.4554,0.6659,0.4234,0.6771,0.4006,0.6909,0.3846,0.7069,0.3742,0.7246,0.3684,0.7402,1.0,0.0,1.0,0.0,1.0,0.0,1.0,0.0,1.0,0.0,1.0,0.0,1.0,0.0,0.8856,0.569,0.7666,0.521,0.6758,0.4916,0.6043,0.4749,0.5464,0.4671,0.5004,0.466,0.4602,0.487,0.426,0.5019,0.4028,0.5,0.3865,0.5023,0.3759,0.5178,0.37,0.535,0.368,0.5537,0.0,0.0,0.0,0.0,0.0,0.0,0.0,0.0,0.0,0.0,0.0,1.0,0.0,1.0,0.0,1.0,0.0,1.0,0.0,1.0,0.0,1.0,0.0,1.0,0.0,1.0,0.0,1.0,0.0,1.0,0.0,1.0,0.0,1.0,0.0,1.0,0.0,1.0,0.0,1.0,0.0,0.0,0.0,0.0,0.0,0.0,0.0,0.0,0.0,0.0,0.0,1.0,0.0,1.0,0.0,1.0,0.0,1.0,0.0,0.9276,0.0,0.8069,0.0,0.7236,0.0,0.7095,0.0,0.7042,0.0,0.7054,0.0,0.7114,0.0,0.7211,0.0,0.7338,0.0,0.7488,0.0,0.7645,0.0,0.0,0.0,0.0,0.0,0.0,0.0,0.0,0.0,0.0,0.0,1.0,0.0,1.0,0.0,1.0,0.0,0.8694,0.0,0.7547,0.0,0.6667,0.0,0.6487,0.0,0.6418,0.0,0.6414,0.0,0.6458,0.0,0.654,0.0,0.6653,0.0,0.679,0.0,0.6947,0.0,0.7121,0.0,0.0,0.0,0.0,0.0,0.0,0.0,0.0,0.0,0.0,0.0,1.0,0.0,1.0,0.0,0.8856,0.0,0.7666,0.0,0.6758,0.0,0.6043,0.0,0.5967,0.0,0.5984,0.0,0.6047,0.0,0.6146,0.0,0.6273,0.0,0.6422,0.0,0.6591,0.0,0.6775,0.0,0.695
cross_clear_r9,cross,cross_clear,cross_clear|v8|d5,8.0,1.0,0.0,1.0,0.0,1.0,0.0,1.0,0.0,1.0,0.0,1.0,0.0,1.0,0.0,1.0,0.6086,1.0,0.5782,1.0,0.5607,1.0,0.5518,1.0,0.5489,1.0,0.5499,1.0,0.5549,1.0,0.5649,1.0,0.5785,1.0,0.5949,1.0,0.8361,1.0,0.8278,1.0,0.8245,1.0,0.0,1.0,0.0,1.0,0.0,1.0,0.0,1.0,0.0,1.0,0.0,1.0,0.0,1.0,0.4331,1.0,1.0,1.0,1.0,1.0,1.0,1.0,1.0,1.0,1.0,1.0,1.0,1.0,1.0,1.0,1.0,1.0,1.0,1.0,1.0,1.0,1.0,1.0,1.0,1.0,0.0,1.0,0.0,1.0,0.0,1.0,0.0,1.0,0.0,1.0,0.0,1.0,0.0,1.0,1.0,1.0,1.0,1.0,1.0,1.0,1.0,1.0,1.0,1.0,1.0,1.0,1.0,1.0,1.0,1.0,1.0,1.0,1.0,1.0,1.0,1.0,1.0,1.0,1.0,1.0,0.0,1.0,0.0,1.0,0.0,1.0,0.0,1.0,0.0,1.0,0.0,1.0,0.0,1.0,1.0,1.0,1.0,1.0,1.0,1.0,1.0,1.0,1.0,1.0,1.0,1.0,1.0,1.0,1.0,1.0,1.0,1.0,1.0,1.0,1.0,1.0,1.0,1.0,1.0,0.0,0.0,0.0,0.0,0.0,0.0,0.0,0.0,0.0,0.0,0.0,0.7647,0.0,0.6858,0.0,0.6465,0.0,0.6231,0.0,0.6103,0.0,0.6045,0.0,0.6034,0.0,0.6054,0.0,0.611,0.0,0.6214,0.0,0.6354,0.0,0.652,0.0,0.6708,0.0,0.6911,0.0,0.7114,0.0,0.0,0.0,0.0,0.0,0.0,0.0,0.0,0.0,0.0,0.0,0.5909,0.0,0.5316,0.0,0.4961,0.0,0.4756,0.0,0.4651,0.0,0.4612,0.0,0.465,0.0,0.4741,0.0,0.4871,0.0,0.503,0.0,0.5211,0.0,0.5409,0.0,0.5622,0.0,0.5845,0.0,0.6079,0.0,0.0,0.0,0.0,0.0,0.0,0.0,0.0,0.0,0.0,0.0,0.0,0.0,0.0,0.0,0.0,0.0,0.0,0.0,0.0,0.0,0.0,0.0,0.0,0.0,0.0,0.0,0.0,0.0,0.0,0.0,0.0,0.0,0.0,0.0,0.0,0.0,0.0,0.0,0.0,0.0,0.0,0.0,0.0,0.0,0.0,0.0,0.0,0.0,0.0,0.0,0.0,0.0,0.0,0.0,0.0,0.0,0.0,0.0,0.0,0.0,0.0,0.0,0.0,0.0,0.0,0.0,0.0,0.0,0.0,0.0,0.0,0.0,0.0,0.0,0.0,0.0,0.0,0.0,0.0
cross_stall_r1,cross,cross_stall,cross_stall|v6|d6,6.0,1.0,0.0,1.0,0.0,1.0,0.0,1.0,0.0,1.0,0.0,1.0,0.0,1.0,0.0,1.0,1.0,1.0,1.0,1.0,1.0,0.9933,1.0,0.8569,1.0,0.7446,1.0,0.6526,1.0,0.5764,1.0,0.5137,1.0,0.4615,1.0,0.419,1.0,0.3836,1.0,0.3538,1.0,1.0,0.0,1.0,0.0,1.0,0.0,1.0,0.0,1.0,0.0,1.0,0.0,1.0,0.0,1.0,1.0,0.9933,1.0,0.8504,1.0,0.7349,1.0,0.6414,1.0,0.5648,1.0,0.5034,1.0,0.4532,1.0,0.4121,1.0,0.3778,1.0,0.3488,1.0,0.324,1.0,0.3024,1.0,1.0,0.0,1.0,0.0,1.0,0.0,1.0,0.0,1.0,0.0,1.0,0.0,1.0,0.0,0.9146,1.0,0.7772,1.0,0.6696,1.0,0.5837,1.0,0.5172,1.0,0.4644,1.0,0.4213,1.0,0.3856,1.0,0.3555,1.0,0.3297,1.0,0.3074,1.0,0.2879,1.0,0.2708,1.0,1.0,0.0,1.0,0.0,1.0,0.0,1.0,0.0,1.0,0.0,1.0,0.0,0.9317,0.0,0.7812,1.0,0.6667,1.0,0.5814,1.0,0.5155,1.0,0.463,1.0,0.4202,1.0,0.3846,1.0,0.3546,1.0,0.3289,1.0,0.3067,1.0,0.2874,1.0,0.2703,1.0,0.2551,1.0,0.0,0.0,0.0,0.0,0.0,0.0,0.0,0.0,0.0,0.0,0.0,1.0,0.0,1.0,0.0,1.0,0.0,1.0,0.0,1.0,0.0,1.0,0.0,1.0,0.0,1.0,0.0,1.0,0.0,1.0,0.0,1.0,0.0,1.0,0.0,1.0,0.0,1.0,0.0,1.0,0.0,0.0,0.0,0.0,0.0,0.0,0.0,0.0,0.0,0.0,0.0,1.0,0.0,1.0,0.0,1.0,0.0,1.0,0.0,1.0,0.0,1.0,0.0,1.0,0.0,1.0,0.0,1.0,0.0,1.0,0.0,1.0,0.0,1.0,0.0,1.0,0.0,1.0,0.0,1.0,0.0,0.0,0.0,0.0,0.0,0.0,0.0,0.0,0.0,0.0,0.0,1.0,0.0,1.0,0.0,1.0,0.0,1.0,0.0,1.0,0.0,1.0,0.0,1.0,0.0,1.0,0.0,1.0,0.0,1.0,0.0,1.0,0.0,1.0,0.0,1.0,0.0,1.0,0.0,1.0,0.0,0.0,0.0,0.0,0.0,0.0,0.0,0.0,0.0,0.0,0.0,1.0,0.0,1.0,0.0,1.0,0.0,1.0,0.0,1.0,0.0,1.0,0.0,1.0,0.0,1.0,0.0,1.0,0.0,1.0,0.0,1.0,0.0,1.0,0.0,1.0,0.0,1.0,0.0,1.0
cross_stall_r10,cross,cross_stall,cross_stall|v7|d7,7.0,1.0,0.0,1.0,0.0,1.0,0.0,1.0,0.0,1.0,0.0,1.0,0.0,1.0,0.0,1.0,1.0,1.0,1.0,1.0,1.0,0.8683,1.0,0.7548,1.0,0.6634,1.0,0.5875,1.0,0.5228,1.0,0.4709,1.0,0.4284,1.0,0.393,1.0,0.3629,1.0,0.3372,1.0,1.0,0.0,1.0,0.0,1.0,0.0,1.0,0.0,1.0,0.0,1.0,0.0,1.0,0.0,1.0,1.0,0.8948,1.0,0.773,1.0,0.6724,1.0,0.5905,1.0,0.5251,1.0,0.4728,1.0,0.43,1.0,0.3943,1.0,0.3641,1.0,0.3381,1.0,0.3156,1.0,0.296,1.0,1.0,0.0,1.0,0.0,1.0,0.0,1.0,0.0,1.0,0.0,1.0,0.0,1.0,0.0,0.8399,1.0,0.7189,1.0,0.624,1.0,0.5512,1.0,0.4947,1.0,0.4479,1.0,0.4092,1.0,0.3767,1.0,0.349,1.0,0.325,1.0,0.3042,1.0,0.2858,1.0,0.2695,1.0,1.0,0.0,1.0,0.0,1.0,0.0,1.0,0.0,1.0,0.0,1.0,0.0,0.8683,0.0,0.7335,1.0,0.635,1.0,0.561,1.0,0.5027,1.0,0.4545,1.0,0.4148,1.0,0.3815,1.0,0.3531,1.0,0.3287,1.0,0.3074,1.0,0.2887,1.0,0.2721,1.0,0.2574,1.0,0.0,0.0,0.0,0.0,0.0,0.0,0.0,0.0,0.0,0.0,0.0,1.0,0.0,1.0,0.0,1.0,0.0,1.0,0.0,1.0,0.0,1.0,0.0,1.0,0.0,1.0,0.0,1.0,0.0,1.0,0.0,1.0,0.0,1.0,0.0,1.0,0.0,1.0,0.0,1.0,0.0,0.0,0.0,0.0,0.0,0.0,0.0,0.0,0.0,0.0,0.0,1.0,0.0,1.0,0.0,1.0,0.0,1.0,0.0,1.0,0.0,1.0,0.0,1.0,0.0,1.0,0.0,1.0,0.0,1.0,0.0,1.0,0.0,1.0,0.0,1.0,0.0,1.0,0.0,1.0,0.0,0.0,0.0,0.0,0.0,0.0,0.0,0.0,0.0,0.0,0.0,1.0,0.0,1.0,0.0,1.0,0.0,1.0,0.0,1.0,0.0,1.0,0.0,1.0,0.0,1.0,0.0,1.0,0.0,1.0,0.0,1.0,0.0,1.0,0.0,1.0,0.0,1.0,0.0,1.0,0.0,0.0,0.0,0.0,0.0,0.0,0.0,0.0,0.0,0.0,0.0,1.0,0.0,1.0,0.0,1.0,0.0,1.0,0.0,1.0,0.0,1.0,0.0,1.0,0.0,1.0,0.0,1.0,0.0,1.0,0.0,1.0,0.0,1.0,0.0,1.0,0.0,1.0,0.0,1.0
cross_stall_r11,cross,cross_stall,cross_stall|v8|d7,8.0,1.0,0.0,1.0,0.0,1.0,0.0,1.0,0.0,1.0,0.0,1.0,0.0,1.0,0.0,0.9495,1.0,0.8051,1.0,0.6912,1.0,0.5997,1.0,0.5265,1.0,0.4649,1.0,0.4143,1.0,0.3736,1.0,0.3403,1.0,0.3123,1.0,0.2887,1.0,0.2683,1.0,0.2507,1.0,1.0,0.0,1.0,0.0,1.0,0.0,1.0,0.0,1.0,0.0,1.0,0.0,0.8407,0.0,0.7402,1.0,0.6319,1.0,0.5465,1.0,0.4778,1.0,0.4255,1.0,0.3827,1.0,0.3478,1.0,0.3187,1.0,0.2941,1.0,0.273,1.0,0.2547,1.0,0.2388,1.0,0.2247,1.0,1.0,0.0,1.0,0.0,1.0,0.0,1.0,0.0,1.0,0.0,0.8634,0.0,0.717,0.0,0.6065,1.0,0.5229,1.0,0.4597,1.0,0.41,1.0,0.3711,1.0,0.3381,1.0,0.3105,1.0,0.2871,1.0,0.267,1.0,0.2495,1.0,0.2342,1.0,0.2206,1.0,0.2085,1.0,1.0,0.0,1.0,0.0,1.0,0.0,1.0,0.0,0.9494,0.0,0.7622,0.0,0.6362,0.0,0.5449,0.929,0.4766,0.9379,0.4234,0.9448,0.381,0.9504,0.3471,0.9549,0.3181,0.9586,0.2936,0.9618,0.2726,0.9646,0.2544,0.9669,0.2385,0.969,0.2244,0.9708,0.2119,0.9725,0.2007,0.9739,0.0,0.0,0.0,0.0,0.0,0.0,0.0,0.0,0.0,0.0,0.0,1.0,0.0,1.0,0.0,1.0,0.0,1.0,0.0,1.0,0.0,1.0,0.0,1.0,0.0,1.0,0.0,1.0,0.0,1.0,0.0,1.0,0.0,1.0,0.0,1.0,0.0,1.0,0.0,1.0,0.0,0.0,0.0,0.0,0.0,0.0,0.0,0.0,0.0,0.0,0.0,1.0,0.0,1.0,0.0,1.0,0.0,1.0,0.0,1.0,0.0,1.0,0.0,1.0,0.0,1.0,0.0,1.0,0.0,1.0,0.0,1.0,0.0,1.0,0.0,1.0,0.0,1.0,0.0,1.0,0.0,0.0,0.0,0.0,0.0,0.0,0.0,0.0,0.0,0.0,0.0,1.0,0.0,1.0,0.0,1.0,0.0,1.0,0.0,1.0,0.0,1.0,0.0,1.0,0.0,1.0,0.0,1.0,0.0,1.0,0.0,1.0,0.0,1.0,0.0,1.0,0.0,1.0,0.0,1.0,0.0,0.0,0.0,0.0,0.0,0.0,0.0,0.0,0.0,0.0,0.0,1.0,0.0,1.0,0.0,1.0,0.0,1.0,0.0,1.0,0.0,1.0,0.0,1.0,0.0,1.0,0.0,1.0,0.0,1.0,0.0,1.0,0.0,1.0,0.0,1.0,0.0,1.0,0.0,1.0
cross_stall_r12,cross,cross_stall,cross_stall|v8|d8,8.0,1.0,0.0,1.0,0.0,1.0,0.0,1.0,0.0,1.0,0.0,1.0,0.0,1.0,0.0,1.0,1.0,1.0,1.0,0.8621,1.0,0.7512,1.0,0.6578,1.0,0.582,1.0,0.5187,1.0,0.4678,1.0,0.426,1.0,0.3911,1.0,0.3614,1.0,0.3359,1.0,0.3138,1.0,1.0,0.0,1.0,0.0,1.0,0.0,1.0,0.0,1.0,0.0,1.0,0.0,1.0,0.0,0.9291,1.0,0.7933,1.0,0.686,1.0,0.5997,1.0,0.5327,1.0,0.4792,1.0,0.4354,1.0,0.399,1.0,0.3682,1.0,0.3418,1.0,0.3189,1.0,0.2989,1.0,0.2813,1.0,1.0,0.0,1.0,0.0,1.0,0.0,1.0,0.0,1.0,0.0,1.0,0.0,0.9025,0.0,0.7613,1.0,0.6565,1.0,0.577,1.0,0.5147,1.0,0.4646,1.0,0.4233,1.0,0.3888,1.0,0.3595,1.0,0.3343,1.0,0.3124,1.0,0.2932,1.0,0.2762,1.0,0.2611,1.0,1.0,0.0,1.0,0.0,1.0,0.0,1.0,0.0,1.0,0.0,0.9593,0.0,0.7986,0.0,0.6841,1.0,0.5982,1.0,0.5315,1.0,0.4782,1.0,0.4346,1.0,0.3983,1.0,0.3676,1.0,0.3413,1.0,0.3185,1.0,0.2985,1.0,0.281,1.0,0.2653,1.0,0.2513,1.0,0.0,0.0,0.0,0.0,0.0,0.0,0.0,0.0,0.0,0.0,0.0,1.0,0.0,1.0,0.0,1.0,0.0,1.0,0.0,1.0,0.0,1.0,0.0,1.0,0.0,1.0,0.0,1.0,0.0,1.0,0.0,1.0,0.0,1.0,0.0,1.0,0.0,1.0,0.0,1.0,0.0,0.0,0.0,0.0,0.0,0.0,0.0,0.0,0.0,0.0,0.0,1.0,0.0,1.0,0.0,1.0,0.0,1.0,0.0,1.0,0.0,1.0,0.0,1.0,0.0,1.0,0.0,1.0,0.0,1.0,0.0,1.0,0.0,1.0,0.0,1.0,0.0,1.0,0.0,1.0,0.0,0.0,0.0,0.0,0.0,0.0,0.0,0.0,0.0,0.0,0.0,1.0,0.0,1.0,0.0,1.0,0.0,1.0,0.0,1.0,0.0,1.0,0.0,1.0,0.0,1.0,0.0,1.0,0.0,1.0,0.0,1.0,0.0,1.0,0.0,1.0,0.0,1.0,0.0,1.0,0.0,0.0,0.0,0.0,0.0,0.0,0.0,0.0,0.0,0.0,0.0,1.0,0.0,1.0,0.0,1.0,0.0,1.0,0.0,1.0,0.0,1.0,0.0,1.0,0.0,1.0,0.0,1.0,0.0,1.0,0.0,1.0,0.0,1.0,0.0,1.0,0.0,1.0,0.0,1.0
cross_stall_r2,cross,cross_stall,cross_stall|v6|d6,6.0,1.0,0.0,1.0,0.0,1.0,0.0,1.0,0.0,1.0,0.0,1.0,0.0,1.0,0.0,1.0,1.0,1.0,1.0,1.0,1.0,1.0,1.0,0.979,1.0,0.8507,1.0,0.7456,1.0,0.6585,1.0,0.5856,1.0,0.5272,1.0,0.4786,1.0,0.4382,1.0,0.4041,1.0,1.0,0.0,1.0,0.0,1.0,0.0,1.0,0.0,1.0,0.0,1.0,0.0,1.0,0.0,1.0,1.0,1.0,1.0,0.9716,1.0,0.8396,1.0,0.7329,1.0,0.6453,1.0,0.5749,1.0,0.5176,1.0,0.4707,1.0,0.4316,1.0,0.3984,1.0,0.3701,1.0,0.3454,1.0,1.0,0.0,1.0,0.0,1.0,0.0,1.0,0.0,1.0,0.0,1.0,0.0,1.0,0.0,1.0,1.0,0.8877,1.0,0.7649,1.0,0.6667,1.0,0.5908,1.0,0.5304,1.0,0.4813,1.0,0.4404,1.0,0.406,1.0,0.3766,1.0,0.3511,1.0,0.3289,1.0,0.3093,1.0,1.0,0.0,1.0,0.0,1.0,0.0,1.0,0.0,1.0,0.0,1.0,0.0,1.0,0.0,0.8906,1.0,0.76,1.0,0.6628,1.0,0.5888,1.0,0.5288,1.0,0.4799,1.0,0.4393,1.0,0.405,1.0,0.3757,1.0,0.3504,1.0,0.3282,1.0,0.3087,1.0,0.2914,1.0,0.0,0.0,0.0,0.0,0.0,0.0,0.0,0.0,0.0,0.0,0.0,1.0,0.0,1.0,0.0,1.0,0.0,1.0,0.0,1.0,0.0,1.0,0.0,1.0,0.0,1.0,0.0,1.0,0.0,1.0,0.0,1.0,0.0,1.0,0.0,1.0,0.0,1.0,0.0,1.0,0.0,0.0,0.0,0.0,0.0,0.0,0.0,0.0,0.0,0.0,0.0,1.0,0.0,1.0,0.0,1.0,0.0,1.0,0.0,1.0,0.0,1.0,0.0,1.0,0.0,1.0,0.0,1.0,0.0,1.0,0.0,1.0,0.0,1.0,0.0,1.0,0.0,1.0,0.0,1.0,0.0,0.0,0.0,0.0,0.0,0.0,0.0,0.0,0.0,0.0,0.0,1.0,0.0,1.0,0.0,1.0,0.0,1.0,0.0,1.0,0.0,1.0,0.0,1.0,0.0,1.0,0.0,1.0,0.0,1.0,0.0,1.0,0.0,1.0,0.0,1.0,0.0,1.0,0.0,1.0,0.0,0.0,0.0,0.0,0.0,0.0,0.0,0.0,0.0,0.0,0.0,1.0,0.0,1.0,0.0,1.0,0.0,1.0,0.0,1.0,0.0,1.0,0.0,1.0,0.0,1.0,0.0,1.0,0.0,1.0,0.0,1.0,0.0,1.0,0.0,1.0,0.0,1.0,0.0,1.0
cross_stall_r3,cross,cross_stall,cross_stall|v7|d6,7.0,1.0,0.0,1.0,0.0,1.0,0.0,1.0,0.0,1.0,0.0,1.0,0.0,1.0,0.0,1.0,1.0,1.0,1.0,0.9224,1.0,0.7978,1.0,0.6935,1.0,0.6082,1.0,0.5375,1.0,0.4783,1.0,0.4309,1.0,0.392,1.0,0.3595,1.0,0.332,1.0,0.3085,1.0,1.0,0.0,1.0,0.0,1.0,0.0,1.0,0.0,1.0,0.0,1.0,0.0,1.0,0.0,0.9662,1.0,0.8203,1.0,0.7056,1.0,0.6137,1.0,0.5389,1.0,0.4804,1.0,0.4326,1.0,0.3934,1.0,0.3607,1.0,0.3331,1.0,0.3094,1.0,0.2888,1.0,0.2708,1.0,1.0,0.0,1.0,0.0,1.0,0.0,1.0,0.0,1.0,0.0,1.0,0.0,0.9165,0.0,0.7698,1.0,0.6605,1.0,0.5733,1.0,0.5065,1.0,0.4536,1.0,0.4107,1.0,0.3752,1.0,0.3454,1.0,0.3199,1.0,0.298,1.0,0.2789,1.0,0.262,1.0,0.2471,1.0,1.0,0.0,1.0,0.0,1.0,0.0,1.0,0.0,1.0,0.0,0.9662,0.0,0.7959,0.0,0.6724,0.9154,0.5821,0.9104,0.5144,0.9139,0.4599,0.923,0.4159,0.9304,0.3795,0.9365,0.349,0.9416,0.3231,0.9459,0.3007,0.9497,0.2812,0.9529,0.2641,0.9558,0.249,0.9583,0.2355,0.9606,0.0,0.0,0.0,0.0,0.0,0.0,0.0,0.0,0.0,0.0,0.0,1.0,0.0,1.0,0.0,1.0,0.0,1.0,0.0,1.0,0.0,1.0,0.0,1.0,0.0,1.0,0.0,1.0,0.0,1.0,0.0,1.0,0.0,1.0,0.0,1.0,0.0,1.0,0.0,1.0,0.0,0.0,0.0,0.0,0.0,0.0,0.0,0.0,0.0,0.0,0.0,1.0,0.0,1.0,0.0,1.0,0.0,1.0,0.0,1.0,0.0,1.0,0.0,1.0,0.0,1.0,0.0,1.0,0.0,1.0,0.0,1.0,0.0,1.0,0.0,1.0,0.0,1.0,0.0,1.0,0.0,0.0,0.0,0.0,0.0,0.0,0.0,0.0,0.0,0.0,0.0,1.0,0.0,1.0,0.0,1.0,0.0,1.0,0.0,1.0,0.0,1.0,0.0,1.0,0.0,1.0,0.0,1.0,0.0,1.0,0.0,1.0,0.0,1.0,0.0,1.0,0.0,1.0,0.0,1.0,0.0,0.0,0.0,0.0,0.0,0.0,0.0,0.0,0.0,0.0,0.0,1.0,0.0,1.0,0.0,1.0,0.0,1.0,0.0,1.0,0.0,1.0,0.0,1.0,0.0,1.0,0.0,1.0,0.0,1.0,0.0,1.0,0.0,1.0,0.0,1.0,0.0,1.0,0.0,1.0
cross_stall_r4,cross,cross_stall,cross_stall|v7|d7,7.0,1.0,0.0,1.0,0.0,1.0,0.0,1.0,0.0,1.0,0.0,1.0,0.0,1.0,0.0,1.0,1.0,1.0,1.0,1.0,1.0,0.9128,1.0,0.7968,1.0,0.6987,1.0,0.6175,1.0,0.5495,1.0,0.495,1.0,0.4503,1.0,0.413,1.0,0.3815,1.0,0.3544,1.0,1.0,0.0,1.0,0.0,1.0,0.0,1.0,0.0,1.0,0.0,1.0,0.0,1.0,0.0,1.0,1.0,0.9407,1.0,0.8092,1.0,0.7039,1.0,0.6181,1.0,0.5497,1.0,0.495,1.0,0.452,1.0,0.4144,1.0,0.3826,1.0,0.3554,1.0,0.3318,1.0,0.3111,1.0,1.0,0.0,1.0,0.0,1.0,0.0,1.0,0.0,1.0,0.0,1.0,0.0,1.0,0.0,0.8867,1.0,0.7573,1.0,0.6587,1.0,0.5819,1.0,0.5211,1.0,0.4718,1.0,0.4311,1.0,0.3968,1.0,0.3676,1.0,0.3423,1.0,0.3204,1.0,0.301,1.0,0.2839,1.0,1.0,0.0,1.0,0.0,1.0,0.0,1.0,0.0,1.0,0.0,1.0,0.0,0.8738,0.0,0.7712,1.0,0.6676,1.0,0.5885,1.0,0.5273,1.0,0.4768,1.0,0.4351,1.0,0.401,1.0,0.3711,1.0,0.3455,1.0,0.3231,1.0,0.3034,1.0,0.286,1.0,0.2705,1.0,0.0,0.0,0.0,0.0,0.0,0.0,0.0,0.0,0.0,0.0,0.0,1.0,0.0,1.0,0.0,1.0,0.0,1.0,0.0,1.0,0.0,1.0,0.0,1.0,0.0,1.0,0.0,1.0,0.0,1.0,0.0,1.0,0.0,1.0,0.0,1.0,0.0,1.0,0.0,1.0,0.0,0.0,0.0,0.0,0.0,0.0,0.0,0.0,0.0,0.0,0.0,1.0,0.0,1.0,0.0,1.0,0.0,1.0,0.0,1.0,0.0,1.0,0.0,1.0,0.0,1.0,0.0,1.0,0.0,1.0,0.0,1.0,0.0,1.0,0.0,1.0,0.0,1.0,0.0,1.0,0.0,0.0,0.0,0.0,0.0,0.0,0.0,0.0,0.0,0.0,0.0,1.0,0.0,1.0,0.0,1.0,0.0,1.0,0.0,1.0,0.0,1.0,0.0,1.0,0.0,1.0,0.0,1.0,0.0,1.0,0.0,1.0,0.0,1.0,0.0,1.0,0.0,1.0,0.0,1.0,0.0,0.0,0.0,0.0,0.0,0.0,0.0,0.0,0.0,0.0,0.0,1.0,0.0,1.0,0.0,1.0,0.0,1.0,0.0,1.0,0.0,1.0,0.0,1.0,0.0,1.0,0.0,1.0,0.0,1.0,0.0,1.0,0.0,1.0,0.0,1.0,0.0,1.0,0.0,1.0
cross_stall_r5,cross,cross_stall,cross_stall|v8|d7,8.0,1.0,0.0,1.0,0.0,1.0,0.0,1.0,0.0,1.0,0.0,1.0,0.0,1.0,0.0,1.0,1.0,0.8544,1.0,0.7353,1.0,0.638,1.0,0.5587,1.0,0.4932,1.0,0.4396,1.0,0.3964,1.0,0.361,1.0,0.3314,1.0,0.3063,1.0,0.2847,1.0,0.266,1.0,1.0,0.0,1.0,0.0,1.0,0.0,1.0,0.0,1.0,0.0,1.0,0.0,0.9368,0.0,0.7874,1.0,0.6723,1.0,0.5828,1.0,0.5095,1.0,0.4526,1.0,0.4071,1.0,0.3699,1.0,0.339,1.0,0.3128,1.0,0.2904,1.0,0.2709,1.0,0.254,1.0,0.239,1.0,1.0,0.0,1.0,0.0,1.0,0.0,1.0,0.0,1.0,0.0,0.9259,0.0,0.7648,0.0,0.6468,0.8758,0.5577,0.8679,0.4914,0.8692,0.4384,0.8768,0.3957,0.8888,0.3605,0.8987,0.3311,0.9069,0.3062,0.9139,0.2847,0.92,0.266,0.9252,0.2497,0.9298,0.2352,0.9339,0.2223,0.9375,1.0,0.0,1.0,0.0,1.0,0.0,1.0,0.0,1.0,0.0,0.813,0.0,0.6768,0.0,0.5797,0.6536,0.5082,0.6439,0.4527,0.643,0.4073,0.6484,0.3702,0.6584,0.3392,0.6717,0.3131,0.6877,0.2907,0.7057,0.2713,0.7254,0.2543,0.7426,0.2393,0.7577,0.226,0.7712,0.2141,0.7833,0.0,0.0,0.0,0.0,0.0,0.0,0.0,0.0,0.0,0.0,0.0,1.0,0.0,1.0,0.0,1.0,0.0,1.0,0.0,1.0,0.0,1.0,0.0,1.0,0.0,1.0,0.0,1.0,0.0,1.0,0.0,1.0,0.0,1.0,0.0,1.0,0.0,1.0,0.0,1.0,0.0,0.0,0.0,0.0,0.0,0.0,0.0,0.0,0.0,0.0,0.0,1.0,0.0,1.0,0.0,1.0,0.0,1.0,0.0,1.0,0.0,1.0,0.0,1.0,0.0,1.0,0.0,1.0,0.0,1.0,0.0,1.0,0.0,1.0,0.0,1.0,0.0,1.0,0.0,1.0,0.0,0.0,0.0,0.0,0.0,0.0,0.0,0.0,0.0,0.0,0.0,1.0,0.0,1.0,0.0,1.0,0.0,1.0,0.0,1.0,0.0,1.0,0.0,1.0,0.0,1.0,0.0,1.0,0.0,1.0,0.0,1.0,0.0,1.0,0.0,1.0,0.0,1.0,0.0,1.0,0.0,0.0,0.0,0.0,0.0,0.0,0.0,0.0,0.0,0.0,0.0,1.0,0.0,1.0,0.0,1.0,0.0,1.0,0.0,1.0,0.0,1.0,0.0,1.0,0.0,1.0,0.0,1.0,0.0,1.0,0.0,1.0,0.0,1.0,0.0,1.0,0.0,1.0,0.0,1.0
cross_stall_r6,cross,cross_stall,cross_stall|v8|d8,8.0,1.0,0.0,1.0,0.0,1.0,0.0,1.0,0.0,1.0,0.0,1.0,0.0,1.0,0.0,1.0,1.0,1.0,1.0,0.875,1.0,0.7895,1.0,0.6913,1.0,0.6116,1.0,0.5451,1.0,0.4916,1.0,0.4477,1.0,0.4109,1.0,0.3798,1.0,0.353,1.0,0.3298,1.0,1.0,0.0,1.0,0.0,1.0,0.0,1.0,0.0,1.0,0.0,1.0,0.0,1.0,0.0,0.9764,1.0,0.8336,1.0,0.7209,1.0,0.6302,1.0,0.5598,1.0,0.5036,1.0,0.4576,1.0,0.4193,1.0,0.3869,1.0,0.3592,1.0,0.3351,1.0,0.3141,1.0,0.2956,1.0,1.0,0.0,1.0,0.0,1.0,0.0,1.0,0.0,1.0,0.0,1.0,0.0,0.9465,0.0,0.7984,1.0,0.6898,1.0,0.6064,1.0,0.5409,1.0,0.4882,1.0,0.4448,1.0,0.4086,1.0,0.3778,1.0,0.3513,1.0,0.3283,1.0,0.3081,1.0,0.2902,1.0,0.2743,1.0,1.0,0.0,1.0,0.0,1.0,0.0,1.0,0.0,1.0,0.0,1.0,0.0,0.8393,0.0,0.7188,1.0,0.6286,1.0,0.5586,1.0,0.5025,1.0,0.4567,1.0,0.4186,1.0,0.3863,1.0,0.3586,1.0,0.3347,1.0,0.3137,1.0,0.2952,1.0,0.2788,1.0,0.2641,1.0,0.0,0.0,0.0,0.0,0.0,0.0,0.0,0.0,0.0,0.0,0.0,1.0,0.0,1.0,0.0,1.0,0.0,1.0,0.0,1.0,0.0,1.0,0.0,1.0,0.0,1.0,0.0,1.0,0.0,1.0,0.0,1.0,0.0,1.0,0.0,1.0,0.0,1.0,0.0,1.0,0.0,0.0,0.0,0.0,0.0,0.0,0.0,0.0,0.0,0.0,0.0,1.0,0.0,1.0,0.0,1.0,0.0,1.0,0.0,1.0,0.0,1.0,0.0,1.0,0.0,1.0,0.0,1.0,0.0,1.0,0.0,1.0,0.0,1.0,0.0,1.0,0.0,1.0,0.0,1.0,0.0,0.0,0.0,0.0,0.0,0.0,0.0,0.0,0.0,0.0,0.0,1.0,0.0,1.0,0.0,1.0,0.0,1.0,0.0,1.0,0.0,1.0,0.0,1.0,0.0,1.0,0.0,1.0,0.0,1.0,0.0,1.0,0.0,1.0,0.0,1.0,0.0,1.0,0.0,1.0,0.0,0.0,0.0,0.0,0.0,0.0,0.0,0.0,0.0,0.0,0.0,1.0,0.0,1.0,0.0,1.0,0.0,1.0,0.0,1.0,0.0,1.0,0.0,1.0,0.0,1.0,0.0,1.0,0.0,1.0,0.0,1.0,0.0,1.0,0.0,1.0,0.0,1.0,0.0,1.0
cross_stall_r7,cross,cross_stall,cross_stall|v6|d6,6.0,1.0,0.0,1.0,0.0,1.0,0.0,1.0,0.0,1.0,0.0,1.0,0.0,1.0,0.0,1.0,1.0,1.0,1.0,1.0,1.0,0.9424,1.0,0.8111,1.0,0.7048,1.0,0.6192,1.0,0.5469,1.0,0.4863,1.0,0.4369,1.0,0.3966,1.0,0.3632,1.0,0.3349,1.0,1.0,0.0,1.0,0.0,1.0,0.0,1.0,0.0,1.0,0.0,1.0,0.0,1.0,0.0,1.0,1.0,0.9424,1.0,0.8049,1.0,0.6956,1.0,0.6071,1.0,0.5346,1.0,0.4765,1.0,0.429,1.0,0.3901,1.0,0.3577,1.0,0.3302,1.0,0.3067,1.0,0.2863,1.0,1.0,0.0,1.0,0.0,1.0,0.0,1.0,0.0,1.0,0.0,1.0,0.0,1.0,0.0,0.8354,1.0,0.7358,1.0,0.6339,1.0,0.5525,1.0,0.4897,1.0,0.4396,1.0,0.3989,1.0,0.365,1.0,0.3365,1.0,0.3121,1.0,0.291,1.0,0.2726,1.0,0.2563,1.0,1.0,0.0,1.0,0.0,1.0,0.0,1.0,0.0,1.0,0.0,1.0,0.0,0.882,0.0,0.7396,1.0,0.6311,1.0,0.5504,1.0,0.488,1.0,0.4383,1.0,0.3978,1.0,0.3641,1.0,0.3357,1.0,0.3114,1.0,0.2904,1.0,0.272,1.0,0.2559,1.0,0.2415,1.0,0.0,0.0,0.0,0.0,0.0,0.0,0.0,0.0,0.0,0.0,0.0,1.0,0.0,1.0,0.0,1.0,0.0,1.0,0.0,1.0,0.0,1.0,0.0,1.0,0.0,1.0,0.0,1.0,0.0,1.0,0.0,1.0,0.0,1.0,0.0,1.0,0.0,1.0,0.0,1.0,0.0,0.0,0.0,0.0,0.0,0.0,0.0,0.0,0.0,0.0,0.0,1.0,0.0,1.0,0.0,1.0,0.0,1.0,0.0,1.0,0.0,1.0,0.0,1.0,0.0,1.0,0.0,1.0,0.0,1.0,0.0,1.0,0.0,1.0,0.0,1.0,0.0,1.0,0.0,1.0,0.0,0.0,0.0,0.0,0.0,0.0,0.0,0.0,0.0,0.0,0.0,1.0,0.0,1.0,0.0,1.0,0.0,1.0,0.0,1.0,0.0,1.0,0.0,1.0,0.0,1.0,0.0,1.0,0.0,1.0,0.0,1.0,0.0,1.0,0.0,1.0,0.0,1.0,0.0,1.0,0.0,0.0,0.0,0.0,0.0,0.0,0.0,0.0,0.0,0.0,0.0,1.0,0.0,1.0,0.0,1.0,0.0,1.0,0.0,1.0,0.0,1.0,0.0,1.0,0.0,1.0,0.0,1.0,0.0,1.0,0.0,1.0,0.0,1.0,0.0,1.0,0.0,1.0,0.0,1.0
cross_stall_r8,cross,cross_stall,cross_stall|v6|d6,6.0,1.0,0.0,1.0,0.0,1.0,0.0,1.0,0.0,1.0,0.0,1.0,0.0,1.0,0.0,1.0,1.0,1.0,1.0,1.0,1.0,1.0,1.0,0.9332,1.0,0.8126,1.0,0.7122,1.0,0.629,1.0,0.5594,1.0,0.5026,1.0,0.4562,1.0,0.4177,1.0,0.3852,1.0,1.0,0.0,1.0,0.0,1.0,0.0,1.0,0.0,1.0,0.0,1.0,0.0,1.0,0.0,1.0,1.0,1.0,1.0,0.9261,1.0,0.8003,1.0,0.6986,1.0,0.6151,1.0,0.5481,1.0,0.4935,1.0,0.4487,1.0,0.4114,1.0,0.3798,1.0,0.3528,1.0,0.3293,1.0,1.0,0.0,1.0,0.0,1.0,0.0,1.0,0.0,1.0,0.0,1.0,0.0,1.0,0.0,0.9939,1.0,0.8446,1.0,0.7277,1.0,0.6342,1.0,0.5621,1.0,0.5046,1.0,0.4588,1.0,0.4199,1.0,0.387,1.0,0.359,1.0,0.3347,1.0,0.3135,1.0,0.2948,1.0,1.0,0.0,1.0,0.0,1.0,0.0,1.0,0.0,1.0,0.0,1.0,0.0,1.0,0.0,0.8385,1.0,0.7156,1.0,0.6318,1.0,0.5601,1.0,0.5031,1.0,0.4575,1.0,0.4188,1.0,0.3861,1.0,0.3582,1.0,0.334,1.0,0.3129,1.0,0.2943,1.0,0.2778,1.0,0.0,0.0,0.0,0.0,0.0,0.0,0.0,0.0,0.0,0.0,0.0,1.0,0.0,1.0,0.0,1.0,0.0,1.0,0.0,1.0,0.0,1.0,0.0,1.0,0.0,1.0,0.0,1.0,0.0,1.0,0.0,1.0,0.0,1.0,0.0,1.0,0.0,1.0,0.0,1.0,0.0,0.0,0.0,0.0,0.0,0.0,0.0,0.0,0.0,0.0,0.0,1.0,0.0,1.0,0.0,1.0,0.0,1.0,0.0,1.0,0.0,1.0,0.0,1.0,0.0,1.0,0.0,1.0,0.0,1.0,0.0,1.0,0.0,1.0,0.0,1.0,0.0,1.0,0.0,1.0,0.0,0.0,0.0,0.0,0.0,0.0,0.0,0.0,0.0,0.0,0.0,1.0,0.0,1.0,0.0,1.0,0.0,1.0,0.0,1.0,0.0,1.0,0.0,1.0,0.0,1.0,0.0,1.0,0.0,1.0,0.0,1.0,0.0,1.0,0.0,1.0,0.0,1.0,0.0,1.0,0.0,0.0,0.0,0.0,0.0,0.0,0.0,0.0,0.0,0.0,0.0,1.0,0.0,1.0,0.0,1.0,0.0,1.0,0.0,1.0,0.0,1.0,0.0,1.0,0.0,1.0,0.0,1.0,0.0,1.0,0.0,1.0,0.0,1.0,0.0,1.0,0.0,1.0,0.0,1.0
cross_stall_r9,cross,cross_stall,cross_stall|v7|d6,7.0,1.0,0.0,1.0,0.0,1.0,0.0,1.0,0.0,1.0,0.0,1.0,0.0,1.0,0.0,1.0,1.0,1.0,1.0,0.8728,1.0,0.7514,1.0,0.6532,1.0,0.5728,1.0,0.5075,1.0,0.4516,1.0,0.4068,1.0,0.3701,1.0,0.3395,1.0,0.3135,1.0,0.2912,1.0,1.0,0.0,1.0,0.0,1.0,0.0,1.0,0.0,1.0,0.0,1.0,0.0,1.0,0.0,0.9122,1.0,0.7744,1.0,0.6661,1.0,0.5794,1.0,0.5101,1.0,0.4536,1.0,0.4085,1.0,0.3715,1.0,0.3406,1.0,0.3145,1.0,0.2921,1.0,0.2727,1.0,0.2557,1.0,1.0,0.0,1.0,0.0,1.0,0.0,1.0,0.0,1.0,0.0,1.0,0.0,0.8223,0.0,0.7284,1.0,0.6221,1.0,0.54,1.0,0.477,1.0,0.4283,1.0,0.3878,1.0,0.3543,1.0,0.3261,1.0,0.3021,1.0,0.2814,1.0,0.2633,1.0,0.2474,1.0,0.2333,1.0,1.0,0.0,1.0,0.0,1.0,0.0,1.0,0.0,1.0,0.0,0.9099,0.0,0.7495,0.0,0.6348,1.0,0.5509,1.0,0.4856,1.0,0.4342,1.0,0.3926,1.0,0.3583,1.0,0.3295,1.0,0.305,1.0,0.2839,1.0,0.2655,1.0,0.2494,1.0,0.2351,1.0,0.2223,1.0,0.0,0.0,0.0,0.0,0.0,0.0,0.0,0.0,0.0,0.0,0.0,1.0,0.0,1.0,0.0,1.0,0.0,1.0,0.0,1.0,0.0,1.0,0.0,1.0,0.0,1.0,0.0,1.0,0.0,1.0,0.0,1.0,0.0,1.0,0.0,1.0,0.0,1.0,0.0,1.0,0.0,0.0,0.0,0.0,0.0,0.0,0.0,0.0,0.0,0.0,0.0,1.0,0.0,1.0,0.0,1.0,0.0,1.0,0.0,1.0,0.0,1.0,0.0,1.0,0.0,1.0,0.0,1.0,0.0,1.0,0.0,1.0,0.0,1.0,0.0,1.0,0.0,1.0,0.0,1.0,0.0,0.0,0.0,0.0,0.0,0.0,0.0,0.0,0.0,0.0,0.0,1.0,0.0,1.0,0.0,1.0,0.0,1.0,0.0,1.0,0.0,1.0,0.0,1.0,0.0,1.0,0.0,1.0,0.0,1.0,0.0,1.0,0.0,1.0,0.0,1.0,0.0,1.0,0.0,1.0,0.0,0.0,0.0,0.0,0.0,0.0,0.0,0.0,0.0,0.0,0.0,1.0,0.0,1.0,0.0,1.0,0.0,1.0,0.0,1.0,0.0,1.0,0.0,1.0,0.0,1.0,0.0,1.0,0.0,1.0,0.0,1.0,0.0,1.0,0.0,1.0,0.0,1.0,0.0,1.0
cross_stall_occ_r1,cross,cross_stall_occ,cross_stall_occ|v6|d6,6.0,1.0,0.0,1.0,0.0,1.0,0.0,1.0,0.0,1.0,0.0,1.0,0.0,1.0,0.0,1.0,0.0,1.0,0.0,1.0,0.0,1.0,0.0,0.916,0.0,0.7977,0.0,0.6991,0.0,0.6175,0.0,0.5502,0.0,0.4944,0.0,0.4488,0.0,0.4109,0.0,0.3789,0.0,1.0,0.0,1.0,0.0,1.0,0.0,1.0,0.0,1.0,0.0,1.0,0.0,1.0,0.0,1.0,0.6105,1.0,0.5144,0.911,0.4413,0.7872,0.3813,0.6871,0.3343,0.605,0.2943,0.5391,0.2617,0.4854,0.2356,0.4414,0.2143,0.4047,0.1965,0.3736,0.1814,0.347,0.1685,0.3239,0.1573,1.0,0.0,1.0,0.0,1.0,0.0,1.0,0.0,1.0,0.0,1.0,0.0,1.0,0.0,0.9776,0.0,0.8307,0.0,0.7158,0.0,0.6239,0.0,0.554,0.0,0.4974,0.0,0.4513,0.0,0.413,0.0,0.3807,0.0,0.3531,0.0,0.3292,0.0,0.3084,0.0,0.29,0.0,1.0,0.0,1.0,0.0,1.0,0.0,1.0,0.0,1.0,0.0,1.0,0.0,0.9938,0.0,0.8333,0.0,0.7111,0.0,0.6227,0.0,0.5521,0.0,0.4959,0.0,0.45,0.0,0.412,0.0,0.3798,0.0,0.3523,0.0,0.3286,0.0,0.3078,0.0,0.2895,0.0,0.2732,0.0,0.0,0.0,0.0,0.0,0.0,0.0,0.0,0.0,0.0,0.0,0.0,0.0,0.0,0.0,0.0,0.0,0.0,0.0,0.0,0.0,0.0,0.0,0.0,0.0,0.0,0.0,0.0,0.0,0.0,0.0,0.0,0.0,0.0,0.0,0.0,0.0,0.0,0.0,0.0,0.0,0.0,0.0,0.0,0.0,0.0,0.0,0.0,0.0,0.0,0.0,0.0,0.0,0.0,0.0,0.0,0.0,0.0,0.0,0.0,0.0,0.0,0.0,0.0,0.0,0.0,0.0,0.0,0.0,0.0,0.0,0.0,0.0,0.0,0.0,0.0,0.0,0.0,0.0,0.0,0.0,0.0,0.0,0.0,0.0,0.0,0.0,0.0,0.0,0.0,0.0,0.0,0.0,0.0,0.0,0.0,0.0,0.0,0.0,0.0,0.0,0.0,0.0,0.0,0.0,0.0,0.0,0.0,0.0,0.0,0.0,0.0,0.0,0.0,0.0,0.0,0.0,0.0,0.0,0.0,0.0,0.0,0.0,0.0,0.0,0.0,0.0,0.0,0.0,0.0,0.0,0.0,0.0,0.0,0.0,0.0,0.0,0.0,0.0,0.0,0.0,0.0,0.0,0.0,0.0,0.0,0.0,0.0,0.0,0.0,0.0,0.0,0.0,0.0,0.0,0.0,0.0,0.0,0.0,0.0,0.0
cross_stall_occ_r10,cross,cross_stall_occ,cross_stall_occ|v7|d7,7.0,1.0,0.0,1.0,0.0,1.0,0.0,1.0,0.0,1.0,0.0,1.0,0.0,1.0,0.0,1.0,0.0,1.0,0.0,1.0,0.0,0.987,0.0,0.8581,0.0,0.7525,0.0,0.6663,0.0,0.5929,0.0,0.5351,0.0,0.4868,0.0,0.4465,0.0,0.4124,0.0,0.3831,0.0,1.0,0.0,1.0,0.0,1.0,0.0,1.0,0.0,1.0,0.0,1.0,0.0,1.0,0.0,1.0,0.0,1.0,0.0,0.8602,0.0,0.7639,0.0,0.6709,0.0,0.5966,0.0,0.5372,0.0,0.4886,0.0,0.448,0.0,0.4136,0.0,0.3842,0.0,0.3586,0.0,0.3363,0.0,1.0,0.0,1.0,0.0,1.0,0.0,1.0,0.0,1.0,0.0,1.0,0.0,1.0,0.0,0.9604,0.0,0.8203,0.0,0.712,0.0,0.629,0.0,0.5633,0.0,0.51,0.0,0.466,0.0,0.4289,0.0,0.3973,0.0,0.3701,0.0,0.3463,0.0,0.3254,0.0,0.3069,0.0,1.0,0.0,1.0,0.0,1.0,0.0,1.0,0.0,1.0,0.0,1.0,0.0,0.987,0.0,0.8354,0.0,0.7232,0.5047,0.6388,0.445,0.5711,0.3989,0.5164,0.3607,0.4713,0.3301,0.4334,0.3036,0.4012,0.281,0.3734,0.2615,0.3492,0.2446,0.328,0.2297,0.3092,0.2166,0.2924,0.2048,0.0,0.0,0.0,0.0,0.0,0.0,0.0,0.0,0.0,0.0,0.0,0.6652,0.0,0.5418,0.0,0.4518,0.0,0.3797,0.0,0.3233,0.0,0.2783,0.0,0.2419,0.0,0.2122,0.0,0.1875,0.0,0.1669,0.0,0.1503,0.0,0.1367,0.0,0.1254,0.0,0.1158,0.0,0.1076,0.0,0.0,0.0,0.0,0.0,0.0,0.0,0.0,0.0,0.0,0.0,0.4868,0.0,0.4016,0.0,0.3356,0.0,0.2868,0.0,0.2467,0.0,0.2146,0.0,0.1884,0.0,0.1676,0.0,0.1509,0.0,0.1372,0.0,0.1258,0.0,0.1162,0.0,0.1079,0.0,0.1007,0.0,0.0945,0.0,0.0,0.0,0.0,0.0,0.0,0.0,0.0,0.0,0.0,0.0,0.0,0.0,0.0,0.0,0.0,0.0,0.0,0.0,0.0,0.0,0.0,0.0,0.0,0.0,0.0,0.0,0.0,0.0,0.0,0.0,0.0,0.0,0.0,0.0,0.0,0.0,0.0,0.0,0.0,0.0,0.0,0.0,0.0,0.0,0.0,0.0,0.0,0.0,0.0,0.0,0.0,0.0,0.0,0.0,0.0,0.0,0.0,0.0,0.0,0.0,0.0,0.0,0.0,0.0,0.0,0.0,0.0,0.0,0.0,0.0,0.0,0.0,0.0,0.0,0.0,0.0,0.0,0.0,0.0
cross_stall_occ_r11,cross,cross_stall_occ,cross_stall_occ|v8|d7,8.0,1.0,0.0,1.0,0.0,1.0,0.0,1.0,0.0,1.0,0.0,1.0,0.0,1.0,0.0,1.0,0.0,0.8544,0.0,0.75,0.0,0.6507,0.0,0.5698,0.0,0.5031,0.0,0.4484,0.0,0.4044,0.0,0.3682,0.0,0.338,0.0,0.3124,0.0,0.2904,0.0,0.2713,0.0,1.0,0.0,1.0,0.0,1.0,0.0,1.0,0.0,1.0,0.0,1.0,0.0,0.9532,0.0,0.8031,0.0,0.6857,0.0,0.593,0.0,0.5184,0.0,0.4605,0.0,0.4142,0.0,0.3764,0.0,0.3449,0.0,0.3183,0.0,0.2954,0.0,0.2757,0.0,0.2584,0.0,0.2431,0.0,1.0,0.0,1.0,0.0,1.0,0.0,1.0,0.0,1.0,0.0,0.9444,0.0,0.7801,0.0,0.6581,0.0,0.5675,0.0,0.4988,0.0,0.4449,0.0,0.4016,0.0,0.3659,0.0,0.3361,0.0,0.3107,0.0,0.289,0.0,0.27,0.0,0.2534,0.0,0.2387,0.0,0.2257,0.0,1.0,0.0,1.0,0.0,1.0,0.0,1.0,0.0,1.0,0.0,0.8293,0.0,0.6904,0.0,0.5913,0.0,0.5171,0.0,0.4595,0.0,0.4134,0.0,0.3757,0.0,0.3443,0.0,0.3178,0.0,0.295,0.0,0.2753,0.0,0.2581,0.0,0.2429,0.0,0.2293,0.0,0.2173,0.0,0.0,0.0,0.0,0.0,0.0,0.0,0.0,0.0,0.0,0.0,0.0,0.0,0.0,0.0,0.0,0.0,0.0,0.0,0.0,0.0,0.0,0.0,0.0,0.0,0.0,0.0,0.0,0.0,0.0,0.0,0.0,0.0,0.0,0.0,0.0,0.0,0.0,0.0,0.0,0.0,0.0,0.0,0.0,0.0,0.0,0.0,0.0,0.0,0.0,0.0,0.0,0.0,0.0,0.0,0.0,0.0,0.0,0.0,0.0,0.0,0.0,0.0,0.0,0.0,0.0,0.0,0.0,0.0,0.0,0.0,0.0,0.0,0.0,0.0,0.0,0.0,0.0,0.0,0.0,0.0,0.0,0.0,0.0,0.0,0.0,0.0,0.0,0.0,0.0,0.0,0.0,0.0,0.0,0.0,0.0,0.0,0.0,0.0,0.0,0.0,0.0,0.0,0.0,0.0,0.0,0.0,0.0,0.0,0.0,0.0,0.0,0.0,0.0,0.0,0.0,0.0,0.0,0.0,0.0,0.0,0.0,0.0,0.0,0.0,0.0,0.0,0.0,0.0,0.0,0.0,0.0,0.0,0.0,0.0,0.0,0.0,0.0,0.0,0.0,0.0,0.0,0.0,0.0,0.0,0.0,0.0,0.0,0.0,0.0,0.0,0.0,0.0,0.0,0.0,0.0,0.0,0.0,0.0,0.0,0.0
cross_stall_occ_r12,cross,cross_stall_occ,cross_stall_occ|v8|d8,8.0,1.0,0.0,1.0,0.0,1.0,0.0,1.0,0.0,1.0,0.0,1.0,0.0,1.0,0.0,1.0,0.0,1.0,0.0,0.8695,0.0,0.7544,0.0,0.6606,0.0,0.5832,0.0,0.5198,0.5516,0.4688,0.4975,0.4278,0.4531,0.3927,0.4167,0.3629,0.3851,0.3374,0.358,0.3152,0.3344,1.0,0.0,1.0,0.0,1.0,0.0,1.0,0.0,1.0,0.0,1.0,0.0,1.0,0.0,0.9311,0.0,0.795,0.0,0.6875,0.0,0.601,0.0,0.5339,0.5688,0.4802,0.5117,0.4363,0.4649,0.3998,0.426,0.3697,0.3931,0.3432,0.365,0.3203,0.3405,0.3002,0.3192,0.2825,0.3004,1.0,0.0,1.0,0.0,1.0,0.0,1.0,0.0,1.0,0.0,1.0,0.0,0.9025,0.0,0.7613,0.0,0.6565,0.0,0.5782,0.0,0.5158,0.5485,0.4656,0.4951,0.4242,0.452,0.3896,0.4152,0.3602,0.3839,0.3357,0.3569,0.3137,0.3336,0.2944,0.313,0.2774,0.2949,0.2622,0.2788,1.0,0.0,1.0,0.0,1.0,0.0,1.0,0.0,1.0,0.0,0.9593,0.0,0.7986,0.0,0.6855,0.0,0.5995,0.0,0.5327,0.0,0.4792,0.0,0.4355,0.4641,0.3992,0.4253,0.3684,0.3925,0.342,0.3644,0.3192,0.3401,0.2992,0.3188,0.2815,0.3,0.2659,0.2833,0.2519,0.2684,0.0,0.0,0.0,0.0,0.0,0.0,0.0,0.0,0.0,0.0,0.0,0.0,0.0,0.0,0.0,0.0,0.0,0.0,0.0,0.0,0.0,0.0,0.0,0.0,0.0,0.0,0.0,0.0,0.0,0.0,0.0,0.0,0.0,0.0,0.0,0.0,0.0,0.0,0.0,0.0,0.0,0.0,0.0,0.0,0.0,0.0,0.0,0.0,0.0,0.0,0.0,0.0,0.0,0.0,0.0,0.0,0.0,0.0,0.0,0.0,0.0,0.0,0.0,0.0,0.0,0.0,0.0,0.0,0.0,0.0,0.0,0.0,0.0,0.0,0.0,0.0,0.0,0.0,0.0,0.0,0.0,0.0,0.0,0.0,0.0,0.0,0.0,0.0,0.0,0.0,0.0,0.0,0.0,0.0,0.0,0.0,0.0,0.0,0.0,0.0,0.0,0.0,0.0,0.0,0.0,0.0,0.0,0.0,0.0,0.0,0.0,0.0,0.0,0.0,0.0,0.0,0.0,0.0,0.0,0.0,0.0,0.0,0.0,0.0,0.0,0.0,0.0,0.0,0.0,0.0,0.0,0.0,0.0,0.0,0.0,0.0,0.0,0.0,0.0,0.0,0.0,0.0,0.0,0.0,0.0,0.0,0.0,0.0,0.0,0.0,0.0,0.0,0.0,0.0,0.0,0.0,0.0,0.0,0.0,0.0
cross_stall_occ_r2,cross,cross_stall_occ,cross_stall_occ|v6|d7,6.0,1.0,0.0,1.0,0.0,1.0,0.0,1.0,0.0,1.0,0.0,1.0,0.0,1.0,0.0,1.0,0.0,1.0,0.0,1.0,0.0,1.0,0.0,1.0,0.0,0.9569,0.0,0.8387,0.0,0.7407,0.0,0.6587,0.0,0.5918,0.0,0.5372,0.0,0.4928,0.0,0.4544,0.0,1.0,0.0,1.0,0.0,1.0,0.0,1.0,0.0,1.0,0.0,1.0,0.0,1.0,0.0,1.0,0.6105,1.0,0.5144,1.0,0.4413,0.946,0.3813,0.8257,0.3343,0.727,0.2943,0.6465,0.2617,0.5821,0.2356,0.5293,0.2143,0.4853,0.1965,0.4481,0.1814,0.4161,0.1685,0.3884,0.1573,1.0,0.0,1.0,0.0,1.0,0.0,1.0,0.0,1.0,0.0,1.0,0.0,1.0,0.0,1.0,0.0,0.9948,0.0,0.8571,0.0,0.7471,0.0,0.6644,0.0,0.5965,0.0,0.5412,0.0,0.4953,0.0,0.4566,0.0,0.4234,0.0,0.3948,0.0,0.3698,0.0,0.3478,0.0,1.0,0.0,1.0,0.0,1.0,0.0,1.0,0.0,1.0,0.0,1.0,0.0,1.0,0.0,1.0,0.0,0.8563,0.0,0.7468,0.0,0.6621,0.0,0.5947,0.0,0.5397,0.0,0.494,0.0,0.4555,0.0,0.4225,0.0,0.394,0.0,0.3691,0.0,0.3471,0.0,0.3277,0.0,0.0,0.0,0.0,0.0,0.0,0.0,0.0,0.0,0.0,0.0,0.0,0.0,0.0,0.0,0.0,0.0,0.0,0.0,0.0,0.0,0.0,0.0,0.0,0.0,0.0,0.0,0.0,0.0,0.0,0.0,0.0,0.0,0.0,0.0,0.0,0.0,0.0,0.0,0.0,0.0,0.0,0.0,0.0,0.0,0.0,0.0,0.0,0.0,0.0,0.0,0.0,0.0,0.0,0.0,0.0,0.0,0.0,0.0,0.0,0.0,0.0,0.0,0.0,0.0,0.0,0.0,0.0,0.0,0.0,0.0,0.0,0.0,0.0,0.0,0.0,0.0,0.0,0.0,0.0,0.0,0.0,0.0,0.0,0.0,0.0,0.0,0.0,0.0,0.0,0.0,0.0,0.0,0.0,0.0,0.0,0.0,0.0,0.0,0.0,0.0,0.0,0.0,0.0,0.0,0.0,0.0,0.0,0.0,0.0,0.0,0.0,0.0,0.0,0.0,0.0,0.0,0.0,0.0,0.0,0.0,0.0,0.0,0.0,0.0,0.0,0.0,0.0,0.0,0.0,0.0,0.0,0.0,0.0,0.0,0.0,0.0,0.0,0.0,0.0,0.0,0.0,0.0,0.0,0.0,0.0,0.0,0.0,0.0,0.0,0.0,0.0,0.0,0.0,0.0,0.0,0.0,0.0,0.0,0.0,0.0
cross_stall_occ_r3,cross,cross_stall_occ,cross_stall_occ|v7|d7,7.0,1.0,0.0,1.0,0.0,1.0,0.0,1.0,0.0,1.0,0.0,1.0,0.0,1.0,0.0,1.0,0.0,1.0,0.0,0.9935,0.0,0.8553,0.0,0.7435,0.0,0.6535,0.0,0.5775,0.0,0.5139,0.0,0.4629,0.0,0.4211,0.0,0.3863,0.0,0.3568,0.0,0.3314,0.0,1.0,0.0,1.0,0.0,1.0,0.0,1.0,0.0,1.0,0.0,1.0,0.0,1.0,0.0,1.0,0.0,0.8489,0.0,0.7582,0.0,0.6595,0.0,0.5791,0.0,0.5151,0.0,0.4648,0.0,0.4227,0.0,0.3876,0.0,0.3579,0.0,0.3324,0.0,0.3103,0.0,0.2909,0.0,1.0,0.0,1.0,0.0,1.0,0.0,1.0,0.0,1.0,0.0,1.0,0.0,0.985,0.0,0.8273,0.0,0.7066,0.0,0.6133,0.0,0.543,0.0,0.4863,0.0,0.4413,0.0,0.4031,0.0,0.3711,0.0,0.3438,0.0,0.3202,0.0,0.2996,0.0,0.2815,0.0,0.2655,0.0,1.0,0.0,1.0,0.0,1.0,0.0,1.0,0.0,1.0,0.0,1.0,0.0,0.8534,0.0,0.7226,0.0,0.6255,0.5047,0.5514,0.445,0.493,0.3989,0.4468,0.3607,0.4078,0.3301,0.375,0.3036,0.3471,0.281,0.3231,0.2615,0.3022,0.2446,0.2838,0.2297,0.2675,0.2166,0.253,0.2048,0.0,0.0,0.0,0.0,0.0,0.0,0.0,0.0,0.0,0.0,0.0,0.6652,0.0,0.5418,0.0,0.4518,0.0,0.3797,0.0,0.3233,0.0,0.2783,0.0,0.2419,0.0,0.2122,0.0,0.1875,0.0,0.1669,0.0,0.1503,0.0,0.1367,0.0,0.1254,0.0,0.1158,0.0,0.1076,0.0,0.0,0.0,0.0,0.0,0.0,0.0,0.0,0.0,0.0,0.0,0.4868,0.0,0.4016,0.0,0.3356,0.0,0.2868,0.0,0.2467,0.0,0.2146,0.0,0.1884,0.0,0.1676,0.0,0.1509,0.0,0.1372,0.0,0.1258,0.0,0.1162,0.0,0.1079,0.0,0.1007,0.0,0.0945,0.0,0.0,0.0,0.0,0.0,0.0,0.0,0.0,0.0,0.0,0.0,0.0,0.0,0.0,0.0,0.0,0.0,0.0,0.0,0.0,0.0,0.0,0.0,0.0,0.0,0.0,0.0,0.0,0.0,0.0,0.0,0.0,0.0,0.0,0.0,0.0,0.0,0.0,0.0,0.0,0.0,0.0,0.0,0.0,0.0,0.0,0.0,0.0,0.0,0.0,0.0,0.0,0.0,0.0,0.0,0.0,0.0,0.0,0.0,0.0,0.0,0.0,0.0,0.0,0.0,0.0,0.0,0.0,0.0,0.0,0.0,0.0,0.0,0.0,0.0,0.0,0.0,0.0,0.0,0.0
cross_stall_occ_r4,cross,cross_stall_occ,cross_stall_occ|v7|d7,7.0,1.0,0.0,1.0,0.0,1.0,0.0,1.0,0.0,1.0,0.0,1.0,0.0,1.0,0.0,1.0,0.0,1.0,0.0,1.0,0.0,1.0,0.0,0.8694,0.0,0.785,0.0,0.695,0.0,0.6185,0.0,0.5591,0.5992,0.5087,0.5451,0.4666,0.5,0.4309,0.4618,0.4003,0.429,1.0,0.0,1.0,0.0,1.0,0.0,1.0,0.0,1.0,0.0,1.0,0.0,1.0,0.0,1.0,0.0,1.0,0.0,0.9161,0.0,0.7983,0.0,0.701,0.0,0.6235,0.0,0.5614,0.6016,0.5105,0.5471,0.4681,0.5017,0.4322,0.4632,0.4014,0.4302,0.3747,0.4016,0.3514,0.3766,1.0,0.0,1.0,0.0,1.0,0.0,1.0,0.0,1.0,0.0,1.0,0.0,1.0,0.0,1.0,0.0,0.8541,0.0,0.7413,0.0,0.6572,0.0,0.5886,0.0,0.533,0.5692,0.4869,0.5209,0.4482,0.4795,0.4152,0.4442,0.3867,0.4144,0.3619,0.3878,0.34,0.3644,0.3207,0.3437,1.0,0.0,1.0,0.0,1.0,0.0,1.0,0.0,1.0,0.0,1.0,0.0,1.0,0.0,0.873,0.0,0.7558,0.5047,0.6663,0.445,0.5957,0.3989,0.5387,0.5783,0.4916,0.5278,0.4521,0.4854,0.4192,0.4493,0.3902,0.4182,0.3649,0.3911,0.3428,0.3673,0.3231,0.3463,0.3056,0.3275,0.0,0.0,0.0,0.0,0.0,0.0,0.0,0.0,0.0,0.0,0.0,0.6652,0.0,0.5418,0.0,0.4518,0.0,0.3797,0.0,0.3233,0.0,0.2783,0.0,0.2419,0.0,0.2122,0.0,0.1875,0.0,0.1669,0.0,0.1503,0.0,0.1367,0.0,0.1254,0.0,0.1158,0.0,0.1076,0.0,0.0,0.0,0.0,0.0,0.0,0.0,0.0,0.0,0.0,0.0,0.4868,0.0,0.4016,0.0,0.3356,0.0,0.2868,0.0,0.2467,0.0,0.2146,0.0,0.1884,0.0,0.1676,0.0,0.1509,0.0,0.1372,0.0,0.1258,0.0,0.1162,0.0,0.1079,0.0,0.1007,0.0,0.0945,0.0,0.0,0.0,0.0,0.0,0.0,0.0,0.0,0.0,0.0,0.0,0.0,0.0,0.0,0.0,0.0,0.0,0.0,0.0,0.0,0.0,0.0,0.0,0.0,0.0,0.0,0.0,0.0,0.0,0.0,0.0,0.0,0.0,0.0,0.0,0.0,0.0,0.0,0.0,0.0,0.0,0.0,0.0,0.0,0.0,0.0,0.0,0.0,0.0,0.0,0.0,0.0,0.0,0.0,0.0,0.0,0.0,0.0,0.0,0.0,0.0,0.0,0.0,0.0,0.0,0.0,0.0,0.0,0.0,0.0,0.0,0.0,0.0,0.0,0.0,0.0,0.0,0.0,0.0,0.0
cross_stall_occ_r5,cross,cross_stall_occ,cross_stall_occ|v8|d7,8.0,1.0,0.0,1.0,0.0,1.0,0.0,1.0,0.0,1.0,0.0,1.0,0.0,1.0,0.0,1.0,0.0,0.9251,0.0,0.7941,0.0,0.689,0.0,0.6034,0.0,0.5327,0.0,0.4747,0.0,0.4281,0.0,0.3899,0.454,0.3579,0.4176,0.3308,0.3859,0.3075,0.3587,0.2872,0.3351,1.0,0.0,1.0,0.0,1.0,0.0,1.0,0.0,1.0,0.0,1.0,0.0,1.0,0.0,0.8406,0.0,0.7261,0.0,0.6279,0.0,0.5489,0.0,0.4876,0.5677,0.4386,0.5117,0.3985,0.4649,0.3652,0.426,0.337,0.3931,0.3128,0.365,0.2919,0.3405,0.2736,0.3192,0.2574,0.3004,1.0,0.0,1.0,0.0,1.0,0.0,1.0,0.0,1.0,0.0,1.0,0.0,0.826,0.0,0.6968,0.0,0.6008,0.0,0.5281,0.0,0.4711,0.0,0.4252,0.4951,0.3874,0.452,0.3558,0.4152,0.329,0.3839,0.3059,0.3569,0.2859,0.3336,0.2683,0.313,0.2528,0.2949,0.2389,0.2788,1.0,0.0,1.0,0.0,1.0,0.0,1.0,0.0,1.0,0.0,0.8618,0.0,0.7293,0.0,0.6261,0.0,0.5475,0.0,0.4865,0.0,0.4377,0.0,0.3978,0.4622,0.3646,0.4245,0.3364,0.3917,0.3124,0.3637,0.2915,0.3394,0.2732,0.3182,0.2571,0.2994,0.2428,0.2827,0.23,0.2678,0.0,0.0,0.0,0.0,0.0,0.0,0.0,0.0,0.0,0.0,0.0,0.0,0.0,0.0,0.0,0.0,0.0,0.0,0.0,0.0,0.0,0.0,0.0,0.0,0.0,0.0,0.0,0.0,0.0,0.0,0.0,0.0,0.0,0.0,0.0,0.0,0.0,0.0,0.0,0.0,0.0,0.0,0.0,0.0,0.0,0.0,0.0,0.0,0.0,0.0,0.0,0.0,0.0,0.0,0.0,0.0,0.0,0.0,0.0,0.0,0.0,0.0,0.0,0.0,0.0,0.0,0.0,0.0,0.0,0.0,0.0,0.0,0.0,0.0,0.0,0.0,0.0,0.0,0.0,0.0,0.0,0.0,0.0,0.0,0.0,0.0,0.0,0.0,0.0,0.0,0.0,0.0,0.0,0.0,0.0,0.0,0.0,0.0,0.0,0.0,0.0,0.0,0.0,0.0,0.0,0.0,0.0,0.0,0.0,0.0,0.0,0.0,0.0,0.0,0.0,0.0,0.0,0.0,0.0,0.0,0.0,0.0,0.0,0.0,0.0,0.0,0.0,0.0,0.0,0.0,0.0,0.0,0.0,0.0,0.0,0.0,0.0,0.0,0.0,0.0,0.0,0.0,0.0,0.0,0.0,0.0,0.0,0.0,0.0,0.0,0.0,0.0,0.0,0.0,0.0,0.0,0.0,0.0,0.0,0.0
cross_stall_occ_r6,cross,cross_stall_occ,cross_stall_occ|v8|d8,8.0,1.0,0.0,1.0,0.0,1.0,0.0,1.0,0.0,1.0,0.0,1.0,0.0,1.0,0.0,1.0,0.0,1.0,0.0,0.875,0.0,0.7895,0.0,0.6913,0.0,0.6116,0.0,0.5451,0.0,0.4916,0.4995,0.4477,0.4549,0.4109,0.4176,0.3798,0.3859,0.353,0.3587,0.3298,0.3351,1.0,0.0,1.0,0.0,1.0,0.0,1.0,0.0,1.0,0.0,1.0,0.0,1.0,0.0,0.9764,0.0,0.8336,0.0,0.7209,0.0,0.6302,0.0,0.5598,0.0,0.5036,0.5117,0.4576,0.4649,0.4193,0.426,0.3869,0.3931,0.3592,0.365,0.3351,0.3405,0.3141,0.3192,0.2956,0.3004,1.0,0.0,1.0,0.0,1.0,0.0,1.0,0.0,1.0,0.0,1.0,0.0,0.9465,0.0,0.7984,0.0,0.6898,0.0,0.6064,0.0,0.5409,0.0,0.4882,0.4961,0.4448,0.452,0.4086,0.4152,0.3778,0.3839,0.3513,0.3569,0.3283,0.3336,0.3081,0.313,0.2902,0.2949,0.2743,0.2788,1.0,0.0,1.0,0.0,1.0,0.0,1.0,0.0,1.0,0.0,1.0,0.0,0.8393,0.0,0.7188,0.0,0.6286,0.0,0.5586,0.0,0.5025,0.0,0.4567,0.0,0.4186,0.4236,0.3863,0.391,0.3586,0.3637,0.3347,0.3394,0.3137,0.3182,0.2952,0.2994,0.2788,0.2833,0.2641,0.2684,0.0,0.0,0.0,0.0,0.0,0.0,0.0,0.0,0.0,0.0,0.0,0.0,0.0,0.0,0.0,0.0,0.0,0.0,0.0,0.0,0.0,0.0,0.0,0.0,0.0,0.0,0.0,0.0,0.0,0.0,0.0,0.0,0.0,0.0,0.0,0.0,0.0,0.0,0.0,0.0,0.0,0.0,0.0,0.0,0.0,0.0,0.0,0.0,0.0,0.0,0.0,0.0,0.0,0.0,0.0,0.0,0.0,0.0,0.0,0.0,0.0,0.0,0.0,0.0,0.0,0.0,0.0,0.0,0.0,0.0,0.0,0.0,0.0,0.0,0.0,0.0,0.0,0.0,0.0,0.0,0.0,0.0,0.0,0.0,0.0,0.0,0.0,0.0,0.0,0.0,0.0,0.0,0.0,0.0,0.0,0.0,0.0,0.0,0.0,0.0,0.0,0.0,0.0,0.0,0.0,0.0,0.0,0.0,0.0,0.0,0.0,0.0,0.0,0.0,0.0,0.0,0.0,0.0,0.0,0.0,0.0,0.0,0.0,0.0,0.0,0.0,0.0,0.0,0.0,0.0,0.0,0.0,0.0,0.0,0.0,0.0,0.0,0.0,0.0,0.0,0.0,0.0,0.0,0.0,0.0,0.0,0.0,0.0,0.0,0.0,0.0,0.0,0.0,0.0,0.0,0.0,0.0,0.0,0.0,0.0
cross_stall_occ_r7,cross,cross_stall_occ,cross_stall_occ|v6|d6,6.0,1.0,0.0,1.0,0.0,1.0,0.0,1.0,0.0,1.0,0.0,1.0,0.0,1.0,0.0,1.0,0.0,1.0,0.0,1.0,0.0,1.0,0.0,0.8702,0.0,0.7562,0.0,0.6642,0.0,0.5866,0.0,0.5217,0.0,0.4687,0.0,0.4255,0.4246,0.3896,0.3887,0.3593,0.3585,1.0,0.0,1.0,0.0,1.0,0.0,1.0,0.0,1.0,0.0,1.0,0.0,1.0,0.0,1.0,0.6105,1.0,0.5144,0.8655,0.4413,0.748,0.3813,0.6529,0.3343,0.5748,0.2943,0.5123,0.5123,0.4612,0.4612,0.4194,0.4194,0.3846,0.3846,0.355,0.355,0.3297,0.3297,0.3078,0.3078,1.0,0.0,1.0,0.0,1.0,0.0,1.0,0.0,1.0,0.0,1.0,0.0,1.0,0.0,0.9289,0.0,0.7893,0.0,0.6801,0.0,0.5927,0.0,0.5253,0.0,0.4716,0.0,0.4288,0.0,0.3925,0.0,0.3618,0.0,0.3355,0.0,0.3128,0.0,0.293,0.0,0.2756,0.0,1.0,0.0,1.0,0.0,1.0,0.0,1.0,0.0,1.0,0.0,1.0,0.0,0.9462,0.0,0.7934,0.0,0.677,0.0,0.5904,0.0,0.5235,0.0,0.4702,0.0,0.4267,0.0,0.3906,0.0,0.3601,0.0,0.3341,0.0,0.3115,0.0,0.2918,0.0,0.2745,0.0,0.2591,0.0,0.0,0.0,0.0,0.0,0.0,0.0,0.0,0.0,0.0,0.0,0.0,0.0,0.0,0.0,0.0,0.0,0.0,0.0,0.0,0.0,0.0,0.0,0.0,0.0,0.0,0.0,0.0,0.0,0.0,0.0,0.0,0.0,0.0,0.0,0.0,0.0,0.0,0.0,0.0,0.0,0.0,0.0,0.0,0.0,0.0,0.0,0.0,0.0,0.0,0.0,0.0,0.0,0.0,0.0,0.0,0.0,0.0,0.0,0.0,0.0,0.0,0.0,0.0,0.0,0.0,0.0,0.0,0.0,0.0,0.0,0.0,0.0,0.0,0.0,0.0,0.0,0.0,0.0,0.0,0.0,0.0,0.0,0.0,0.0,0.0,0.0,0.0,0.0,0.0,0.0,0.0,0.0,0.0,0.0,0.0,0.0,0.0,0.0,0.0,0.0,0.0,0.0,0.0,0.0,0.0,0.0,0.0,0.0,0.0,0.0,0.0,0.0,0.0,0.0,0.0,0.0,0.0,0.0,0.0,0.0,0.0,0.0,0.0,0.0,0.0,0.0,0.0,0.0,0.0,0.0,0.0,0.0,0.0,0.0,0.0,0.0,0.0,0.0,0.0,0.0,0.0,0.0,0.0,0.0,0.0,0.0,0.0,0.0,0.0,0.0,0.0,0.0,0.0,0.0,0.0,0.0,0.0,0.0,0.0,0.0
cross_stall_occ_r8,cross,cross_stall_occ,cross_stall_occ|v6|d7,6.0,1.0,0.0,1.0,0.0,1.0,0.0,1.0,0.0,1.0,0.0,1.0,0.0,1.0,0.0,1.0,0.0,1.0,0.0,1.0,0.0,1.0,0.0,1.0,0.0,0.869,0.0,0.8038,0.0,0.7099,0.0,0.6313,0.0,0.5682,0.0,0.5158,0.0,0.4723,0.0,0.4355,0.0,1.0,0.0,1.0,0.0,1.0,0.0,1.0,0.0,1.0,0.0,1.0,0.0,1.0,0.0,1.0,0.6105,1.0,0.5144,1.0,0.4413,0.9034,0.3813,0.79,0.3343,0.6969,0.2943,0.6197,0.2617,0.5579,0.2356,0.5073,0.2143,0.4652,0.1965,0.4295,0.1814,0.3988,0.1685,0.3723,0.1573,1.0,0.0,1.0,0.0,1.0,0.0,1.0,0.0,1.0,0.0,1.0,0.0,1.0,0.0,1.0,0.0,0.9551,0.0,0.8229,0.0,0.7173,0.0,0.6356,0.0,0.5717,0.0,0.5187,0.0,0.4747,0.0,0.4376,0.0,0.4059,0.0,0.3784,0.0,0.3544,0.0,0.3333,0.0,1.0,0.0,1.0,0.0,1.0,0.0,1.0,0.0,1.0,0.0,1.0,0.0,1.0,0.0,0.9618,0.0,0.8207,0.0,0.7158,0.0,0.6346,0.0,0.57,0.0,0.5173,0.0,0.4735,0.0,0.4366,0.0,0.405,0.0,0.3776,0.0,0.3538,0.0,0.3327,0.0,0.3141,0.0,0.0,0.0,0.0,0.0,0.0,0.0,0.0,0.0,0.0,0.0,0.0,0.0,0.0,0.0,0.0,0.0,0.0,0.0,0.0,0.0,0.0,0.0,0.0,0.0,0.0,0.0,0.0,0.0,0.0,0.0,0.0,0.0,0.0,0.0,0.0,0.0,0.0,0.0,0.0,0.0,0.0,0.0,0.0,0.0,0.0,0.0,0.0,0.0,0.0,0.0,0.0,0.0,0.0,0.0,0.0,0.0,0.0,0.0,0.0,0.0,0.0,0.0,0.0,0.0,0.0,0.0,0.0,0.0,0.0,0.0,0.0,0.0,0.0,0.0,0.0,0.0,0.0,0.0,0.0,0.0,0.0,0.0,0.0,0.0,0.0,0.0,0.0,0.0,0.0,0.0,0.0,0.0,0.0,0.0,0.0,0.0,0.0,0.0,0.0,0.0,0.0,0.0,0.0,0.0,0.0,0.0,0.0,0.0,0.0,0.0,0.0,0.0,0.0,0.0,0.0,0.0,0.0,0.0,0.0,0.0,0.0,0.0,0.0,0.0,0.0,0.0,0.0,0.0,0.0,0.0,0.0,0.0,0.0,0.0,0.0,0.0,0.0,0.0,0.0,0.0,0.0,0.0,0.0,0.0,0.0,0.0,0.0,0.0,0.0,0.0,0.0,0.0,0.0,0.0,0.0,0.0,0.0,0.0,0.0,0.0
cross_stall_occ_r9,cross,cross_stall_occ,cross_stall_occ|v7|d7,7.0,1.0,0.0,1.0,0.0,1.0,0.0,1.0,0.0,1.0,0.0,1.0,0.0,1.0,0.0,1.0,0.0,1.0,0.0,0.944,0.0,0.8126,0.0,0.7065,0.0,0.6195,0.0,0.5475,0.0,0.4872,0.0,0.4389,0.0,0.3993,0.0,0.3662,0.0,0.3382,0.0,0.3142,0.0,1.0,0.0,1.0,0.0,1.0,0.0,1.0,0.0,1.0,0.0,1.0,0.0,1.0,0.0,0.9842,0.0,0.8356,0.0,0.7188,0.0,0.6252,0.0,0.549,0.0,0.4883,0.0,0.4406,0.0,0.4007,0.0,0.3674,0.0,0.3393,0.0,0.3151,0.0,0.2942,0.0,0.2758,0.0,1.0,0.0,1.0,0.0,1.0,0.0,1.0,0.0,1.0,0.0,1.0,0.0,0.9336,0.0,0.7842,0.0,0.6697,0.0,0.5827,0.0,0.5159,0.0,0.462,0.0,0.4183,0.0,0.3822,0.0,0.3518,0.0,0.3259,0.0,0.3035,0.0,0.284,0.0,0.2669,0.0,0.2517,0.0,1.0,0.0,1.0,0.0,1.0,0.0,1.0,0.0,1.0,0.0,0.9842,0.0,0.8108,0.0,0.6865,0.0,0.5943,0.0,0.5239,0.0,0.4684,0.0,0.4236,0.0,0.3866,0.0,0.3555,0.0,0.3291,0.0,0.3063,0.0,0.2865,0.0,0.269,0.0,0.2536,0.0,0.2399,0.0,0.0,0.0,0.0,0.0,0.0,0.0,0.0,0.0,0.0,0.0,0.0,0.6652,0.0,0.5418,0.0,0.4518,0.0,0.3797,0.0,0.3233,0.0,0.2783,0.0,0.2419,0.0,0.2122,0.0,0.1875,0.0,0.1669,0.0,0.1503,0.0,0.1367,0.0,0.1254,0.0,0.1158,0.0,0.1076,0.0,0.0,0.0,0.0,0.0,0.0,0.0,0.0,0.0,0.0,0.0,0.4868,0.0,0.4016,0.0,0.3356,0.0,0.2868,0.0,0.2467,0.0,0.2146,0.0,0.1884,0.0,0.1676,0.0,0.1509,0.0,0.1372,0.0,0.1258,0.0,0.1162,0.0,0.1079,0.0,0.1007,0.0,0.0945,0.0,0.0,0.0,0.0,0.0,0.0,0.0,0.0,0.0,0.0,0.0,0.0,0.0,0.0,0.0,0.0,0.0,0.0,0.0,0.0,0.0,0.0,0.0,0.0,0.0,0.0,0.0,0.0,0.0,0.0,0.0,0.0,0.0,0.0,0.0,0.0,0.0,0.0,0.0,0.0,0.0,0.0,0.0,0.0,0.0,0.0,0.0,0.0,0.0,0.0,0.0,0.0,0.0,0.0,0.0,0.0,0.0,0.0,0.0,0.0,0.0,0.0,0.0,0.0,0.0,0.0,0.0,0.0,0.0,0.0,0.0,0.0,0.0,0.0,0.0,0.0,0.0,0.0,0.0,0.0
lead_cont_r1,lead,lead_cont,lead_cont|v6|s5,6.0,1.0,0.0,1.0,0.0,1.0,0.0,1.0,0.0,1.0,0.0,1.0,0.0,1.0,0.0,1.0,0.0,1.0,0.0,1.0,0.0,1.0,0.0,1.0,0.0,0.9453,0.0,0.8285,0.0,0.7317,0.0,0.6507,0.0,0.5846,0.0,0.5307,0.0,0.4859,0.0,0.4481,0.0,1.0,0.0,1.0,0.0,1.0,0.0,1.0,0.0,1.0,0.0,1.0,0.0,1.0,0.0,1.0,0.6105,1.0,0.5144,1.0,0.4413,0.9313,0.3813,0.8129,0.3343,0.7157,0.2943,0.6376,0.2617,0.574,0.2356,0.522,0.2143,0.4786,0.1965,0.4419,0.1814,0.4104,0.1685,0.3831,0.1573,1.0,0.0,1.0,0.0,1.0,0.0,1.0,0.0,1.0,0.0,1.0,0.0,1.0,0.0,1.0,0.0,0.9845,0.0,0.8482,0.0,0.7393,0.0,0.6552,0.0,0.5882,0.0,0.5337,0.0,0.4884,0.0,0.4502,0.0,0.4176,0.0,0.3893,0.0,0.3647,0.0,0.343,0.0,1.0,0.0,1.0,0.0,1.0,0.0,1.0,0.0,1.0,0.0,1.0,0.0,1.0,0.0,0.9878,0.0,0.843,0.0,0.7351,0.0,0.6529,0.0,0.5864,0.0,0.5322,0.0,0.4872,0.0,0.4492,0.0,0.4167,0.0,0.3885,0.0,0.364,0.0,0.3423,0.0,0.3231,0.0,0.0,0.0,0.0,0.0,0.0,0.0,0.0,0.0,0.0,0.0,0.0,0.0,0.0,0.0,0.0,0.0,0.0,0.0,0.0,0.0,0.0,0.0,0.0,0.0,0.0,0.0,0.0,0.0,0.0,0.0,0.0,0.0,0.0,0.0,0.0,0.0,0.0,0.0,0.0,0.0,0.0,0.0,0.0,0.0,0.0,0.0,0.0,0.0,0.0,0.0,0.0,0.0,0.0,0.0,0.0,0.0,0.0,0.0,0.0,0.0,0.0,0.0,0.0,0.0,0.0,0.0,0.0,0.0,0.0,0.0,0.0,0.0,0.0,0.0,0.0,0.0,0.0,0.0,0.0,0.0,0.0,0.0,0.0,0.0,0.0,0.0,0.0,0.0,0.0,0.0,0.0,0.0,0.0,0.0,0.0,0.0,0.0,0.0,0.0,0.0,0.0,0.0,0.0,0.0,0.0,0.0,0.0,0.0,0.0,0.0,0.0,0.0,0.0,0.0,0.0,0.0,0.0,0.0,0.0,0.0,0.0,0.0,0.0,0.0,0.0,0.0,0.0,0.0,0.0,0.0,0.0,0.0,0.0,0.0,0.0,0.0,0.0,0.0,0.0,0.0,0.0,0.0,0.0,0.0,0.0,0.0,0.0,0.0,0.0,0.0,0.0,0.0,0.0,0.0,0.0,0.0,0.0,0.0,0.0,0.0
lead_cont_r10,lead,lead_cont,lead_cont|v9|s8,9.0,1.0,0.0,1.0,0.0,1.0,0.0,1.0,0.0,1.0,0.0,1.0,0.0,1.0,0.0,1.0,0.0,1.0,0.0,1.0,0.0,1.0,0.0,0.9754,0.0,0.8694,0.0,0.7851,0.0,0.7151,0.0,0.6565,0.0,0.6067,0.0,0.564,0.5861,0.5269,0.5581,0.4944,0.5237,1.0,0.0,1.0,0.0,1.0,0.0,1.0,0.0,1.0,0.0,1.0,0.0,1.0,0.0,1.0,0.0,1.0,0.0,1.0,0.0,0.9098,0.0,0.8164,0.0,0.7451,0.0,0.6824,0.0,0.6289,0.0,0.5831,0.0,0.5435,0.562,0.509,0.5398,0.4786,0.5075,0.4516,0.4789,1.0,0.0,1.0,0.0,1.0,0.0,1.0,0.0,1.0,0.0,1.0,0.0,1.0,0.0,1.0,0.0,1.0,0.0,0.887,0.0,0.799,0.0,0.73,0.0,0.6752,0.0,0.6234,0.0,0.5784,0.6127,0.5395,0.5714,0.5054,0.5354,0.4754,0.5036,0.4488,0.4754,0.425,0.4502,1.0,0.0,1.0,0.0,1.0,0.0,1.0,0.0,1.0,0.0,1.0,0.0,1.0,0.0,1.0,0.0,0.9543,0.0,0.8527,0.0,0.7707,0.0,0.703,0.0,0.6463,0.0,0.598,0.0,0.5565,0.0,0.5203,0.5512,0.4886,0.5182,0.4605,0.4884,0.4355,0.4618,0.413,0.438,0.0,0.0,0.0,0.0,0.0,0.0,0.0,0.0,0.0,0.0,0.0,0.525,0.0,0.4367,0.0,0.3674,0.0,0.3135,0.0,0.2708,0.0,0.2364,0.0,0.2081,0.0,0.1855,0.0,0.1673,0.0,0.1524,0.0,0.1399,0.0,0.1293,0.0,0.1202,0.0,0.1123,0.0,0.1054,0.0,0.0,0.0,0.0,0.0,0.0,0.0,0.0,0.0,0.0,0.0,0.0,0.0,0.0,0.0,0.0,0.0,0.0,0.0,0.0,0.0,0.0,0.0,0.0,0.0,0.0,0.0,0.0,0.0,0.0,0.0,0.0,0.0,0.0,0.0,0.0,0.0,0.0,0.0,0.0,0.0,0.0,0.0,0.0,0.0,0.0,0.0,0.0,0.0,0.0,0.0,0.0,0.0,0.0,0.0,0.0,0.0,0.0,0.0,0.0,0.0,0.0,0.0,0.0,0.0,0.0,0.0,0.0,0.0,0.0,0.0,0.0,0.0,0.0,0.0,0.0,0.0,0.0,0.0,0.0,0.0,0.0,0.0,0.0,0.0,0.0,0.0,0.0,0.0,0.0,0.0,0.0,0.0,0.0,0.0,0.0,0.0,0.0,0.0,0.0,0.0,0.0,0.0,0.0,0.0,0.0,0.0,0.0,0.0,0.0,0.0,0.0,0.0,0.0,0.0,0.0,0.0,0.0,0.0,0.0
lead_cont_r11,lead,lead_cont,lead_cont|v7|s6,7.0,1.0,0.0,1.0,0.0,1.0,0.0,1.0,0.0,1.0,0.0,1.0,0.0,1.0,0.0,1.0,0.0,1.0,0.0,1.0,0.0,1.0,0.0,1.0,0.0,0.9321,0.0,0.8237,0.0,0.733,0.0,0.6603,0.0,0.6016,0.0,0.5527,0.0,0.5104,0.0,0.4749,0.0,1.0,0.0,1.0,0.0,1.0,0.0,1.0,0.0,1.0,0.0,1.0,0.0,1.0,0.0,1.0,0.0,1.0,0.0,1.0,0.0,0.9428,0.0,0.8279,0.0,0.7374,0.0,0.665,0.0,0.6057,0.0,0.5554,0.0,0.5128,0.0,0.4763,0.0,0.4446,0.0,0.4169,0.0,1.0,0.0,1.0,0.0,1.0,0.0,1.0,0.0,1.0,0.0,1.0,0.0,1.0,0.0,1.0,0.0,1.0,0.0,0.8813,0.0,0.7786,0.0,0.6973,0.0,0.6313,0.0,0.5777,0.0,0.5317,0.0,0.4926,0.0,0.4588,0.0,0.4293,0.0,0.4034,0.0,0.3805,0.0,1.0,0.0,1.0,0.0,1.0,0.0,1.0,0.0,1.0,0.0,1.0,0.0,1.0,0.0,1.0,0.0,0.8942,0.5047,0.7883,0.445,0.7059,0.3989,0.6393,0.3607,0.5843,0.3301,0.5373,0.3036,0.4974,0.281,0.4629,0.2615,0.433,0.2446,0.4066,0.2297,0.3833,0.2166,0.3625,0.2048,0.0,0.0,0.0,0.0,0.0,0.0,0.0,0.0,0.0,0.0,0.0,0.6652,0.0,0.5418,0.0,0.4518,0.0,0.3797,0.0,0.3233,0.0,0.2783,0.0,0.2419,0.0,0.2122,0.0,0.1875,0.0,0.1669,0.0,0.1503,0.0,0.1367,0.0,0.1254,0.0,0.1158,0.0,0.1076,0.0,0.0,0.0,0.0,0.0,0.0,0.0,0.0,0.0,0.0,0.0,0.4868,0.0,0.4016,0.0,0.3356,0.0,0.2868,0.0,0.2467,0.0,0.2146,0.0,0.1884,0.0,0.1676,0.0,0.1509,0.0,0.1372,0.0,0.1258,0.0,0.1162,0.0,0.1079,0.0,0.1007,0.0,0.0945,0.0,0.0,0.0,0.0,0.0,0.0,0.0,0.0,0.0,0.0,0.0,0.0,0.0,0.0,0.0,0.0,0.0,0.0,0.0,0.0,0.0,0.0,0.0,0.0,0.0,0.0,0.0,0.0,0.0,0.0,0.0,0.0,0.0,0.0,0.0,0.0,0.0,0.0,0.0,0.0,0.0,0.0,0.0,0.0,0.0,0.0,0.0,0.0,0.0,0.0,0.0,0.0,0.0,0.0,0.0,0.0,0.0,0.0,0.0,0.0,0.0,0.0,0.0,0.0,0.0,0.0,0.0,0.0,0.0,0.0,0.0,0.0,0.0,0.0,0.0,0.0,0.0,0.0,0.0,0.0
lead_cont_r12,lead,lead_cont,lead_cont|v8|s7,8.0,1.0,0.0,1.0,0.0,1.0,0.0,1.0,0.0,1.0,0.0,1.0,0.0,1.0,0.0,1.0,0.0,1.0,0.0,1.0,0.0,1.0,0.0,1.0,0.0,1.0,0.0,0.9758,0.0,0.8801,0.0,0.8014,0.0,0.7357,0.0,0.6799,0.0,0.632,0.0,0.5904,0.0,1.0,0.0,1.0,0.0,1.0,0.0,1.0,0.0,1.0,0.0,1.0,0.0,1.0,0.0,1.0,0.0,1.0,0.0,1.0,0.0,1.0,0.0,1.0,0.0,0.8995,0.0,0.8173,0.0,0.7498,0.0,0.6919,0.0,0.643,0.0,0.6,0.0,0.5624,0.0,0.5292,0.0,1.0,0.0,1.0,0.0,1.0,0.0,1.0,0.0,1.0,0.0,1.0,0.0,1.0,0.0,1.0,0.0,1.0,0.0,1.0,0.0,0.9684,0.0,0.874,0.0,0.7964,0.0,0.7315,0.0,0.6763,0.0,0.6289,0.0,0.5877,0.0,0.5516,0.0,0.5196,0.0,0.4912,0.0,1.0,0.0,1.0,0.0,1.0,0.0,1.0,0.0,1.0,0.0,1.0,0.0,1.0,0.0,1.0,0.0,1.0,0.0,0.982,0.0,0.8835,0.0,0.8039,0.0,0.7443,0.0,0.6893,0.0,0.6421,0.0,0.5992,0.0,0.5617,0.0,0.5286,0.0,0.4992,0.0,0.4728,0.0,0.0,0.0,0.0,0.0,0.0,0.0,0.0,0.0,0.0,0.0,0.0,0.0,0.0,0.0,0.0,0.0,0.0,0.0,0.0,0.0,0.0,0.0,0.0,0.0,0.0,0.0,0.0,0.0,0.0,0.0,0.0,0.0,0.0,0.0,0.0,0.0,0.0,0.0,0.0,0.0,0.0,0.0,0.0,0.0,0.0,0.0,0.0,0.0,0.0,0.0,0.0,0.0,0.0,0.0,0.0,0.0,0.0,0.0,0.0,0.0,0.0,0.0,0.0,0.0,0.0,0.0,0.0,0.0,0.0,0.0,0.0,0.0,0.0,0.0,0.0,0.0,0.0,0.0,0.0,0.0,0.0,0.0,0.0,0.0,0.0,0.0,0.0,0.0,0.0,0.0,0.0,0.0,0.0,0.0,0.0,0.0,0.0,0.0,0.0,0.0,0.0,0.0,0.0,0.0,0.0,0.0,0.0,0.0,0.0,0.0,0.0,0.0,0.0,0.0,0.0,0.0,0.0,0.0,0.0,0.0,0.0,0.0,0.0,0.0,0.0,0.0,0.0,0.0,0.0,0.0,0.0,0.0,0.0,0.0,0.0,0.0,0.0,0.0,0.0,0.0,0.0,0.0,0.0,0.0,0.0,0.0,0.0,0.0,0.0,0.0,0.0,0.0,0.0,0.0,0.0,0.0,0.0,0.0,0.0,0.0
lead_cont_r2,lead,lead_cont,lead_cont|v6|s5,6.0,1.0,0.0,1.0,0.0,1.0,0.0,1.0,0.0,1.0,0.0,1.0,0.0,1.0,0.0,1.0,0.0,1.0,0.0,1.0,0.0,1.0,0.0,1.0,0.0,1.0,0.0,1.0,0.0,1.0,0.0,0.903,0.0,0.8113,0.0,0.7384,0.0,0.676,0.0,0.6234,0.0,1.0,0.0,1.0,0.0,1.0,0.0,1.0,0.0,1.0,0.0,1.0,0.0,1.0,0.0,1.0,0.6105,1.0,0.5144,1.0,0.4413,1.0,0.3813,1.0,0.3343,0.9962,0.2943,0.8859,0.2617,0.7976,0.2356,0.7271,0.2143,0.6667,0.1965,0.6155,0.1814,0.5716,0.1685,0.5336,0.1573,1.0,0.0,1.0,0.0,1.0,0.0,1.0,0.0,1.0,0.0,1.0,0.0,1.0,0.0,1.0,0.0,1.0,0.0,1.0,0.0,1.0,0.0,0.9057,0.0,0.8132,0.0,0.7416,0.0,0.6787,0.0,0.6264,0.0,0.581,0.0,0.5417,0.0,0.5074,0.0,0.4771,0.0,1.0,0.0,1.0,0.0,1.0,0.0,1.0,0.0,1.0,0.0,1.0,0.0,1.0,0.0,1.0,0.0,1.0,0.0,1.0,0.0,0.8866,0.0,0.8169,0.0,0.7414,0.0,0.6786,0.0,0.6257,0.0,0.5804,0.0,0.5412,0.0,0.507,0.0,0.4769,0.0,0.4501,0.0,0.0,0.0,0.0,0.0,0.0,0.0,0.0,0.0,0.0,0.0,0.0,0.0,0.0,0.0,0.0,0.0,0.0,0.0,0.0,0.0,0.0,0.0,0.0,0.0,0.0,0.0,0.0,0.0,0.0,0.0,0.0,0.0,0.0,0.0,0.0,0.0,0.0,0.0,0.0,0.0,0.0,0.0,0.0,0.0,0.0,0.0,0.0,0.0,0.0,0.0,0.0,0.0,0.0,0.0,0.0,0.0,0.0,0.0,0.0,0.0,0.0,0.0,0.0,0.0,0.0,0.0,0.0,0.0,0.0,0.0,0.0,0.0,0.0,0.0,0.0,0.0,0.0,0.0,0.0,0.0,0.0,0.0,0.0,0.0,0.0,0.0,0.0,0.0,0.0,0.0,0.0,0.0,0.0,0.0,0.0,0.0,0.0,0.0,0.0,0.0,0.0,0.0,0.0,0.0,0.0,0.0,0.0,0.0,0.0,0.0,0.0,0.0,0.0,0.0,0.0,0.0,0.0,0.0,0.0,0.0,0.0,0.0,0.0,0.0,0.0,0.0,0.0,0.0,0.0,0.0,0.0,0.0,0.0,0.0,0.0,0.0,0.0,0.0,0.0,0.0,0.0,0.0,0.0,0.0,0.0,0.0,0.0,0.0,0.0,0.0,0.0,0.0,0.0,0.0,0.0,0.0,0.0,0.0,0.0,0.0
lead_cont_r3,lead,lead_cont,lead_cont|v7|s5,7.0,1.0,0.0,1.0,0.0,1.0,0.0,1.0,0.0,1.0,0.0,1.0,0.0,1.0,0.0,1.0,0.0,1.0,0.0,1.0,0.0,1.0,0.0,1.0,0.0,0.9547,0.0,0.8438,0.0,0.7508,0.0,0.6784,0.0,0.6171,0.0,0.5661,0.0,0.5228,0.0,0.4857,0.0,1.0,0.0,1.0,0.0,1.0,0.0,1.0,0.0,1.0,0.0,1.0,0.0,1.0,0.0,1.0,0.0,1.0,0.0,1.0,0.0,0.97,0.0,0.8518,0.0,0.7575,0.0,0.6821,0.0,0.6203,0.0,0.5688,0.0,0.5252,0.0,0.4878,0.0,0.4553,0.0,0.427,0.0,1.0,0.0,1.0,0.0,1.0,0.0,1.0,0.0,1.0,0.0,1.0,0.0,1.0,0.0,1.0,0.0,1.0,0.0,0.9027,0.0,0.7974,0.0,0.7141,0.0,0.6466,0.0,0.5908,0.0,0.5446,0.0,0.5045,0.0,0.4699,0.0,0.4397,0.0,0.4132,0.0,0.3897,0.0,1.0,0.0,1.0,0.0,1.0,0.0,1.0,0.0,1.0,0.0,1.0,0.0,1.0,0.0,1.0,0.0,0.8942,0.5047,0.8098,0.445,0.7251,0.3989,0.6557,0.3607,0.5984,0.3301,0.5503,0.3036,0.5094,0.281,0.4741,0.2615,0.4434,0.2446,0.4165,0.2297,0.3926,0.2166,0.3713,0.2048,0.0,0.0,0.0,0.0,0.0,0.0,0.0,0.0,0.0,0.0,0.0,0.6652,0.0,0.5418,0.0,0.4518,0.0,0.3797,0.0,0.3233,0.0,0.2783,0.0,0.2419,0.0,0.2122,0.0,0.1875,0.0,0.1669,0.0,0.1503,0.0,0.1367,0.0,0.1254,0.0,0.1158,0.0,0.1076,0.0,0.0,0.0,0.0,0.0,0.0,0.0,0.0,0.0,0.0,0.0,0.4868,0.0,0.4016,0.0,0.3356,0.0,0.2868,0.0,0.2467,0.0,0.2146,0.0,0.1884,0.0,0.1676,0.0,0.1509,0.0,0.1372,0.0,0.1258,0.0,0.1162,0.0,0.1079,0.0,0.1007,0.0,0.0945,0.0,0.0,0.0,0.0,0.0,0.0,0.0,0.0,0.0,0.0,0.0,0.0,0.0,0.0,0.0,0.0,0.0,0.0,0.0,0.0,0.0,0.0,0.0,0.0,0.0,0.0,0.0,0.0,0.0,0.0,0.0,0.0,0.0,0.0,0.0,0.0,0.0,0.0,0.0,0.0,0.0,0.0,0.0,0.0,0.0,0.0,0.0,0.0,0.0,0.0,0.0,0.0,0.0,0.0,0.0,0.0,0.0,0.0,0.0,0.0,0.0,0.0,0.0,0.0,0.0,0.0,0.0,0.0,0.0,0.0,0.0,0.0,0.0,0.0,0.0,0.0,0.0,0.0,0.0,0.0
lead_cont_r4,lead,lead_cont,lead_cont|v7|s6,7.0,1.0,0.0,1.0,0.0,1.0,0.0,1.0,0.0,1.0,0.0,1.0,0.0,1.0,0.0,1.0,0.0,1.0,0.0,1.0,0.0,1.0,0.0,1.0,0.0,1.0,0.0,1.0,0.0,0.8932,0.0,0.8046,0.0,0.732,0.0,0.6739,0.0,0.6224,0.0,0.5782,0.5897,1.0,0.0,1.0,0.0,1.0,0.0,1.0,0.0,1.0,0.0,1.0,0.0,1.0,0.0,1.0,0.0,1.0,0.0,1.0,0.0,1.0,0.0,1.0,0.0,0.8983,0.0,0.8089,0.0,0.7356,0.0,0.6753,0.0,0.6243,0.0,0.5799,0.5906,0.5413,0.5514,0.5076,0.5176,1.0,0.0,1.0,0.0,1.0,0.0,1.0,0.0,1.0,0.0,1.0,0.0,1.0,0.0,1.0,0.0,1.0,0.0,1.0,0.0,0.9081,0.0,0.8502,0.0,0.7698,0.0,0.7033,0.0,0.6474,0.0,0.5997,0.0,0.5586,0.0,0.5227,0.5324,0.4912,0.5009,0.4632,0.4724,1.0,0.0,1.0,0.0,1.0,0.0,1.0,0.0,1.0,0.0,1.0,0.0,1.0,0.0,1.0,0.0,1.0,0.5047,0.9641,0.445,0.862,0.3989,0.7795,0.3607,0.7114,0.3301,0.6542,0.3036,0.6056,0.281,0.5636,0.2615,0.5271,0.5363,0.4951,0.5043,0.4667,0.476,0.4414,0.4502,0.0,0.0,0.0,0.0,0.0,0.0,0.0,0.0,0.0,0.0,0.0,0.6652,0.0,0.5418,0.0,0.4518,0.0,0.3797,0.0,0.3233,0.0,0.2783,0.0,0.2419,0.0,0.2122,0.0,0.1875,0.0,0.1669,0.0,0.1503,0.0,0.1367,0.0,0.1254,0.0,0.1158,0.0,0.1076,0.0,0.0,0.0,0.0,0.0,0.0,0.0,0.0,0.0,0.0,0.0,0.4868,0.0,0.4016,0.0,0.3356,0.0,0.2868,0.0,0.2467,0.0,0.2146,0.0,0.1884,0.0,0.1676,0.0,0.1509,0.0,0.1372,0.0,0.1258,0.0,0.1162,0.0,0.1079,0.0,0.1007,0.0,0.0945,0.0,0.0,0.0,0.0,0.0,0.0,0.0,0.0,0.0,0.0,0.0,0.0,0.0,0.0,0.0,0.0,0.0,0.0,0.0,0.0,0.0,0.0,0.0,0.0,0.0,0.0,0.0,0.0,0.0,0.0,0.0,0.0,0.0,0.0,0.0,0.0,0.0,0.0,0.0,0.0,0.0,0.0,0.0,0.0,0.0,0.0,0.0,0.0,0.0,0.0,0.0,0.0,0.0,0.0,0.0,0.0,0.0,0.0,0.0,0.0,0.0,0.0,0.0,0.0,0.0,0.0,0.0,0.0,0.0,0.0,0.0,0.0,0.0,0.0,0.0,0.0,0.0,0.0,0.0,0.0
lead_cont_r5,lead,lead_cont,lead_cont|v8|s6,8.0,1.0,0.0,1.0,0.0,1.0,0.0,1.0,0.0,1.0,0.0,1.0,0.0,1.0,0.0,1.0,0.0,1.0,0.0,1.0,0.0,1.0,0.0,0.9902,0.0,0.8779,0.0,0.7824,0.0,0.7056,0.0,0.6426,0.0,0.5899,0.0,0.5452,0.0,0.5068,0.5181,0.4734,0.484,1.0,0.0,1.0,0.0,1.0,0.0,1.0,0.0,1.0,0.0,1.0,0.0,1.0,0.0,1.0,0.0,1.0,0.0,1.0,0.0,0.9047,0.0,0.8036,0.0,0.7228,0.0,0.6568,0.0,0.6019,0.0,0.5554,0.0,0.5156,0.5272,0.4811,0.4919,0.4509,0.4611,0.4243,0.4338,1.0,0.0,1.0,0.0,1.0,0.0,1.0,0.0,1.0,0.0,1.0,0.0,1.0,0.0,1.0,0.0,0.9903,0.0,0.8704,0.0,0.7764,0.0,0.7008,0.0,0.6386,0.0,0.5865,0.0,0.5423,0.5529,0.5042,0.5156,0.4712,0.4818,0.4422,0.4522,0.4166,0.426,0.3938,0.4027,1.0,0.0,1.0,0.0,1.0,0.0,1.0,0.0,1.0,0.0,1.0,0.0,1.0,0.0,1.0,0.0,0.8745,0.0,0.7984,0.0,0.7204,0.0,0.6556,0.0,0.6008,0.0,0.5545,0.0,0.5148,0.5264,0.4804,0.4912,0.4503,0.4605,0.4238,0.4333,0.4002,0.4092,0.3791,0.3876,0.0,0.0,0.0,0.0,0.0,0.0,0.0,0.0,0.0,0.0,0.0,0.0,0.0,0.0,0.0,0.0,0.0,0.0,0.0,0.0,0.0,0.0,0.0,0.0,0.0,0.0,0.0,0.0,0.0,0.0,0.0,0.0,0.0,0.0,0.0,0.0,0.0,0.0,0.0,0.0,0.0,0.0,0.0,0.0,0.0,0.0,0.0,0.0,0.0,0.0,0.0,0.0,0.0,0.0,0.0,0.0,0.0,0.0,0.0,0.0,0.0,0.0,0.0,0.0,0.0,0.0,0.0,0.0,0.0,0.0,0.0,0.0,0.0,0.0,0.0,0.0,0.0,0.0,0.0,0.0,0.0,0.0,0.0,0.0,0.0,0.0,0.0,0.0,0.0,0.0,0.0,0.0,0.0,0.0,0.0,0.0,0.0,0.0,0.0,0.0,0.0,0.0,0.0,0.0,0.0,0.0,0.0,0.0,0.0,0.0,0.0,0.0,0.0,0.0,0.0,0.0,0.0,0.0,0.0,0.0,0.0,0.0,0.0,0.0,0.0,0.0,0.0,0.0,0.0,0.0,0.0,0.0,0.0,0.0,0.0,0.0,0.0,0.0,0.0,0.0,0.0,0.0,0.0,0.0,0.0,0.0,0.0,0.0,0.0,0.0,0.0,0.0,0.0,0.0,0.0,0.0,0.0,0.0,0.0,0.0
lead_cont_r6,lead,lead_cont,lead_cont|v8|s7,8.0,1.0,0.0,1.0,0.0,1.0,0.0,1.0,0.0,1.0,0.0,1.0,0.0,1.0,0.0,1.0,0.0,1.0,0.0,1.0,0.0,1.0,0.0,1.0,0.0,1.0,0.0,1.0,0.0,0.9227,0.0,0.8403,0.0,0.7755,0.0,0.7167,0.0,0.6662,0.0,0.6223,0.0,1.0,0.0,1.0,0.0,1.0,0.0,1.0,0.0,1.0,0.0,1.0,0.0,1.0,0.0,1.0,0.0,1.0,0.0,1.0,0.0,1.0,0.0,1.0,0.0,0.8995,0.0,0.857,0.0,0.7895,0.0,0.7285,0.0,0.677,0.0,0.6324,0.0,0.5928,0.0,0.5578,0.5667,1.0,0.0,1.0,0.0,1.0,0.0,1.0,0.0,1.0,0.0,1.0,0.0,1.0,0.0,1.0,0.0,1.0,0.0,1.0,0.0,1.0,0.0,0.9026,0.0,0.8395,0.0,0.771,0.0,0.7129,0.0,0.6629,0.6721,0.6195,0.63,0.5814,0.5913,0.5477,0.5571,0.5177,0.5265,1.0,0.0,1.0,0.0,1.0,0.0,1.0,0.0,1.0,0.0,1.0,0.0,1.0,0.0,1.0,0.0,1.0,0.0,1.0,0.0,0.8997,0.0,0.8177,0.0,0.789,0.0,0.729,0.0,0.6768,0.0,0.6316,0.0,0.592,0.6009,0.5571,0.5661,0.5261,0.5346,0.4984,0.5064,0.0,0.0,0.0,0.0,0.0,0.0,0.0,0.0,0.0,0.0,0.0,0.0,0.0,0.0,0.0,0.0,0.0,0.0,0.0,0.0,0.0,0.0,0.0,0.0,0.0,0.0,0.0,0.0,0.0,0.0,0.0,0.0,0.0,0.0,0.0,0.0,0.0,0.0,0.0,0.0,0.0,0.0,0.0,0.0,0.0,0.0,0.0,0.0,0.0,0.0,0.0,0.0,0.0,0.0,0.0,0.0,0.0,0.0,0.0,0.0,0.0,0.0,0.0,0.0,0.0,0.0,0.0,0.0,0.0,0.0,0.0,0.0,0.0,0.0,0.0,0.0,0.0,0.0,0.0,0.0,0.0,0.0,0.0,0.0,0.0,0.0,0.0,0.0,0.0,0.0,0.0,0.0,0.0,0.0,0.0,0.0,0.0,0.0,0.0,0.0,0.0,0.0,0.0,0.0,0.0,0.0,0.0,0.0,0.0,0.0,0.0,0.0,0.0,0.0,0.0,0.0,0.0,0.0,0.0,0.0,0.0,0.0,0.0,0.0,0.0,0.0,0.0,0.0,0.0,0.0,0.0,0.0,0.0,0.0,0.0,0.0,0.0,0.0,0.0,0.0,0.0,0.0,0.0,0.0,0.0,0.0,0.0,0.0,0.0,0.0,0.0,0.0,0.0,0.0,0.0,0.0,0.0,0.0,0.0,0.0
lead_cont_r7,lead,lead_cont,lead_cont|v8|s7,8.0,1.0,0.0,1.0,0.0,1.0,0.0,1.0,0.0,1.0,0.0,1.0,0.0,1.0,0.0,1.0,0.0,1.0,0.0,1.0,0.0,1.0,0.0,1.0,0.0,1.0,0.0,0.9758,0.0,0.8801,0.0,0.8014,0.0,0.7357,0.0,0.6799,0.0,0.632,0.0,0.5904,0.0,1.0,0.0,1.0,0.0,1.0,0.0,1.0,0.0,1.0,0.0,1.0,0.0,1.0,0.0,1.0,0.0,1.0,0.0,1.0,0.0,1.0,0.0,1.0,0.0,0.8995,0.0,0.8173,0.0,0.7498,0.0,0.6919,0.0,0.643,0.0,0.6,0.0,0.5624,0.0,0.5292,0.0,1.0,0.0,1.0,0.0,1.0,0.0,1.0,0.0,1.0,0.0,1.0,0.0,1.0,0.0,1.0,0.0,1.0,0.0,1.0,0.0,0.9684,0.0,0.874,0.0,0.7964,0.0,0.7315,0.0,0.6763,0.0,0.6289,0.0,0.5877,0.0,0.5516,0.0,0.5196,0.0,0.4912,0.0,1.0,0.0,1.0,0.0,1.0,0.0,1.0,0.0,1.0,0.0,1.0,0.0,1.0,0.0,1.0,0.0,1.0,0.0,1.0,0.0,0.8997,0.0,0.8177,0.0,0.7494,0.0,0.6916,0.0,0.6421,0.0,0.5992,0.0,0.5617,0.0,0.5286,0.0,0.4992,0.0,0.4728,0.0,0.0,0.0,0.0,0.0,0.0,0.0,0.0,0.0,0.0,0.0,0.0,0.0,0.0,0.0,0.0,0.0,0.0,0.0,0.0,0.0,0.0,0.0,0.0,0.0,0.0,0.0,0.0,0.0,0.0,0.0,0.0,0.0,0.0,0.0,0.0,0.0,0.0,0.0,0.0,0.0,0.0,0.0,0.0,0.0,0.0,0.0,0.0,0.0,0.0,0.0,0.0,0.0,0.0,0.0,0.0,0.0,0.0,0.0,0.0,0.0,0.0,0.0,0.0,0.0,0.0,0.0,0.0,0.0,0.0,0.0,0.0,0.0,0.0,0.0,0.0,0.0,0.0,0.0,0.0,0.0,0.0,0.0,0.0,0.0,0.0,0.0,0.0,0.0,0.0,0.0,0.0,0.0,0.0,0.0,0.0,0.0,0.0,0.0,0.0,0.0,0.0,0.0,0.0,0.0,0.0,0.0,0.0,0.0,0.0,0.0,0.0,0.0,0.0,0.0,0.0,0.0,0.0,0.0,0.0,0.0,0.0,0.0,0.0,0.0,0.0,0.0,0.0,0.0,0.0,0.0,0.0,0.0,0.0,0.0,0.0,0.0,0.0,0.0,0.0,0.0,0.0,0.0,0.0,0.0,0.0,0.0,0.0,0.0,0.0,0.0,0.0,0.0,0.0,0.0,0.0,0.0,0.0,0.0,0.0,0.0
lead_cont_r8,lead,lead_cont,lead_cont|v9|s7,9.0,1.0,0.0,1.0,0.0,1.0,0.0,1.0,0.0,1.0,0.0,1.0,0.0,1.0,0.0,1.0,0.0,1.0,0.0,1.0,0.0,1.0,0.0,0.9754,0.0,0.8694,0.0,0.7851,0.0,0.7151,0.0,0.6565,0.0,0.6067,0.0,0.564,0.5861,0.5269,0.5581,0.4944,0.5237,1.0,0.0,1.0,0.0,1.0,0.0,1.0,0.0,1.0,0.0,1.0,0.0,1.0,0.0,1.0,0.0,1.0,0.0,1.0,0.0,0.9098,0.0,0.8164,0.0,0.7451,0.0,0.6824,0.0,0.6289,0.0,0.5831,0.0,0.5435,0.562,0.509,0.5398,0.4786,0.5075,0.4516,0.4789,1.0,0.0,1.0,0.0,1.0,0.0,1.0,0.0,1.0,0.0,1.0,0.0,1.0,0.0,1.0,0.0,1.0,0.0,0.887,0.0,0.799,0.0,0.73,0.0,0.6752,0.0,0.6234,0.0,0.5784,0.6127,0.5395,0.5714,0.5054,0.5354,0.4754,0.5036,0.4488,0.4754,0.425,0.4502,1.0,0.0,1.0,0.0,1.0,0.0,1.0,0.0,1.0,0.0,1.0,0.0,1.0,0.0,1.0,0.0,0.8809,0.0,0.7871,0.0,0.7532,0.0,0.6871,0.0,0.6455,0.0,0.5973,0.0,0.5558,0.0,0.5203,0.5512,0.4886,0.5182,0.4605,0.4884,0.4355,0.4618,0.413,0.438,0.0,0.0,0.0,0.0,0.0,0.0,0.0,0.0,0.0,0.0,0.0,0.525,0.0,0.4367,0.0,0.3674,0.0,0.3135,0.0,0.2708,0.0,0.2364,0.0,0.2081,0.0,0.1855,0.0,0.1673,0.0,0.1524,0.0,0.1399,0.0,0.1293,0.0,0.1202,0.0,0.1123,0.0,0.1054,0.0,0.0,0.0,0.0,0.0,0.0,0.0,0.0,0.0,0.0,0.0,0.0,0.0,0.0,0.0,0.0,0.0,0.0,0.0,0.0,0.0,0.0,0.0,0.0,0.0,0.0,0.0,0.0,0.0,0.0,0.0,0.0,0.0,0.0,0.0,0.0,0.0,0.0,0.0,0.0,0.0,0.0,0.0,0.0,0.0,0.0,0.0,0.0,0.0,0.0,0.0,0.0,0.0,0.0,0.0,0.0,0.0,0.0,0.0,0.0,0.0,0.0,0.0,0.0,0.0,0.0,0.0,0.0,0.0,0.0,0.0,0.0,0.0,0.0,0.0,0.0,0.0,0.0,0.0,0.0,0.0,0.0,0.0,0.0,0.0,0.0,0.0,0.0,0.0,0.0,0.0,0.0,0.0,0.0,0.0,0.0,0.0,0.0,0.0,0.0,0.0,0.0,0.0,0.0,0.0,0.0,0.0,0.0,0.0,0.0,0.0,0.0,0.0,0.0,0.0,0.0,0.0,0.0,0.0,0.0
lead_cont_r9,lead,lead_cont,lead_cont|v9|s8,9.0,1.0,0.0,1.0,0.0,1.0,0.0,1.0,0.0,1.0,0.0,1.0,0.0,1.0,0.0,1.0,0.0,1.0,0.0,1.0,0.0,1.0,0.0,1.0,0.0,0.9078,0.0,0.8188,0.0,0.7574,0.0,0.6954,0.0,0.6427,0.0,0.5982,0.0,0.5588,0.0,0.5243,0.0,1.0,0.0,1.0,0.0,1.0,0.0,1.0,0.0,1.0,0.0,1.0,0.0,1.0,0.0,1.0,0.0,1.0,0.0,1.0,0.0,0.9723,0.0,0.8724,0.0,0.7912,0.0,0.7238,0.0,0.6669,0.0,0.6184,0.0,0.5764,0.0,0.5398,0.0,0.5075,0.0,0.4789,0.0,1.0,0.0,1.0,0.0,1.0,0.0,1.0,0.0,1.0,0.0,1.0,0.0,1.0,0.0,1.0,0.0,1.0,0.0,0.9566,0.0,0.8595,0.0,0.7831,0.0,0.717,0.0,0.6612,0.0,0.6134,0.0,0.5721,0.0,0.536,0.0,0.5042,0.0,0.4759,0.0,0.4507,0.0,1.0,0.0,1.0,0.0,1.0,0.0,1.0,0.0,1.0,0.0,1.0,0.0,1.0,0.0,1.0,0.0,0.9928,0.0,0.8871,0.0,0.8017,0.0,0.7402,0.0,0.6805,0.0,0.6342,0.0,0.5902,0.0,0.5518,0.5518,0.5182,0.5182,0.4884,0.4884,0.4618,0.4618,0.438,0.438,0.0,0.0,0.0,0.0,0.0,0.0,0.0,0.0,0.0,0.0,0.0,0.525,0.0,0.4367,0.0,0.3674,0.0,0.3135,0.0,0.2708,0.0,0.2364,0.0,0.2081,0.0,0.1855,0.0,0.1673,0.0,0.1524,0.0,0.1399,0.0,0.1293,0.0,0.1202,0.0,0.1123,0.0,0.1054,0.0,0.0,0.0,0.0,0.0,0.0,0.0,0.0,0.0,0.0,0.0,0.0,0.0,0.0,0.0,0.0,0.0,0.0,0.0,0.0,0.0,0.0,0.0,0.0,0.0,0.0,0.0,0.0,0.0,0.0,0.0,0.0,0.0,0.0,0.0,0.0,0.0,0.0,0.0,0.0,0.0,0.0,0.0,0.0,0.0,0.0,0.0,0.0,0.0,0.0,0.0,0.0,0.0,0.0,0.0,0.0,0.0,0.0,0.0,0.0,0.0,0.0,0.0,0.0,0.0,0.0,0.0,0.0,0.0,0.0,0.0,0.0,0.0,0.0,0.0,0.0,0.0,0.0,0.0,0.0,0.0,0.0,0.0,0.0,0.0,0.0,0.0,0.0,0.0,0.0,0.0,0.0,0.0,0.0,0.0,0.0,0.0,0.0,0.0,0.0,0.0,0.0,0.0,0.0,0.0,0.0,0.0,0.0,0.0,0.0,0.0,0.0,0.0,0.0,0.0,0.0,0.0,0.0,0.0,0.0
lead_nec_r1,lead,lead_nec,lead_nec|v6|s5,6.0,1.0,0.0,1.0,0.0,1.0,0.0,1.0,0.0,1.0,0.0,1.0,0.0,1.0,0.0,1.0,1.0,1.0,1.0,1.0,1.0,1.0,1.0,1.0,1.0,0.9453,1.0,0.8285,1.0,0.7317,1.0,0.6507,1.0,0.5846,1.0,0.5307,1.0,0.4859,1.0,0.4481,1.0,1.0,0.0,1.0,0.0,1.0,0.0,1.0,0.0,1.0,0.0,1.0,0.0,1.0,0.0,1.0,1.0,1.0,1.0,1.0,1.0,0.9313,1.0,0.8129,1.0,0.7157,1.0,0.6376,1.0,0.574,1.0,0.522,1.0,0.4786,1.0,0.4419,1.0,0.4104,1.0,0.3831,1.0,1.0,0.0,1.0,0.0,1.0,0.0,1.0,0.0,1.0,0.0,1.0,0.0,1.0,0.0,1.0,1.0,0.9845,1.0,0.8482,1.0,0.7393,1.0,0.6552,1.0,0.5882,1.0,0.5337,1.0,0.4884,1.0,0.4502,1.0,0.4176,1.0,0.3893,1.0,0.3647,1.0,0.343,1.0,1.0,0.0,1.0,0.0,1.0,0.0,1.0,0.0,1.0,0.0,1.0,0.0,1.0,0.0,0.9878,1.0,0.843,1.0,0.7351,1.0,0.6529,1.0,0.5864,1.0,0.5322,1.0,0.4872,1.0,0.4492,1.0,0.4167,1.0,0.3885,1.0,0.364,1.0,0.3423,1.0,0.3231,1.0,0.0,0.0,0.0,0.0,0.0,0.0,0.0,0.0,0.0,0.0,0.0,1.0,0.0,1.0,0.0,1.0,0.0,1.0,0.0,1.0,0.0,1.0,0.0,1.0,0.0,1.0,0.0,1.0,0.0,1.0,0.0,1.0,0.0,1.0,0.0,1.0,0.0,1.0,0.0,1.0,0.0,0.0,0.0,0.0,0.0,0.0,0.0,0.0,0.0,0.0,0.0,1.0,0.0,1.0,0.0,1.0,0.0,1.0,0.0,1.0,0.0,1.0,0.0,1.0,0.0,1.0,0.0,1.0,0.0,1.0,0.0,1.0,0.0,1.0,0.0,1.0,0.0,1.0,0.0,1.0,0.0,0.0,0.0,0.0,0.0,0.0,0.0,0.0,0.0,0.0,0.0,1.0,0.0,1.0,0.0,1.0,0.0,1.0,0.0,1.0,0.0,1.0,0.0,1.0,0.0,1.0,0.0,1.0,0.0,1.0,0.0,1.0,0.0,1.0,0.0,1.0,0.0,1.0,0.0,1.0,0.0,0.0,0.0,0.0,0.0,0.0,0.0,0.0,0.0,0.0,0.0,1.0,0.0,1.0,0.0,1.0,0.0,1.0,0.0,1.0,0.0,1.0,0.0,1.0,0.0,1.0,0.0,1.0,0.0,1.0,0.0,1.0,0.0,1.0,0.0,1.0,0.0,1.0,0.0,1.0
lead_nec_r10,lead,lead_nec,lead_nec|v9|s8,9.0,1.0,0.0,1.0,0.0,1.0,0.0,1.0,0.0,1.0,0.0,1.0,0.0,1.0,0.0,1.0,1.0,1.0,1.0,1.0,1.0,1.0,1.0,0.9754,1.0,0.8694,1.0,0.7851,1.0,0.716,1.0,0.6573,1.0,0.6075,1.0,0.5647,1.0,0.5276,1.0,0.495,1.0,1.0,0.0,1.0,0.0,1.0,0.0,1.0,0.0,1.0,0.0,1.0,0.0,1.0,0.0,1.0,1.0,1.0,1.0,1.0,1.0,0.9098,1.0,0.8164,1.0,0.7451,1.0,0.6824,1.0,0.6289,1.0,0.5838,1.0,0.5442,1.0,0.5096,1.0,0.4792,1.0,0.4522,1.0,1.0,0.0,1.0,0.0,1.0,0.0,1.0,0.0,1.0,0.0,1.0,0.0,1.0,0.0,1.0,1.0,1.0,1.0,0.887,1.0,0.799,1.0,0.73,1.0,0.6752,1.0,0.6234,1.0,0.5791,1.0,0.5401,1.0,0.5061,1.0,0.476,1.0,0.4493,1.0,0.4255,1.0,1.0,0.0,1.0,0.0,1.0,0.0,1.0,0.0,1.0,0.0,1.0,0.0,1.0,0.0,1.0,1.0,0.9543,1.0,0.8527,1.0,0.7707,1.0,0.703,1.0,0.6463,1.0,0.598,1.0,0.5572,1.0,0.521,1.0,0.4892,1.0,0.4611,1.0,0.436,1.0,0.4135,1.0,0.0,0.0,0.0,0.0,0.0,0.0,0.0,0.0,0.0,0.0,0.0,1.0,0.0,1.0,0.0,1.0,0.0,1.0,0.0,1.0,0.0,1.0,0.0,1.0,0.0,1.0,0.0,1.0,0.0,1.0,0.0,1.0,0.0,1.0,0.0,1.0,0.0,1.0,0.0,1.0,0.0,0.0,0.0,0.0,0.0,0.0,0.0,0.0,0.0,0.0,0.0,1.0,0.0,1.0,0.0,1.0,0.0,1.0,0.0,1.0,0.0,1.0,0.0,1.0,0.0,1.0,0.0,1.0,0.0,1.0,0.0,1.0,0.0,1.0,0.0,1.0,0.0,1.0,0.0,1.0,0.0,0.0,0.0,0.0,0.0,0.0,0.0,0.0,0.0,0.0,0.0,1.0,0.0,1.0,0.0,1.0,0.0,1.0,0.0,1.0,0.0,1.0,0.0,1.0,0.0,1.0,0.0,1.0,0.0,1.0,0.0,1.0,0.0,1.0,0.0,1.0,0.0,1.0,0.0,1.0,0.0,0.0,0.0,0.0,0.0,0.0,0.0,0.0,0.0,0.0,0.0,1.0,0.0,1.0,0.0,1.0,0.0,1.0,0.0,1.0,0.0,1.0,0.0,1.0,0.0,1.0,0.0,1.0,0.0,1.0,0.0,1.0,0.0,1.0,0.0,1.0,0.0,1.0,0.0,1.0
lead_nec_r11,lead,lead_nec,lead_nec|v7|s6,7.0,1.0,0.0,1.0,0.0,1.0,0.0,1.0,0.0,1.0,0.0,1.0,0.0,1.0,0.0,1.0,1.0,1.0,1.0,1.0,1.0,1.0,1.0,1.0,1.0,0.9321,1.0,0.8237,1.0,0.733,1.0,0.6603,1.0,0.6016,1.0,0.5527,1.0,0.5104,1.0,0.4749,1.0,1.0,0.0,1.0,0.0,1.0,0.0,1.0,0.0,1.0,0.0,1.0,0.0,1.0,0.0,1.0,1.0,1.0,1.0,1.0,1.0,0.9428,1.0,0.8279,1.0,0.7374,1.0,0.665,1.0,0.6057,1.0,0.5554,1.0,0.5128,1.0,0.4763,1.0,0.4446,1.0,0.4169,1.0,1.0,0.0,1.0,0.0,1.0,0.0,1.0,0.0,1.0,0.0,1.0,0.0,1.0,0.0,1.0,1.0,1.0,1.0,0.8813,1.0,0.7786,1.0,0.6973,1.0,0.6313,1.0,0.5777,1.0,0.5317,1.0,0.4926,1.0,0.4588,1.0,0.4293,1.0,0.4034,1.0,0.3805,1.0,1.0,0.0,1.0,0.0,1.0,0.0,1.0,0.0,1.0,0.0,1.0,0.0,1.0,0.0,1.0,1.0,0.8942,1.0,0.7883,1.0,0.7059,1.0,0.6393,1.0,0.5843,1.0,0.5373,1.0,0.4974,1.0,0.4629,1.0,0.433,1.0,0.4066,1.0,0.3833,1.0,0.3625,1.0,0.0,0.0,0.0,0.0,0.0,0.0,0.0,0.0,0.0,0.0,0.0,1.0,0.0,1.0,0.0,1.0,0.0,1.0,0.0,1.0,0.0,1.0,0.0,1.0,0.0,1.0,0.0,1.0,0.0,1.0,0.0,1.0,0.0,1.0,0.0,1.0,0.0,1.0,0.0,1.0,0.0,0.0,0.0,0.0,0.0,0.0,0.0,0.0,0.0,0.0,0.0,1.0,0.0,1.0,0.0,1.0,0.0,1.0,0.0,1.0,0.0,1.0,0.0,1.0,0.0,1.0,0.0,1.0,0.0,1.0,0.0,1.0,0.0,1.0,0.0,1.0,0.0,1.0,0.0,1.0,0.0,0.0,0.0,0.0,0.0,0.0,0.0,0.0,0.0,0.0,0.0,1.0,0.0,1.0,0.0,1.0,0.0,1.0,0.0,1.0,0.0,1.0,0.0,1.0,0.0,1.0,0.0,1.0,0.0,1.0,0.0,1.0,0.0,1.0,0.0,1.0,0.0,1.0,0.0,1.0,0.0,0.0,0.0,0.0,0.0,0.0,0.0,0.0,0.0,0.0,0.0,1.0,0.0,1.0,0.0,1.0,0.0,1.0,0.0,1.0,0.0,1.0,0.0,1.0,0.0,1.0,0.0,1.0,0.0,1.0,0.0,1.0,0.0,1.0,0.0,1.0,0.0,1.0,0.0,1.0
lead_nec_r12,lead,lead_nec,lead_nec|v8|s7,8.0,1.0,0.0,1.0,0.0,1.0,0.0,1.0,0.0,1.0,0.0,1.0,0.0,1.0,0.0,1.0,1.0,1.0,1.0,1.0,1.0,1.0,1.0,1.0,1.0,1.0,1.0,0.9758,1.0,0.8801,1.0,0.8014,1.0,0.7357,1.0,0.6799,1.0,0.632,1.0,0.5904,1.0,1.0,0.0,1.0,0.0,1.0,0.0,1.0,0.0,1.0,0.0,1.0,0.0,1.0,0.0,1.0,1.0,1.0,1.0,1.0,1.0,1.0,1.0,1.0,1.0,0.8995,1.0,0.8173,1.0,0.7498,1.0,0.6919,1.0,0.643,1.0,0.6,1.0,0.5624,1.0,0.5292,1.0,1.0,0.0,1.0,0.0,1.0,0.0,1.0,0.0,1.0,0.0,1.0,0.0,1.0,0.0,1.0,1.0,1.0,1.0,1.0,1.0,0.9684,1.0,0.874,1.0,0.7964,1.0,0.7315,1.0,0.6763,1.0,0.6289,1.0,0.5877,1.0,0.5516,1.0,0.5196,1.0,0.4912,1.0,1.0,0.0,1.0,0.0,1.0,0.0,1.0,0.0,1.0,0.0,1.0,0.0,1.0,0.0,1.0,1.0,1.0,1.0,0.982,1.0,0.8835,1.0,0.8039,1.0,0.7443,1.0,0.6893,1.0,0.6421,1.0,0.5992,1.0,0.5617,1.0,0.5286,1.0,0.4992,1.0,0.4728,1.0,0.0,0.0,0.0,0.0,0.0,0.0,0.0,0.0,0.0,0.0,0.0,1.0,0.0,1.0,0.0,1.0,0.0,1.0,0.0,1.0,0.0,1.0,0.0,1.0,0.0,1.0,0.0,1.0,0.0,1.0,0.0,1.0,0.0,1.0,0.0,1.0,0.0,1.0,0.0,1.0,0.0,0.0,0.0,0.0,0.0,0.0,0.0,0.0,0.0,0.0,0.0,1.0,0.0,1.0,0.0,1.0,0.0,1.0,0.0,1.0,0.0,1.0,0.0,1.0,0.0,1.0,0.0,1.0,0.0,1.0,0.0,1.0,0.0,1.0,0.0,1.0,0.0,1.0,0.0,1.0,0.0,0.0,0.0,0.0,0.0,0.0,0.0,0.0,0.0,0.0,0.0,1.0,0.0,1.0,0.0,1.0,0.0,1.0,0.0,1.0,0.0,1.0,0.0,1.0,0.0,1.0,0.0,1.0,0.0,1.0,0.0,1.0,0.0,1.0,0.0,1.0,0.0,1.0,0.0,1.0,0.0,0.0,0.0,0.0,0.0,0.0,0.0,0.0,0.0,0.0,0.0,1.0,0.0,1.0,0.0,1.0,0.0,1.0,0.0,1.0,0.0,1.0,0.0,1.0,0.0,1.0,0.0,1.0,0.0,1.0,0.0,1.0,0.0,1.0,0.0,1.0,0.0,1.0,0.0,1.0
lead_nec_r2,lead,lead_nec,lead_nec|v6|s5,6.0,1.0,0.0,1.0,0.0,1.0,0.0,1.0,0.0,1.0,0.0,1.0,0.0,1.0,0.0,1.0,1.0,1.0,1.0,1.0,1.0,1.0,1.0,1.0,1.0,1.0,1.0,1.0,1.0,1.0,1.0,0.903,1.0,0.8113,1.0,0.7384,1.0,0.676,1.0,0.6234,1.0,1.0,0.0,1.0,0.0,1.0,0.0,1.0,0.0,1.0,0.0,1.0,0.0,1.0,0.0,1.0,1.0,1.0,1.0,1.0,1.0,1.0,1.0,1.0,1.0,0.9962,1.0,0.8859,1.0,0.7976,1.0,0.7271,1.0,0.6667,1.0,0.6155,1.0,0.5716,1.0,0.5336,1.0,1.0,0.0,1.0,0.0,1.0,0.0,1.0,0.0,1.0,0.0,1.0,0.0,1.0,0.0,1.0,1.0,1.0,1.0,1.0,1.0,1.0,1.0,0.9057,1.0,0.8132,1.0,0.7416,1.0,0.6787,1.0,0.6264,1.0,0.581,1.0,0.5423,1.0,0.508,1.0,0.4777,1.0,1.0,0.0,1.0,0.0,1.0,0.0,1.0,0.0,1.0,0.0,1.0,0.0,1.0,0.0,1.0,1.0,1.0,1.0,1.0,1.0,0.8866,1.0,0.8169,1.0,0.7414,1.0,0.6786,1.0,0.6257,1.0,0.5804,1.0,0.5412,1.0,0.507,1.0,0.4769,1.0,0.4501,1.0,0.0,0.0,0.0,0.0,0.0,0.0,0.0,0.0,0.0,0.0,0.0,1.0,0.0,1.0,0.0,1.0,0.0,1.0,0.0,1.0,0.0,1.0,0.0,1.0,0.0,1.0,0.0,1.0,0.0,1.0,0.0,1.0,0.0,1.0,0.0,1.0,0.0,1.0,0.0,1.0,0.0,0.0,0.0,0.0,0.0,0.0,0.0,0.0,0.0,0.0,0.0,1.0,0.0,1.0,0.0,1.0,0.0,1.0,0.0,1.0,0.0,1.0,0.0,1.0,0.0,1.0,0.0,1.0,0.0,1.0,0.0,1.0,0.0,1.0,0.0,1.0,0.0,1.0,0.0,1.0,0.0,0.0,0.0,0.0,0.0,0.0,0.0,0.0,0.0,0.0,0.0,1.0,0.0,1.0,0.0,1.0,0.0,1.0,0.0,1.0,0.0,1.0,0.0,1.0,0.0,1.0,0.0,1.0,0.0,1.0,0.0,1.0,0.0,1.0,0.0,1.0,0.0,1.0,0.0,1.0,0.0,0.0,0.0,0.0,0.0,0.0,0.0,0.0,0.0,0.0,0.0,1.0,0.0,1.0,0.0,1.0,0.0,1.0,0.0,1.0,0.0,1.0,0.0,1.0,0.0,1.0,0.0,1.0,0.0,1.0,0.0,1.0,0.0,1.0,0.0,1.0,0.0,1.0,0.0,1.0
lead_nec_r3,lead,lead_nec,lead_nec|v7|s5,7.0,1.0,0.0,1.0,0.0,1.0,0.0,1.0,0.0,1.0,0.0,1.0,0.0,1.0,0.0,1.0,1.0,1.0,1.0,1.0,1.0,1.0,1.0,1.0,1.0,0.9547,1.0,0.8438,1.0,0.7508,1.0,0.6784,1.0,0.6171,1.0,0.5669,1.0,0.5236,1.0,0.4864,1.0,1.0,0.0,1.0,0.0,1.0,0.0,1.0,0.0,1.0,0.0,1.0,0.0,1.0,0.0,1.0,1.0,1.0,1.0,1.0,1.0,0.97,1.0,0.8518,1.0,0.7575,1.0,0.6821,1.0,0.6203,1.0,0.5688,1.0,0.5252,1.0,0.4878,1.0,0.4553,1.0,0.427,1.0,1.0,0.0,1.0,0.0,1.0,0.0,1.0,0.0,1.0,0.0,1.0,0.0,1.0,0.0,1.0,1.0,1.0,1.0,0.9027,1.0,0.7974,1.0,0.7141,1.0,0.6466,1.0,0.5908,1.0,0.5446,1.0,0.5045,1.0,0.4699,1.0,0.4397,1.0,0.4132,1.0,0.3897,1.0,1.0,0.0,1.0,0.0,1.0,0.0,1.0,0.0,1.0,0.0,1.0,0.0,1.0,0.0,1.0,1.0,0.8942,1.0,0.8098,1.0,0.7251,1.0,0.6557,1.0,0.5984,1.0,0.5503,1.0,0.5094,1.0,0.4741,1.0,0.4434,1.0,0.4165,1.0,0.3926,1.0,0.3713,1.0,0.0,0.0,0.0,0.0,0.0,0.0,0.0,0.0,0.0,0.0,0.0,1.0,0.0,1.0,0.0,1.0,0.0,1.0,0.0,1.0,0.0,1.0,0.0,1.0,0.0,1.0,0.0,1.0,0.0,1.0,0.0,1.0,0.0,1.0,0.0,1.0,0.0,1.0,0.0,1.0,0.0,0.0,0.0,0.0,0.0,0.0,0.0,0.0,0.0,0.0,0.0,1.0,0.0,1.0,0.0,1.0,0.0,1.0,0.0,1.0,0.0,1.0,0.0,1.0,0.0,1.0,0.0,1.0,0.0,1.0,0.0,1.0,0.0,1.0,0.0,1.0,0.0,1.0,0.0,1.0,0.0,0.0,0.0,0.0,0.0,0.0,0.0,0.0,0.0,0.0,0.0,1.0,0.0,1.0,0.0,1.0,0.0,1.0,0.0,1.0,0.0,1.0,0.0,1.0,0.0,1.0,0.0,1.0,0.0,1.0,0.0,1.0,0.0,1.0,0.0,1.0,0.0,1.0,0.0,1.0,0.0,0.0,0.0,0.0,0.0,0.0,0.0,0.0,0.0,0.0,0.0,1.0,0.0,1.0,0.0,1.0,0.0,1.0,0.0,1.0,0.0,1.0,0.0,1.0,0.0,1.0,0.0,1.0,0.0,1.0,0.0,1.0,0.0,1.0,0.0,1.0,0.0,1.0,0.0,1.0
lead_nec_r4,lead,lead_nec,lead_nec|v7|s6,7.0,1.0,0.0,1.0,0.0,1.0,0.0,1.0,0.0,1.0,0.0,1.0,0.0,1.0,0.0,1.0,1.0,1.0,1.0,1.0,1.0,1.0,1.0,1.0,1.0,1.0,1.0,1.0,1.0,0.8954,1.0,0.8066,1.0,0.7338,1.0,0.6739,1.0,0.6224,1.0,0.5782,1.0,1.0,0.0,1.0,0.0,1.0,0.0,1.0,0.0,1.0,0.0,1.0,0.0,1.0,0.0,1.0,1.0,1.0,1.0,1.0,1.0,1.0,1.0,1.0,1.0,0.8983,1.0,0.8089,1.0,0.7356,1.0,0.6753,1.0,0.6243,1.0,0.5799,1.0,0.5413,1.0,0.5076,1.0,1.0,0.0,1.0,0.0,1.0,0.0,1.0,0.0,1.0,0.0,1.0,0.0,1.0,0.0,1.0,1.0,1.0,1.0,1.0,1.0,0.9081,1.0,0.8502,1.0,0.7698,1.0,0.7033,1.0,0.6474,1.0,0.5997,1.0,0.5586,1.0,0.5227,1.0,0.4912,1.0,0.4632,1.0,1.0,0.0,1.0,0.0,1.0,0.0,1.0,0.0,1.0,0.0,1.0,0.0,1.0,0.0,1.0,1.0,1.0,1.0,0.9641,1.0,0.862,1.0,0.7795,1.0,0.7114,1.0,0.6542,1.0,0.6056,1.0,0.5636,1.0,0.5271,1.0,0.4951,1.0,0.4667,1.0,0.4414,1.0,0.0,0.0,0.0,0.0,0.0,0.0,0.0,0.0,0.0,0.0,0.0,1.0,0.0,1.0,0.0,1.0,0.0,1.0,0.0,1.0,0.0,1.0,0.0,1.0,0.0,1.0,0.0,1.0,0.0,1.0,0.0,1.0,0.0,1.0,0.0,1.0,0.0,1.0,0.0,1.0,0.0,0.0,0.0,0.0,0.0,0.0,0.0,0.0,0.0,0.0,0.0,1.0,0.0,1.0,0.0,1.0,0.0,1.0,0.0,1.0,0.0,1.0,0.0,1.0,0.0,1.0,0.0,1.0,0.0,1.0,0.0,1.0,0.0,1.0,0.0,1.0,0.0,1.0,0.0,1.0,0.0,0.0,0.0,0.0,0.0,0.0,0.0,0.0,0.0,0.0,0.0,1.0,0.0,1.0,0.0,1.0,0.0,1.0,0.0,1.0,0.0,1.0,0.0,1.0,0.0,1.0,0.0,1.0,0.0,1.0,0.0,1.0,0.0,1.0,0.0,1.0,0.0,1.0,0.0,1.0,0.0,0.0,0.0,0.0,0.0,0.0,0.0,0.0,0.0,0.0,0.0,1.0,0.0,1.0,0.0,1.0,0.0,1.0,0.0,1.0,0.0,1.0,0.0,1.0,0.0,1.0,0.0,1.0,0.0,1.0,0.0,1.0,0.0,1.0,0.0,1.0,0.0,1.0,0.0,1.0
lead_nec_r5,lead,lead_nec,lead_nec|v8|s6,8.0,1.0,0.0,1.0,0.0,1.0,0.0,1.0,0.0,1.0,0.0,1.0,0.0,1.0,0.0,1.0,1.0,1.0,1.0,1.0,1.0,1.0,1.0,0.9902,1.0,0.8779,1.0,0.7824,1.0,0.7056,1.0,0.6426,1.0,0.5899,1.0,0.5452,1.0,0.5068,1.0,0.4734,1.0,1.0,0.0,1.0,0.0,1.0,0.0,1.0,0.0,1.0,0.0,1.0,0.0,1.0,0.0,1.0,1.0,1.0,1.0,1.0,1.0,0.9047,1.0,0.8036,1.0,0.7228,1.0,0.6568,1.0,0.6019,1.0,0.5554,1.0,0.5156,1.0,0.4811,1.0,0.4509,1.0,0.4243,1.0,1.0,0.0,1.0,0.0,1.0,0.0,1.0,0.0,1.0,0.0,1.0,0.0,1.0,0.0,1.0,1.0,0.9903,1.0,0.8704,1.0,0.7764,1.0,0.7008,1.0,0.6386,1.0,0.5865,1.0,0.5423,1.0,0.5042,1.0,0.4712,1.0,0.4422,1.0,0.4166,1.0,0.3938,1.0,1.0,0.0,1.0,0.0,1.0,0.0,1.0,0.0,1.0,0.0,1.0,0.0,1.0,0.0,1.0,1.0,0.8745,1.0,0.7984,1.0,0.7204,1.0,0.6556,1.0,0.6008,1.0,0.5545,1.0,0.5148,1.0,0.4804,1.0,0.4503,1.0,0.4238,1.0,0.4002,1.0,0.3791,1.0,0.0,0.0,0.0,0.0,0.0,0.0,0.0,0.0,0.0,0.0,0.0,1.0,0.0,1.0,0.0,1.0,0.0,1.0,0.0,1.0,0.0,1.0,0.0,1.0,0.0,1.0,0.0,1.0,0.0,1.0,0.0,1.0,0.0,1.0,0.0,1.0,0.0,1.0,0.0,1.0,0.0,0.0,0.0,0.0,0.0,0.0,0.0,0.0,0.0,0.0,0.0,1.0,0.0,1.0,0.0,1.0,0.0,1.0,0.0,1.0,0.0,1.0,0.0,1.0,0.0,1.0,0.0,1.0,0.0,1.0,0.0,1.0,0.0,1.0,0.0,1.0,0.0,1.0,0.0,1.0,0.0,0.0,0.0,0.0,0.0,0.0,0.0,0.0,0.0,0.0,0.0,1.0,0.0,1.0,0.0,1.0,0.0,1.0,0.0,1.0,0.0,1.0,0.0,1.0,0.0,1.0,0.0,1.0,0.0,1.0,0.0,1.0,0.0,1.0,0.0,1.0,0.0,1.0,0.0,1.0,0.0,0.0,0.0,0.0,0.0,0.0,0.0,0.0,0.0,0.0,0.0,1.0,0.0,1.0,0.0,1.0,0.0,1.0,0.0,1.0,0.0,1.0,0.0,1.0,0.0,1.0,0.0,1.0,0.0,1.0,0.0,1.0,0.0,1.0,0.0,1.0,0.0,1.0,0.0,1.0
lead_nec_r6,lead,lead_nec,lead_nec|v8|s7,8.0,1.0,0.0,1.0,0.0,1.0,0.0,1.0,0.0,1.0,0.0,1.0,0.0,1.0,0.0,1.0,1.0,1.0,1.0,1.0,1.0,1.0,1.0,1.0,1.0,1.0,1.0,1.0,1.0,0.9227,1.0,0.8403,1.0,0.7755,1.0,0.7167,1.0,0.6662,1.0,0.6223,1.0,1.0,0.0,1.0,0.0,1.0,0.0,1.0,0.0,1.0,0.0,1.0,0.0,1.0,0.0,1.0,1.0,1.0,1.0,1.0,1.0,1.0,1.0,1.0,1.0,0.8995,1.0,0.857,1.0,0.7895,1.0,0.7285,1.0,0.677,1.0,0.6324,1.0,0.5928,1.0,0.5578,1.0,1.0,0.0,1.0,0.0,1.0,0.0,1.0,0.0,1.0,0.0,1.0,0.0,1.0,0.0,1.0,1.0,1.0,1.0,1.0,1.0,1.0,1.0,0.9026,1.0,0.8395,1.0,0.771,1.0,0.7129,1.0,0.6629,1.0,0.6195,1.0,0.5814,1.0,0.5477,1.0,0.5177,1.0,1.0,0.0,1.0,0.0,1.0,0.0,1.0,0.0,1.0,0.0,1.0,0.0,1.0,0.0,1.0,1.0,1.0,1.0,1.0,1.0,0.8997,1.0,0.8177,1.0,0.789,1.0,0.729,1.0,0.6768,1.0,0.6316,1.0,0.592,1.0,0.5571,1.0,0.5261,1.0,0.4984,1.0,0.0,0.0,0.0,0.0,0.0,0.0,0.0,0.0,0.0,0.0,0.0,1.0,0.0,1.0,0.0,1.0,0.0,1.0,0.0,1.0,0.0,1.0,0.0,1.0,0.0,1.0,0.0,1.0,0.0,1.0,0.0,1.0,0.0,1.0,0.0,1.0,0.0,1.0,0.0,1.0,0.0,0.0,0.0,0.0,0.0,0.0,0.0,0.0,0.0,0.0,0.0,1.0,0.0,1.0,0.0,1.0,0.0,1.0,0.0,1.0,0.0,1.0,0.0,1.0,0.0,1.0,0.0,1.0,0.0,1.0,0.0,1.0,0.0,1.0,0.0,1.0,0.0,1.0,0.0,1.0,0.0,0.0,0.0,0.0,0.0,0.0,0.0,0.0,0.0,0.0,0.0,1.0,0.0,1.0,0.0,1.0,0.0,1.0,0.0,1.0,0.0,1.0,0.0,1.0,0.0,1.0,0.0,1.0,0.0,1.0,0.0,1.0,0.0,1.0,0.0,1.0,0.0,1.0,0.0,1.0,0.0,0.0,0.0,0.0,0.0,0.0,0.0,0.0,0.0,0.0,0.0,1.0,0.0,1.0,0.0,1.0,0.0,1.0,0.0,1.0,0.0,1.0,0.0,1.0,0.0,1.0,0.0,1.0,0.0,1.0,0.0,1.0,0.0,1.0,0.0,1.0,0.0,1.0,0.0,1.0
lead_nec_r7,lead,lead_nec,lead_nec|v8|s7,8.0,1.0,0.0,1.0,0.0,1.0,0.0,1.0,0.0,1.0,0.0,1.0,0.0,1.0,0.0,1.0,1.0,1.0,1.0,1.0,1.0,1.0,1.0,1.0,1.0,1.0,1.0,0.9758,1.0,0.8801,1.0,0.8014,1.0,0.7357,1.0,0.6799,1.0,0.632,1.0,0.5904,1.0,1.0,0.0,1.0,0.0,1.0,0.0,1.0,0.0,1.0,0.0,1.0,0.0,1.0,0.0,1.0,1.0,1.0,1.0,1.0,1.0,1.0,1.0,1.0,1.0,0.8995,1.0,0.8173,1.0,0.7498,1.0,0.6919,1.0,0.643,1.0,0.6,1.0,0.5624,1.0,0.5292,1.0,1.0,0.0,1.0,0.0,1.0,0.0,1.0,0.0,1.0,0.0,1.0,0.0,1.0,0.0,1.0,1.0,1.0,1.0,1.0,1.0,0.9684,1.0,0.874,1.0,0.7964,1.0,0.7315,1.0,0.6763,1.0,0.6289,1.0,0.5877,1.0,0.5516,1.0,0.5196,1.0,0.4912,1.0,1.0,0.0,1.0,0.0,1.0,0.0,1.0,0.0,1.0,0.0,1.0,0.0,1.0,0.0,1.0,1.0,1.0,1.0,1.0,1.0,0.8997,1.0,0.8177,1.0,0.7494,1.0,0.6916,1.0,0.6421,1.0,0.5992,1.0,0.5617,1.0,0.5286,1.0,0.4992,1.0,0.4728,1.0,0.0,0.0,0.0,0.0,0.0,0.0,0.0,0.0,0.0,0.0,0.0,1.0,0.0,1.0,0.0,1.0,0.0,1.0,0.0,1.0,0.0,1.0,0.0,1.0,0.0,1.0,0.0,1.0,0.0,1.0,0.0,1.0,0.0,1.0,0.0,1.0,0.0,1.0,0.0,1.0,0.0,0.0,0.0,0.0,0.0,0.0,0.0,0.0,0.0,0.0,0.0,1.0,0.0,1.0,0.0,1.0,0.0,1.0,0.0,1.0,0.0,1.0,0.0,1.0,0.0,1.0,0.0,1.0,0.0,1.0,0.0,1.0,0.0,1.0,0.0,1.0,0.0,1.0,0.0,1.0,0.0,0.0,0.0,0.0,0.0,0.0,0.0,0.0,0.0,0.0,0.0,1.0,0.0,1.0,0.0,1.0,0.0,1.0,0.0,1.0,0.0,1.0,0.0,1.0,0.0,1.0,0.0,1.0,0.0,1.0,0.0,1.0,0.0,1.0,0.0,1.0,0.0,1.0,0.0,1.0,0.0,0.0,0.0,0.0,0.0,0.0,0.0,0.0,0.0,0.0,0.0,1.0,0.0,1.0,0.0,1.0,0.0,1.0,0.0,1.0,0.0,1.0,0.0,1.0,0.0,1.0,0.0,1.0,0.0,1.0,0.0,1.0,0.0,1.0,0.0,1.0,0.0,1.0,0.0,1.0
lead_nec_r8,lead,lead_nec,lead_nec|v9|s7,9.0,1.0,0.0,1.0,0.0,1.0,0.0,1.0,0.0,1.0,0.0,1.0,0.0,1.0,0.0,1.0,1.0,1.0,1.0,1.0,1.0,1.0,1.0,0.9754,1.0,0.8694,1.0,0.7851,1.0,0.7151,1.0,0.6565,1.0,0.6067,1.0,0.564,1.0,0.5269,1.0,0.4944,1.0,1.0,0.0,1.0,0.0,1.0,0.0,1.0,0.0,1.0,0.0,1.0,0.0,1.0,0.0,1.0,1.0,1.0,1.0,1.0,1.0,0.9098,1.0,0.8164,1.0,0.7451,1.0,0.6824,1.0,0.6289,1.0,0.5831,1.0,0.5435,1.0,0.509,1.0,0.4786,1.0,0.4516,1.0,1.0,0.0,1.0,0.0,1.0,0.0,1.0,0.0,1.0,0.0,1.0,0.0,1.0,0.0,1.0,1.0,1.0,1.0,0.887,1.0,0.799,1.0,0.73,1.0,0.6752,1.0,0.6234,1.0,0.5784,1.0,0.5395,1.0,0.5054,1.0,0.4754,1.0,0.4488,1.0,0.425,1.0,1.0,0.0,1.0,0.0,1.0,0.0,1.0,0.0,1.0,0.0,1.0,0.0,1.0,0.0,1.0,1.0,0.8809,1.0,0.7871,1.0,0.7532,1.0,0.6871,1.0,0.6455,1.0,0.5973,1.0,0.5558,1.0,0.5203,1.0,0.4886,1.0,0.4605,1.0,0.4355,1.0,0.413,1.0,0.0,0.0,0.0,0.0,0.0,0.0,0.0,0.0,0.0,0.0,0.0,1.0,0.0,1.0,0.0,1.0,0.0,1.0,0.0,1.0,0.0,1.0,0.0,1.0,0.0,1.0,0.0,1.0,0.0,1.0,0.0,1.0,0.0,1.0,0.0,1.0,0.0,1.0,0.0,1.0,0.0,0.0,0.0,0.0,0.0,0.0,0.0,0.0,0.0,0.0,0.0,1.0,0.0,1.0,0.0,1.0,0.0,1.0,0.0,1.0,0.0,1.0,0.0,1.0,0.0,1.0,0.0,1.0,0.0,1.0,0.0,1.0,0.0,1.0,0.0,1.0,0.0,1.0,0.0,1.0,0.0,0.0,0.0,0.0,0.0,0.0,0.0,0.0,0.0,0.0,0.0,1.0,0.0,1.0,0.0,1.0,0.0,1.0,0.0,1.0,0.0,1.0,0.0,1.0,0.0,1.0,0.0,1.0,0.0,1.0,0.0,1.0,0.0,1.0,0.0,1.0,0.0,1.0,0.0,1.0,0.0,0.0,0.0,0.0,0.0,0.0,0.0,0.0,0.0,0.0,0.0,1.0,0.0,1.0,0.0,1.0,0.0,1.0,0.0,1.0,0.0,1.0,0.0,1.0,0.0,1.0,0.0,1.0,0.0,1.0,0.0,1.0,0.0,1.0,0.0,1.0,0.0,1.0,0.0,1.0
lead_nec_r9,lead,lead_nec,lead_nec|v9|s8,9.0,1.0,0.0,1.0,0.0,1.0,0.0,1.0,0.0,1.0,0.0,1.0,0.0,1.0,0.0,1.0,1.0,1.0,1.0,1.0,1.0,1.0,1.0,1.0,1.0,0.9078,1.0,0.8188,1.0,0.7574,1.0,0.6954,1.0,0.6427,1.0,0.5982,1.0,0.5588,1.0,0.5243,1.0,1.0,0.0,1.0,0.0,1.0,0.0,1.0,0.0,1.0,0.0,1.0,0.0,1.0,0.0,1.0,1.0,1.0,1.0,1.0,1.0,0.9723,1.0,0.8724,1.0,0.7912,1.0,0.7238,1.0,0.6669,1.0,0.6184,1.0,0.5764,1.0,0.5398,1.0,0.5075,1.0,0.4789,1.0,1.0,0.0,1.0,0.0,1.0,0.0,1.0,0.0,1.0,0.0,1.0,0.0,1.0,0.0,1.0,1.0,1.0,1.0,0.9566,1.0,0.8595,1.0,0.7831,1.0,0.717,1.0,0.6612,1.0,0.6134,1.0,0.5721,1.0,0.536,1.0,0.5042,1.0,0.4759,1.0,0.4507,1.0,1.0,0.0,1.0,0.0,1.0,0.0,1.0,0.0,1.0,0.0,1.0,0.0,1.0,0.0,1.0,1.0,0.9928,1.0,0.8871,1.0,0.8017,1.0,0.7402,1.0,0.6805,1.0,0.6342,1.0,0.5902,1.0,0.5518,1.0,0.5182,1.0,0.4884,1.0,0.4618,1.0,0.438,1.0,0.0,0.0,0.0,0.0,0.0,0.0,0.0,0.0,0.0,0.0,0.0,1.0,0.0,1.0,0.0,1.0,0.0,1.0,0.0,1.0,0.0,1.0,0.0,1.0,0.0,1.0,0.0,1.0,0.0,1.0,0.0,1.0,0.0,1.0,0.0,1.0,0.0,1.0,0.0,1.0,0.0,0.0,0.0,0.0,0.0,0.0,0.0,0.0,0.0,0.0,0.0,1.0,0.0,1.0,0.0,1.0,0.0,1.0,0.0,1.0,0.0,1.0,0.0,1.0,0.0,1.0,0.0,1.0,0.0,1.0,0.0,1.0,0.0,1.0,0.0,1.0,0.0,1.0,0.0,1.0,0.0,0.0,0.0,0.0,0.0,0.0,0.0,0.0,0.0,0.0,0.0,1.0,0.0,1.0,0.0,1.0,0.0,1.0,0.0,1.0,0.0,1.0,0.0,1.0,0.0,1.0,0.0,1.0,0.0,1.0,0.0,1.0,0.0,1.0,0.0,1.0,0.0,1.0,0.0,1.0,0.0,0.0,0.0,0.0,0.0,0.0,0.0,0.0,0.0,0.0,0.0,1.0,0.0,1.0,0.0,1.0,0.0,1.0,0.0,1.0,0.0,1.0,0.0,1.0,0.0,1.0,0.0,1.0,0.0,1.0,0.0,1.0,0.0,1.0,0.0,1.0,0.0,1.0,0.0,1.0
lead_opt_r1,lead,lead_opt,lead_opt|v6|s6,6.0,1.0,0.0,1.0,0.0,1.0,0.0,1.0,0.0,1.0,0.0,1.0,0.0,1.0,0.0,1.0,1.0,1.0,1.0,1.0,1.0,1.0,1.0,1.0,1.0,1.0,1.0,0.9651,1.0,0.8601,1.0,0.8151,1.0,0.7487,1.0,0.6946,1.0,0.6556,1.0,0.6226,1.0,1.0,0.0,1.0,0.0,1.0,0.0,1.0,0.0,1.0,0.0,1.0,0.0,1.0,0.0,1.0,1.0,1.0,1.0,1.0,1.0,1.0,1.0,0.9043,1.0,0.8138,1.0,0.7438,1.0,0.7029,1.0,0.6529,1.0,0.6129,1.0,0.5783,1.0,0.5544,1.0,0.5336,1.0,1.0,0.0,1.0,0.0,1.0,0.0,1.0,0.0,1.0,0.0,1.0,0.0,1.0,0.0,1.0,1.0,0.9845,1.0,0.8482,1.0,0.7393,1.0,0.6851,1.0,0.6687,1.0,0.6227,1.0,0.5964,1.0,0.5632,1.0,0.5348,1.0,0.5096,1.0,0.4952,1.0,0.4771,1.0,1.0,0.0,1.0,0.0,1.0,0.0,1.0,0.0,1.0,0.0,1.0,0.0,1.0,0.0,0.9618,1.0,0.84,1.0,0.7558,1.0,0.7079,1.0,0.6502,1.0,0.6069,1.0,0.5692,1.0,0.55,1.0,0.5219,1.0,0.4976,1.0,0.4764,1.0,0.4673,1.0,0.4501,1.0,0.0,0.0,0.0,0.0,0.0,0.0,0.0,0.0,0.0,0.0,0.0,1.0,0.0,1.0,0.0,1.0,0.0,1.0,0.0,1.0,0.0,1.0,0.0,1.0,0.0,1.0,0.0,1.0,0.0,1.0,0.0,1.0,0.0,1.0,0.0,1.0,0.0,1.0,0.0,1.0,0.0,0.0,0.0,0.0,0.0,0.0,0.0,0.0,0.0,0.0,0.0,1.0,0.0,1.0,0.0,1.0,0.0,1.0,0.0,1.0,0.0,1.0,0.0,1.0,0.0,1.0,0.0,1.0,0.0,1.0,0.0,1.0,0.0,1.0,0.0,1.0,0.0,1.0,0.0,1.0,0.0,0.0,0.0,0.0,0.0,0.0,0.0,0.0,0.0,0.0,0.0,1.0,0.0,1.0,0.0,1.0,0.0,1.0,0.0,1.0,0.0,1.0,0.0,1.0,0.0,1.0,0.0,1.0,0.0,1.0,0.0,1.0,0.0,1.0,0.0,1.0,0.0,1.0,0.0,1.0,0.0,0.0,0.0,0.0,0.0,0.0,0.0,0.0,0.0,0.0,0.0,1.0,0.0,1.0,0.0,1.0,0.0,1.0,0.0,1.0,0.0,1.0,0.0,1.0,0.0,1.0,0.0,1.0,0.0,1.0,0.0,1.0,0.0,1.0,0.0,1.0,0.0,1.0,0.0,1.0
lead_opt_r10,lead,lead_opt,lead_opt|v8|s7,8.0,1.0,0.0,1.0,0.0,1.0,0.0,1.0,0.0,1.0,0.0,1.0,0.0,1.0,0.0,1.0,1.0,1.0,1.0,1.0,1.0,1.0,1.0,0.905,1.0,0.8175,1.0,0.7462,1.0,0.7056,1.0,0.657,1.0,0.6164,1.0,0.5819,1.0,0.558,1.0,0.5372,1.0,1.0,0.0,1.0,0.0,1.0,0.0,1.0,0.0,1.0,0.0,1.0,0.0,1.0,0.0,1.0,1.0,0.9815,1.0,0.8488,1.0,0.7421,1.0,0.6907,1.0,0.6741,1.0,0.6273,1.0,0.6019,1.0,0.5601,1.0,0.5366,1.0,0.5128,1.0,0.4991,1.0,0.4815,1.0,1.0,0.0,1.0,0.0,1.0,0.0,1.0,0.0,1.0,0.0,1.0,0.0,1.0,0.0,0.8903,1.0,0.8108,1.0,0.7311,1.0,0.6892,1.0,0.6358,1.0,0.5901,1.0,0.5577,1.0,0.5347,1.0,0.5149,1.0,0.4924,1.0,0.4714,1.0,0.4599,1.0,0.4463,1.0,1.0,0.0,1.0,0.0,1.0,0.0,1.0,0.0,1.0,0.0,1.0,0.0,0.9323,0.0,0.8188,1.0,0.7288,1.0,0.6757,1.0,0.6393,1.0,0.5967,1.0,0.5603,1.0,0.5296,1.0,0.5098,1.0,0.4912,1.0,0.4706,1.0,0.4524,1.0,0.4429,1.0,0.4302,1.0,0.0,0.0,0.0,0.0,0.0,0.0,0.0,0.0,0.0,0.0,0.0,1.0,0.0,1.0,0.0,1.0,0.0,1.0,0.0,1.0,0.0,1.0,0.0,1.0,0.0,1.0,0.0,1.0,0.0,1.0,0.0,1.0,0.0,1.0,0.0,1.0,0.0,1.0,0.0,1.0,0.0,0.0,0.0,0.0,0.0,0.0,0.0,0.0,0.0,0.0,0.0,1.0,0.0,1.0,0.0,1.0,0.0,1.0,0.0,1.0,0.0,1.0,0.0,1.0,0.0,1.0,0.0,1.0,0.0,1.0,0.0,1.0,0.0,1.0,0.0,1.0,0.0,1.0,0.0,1.0,0.0,0.0,0.0,0.0,0.0,0.0,0.0,0.0,0.0,0.0,0.0,1.0,0.0,1.0,0.0,1.0,0.0,1.0,0.0,1.0,0.0,1.0,0.0,1.0,0.0,1.0,0.0,1.0,0.0,1.0,0.0,1.0,0.0,1.0,0.0,1.0,0.0,1.0,0.0,1.0,0.0,0.0,0.0,0.0,0.0,0.0,0.0,0.0,0.0,0.0,0.0,1.0,0.0,1.0,0.0,1.0,0.0,1.0,0.0,1.0,0.0,1.0,0.0,1.0,0.0,1.0,0.0,1.0,0.0,1.0,0.0,1.0,0.0,1.0,0.0,1.0,0.0,1.0,0.0,1.0
lead_opt_r11,lead,lead_opt,lead_opt|v6|s6,6.0,1.0,0.0,1.0,0.0,1.0,0.0,1.0,0.0,1.0,0.0,1.0,0.0,1.0,0.0,1.0,1.0,1.0,1.0,1.0,1.0,1.0,1.0,1.0,1.0,1.0,1.0,1.0,1.0,1.0,1.0,1.0,1.0,1.0,1.0,0.9926,1.0,0.9088,1.0,0.8381,1.0,1.0,0.0,1.0,0.0,1.0,0.0,1.0,0.0,1.0,0.0,1.0,0.0,1.0,0.0,1.0,1.0,1.0,1.0,1.0,1.0,1.0,1.0,1.0,1.0,1.0,1.0,1.0,1.0,0.9768,1.0,0.8929,1.0,0.8673,1.0,0.8248,1.0,0.7891,1.0,0.7587,1.0,1.0,0.0,1.0,0.0,1.0,0.0,1.0,0.0,1.0,0.0,1.0,0.0,1.0,0.0,1.0,1.0,1.0,1.0,1.0,1.0,1.0,1.0,1.0,1.0,0.8978,1.0,0.8549,1.0,0.8312,1.0,0.7717,1.0,0.7465,1.0,0.7275,1.0,0.7025,1.0,0.6799,1.0,1.0,0.0,1.0,0.0,1.0,0.0,1.0,0.0,1.0,0.0,1.0,0.0,1.0,0.0,1.0,1.0,1.0,1.0,1.0,1.0,0.9622,1.0,0.8642,1.0,0.817,1.0,0.8009,1.0,0.7628,1.0,0.731,1.0,0.7035,1.0,0.6801,1.0,0.6595,1.0,0.6406,1.0,0.0,0.0,0.0,0.0,0.0,0.0,0.0,0.0,0.0,0.0,0.0,1.0,0.0,1.0,0.0,1.0,0.0,1.0,0.0,1.0,0.0,1.0,0.0,1.0,0.0,1.0,0.0,1.0,0.0,1.0,0.0,1.0,0.0,1.0,0.0,1.0,0.0,1.0,0.0,1.0,0.0,0.0,0.0,0.0,0.0,0.0,0.0,0.0,0.0,0.0,0.0,1.0,0.0,1.0,0.0,1.0,0.0,1.0,0.0,1.0,0.0,1.0,0.0,1.0,0.0,1.0,0.0,1.0,0.0,1.0,0.0,1.0,0.0,1.0,0.0,1.0,0.0,1.0,0.0,1.0,0.0,0.0,0.0,0.0,0.0,0.0,0.0,0.0,0.0,0.0,0.0,1.0,0.0,1.0,0.0,1.0,0.0,1.0,0.0,1.0,0.0,1.0,0.0,1.0,0.0,1.0,0.0,1.0,0.0,1.0,0.0,1.0,0.0,1.0,0.0,1.0,0.0,1.0,0.0,1.0,0.0,0.0,0.0,0.0,0.0,0.0,0.0,0.0,0.0,0.0,0.0,1.0,0.0,1.0,0.0,1.0,0.0,1.0,0.0,1.0,0.0,1.0,0.0,1.0,0.0,1.0,0.0,1.0,0.0,1.0,0.0,1.0,0.0,1.0,0.0,1.0,0.0,1.0,0.0,1.0
lead_opt_r12,lead,lead_opt,lead_opt|v7|s7,7.0,1.0,0.0,1.0,0.0,1.0,0.0,1.0,0.0,1.0,0.0,1.0,0.0,1.0,0.0,1.0,1.0,1.0,1.0,1.0,1.0,1.0,1.0,1.0,1.0,1.0,1.0,1.0,1.0,0.9833,1.0,0.9178,1.0,0.866,1.0,0.8069,1.0,0.7699,1.0,0.7389,1.0,1.0,0.0,1.0,0.0,1.0,0.0,1.0,0.0,1.0,0.0,1.0,0.0,1.0,0.0,1.0,1.0,1.0,1.0,1.0,1.0,1.0,1.0,1.0,1.0,0.9061,1.0,0.8581,1.0,0.8106,1.0,0.7701,1.0,0.7351,1.0,0.695,1.0,0.6696,1.0,0.6486,1.0,1.0,0.0,1.0,0.0,1.0,0.0,1.0,0.0,1.0,0.0,1.0,0.0,1.0,0.0,1.0,1.0,1.0,1.0,0.9867,1.0,0.9081,1.0,0.8502,1.0,0.7985,1.0,0.7443,1.0,0.7116,1.0,0.683,1.0,0.6577,1.0,0.6265,1.0,0.5978,1.0,0.5764,1.0,1.0,0.0,1.0,0.0,1.0,0.0,1.0,0.0,1.0,0.0,1.0,0.0,1.0,0.0,1.0,1.0,0.9851,1.0,0.8684,1.0,0.8257,1.0,0.7776,1.0,0.7387,1.0,0.6916,1.0,0.6612,1.0,0.6399,1.0,0.6207,1.0,0.5915,1.0,0.5675,1.0,0.5493,1.0,0.0,0.0,0.0,0.0,0.0,0.0,0.0,0.0,0.0,0.0,0.0,1.0,0.0,1.0,0.0,1.0,0.0,1.0,0.0,1.0,0.0,1.0,0.0,1.0,0.0,1.0,0.0,1.0,0.0,1.0,0.0,1.0,0.0,1.0,0.0,1.0,0.0,1.0,0.0,1.0,0.0,0.0,0.0,0.0,0.0,0.0,0.0,0.0,0.0,0.0,0.0,1.0,0.0,1.0,0.0,1.0,0.0,1.0,0.0,1.0,0.0,1.0,0.0,1.0,0.0,1.0,0.0,1.0,0.0,1.0,0.0,1.0,0.0,1.0,0.0,1.0,0.0,1.0,0.0,1.0,0.0,0.0,0.0,0.0,0.0,0.0,0.0,0.0,0.0,0.0,0.0,1.0,0.0,1.0,0.0,1.0,0.0,1.0,0.0,1.0,0.0,1.0,0.0,1.0,0.0,1.0,0.0,1.0,0.0,1.0,0.0,1.0,0.0,1.0,0.0,1.0,0.0,1.0,0.0,1.0,0.0,0.0,0.0,0.0,0.0,0.0,0.0,0.0,0.0,0.0,0.0,1.0,0.0,1.0,0.0,1.0,0.0,1.0,0.0,1.0,0.0,1.0,0.0,1.0,0.0,1.0,0.0,1.0,0.0,1.0,0.0,1.0,0.0,1.0,0.0,1.0,0.0,1.0,0.0,1.0
lead_opt_r2,lead,lead_opt,lead_opt|v6|s6,6.0,1.0,0.0,1.0,0.0,1.0,0.0,1.0,0.0,1.0,0.0,1.0,0.0,1.0,0.0,1.0,1.0,1.0,1.0,1.0,1.0,1.0,1.0,1.0,1.0,1.0,1.0,1.0,1.0,1.0,1.0,0.9966,1.0,0.8954,1.0,0.8585,1.0,0.8107,1.0,0.7744,1.0,1.0,0.0,1.0,0.0,1.0,0.0,1.0,0.0,1.0,0.0,1.0,0.0,1.0,0.0,1.0,1.0,1.0,1.0,1.0,1.0,1.0,1.0,1.0,1.0,0.9962,1.0,0.9049,1.0,0.8449,1.0,0.8004,1.0,0.7599,1.0,0.7147,1.0,0.6861,1.0,0.662,1.0,1.0,0.0,1.0,0.0,1.0,0.0,1.0,0.0,1.0,0.0,1.0,0.0,1.0,0.0,1.0,1.0,1.0,1.0,1.0,1.0,0.9429,1.0,0.8747,1.0,0.8039,1.0,0.7575,1.0,0.7207,1.0,0.6904,1.0,0.6637,1.0,0.6291,1.0,0.5976,1.0,0.5746,1.0,1.0,0.0,1.0,0.0,1.0,0.0,1.0,0.0,1.0,0.0,1.0,0.0,1.0,0.0,1.0,1.0,1.0,1.0,0.8941,1.0,0.8351,1.0,0.7829,1.0,0.7395,1.0,0.6915,1.0,0.6627,1.0,0.6382,1.0,0.6176,1.0,0.5868,1.0,0.5622,1.0,0.5465,1.0,0.0,0.0,0.0,0.0,0.0,0.0,0.0,0.0,0.0,0.0,0.0,1.0,0.0,1.0,0.0,1.0,0.0,1.0,0.0,1.0,0.0,1.0,0.0,1.0,0.0,1.0,0.0,1.0,0.0,1.0,0.0,1.0,0.0,1.0,0.0,1.0,0.0,1.0,0.0,1.0,0.0,0.0,0.0,0.0,0.0,0.0,0.0,0.0,0.0,0.0,0.0,1.0,0.0,1.0,0.0,1.0,0.0,1.0,0.0,1.0,0.0,1.0,0.0,1.0,0.0,1.0,0.0,1.0,0.0,1.0,0.0,1.0,0.0,1.0,0.0,1.0,0.0,1.0,0.0,1.0,0.0,0.0,0.0,0.0,0.0,0.0,0.0,0.0,0.0,0.0,0.0,1.0,0.0,1.0,0.0,1.0,0.0,1.0,0.0,1.0,0.0,1.0,0.0,1.0,0.0,1.0,0.0,1.0,0.0,1.0,0.0,1.0,0.0,1.0,0.0,1.0,0.0,1.0,0.0,1.0,0.0,0.0,0.0,0.0,0.0,0.0,0.0,0.0,0.0,0.0,0.0,1.0,0.0,1.0,0.0,1.0,0.0,1.0,0.0,1.0,0.0,1.0,0.0,1.0,0.0,1.0,0.0,1.0,0.0,1.0,0.0,1.0,0.0,1.0,0.0,1.0,0.0,1.0,0.0,1.0
lead_opt_r3,lead,lead_opt,lead_opt|v7|s6,7.0,1.0,0.0,1.0,0.0,1.0,0.0,1.0,0.0,1.0,0.0,1.0,0.0,1.0,0.0,1.0,1.0,1.0,1.0,1.0,1.0,1.0,1.0,0.9887,1.0,0.867,1.0,0.8013,1.0,0.7542,1.0,0.6954,1.0,0.6472,1.0,0.6062,1.0,0.5792,1.0,0.5552,1.0,1.0,0.0,1.0,0.0,1.0,0.0,1.0,0.0,1.0,0.0,1.0,0.0,1.0,0.0,1.0,1.0,1.0,1.0,0.9309,1.0,0.8441,1.0,0.7701,1.0,0.7039,1.0,0.6499,1.0,0.6121,1.0,0.5814,1.0,0.55,1.0,0.5223,1.0,0.501,1.0,0.4868,1.0,1.0,0.0,1.0,0.0,1.0,0.0,1.0,0.0,1.0,0.0,1.0,0.0,1.0,0.0,0.9604,1.0,0.8402,1.0,0.7427,1.0,0.7032,1.0,0.6477,1.0,0.6017,1.0,0.5637,1.0,0.5341,1.0,0.5134,1.0,0.492,1.0,0.4708,1.0,0.4583,1.0,0.4448,1.0,1.0,0.0,1.0,0.0,1.0,0.0,1.0,0.0,1.0,0.0,1.0,0.0,0.961,0.0,0.8354,1.0,0.7232,1.0,0.6734,1.0,0.6396,1.0,0.5938,1.0,0.556,1.0,0.5244,1.0,0.5056,1.0,0.4853,1.0,0.4644,1.0,0.4459,1.0,0.4343,1.0,0.4239,1.0,0.0,0.0,0.0,0.0,0.0,0.0,0.0,0.0,0.0,0.0,0.0,1.0,0.0,1.0,0.0,1.0,0.0,1.0,0.0,1.0,0.0,1.0,0.0,1.0,0.0,1.0,0.0,1.0,0.0,1.0,0.0,1.0,0.0,1.0,0.0,1.0,0.0,1.0,0.0,1.0,0.0,0.0,0.0,0.0,0.0,0.0,0.0,0.0,0.0,0.0,0.0,1.0,0.0,1.0,0.0,1.0,0.0,1.0,0.0,1.0,0.0,1.0,0.0,1.0,0.0,1.0,0.0,1.0,0.0,1.0,0.0,1.0,0.0,1.0,0.0,1.0,0.0,1.0,0.0,1.0,0.0,0.0,0.0,0.0,0.0,0.0,0.0,0.0,0.0,0.0,0.0,1.0,0.0,1.0,0.0,1.0,0.0,1.0,0.0,1.0,0.0,1.0,0.0,1.0,0.0,1.0,0.0,1.0,0.0,1.0,0.0,1.0,0.0,1.0,0.0,1.0,0.0,1.0,0.0,1.0,0.0,0.0,0.0,0.0,0.0,0.0,0.0,0.0,0.0,0.0,0.0,1.0,0.0,1.0,0.0,1.0,0.0,1.0,0.0,1.0,0.0,1.0,0.0,1.0,0.0,1.0,0.0,1.0,0.0,1.0,0.0,1.0,0.0,1.0,0.0,1.0,0.0,1.0,0.0,1.0
lead_opt_r4,lead,lead_opt,lead_opt|v7|s6,7.0,1.0,0.0,1.0,0.0,1.0,0.0,1.0,0.0,1.0,0.0,1.0,0.0,1.0,0.0,1.0,1.0,1.0,1.0,1.0,1.0,1.0,1.0,1.0,1.0,1.0,1.0,1.0,1.0,0.9833,1.0,0.9178,1.0,0.866,1.0,0.8202,1.0,0.783,1.0,0.7504,1.0,1.0,0.0,1.0,0.0,1.0,0.0,1.0,0.0,1.0,0.0,1.0,0.0,1.0,0.0,1.0,1.0,1.0,1.0,1.0,1.0,1.0,1.0,0.9912,1.0,0.9061,1.0,0.8581,1.0,0.8106,1.0,0.7701,1.0,0.7351,1.0,0.7058,1.0,0.681,1.0,0.6587,1.0,1.0,0.0,1.0,0.0,1.0,0.0,1.0,0.0,1.0,0.0,1.0,0.0,1.0,0.0,1.0,1.0,1.0,1.0,0.968,1.0,0.8787,1.0,0.8333,1.0,0.7851,1.0,0.7452,1.0,0.7116,1.0,0.683,1.0,0.6577,1.0,0.6349,1.0,0.6179,1.0,0.6011,1.0,1.0,0.0,1.0,0.0,1.0,0.0,1.0,0.0,1.0,0.0,1.0,0.0,1.0,0.0,1.0,1.0,0.8942,1.0,0.8672,1.0,0.8086,1.0,0.7621,1.0,0.7255,1.0,0.6924,1.0,0.6642,1.0,0.6413,1.0,0.6207,1.0,0.6026,1.0,0.5866,1.0,0.5723,1.0,0.0,0.0,0.0,0.0,0.0,0.0,0.0,0.0,0.0,0.0,0.0,1.0,0.0,1.0,0.0,1.0,0.0,1.0,0.0,1.0,0.0,1.0,0.0,1.0,0.0,1.0,0.0,1.0,0.0,1.0,0.0,1.0,0.0,1.0,0.0,1.0,0.0,1.0,0.0,1.0,0.0,0.0,0.0,0.0,0.0,0.0,0.0,0.0,0.0,0.0,0.0,1.0,0.0,1.0,0.0,1.0,0.0,1.0,0.0,1.0,0.0,1.0,0.0,1.0,0.0,1.0,0.0,1.0,0.0,1.0,0.0,1.0,0.0,1.0,0.0,1.0,0.0,1.0,0.0,1.0,0.0,0.0,0.0,0.0,0.0,0.0,0.0,0.0,0.0,0.0,0.0,1.0,0.0,1.0,0.0,1.0,0.0,1.0,0.0,1.0,0.0,1.0,0.0,1.0,0.0,1.0,0.0,1.0,0.0,1.0,0.0,1.0,0.0,1.0,0.0,1.0,0.0,1.0,0.0,1.0,0.0,0.0,0.0,0.0,0.0,0.0,0.0,0.0,0.0,0.0,0.0,1.0,0.0,1.0,0.0,1.0,0.0,1.0,0.0,1.0,0.0,1.0,0.0,1.0,0.0,1.0,0.0,1.0,0.0,1.0,0.0,1.0,0.0,1.0,0.0,1.0,0.0,1.0,0.0,1.0
lead_opt_r5,lead,lead_opt,lead_opt|v8|s7,8.0,1.0,0.0,1.0,0.0,1.0,0.0,1.0,0.0,1.0,0.0,1.0,0.0,1.0,0.0,1.0,1.0,1.0,1.0,1.0,1.0,0.9569,1.0,0.8478,1.0,0.7953,1.0,0.7462,1.0,0.6898,1.0,0.6489,1.0,0.6139,1.0,0.5881,1.0,0.5637,1.0,0.5465,1.0,1.0,0.0,1.0,0.0,1.0,0.0,1.0,0.0,1.0,0.0,1.0,0.0,1.0,0.0,1.0,1.0,0.9261,1.0,0.8488,1.0,0.7421,1.0,0.6907,1.0,0.6569,1.0,0.6273,1.0,0.5799,1.0,0.553,1.0,0.5344,1.0,0.5223,1.0,0.5003,1.0,0.4869,1.0,1.0,0.0,1.0,0.0,1.0,0.0,1.0,0.0,1.0,0.0,1.0,0.0,0.9618,0.0,0.8629,1.0,0.7663,1.0,0.7139,1.0,0.6543,1.0,0.6191,1.0,0.5812,1.0,0.5544,1.0,0.5293,1.0,0.5156,1.0,0.4917,1.0,0.477,1.0,0.4634,1.0,0.4541,1.0,1.0,0.0,1.0,0.0,1.0,0.0,1.0,0.0,1.0,0.0,0.9858,0.0,0.8528,0.0,0.7768,1.0,0.6996,1.0,0.6565,1.0,0.6079,1.0,0.582,1.0,0.5468,1.0,0.5257,1.0,0.5033,1.0,0.4912,1.0,0.4706,1.0,0.4589,1.0,0.4452,1.0,0.4372,1.0,0.0,0.0,0.0,0.0,0.0,0.0,0.0,0.0,0.0,0.0,0.0,1.0,0.0,1.0,0.0,1.0,0.0,1.0,0.0,1.0,0.0,1.0,0.0,1.0,0.0,1.0,0.0,1.0,0.0,1.0,0.0,1.0,0.0,1.0,0.0,1.0,0.0,1.0,0.0,1.0,0.0,0.0,0.0,0.0,0.0,0.0,0.0,0.0,0.0,0.0,0.0,1.0,0.0,1.0,0.0,1.0,0.0,1.0,0.0,1.0,0.0,1.0,0.0,1.0,0.0,1.0,0.0,1.0,0.0,1.0,0.0,1.0,0.0,1.0,0.0,1.0,0.0,1.0,0.0,1.0,0.0,0.0,0.0,0.0,0.0,0.0,0.0,0.0,0.0,0.0,0.0,1.0,0.0,1.0,0.0,1.0,0.0,1.0,0.0,1.0,0.0,1.0,0.0,1.0,0.0,1.0,0.0,1.0,0.0,1.0,0.0,1.0,0.0,1.0,0.0,1.0,0.0,1.0,0.0,1.0,0.0,0.0,0.0,0.0,0.0,0.0,0.0,0.0,0.0,0.0,0.0,1.0,0.0,1.0,0.0,1.0,0.0,1.0,0.0,1.0,0.0,1.0,0.0,1.0,0.0,1.0,0.0,1.0,0.0,1.0,0.0,1.0,0.0,1.0,0.0,1.0,0.0,1.0,0.0,1.0
lead_opt_r6,lead,lead_opt,lead_opt|v8|s7,8.0,1.0,0.0,1.0,0.0,1.0,0.0,1.0,0.0,1.0,0.0,1.0,0.0,1.0,0.0,1.0,1.0,1.0,1.0,1.0,1.0,1.0,1.0,0.9902,1.0,0.9162,1.0,0.8209,1.0,0.781,1.0,0.7437,1.0,0.7092,1.0,0.6585,1.0,0.6285,1.0,0.6064,1.0,1.0,0.0,1.0,0.0,1.0,0.0,1.0,0.0,1.0,0.0,1.0,0.0,1.0,0.0,1.0,1.0,1.0,1.0,0.9419,1.0,0.8628,1.0,0.8002,1.0,0.7543,1.0,0.6993,1.0,0.6669,1.0,0.6427,1.0,0.6198,1.0,0.5892,1.0,0.5598,1.0,0.5381,1.0,1.0,0.0,1.0,0.0,1.0,0.0,1.0,0.0,1.0,0.0,1.0,0.0,1.0,0.0,0.9677,1.0,0.879,1.0,0.7885,1.0,0.7405,1.0,0.6978,1.0,0.6673,1.0,0.6236,1.0,0.5895,1.0,0.5644,1.0,0.55,1.0,0.5416,1.0,0.529,1.0,0.5177,1.0,1.0,0.0,1.0,0.0,1.0,0.0,1.0,0.0,1.0,0.0,1.0,0.0,0.9611,0.0,0.829,1.0,0.801,1.0,0.7264,1.0,0.689,1.0,0.6547,1.0,0.6278,1.0,0.5911,1.0,0.5582,1.0,0.5371,1.0,0.5256,1.0,0.519,1.0,0.5082,1.0,0.4984,1.0,0.0,0.0,0.0,0.0,0.0,0.0,0.0,0.0,0.0,0.0,0.0,1.0,0.0,1.0,0.0,1.0,0.0,1.0,0.0,1.0,0.0,1.0,0.0,1.0,0.0,1.0,0.0,1.0,0.0,1.0,0.0,1.0,0.0,1.0,0.0,1.0,0.0,1.0,0.0,1.0,0.0,0.0,0.0,0.0,0.0,0.0,0.0,0.0,0.0,0.0,0.0,1.0,0.0,1.0,0.0,1.0,0.0,1.0,0.0,1.0,0.0,1.0,0.0,1.0,0.0,1.0,0.0,1.0,0.0,1.0,0.0,1.0,0.0,1.0,0.0,1.0,0.0,1.0,0.0,1.0,0.0,0.0,0.0,0.0,0.0,0.0,0.0,0.0,0.0,0.0,0.0,1.0,0.0,1.0,0.0,1.0,0.0,1.0,0.0,1.0,0.0,1.0,0.0,1.0,0.0,1.0,0.0,1.0,0.0,1.0,0.0,1.0,0.0,1.0,0.0,1.0,0.0,1.0,0.0,1.0,0.0,0.0,0.0,0.0,0.0,0.0,0.0,0.0,0.0,0.0,0.0,1.0,0.0,1.0,0.0,1.0,0.0,1.0,0.0,1.0,0.0,1.0,0.0,1.0,0.0,1.0,0.0,1.0,0.0,1.0,0.0,1.0,0.0,1.0,0.0,1.0,0.0,1.0,0.0,1.0
lead_opt_r7,lead,lead_opt,lead_opt|v9|s7,9.0,1.0,0.0,1.0,0.0,1.0,0.0,1.0,0.0,1.0,0.0,1.0,0.0,1.0,0.0,1.0,1.0,1.0,1.0,0.9888,1.0,0.9063,1.0,0.8374,1.0,0.7827,1.0,0.7376,1.0,0.7006,1.0,0.6697,1.0,0.6435,1.0,0.6195,1.0,0.6013,1.0,0.5842,1.0,1.0,0.0,1.0,0.0,1.0,0.0,1.0,0.0,1.0,0.0,1.0,0.0,1.0,0.0,0.965,1.0,0.8756,1.0,0.8042,1.0,0.7491,1.0,0.7064,1.0,0.6707,1.0,0.6411,1.0,0.6154,1.0,0.5941,1.0,0.5764,1.0,0.5603,1.0,0.5456,1.0,0.533,1.0,1.0,0.0,1.0,0.0,1.0,0.0,1.0,0.0,1.0,0.0,1.0,0.0,0.8826,0.0,0.8142,1.0,0.7516,1.0,0.7043,1.0,0.6656,1.0,0.6341,1.0,0.6078,1.0,0.5857,1.0,0.5667,1.0,0.5503,1.0,0.536,1.0,0.5234,1.0,0.5122,1.0,0.5021,1.0,1.0,0.0,1.0,0.0,1.0,0.0,1.0,0.0,1.0,0.0,0.8464,0.0,0.8215,0.0,0.7541,1.0,0.704,1.0,0.6634,1.0,0.6307,1.0,0.6037,1.0,0.5803,1.0,0.5611,1.0,0.5453,1.0,0.5308,1.0,0.5182,1.0,0.507,1.0,0.497,1.0,0.488,1.0,0.0,0.0,0.0,0.0,0.0,0.0,0.0,0.0,0.0,0.0,0.0,1.0,0.0,1.0,0.0,1.0,0.0,1.0,0.0,1.0,0.0,1.0,0.0,1.0,0.0,1.0,0.0,1.0,0.0,1.0,0.0,1.0,0.0,1.0,0.0,1.0,0.0,1.0,0.0,1.0,0.0,0.0,0.0,0.0,0.0,0.0,0.0,0.0,0.0,0.0,0.0,1.0,0.0,1.0,0.0,1.0,0.0,1.0,0.0,1.0,0.0,1.0,0.0,1.0,0.0,1.0,0.0,1.0,0.0,1.0,0.0,1.0,0.0,1.0,0.0,1.0,0.0,1.0,0.0,1.0,0.0,0.0,0.0,0.0,0.0,0.0,0.0,0.0,0.0,0.0,0.0,1.0,0.0,1.0,0.0,1.0,0.0,1.0,0.0,1.0,0.0,1.0,0.0,1.0,0.0,1.0,0.0,1.0,0.0,1.0,0.0,1.0,0.0,1.0,0.0,1.0,0.0,1.0,0.0,1.0,0.0,0.0,0.0,0.0,0.0,0.0,0.0,0.0,0.0,0.0,0.0,1.0,0.0,1.0,0.0,1.0,0.0,1.0,0.0,1.0,0.0,1.0,0.0,1.0,0.0,1.0,0.0,1.0,0.0,1.0,0.0,1.0,0.0,1.0,0.0,1.0,0.0,1.0,0.0,1.0
lead_opt_r8,lead,lead_opt,lead_opt|v9|s7,9.0,1.0,0.0,1.0,0.0,1.0,0.0,1.0,0.0,1.0,0.0,1.0,0.0,1.0,0.0,1.0,1.0,0.9944,1.0,0.9119,1.0,0.8154,1.0,0.7586,1.0,0.6915,1.0,0.6386,1.0,0.6005,1.0,0.5737,1.0,0.5562,1.0,0.5405,1.0,0.509,1.0,0.4919,1.0,1.0,0.0,1.0,0.0,1.0,0.0,1.0,0.0,1.0,0.0,1.0,0.0,1.0,0.0,0.9108,1.0,0.7946,1.0,0.7389,1.0,0.6751,1.0,0.64,1.0,0.5945,1.0,0.5602,1.0,0.5361,1.0,0.5199,1.0,0.4997,1.0,0.4872,1.0,0.4689,1.0,0.4573,1.0,1.0,0.0,1.0,0.0,1.0,0.0,1.0,0.0,1.0,0.0,0.9854,0.0,0.8428,0.0,0.7684,1.0,0.6898,1.0,0.6495,1.0,0.6,1.0,0.5717,1.0,0.5396,1.0,0.5204,1.0,0.4967,1.0,0.4837,1.0,0.4646,1.0,0.455,1.0,0.4392,1.0,0.4325,1.0,1.0,0.0,1.0,0.0,1.0,0.0,1.0,0.0,1.0,0.0,0.8464,0.0,0.7725,0.0,0.7117,1.0,0.6462,1.0,0.6118,1.0,0.5685,1.0,0.5372,1.0,0.5159,1.0,0.5008,1.0,0.4779,1.0,0.4633,1.0,0.4486,1.0,0.4408,1.0,0.4261,1.0,0.412,1.0,0.0,0.0,0.0,0.0,0.0,0.0,0.0,0.0,0.0,0.0,0.0,1.0,0.0,1.0,0.0,1.0,0.0,1.0,0.0,1.0,0.0,1.0,0.0,1.0,0.0,1.0,0.0,1.0,0.0,1.0,0.0,1.0,0.0,1.0,0.0,1.0,0.0,1.0,0.0,1.0,0.0,0.0,0.0,0.0,0.0,0.0,0.0,0.0,0.0,0.0,0.0,1.0,0.0,1.0,0.0,1.0,0.0,1.0,0.0,1.0,0.0,1.0,0.0,1.0,0.0,1.0,0.0,1.0,0.0,1.0,0.0,1.0,0.0,1.0,0.0,1.0,0.0,1.0,0.0,1.0,0.0,0.0,0.0,0.0,0.0,0.0,0.0,0.0,0.0,0.0,0.0,1.0,0.0,1.0,0.0,1.0,0.0,1.0,0.0,1.0,0.0,1.0,0.0,1.0,0.0,1.0,0.0,1.0,0.0,1.0,0.0,1.0,0.0,1.0,0.0,1.0,0.0,1.0,0.0,1.0,0.0,0.0,0.0,0.0,0.0,0.0,0.0,0.0,0.0,0.0,0.0,1.0,0.0,1.0,0.0,1.0,0.0,1.0,0.0,1.0,0.0,1.0,0.0,1.0,0.0,1.0,0.0,1.0,0.0,1.0,0.0,1.0,0.0,1.0,0.0,1.0,0.0,1.0,0.0,1.0
lead_opt_r9,lead,lead_opt,lead_opt|v7|s6,7.0,1.0,0.0,1.0,0.0,1.0,0.0,1.0,0.0,1.0,0.0,1.0,0.0,1.0,0.0,1.0,1.0,1.0,1.0,1.0,1.0,1.0,1.0,0.9371,1.0,0.8458,1.0,0.7662,1.0,0.7186,1.0,0.6633,1.0,0.618,1.0,0.5794,1.0,0.5544,1.0,0.5323,1.0,1.0,0.0,1.0,0.0,1.0,0.0,1.0,0.0,1.0,0.0,1.0,0.0,1.0,0.0,1.0,1.0,0.9866,1.0,0.8553,1.0,0.8069,1.0,0.7299,1.0,0.6659,1.0,0.6167,1.0,0.5874,1.0,0.5545,1.0,0.5252,1.0,0.4993,1.0,0.4809,1.0,0.4666,1.0,1.0,0.0,1.0,0.0,1.0,0.0,1.0,0.0,1.0,0.0,1.0,0.0,1.0,0.0,0.9029,1.0,0.7896,1.0,0.7107,1.0,0.6643,1.0,0.6129,1.0,0.5683,1.0,0.5314,1.0,0.5133,1.0,0.4926,1.0,0.4699,1.0,0.4501,1.0,0.4381,1.0,0.4259,1.0,1.0,0.0,1.0,0.0,1.0,0.0,1.0,0.0,1.0,0.0,1.0,0.0,0.8738,0.0,0.7837,1.0,0.7001,1.0,0.6364,1.0,0.6053,1.0,0.5609,1.0,0.5269,1.0,0.4984,1.0,0.4853,1.0,0.4629,1.0,0.4434,1.0,0.4263,1.0,0.414,1.0,0.4064,1.0,0.0,0.0,0.0,0.0,0.0,0.0,0.0,0.0,0.0,0.0,0.0,1.0,0.0,1.0,0.0,1.0,0.0,1.0,0.0,1.0,0.0,1.0,0.0,1.0,0.0,1.0,0.0,1.0,0.0,1.0,0.0,1.0,0.0,1.0,0.0,1.0,0.0,1.0,0.0,1.0,0.0,0.0,0.0,0.0,0.0,0.0,0.0,0.0,0.0,0.0,0.0,1.0,0.0,1.0,0.0,1.0,0.0,1.0,0.0,1.0,0.0,1.0,0.0,1.0,0.0,1.0,0.0,1.0,0.0,1.0,0.0,1.0,0.0,1.0,0.0,1.0,0.0,1.0,0.0,1.0,0.0,0.0,0.0,0.0,0.0,0.0,0.0,0.0,0.0,0.0,0.0,1.0,0.0,1.0,0.0,1.0,0.0,1.0,0.0,1.0,0.0,1.0,0.0,1.0,0.0,1.0,0.0,1.0,0.0,1.0,0.0,1.0,0.0,1.0,0.0,1.0,0.0,1.0,0.0,1.0,0.0,0.0,0.0,0.0,0.0,0.0,0.0,0.0,0.0,0.0,0.0,1.0,0.0,1.0,0.0,1.0,0.0,1.0,0.0,1.0,0.0,1.0,0.0,1.0,0.0,1.0,0.0,1.0,0.0,1.0,0.0,1.0,0.0,1.0,0.0,1.0,0.0,1.0,0.0,1.0
temp_opt_r1,block_or_occupancy,temp_opt,temp_opt|v6|o6,6.0,1.0,0.0,1.0,0.0,1.0,0.0,1.0,0.0,1.0,0.0,1.0,0.0,1.0,0.0,1.0,1.0,1.0,1.0,1.0,1.0,1.0,1.0,1.0,1.0,1.0,1.0,1.0,1.0,1.0,1.0,1.0,1.0,1.0,1.0,1.0,1.0,1.0,1.0,1.0,1.0,1.0,0.0,1.0,0.0,1.0,0.0,1.0,0.0,1.0,0.0,1.0,0.0,1.0,0.0,1.0,1.0,1.0,1.0,1.0,1.0,1.0,1.0,1.0,1.0,1.0,1.0,1.0,1.0,1.0,1.0,1.0,1.0,1.0,1.0,1.0,1.0,0.9287,1.0,0.8669,1.0,1.0,0.0,1.0,0.0,1.0,0.0,1.0,0.0,1.0,0.0,1.0,0.0,1.0,0.0,1.0,1.0,1.0,1.0,1.0,1.0,1.0,1.0,1.0,1.0,1.0,1.0,0.9682,1.0,0.9409,1.0,0.9171,1.0,0.8974,1.0,0.8811,1.0,0.8663,1.0,0.8532,1.0,1.0,0.0,1.0,0.0,1.0,0.0,1.0,0.0,1.0,0.0,1.0,0.0,1.0,0.0,1.0,1.0,1.0,1.0,1.0,1.0,0.8866,1.0,0.8405,1.0,0.831,1.0,0.8282,1.0,0.8306,1.0,0.837,1.0,0.8357,1.0,0.8238,1.0,0.8132,1.0,0.8039,1.0,0.0,0.0,0.0,0.0,0.0,0.0,0.0,0.0,0.0,0.0,0.0,1.0,0.0,1.0,0.0,1.0,0.0,1.0,0.0,1.0,0.0,1.0,0.0,1.0,0.0,1.0,0.0,1.0,0.0,1.0,0.0,1.0,0.0,1.0,0.0,1.0,0.0,1.0,0.0,1.0,0.0,0.0,0.0,0.0,0.0,0.0,0.0,0.0,0.0,0.0,0.0,1.0,0.0,1.0,0.0,1.0,0.0,1.0,0.0,1.0,0.0,1.0,0.0,1.0,0.0,1.0,0.0,1.0,0.0,1.0,0.0,1.0,0.0,1.0,0.0,1.0,0.0,1.0,0.0,1.0,0.0,0.0,0.0,0.0,0.0,0.0,0.0,0.0,0.0,0.0,0.0,1.0,0.0,1.0,0.0,1.0,0.0,1.0,0.0,1.0,0.0,1.0,0.0,1.0,0.0,1.0,0.0,1.0,0.0,1.0,0.0,1.0,0.0,1.0,0.0,1.0,0.0,1.0,0.0,1.0,0.0,0.0,0.0,0.0,0.0,0.0,0.0,0.0,0.0,0.0,0.0,1.0,0.0,1.0,0.0,1.0,0.0,1.0,0.0,1.0,0.0,1.0,0.0,1.0,0.0,1.0,0.0,1.0,0.0,1.0,0.0,1.0,0.0,1.0,0.0,1.0,0.0,1.0,0.0,1.0
temp_opt_r10,block_or_occupancy,temp_opt,temp_opt|v6|o7,6.0,1.0,0.0,1.0,0.0,1.0,0.0,1.0,0.0,1.0,0.0,1.0,0.0,1.0,0.0,1.0,1.0,1.0,1.0,1.0,1.0,1.0,1.0,1.0,1.0,1.0,1.0,1.0,1.0,1.0,1.0,1.0,1.0,1.0,1.0,1.0,1.0,1.0,1.0,1.0,1.0,1.0,0.0,1.0,0.0,1.0,0.0,1.0,0.0,1.0,0.0,1.0,0.0,1.0,0.0,1.0,1.0,1.0,1.0,1.0,1.0,1.0,1.0,1.0,1.0,1.0,1.0,1.0,1.0,1.0,1.0,1.0,1.0,1.0,1.0,1.0,1.0,1.0,1.0,1.0,1.0,1.0,0.0,1.0,0.0,1.0,0.0,1.0,0.0,1.0,0.0,1.0,0.0,1.0,0.0,1.0,1.0,1.0,1.0,1.0,1.0,1.0,1.0,1.0,1.0,1.0,1.0,1.0,1.0,1.0,1.0,1.0,1.0,1.0,1.0,1.0,1.0,1.0,1.0,1.0,1.0,1.0,0.0,1.0,0.0,1.0,0.0,1.0,0.0,1.0,0.0,1.0,0.0,1.0,0.0,1.0,1.0,1.0,1.0,1.0,1.0,1.0,1.0,1.0,1.0,1.0,1.0,1.0,1.0,1.0,1.0,1.0,1.0,1.0,1.0,1.0,1.0,1.0,1.0,1.0,1.0,0.0,0.0,0.0,0.0,0.0,0.0,0.0,0.0,0.0,0.0,0.0,1.0,0.0,1.0,0.0,1.0,0.0,1.0,0.0,1.0,0.0,1.0,0.0,1.0,0.0,1.0,0.0,1.0,0.0,1.0,0.0,1.0,0.0,1.0,0.0,1.0,0.0,1.0,0.0,1.0,0.0,0.0,0.0,0.0,0.0,0.0,0.0,0.0,0.0,0.0,0.0,1.0,0.0,1.0,0.0,1.0,0.0,1.0,0.0,1.0,0.0,1.0,0.0,1.0,0.0,1.0,0.0,1.0,0.0,1.0,0.0,1.0,0.0,1.0,0.0,1.0,0.0,1.0,0.0,1.0,0.0,0.0,0.0,0.0,0.0,0.0,0.0,0.0,0.0,0.0,0.0,1.0,0.0,1.0,0.0,1.0,0.0,1.0,0.0,1.0,0.0,1.0,0.0,1.0,0.0,1.0,0.0,1.0,0.0,1.0,0.0,1.0,0.0,1.0,0.0,1.0,0.0,1.0,0.0,1.0,0.0,0.0,0.0,0.0,0.0,0.0,0.0,0.0,0.0,0.0,0.0,1.0,0.0,1.0,0.0,1.0,0.0,1.0,0.0,1.0,0.0,1.0,0.0,1.0,0.0,1.0,0.0,1.0,0.0,1.0,0.0,1.0,0.0,1.0,0.0,1.0,0.0,1.0,0.0,1.0
temp_opt_r11,block_or_occupancy,temp_opt,temp_opt|v7|o8,7.0,1.0,0.0,1.0,0.0,1.0,0.0,1.0,0.0,1.0,0.0,1.0,0.0,1.0,0.0,1.0,1.0,1.0,1.0,1.0,1.0,1.0,1.0,1.0,1.0,1.0,1.0,1.0,1.0,1.0,1.0,1.0,1.0,1.0,1.0,1.0,1.0,1.0,1.0,1.0,1.0,1.0,0.0,1.0,0.0,1.0,0.0,1.0,0.0,1.0,0.0,1.0,0.0,1.0,0.0,1.0,1.0,1.0,1.0,1.0,1.0,1.0,1.0,1.0,1.0,1.0,1.0,1.0,1.0,1.0,1.0,1.0,1.0,1.0,1.0,0.982,1.0,0.959,1.0,0.9364,1.0,1.0,0.0,1.0,0.0,1.0,0.0,1.0,0.0,1.0,0.0,1.0,0.0,1.0,0.0,1.0,1.0,1.0,1.0,1.0,1.0,1.0,1.0,1.0,1.0,0.9838,1.0,0.9686,1.0,0.8916,1.0,0.8259,1.0,0.8004,1.0,0.8016,1.0,0.8062,1.0,0.8138,1.0,1.0,0.0,1.0,0.0,1.0,0.0,1.0,0.0,1.0,0.0,1.0,0.0,1.0,0.0,1.0,1.0,1.0,1.0,1.0,1.0,0.9818,1.0,0.8878,1.0,0.8102,1.0,0.7979,1.0,0.7994,1.0,0.8049,1.0,0.8136,1.0,0.8249,1.0,0.828,1.0,0.8182,1.0,0.0,0.0,0.0,0.0,0.0,0.0,0.0,0.0,0.0,0.0,0.0,1.0,0.0,1.0,0.0,1.0,0.0,1.0,0.0,1.0,0.0,1.0,0.0,1.0,0.0,1.0,0.0,1.0,0.0,1.0,0.0,1.0,0.0,1.0,0.0,1.0,0.0,1.0,0.0,1.0,0.0,0.0,0.0,0.0,0.0,0.0,0.0,0.0,0.0,0.0,0.0,1.0,0.0,1.0,0.0,1.0,0.0,1.0,0.0,1.0,0.0,1.0,0.0,1.0,0.0,1.0,0.0,1.0,0.0,1.0,0.0,1.0,0.0,1.0,0.0,1.0,0.0,1.0,0.0,1.0,0.0,0.0,0.0,0.0,0.0,0.0,0.0,0.0,0.0,0.0,0.0,1.0,0.0,1.0,0.0,1.0,0.0,1.0,0.0,1.0,0.0,1.0,0.0,1.0,0.0,1.0,0.0,1.0,0.0,1.0,0.0,1.0,0.0,1.0,0.0,1.0,0.0,1.0,0.0,1.0,0.0,0.0,0.0,0.0,0.0,0.0,0.0,0.0,0.0,0.0,0.0,1.0,0.0,1.0,0.0,1.0,0.0,1.0,0.0,1.0,0.0,1.0,0.0,1.0,0.0,1.0,0.0,1.0,0.0,1.0,0.0,1.0,0.0,1.0,0.0,1.0,0.0,1.0,0.0,1.0
temp_opt_r12,block_or_occupancy,temp_opt,temp_opt|v8|o7,8.0,1.0,0.0,1.0,0.0,1.0,0.0,1.0,0.0,1.0,0.0,1.0,0.0,1.0,0.0,0.9495,1.0,0.9251,1.0,0.9099,1.0,0.8995,1.0,0.8827,1.0,0.8582,1.0,0.8352,1.0,0.8167,1.0,0.8014,1.0,0.7887,1.0,0.7779,1.0,0.7687,1.0,0.7606,1.0,1.0,0.0,1.0,0.0,1.0,0.0,1.0,0.0,1.0,0.0,1.0,0.0,0.8407,0.0,0.7402,1.0,0.6723,1.0,0.6323,1.0,0.6048,1.0,0.5903,1.0,0.5848,1.0,0.5858,1.0,0.5917,1.0,0.6014,1.0,0.614,1.0,0.6291,1.0,0.646,1.0,0.6645,1.0,1.0,0.0,1.0,0.0,1.0,0.0,1.0,0.0,1.0,0.0,0.8634,0.0,0.717,0.0,0.6065,1.0,0.5549,1.0,0.5232,1.0,0.5049,1.0,0.4961,1.0,0.4942,1.0,0.4975,1.0,0.505,1.0,0.5156,1.0,0.5288,1.0,0.5441,1.0,0.5611,1.0,0.5796,1.0,1.0,0.0,1.0,0.0,1.0,0.0,1.0,0.0,0.9494,0.0,0.7622,0.0,0.6362,0.0,0.5449,0.929,0.5019,0.9379,0.4764,0.9448,0.462,0.9504,0.4558,0.9549,0.4557,0.9586,0.4603,0.9618,0.4685,0.9646,0.4798,0.9669,0.4934,0.969,0.5089,0.9708,0.5261,0.9725,0.5447,0.9739,0.0,0.0,0.0,0.0,0.0,0.0,0.0,0.0,0.0,0.0,0.0,1.0,0.0,1.0,0.0,1.0,0.0,1.0,0.0,1.0,0.0,1.0,0.0,1.0,0.0,1.0,0.0,1.0,0.0,1.0,0.0,1.0,0.0,1.0,0.0,1.0,0.0,1.0,0.0,1.0,0.0,0.0,0.0,0.0,0.0,0.0,0.0,0.0,0.0,0.0,0.0,1.0,0.0,1.0,0.0,1.0,0.0,1.0,0.0,1.0,0.0,1.0,0.0,1.0,0.0,1.0,0.0,1.0,0.0,1.0,0.0,1.0,0.0,1.0,0.0,1.0,0.0,1.0,0.0,1.0,0.0,0.0,0.0,0.0,0.0,0.0,0.0,0.0,0.0,0.0,0.0,1.0,0.0,1.0,0.0,1.0,0.0,1.0,0.0,1.0,0.0,1.0,0.0,1.0,0.0,1.0,0.0,1.0,0.0,1.0,0.0,1.0,0.0,1.0,0.0,1.0,0.0,1.0,0.0,1.0,0.0,0.0,0.0,0.0,0.0,0.0,0.0,0.0,0.0,0.0,0.0,1.0,0.0,1.0,0.0,1.0,0.0,1.0,0.0,1.0,0.0,1.0,0.0,1.0,0.0,1.0,0.0,1.0,0.0,1.0,0.0,1.0,0.0,1.0,0.0,1.0,0.0,1.0,0.0,1.0
temp_opt_r2,block_or_occupancy,temp_opt,temp_opt|v6|o7,6.0,1.0,0.0,1.0,0.0,1.0,0.0,1.0,0.0,1.0,0.0,1.0,0.0,1.0,0.0,1.0,1.0,1.0,1.0,1.0,1.0,1.0,1.0,1.0,1.0,1.0,1.0,1.0,1.0,1.0,1.0,1.0,1.0,1.0,1.0,1.0,1.0,1.0,1.0,1.0,1.0,1.0,0.0,1.0,0.0,1.0,0.0,1.0,0.0,1.0,0.0,1.0,0.0,1.0,0.0,1.0,1.0,1.0,1.0,1.0,1.0,1.0,1.0,1.0,1.0,1.0,1.0,1.0,1.0,1.0,1.0,0.9762,1.0,0.9488,1.0,0.9217,1.0,0.9028,1.0,0.8884,1.0,1.0,0.0,1.0,0.0,1.0,0.0,1.0,0.0,1.0,0.0,1.0,0.0,1.0,0.0,1.0,1.0,1.0,1.0,1.0,1.0,0.9663,1.0,0.9299,1.0,0.902,1.0,0.8783,1.0,0.8578,1.0,0.842,1.0,0.8278,1.0,0.8156,1.0,0.8049,1.0,0.7954,1.0,1.0,0.0,1.0,0.0,1.0,0.0,1.0,0.0,1.0,0.0,1.0,0.0,1.0,0.0,0.9618,1.0,0.9156,1.0,0.8811,1.0,0.8545,1.0,0.8333,1.0,0.8161,1.0,0.8017,1.0,0.7896,1.0,0.7792,1.0,0.7703,1.0,0.7625,1.0,0.7556,1.0,0.7494,1.0,0.0,0.0,0.0,0.0,0.0,0.0,0.0,0.0,0.0,0.0,0.0,1.0,0.0,1.0,0.0,1.0,0.0,1.0,0.0,1.0,0.0,1.0,0.0,1.0,0.0,1.0,0.0,1.0,0.0,1.0,0.0,1.0,0.0,1.0,0.0,1.0,0.0,1.0,0.0,1.0,0.0,0.0,0.0,0.0,0.0,0.0,0.0,0.0,0.0,0.0,0.0,1.0,0.0,1.0,0.0,1.0,0.0,1.0,0.0,1.0,0.0,1.0,0.0,1.0,0.0,1.0,0.0,1.0,0.0,1.0,0.0,1.0,0.0,1.0,0.0,1.0,0.0,1.0,0.0,1.0,0.0,0.0,0.0,0.0,0.0,0.0,0.0,0.0,0.0,0.0,0.0,1.0,0.0,1.0,0.0,1.0,0.0,1.0,0.0,1.0,0.0,1.0,0.0,1.0,0.0,1.0,0.0,1.0,0.0,1.0,0.0,1.0,0.0,1.0,0.0,1.0,0.0,1.0,0.0,1.0,0.0,0.0,0.0,0.0,0.0,0.0,0.0,0.0,0.0,0.0,0.0,1.0,0.0,1.0,0.0,1.0,0.0,1.0,0.0,1.0,0.0,1.0,0.0,1.0,0.0,1.0,0.0,1.0,0.0,1.0,0.0,1.0,0.0,1.0,0.0,1.0,0.0,1.0,0.0,1.0
temp_opt_r3,block_or_occupancy,temp_opt,temp_opt|v6|o8,6.0,1.0,0.0,1.0,0.0,1.0,0.0,1.0,0.0,1.0,0.0,1.0,0.0,1.0,0.0,1.0,1.0,1.0,1.0,1.0,1.0,1.0,1.0,1.0,1.0,1.0,1.0,0.9898,1.0,0.9576,1.0,0.9247,1.0,0.8944,1.0,0.8724,1.0,0.8542,1.0,0.8381,1.0,1.0,0.0,1.0,0.0,1.0,0.0,1.0,0.0,1.0,0.0,1.0,0.0,1.0,0.0,1.0,1.0,1.0,1.0,1.0,1.0,1.0,1.0,0.9743,1.0,0.8579,1.0,0.7629,1.0,0.7281,1.0,0.7143,1.0,0.7078,1.0,0.707,1.0,0.7106,1.0,0.7157,1.0,1.0,0.0,1.0,0.0,1.0,0.0,1.0,0.0,1.0,0.0,1.0,0.0,1.0,0.0,1.0,1.0,1.0,1.0,1.0,1.0,0.882,1.0,0.7816,1.0,0.7018,1.0,0.6386,1.0,0.6084,1.0,0.5885,1.0,0.5758,1.0,0.569,1.0,0.5669,1.0,0.5686,1.0,1.0,0.0,1.0,0.0,1.0,0.0,1.0,0.0,1.0,0.0,1.0,0.0,1.0,0.0,1.0,1.0,1.0,1.0,0.8798,1.0,0.7801,1.0,0.7006,1.0,0.6359,1.0,0.5829,1.0,0.5587,1.0,0.5424,1.0,0.5324,1.0,0.5275,1.0,0.5267,1.0,0.5295,1.0,0.0,0.0,0.0,0.0,0.0,0.0,0.0,0.0,0.0,0.0,0.0,1.0,0.0,1.0,0.0,1.0,0.0,1.0,0.0,1.0,0.0,1.0,0.0,1.0,0.0,1.0,0.0,1.0,0.0,1.0,0.0,1.0,0.0,1.0,0.0,1.0,0.0,1.0,0.0,1.0,0.0,0.0,0.0,0.0,0.0,0.0,0.0,0.0,0.0,0.0,0.0,1.0,0.0,1.0,0.0,1.0,0.0,1.0,0.0,1.0,0.0,1.0,0.0,1.0,0.0,1.0,0.0,1.0,0.0,1.0,0.0,1.0,0.0,1.0,0.0,1.0,0.0,1.0,0.0,1.0,0.0,0.0,0.0,0.0,0.0,0.0,0.0,0.0,0.0,0.0,0.0,1.0,0.0,1.0,0.0,1.0,0.0,1.0,0.0,1.0,0.0,1.0,0.0,1.0,0.0,1.0,0.0,1.0,0.0,1.0,0.0,1.0,0.0,1.0,0.0,1.0,0.0,1.0,0.0,1.0,0.0,0.0,0.0,0.0,0.0,0.0,0.0,0.0,0.0,0.0,0.0,1.0,0.0,1.0,0.0,1.0,0.0,1.0,0.0,1.0,0.0,1.0,0.0,1.0,0.0,1.0,0.0,1.0,0.0,1.0,0.0,1.0,0.0,1.0,0.0,1.0,0.0,1.0,0.0,1.0
temp_opt_r4,block_or_occupancy,temp_opt,temp_opt|v7|o6,7.0,1.0,0.0,1.0,0.0,1.0,0.0,1.0,0.0,1.0,0.0,1.0,0.0,1.0,0.0,1.0,1.0,1.0,1.0,1.0,1.0,1.0,1.0,1.0,1.0,1.0,1.0,1.0,1.0,1.0,1.0,1.0,1.0,1.0,1.0,1.0,1.0,1.0,1.0,0.99,1.0,1.0,0.0,1.0,0.0,1.0,0.0,1.0,0.0,1.0,0.0,1.0,0.0,1.0,0.0,1.0,1.0,1.0,1.0,1.0,1.0,1.0,1.0,1.0,1.0,0.9698,1.0,0.9386,1.0,0.914,1.0,0.8993,1.0,0.8916,1.0,0.8899,1.0,0.859,1.0,0.8489,1.0,1.0,0.0,1.0,0.0,1.0,0.0,1.0,0.0,1.0,0.0,0.9714,0.0,0.9358,0.0,0.9245,1.0,0.8925,1.0,0.868,1.0,0.8539,1.0,0.8502,1.0,0.8214,1.0,0.8124,1.0,0.8096,1.0,0.8118,1.0,0.7845,1.0,0.7776,1.0,0.7751,1.0,0.7764,1.0,1.0,0.0,1.0,0.0,1.0,0.0,1.0,0.0,1.0,0.0,0.8401,0.0,0.7922,0.0,0.7649,1.0,0.7531,1.0,0.7512,1.0,0.7561,1.0,0.766,1.0,0.7679,1.0,0.7573,1.0,0.7566,1.0,0.7608,1.0,0.7567,1.0,0.7604,1.0,0.7539,1.0,0.7547,1.0,0.0,0.0,0.0,0.0,0.0,0.0,0.0,0.0,0.0,0.0,0.0,1.0,0.0,1.0,0.0,1.0,0.0,1.0,0.0,1.0,0.0,1.0,0.0,1.0,0.0,1.0,0.0,1.0,0.0,1.0,0.0,1.0,0.0,1.0,0.0,1.0,0.0,1.0,0.0,1.0,0.0,0.0,0.0,0.0,0.0,0.0,0.0,0.0,0.0,0.0,0.0,1.0,0.0,1.0,0.0,1.0,0.0,1.0,0.0,1.0,0.0,1.0,0.0,1.0,0.0,1.0,0.0,1.0,0.0,1.0,0.0,1.0,0.0,1.0,0.0,1.0,0.0,1.0,0.0,1.0,0.0,0.0,0.0,0.0,0.0,0.0,0.0,0.0,0.0,0.0,0.0,1.0,0.0,1.0,0.0,1.0,0.0,1.0,0.0,1.0,0.0,1.0,0.0,1.0,0.0,1.0,0.0,1.0,0.0,1.0,0.0,1.0,0.0,1.0,0.0,1.0,0.0,1.0,0.0,1.0,0.0,0.0,0.0,0.0,0.0,0.0,0.0,0.0,0.0,0.0,0.0,1.0,0.0,1.0,0.0,1.0,0.0,1.0,0.0,1.0,0.0,1.0,0.0,1.0,0.0,1.0,0.0,1.0,0.0,1.0,0.0,1.0,0.0,1.0,0.0,1.0,0.0,1.0,0.0,1.0
temp_opt_r5,block_or_occupancy,temp_opt,temp_opt|v7|o7,7.0,1.0,0.0,1.0,0.0,1.0,0.0,1.0,0.0,1.0,0.0,1.0,0.0,1.0,0.0,1.0,1.0,1.0,1.0,1.0,1.0,1.0,1.0,1.0,1.0,1.0,1.0,0.9862,1.0,0.9477,1.0,0.9168,1.0,0.897,1.0,0.8855,1.0,0.8803,1.0,0.8759,1.0,1.0,0.0,1.0,0.0,1.0,0.0,1.0,0.0,1.0,0.0,1.0,0.0,1.0,0.0,1.0,1.0,0.9598,1.0,0.8257,1.0,0.7725,1.0,0.7374,1.0,0.7151,1.0,0.7042,1.0,0.7054,1.0,0.7114,1.0,0.7211,1.0,0.7338,1.0,0.7488,1.0,0.7645,1.0,1.0,0.0,1.0,0.0,1.0,0.0,1.0,0.0,1.0,0.0,1.0,0.0,1.0,0.0,0.9029,1.0,0.7711,1.0,0.6693,1.0,0.6525,1.0,0.6466,1.0,0.6476,1.0,0.6536,1.0,0.6635,1.0,0.6763,1.0,0.6916,1.0,0.6991,1.0,0.6941,1.0,0.692,1.0,1.0,0.0,1.0,0.0,1.0,0.0,1.0,0.0,1.0,0.0,1.0,0.0,0.9258,0.0,0.7821,1.0,0.6811,1.0,0.6005,1.0,0.5476,1.0,0.5174,1.0,0.4978,1.0,0.4862,1.0,0.4808,1.0,0.4804,1.0,0.484,1.0,0.4908,1.0,0.5003,1.0,0.512,1.0,0.0,0.0,0.0,0.0,0.0,0.0,0.0,0.0,0.0,0.0,0.0,1.0,0.0,1.0,0.0,1.0,0.0,1.0,0.0,1.0,0.0,1.0,0.0,1.0,0.0,1.0,0.0,1.0,0.0,1.0,0.0,1.0,0.0,1.0,0.0,1.0,0.0,1.0,0.0,1.0,0.0,0.0,0.0,0.0,0.0,0.0,0.0,0.0,0.0,0.0,0.0,1.0,0.0,1.0,0.0,1.0,0.0,1.0,0.0,1.0,0.0,1.0,0.0,1.0,0.0,1.0,0.0,1.0,0.0,1.0,0.0,1.0,0.0,1.0,0.0,1.0,0.0,1.0,0.0,1.0,0.0,0.0,0.0,0.0,0.0,0.0,0.0,0.0,0.0,0.0,0.0,1.0,0.0,1.0,0.0,1.0,0.0,1.0,0.0,1.0,0.0,1.0,0.0,1.0,0.0,1.0,0.0,1.0,0.0,1.0,0.0,1.0,0.0,1.0,0.0,1.0,0.0,1.0,0.0,1.0,0.0,0.0,0.0,0.0,0.0,0.0,0.0,0.0,0.0,0.0,0.0,1.0,0.0,1.0,0.0,1.0,0.0,1.0,0.0,1.0,0.0,1.0,0.0,1.0,0.0,1.0,0.0,1.0,0.0,1.0,0.0,1.0,0.0,1.0,0.0,1.0,0.0,1.0,0.0,1.0
temp_opt_r6,block_or_occupancy,temp_opt,temp_opt|v7|o8,7.0,1.0,0.0,1.0,0.0,1.0,0.0,1.0,0.0,1.0,0.0,1.0,0.0,1.0,0.0,1.0,1.0,1.0,1.0,1.0,1.0,1.0,1.0,0.9645,1.0,0.9406,1.0,0.9225,1.0,0.9088,1.0,0.9038,1.0,0.9052,1.0,0.9114,1.0,0.9181,1.0,0.9225,1.0,1.0,0.0,1.0,0.0,1.0,0.0,1.0,0.0,1.0,0.0,1.0,0.0,1.0,0.0,1.0,1.0,1.0,1.0,0.9819,1.0,0.8541,1.0,0.7513,1.0,0.7184,1.0,0.7032,1.0,0.699,1.0,0.7005,1.0,0.7064,1.0,0.7158,1.0,0.728,1.0,0.7424,1.0,1.0,0.0,1.0,0.0,1.0,0.0,1.0,0.0,1.0,0.0,1.0,0.0,1.0,0.0,1.0,1.0,0.8955,1.0,0.7827,1.0,0.702,1.0,0.6287,1.0,0.5798,1.0,0.5445,1.0,0.5221,1.0,0.5156,1.0,0.5142,1.0,0.5169,1.0,0.5229,1.0,0.5316,1.0,1.0,0.0,1.0,0.0,1.0,0.0,1.0,0.0,1.0,0.0,1.0,0.0,1.0,0.0,0.9342,1.0,0.8087,1.0,0.7141,1.0,0.6396,1.0,0.5783,1.0,0.5357,1.0,0.5049,1.0,0.4831,1.0,0.4685,1.0,0.4598,1.0,0.4558,1.0,0.4557,1.0,0.4589,1.0,0.0,0.0,0.0,0.0,0.0,0.0,0.0,0.0,0.0,0.0,0.0,1.0,0.0,1.0,0.0,1.0,0.0,1.0,0.0,1.0,0.0,1.0,0.0,1.0,0.0,1.0,0.0,1.0,0.0,1.0,0.0,1.0,0.0,1.0,0.0,1.0,0.0,1.0,0.0,1.0,0.0,0.0,0.0,0.0,0.0,0.0,0.0,0.0,0.0,0.0,0.0,1.0,0.0,1.0,0.0,1.0,0.0,1.0,0.0,1.0,0.0,1.0,0.0,1.0,0.0,1.0,0.0,1.0,0.0,1.0,0.0,1.0,0.0,1.0,0.0,1.0,0.0,1.0,0.0,1.0,0.0,0.0,0.0,0.0,0.0,0.0,0.0,0.0,0.0,0.0,0.0,1.0,0.0,1.0,0.0,1.0,0.0,1.0,0.0,1.0,0.0,1.0,0.0,1.0,0.0,1.0,0.0,1.0,0.0,1.0,0.0,1.0,0.0,1.0,0.0,1.0,0.0,1.0,0.0,1.0,0.0,0.0,0.0,0.0,0.0,0.0,0.0,0.0,0.0,0.0,0.0,1.0,0.0,1.0,0.0,1.0,0.0,1.0,0.0,1.0,0.0,1.0,0.0,1.0,0.0,1.0,0.0,1.0,0.0,1.0,0.0,1.0,0.0,1.0,0.0,1.0,0.0,1.0,0.0,1.0
temp_opt_r7,block_or_occupancy,temp_opt,temp_opt|v8|o6,8.0,1.0,0.0,1.0,0.0,1.0,0.0,1.0,0.0,1.0,0.0,1.0,0.0,1.0,0.0,1.0,1.0,1.0,1.0,1.0,1.0,1.0,1.0,1.0,1.0,1.0,1.0,1.0,1.0,1.0,1.0,0.9883,1.0,0.9735,1.0,0.9487,1.0,0.9288,1.0,0.9162,1.0,1.0,0.0,1.0,0.0,1.0,0.0,1.0,0.0,1.0,0.0,1.0,0.0,1.0,0.0,1.0,1.0,1.0,1.0,0.9651,1.0,0.9441,1.0,0.912,1.0,0.8975,1.0,0.8773,1.0,0.8622,1.0,0.8541,1.0,0.8516,1.0,0.8372,1.0,0.8309,1.0,0.8248,1.0,1.0,0.0,1.0,0.0,1.0,0.0,1.0,0.0,0.8991,0.0,0.8704,0.0,0.8547,0.0,0.8371,0.8758,0.8289,0.879,0.8117,0.8888,0.8113,0.9008,0.7953,0.9104,0.7857,0.9184,0.7842,0.925,0.786,0.9307,0.7762,0.9356,0.7756,0.9398,0.7702,0.9435,0.7724,0.9468,0.7655,0.9497,1.0,0.0,1.0,0.0,1.0,0.0,1.0,0.0,0.7899,0.0,0.7317,0.0,0.709,0.0,0.7014,0.6348,0.7034,0.6096,0.7117,0.5968,0.7244,0.5927,0.7403,0.5948,0.7494,0.6017,0.7259,0.6121,0.7252,0.7932,0.7287,0.807,0.7356,0.8191,0.7381,0.8298,0.742,0.8392,0.737,0.8477,0.0,0.0,0.0,0.0,0.0,0.0,0.0,0.0,0.0,0.0,0.0,1.0,0.0,1.0,0.0,1.0,0.0,1.0,0.0,1.0,0.0,1.0,0.0,1.0,0.0,1.0,0.0,1.0,0.0,1.0,0.0,1.0,0.0,1.0,0.0,1.0,0.0,1.0,0.0,1.0,0.0,0.0,0.0,0.0,0.0,0.0,0.0,0.0,0.0,0.0,0.0,1.0,0.0,1.0,0.0,1.0,0.0,1.0,0.0,1.0,0.0,1.0,0.0,1.0,0.0,1.0,0.0,1.0,0.0,1.0,0.0,1.0,0.0,1.0,0.0,1.0,0.0,1.0,0.0,1.0,0.0,0.0,0.0,0.0,0.0,0.0,0.0,0.0,0.0,0.0,0.0,1.0,0.0,1.0,0.0,1.0,0.0,1.0,0.0,1.0,0.0,1.0,0.0,1.0,0.0,1.0,0.0,1.0,0.0,1.0,0.0,1.0,0.0,1.0,0.0,1.0,0.0,1.0,0.0,1.0,0.0,0.0,0.0,0.0,0.0,0.0,0.0,0.0,0.0,0.0,0.0,1.0,0.0,1.0,0.0,1.0,0.0,1.0,0.0,1.0,0.0,1.0,0.0,1.0,0.0,1.0,0.0,1.0,0.0,1.0,0.0,1.0,0.0,1.0,0.0,1.0,0.0,1.0,0.0,1.0
temp_opt_r8,block_or_occupancy,temp_opt,temp_opt|v8|o7,8.0,1.0,0.0,1.0,0.0,1.0,0.0,1.0,0.0,1.0,0.0,1.0,0.0,1.0,0.0,1.0,1.0,0.8544,1.0,0.75,1.0,0.689,1.0,0.6466,1.0,0.6165,1.0,0.5967,1.0,0.5867,1.0,0.5839,1.0,0.5866,1.0,0.5934,1.0,0.6036,1.0,0.6164,1.0,1.0,0.0,1.0,0.0,1.0,0.0,1.0,0.0,1.0,0.0,1.0,0.0,0.9532,0.0,0.8031,1.0,0.6857,1.0,0.593,1.0,0.5527,1.0,0.5282,1.0,0.5147,1.0,0.5092,1.0,0.5097,1.0,0.5148,1.0,0.5235,1.0,0.5351,1.0,0.5491,1.0,0.565,1.0,1.0,0.0,1.0,0.0,1.0,0.0,1.0,0.0,1.0,0.0,0.9444,0.0,0.7801,0.0,0.6581,1.0,0.5675,1.0,0.4988,1.0,0.4613,1.0,0.437,1.0,0.4224,1.0,0.4152,1.0,0.4136,1.0,0.4164,1.0,0.4229,1.0,0.4323,1.0,0.4441,1.0,0.458,1.0,1.0,0.0,1.0,0.0,1.0,0.0,1.0,0.0,1.0,0.0,0.8293,0.0,0.6904,0.0,0.5913,1.0,0.5171,1.0,0.4595,1.0,0.4205,1.0,0.3941,1.0,0.3781,1.0,0.3699,1.0,0.3673,1.0,0.3691,1.0,0.3744,1.0,0.3827,1.0,0.3935,1.0,0.4063,1.0,0.0,0.0,0.0,0.0,0.0,0.0,0.0,0.0,0.0,0.0,0.0,1.0,0.0,1.0,0.0,1.0,0.0,1.0,0.0,1.0,0.0,1.0,0.0,1.0,0.0,1.0,0.0,1.0,0.0,1.0,0.0,1.0,0.0,1.0,0.0,1.0,0.0,1.0,0.0,1.0,0.0,0.0,0.0,0.0,0.0,0.0,0.0,0.0,0.0,0.0,0.0,1.0,0.0,1.0,0.0,1.0,0.0,1.0,0.0,1.0,0.0,1.0,0.0,1.0,0.0,1.0,0.0,1.0,0.0,1.0,0.0,1.0,0.0,1.0,0.0,1.0,0.0,1.0,0.0,1.0,0.0,0.0,0.0,0.0,0.0,0.0,0.0,0.0,0.0,0.0,0.0,1.0,0.0,1.0,0.0,1.0,0.0,1.0,0.0,1.0,0.0,1.0,0.0,1.0,0.0,1.0,0.0,1.0,0.0,1.0,0.0,1.0,0.0,1.0,0.0,1.0,0.0,1.0,0.0,1.0,0.0,0.0,0.0,0.0,0.0,0.0,0.0,0.0,0.0,0.0,0.0,1.0,0.0,1.0,0.0,1.0,0.0,1.0,0.0,1.0,0.0,1.0,0.0,1.0,0.0,1.0,0.0,1.0,0.0,1.0,0.0,1.0,0.0,1.0,0.0,1.0,0.0,1.0,0.0,1.0
temp_opt_r9,block_or_occupancy,temp_opt,temp_opt|v8|o8,8.0,1.0,0.0,1.0,0.0,1.0,0.0,1.0,0.0,1.0,0.0,1.0,0.0,1.0,0.0,1.0,1.0,1.0,1.0,0.9265,1.0,0.8038,1.0,0.7039,1.0,0.6215,1.0,0.5538,1.0,0.5064,1.0,0.4747,1.0,0.4532,1.0,0.4395,1.0,0.432,1.0,0.4295,1.0,1.0,0.0,1.0,0.0,1.0,0.0,1.0,0.0,1.0,0.0,1.0,0.0,1.0,0.0,0.9862,1.0,0.842,1.0,0.7282,1.0,0.6391,1.0,0.5677,1.0,0.5117,1.0,0.4649,1.0,0.4286,1.0,0.4025,1.0,0.3845,1.0,0.373,1.0,0.3667,1.0,0.3647,1.0,1.0,0.0,1.0,0.0,1.0,0.0,1.0,0.0,1.0,0.0,1.0,0.0,0.9618,0.0,0.8113,1.0,0.701,1.0,0.6161,1.0,0.5496,1.0,0.4961,1.0,0.452,1.0,0.4152,1.0,0.3861,1.0,0.3654,1.0,0.3514,1.0,0.3429,1.0,0.3388,1.0,0.3385,1.0,1.0,0.0,1.0,0.0,1.0,0.0,1.0,0.0,1.0,0.0,1.0,0.0,0.8528,0.0,0.7304,1.0,0.6388,1.0,0.5676,1.0,0.5106,1.0,0.4641,1.0,0.4253,1.0,0.3925,1.0,0.3666,1.0,0.3482,1.0,0.3359,1.0,0.3286,1.0,0.3255,1.0,0.3259,1.0,0.0,0.0,0.0,0.0,0.0,0.0,0.0,0.0,0.0,0.0,0.0,1.0,0.0,1.0,0.0,1.0,0.0,1.0,0.0,1.0,0.0,1.0,0.0,1.0,0.0,1.0,0.0,1.0,0.0,1.0,0.0,1.0,0.0,1.0,0.0,1.0,0.0,1.0,0.0,1.0,0.0,0.0,0.0,0.0,0.0,0.0,0.0,0.0,0.0,0.0,0.0,1.0,0.0,1.0,0.0,1.0,0.0,1.0,0.0,1.0,0.0,1.0,0.0,1.0,0.0,1.0,0.0,1.0,0.0,1.0,0.0,1.0,0.0,1.0,0.0,1.0,0.0,1.0,0.0,1.0,0.0,0.0,0.0,0.0,0.0,0.0,0.0,0.0,0.0,0.0,0.0,1.0,0.0,1.0,0.0,1.0,0.0,1.0,0.0,1.0,0.0,1.0,0.0,1.0,0.0,1.0,0.0,1.0,0.0,1.0,0.0,1.0,0.0,1.0,0.0,1.0,0.0,1.0,0.0,1.0,0.0,0.0,0.0,0.0,0.0,0.0,0.0,0.0,0.0,0.0,0.0,1.0,0.0,1.0,0.0,1.0,0.0,1.0,0.0,1.0,0.0,1.0,0.0,1.0,0.0,1.0,0.0,1.0,0.0,1.0,0.0,1.0,0.0,1.0,0.0,1.0,0.0,1.0,0.0,1.0
